id,group,quality_bucket,question,answer_preview,mode,route,score,passed,wall_sec,llm_call_count,llm_kinds,errors,warnings
MB-0247-GC-001,game_controls,psu_fact,Animal Crossing: New Horizons ปุ่มทั้งหมดมีอะไรบ้าง,Animal Crossing: New Horizons มีข้อมูลปุ่มควบคุมดังนี้: Nintendo Switch • L (Left Stick): เคลื่อนที่ - บังคับทิศทางการเดินของตัวละคร • R (Right Stick): มุมกล้อง - ปรับมุมมองกล้อง ขึ้นหรือลง • A: โต้ตอบ / ใช้ไอเทม / ย้ายเฟอร์นิเจอร์ (กดค้าง) - โต้ตอบกับสิ่งแวดล้อม คุยกับ NPC ใช้ไอเทม และกดค้างเพื่อย้ายเฟอร์นิเจอร์ • B: ยกเลิก - ยกเลิกคำสั่งหรือออกจากเมนู • X: กระเป๋าช่องเก็บของ - เปิดหน้าต่างช่องเก็บของที่พกติดตัว • Y: หยิบไอเทม - หยิบไอเทมที่อยู่บนพื้น • D-Pad Up: วงล้อเครื่องมือ - เปิดเมนูวงล้อเพื่อเลือกหยิบเครื่องมืออย่างรวดเร็ว • D-Pad Left / Right: สลับเครื่องมือ - สลับไปถือเครื่องมือชิ้นอื่นในกระเป๋าซ้ายหรือขวา • D-Pad Down: เก็บเครื่องมือ - เก็บเครื่องมือในมือลงกระเป๋าทันที • ZL: สมาร์,pipeline:structured_game_controls,games/game_control_lookup,100.0,True,1.2687,0,,,
MB-0248-GC-002,game_controls,psu_fact,Animal Crossing: New Horizons ใช้จอยยังไง,Animal Crossing: New Horizons มีข้อมูลปุ่มควบคุมดังนี้: Nintendo Switch • L (Left Stick): เคลื่อนที่ - บังคับทิศทางการเดินของตัวละคร • R (Right Stick): มุมกล้อง - ปรับมุมมองกล้อง ขึ้นหรือลง • A: โต้ตอบ / ใช้ไอเทม / ย้ายเฟอร์นิเจอร์ (กดค้าง) - โต้ตอบกับสิ่งแวดล้อม คุยกับ NPC ใช้ไอเทม และกดค้างเพื่อย้ายเฟอร์นิเจอร์ • B: ยกเลิก - ยกเลิกคำสั่งหรือออกจากเมนู • X: กระเป๋าช่องเก็บของ - เปิดหน้าต่างช่องเก็บของที่พกติดตัว • Y: หยิบไอเทม - หยิบไอเทมที่อยู่บนพื้น • D-Pad Up: วงล้อเครื่องมือ - เปิดเมนูวงล้อเพื่อเลือกหยิบเครื่องมืออย่างรวดเร็ว • D-Pad Left / Right: สลับเครื่องมือ - สลับไปถือเครื่องมือชิ้นอื่นในกระเป๋าซ้ายหรือขวา • D-Pad Down: เก็บเครื่องมือ - เก็บเครื่องมือในมือลงกระเป๋าทันที • ZL: สมาร์,pipeline:structured_game_controls,games/game_control_lookup,100.0,True,0.3987,0,,,
MB-0249-GC-003,game_controls,psu_fact,Animal Crossing: New Horizons ปุ่มเคลื่อนที่กดอะไร,Animal Crossing: New Horizons ปุ่มที่ตรงกับคำถาม: Nintendo Switch • L (Left Stick): เคลื่อนที่ - บังคับทิศทางการเดินของตัวละคร แหล่งข้อมูล: https://gameinputdatabase.com/game/66,pipeline:structured_game_controls,games/game_control_lookup,100.0,True,0.5045,0,,,
MB-0250-GC-004,game_controls,psu_fact,Animal Crossing: New Horizons ปุ่มมุมกล้องกดอะไร,Animal Crossing: New Horizons ปุ่มที่ตรงกับคำถาม: Nintendo Switch • R (Right Stick): มุมกล้อง - ปรับมุมมองกล้อง ขึ้นหรือลง แหล่งข้อมูล: https://gameinputdatabase.com/game/66,pipeline:structured_game_controls,games/game_control_lookup,100.0,True,0.4207,0,,,
MB-0251-GC-005,game_controls,psu_fact,Beat Saber ปุ่มทั้งหมดมีอะไรบ้าง,Beat Saber มีข้อมูลปุ่มควบคุมดังนี้: PlayStation VR2 / PS5 • Left PS VR2 Sense controller motion: ฟันบล็อกด้วยดาบมือซ้าย - ใช้การขยับคอนโทรลเลอร์ฝั่งซ้ายเพื่อฟันบล็อกตามจังหวะเพลง โดยอิงจากหลักการเล่น Beat Saber ที่ให้ผู้เล่นฟัน beat ใน VR • Right PS VR2 Sense controller motion: ฟันบล็อกด้วยดาบมือขวา - ใช้การขยับคอนโทรลเลอร์ฝั่งขวาเพื่อฟันบล็อกตามจังหวะเพลง โดยอิงจากหลักการเล่น Beat Saber ที่ให้ผู้เล่นฟัน beat ใน VR • Head/body movement: หลบและจัดตำแหน่งร่างกาย - เป็นข้อมูลวิธีเล่นระดับภาพรวมจากแหล่งทางการ ไม่ใช่ผังคีย์ละเอียดรายปุ่ม แหล่งข้อมูล: https://www.playstation.com/en-us/games/beat-saber/,pipeline:structured_game_controls,games/game_control_lookup,100.0,True,0.3601,0,,,
MB-0252-GC-006,game_controls,psu_fact,Beat Saber ใช้จอยยังไง,Beat Saber มีข้อมูลปุ่มควบคุมดังนี้: PlayStation VR2 / PS5 • Left PS VR2 Sense controller motion: ฟันบล็อกด้วยดาบมือซ้าย - ใช้การขยับคอนโทรลเลอร์ฝั่งซ้ายเพื่อฟันบล็อกตามจังหวะเพลง โดยอิงจากหลักการเล่น Beat Saber ที่ให้ผู้เล่นฟัน beat ใน VR • Right PS VR2 Sense controller motion: ฟันบล็อกด้วยดาบมือขวา - ใช้การขยับคอนโทรลเลอร์ฝั่งขวาเพื่อฟันบล็อกตามจังหวะเพลง โดยอิงจากหลักการเล่น Beat Saber ที่ให้ผู้เล่นฟัน beat ใน VR • Head/body movement: หลบและจัดตำแหน่งร่างกาย - เป็นข้อมูลวิธีเล่นระดับภาพรวมจากแหล่งทางการ ไม่ใช่ผังคีย์ละเอียดรายปุ่ม แหล่งข้อมูล: https://www.playstation.com/en-us/games/beat-saber/,pipeline:structured_game_controls,games/game_control_lookup,100.0,True,0.2806,0,,,
MB-0253-GC-007,game_controls,psu_fact,Beat Saber ปุ่มฟันบล็อกด้วยดาบมือซ้ายกดอะไร,Beat Saber ปุ่มที่ตรงกับคำถาม: PlayStation VR2 / PS5 • Left PS VR2 Sense controller motion: ฟันบล็อกด้วยดาบมือซ้าย - ใช้การขยับคอนโทรลเลอร์ฝั่งซ้ายเพื่อฟันบล็อกตามจังหวะเพลง โดยอิงจากหลักการเล่น Beat Saber ที่ให้ผู้เล่นฟัน beat ใน VR • Right PS VR2 Sense controller motion: ฟันบล็อกด้วยดาบมือขวา - ใช้การขยับคอนโทรลเลอร์ฝั่งขวาเพื่อฟันบล็อกตามจังหวะเพลง โดยอิงจากหลักการเล่น Beat Saber ที่ให้ผู้เล่นฟัน beat ใน VR แหล่งข้อมูล: https://www.playstation.com/en-us/games/beat-saber/,pipeline:structured_game_controls,games/game_control_lookup,100.0,True,0.4609,0,,,
MB-0254-GC-008,game_controls,psu_fact,Beat Saber ปุ่มฟันบล็อกด้วยดาบมือขวากดอะไร,Beat Saber ปุ่มที่ตรงกับคำถาม: PlayStation VR2 / PS5 • Left PS VR2 Sense controller motion: ฟันบล็อกด้วยดาบมือซ้าย - ใช้การขยับคอนโทรลเลอร์ฝั่งซ้ายเพื่อฟันบล็อกตามจังหวะเพลง โดยอิงจากหลักการเล่น Beat Saber ที่ให้ผู้เล่นฟัน beat ใน VR • Right PS VR2 Sense controller motion: ฟันบล็อกด้วยดาบมือขวา - ใช้การขยับคอนโทรลเลอร์ฝั่งขวาเพื่อฟันบล็อกตามจังหวะเพลง โดยอิงจากหลักการเล่น Beat Saber ที่ให้ผู้เล่นฟัน beat ใน VR แหล่งข้อมูล: https://www.playstation.com/en-us/games/beat-saber/,pipeline:structured_game_controls,games/game_control_lookup,100.0,True,0.4998,0,,,
MB-0255-GC-009,game_controls,psu_fact,Call of Duty: Modern Warfare III ปุ่มทั้งหมดมีอะไรบ้าง,Call of Duty: Modern Warfare III มีข้อมูลปุ่มควบคุมดังนี้: PlayStation / PS5 • L1: กระโดด / ปีนป่าย - กระโดดข้ามสิ่งกีดขวาง (จุดเด่นของ Bumper Jumper) • R3: เปลี่ยนท่า / สไลด์ / พุ่งหลบ - กดหรือกดค้างขณะวิ่งเพื่อสไลด์หรือพุ่ง (จุดเด่นของ Tactical) • Cross: ใช้อุปกรณ์ยุทธวิธี - ปาระเบิดแฟลชหรือสตัน • Circle: โจมตีประชิด - ใช้มีดฟันหรือพานท้ายปืนทุบศัตรู • L2: เล็งผ่านศูนย์เล็ง - กดค้างเพื่อยกปืนเล็ง • R2: ยิงอาวุธ - กดยิงปืน • R1: ใช้อุปกรณ์ทำลายล้าง - ขว้างระเบิดมือ ระเบิดเพลิง หรือมีดขว้าง • Square: โต้ตอบ / รีโหลด - เปลี่ยนกระสุนปืนหรือเก็บไอเทม • Triangle: สลับอาวุธ - สลับปืนหลักและปืนรอง • L3: วิ่ง / กลั้นหายใจ - กดเพื่อวิ่งเร็วขึ้น หรือกลั้นหายใจนิ่ง ๆ ตอนเล็งสไนเปอร์ แหล่งข้อมูล: https,pipeline:structured_game_controls,games/game_control_lookup,100.0,True,0.4927,0,,,
MB-0256-GC-010,game_controls,psu_fact,Call of Duty: Modern Warfare III ใช้จอยยังไง,Call of Duty: Modern Warfare III มีข้อมูลปุ่มควบคุมดังนี้: PlayStation / PS5 • L1: กระโดด / ปีนป่าย - กระโดดข้ามสิ่งกีดขวาง (จุดเด่นของ Bumper Jumper) • R3: เปลี่ยนท่า / สไลด์ / พุ่งหลบ - กดหรือกดค้างขณะวิ่งเพื่อสไลด์หรือพุ่ง (จุดเด่นของ Tactical) • Cross: ใช้อุปกรณ์ยุทธวิธี - ปาระเบิดแฟลชหรือสตัน • Circle: โจมตีประชิด - ใช้มีดฟันหรือพานท้ายปืนทุบศัตรู • L2: เล็งผ่านศูนย์เล็ง - กดค้างเพื่อยกปืนเล็ง • R2: ยิงอาวุธ - กดยิงปืน • R1: ใช้อุปกรณ์ทำลายล้าง - ขว้างระเบิดมือ ระเบิดเพลิง หรือมีดขว้าง • Square: โต้ตอบ / รีโหลด - เปลี่ยนกระสุนปืนหรือเก็บไอเทม • Triangle: สลับอาวุธ - สลับปืนหลักและปืนรอง • L3: วิ่ง / กลั้นหายใจ - กดเพื่อวิ่งเร็วขึ้น หรือกลั้นหายใจนิ่ง ๆ ตอนเล็งสไนเปอร์ แหล่งข้อมูล: https,pipeline:structured_game_controls,games/game_control_lookup,100.0,True,0.367,0,,,
MB-0257-GC-011,game_controls,psu_fact,Call of Duty: Modern Warfare III ปุ่มกระโดด / ปีนป่ายกดอะไร,Call of Duty: Modern Warfare III ปุ่มที่ตรงกับคำถาม: PlayStation / PS5 • L1: กระโดด / ปีนป่าย - กระโดดข้ามสิ่งกีดขวาง (จุดเด่นของ Bumper Jumper) แหล่งข้อมูล: https://www.gamepur.com/guides/best-modern-warfare-3-controller-settings-aim-assist-deadzones-button-layout,pipeline:structured_game_controls,games/game_control_lookup,100.0,True,0.4986,0,,,
MB-0258-GC-012,game_controls,psu_fact,Call of Duty: Modern Warfare III ปุ่มเปลี่ยนท่า / สไลด์ / พุ่งหลบกดอะไร,Call of Duty: Modern Warfare III ปุ่มที่ตรงกับคำถาม: PlayStation / PS5 • R3: เปลี่ยนท่า / สไลด์ / พุ่งหลบ - กดหรือกดค้างขณะวิ่งเพื่อสไลด์หรือพุ่ง (จุดเด่นของ Tactical) แหล่งข้อมูล: https://www.gamepur.com/guides/best-modern-warfare-3-controller-settings-aim-assist-deadzones-button-layout,pipeline:structured_game_controls,games/game_control_lookup,100.0,True,0.5738,0,,,
MB-0259-GC-013,game_controls,psu_fact,Call of Duty: Warzone ปุ่มทั้งหมดมีอะไรบ้าง,Call of Duty: Warzone มีข้อมูลปุ่มควบคุมดังนี้: PlayStation / PS5 • Cross: กระโดด / ปีนป่าย - กระโดด หรือปีนข้ามสิ่งกีดขวาง • Circle: ย่อตัว / หมอบ / สไลด์ - กดเปลี่ยนท่าทาง หรือกดขณะวิ่งเพื่อสไลด์เข่า • Square: โต้ตอบ / รีโหลด - เก็บของ เปิดกล่อง ฟาร์มไอเทม หรือรีโหลดกระสุน • Triangle: สลับอาวุธ - สลับเปลี่ยนปืน • D-Pad: คำสั่งเฉพาะโหมด - คำสั่งเสริมตามโหมดการเล่น เช่น ปิง หรือ คิลสตรีค • Touch Pad: ตารางคะแนน / แผนที่ - เปิดตารางคะแนนและแผนที่ยุทธวิธี • Options: เมนูหลัก - เปิดเมนูตั้งค่าและหยุดเกม • L1: ใช้อุปกรณ์ยุทธวิธี - ใช้งานระเบิดควัน แฟลช หรืออุปกรณ์สายสนับสนุน • R1: ใช้อุปกรณ์ทำลายล้าง - ใช้งานระเบิดทำลายล้างต่าง ๆ • L2: เล็งปืน (ADS) - ยกปืนเล็งศูนย์ • R2: ยิง - ลั่นไกปืน • L3: ว,pipeline:structured_game_controls,games/game_control_lookup,100.0,True,0.4308,0,,,
MB-0260-GC-014,game_controls,psu_fact,Call of Duty: Warzone ใช้จอยยังไง,Call of Duty: Warzone มีข้อมูลปุ่มควบคุมดังนี้: PlayStation / PS5 • Cross: กระโดด / ปีนป่าย - กระโดด หรือปีนข้ามสิ่งกีดขวาง • Circle: ย่อตัว / หมอบ / สไลด์ - กดเปลี่ยนท่าทาง หรือกดขณะวิ่งเพื่อสไลด์เข่า • Square: โต้ตอบ / รีโหลด - เก็บของ เปิดกล่อง ฟาร์มไอเทม หรือรีโหลดกระสุน • Triangle: สลับอาวุธ - สลับเปลี่ยนปืน • D-Pad: คำสั่งเฉพาะโหมด - คำสั่งเสริมตามโหมดการเล่น เช่น ปิง หรือ คิลสตรีค • Touch Pad: ตารางคะแนน / แผนที่ - เปิดตารางคะแนนและแผนที่ยุทธวิธี • Options: เมนูหลัก - เปิดเมนูตั้งค่าและหยุดเกม • L1: ใช้อุปกรณ์ยุทธวิธี - ใช้งานระเบิดควัน แฟลช หรืออุปกรณ์สายสนับสนุน • R1: ใช้อุปกรณ์ทำลายล้าง - ใช้งานระเบิดทำลายล้างต่าง ๆ • L2: เล็งปืน (ADS) - ยกปืนเล็งศูนย์ • R2: ยิง - ลั่นไกปืน • L3: ว,pipeline:structured_game_controls,games/game_control_lookup,100.0,True,0.289,0,,,
MB-0261-GC-015,game_controls,psu_fact,Call of Duty: Warzone ปุ่มกระโดด / ปีนป่ายกดอะไร,Call of Duty: Warzone ปุ่มที่ตรงกับคำถาม: PlayStation / PS5 • Cross: กระโดด / ปีนป่าย - กระโดด หรือปีนข้ามสิ่งกีดขวาง แหล่งข้อมูล: https://gameaccess.info/call-of-duty-warzone-battle-royale-mode-controls/,pipeline:structured_game_controls,games/game_control_lookup,100.0,True,0.4643,0,,,
MB-0262-GC-016,game_controls,psu_fact,Call of Duty: Warzone ปุ่มย่อตัว / หมอบ / สไลด์กดอะไร,Call of Duty: Warzone ปุ่มที่ตรงกับคำถาม: PlayStation / PS5 • Circle: ย่อตัว / หมอบ / สไลด์ - กดเปลี่ยนท่าทาง หรือกดขณะวิ่งเพื่อสไลด์เข่า แหล่งข้อมูล: https://gameaccess.info/call-of-duty-warzone-battle-royale-mode-controls/,pipeline:structured_game_controls,games/game_control_lookup,100.0,True,0.4174,0,,,
MB-0263-GC-017,game_controls,psu_fact,Counter-Strike 2 ปุ่มทั้งหมดมีอะไรบ้าง,"Counter-Strike 2 มีข้อมูลปุ่มควบคุมดังนี้: PC • W / A / S / D: เคลื่อนที่ - W เดินหน้า, A ไปซ้าย, S ถอยหลัง, D ไปขวา • Left Shift: เดินช้า - เดินแบบลดเสียงเท้า • Left Ctrl: ย่อตัว - ย่อตัว/ก้ม • Spacebar: กระโดด - กระโดด • E: ใช้งาน/โต้ตอบ - ใช้โต้ตอบ เช่น กู้ระเบิดหรือใช้งานวัตถุ • Left Mouse Button: ยิง - ยิงอาวุธ • Right Mouse Button: ยิง/เล็งแบบรอง - โหมดรองของอาวุธตามชนิดอาวุธ • R: รีโหลด - เปลี่ยนกระสุน • Q: สลับกลับอาวุธล่าสุด - กลับไปอาวุธที่ใช้ก่อนหน้า • G: ทิ้งอาวุธ - โยนอาวุธที่ถืออยู่ลงพื้น • B: เปิดเมนูซื้อของ - เปิดเมนูซื้ออาวุธ/อุปกรณ์ • 1 / 2 / 3: เลือกอาวุธ - 1 อาวุธหลัก, 2 อาวุธรอง, 3 มีด • 4: เลือก/วนระเบิด - เลือกกลุ่มระเบิด • Tab: ดูตารางคะแนน - เปิด scoreboard • Y / U: ",pipeline:structured_game_controls,games/game_control_lookup,100.0,True,0.3417,0,,,
MB-0264-GC-018,game_controls,psu_fact,Counter-Strike 2 ใช้จอยยังไง,"Counter-Strike 2 มีข้อมูลปุ่มควบคุมดังนี้: PC • W / A / S / D: เคลื่อนที่ - W เดินหน้า, A ไปซ้าย, S ถอยหลัง, D ไปขวา • Left Shift: เดินช้า - เดินแบบลดเสียงเท้า • Left Ctrl: ย่อตัว - ย่อตัว/ก้ม • Spacebar: กระโดด - กระโดด • E: ใช้งาน/โต้ตอบ - ใช้โต้ตอบ เช่น กู้ระเบิดหรือใช้งานวัตถุ • Left Mouse Button: ยิง - ยิงอาวุธ • Right Mouse Button: ยิง/เล็งแบบรอง - โหมดรองของอาวุธตามชนิดอาวุธ • R: รีโหลด - เปลี่ยนกระสุน • Q: สลับกลับอาวุธล่าสุด - กลับไปอาวุธที่ใช้ก่อนหน้า • G: ทิ้งอาวุธ - โยนอาวุธที่ถืออยู่ลงพื้น • B: เปิดเมนูซื้อของ - เปิดเมนูซื้ออาวุธ/อุปกรณ์ • 1 / 2 / 3: เลือกอาวุธ - 1 อาวุธหลัก, 2 อาวุธรอง, 3 มีด • 4: เลือก/วนระเบิด - เลือกกลุ่มระเบิด • Tab: ดูตารางคะแนน - เปิด scoreboard • Y / U: ",pipeline:structured_game_controls,games/game_control_lookup,100.0,True,0.2948,0,,,
MB-0265-GC-019,game_controls,psu_fact,Counter-Strike 2 ปุ่มเคลื่อนที่กดอะไร,"Counter-Strike 2 ปุ่มที่ตรงกับคำถาม: PC • W / A / S / D: เคลื่อนที่ - W เดินหน้า, A ไปซ้าย, S ถอยหลัง, D ไปขวา แหล่งข้อมูล: https://www.holy.gg/en/post/counter-strike-2-keyboard-mouse-controls-pc",pipeline:structured_game_controls,games/game_control_lookup,100.0,True,0.434,0,,,
MB-0266-GC-020,game_controls,psu_fact,Counter-Strike 2 ปุ่มเดินช้ากดอะไร,Counter-Strike 2 ปุ่มที่ตรงกับคำถาม: PC • Left Shift: เดินช้า - เดินแบบลดเสียงเท้า แหล่งข้อมูล: https://www.holy.gg/en/post/counter-strike-2-keyboard-mouse-controls-pc,pipeline:structured_game_controls,games/game_control_lookup,100.0,True,0.3713,0,,,
MB-0267-GC-021,game_controls,psu_fact,EA Sports FC 24 ปุ่มทั้งหมดมีอะไรบ้าง,EA Sports FC 24 มีข้อมูลปุ่มควบคุมดังนี้: PlayStation / PS5 • Cross: ส่งบอลเลียด / โหม่ง - ส่งบอลสั้นเรียบไปกับพื้นให้เพื่อนร่วมทีม หรือใช้โหม่งส่งบอล • Square: ส่งบอลโด่ง / เปิดบอล / โหม่ง - โยนบอลยาวข้ามหัว เปิดบอลจากริมเส้น หรือโหม่งเคลียร์บอล • Triangle: จ่ายบอลทะลุช่อง - จ่ายบอลไปในพื้นที่ว่างให้เพื่อนวิ่งสอดขึ้นไปรับ • Circle: ยิงประตู / วอลเลย์ / โหม่ง - ง้างเท้ายิงประตู โหม่งทำประตู หรือวอลเลย์ • R1 + Cross: ส่งเลียดแบบพุ่งแรง - ส่งบอลเลียดพื้นด้วยความแรงและรวดเร็วกว่าปกติทะลุช่องว่าง • R1 + Circle: ยิงปั่นโค้ง - ยิงด้วยข้างเท้าด้านในเน้นทิศทางให้บอลไซด์โค้ง • L1 + Triangle: ยกบอลทะลุช่อง - ชิพบอลข้ามหัวกองหลังให้เพื่อนวิ่งไปเอาบอล • L1: เปลี่ยนตัวผู้เล่น - สลับการควบคุมไปยังนักเตะคน,pipeline:structured_game_controls,games/game_control_lookup,100.0,True,0.3867,0,,,
MB-0268-GC-022,game_controls,psu_fact,EA Sports FC 24 ใช้จอยยังไง,EA Sports FC 24 มีข้อมูลปุ่มควบคุมดังนี้: PlayStation / PS5 • Cross: ส่งบอลเลียด / โหม่ง - ส่งบอลสั้นเรียบไปกับพื้นให้เพื่อนร่วมทีม หรือใช้โหม่งส่งบอล • Square: ส่งบอลโด่ง / เปิดบอล / โหม่ง - โยนบอลยาวข้ามหัว เปิดบอลจากริมเส้น หรือโหม่งเคลียร์บอล • Triangle: จ่ายบอลทะลุช่อง - จ่ายบอลไปในพื้นที่ว่างให้เพื่อนวิ่งสอดขึ้นไปรับ • Circle: ยิงประตู / วอลเลย์ / โหม่ง - ง้างเท้ายิงประตู โหม่งทำประตู หรือวอลเลย์ • R1 + Cross: ส่งเลียดแบบพุ่งแรง - ส่งบอลเลียดพื้นด้วยความแรงและรวดเร็วกว่าปกติทะลุช่องว่าง • R1 + Circle: ยิงปั่นโค้ง - ยิงด้วยข้างเท้าด้านในเน้นทิศทางให้บอลไซด์โค้ง • L1 + Triangle: ยกบอลทะลุช่อง - ชิพบอลข้ามหัวกองหลังให้เพื่อนวิ่งไปเอาบอล • L1: เปลี่ยนตัวผู้เล่น - สลับการควบคุมไปยังนักเตะคน,pipeline:structured_game_controls,games/game_control_lookup,100.0,True,0.3096,0,,,
MB-0269-GC-023,game_controls,psu_fact,EA Sports FC 24 ปุ่มส่งบอลเลียด / โหม่งกดอะไร,EA Sports FC 24 ปุ่มที่ตรงกับคำถาม: PlayStation / PS5 • Cross: ส่งบอลเลียด / โหม่ง - ส่งบอลสั้นเรียบไปกับพื้นให้เพื่อนร่วมทีม หรือใช้โหม่งส่งบอล • Square: ส่งบอลโด่ง / เปิดบอล / โหม่ง - โยนบอลยาวข้ามหัว เปิดบอลจากริมเส้น หรือโหม่งเคลียร์บอล • Circle: ยิงประตู / วอลเลย์ / โหม่ง - ง้างเท้ายิงประตู โหม่งทำประตู หรือวอลเลย์ • R1 + Cross: ส่งเลียดแบบพุ่งแรง - ส่งบอลเลียดพื้นด้วยความแรงและรวดเร็วกว่าปกติทะลุช่องว่าง • L2: บังบอล - หันหลังพิงและใช้ร่างกายบังบอลจากคู่ต่อสู้ • L2 (hold) + Direction: บังบอล / คุมเชิง - กดค้างเพื่อย่อตัวคุมเชิงในเกมรับ หรือพิงบังบอลขณะเลี้ยง แหล่งข้อมูล: https://fifauteam.com/fc-24-controls/,pipeline:structured_game_controls,games/game_control_lookup,100.0,True,0.5367,0,,,
MB-0270-GC-024,game_controls,psu_fact,EA Sports FC 24 ปุ่มส่งบอลโด่ง / เปิดบอล / โหม่งกดอะไร,EA Sports FC 24 ปุ่มที่ตรงกับคำถาม: PlayStation / PS5 • Cross: ส่งบอลเลียด / โหม่ง - ส่งบอลสั้นเรียบไปกับพื้นให้เพื่อนร่วมทีม หรือใช้โหม่งส่งบอล • Square: ส่งบอลโด่ง / เปิดบอล / โหม่ง - โยนบอลยาวข้ามหัว เปิดบอลจากริมเส้น หรือโหม่งเคลียร์บอล • Circle: ยิงประตู / วอลเลย์ / โหม่ง - ง้างเท้ายิงประตู โหม่งทำประตู หรือวอลเลย์ • L2: บังบอล - หันหลังพิงและใช้ร่างกายบังบอลจากคู่ต่อสู้ • L2 (hold) + Direction: บังบอล / คุมเชิง - กดค้างเพื่อย่อตัวคุมเชิงในเกมรับ หรือพิงบังบอลขณะเลี้ยง แหล่งข้อมูล: https://fifauteam.com/fc-24-controls/,pipeline:structured_game_controls,games/game_control_lookup,100.0,True,0.5146,0,,,
MB-0271-GC-025,game_controls,psu_fact,FINAL FANTASY XVI ปุ่มทั้งหมดมีอะไรบ้าง,FINAL FANTASY XVI มีข้อมูลปุ่มควบคุมดังนี้: PlayStation / PS5 • Left Stick: เคลื่อนที่ • Right Stick: ควบคุมมุมกล้อง • Square: โจมตีด้วยดาบ / โจมตีระยะประชิด • Triangle: โจมตีเวทมนตร์ • Cross: กระโดด • Circle: ใช้ Eikonic Feat • R1: หลบหลีก • R2: เปิดชุด Eikonic Abilities • R2 + Square / Triangle / Cross / Circle: ใช้ Eikonic Ability ที่ผูกไว้ • L1: ล็อกเป้าหมาย • L2: สลับ Eikon • L3: Animal Instinct • R3: รีเซ็ตมุมกล้อง • L3 + R3: ใช้ Limit Break • Directional Buttons Up / Right / Down: ทางลัดไอเทมหรือคำสั่ง Torgal • Directional Button Left: สลับระหว่างไอเทมกับคำสั่ง Torgal • Options: เปิดเมนูหลัก / หยุดเกม • R2 + Touch Pad: ยั่วยุ แหล่งข้อมูล: https://gamewith.net/final-fantasy-16/article/,pipeline:structured_game_controls,games/game_control_lookup,100.0,True,0.431,0,,,
MB-0272-GC-026,game_controls,psu_fact,FINAL FANTASY XVI ใช้จอยยังไง,FINAL FANTASY XVI มีข้อมูลปุ่มควบคุมดังนี้: PlayStation / PS5 • Left Stick: เคลื่อนที่ • Right Stick: ควบคุมมุมกล้อง • Square: โจมตีด้วยดาบ / โจมตีระยะประชิด • Triangle: โจมตีเวทมนตร์ • Cross: กระโดด • Circle: ใช้ Eikonic Feat • R1: หลบหลีก • R2: เปิดชุด Eikonic Abilities • R2 + Square / Triangle / Cross / Circle: ใช้ Eikonic Ability ที่ผูกไว้ • L1: ล็อกเป้าหมาย • L2: สลับ Eikon • L3: Animal Instinct • R3: รีเซ็ตมุมกล้อง • L3 + R3: ใช้ Limit Break • Directional Buttons Up / Right / Down: ทางลัดไอเทมหรือคำสั่ง Torgal • Directional Button Left: สลับระหว่างไอเทมกับคำสั่ง Torgal • Options: เปิดเมนูหลัก / หยุดเกม • R2 + Touch Pad: ยั่วยุ แหล่งข้อมูล: https://gamewith.net/final-fantasy-16/article/,pipeline:structured_game_controls,games/game_control_lookup,100.0,True,0.338,0,,,
MB-0273-GC-027,game_controls,psu_fact,FINAL FANTASY XVI ปุ่มเคลื่อนที่กดอะไร,FINAL FANTASY XVI ปุ่มที่ตรงกับคำถาม: PlayStation / PS5 • Left Stick: เคลื่อนที่ แหล่งข้อมูล: https://gamewith.net/final-fantasy-16/article/show/39644,pipeline:structured_game_controls,games/game_control_lookup,100.0,True,0.4642,0,,,
MB-0274-GC-028,game_controls,psu_fact,FINAL FANTASY XVI ปุ่มควบคุมมุมกล้องกดอะไร,FINAL FANTASY XVI ปุ่มที่ตรงกับคำถาม: PlayStation / PS5 • Right Stick: ควบคุมมุมกล้อง • R3: รีเซ็ตมุมกล้อง แหล่งข้อมูล: https://gamewith.net/final-fantasy-16/article/show/39644,pipeline:structured_game_controls,games/game_control_lookup,100.0,True,0.5159,0,,,
MB-0275-GC-029,game_controls,psu_fact,Fortnite ปุ่มทั้งหมดมีอะไรบ้าง,"Fortnite มีข้อมูลปุ่มควบคุมดังนี้: PlayStation / PS5 • Options: เปิดเมนูเกม - บน PlayStation ให้กด Options เพื่อเปิดเมนู แล้วเข้า Settings เพื่อดู/แก้ controls • Controller Mapping page: เปลี่ยน preset จอย - Epic ระบุว่าหน้า Controller Mapping มี preset เช่น Old School, Quick Builder, Combat Pro, Builder Pro และ Custom • Builder Pro / Combat Pro / Custom: ชุดปุ่มควบคุม - ข้อมูลนี้เป็น preset ที่ Epic ระบุ ไม่ใช่ผังปุ่มละเอียดของแต่ละ preset แหล่งข้อมูล: https://www.epicgames.com/help/c-202300000001636/c-202300000001719/how-can-i-change-my-fortnite-controls-on-pc-or-console-a202300000014546",pipeline:structured_game_controls,games/game_control_lookup,100.0,True,0.3922,0,,,
MB-0276-GC-030,game_controls,psu_fact,Fortnite ใช้จอยยังไง,"Fortnite มีข้อมูลปุ่มควบคุมดังนี้: PlayStation / PS5 • Options: เปิดเมนูเกม - บน PlayStation ให้กด Options เพื่อเปิดเมนู แล้วเข้า Settings เพื่อดู/แก้ controls • Controller Mapping page: เปลี่ยน preset จอย - Epic ระบุว่าหน้า Controller Mapping มี preset เช่น Old School, Quick Builder, Combat Pro, Builder Pro และ Custom • Builder Pro / Combat Pro / Custom: ชุดปุ่มควบคุม - ข้อมูลนี้เป็น preset ที่ Epic ระบุ ไม่ใช่ผังปุ่มละเอียดของแต่ละ preset แหล่งข้อมูล: https://www.epicgames.com/help/c-202300000001636/c-202300000001719/how-can-i-change-my-fortnite-controls-on-pc-or-console-a202300000014546",pipeline:structured_game_controls,games/game_control_lookup,100.0,True,0.2998,0,,,
MB-0277-GC-031,game_controls,psu_fact,Fortnite ปุ่มเปิดเมนูเกมกดอะไร,Fortnite ปุ่มที่ตรงกับคำถาม: PlayStation / PS5 • Options: เปิดเมนูเกม - บน PlayStation ให้กด Options เพื่อเปิดเมนู แล้วเข้า Settings เพื่อดู/แก้ controls แหล่งข้อมูล: https://www.epicgames.com/help/c-202300000001636/c-202300000001719/how-can-i-change-my-fortnite-controls-on-pc-or-console-a202300000014546,pipeline:structured_game_controls,games/game_control_lookup,100.0,True,0.4287,0,,,
MB-0278-GC-032,game_controls,psu_fact,Fortnite ปุ่มเปลี่ยน preset จอยกดอะไร,"Fortnite ปุ่มที่ตรงกับคำถาม: PlayStation / PS5 • Controller Mapping page: เปลี่ยน preset จอย - Epic ระบุว่าหน้า Controller Mapping มี preset เช่น Old School, Quick Builder, Combat Pro, Builder Pro และ Custom • Builder Pro / Combat Pro / Custom: ชุดปุ่มควบคุม - ข้อมูลนี้เป็น preset ที่ Epic ระบุ ไม่ใช่ผังปุ่มละเอียดของแต่ละ preset แหล่งข้อมูล: https://www.epicgames.com/help/c-202300000001636/c-202300000001719/how-can-i-change-my-fortnite-controls-on-pc-or-console-a202300000014546",pipeline:structured_game_controls,games/game_control_lookup,100.0,True,0.5019,0,,,
MB-0279-GC-033,game_controls,psu_fact,God of War Ragnarök ปุ่มทั้งหมดมีอะไรบ้าง,"God of War Ragnarök มีข้อมูลปุ่มควบคุมดังนี้: PlayStation / PS5 • L: เคลื่อนที่ - บังคับทิศทางการเดิน • L3: วิ่งสปรินต์ - กดเพื่อวิ่ง • L3 + R3: พลังสปาร์ตัน - ระเบิดความโกรธของเครโทสเพื่อเพิ่มพลังโจมตีและฟื้นฟูพลังชีวิต • R: มุมกล้อง - ควบคุมการหมุนมุมกล้อง • R3: ล็อกเป้าหมาย - ล็อกเป้าหมายศัตรู • L2 (Hold): เล็ง (กดค้าง) - ง้างอาวุธเตรียมขว้าง • L1 (Hold): ป้องกัน (กดค้าง) - ยกโล่ขึ้นป้องกันการโจมตี และใช้เป็นปุ่มร่วมสำหรับคำสั่ง Runic/Relic • R1: โจมตีเบา / รูนเบา / ขว้าง - โจมตีปกติเบา, ขว้างอาวุธเมื่อกดเล็ง, หรือใช้ท่ารูนเบาเมื่อกดค้าง L1 • R2: โจมตีหนัก / รูนหนัก - โจมตีปกติหนัก หรือใช้ท่ารูนหนักเมื่อกดค้าง L1 • Triangle: เรียกขวานกลับ / ชาร์จพลังอาวุธ - เรียกขวานกลับเข้ามือ หรือชาร์จพ",pipeline:structured_game_controls,games/game_control_lookup,100.0,True,0.4255,0,,,
MB-0280-GC-034,game_controls,psu_fact,God of War Ragnarök ใช้จอยยังไง,"God of War Ragnarök มีข้อมูลปุ่มควบคุมดังนี้: PlayStation / PS5 • L: เคลื่อนที่ - บังคับทิศทางการเดิน • L3: วิ่งสปรินต์ - กดเพื่อวิ่ง • L3 + R3: พลังสปาร์ตัน - ระเบิดความโกรธของเครโทสเพื่อเพิ่มพลังโจมตีและฟื้นฟูพลังชีวิต • R: มุมกล้อง - ควบคุมการหมุนมุมกล้อง • R3: ล็อกเป้าหมาย - ล็อกเป้าหมายศัตรู • L2 (Hold): เล็ง (กดค้าง) - ง้างอาวุธเตรียมขว้าง • L1 (Hold): ป้องกัน (กดค้าง) - ยกโล่ขึ้นป้องกันการโจมตี และใช้เป็นปุ่มร่วมสำหรับคำสั่ง Runic/Relic • R1: โจมตีเบา / รูนเบา / ขว้าง - โจมตีปกติเบา, ขว้างอาวุธเมื่อกดเล็ง, หรือใช้ท่ารูนเบาเมื่อกดค้าง L1 • R2: โจมตีหนัก / รูนหนัก - โจมตีปกติหนัก หรือใช้ท่ารูนหนักเมื่อกดค้าง L1 • Triangle: เรียกขวานกลับ / ชาร์จพลังอาวุธ - เรียกขวานกลับเข้ามือ หรือชาร์จพ",pipeline:structured_game_controls,games/game_control_lookup,100.0,True,0.2877,0,,,
MB-0281-GC-035,game_controls,psu_fact,God of War Ragnarök ปุ่มเคลื่อนที่กดอะไร,God of War Ragnarök ปุ่มที่ตรงกับคำถาม: PlayStation / PS5 • L: เคลื่อนที่ - บังคับทิศทางการเดิน • Touch Pad: แผนที่ - เปิดแผนที่โลก แหล่งข้อมูล: https://gameinputdatabase.com/game/14,pipeline:structured_game_controls,games/game_control_lookup,100.0,True,0.4833,0,,,
MB-0282-GC-036,game_controls,psu_fact,God of War Ragnarök ปุ่มวิ่งสปรินต์กดอะไร,God of War Ragnarök ปุ่มที่ตรงกับคำถาม: PlayStation / PS5 • L3: วิ่งสปรินต์ - กดเพื่อวิ่ง แหล่งข้อมูล: https://gameinputdatabase.com/game/14,pipeline:structured_game_controls,games/game_control_lookup,100.0,True,0.4737,0,,,
MB-0283-GC-037,game_controls,psu_fact,Gran Turismo 7 ปุ่มทั้งหมดมีอะไรบ้าง,Gran Turismo 7 มีข้อมูลปุ่มควบคุมดังนี้: PlayStation / PS5 • L (Left Stick): เลี้ยว / ควบคุมพวงมาลัย - บังคับทิศทางรถ • R2: คันเร่ง - กดเพื่อเร่งเครื่อง • L2: เบรก - กดเพื่อชะลอความเร็วรถ • Cross: เพิ่มเกียร์ - เปลี่ยนเกียร์สูงขึ้น (โหมดเกียร์ธรรมดา) • Square: ลดเกียร์ - เปลี่ยนเกียร์ต่ำลง (โหมดเกียร์ธรรมดา) • Circle: เบรกมือ - ดึงเบรกมือเพื่อสไลด์หรือดริฟต์ • Triangle: ถอยหลัง - เข้าเกียร์ถอยรถ • D-Pad: ควบคุมจอ MFD - สลับและปรับค่า Multi-Function Display เช่น Traction Control หรือ Fuel Map • R1: เปลี่ยนมุมมอง - สลับมุมกล้องในการขับขี่ • L1: มองหลัง - สลับมุมกล้องไปมองด้านหลังชั่วคราว • R3: ไนตรัส / เร่งแซง - ใช้งานระบบเพิ่มความเร็วพิเศษที่มีติดตั้งในรถบางรุ่น • L3: ไฟหน้า - เปิด/ปิด หรือกะ,pipeline:structured_game_controls,games/game_control_lookup,100.0,True,0.4537,0,,,
MB-0284-GC-038,game_controls,psu_fact,Gran Turismo 7 ใช้จอยยังไง,Gran Turismo 7 มีข้อมูลปุ่มควบคุมดังนี้: PlayStation / PS5 • L (Left Stick): เลี้ยว / ควบคุมพวงมาลัย - บังคับทิศทางรถ • R2: คันเร่ง - กดเพื่อเร่งเครื่อง • L2: เบรก - กดเพื่อชะลอความเร็วรถ • Cross: เพิ่มเกียร์ - เปลี่ยนเกียร์สูงขึ้น (โหมดเกียร์ธรรมดา) • Square: ลดเกียร์ - เปลี่ยนเกียร์ต่ำลง (โหมดเกียร์ธรรมดา) • Circle: เบรกมือ - ดึงเบรกมือเพื่อสไลด์หรือดริฟต์ • Triangle: ถอยหลัง - เข้าเกียร์ถอยรถ • D-Pad: ควบคุมจอ MFD - สลับและปรับค่า Multi-Function Display เช่น Traction Control หรือ Fuel Map • R1: เปลี่ยนมุมมอง - สลับมุมกล้องในการขับขี่ • L1: มองหลัง - สลับมุมกล้องไปมองด้านหลังชั่วคราว • R3: ไนตรัส / เร่งแซง - ใช้งานระบบเพิ่มความเร็วพิเศษที่มีติดตั้งในรถบางรุ่น • L3: ไฟหน้า - เปิด/ปิด หรือกะ,pipeline:structured_game_controls,games/game_control_lookup,100.0,True,0.3104,0,,,
MB-0285-GC-039,game_controls,psu_fact,Gran Turismo 7 ปุ่มเลี้ยว / ควบคุมพวงมาลัยกดอะไร,Gran Turismo 7 ปุ่มที่ตรงกับคำถาม: PlayStation / PS5 • L (Left Stick): เลี้ยว / ควบคุมพวงมาลัย - บังคับทิศทางรถ • D-Pad: ควบคุมจอ MFD - สลับและปรับค่า Multi-Function Display เช่น Traction Control หรือ Fuel Map แหล่งข้อมูล: https://gameinputdatabase.com/game/135,pipeline:structured_game_controls,games/game_control_lookup,100.0,True,0.354,0,,,
MB-0286-GC-040,game_controls,psu_fact,Gran Turismo 7 ปุ่มคันเร่งกดอะไร,Gran Turismo 7 ปุ่มที่ตรงกับคำถาม: PlayStation / PS5 • R2: คันเร่ง - กดเพื่อเร่งเครื่อง • R3: ไนตรัส / เร่งแซง - ใช้งานระบบเพิ่มความเร็วพิเศษที่มีติดตั้งในรถบางรุ่น แหล่งข้อมูล: https://gameinputdatabase.com/game/135,pipeline:structured_game_controls,games/game_control_lookup,100.0,True,0.3236,0,,,
MB-0287-GC-041,game_controls,psu_fact,Hogwarts Legacy ปุ่มทั้งหมดมีอะไรบ้าง,Hogwarts Legacy มีข้อมูลปุ่มควบคุมดังนี้: PlayStation / PS5 • L (Left Stick): เคลื่อนที่ - บังคับทิศทางการเดิน • L3: วิ่งสปรินต์ - กดเพื่อวิ่งเร็ว • R (Right Stick): มุมกล้อง - หมุนและควบคุมมุมกล้อง • R3: ล็อกเป้าหมาย - ล็อกเป้าศัตรู • L2 (Hold): เล็งเป้าหมาย - กดค้างเพื่อซูมและเล็ง • L1: ใช้ไอเทม / วงล้อเครื่องมือ - กดใช้ไอเทมที่เซ็ตไว้ หรือกดค้างเพื่อเลือกน้ำยา/พืชพรรณ • R2: โจมตีพื้นฐาน / เปิดชุดคาถา - กดยิงคาถาทั่วไป หรือกดค้างเพื่อใช้ร่วมกับปุ่ม △/O/X/□ ในการร่ายคาถาที่เซ็ตไว้ • R1: ขว้างเวทมนตร์โบราณ - ดึงวัตถุในฉากมาขว้างใส่ศัตรู • Triangle: ป้องกัน / บล็อกคาถา - กางโล่ Protego ป้องกันการโจมตี หากกดค้างจะสวนกลับด้วย Stupefy • Circle: กลิ้งหลบ - กลิ้งหลบการโจมตีที่ไม่สามารถปัดป้องได้ (,pipeline:structured_game_controls,games/game_control_lookup,100.0,True,0.4244,0,,,
MB-0288-GC-042,game_controls,psu_fact,Hogwarts Legacy ใช้จอยยังไง,Hogwarts Legacy มีข้อมูลปุ่มควบคุมดังนี้: PlayStation / PS5 • L (Left Stick): เคลื่อนที่ - บังคับทิศทางการเดิน • L3: วิ่งสปรินต์ - กดเพื่อวิ่งเร็ว • R (Right Stick): มุมกล้อง - หมุนและควบคุมมุมกล้อง • R3: ล็อกเป้าหมาย - ล็อกเป้าศัตรู • L2 (Hold): เล็งเป้าหมาย - กดค้างเพื่อซูมและเล็ง • L1: ใช้ไอเทม / วงล้อเครื่องมือ - กดใช้ไอเทมที่เซ็ตไว้ หรือกดค้างเพื่อเลือกน้ำยา/พืชพรรณ • R2: โจมตีพื้นฐาน / เปิดชุดคาถา - กดยิงคาถาทั่วไป หรือกดค้างเพื่อใช้ร่วมกับปุ่ม △/O/X/□ ในการร่ายคาถาที่เซ็ตไว้ • R1: ขว้างเวทมนตร์โบราณ - ดึงวัตถุในฉากมาขว้างใส่ศัตรู • Triangle: ป้องกัน / บล็อกคาถา - กางโล่ Protego ป้องกันการโจมตี หากกดค้างจะสวนกลับด้วย Stupefy • Circle: กลิ้งหลบ - กลิ้งหลบการโจมตีที่ไม่สามารถปัดป้องได้ (,pipeline:structured_game_controls,games/game_control_lookup,100.0,True,0.2992,0,,,
MB-0289-GC-043,game_controls,psu_fact,Hogwarts Legacy ปุ่มเคลื่อนที่กดอะไร,Hogwarts Legacy ปุ่มที่ตรงกับคำถาม: PlayStation / PS5 • L (Left Stick): เคลื่อนที่ - บังคับทิศทางการเดิน • Touch Pad: แผนที่ - เปิดแผนที่โลกและฮอกวอตส์ แหล่งข้อมูล: https://gameinputdatabase.com/game/204,pipeline:structured_game_controls,games/game_control_lookup,100.0,True,0.3992,0,,,
MB-0290-GC-044,game_controls,psu_fact,Hogwarts Legacy ปุ่มวิ่งสปรินต์กดอะไร,Hogwarts Legacy ปุ่มที่ตรงกับคำถาม: PlayStation / PS5 • L3: วิ่งสปรินต์ - กดเพื่อวิ่งเร็ว แหล่งข้อมูล: https://gameinputdatabase.com/game/204,pipeline:structured_game_controls,games/game_control_lookup,100.0,True,0.3602,0,,,
MB-0291-GC-045,game_controls,psu_fact,Horizon Call of the Mountain ปุ่มทั้งหมดมีอะไรบ้าง,Horizon Call of the Mountain มีข้อมูลปุ่มควบคุมดังนี้: PlayStation VR2 / PS5 • Gesture control scheme: เคลื่อนที่ด้วยท่าทางร่างกาย - โหมด Gesture ให้ผู้เล่นเคลื่อนที่ในโลกของเกมผ่านการขยับร่างกาย • Analogue control scheme: เคลื่อนที่ด้วยอนาล็อก - โหมด Analogue ใช้ sticks บน PS VR2 Sense controllers เพื่อเคลื่อนที่ในเกม • PS VR2 Sense grip button: จับวัตถุในเกม - หน้าเกมทางการระบุว่า PS VR2 Sense controllers มี grip button สำหรับจับวัตถุในเกม แหล่งข้อมูล: https://www.playstation.com/en-us/support/games/horizon-call-of-the-mountain/,pipeline:structured_game_controls,games/game_control_lookup,100.0,True,0.4452,0,,,
MB-0292-GC-046,game_controls,psu_fact,Horizon Call of the Mountain ใช้จอยยังไง,Horizon Call of the Mountain มีข้อมูลปุ่มควบคุมดังนี้: PlayStation VR2 / PS5 • Gesture control scheme: เคลื่อนที่ด้วยท่าทางร่างกาย - โหมด Gesture ให้ผู้เล่นเคลื่อนที่ในโลกของเกมผ่านการขยับร่างกาย • Analogue control scheme: เคลื่อนที่ด้วยอนาล็อก - โหมด Analogue ใช้ sticks บน PS VR2 Sense controllers เพื่อเคลื่อนที่ในเกม • PS VR2 Sense grip button: จับวัตถุในเกม - หน้าเกมทางการระบุว่า PS VR2 Sense controllers มี grip button สำหรับจับวัตถุในเกม แหล่งข้อมูล: https://www.playstation.com/en-us/support/games/horizon-call-of-the-mountain/,pipeline:structured_game_controls,games/game_control_lookup,100.0,True,0.3729,0,,,
MB-0293-GC-047,game_controls,psu_fact,Horizon Call of the Mountain ปุ่มเคลื่อนที่ด้วยท่าทางร่างกายกดอะไร,Horizon Call of the Mountain ปุ่มที่ตรงกับคำถาม: PlayStation VR2 / PS5 • Gesture control scheme: เคลื่อนที่ด้วยท่าทางร่างกาย - โหมด Gesture ให้ผู้เล่นเคลื่อนที่ในโลกของเกมผ่านการขยับร่างกาย • Analogue control scheme: เคลื่อนที่ด้วยอนาล็อก - โหมด Analogue ใช้ sticks บน PS VR2 Sense controllers เพื่อเคลื่อนที่ในเกม แหล่งข้อมูล: https://www.playstation.com/en-us/support/games/horizon-call-of-the-mountain/,pipeline:structured_game_controls,games/game_control_lookup,100.0,True,0.6079,0,,,
MB-0294-GC-048,game_controls,psu_fact,Horizon Call of the Mountain ปุ่มเคลื่อนที่ด้วยอนาล็อกกดอะไร,Horizon Call of the Mountain ปุ่มที่ตรงกับคำถาม: PlayStation VR2 / PS5 • Gesture control scheme: เคลื่อนที่ด้วยท่าทางร่างกาย - โหมด Gesture ให้ผู้เล่นเคลื่อนที่ในโลกของเกมผ่านการขยับร่างกาย • Analogue control scheme: เคลื่อนที่ด้วยอนาล็อก - โหมด Analogue ใช้ sticks บน PS VR2 Sense controllers เพื่อเคลื่อนที่ในเกม แหล่งข้อมูล: https://www.playstation.com/en-us/support/games/horizon-call-of-the-mountain/,pipeline:structured_game_controls,games/game_control_lookup,100.0,True,0.6727,0,,,
MB-0295-GC-049,game_controls,psu_fact,It Takes Two ปุ่มทั้งหมดมีอะไรบ้าง,"It Takes Two มีข้อมูลปุ่มควบคุมดังนี้: PlayStation / PS5 • L (Left Stick): เคลื่อนที่ - บังคับทิศทางการเคลื่อนที่และการเดินของตัวละคร • L3 (Click Left Stick): วิ่งสปรินต์ - กดก้านอนาล็อกซ้ายลงไปเพื่อวิ่งสปรินต์ เพิ่มความเร็วในการเคลื่อนที่ • R (Right Stick): มุมกล้อง - หมุนและปรับมุมกล้องเพื่อดูสภาพแวดล้อมรอบตัว • R3 (Click Right Stick): ค้นหาผู้เล่นอื่น - แสดงตำแหน่งของผู้เล่นอีกคน (คู่หู) บนหน้าจอ เมื่ออยู่ห่างกันหรือหลงทาง • Cross (กากบาท): กระโดด - ใช้กระโดดข้ามสิ่งกีดขวาง (สามารถประยุกต์ใช้เพื่อ Double Jump ได้) • Square (สี่เหลี่ยม): พุ่งตัว - พุ่งตัวไปข้างหน้าอย่างรวดเร็วเพื่อหลบการโจมตี หรือพุ่งข้ามเหวที่กว้าง • Triangle (สามเหลี่ยม): โต้ตอบ - ใช้โต้ตอบกับสิ่งแวดล้อม เช่น ดึงคันโยก, ",pipeline:structured_game_controls,games/game_control_lookup,100.0,True,0.3652,0,,,
MB-0296-GC-050,game_controls,psu_fact,It Takes Two ใช้จอยยังไง,"It Takes Two มีข้อมูลปุ่มควบคุมดังนี้: PlayStation / PS5 • L (Left Stick): เคลื่อนที่ - บังคับทิศทางการเคลื่อนที่และการเดินของตัวละคร • L3 (Click Left Stick): วิ่งสปรินต์ - กดก้านอนาล็อกซ้ายลงไปเพื่อวิ่งสปรินต์ เพิ่มความเร็วในการเคลื่อนที่ • R (Right Stick): มุมกล้อง - หมุนและปรับมุมกล้องเพื่อดูสภาพแวดล้อมรอบตัว • R3 (Click Right Stick): ค้นหาผู้เล่นอื่น - แสดงตำแหน่งของผู้เล่นอีกคน (คู่หู) บนหน้าจอ เมื่ออยู่ห่างกันหรือหลงทาง • Cross (กากบาท): กระโดด - ใช้กระโดดข้ามสิ่งกีดขวาง (สามารถประยุกต์ใช้เพื่อ Double Jump ได้) • Square (สี่เหลี่ยม): พุ่งตัว - พุ่งตัวไปข้างหน้าอย่างรวดเร็วเพื่อหลบการโจมตี หรือพุ่งข้ามเหวที่กว้าง • Triangle (สามเหลี่ยม): โต้ตอบ - ใช้โต้ตอบกับสิ่งแวดล้อม เช่น ดึงคันโยก, ",pipeline:structured_game_controls,games/game_control_lookup,100.0,True,0.2832,0,,,
MB-0297-GC-051,game_controls,psu_fact,It Takes Two ปุ่มเคลื่อนที่กดอะไร,It Takes Two ปุ่มที่ตรงกับคำถาม: PlayStation / PS5 • L (Left Stick): เคลื่อนที่ - บังคับทิศทางการเคลื่อนที่และการเดินของตัวละคร แหล่งข้อมูล: https://gameinputdatabase.com/game/90,pipeline:structured_game_controls,games/game_control_lookup,100.0,True,0.4256,0,,,
MB-0298-GC-052,game_controls,psu_fact,It Takes Two ปุ่มวิ่งสปรินต์กดอะไร,It Takes Two ปุ่มที่ตรงกับคำถาม: PlayStation / PS5 • L3 (Click Left Stick): วิ่งสปรินต์ - กดก้านอนาล็อกซ้ายลงไปเพื่อวิ่งสปรินต์ เพิ่มความเร็วในการเคลื่อนที่ แหล่งข้อมูล: https://gameinputdatabase.com/game/90,pipeline:structured_game_controls,games/game_control_lookup,100.0,True,0.4101,0,,,
MB-0299-GC-053,game_controls,psu_fact,League of Legends ปุ่มทั้งหมดมีอะไรบ้าง,League of Legends มีข้อมูลปุ่มควบคุมดังนี้: PC • Right Mouse Button: เดิน / โจมตีเป้าหมาย - คลิกขวาเพื่อเดินหรือสั่งโจมตีเป้าหมาย • Q / W / E / R: ใช้สกิล - ปุ่มสกิลหลักของ champion • Shift + Q / W / E / R: ใช้สกิลแบบ quick cast - ค่า default ที่แหล่งอ้างอิงระบุว่า Shift+Q/W/E/R ใช้ quick cast • Alt + Q / W / E / R: ใช้สกิลใส่ตัวเอง - ใช้ self-cast กับสกิลที่สามารถกดใส่ตัวเองได้ • D / F: ใช้ Summoner Spell - ปุ่ม Summoner Spell สองช่อง • 1 / 2 / 3 / 4 / 5 / 6 / 7: ใช้ไอเทมหรือ trinket - ปุ่มช่องไอเทมและ trinket ตามการตั้งค่าในเกม • B: กลับฐาน - เริ่ม Recall กลับฐาน • Spacebar: ล็อก/ดึงกล้องกลับมาตัวเอง - กดค้างเพื่อให้กล้องตาม champion ตัวเอง • Y: สลับล็อกกล้อง - สลับกล้องล็อก/ไม่ล็อก • F1 /,pipeline:structured_game_controls,games/game_control_lookup,100.0,True,0.453,0,,,
MB-0300-GC-054,game_controls,psu_fact,League of Legends ใช้จอยยังไง,League of Legends มีข้อมูลปุ่มควบคุมดังนี้: PC • Right Mouse Button: เดิน / โจมตีเป้าหมาย - คลิกขวาเพื่อเดินหรือสั่งโจมตีเป้าหมาย • Q / W / E / R: ใช้สกิล - ปุ่มสกิลหลักของ champion • Shift + Q / W / E / R: ใช้สกิลแบบ quick cast - ค่า default ที่แหล่งอ้างอิงระบุว่า Shift+Q/W/E/R ใช้ quick cast • Alt + Q / W / E / R: ใช้สกิลใส่ตัวเอง - ใช้ self-cast กับสกิลที่สามารถกดใส่ตัวเองได้ • D / F: ใช้ Summoner Spell - ปุ่ม Summoner Spell สองช่อง • 1 / 2 / 3 / 4 / 5 / 6 / 7: ใช้ไอเทมหรือ trinket - ปุ่มช่องไอเทมและ trinket ตามการตั้งค่าในเกม • B: กลับฐาน - เริ่ม Recall กลับฐาน • Spacebar: ล็อก/ดึงกล้องกลับมาตัวเอง - กดค้างเพื่อให้กล้องตาม champion ตัวเอง • Y: สลับล็อกกล้อง - สลับกล้องล็อก/ไม่ล็อก • F1 /,pipeline:structured_game_controls,games/game_control_lookup,100.0,True,0.3536,0,,,
MB-0301-GC-055,game_controls,psu_fact,League of Legends ปุ่มเดิน / โจมตีเป้าหมายกดอะไร,League of Legends ปุ่มที่ตรงกับคำถาม: PC • Right Mouse Button: เดิน / โจมตีเป้าหมาย - คลิกขวาเพื่อเดินหรือสั่งโจมตีเป้าหมาย แหล่งข้อมูล: https://dignitas.gg/articles/blogs/Unknown/8721/improving-inputs-effective-keybinds-for-lol,pipeline:structured_game_controls,games/game_control_lookup,100.0,True,0.5655,0,,,
MB-0302-GC-056,game_controls,psu_fact,League of Legends ปุ่มใช้สกิลกดอะไร,League of Legends ปุ่มที่ตรงกับคำถาม: PC • Q / W / E / R: ใช้สกิล - ปุ่มสกิลหลักของ champion • Shift + Q / W / E / R: ใช้สกิลแบบ quick cast - ค่า default ที่แหล่งอ้างอิงระบุว่า Shift+Q/W/E/R ใช้ quick cast • Alt + Q / W / E / R: ใช้สกิลใส่ตัวเอง - ใช้ self-cast กับสกิลที่สามารถกดใส่ตัวเองได้ แหล่งข้อมูล: https://dignitas.gg/articles/blogs/Unknown/8721/improving-inputs-effective-keybinds-for-lol,pipeline:structured_game_controls,games/game_control_lookup,100.0,True,0.3795,0,,,
MB-0303-GC-057,game_controls,psu_fact,Little Nightmares II ปุ่มทั้งหมดมีอะไรบ้าง,Little Nightmares II มีข้อมูลปุ่มควบคุมดังนี้: PlayStation / PS5 • L (Left Stick): เคลื่อนที่ - บังคับทิศทางการเดินและเคลื่อนที่ของตัวละคร • R (Right Stick): มุมกล้อง - แพนมุมกล้องเพื่อดูสภาพแวดล้อม และใช้ควบคุมทิศทางของไฟฉาย • Cross: กระโดด / ขว้าง / โจมตี - ใช้สำหรับกระโดด ขว้างไอเทม หรือใช้เหวี่ยงอาวุธโจมตี • Square: วิ่งเร็ว - กดเพื่อวิ่งสปรินต์ ใช้เพิ่มความเร็วในการเคลื่อนที่หรือวิ่งหนี • Circle: ไฟฉาย / รีโมท - ใช้เปิดหรือปิดไฟฉายพกพา และใช้กดรีโมททีวี • Triangle: เรียก - ส่งเสียงเรียกตะโกนหา Six หรือใช้เพื่อจูงมือ • L1 / L2: ย่อตัว / สไลด์ - กดค้างเพื่อย่อตัวเดินย่อง หรือกดระหว่างวิ่งเพื่อสไลด์ลอดช่องแคบ • R1 / R2: จับ - กดค้างเพื่อจับสิ่งของ ปีนบันได ลากสิ่งของ หรือจับมือ Six • Optio,pipeline:structured_game_controls,games/game_control_lookup,100.0,True,0.3897,0,,,
MB-0304-GC-058,game_controls,psu_fact,Little Nightmares II ใช้จอยยังไง,Little Nightmares II มีข้อมูลปุ่มควบคุมดังนี้: PlayStation / PS5 • L (Left Stick): เคลื่อนที่ - บังคับทิศทางการเดินและเคลื่อนที่ของตัวละคร • R (Right Stick): มุมกล้อง - แพนมุมกล้องเพื่อดูสภาพแวดล้อม และใช้ควบคุมทิศทางของไฟฉาย • Cross: กระโดด / ขว้าง / โจมตี - ใช้สำหรับกระโดด ขว้างไอเทม หรือใช้เหวี่ยงอาวุธโจมตี • Square: วิ่งเร็ว - กดเพื่อวิ่งสปรินต์ ใช้เพิ่มความเร็วในการเคลื่อนที่หรือวิ่งหนี • Circle: ไฟฉาย / รีโมท - ใช้เปิดหรือปิดไฟฉายพกพา และใช้กดรีโมททีวี • Triangle: เรียก - ส่งเสียงเรียกตะโกนหา Six หรือใช้เพื่อจูงมือ • L1 / L2: ย่อตัว / สไลด์ - กดค้างเพื่อย่อตัวเดินย่อง หรือกดระหว่างวิ่งเพื่อสไลด์ลอดช่องแคบ • R1 / R2: จับ - กดค้างเพื่อจับสิ่งของ ปีนบันได ลากสิ่งของ หรือจับมือ Six • Optio,pipeline:structured_game_controls,games/game_control_lookup,100.0,True,0.3168,0,,,
MB-0305-GC-059,game_controls,psu_fact,Little Nightmares II ปุ่มเคลื่อนที่กดอะไร,Little Nightmares II ปุ่มที่ตรงกับคำถาม: PlayStation / PS5 • L (Left Stick): เคลื่อนที่ - บังคับทิศทางการเดินและเคลื่อนที่ของตัวละคร • Circle: ไฟฉาย / รีโมท - ใช้เปิดหรือปิดไฟฉายพกพา และใช้กดรีโมททีวี แหล่งข้อมูล: https://gameinputdatabase.com/game/304,pipeline:structured_game_controls,games/game_control_lookup,100.0,True,0.4345,0,,,
MB-0306-GC-060,game_controls,psu_fact,Little Nightmares II ปุ่มมุมกล้องกดอะไร,Little Nightmares II ปุ่มที่ตรงกับคำถาม: PlayStation / PS5 • R (Right Stick): มุมกล้อง - แพนมุมกล้องเพื่อดูสภาพแวดล้อม และใช้ควบคุมทิศทางของไฟฉาย • Circle: ไฟฉาย / รีโมท - ใช้เปิดหรือปิดไฟฉายพกพา และใช้กดรีโมททีวี แหล่งข้อมูล: https://gameinputdatabase.com/game/304,pipeline:structured_game_controls,games/game_control_lookup,100.0,True,0.3594,0,,,
MB-0307-GC-061,game_controls,psu_fact,Luigi's Mansion 3 ปุ่มทั้งหมดมีอะไรบ้าง,Luigi's Mansion 3 มีข้อมูลปุ่มควบคุมดังนี้: Nintendo Switch • L (Left Stick): เคลื่อนที่ - บังคับทิศทางการเดินของตัวละครในฉาก • R (Right Stick): หันหน้า / เล็ง - หันทิศทางของตัวละครเพื่อเล็งไฟฉายหรือทิศทางของเครื่องดูดฝุ่น • R3 (Click Right Stick): ระบบกูอิจิ - เรียก สลับตัว หรือเก็บกูอิจิ (Gooigi) ซึ่งเป็นคู่หูร่างเยลลี่สำหรับช่วยแก้ปริศนา • A: ฟาดผี - ฟาดผีลงกับพื้นเพื่อทำความเสียหาย เมื่อเกจการดูดเต็ม • B: เปลี่ยนการเคลื่อนที่ - ใช้สำหรับปรับเปลี่ยนหรือยกเลิกรูปแบบการเคลื่อนไหว • X: ไฟดาร์กไลต์ - ฉายแสงพิเศษเพื่อเปิดเผยสิ่งของที่ซ่อนอยู่ ล่องหน หรือถูกคำสาป • Y: ยิงจุกยาง - ยิงจุกยางติดสิ่งของหรือโล่ผี เพื่อใช้เครื่องดูดดึงทำลายสิ่งกีดขวาง • D-Pad Up: แผนที่ - เปิดหน้าจอแผนที่ของโรงแรม • ,pipeline:structured_game_controls,games/game_control_lookup,100.0,True,0.3542,0,,,
MB-0308-GC-062,game_controls,psu_fact,Luigi's Mansion 3 ใช้จอยยังไง,Luigi's Mansion 3 มีข้อมูลปุ่มควบคุมดังนี้: Nintendo Switch • L (Left Stick): เคลื่อนที่ - บังคับทิศทางการเดินของตัวละครในฉาก • R (Right Stick): หันหน้า / เล็ง - หันทิศทางของตัวละครเพื่อเล็งไฟฉายหรือทิศทางของเครื่องดูดฝุ่น • R3 (Click Right Stick): ระบบกูอิจิ - เรียก สลับตัว หรือเก็บกูอิจิ (Gooigi) ซึ่งเป็นคู่หูร่างเยลลี่สำหรับช่วยแก้ปริศนา • A: ฟาดผี - ฟาดผีลงกับพื้นเพื่อทำความเสียหาย เมื่อเกจการดูดเต็ม • B: เปลี่ยนการเคลื่อนที่ - ใช้สำหรับปรับเปลี่ยนหรือยกเลิกรูปแบบการเคลื่อนไหว • X: ไฟดาร์กไลต์ - ฉายแสงพิเศษเพื่อเปิดเผยสิ่งของที่ซ่อนอยู่ ล่องหน หรือถูกคำสาป • Y: ยิงจุกยาง - ยิงจุกยางติดสิ่งของหรือโล่ผี เพื่อใช้เครื่องดูดดึงทำลายสิ่งกีดขวาง • D-Pad Up: แผนที่ - เปิดหน้าจอแผนที่ของโรงแรม • ,pipeline:structured_game_controls,games/game_control_lookup,100.0,True,0.3361,0,,,
MB-0309-GC-063,game_controls,psu_fact,Luigi's Mansion 3 ปุ่มเคลื่อนที่กดอะไร,Luigi's Mansion 3 ปุ่มที่ตรงกับคำถาม: Nintendo Switch • L (Left Stick): เคลื่อนที่ - บังคับทิศทางการเดินของตัวละครในฉาก • B: เปลี่ยนการเคลื่อนที่ - ใช้สำหรับปรับเปลี่ยนหรือยกเลิกรูปแบบการเคลื่อนไหว • D-Pad Up: แผนที่ - เปิดหน้าจอแผนที่ของโรงแรม แหล่งข้อมูล: https://gameinputdatabase.com/game/179,pipeline:structured_game_controls,games/game_control_lookup,100.0,True,0.4714,0,,,
MB-0310-GC-064,game_controls,psu_fact,Luigi's Mansion 3 ปุ่มหันหน้า / เล็งกดอะไร,Luigi's Mansion 3 ปุ่มที่ตรงกับคำถาม: Nintendo Switch • R (Right Stick): หันหน้า / เล็ง - หันทิศทางของตัวละครเพื่อเล็งไฟฉายหรือทิศทางของเครื่องดูดฝุ่น แหล่งข้อมูล: https://gameinputdatabase.com/game/179,pipeline:structured_game_controls,games/game_control_lookup,100.0,True,0.4672,0,,,
MB-0311-GC-065,game_controls,psu_fact,Mario Kart 8 Deluxe ปุ่มทั้งหมดมีอะไรบ้าง,Mario Kart 8 Deluxe มีข้อมูลปุ่มควบคุมดังนี้: Nintendo Switch • L (Left Stick): เลี้ยว / ควบคุมทิศทาง - บังคับพวงมาลัยรถให้เลี้ยวไปทางซ้ายหรือขวา • A: เร่งเครื่อง - กดค้างไว้ตลอดเพื่อเร่งเครื่องยนต์ให้รถวิ่งไปข้างหน้า • B: เบรก / ถอยหลัง - แตะเพื่อเบรกชะลอความเร็ว หรือกดค้างไว้เมื่อรถหยุดนิ่งเพื่อขับถอยหลัง • X: มองหลัง - หันมุมกล้องไปมองด้านหลังเพื่อเช็กระยะห่างของคู่แข่งหรือไอเทมที่ตามมา • ZL: ใช้ไอเทม / บีบแตร - ใช้ไอเทมที่เก็บมาจากกล่องสุ่ม หากไม่มีไอเทมจะเป็นการบีบแตรรถ • ZR: ดริฟต์ - ใช้กระโดดและดริฟต์ขณะเข้าโค้งเพื่อทำความเร็ว หรือใช้ทำท่าผาดโผนเมื่อกระโดดออกจากเนินเร่งความเร็ว • + (Plus): หยุดเกม - หยุดเกมชั่วคราวเพื่อเข้าสู่เมนูหลักหรือตั้งค่าระบบช่วยเหลือ แหล่งข้อมูล: https://gamei,pipeline:structured_game_controls,games/game_control_lookup,100.0,True,0.4217,0,,,
MB-0312-GC-066,game_controls,psu_fact,Mario Kart 8 Deluxe ใช้จอยยังไง,Mario Kart 8 Deluxe มีข้อมูลปุ่มควบคุมดังนี้: Nintendo Switch • L (Left Stick): เลี้ยว / ควบคุมทิศทาง - บังคับพวงมาลัยรถให้เลี้ยวไปทางซ้ายหรือขวา • A: เร่งเครื่อง - กดค้างไว้ตลอดเพื่อเร่งเครื่องยนต์ให้รถวิ่งไปข้างหน้า • B: เบรก / ถอยหลัง - แตะเพื่อเบรกชะลอความเร็ว หรือกดค้างไว้เมื่อรถหยุดนิ่งเพื่อขับถอยหลัง • X: มองหลัง - หันมุมกล้องไปมองด้านหลังเพื่อเช็กระยะห่างของคู่แข่งหรือไอเทมที่ตามมา • ZL: ใช้ไอเทม / บีบแตร - ใช้ไอเทมที่เก็บมาจากกล่องสุ่ม หากไม่มีไอเทมจะเป็นการบีบแตรรถ • ZR: ดริฟต์ - ใช้กระโดดและดริฟต์ขณะเข้าโค้งเพื่อทำความเร็ว หรือใช้ทำท่าผาดโผนเมื่อกระโดดออกจากเนินเร่งความเร็ว • + (Plus): หยุดเกม - หยุดเกมชั่วคราวเพื่อเข้าสู่เมนูหลักหรือตั้งค่าระบบช่วยเหลือ แหล่งข้อมูล: https://gamei,pipeline:structured_game_controls,games/game_control_lookup,100.0,True,0.3156,0,,,
MB-0313-GC-067,game_controls,psu_fact,Mario Kart 8 Deluxe ปุ่มเลี้ยว / ควบคุมทิศทางกดอะไร,Mario Kart 8 Deluxe ปุ่มที่ตรงกับคำถาม: Nintendo Switch • L (Left Stick): เลี้ยว / ควบคุมทิศทาง - บังคับพวงมาลัยรถให้เลี้ยวไปทางซ้ายหรือขวา แหล่งข้อมูล: https://gameinputdatabase.com/game/57,pipeline:structured_game_controls,games/game_control_lookup,100.0,True,0.5174,0,,,
MB-0314-GC-068,game_controls,psu_fact,Mario Kart 8 Deluxe ปุ่มเร่งเครื่องกดอะไร,Mario Kart 8 Deluxe ปุ่มที่ตรงกับคำถาม: Nintendo Switch • A: เร่งเครื่อง - กดค้างไว้ตลอดเพื่อเร่งเครื่องยนต์ให้รถวิ่งไปข้างหน้า แหล่งข้อมูล: https://gameinputdatabase.com/game/57,pipeline:structured_game_controls,games/game_control_lookup,100.0,True,0.398,0,,,
MB-0315-GC-069,game_controls,psu_fact,Mario Party Superstars ปุ่มทั้งหมดมีอะไรบ้าง,"Mario Party Superstars มีข้อมูลปุ่มควบคุมดังนี้: Nintendo Switch • Button controls: เล่นบอร์ดและมินิเกมด้วยปุ่ม - แหล่งทางการยืนยันว่า 100 มินิเกมรองรับ button controls และเล่นได้ด้วย Joy-Con หรือ Nintendo Switch Pro Controller • Single Joy-Con / Joy-Con grip / Pro Controller: รูปแบบคอนโทรลเลอร์ที่รองรับ - สามารถเล่นด้วย Joy-Con เดี่ยว, Joy-Con grip, Nintendo Switch Pro Controller หรือ Nintendo Switch Lite ตามข้อมูล Play Nintendo แหล่งข้อมูล: https://play.nintendo.com/news-tips/game-releases/mario-party-superstars-game-announcement/",pipeline:structured_game_controls,games/game_control_lookup,100.0,True,0.4305,0,,,
MB-0316-GC-070,game_controls,psu_fact,Mario Party Superstars ใช้จอยยังไง,"Mario Party Superstars มีข้อมูลปุ่มควบคุมดังนี้: Nintendo Switch • Button controls: เล่นบอร์ดและมินิเกมด้วยปุ่ม - แหล่งทางการยืนยันว่า 100 มินิเกมรองรับ button controls และเล่นได้ด้วย Joy-Con หรือ Nintendo Switch Pro Controller • Single Joy-Con / Joy-Con grip / Pro Controller: รูปแบบคอนโทรลเลอร์ที่รองรับ - สามารถเล่นด้วย Joy-Con เดี่ยว, Joy-Con grip, Nintendo Switch Pro Controller หรือ Nintendo Switch Lite ตามข้อมูล Play Nintendo แหล่งข้อมูล: https://play.nintendo.com/news-tips/game-releases/mario-party-superstars-game-announcement/",pipeline:structured_game_controls,games/game_control_lookup,100.0,True,0.3666,0,,,
MB-0317-GC-071,game_controls,psu_fact,Mario Party Superstars ปุ่มเล่นบอร์ดและมินิเกมด้วยปุ่มกดอะไร,"Mario Party Superstars มีข้อมูลปุ่มควบคุมดังนี้: Nintendo Switch • Button controls: เล่นบอร์ดและมินิเกมด้วยปุ่ม - แหล่งทางการยืนยันว่า 100 มินิเกมรองรับ button controls และเล่นได้ด้วย Joy-Con หรือ Nintendo Switch Pro Controller • Single Joy-Con / Joy-Con grip / Pro Controller: รูปแบบคอนโทรลเลอร์ที่รองรับ - สามารถเล่นด้วย Joy-Con เดี่ยว, Joy-Con grip, Nintendo Switch Pro Controller หรือ Nintendo Switch Lite ตามข้อมูล Play Nintendo แหล่งข้อมูล: https://play.nintendo.com/news-tips/game-releases/mario-party-superstars-game-announcement/",pipeline:structured_game_controls,games/game_control_lookup,100.0,True,1.2428,0,,,
MB-0318-GC-072,game_controls,psu_fact,Mario Party Superstars ปุ่มรูปแบบคอนโทรลเลอร์ที่รองรับกดอะไร,"Mario Party Superstars ปุ่มที่ตรงกับคำถาม: Nintendo Switch • Single Joy-Con / Joy-Con grip / Pro Controller: รูปแบบคอนโทรลเลอร์ที่รองรับ - สามารถเล่นด้วย Joy-Con เดี่ยว, Joy-Con grip, Nintendo Switch Pro Controller หรือ Nintendo Switch Lite ตามข้อมูล Play Nintendo แหล่งข้อมูล: https://play.nintendo.com/news-tips/game-releases/mario-party-superstars-game-announcement/",pipeline:structured_game_controls,games/game_control_lookup,100.0,True,0.7039,0,,,
MB-0319-GC-073,game_controls,psu_fact,Marvel's Spider-Man 2 ปุ่มทั้งหมดมีอะไรบ้าง,Marvel's Spider-Man 2 มีข้อมูลปุ่มควบคุมดังนี้: PlayStation / PS5 • L (Left Stick): เคลื่อนที่ - บังคับทิศทางตัวละคร • L3: เกาะคอน / พุ่งหลาว - เกาะบนจุดแคบ ๆ หรือพุ่งตัวดิ่งลงพื้นขณะอยู่กลางอากาศ • R (Right Stick): มุมกล้อง - ควบคุมมุมกล้อง • R3: แสดงเป้าหมาย / สแกนพื้นที่ - ใช้สแกนหาตำแหน่งศัตรูและวัตถุต่าง ๆ รอบตัว • L2 (Hold): เล็ง - ซูมมุมกล้องเพื่อเล็งเป้า • L1: หลบหลีก(ปัดป้อง) / สกิล - กดเพื่อปัดป้อง (Parry) หรือกดค้างไว้เพื่อใช้เป็นปุ่มร่วมสำหรับปล่อยสกิลพิเศษ • R2 (Hold): โหนใย / ปากัวร์ - กดค้างเพื่อโหนใยไปตามตึก หรือวิ่งไต่กำแพง/กระโดดข้ามสิ่งกีดขวาง • R1: ยิงใย / อุปกรณ์แก็ดเจ็ต - กดเพื่อยิงใยใส่ศัตรู หรือกดค้างไว้เพื่อเปิดหน้าต่างเลือกใช้แก็ดเจ็ต • Triangle: ดึงตัวพุ่งโจมตี / ป,pipeline:structured_game_controls,games/game_control_lookup,100.0,True,0.4744,0,,,
MB-0320-GC-074,game_controls,psu_fact,Marvel's Spider-Man 2 ใช้จอยยังไง,Marvel's Spider-Man 2 มีข้อมูลปุ่มควบคุมดังนี้: PlayStation / PS5 • L (Left Stick): เคลื่อนที่ - บังคับทิศทางตัวละคร • L3: เกาะคอน / พุ่งหลาว - เกาะบนจุดแคบ ๆ หรือพุ่งตัวดิ่งลงพื้นขณะอยู่กลางอากาศ • R (Right Stick): มุมกล้อง - ควบคุมมุมกล้อง • R3: แสดงเป้าหมาย / สแกนพื้นที่ - ใช้สแกนหาตำแหน่งศัตรูและวัตถุต่าง ๆ รอบตัว • L2 (Hold): เล็ง - ซูมมุมกล้องเพื่อเล็งเป้า • L1: หลบหลีก(ปัดป้อง) / สกิล - กดเพื่อปัดป้อง (Parry) หรือกดค้างไว้เพื่อใช้เป็นปุ่มร่วมสำหรับปล่อยสกิลพิเศษ • R2 (Hold): โหนใย / ปากัวร์ - กดค้างเพื่อโหนใยไปตามตึก หรือวิ่งไต่กำแพง/กระโดดข้ามสิ่งกีดขวาง • R1: ยิงใย / อุปกรณ์แก็ดเจ็ต - กดเพื่อยิงใยใส่ศัตรู หรือกดค้างไว้เพื่อเปิดหน้าต่างเลือกใช้แก็ดเจ็ต • Triangle: ดึงตัวพุ่งโจมตี / ป,pipeline:structured_game_controls,games/game_control_lookup,100.0,True,0.3648,0,,,
MB-0321-GC-075,game_controls,psu_fact,Marvel's Spider-Man 2 ปุ่มเคลื่อนที่กดอะไร,Marvel's Spider-Man 2 ปุ่มที่ตรงกับคำถาม: PlayStation / PS5 • L (Left Stick): เคลื่อนที่ - บังคับทิศทางตัวละคร • R3: แสดงเป้าหมาย / สแกนพื้นที่ - ใช้สแกนหาตำแหน่งศัตรูและวัตถุต่าง ๆ รอบตัว • Touch Pad: แผนที่ / แอป FNSM - กดเพื่อดูแผนที่ หรือปัดนิ้วเพื่อเปิดแอปดูภารกิจ แหล่งข้อมูล: https://gameinputdatabase.com/game/69,pipeline:structured_game_controls,games/game_control_lookup,100.0,True,0.4247,0,,,
MB-0322-GC-076,game_controls,psu_fact,Marvel's Spider-Man 2 ปุ่มเกาะคอน / พุ่งหลาวกดอะไร,Marvel's Spider-Man 2 ปุ่มที่ตรงกับคำถาม: PlayStation / PS5 • L3: เกาะคอน / พุ่งหลาว - เกาะบนจุดแคบ ๆ หรือพุ่งตัวดิ่งลงพื้นขณะอยู่กลางอากาศ • Triangle: ดึงตัวพุ่งโจมตี / ปีกใยแมงมุม - พุ่งโจมตีศัตรู หรือกดตอนอยู่กลางอากาศเพื่อกางปีกร่อน แหล่งข้อมูล: https://gameinputdatabase.com/game/69,pipeline:structured_game_controls,games/game_control_lookup,100.0,True,0.5641,0,,,
MB-0323-GC-077,game_controls,psu_fact,Monster Hunter Rise ปุ่มทั้งหมดมีอะไรบ้าง,"Monster Hunter Rise มีข้อมูลปุ่มควบคุมดังนี้: PlayStation / PS5 • L (Left Stick): เคลื่อนที่ - บังคับทิศทางการเดินและเคลื่อนที่ของตัวละคร • R (Right Stick): มุมกล้อง - แพนมุมกล้องเพื่อดูสภาพแวดล้อมและมอนสเตอร์ • R3 (Click Right Stick): ล็อกเป้าหมาย - ล็อกเป้าหมายมอนสเตอร์เพื่อให้มุมกล้องหันตาม • L1: รีเซ็ตมุมกล้อง / เมนูลัด (กดค้าง) - กดเพื่อรีเซ็ตมุมกล้อง หรือกดค้างเพื่อเปิดวงล้อเมนูไอเทม • R1: วิ่งเร็ว (กดค้าง) - กดค้างเพื่อวิ่งสปรินต์ (ทำได้เมื่อเก็บอาวุธอยู่) • Cross: ย่อตัว / กลิ้งหลบ / กระโดด - ใช้เพื่อย่อตัว กลิ้งหลบการโจมตี หรือกระโดด • Circle: โต้ตอบ - เก็บของ, คุยกับ NPC, หรือแล่ชิ้นส่วน • Square: ใช้ไอเทม - กดเพื่อใช้ไอเทมที่เลือกไว้ หรือกดเพื่อเก็บอาวุธเข้าฝัก • Triangle: ชักอาวุ",pipeline:structured_game_controls,games/game_control_lookup,100.0,True,0.4195,0,,,
MB-0324-GC-078,game_controls,psu_fact,Monster Hunter Rise ใช้จอยยังไง,"Monster Hunter Rise มีข้อมูลปุ่มควบคุมดังนี้: PlayStation / PS5 • L (Left Stick): เคลื่อนที่ - บังคับทิศทางการเดินและเคลื่อนที่ของตัวละคร • R (Right Stick): มุมกล้อง - แพนมุมกล้องเพื่อดูสภาพแวดล้อมและมอนสเตอร์ • R3 (Click Right Stick): ล็อกเป้าหมาย - ล็อกเป้าหมายมอนสเตอร์เพื่อให้มุมกล้องหันตาม • L1: รีเซ็ตมุมกล้อง / เมนูลัด (กดค้าง) - กดเพื่อรีเซ็ตมุมกล้อง หรือกดค้างเพื่อเปิดวงล้อเมนูไอเทม • R1: วิ่งเร็ว (กดค้าง) - กดค้างเพื่อวิ่งสปรินต์ (ทำได้เมื่อเก็บอาวุธอยู่) • Cross: ย่อตัว / กลิ้งหลบ / กระโดด - ใช้เพื่อย่อตัว กลิ้งหลบการโจมตี หรือกระโดด • Circle: โต้ตอบ - เก็บของ, คุยกับ NPC, หรือแล่ชิ้นส่วน • Square: ใช้ไอเทม - กดเพื่อใช้ไอเทมที่เลือกไว้ หรือกดเพื่อเก็บอาวุธเข้าฝัก • Triangle: ชักอาวุ",pipeline:structured_game_controls,games/game_control_lookup,100.0,True,0.4124,0,,,
MB-0325-GC-079,game_controls,psu_fact,Monster Hunter Rise ปุ่มเคลื่อนที่กดอะไร,"Monster Hunter Rise ปุ่มที่ตรงกับคำถาม: PlayStation / PS5 • L (Left Stick): เคลื่อนที่ - บังคับทิศทางการเดินและเคลื่อนที่ของตัวละคร • Circle: โต้ตอบ - เก็บของ, คุยกับ NPC, หรือแล่ชิ้นส่วน • D-Pad Left / Right: แถบแอคชั่น: เลื่อนซ้าย/ขวา - เลื่อนเปลี่ยนคำสั่งในแถบ Action Bar ไปทางซ้ายหรือขวา • Touch Pad: แผนที่ - เปิดดูแผนที่แบบเต็มจอ แหล่งข้อมูล: https://gameinputdatabase.com/game/103",pipeline:structured_game_controls,games/game_control_lookup,100.0,True,0.5096,0,,,
MB-0326-GC-080,game_controls,psu_fact,Monster Hunter Rise ปุ่มมุมกล้องกดอะไร,"Monster Hunter Rise ปุ่มที่ตรงกับคำถาม: PlayStation / PS5 • R (Right Stick): มุมกล้อง - แพนมุมกล้องเพื่อดูสภาพแวดล้อมและมอนสเตอร์ • L1: รีเซ็ตมุมกล้อง / เมนูลัด (กดค้าง) - กดเพื่อรีเซ็ตมุมกล้อง หรือกดค้างเพื่อเปิดวงล้อเมนูไอเทม • Circle: โต้ตอบ - เก็บของ, คุยกับ NPC, หรือแล่ชิ้นส่วน แหล่งข้อมูล: https://gameinputdatabase.com/game/103",pipeline:structured_game_controls,games/game_control_lookup,100.0,True,0.4298,0,,,
MB-0327-GC-081,game_controls,psu_fact,Moving Out 2 ปุ่มทั้งหมดมีอะไรบ้าง,Moving Out 2 มีข้อมูลปุ่มควบคุมดังนี้: Nintendo Switch • L / ZL / R / ZR: จับ / ยก - ใช้สำหรับจับหรือยกเฟอร์นิเจอร์ สามารถกดปุ่มบ่าปุ่มใดก็ได้จากทั้ง 4 ปุ่ม • Left Stick: เคลื่อนที่ - บังคับการเดินและทิศทางของตัวละคร • D-Pad: แสดงอารมณ์ - แสดงท่าทางเต้นหรืออารมณ์ต่าง ๆ • + (Plus): หยุดเกม - หยุดเกมเพื่อเข้าสู่เมนูระบบ • X: คำใบ้ - เรียกดูคำใบ้ช่วยเหลือในการเล่น • A: กระโดด - กระโดดข้ามสิ่งกีดขวาง • Y / B: ขว้าง / ตบ - ขว้างสิ่งของที่ถืออยู่ หรือตบสิ่งแวดล้อม/เพื่อนร่วมทีม สามารถใช้ได้ทั้งปุ่ม Y และ B แหล่งข้อมูล: https://gameaccess.info/moving-out-controls-walkthrough/,pipeline:structured_game_controls,games/game_control_lookup,100.0,True,0.371,0,,,
MB-0328-GC-082,game_controls,psu_fact,Moving Out 2 ใช้จอยยังไง,Moving Out 2 มีข้อมูลปุ่มควบคุมดังนี้: Nintendo Switch • L / ZL / R / ZR: จับ / ยก - ใช้สำหรับจับหรือยกเฟอร์นิเจอร์ สามารถกดปุ่มบ่าปุ่มใดก็ได้จากทั้ง 4 ปุ่ม • Left Stick: เคลื่อนที่ - บังคับการเดินและทิศทางของตัวละคร • D-Pad: แสดงอารมณ์ - แสดงท่าทางเต้นหรืออารมณ์ต่าง ๆ • + (Plus): หยุดเกม - หยุดเกมเพื่อเข้าสู่เมนูระบบ • X: คำใบ้ - เรียกดูคำใบ้ช่วยเหลือในการเล่น • A: กระโดด - กระโดดข้ามสิ่งกีดขวาง • Y / B: ขว้าง / ตบ - ขว้างสิ่งของที่ถืออยู่ หรือตบสิ่งแวดล้อม/เพื่อนร่วมทีม สามารถใช้ได้ทั้งปุ่ม Y และ B แหล่งข้อมูล: https://gameaccess.info/moving-out-controls-walkthrough/,pipeline:structured_game_controls,games/game_control_lookup,100.0,True,0.306,0,,,
MB-0329-GC-083,game_controls,psu_fact,Moving Out 2 ปุ่มจับ / ยกกดอะไร,Moving Out 2 ปุ่มที่ตรงกับคำถาม: Nintendo Switch • L / ZL / R / ZR: จับ / ยก - ใช้สำหรับจับหรือยกเฟอร์นิเจอร์ สามารถกดปุ่มบ่าปุ่มใดก็ได้จากทั้ง 4 ปุ่ม แหล่งข้อมูล: https://gameaccess.info/moving-out-controls-walkthrough/,pipeline:structured_game_controls,games/game_control_lookup,100.0,True,0.3926,0,,,
MB-0330-GC-084,game_controls,psu_fact,Moving Out 2 ปุ่มเคลื่อนที่กดอะไร,Moving Out 2 ปุ่มที่ตรงกับคำถาม: Nintendo Switch • Left Stick: เคลื่อนที่ - บังคับการเดินและทิศทางของตัวละคร แหล่งข้อมูล: https://gameaccess.info/moving-out-controls-walkthrough/,pipeline:structured_game_controls,games/game_control_lookup,100.0,True,0.3727,0,,,
MB-0331-GC-085,game_controls,psu_fact,NARUTO X BORUTO Ultimate Ninja STORM CONNECTIONS ปุ่มทั้งหมดมีอะไรบ้าง,NARUTO X BORUTO Ultimate Ninja STORM CONNECTIONS มีข้อมูลปุ่มควบคุมดังนี้: PlayStation / PS5 • LS (Left Stick): เคลื่อนที่ - บังคับทิศทางของตัวละคร • RS (Right Stick) Left/Right: เปลี่ยนตัวละครหลัก - ดันซ้ายหรือขวาเพื่อสลับบังคับเพื่อนร่วมทีมทันที • Circle: โจมตีระยะประชิด - ต่อย/เตะ ทำคอมโบกระบวนท่า • Triangle: คาถานินจา / จักระ - รีดเร้นจักระเพื่อใช้คาถาหรือท่าไม้ตายลับ (Secret Technique) • Square: ดาวกระจาย - ปาดาวกระจายโจมตีระยะไกล • Cross: กระโดด - กระโดด หรือพุ่งตัวเข้าหาศัตรู • L2: คาถาสลับร่าง - สลับร่างหลบการโจมตี (ใช้เกจหลบหลีก) • R2: ป้องกัน - ตั้งการ์ดบล็อกการโจมตี • L1: กำลังเสริม 1 - เรียกตัวละครซัพพอร์ตคนที่ 1 • R1: กำลังเสริม 2 - เรียกตัวละครซัพพอร์ตคนที่ 2 • D-Pad: ใช้อุปกรณ,pipeline:structured_game_controls,games/game_control_lookup,100.0,True,0.5807,0,,,
MB-0332-GC-086,game_controls,psu_fact,NARUTO X BORUTO Ultimate Ninja STORM CONNECTIONS ใช้จอยยังไง,NARUTO X BORUTO Ultimate Ninja STORM CONNECTIONS มีข้อมูลปุ่มควบคุมดังนี้: PlayStation / PS5 • LS (Left Stick): เคลื่อนที่ - บังคับทิศทางของตัวละคร • RS (Right Stick) Left/Right: เปลี่ยนตัวละครหลัก - ดันซ้ายหรือขวาเพื่อสลับบังคับเพื่อนร่วมทีมทันที • Circle: โจมตีระยะประชิด - ต่อย/เตะ ทำคอมโบกระบวนท่า • Triangle: คาถานินจา / จักระ - รีดเร้นจักระเพื่อใช้คาถาหรือท่าไม้ตายลับ (Secret Technique) • Square: ดาวกระจาย - ปาดาวกระจายโจมตีระยะไกล • Cross: กระโดด - กระโดด หรือพุ่งตัวเข้าหาศัตรู • L2: คาถาสลับร่าง - สลับร่างหลบการโจมตี (ใช้เกจหลบหลีก) • R2: ป้องกัน - ตั้งการ์ดบล็อกการโจมตี • L1: กำลังเสริม 1 - เรียกตัวละครซัพพอร์ตคนที่ 1 • R1: กำลังเสริม 2 - เรียกตัวละครซัพพอร์ตคนที่ 2 • D-Pad: ใช้อุปกรณ,pipeline:structured_game_controls,games/game_control_lookup,100.0,True,0.4903,0,,,
MB-0333-GC-087,game_controls,psu_fact,NARUTO X BORUTO Ultimate Ninja STORM CONNECTIONS ปุ่มเคลื่อนที่กดอะไร,NARUTO X BORUTO Ultimate Ninja STORM CONNECTIONS ปุ่มที่ตรงกับคำถาม: PlayStation / PS5 • LS (Left Stick): เคลื่อนที่ - บังคับทิศทางของตัวละคร • Triangle: คาถานินจา / จักระ - รีดเร้นจักระเพื่อใช้คาถาหรือท่าไม้ตายลับ (Secret Technique) • L2: คาถาสลับร่าง - สลับร่างหลบการโจมตี (ใช้เกจหลบหลีก) • D-Pad: ใช้อุปกรณ์นินจา - ใช้งานไอเทม 4 ทิศทาง แหล่งข้อมูล: https://en.bandainamcoent.eu/naruto/news/5-tips-you-should-know-playing-naruto-x-boruto-ultimate-ninja-storm-connections,pipeline:structured_game_controls,games/game_control_lookup,100.0,True,0.572,0,,,
MB-0334-GC-088,game_controls,psu_fact,NARUTO X BORUTO Ultimate Ninja STORM CONNECTIONS ปุ่มเปลี่ยนตัวละครหลักกดอะไร,NARUTO X BORUTO Ultimate Ninja STORM CONNECTIONS ปุ่มที่ตรงกับคำถาม: PlayStation / PS5 • RS (Right Stick) Left/Right: เปลี่ยนตัวละครหลัก - ดันซ้ายหรือขวาเพื่อสลับบังคับเพื่อนร่วมทีมทันที • Triangle: คาถานินจา / จักระ - รีดเร้นจักระเพื่อใช้คาถาหรือท่าไม้ตายลับ (Secret Technique) • L2: คาถาสลับร่าง - สลับร่างหลบการโจมตี (ใช้เกจหลบหลีก) • D-Pad: ใช้อุปกรณ์นินจา - ใช้งานไอเทม 4 ทิศทาง แหล่งข้อมูล: https://en.bandainamcoent.eu/naruto/news/5-tips-you-should-know-playing-naruto-x-boruto-ultimate-ninja-storm-connections,pipeline:structured_game_controls,games/game_control_lookup,100.0,True,0.6965,0,,,
MB-0335-GC-089,game_controls,psu_fact,New Super Mario Bros. U Deluxe ปุ่มทั้งหมดมีอะไรบ้าง,New Super Mario Bros. U Deluxe มีข้อมูลปุ่มควบคุมดังนี้: Nintendo Switch • One Joy-Con: ควบคุมตัวละครด้วย Joy-Con เดี่ยว - หน้า Nintendo ระบุว่าใช้ Joy-Con เพียงหนึ่งข้างก็เล่นได้ เหมาะกับการเล่นหลายคน • Simple controls: วิ่ง กระโดด และเหยียบศัตรู - หน้า Nintendo อธิบายการเล่นเป็นเกม 2D side-scrolling ที่ใช้การวิ่ง กระโดด และเหยียบศัตรู แต่ไม่ได้ให้ปุ่มละเอียดรายปุ่ม แหล่งข้อมูล: https://www.nintendo.com/sg/switch/adal/index.html,pipeline:structured_game_controls,games/game_control_lookup,100.0,True,0.5337,0,,,
MB-0336-GC-090,game_controls,psu_fact,New Super Mario Bros. U Deluxe ใช้จอยยังไง,New Super Mario Bros. U Deluxe มีข้อมูลปุ่มควบคุมดังนี้: Nintendo Switch • One Joy-Con: ควบคุมตัวละครด้วย Joy-Con เดี่ยว - หน้า Nintendo ระบุว่าใช้ Joy-Con เพียงหนึ่งข้างก็เล่นได้ เหมาะกับการเล่นหลายคน • Simple controls: วิ่ง กระโดด และเหยียบศัตรู - หน้า Nintendo อธิบายการเล่นเป็นเกม 2D side-scrolling ที่ใช้การวิ่ง กระโดด และเหยียบศัตรู แต่ไม่ได้ให้ปุ่มละเอียดรายปุ่ม แหล่งข้อมูล: https://www.nintendo.com/sg/switch/adal/index.html,pipeline:structured_game_controls,games/game_control_lookup,100.0,True,0.4087,0,,,
MB-0337-GC-091,game_controls,psu_fact,New Super Mario Bros. U Deluxe ปุ่มควบคุมตัวละครด้วย Joy-Con เดี่ยวกดอะไร,New Super Mario Bros. U Deluxe ปุ่มที่ตรงกับคำถาม: Nintendo Switch • One Joy-Con: ควบคุมตัวละครด้วย Joy-Con เดี่ยว - หน้า Nintendo ระบุว่าใช้ Joy-Con เพียงหนึ่งข้างก็เล่นได้ เหมาะกับการเล่นหลายคน แหล่งข้อมูล: https://www.nintendo.com/sg/switch/adal/index.html,pipeline:structured_game_controls,games/game_control_lookup,100.0,True,0.692,0,,,
MB-0338-GC-092,game_controls,psu_fact,New Super Mario Bros. U Deluxe ปุ่มวิ่ง กระโดด และเหยียบศัตรูกดอะไร,New Super Mario Bros. U Deluxe ปุ่มที่ตรงกับคำถาม: Nintendo Switch • Simple controls: วิ่ง กระโดด และเหยียบศัตรู - หน้า Nintendo อธิบายการเล่นเป็นเกม 2D side-scrolling ที่ใช้การวิ่ง กระโดด และเหยียบศัตรู แต่ไม่ได้ให้ปุ่มละเอียดรายปุ่ม แหล่งข้อมูล: https://www.nintendo.com/sg/switch/adal/index.html,pipeline:structured_game_controls,games/game_control_lookup,100.0,True,0.5482,0,,,
MB-0339-GC-093,game_controls,psu_fact,Nintendo Switch Sports ปุ่มทั้งหมดมีอะไรบ้าง,Nintendo Switch Sports มีข้อมูลปุ่มควบคุมดังนี้: Nintendo Switch • Joy-Con motion: เล่นท่ากีฬาด้วยการขยับ Joy-Con - เกมใช้ Joy-Con หรือ Joy-Con 2 ตามชนิดกีฬาที่เลือก โดยการออกท่าจะขึ้นกับกีฬานั้น ๆ • X Button on sport-selection screen: เลือกโหมดสายรัดขาใน Soccer ตอน Play Globally - ในหน้าเลือกกีฬา ให้เลือก Soccer แล้วกด X เพื่อเปลี่ยนเป็น Leg-Strap Mode • + Button on controller-holding screen: เลือกโหมดสายรัดขาใน Soccer ตอนเล่น Local/Friends - ในหน้าวิธีถือ Joy-Con ให้กด + เพื่อเปลี่ยนเป็น Leg-Strap Mode แหล่งข้อมูล: https://en-americas-support.nintendo.com/app/answers/detail/a_id/58596/~/nintendo-switch-sports-faq,pipeline:structured_game_controls,games/game_control_lookup,100.0,True,0.3632,0,,,
MB-0340-GC-094,game_controls,psu_fact,Nintendo Switch Sports ใช้จอยยังไง,Nintendo Switch Sports มีข้อมูลปุ่มควบคุมดังนี้: Nintendo Switch • Joy-Con motion: เล่นท่ากีฬาด้วยการขยับ Joy-Con - เกมใช้ Joy-Con หรือ Joy-Con 2 ตามชนิดกีฬาที่เลือก โดยการออกท่าจะขึ้นกับกีฬานั้น ๆ • X Button on sport-selection screen: เลือกโหมดสายรัดขาใน Soccer ตอน Play Globally - ในหน้าเลือกกีฬา ให้เลือก Soccer แล้วกด X เพื่อเปลี่ยนเป็น Leg-Strap Mode • + Button on controller-holding screen: เลือกโหมดสายรัดขาใน Soccer ตอนเล่น Local/Friends - ในหน้าวิธีถือ Joy-Con ให้กด + เพื่อเปลี่ยนเป็น Leg-Strap Mode แหล่งข้อมูล: https://en-americas-support.nintendo.com/app/answers/detail/a_id/58596/~/nintendo-switch-sports-faq,pipeline:structured_game_controls,games/game_control_lookup,100.0,True,0.3233,0,,,
MB-0341-GC-095,game_controls,psu_fact,Nintendo Switch Sports ปุ่มเล่นท่ากีฬาด้วยการขยับ Joy-Conกดอะไร,Nintendo Switch Sports ปุ่มที่ตรงกับคำถาม: Nintendo Switch • Joy-Con motion: เล่นท่ากีฬาด้วยการขยับ Joy-Con - เกมใช้ Joy-Con หรือ Joy-Con 2 ตามชนิดกีฬาที่เลือก โดยการออกท่าจะขึ้นกับกีฬานั้น ๆ • + Button on controller-holding screen: เลือกโหมดสายรัดขาใน Soccer ตอนเล่น Local/Friends - ในหน้าวิธีถือ Joy-Con ให้กด + เพื่อเปลี่ยนเป็น Leg-Strap Mode แหล่งข้อมูล: https://en-americas-support.nintendo.com/app/answers/detail/a_id/58596/~/nintendo-switch-sports-faq,pipeline:structured_game_controls,games/game_control_lookup,100.0,True,0.4905,0,,,
MB-0342-GC-096,game_controls,psu_fact,Nintendo Switch Sports ปุ่มเลือกโหมดสายรัดขาใน Soccer ตอน Play Globallyกดอะไร,Nintendo Switch Sports มีข้อมูลปุ่มควบคุมดังนี้: Nintendo Switch • Joy-Con motion: เล่นท่ากีฬาด้วยการขยับ Joy-Con - เกมใช้ Joy-Con หรือ Joy-Con 2 ตามชนิดกีฬาที่เลือก โดยการออกท่าจะขึ้นกับกีฬานั้น ๆ • X Button on sport-selection screen: เลือกโหมดสายรัดขาใน Soccer ตอน Play Globally - ในหน้าเลือกกีฬา ให้เลือก Soccer แล้วกด X เพื่อเปลี่ยนเป็น Leg-Strap Mode • + Button on controller-holding screen: เลือกโหมดสายรัดขาใน Soccer ตอนเล่น Local/Friends - ในหน้าวิธีถือ Joy-Con ให้กด + เพื่อเปลี่ยนเป็น Leg-Strap Mode แหล่งข้อมูล: https://en-americas-support.nintendo.com/app/answers/detail/a_id/58596/~/nintendo-switch-sports-faq,pipeline:structured_game_controls,games/game_control_lookup,100.0,True,0.5403,0,,,
MB-0343-GC-097,game_controls,psu_fact,Overcooked 2 ปุ่มทั้งหมดมีอะไรบ้าง,Overcooked! 2 มีอยู่ในรายการเกมที่ยืนยันได้ของ PSU Esports Studio - Phuket ครับ Overcooked 2 คือเกมทำอาหารแบบร่วมมือกัน ผู้เล่นต้องแบ่งหน้าที่ เตรียมอาหาร เสิร์ฟ และจัดการครัวที่วุ่นวาย แนวเกม: เกม Co-op ทำอาหาร วิธีเล่นโดยสรุป: ช่วยกันหั่นวัตถุดิบ ปรุง เสิร์ฟ ล้างจาน และสื่อสารกับทีมให้ทันเวลา เล่นได้ที่: Nintendo Switch Zone ยังไม่พบข้อมูลปุ่มควบคุมของ Overcooked! 2 ที่ยืนยันได้ในฐานข้อมูลตอนนี้ครับ แหล่งข้อมูล: https://esports.phuket.psu.ac.th/Services/our-games,pipeline:structured_game_controls_no_data,games/game_control_lookup,100.0,True,0.4056,0,,,
MB-0344-GC-098,game_controls,psu_fact,Overcooked 2 ใช้จอยยังไง,Overcooked! 2 มีอยู่ในรายการเกมที่ยืนยันได้ของ PSU Esports Studio - Phuket ครับ Overcooked 2 คือเกมทำอาหารแบบร่วมมือกัน ผู้เล่นต้องแบ่งหน้าที่ เตรียมอาหาร เสิร์ฟ และจัดการครัวที่วุ่นวาย แนวเกม: เกม Co-op ทำอาหาร วิธีเล่นโดยสรุป: ช่วยกันหั่นวัตถุดิบ ปรุง เสิร์ฟ ล้างจาน และสื่อสารกับทีมให้ทันเวลา เล่นได้ที่: Nintendo Switch Zone ยังไม่พบข้อมูลปุ่มควบคุมของ Overcooked! 2 ที่ยืนยันได้ในฐานข้อมูลตอนนี้ครับ แหล่งข้อมูล: https://esports.phuket.psu.ac.th/Services/our-games,pipeline:structured_game_controls_no_data,games/game_control_lookup,100.0,True,0.2893,0,,,
MB-0345-GC-099,game_controls,psu_fact,Overcooked 2 ปุ่มเคลื่อนที่กดอะไร,Overcooked! 2 มีอยู่ในรายการเกมที่ยืนยันได้ของ PSU Esports Studio - Phuket ครับ Overcooked 2 คือเกมทำอาหารแบบร่วมมือกัน ผู้เล่นต้องแบ่งหน้าที่ เตรียมอาหาร เสิร์ฟ และจัดการครัวที่วุ่นวาย แนวเกม: เกม Co-op ทำอาหาร วิธีเล่นโดยสรุป: ช่วยกันหั่นวัตถุดิบ ปรุง เสิร์ฟ ล้างจาน และสื่อสารกับทีมให้ทันเวลา เล่นได้ที่: Nintendo Switch Zone ยังไม่พบข้อมูลปุ่มควบคุมของ Overcooked! 2 ที่ยืนยันได้ในฐานข้อมูลตอนนี้ครับ แหล่งข้อมูล: https://esports.phuket.psu.ac.th/Services/our-games,pipeline:structured_game_controls_no_data,games/game_control_lookup,100.0,True,0.4171,0,,,
MB-0346-GC-100,game_controls,psu_fact,Overcooked 2 ปุ่มหยิบ / วางกดอะไร,Overcooked! 2 มีอยู่ในรายการเกมที่ยืนยันได้ของ PSU Esports Studio - Phuket ครับ Overcooked 2 คือเกมทำอาหารแบบร่วมมือกัน ผู้เล่นต้องแบ่งหน้าที่ เตรียมอาหาร เสิร์ฟ และจัดการครัวที่วุ่นวาย แนวเกม: เกม Co-op ทำอาหาร วิธีเล่นโดยสรุป: ช่วยกันหั่นวัตถุดิบ ปรุง เสิร์ฟ ล้างจาน และสื่อสารกับทีมให้ทันเวลา เล่นได้ที่: Nintendo Switch Zone ยังไม่พบข้อมูลปุ่มควบคุมของ Overcooked! 2 ที่ยืนยันได้ในฐานข้อมูลตอนนี้ครับ แหล่งข้อมูล: https://esports.phuket.psu.ac.th/Services/our-games,pipeline:structured_game_controls_no_data,games/game_control_lookup,100.0,True,0.3824,0,,,
MB-0347-GC-101,game_controls,psu_fact,PUBG: BATTLEGROUNDS ปุ่มทั้งหมดมีอะไรบ้าง,PUBG: BATTLEGROUNDS มีข้อมูลปุ่มควบคุมดังนี้: PC • W / A / S / D: เคลื่อนที่ - เคลื่อนที่ตัวละคร • F: โต้ตอบ - เก็บของ เปิดประตู หรือใช้งานวัตถุ • C: ย่อตัว - ย่อตัว • Z: หมอบ - นอนหมอบ • Shift: วิ่ง / กลั้นหายใจ - วิ่งเร็ว และใช้กลั้นหายใจตอนเล็ง ADS • Ctrl: เดิน - เดินช้า • Space: กระโดด - กระโดด • Tab / I: เปิดกระเป๋า - เปิด inventory • M: เปิดแผนที่ - เปิดแผนที่ • Alt: มองอิสระ - มองรอบตัวโดยไม่เปลี่ยนทิศทางเดิน • Q / E: เอียงซ้าย / เอียงขวา - เอียงตัวเพื่อ peek • R: รีโหลด - เปลี่ยนกระสุน • B: เปลี่ยนโหมดยิง - สลับโหมดยิงของอาวุธ • X: เก็บ/ถอดอาวุธ - เก็บอาวุธที่ถืออยู่ • Left Mouse Button: ยิง - ยิงอาวุธ • Right Mouse Button: เล็ง - เล็งแบบ soft aim หรือ ADS ตาม setting • 1 / 2 / 3 / 4,pipeline:structured_game_controls,games/game_control_lookup,100.0,True,0.4113,0,,,
MB-0348-GC-102,game_controls,psu_fact,PUBG: BATTLEGROUNDS ใช้จอยยังไง,PUBG: BATTLEGROUNDS มีข้อมูลปุ่มควบคุมดังนี้: PC • W / A / S / D: เคลื่อนที่ - เคลื่อนที่ตัวละคร • F: โต้ตอบ - เก็บของ เปิดประตู หรือใช้งานวัตถุ • C: ย่อตัว - ย่อตัว • Z: หมอบ - นอนหมอบ • Shift: วิ่ง / กลั้นหายใจ - วิ่งเร็ว และใช้กลั้นหายใจตอนเล็ง ADS • Ctrl: เดิน - เดินช้า • Space: กระโดด - กระโดด • Tab / I: เปิดกระเป๋า - เปิด inventory • M: เปิดแผนที่ - เปิดแผนที่ • Alt: มองอิสระ - มองรอบตัวโดยไม่เปลี่ยนทิศทางเดิน • Q / E: เอียงซ้าย / เอียงขวา - เอียงตัวเพื่อ peek • R: รีโหลด - เปลี่ยนกระสุน • B: เปลี่ยนโหมดยิง - สลับโหมดยิงของอาวุธ • X: เก็บ/ถอดอาวุธ - เก็บอาวุธที่ถืออยู่ • Left Mouse Button: ยิง - ยิงอาวุธ • Right Mouse Button: เล็ง - เล็งแบบ soft aim หรือ ADS ตาม setting • 1 / 2 / 3 / 4,pipeline:structured_game_controls,games/game_control_lookup,100.0,True,0.2987,0,,,
MB-0349-GC-103,game_controls,psu_fact,PUBG: BATTLEGROUNDS ปุ่มเคลื่อนที่กดอะไร,PUBG: BATTLEGROUNDS ปุ่มที่ตรงกับคำถาม: PC • W / A / S / D: เคลื่อนที่ - เคลื่อนที่ตัวละคร • M: เปิดแผนที่ - เปิดแผนที่ แหล่งข้อมูล: https://gamefaqs.gamespot.com/pc/206545-playerunknowns-battlegrounds/faqs/76480/controls,pipeline:structured_game_controls,games/game_control_lookup,100.0,True,0.4565,0,,,
MB-0350-GC-104,game_controls,psu_fact,PUBG: BATTLEGROUNDS ปุ่มโต้ตอบกดอะไร,PUBG: BATTLEGROUNDS ปุ่มที่ตรงกับคำถาม: PC • F: โต้ตอบ - เก็บของ เปิดประตู หรือใช้งานวัตถุ แหล่งข้อมูล: https://gamefaqs.gamespot.com/pc/206545-playerunknowns-battlegrounds/faqs/76480/controls,pipeline:structured_game_controls,games/game_control_lookup,100.0,True,0.3905,0,,,
MB-0351-GC-105,game_controls,psu_fact,Resident Evil 4 (Remake) ปุ่มทั้งหมดมีอะไรบ้าง,Resident Evil 4 (Remake) มีข้อมูลปุ่มควบคุมดังนี้: PlayStation / PS5 • L (Left Stick): เคลื่อนที่ • L3: วิ่งสปรินต์ • R (Right Stick): มุมกล้อง • L2 (Hold): เล็ง • L1: ปัดป้อง • R1: วิ่ง / กลับหลังหัน • R2: ยิง / โจมตีด้วยมีด • Triangle: คลังไอเทม • Circle: ย่อตัว • Square: รีโหลด • Cross: โต้ตอบ • D-Pad: เปลี่ยนอาวุธ • Options: หยุดเกม • Touch Pad: แผนที่ แหล่งข้อมูล: https://gameinputdatabase.com/game/45,pipeline:structured_game_controls,games/game_control_lookup,100.0,True,0.4695,0,,,
MB-0352-GC-106,game_controls,psu_fact,Resident Evil 4 (Remake) ใช้จอยยังไง,Resident Evil 4 (Remake) มีข้อมูลปุ่มควบคุมดังนี้: PlayStation / PS5 • L (Left Stick): เคลื่อนที่ • L3: วิ่งสปรินต์ • R (Right Stick): มุมกล้อง • L2 (Hold): เล็ง • L1: ปัดป้อง • R1: วิ่ง / กลับหลังหัน • R2: ยิง / โจมตีด้วยมีด • Triangle: คลังไอเทม • Circle: ย่อตัว • Square: รีโหลด • Cross: โต้ตอบ • D-Pad: เปลี่ยนอาวุธ • Options: หยุดเกม • Touch Pad: แผนที่ แหล่งข้อมูล: https://gameinputdatabase.com/game/45,pipeline:structured_game_controls,games/game_control_lookup,100.0,True,0.3362,0,,,
MB-0353-GC-107,game_controls,psu_fact,Resident Evil 4 (Remake) ปุ่มเคลื่อนที่กดอะไร,Resident Evil 4 (Remake) ปุ่มที่ตรงกับคำถาม: PlayStation / PS5 • L (Left Stick): เคลื่อนที่ • Touch Pad: แผนที่ แหล่งข้อมูล: https://gameinputdatabase.com/game/45,pipeline:structured_game_controls,games/game_control_lookup,100.0,True,0.4914,0,,,
MB-0354-GC-108,game_controls,psu_fact,Resident Evil 4 (Remake) ปุ่มวิ่งสปรินต์กดอะไร,Resident Evil 4 (Remake) ปุ่มที่ตรงกับคำถาม: PlayStation / PS5 • L3: วิ่งสปรินต์ • R1: วิ่ง / กลับหลังหัน แหล่งข้อมูล: https://gameinputdatabase.com/game/45,pipeline:structured_game_controls,games/game_control_lookup,100.0,True,0.4938,0,,,
MB-0355-GC-109,game_controls,psu_fact,Resident Evil Village ปุ่มทั้งหมดมีอะไรบ้าง,Resident Evil Village มีข้อมูลปุ่มควบคุมดังนี้: PlayStation / PS5 • L (Left Stick): เคลื่อนที่ - บังคับทิศทางการเดินและการเคลื่อนไหวของตัวละคร Ethan Winters • L3 (Click Left Stick): วิ่งเร็ว / สปรินต์ - กดลงไปในขณะเคลื่อนที่เพื่อเร่งความเร็วในการวิ่งหนีหรือเข้าหาที่กำบัง • R (Right Stick): ควบคุมมุมมอง / หันกล้อง - หมุนเพื่อกวาดสายตา หันหัวตัวละคร มองรอบ ๆ หรือใช้ในการเล็งเป้า • R3 (Click Right Stick): ย่อตัว - กดเพื่อย่อตัวลงต่ำ ใช้สำหรับลอดช่องแคบ ซ่อนตัว หรือหลบการโจมตีระดับสายตา • L2: เล็งเป้า / เล็งปืน - ยกอาวุธปืนขึ้นมาเล็งเพื่อบีบเป้าให้แคบลงและเพิ่มความแม่นยำในการยิง • L1: ยกการ์ด / ป้องกัน - ยกแขนขึ้นมาตั้งการ์ดบังการโจมตีของศัตรูเพื่อลดความเสียหาย (หากกดถูกจังหวะจะสามารถผลักศัตรูให,pipeline:structured_game_controls,games/game_control_lookup,100.0,True,0.476,0,,,
MB-0356-GC-110,game_controls,psu_fact,Resident Evil Village ใช้จอยยังไง,Resident Evil Village มีข้อมูลปุ่มควบคุมดังนี้: PlayStation / PS5 • L (Left Stick): เคลื่อนที่ - บังคับทิศทางการเดินและการเคลื่อนไหวของตัวละคร Ethan Winters • L3 (Click Left Stick): วิ่งเร็ว / สปรินต์ - กดลงไปในขณะเคลื่อนที่เพื่อเร่งความเร็วในการวิ่งหนีหรือเข้าหาที่กำบัง • R (Right Stick): ควบคุมมุมมอง / หันกล้อง - หมุนเพื่อกวาดสายตา หันหัวตัวละคร มองรอบ ๆ หรือใช้ในการเล็งเป้า • R3 (Click Right Stick): ย่อตัว - กดเพื่อย่อตัวลงต่ำ ใช้สำหรับลอดช่องแคบ ซ่อนตัว หรือหลบการโจมตีระดับสายตา • L2: เล็งเป้า / เล็งปืน - ยกอาวุธปืนขึ้นมาเล็งเพื่อบีบเป้าให้แคบลงและเพิ่มความแม่นยำในการยิง • L1: ยกการ์ด / ป้องกัน - ยกแขนขึ้นมาตั้งการ์ดบังการโจมตีของศัตรูเพื่อลดความเสียหาย (หากกดถูกจังหวะจะสามารถผลักศัตรูให,pipeline:structured_game_controls,games/game_control_lookup,100.0,True,0.3745,0,,,
MB-0357-GC-111,game_controls,psu_fact,Resident Evil Village ปุ่มเคลื่อนที่กดอะไร,Resident Evil Village ปุ่มที่ตรงกับคำถาม: PlayStation / PS5 • L (Left Stick): เคลื่อนที่ - บังคับทิศทางการเดินและการเคลื่อนไหวของตัวละคร Ethan Winters • Touch Pad: แผนที่ - เปิดดูแผนที่จำลองของพื้นที่หรือหมู่บ้าน เพื่อเช็กเส้นทางและห้องที่ยังสำรวจไม่ครบ แหล่งข้อมูล: https://gameinputdatabase.com/game/234,pipeline:structured_game_controls,games/game_control_lookup,100.0,True,0.4838,0,,,
MB-0358-GC-112,game_controls,psu_fact,Resident Evil Village ปุ่มวิ่งเร็ว / สปรินต์กดอะไร,Resident Evil Village ปุ่มที่ตรงกับคำถาม: PlayStation / PS5 • L3 (Click Left Stick): วิ่งเร็ว / สปรินต์ - กดลงไปในขณะเคลื่อนที่เพื่อเร่งความเร็วในการวิ่งหนีหรือเข้าหาที่กำบัง แหล่งข้อมูล: https://gameinputdatabase.com/game/234,pipeline:structured_game_controls,games/game_control_lookup,100.0,True,0.5173,0,,,
MB-0359-GC-113,game_controls,psu_fact,Ring Fit Adventure ปุ่มทั้งหมดมีอะไรบ้าง,Ring Fit Adventure มีข้อมูลปุ่มควบคุมดังนี้: Nintendo Switch • Joy-Con (R) Control Stick: เลื่อนเคอร์เซอร์ - ใช้เลื่อนเคอร์เซอร์ในเมนู โดย Joy-Con (R) คือจอยที่ใส่กับ Ring-Con • X Button: ยืนยันการเลือก - ใช้ยืนยันการเลือกในเมนู • A Button: ยกเลิกการเลือก - ใช้ยกเลิกหรือย้อนกลับจากการเลือกในเมนู • Ring-Con tilt: เลื่อนเคอร์เซอร์ด้วย Ring-Con - ถือ Ring-Con เหมือนพวงมาลัย แล้วเอียงซ้ายขวาหรือยกขึ้นลงเพื่อเลื่อนเคอร์เซอร์ • Press Ring-Con inward: ยืนยันด้วย Ring-Con - กด Ring-Con เข้าด้านในเพื่อยืนยันการเลือก • Pull Ring-Con outward: ยกเลิกด้วย Ring-Con - ดึง Ring-Con ออกด้านนอกเพื่อยกเลิกการเลือก แหล่งข้อมูล: https://en-americas-support.nintendo.com/app/answers/detail/a_id/47833/~/how-do-i-co,pipeline:structured_game_controls,games/game_control_lookup,100.0,True,0.4095,0,,,
MB-0360-GC-114,game_controls,psu_fact,Ring Fit Adventure ใช้จอยยังไง,Ring Fit Adventure มีข้อมูลปุ่มควบคุมดังนี้: Nintendo Switch • Joy-Con (R) Control Stick: เลื่อนเคอร์เซอร์ - ใช้เลื่อนเคอร์เซอร์ในเมนู โดย Joy-Con (R) คือจอยที่ใส่กับ Ring-Con • X Button: ยืนยันการเลือก - ใช้ยืนยันการเลือกในเมนู • A Button: ยกเลิกการเลือก - ใช้ยกเลิกหรือย้อนกลับจากการเลือกในเมนู • Ring-Con tilt: เลื่อนเคอร์เซอร์ด้วย Ring-Con - ถือ Ring-Con เหมือนพวงมาลัย แล้วเอียงซ้ายขวาหรือยกขึ้นลงเพื่อเลื่อนเคอร์เซอร์ • Press Ring-Con inward: ยืนยันด้วย Ring-Con - กด Ring-Con เข้าด้านในเพื่อยืนยันการเลือก • Pull Ring-Con outward: ยกเลิกด้วย Ring-Con - ดึง Ring-Con ออกด้านนอกเพื่อยกเลิกการเลือก แหล่งข้อมูล: https://en-americas-support.nintendo.com/app/answers/detail/a_id/47833/~/how-do-i-co,pipeline:structured_game_controls,games/game_control_lookup,100.0,True,0.3297,0,,,
MB-0361-GC-115,game_controls,psu_fact,Ring Fit Adventure ปุ่มเลื่อนเคอร์เซอร์กดอะไร,Ring Fit Adventure ปุ่มที่ตรงกับคำถาม: Nintendo Switch • Joy-Con (R) Control Stick: เลื่อนเคอร์เซอร์ - ใช้เลื่อนเคอร์เซอร์ในเมนู โดย Joy-Con (R) คือจอยที่ใส่กับ Ring-Con • Ring-Con tilt: เลื่อนเคอร์เซอร์ด้วย Ring-Con - ถือ Ring-Con เหมือนพวงมาลัย แล้วเอียงซ้ายขวาหรือยกขึ้นลงเพื่อเลื่อนเคอร์เซอร์ • Press Ring-Con inward: ยืนยันด้วย Ring-Con - กด Ring-Con เข้าด้านในเพื่อยืนยันการเลือก • Pull Ring-Con outward: ยกเลิกด้วย Ring-Con - ดึง Ring-Con ออกด้านนอกเพื่อยกเลิกการเลือก แหล่งข้อมูล: https://en-americas-support.nintendo.com/app/answers/detail/a_id/47833/~/how-do-i-control-the-game%3F-%28ring-fit-adventure%29,pipeline:structured_game_controls,games/game_control_lookup,100.0,True,0.4654,0,,,
MB-0362-GC-116,game_controls,psu_fact,Ring Fit Adventure ปุ่มยืนยันการเลือกกดอะไร,Ring Fit Adventure ปุ่มที่ตรงกับคำถาม: Nintendo Switch • X Button: ยืนยันการเลือก - ใช้ยืนยันการเลือกในเมนู • A Button: ยกเลิกการเลือก - ใช้ยกเลิกหรือย้อนกลับจากการเลือกในเมนู • Ring-Con tilt: เลื่อนเคอร์เซอร์ด้วย Ring-Con - ถือ Ring-Con เหมือนพวงมาลัย แล้วเอียงซ้ายขวาหรือยกขึ้นลงเพื่อเลื่อนเคอร์เซอร์ • Press Ring-Con inward: ยืนยันด้วย Ring-Con - กด Ring-Con เข้าด้านในเพื่อยืนยันการเลือก • Pull Ring-Con outward: ยกเลิกด้วย Ring-Con - ดึง Ring-Con ออกด้านนอกเพื่อยกเลิกการเลือก แหล่งข้อมูล: https://en-americas-support.nintendo.com/app/answers/detail/a_id/47833/~/how-do-i-control-the-game%3F-%28ring-fit-adventure%29,pipeline:structured_game_controls,games/game_control_lookup,100.0,True,0.4667,0,,,
MB-0363-GC-117,game_controls,psu_fact,Super Mario Odyssey ปุ่มทั้งหมดมีอะไรบ้าง,Super Mario Odyssey มีข้อมูลปุ่มควบคุมดังนี้: Nintendo Switch • L (Left Stick): เคลื่อนที่ - บังคับทิศทางการเดินและวิ่งของมาริโอ • R (Right Stick): มุมกล้อง - หมุนและแพนมุมกล้องเพื่อดูสภาพแวดล้อม • R3 (Click Right Stick): มุมมองบุคคลที่หนึ่ง - กดเพื่อเปลี่ยนเป็นมุมมองบุคคลที่หนึ่งสำหรับส่องดูรายละเอียด • A / B: กระโดด - ใช้กระโดด สามารถใช้ปุ่ม A หรือ B ก็ได้ • X / Y: ขว้างหมวก / วิ่งเร็ว - กดเพื่อขว้างหมวก Cappy หรือกดค้างไว้พร้อมบังคับทิศทางเพื่อวิ่งเร็ว • ZL: ย่อตัว - ย่อตัวลงเพื่อม้วนตัว หรือใช้ทำท่ากระแทกพื้น (Ground Pound) • R: รีเซ็ตกล้อง - รีเซ็ตมุมกล้องให้หันไปทางเดียวกับที่มาริโอกำลังมองอยู่ • D-Pad Down: โหมดถ่ายภาพ - เข้าสู่โหมดถ่ายภาพเพื่อตกแต่งและบันทึกหน้าจอ • D-Pad Right: สแกน,pipeline:structured_game_controls,games/game_control_lookup,100.0,True,0.4113,0,,,
MB-0364-GC-118,game_controls,psu_fact,Super Mario Odyssey ใช้จอยยังไง,Super Mario Odyssey มีข้อมูลปุ่มควบคุมดังนี้: Nintendo Switch • L (Left Stick): เคลื่อนที่ - บังคับทิศทางการเดินและวิ่งของมาริโอ • R (Right Stick): มุมกล้อง - หมุนและแพนมุมกล้องเพื่อดูสภาพแวดล้อม • R3 (Click Right Stick): มุมมองบุคคลที่หนึ่ง - กดเพื่อเปลี่ยนเป็นมุมมองบุคคลที่หนึ่งสำหรับส่องดูรายละเอียด • A / B: กระโดด - ใช้กระโดด สามารถใช้ปุ่ม A หรือ B ก็ได้ • X / Y: ขว้างหมวก / วิ่งเร็ว - กดเพื่อขว้างหมวก Cappy หรือกดค้างไว้พร้อมบังคับทิศทางเพื่อวิ่งเร็ว • ZL: ย่อตัว - ย่อตัวลงเพื่อม้วนตัว หรือใช้ทำท่ากระแทกพื้น (Ground Pound) • R: รีเซ็ตกล้อง - รีเซ็ตมุมกล้องให้หันไปทางเดียวกับที่มาริโอกำลังมองอยู่ • D-Pad Down: โหมดถ่ายภาพ - เข้าสู่โหมดถ่ายภาพเพื่อตกแต่งและบันทึกหน้าจอ • D-Pad Right: สแกน,pipeline:structured_game_controls,games/game_control_lookup,100.0,True,0.3342,0,,,
MB-0365-GC-119,game_controls,psu_fact,Super Mario Odyssey ปุ่มเคลื่อนที่กดอะไร,Super Mario Odyssey ปุ่มที่ตรงกับคำถาม: Nintendo Switch • L (Left Stick): เคลื่อนที่ - บังคับทิศทางการเดินและวิ่งของมาริโอ • - (Minus): แผนที่ - เปิดแผนที่เพื่อดูข้อมูลอาณาจักรหรือใช้วาร์ป แหล่งข้อมูล: https://gameinputdatabase.com/game/32,pipeline:structured_game_controls,games/game_control_lookup,100.0,True,0.3977,0,,,
MB-0366-GC-120,game_controls,psu_fact,Super Mario Odyssey ปุ่มมุมกล้องกดอะไร,Super Mario Odyssey ปุ่มที่ตรงกับคำถาม: Nintendo Switch • R (Right Stick): มุมกล้อง - หมุนและแพนมุมกล้องเพื่อดูสภาพแวดล้อม • R: รีเซ็ตกล้อง - รีเซ็ตมุมกล้องให้หันไปทางเดียวกับที่มาริโอกำลังมองอยู่ แหล่งข้อมูล: https://gameinputdatabase.com/game/32,pipeline:structured_game_controls,games/game_control_lookup,100.0,True,0.3732,0,,,
MB-0367-GC-121,game_controls,psu_fact,Super Smash Bros. Ultimate ปุ่มทั้งหมดมีอะไรบ้าง,Super Smash Bros. Ultimate มีข้อมูลปุ่มควบคุมดังนี้: Nintendo Switch • L (Left Stick): เคลื่อนที่ - ใช้เดิน วิ่ง หรือย่อตัว รวมถึงกำหนดทิศทางการโจมตีท่าต่าง ๆ • R (Right Stick): โจมตีสแมช - ก้านอนาล็อกขวาใช้สำหรับปล่อยท่า Smash Attack ไปตามทิศทางที่ดันอย่างรวดเร็ว • A: โจมตีปกติ - การโจมตีพื้นฐาน (Jab/Tilt/Aerial) ขึ้นอยู่กับทิศทางของอนาล็อกซ้าย • B: โจมตีพิเศษ - ท่าไม้ตายของตัวละคร (Special Moves) สามารถเปลี่ยนท่าได้ตามทิศทางอนาล็อกซ้าย • X / Y: กระโดด - ใช้กระโดด สามารถกดพร้อมปุ่มโจมตีเพื่อทำ Aerial Attack ได้ • ZL / ZR: โล่ป้องกัน - กางโล่เพื่อป้องกันการโจมตี สามารถกดพร้อมอนาล็อกซ้ายเพื่อกลิ้งหลบได้ • L / R: จับทุ่ม - จับคู่ต่อสู้เพื่อทุ่ม ใช้แก้ทางคู่ต่อสู้ที่กำลังกางโล่ได้ดี • D-Pad (Up,pipeline:structured_game_controls,games/game_control_lookup,100.0,True,0.4035,0,,,
MB-0368-GC-122,game_controls,psu_fact,Super Smash Bros. Ultimate ใช้จอยยังไง,Super Smash Bros. Ultimate มีข้อมูลปุ่มควบคุมดังนี้: Nintendo Switch • L (Left Stick): เคลื่อนที่ - ใช้เดิน วิ่ง หรือย่อตัว รวมถึงกำหนดทิศทางการโจมตีท่าต่าง ๆ • R (Right Stick): โจมตีสแมช - ก้านอนาล็อกขวาใช้สำหรับปล่อยท่า Smash Attack ไปตามทิศทางที่ดันอย่างรวดเร็ว • A: โจมตีปกติ - การโจมตีพื้นฐาน (Jab/Tilt/Aerial) ขึ้นอยู่กับทิศทางของอนาล็อกซ้าย • B: โจมตีพิเศษ - ท่าไม้ตายของตัวละคร (Special Moves) สามารถเปลี่ยนท่าได้ตามทิศทางอนาล็อกซ้าย • X / Y: กระโดด - ใช้กระโดด สามารถกดพร้อมปุ่มโจมตีเพื่อทำ Aerial Attack ได้ • ZL / ZR: โล่ป้องกัน - กางโล่เพื่อป้องกันการโจมตี สามารถกดพร้อมอนาล็อกซ้ายเพื่อกลิ้งหลบได้ • L / R: จับทุ่ม - จับคู่ต่อสู้เพื่อทุ่ม ใช้แก้ทางคู่ต่อสู้ที่กำลังกางโล่ได้ดี • D-Pad (Up,pipeline:structured_game_controls,games/game_control_lookup,100.0,True,0.3539,0,,,
MB-0369-GC-123,game_controls,psu_fact,Super Smash Bros. Ultimate ปุ่มเคลื่อนที่กดอะไร,Super Smash Bros. Ultimate ปุ่มที่ตรงกับคำถาม: Nintendo Switch • L (Left Stick): เคลื่อนที่ - ใช้เดิน วิ่ง หรือย่อตัว รวมถึงกำหนดทิศทางการโจมตีท่าต่าง ๆ • R (Right Stick): โจมตีสแมช - ก้านอนาล็อกขวาใช้สำหรับปล่อยท่า Smash Attack ไปตามทิศทางที่ดันอย่างรวดเร็ว แหล่งข้อมูล: https://gameinputdatabase.com/game/46,pipeline:structured_game_controls,games/game_control_lookup,100.0,True,0.4937,0,,,
MB-0370-GC-124,game_controls,psu_fact,Super Smash Bros. Ultimate ปุ่มโจมตีสแมชกดอะไร,Super Smash Bros. Ultimate ปุ่มที่ตรงกับคำถาม: Nintendo Switch • R (Right Stick): โจมตีสแมช - ก้านอนาล็อกขวาใช้สำหรับปล่อยท่า Smash Attack ไปตามทิศทางที่ดันอย่างรวดเร็ว • A: โจมตีปกติ - การโจมตีพื้นฐาน (Jab/Tilt/Aerial) ขึ้นอยู่กับทิศทางของอนาล็อกซ้าย • B: โจมตีพิเศษ - ท่าไม้ตายของตัวละคร (Special Moves) สามารถเปลี่ยนท่าได้ตามทิศทางอนาล็อกซ้าย แหล่งข้อมูล: https://gameinputdatabase.com/game/46,pipeline:structured_game_controls,games/game_control_lookup,100.0,True,0.4589,0,,,
MB-0371-GC-125,game_controls,psu_fact,TEKKEN 8 ปุ่มทั้งหมดมีอะไรบ้าง,"TEKKEN 8 มีข้อมูลปุ่มควบคุมดังนี้: PlayStation / PS5 • Square: หมัดซ้าย / ต่อยซ้าย - ออกหมัดแย็บหรือโจมตีด้วยมือซ้าย เป็นปุ่มหลักในการเริ่มต้นเฟรมคอมโบที่รวดเร็ว • Triangle: หมัดขวา / ต่อยขวา - ออกหมัดหนักหรือโจมตีด้วยมือขวา มักใช้ทำดาเมจแรงหรือสวนกลับ (Counter) • Cross: ลูกเตะซ้าย - ใช้ขาซ้ายเตะสกัดหรือโจมตีเพื่อเปิดช่องว่างของศัตรู • Circle: ลูกเตะขวา - ใช้ขาขวาหวดเตะอย่างรุนแรง มักเป็นท่าเคลียร์ระยะหรือตัดขาที่ทำดาเมจสูง • D-Pad Up: กระโดด - ควบคุมให้ตัวละครกระโดดขึ้นด้านบนเพื่อหลบการโจมตีล่าง หรือใช้กดร่วมกับปุ่มโจมตีกลางอากาศ • D-Pad Left: ถอยหลัง / บล็อก - บังคับตัวละครให้เดินถอยหลังเพื่อรักษาระยะ หรือใช้กดค้างเพื่อ ""บล็อก (Guard)"" การโจมตีระดับสูงและระดับกลางของศัตรู • D-Pad Down: ย่อ",pipeline:structured_game_controls,games/game_control_lookup,100.0,True,1.1073,0,,,
MB-0372-GC-126,game_controls,psu_fact,TEKKEN 8 ใช้จอยยังไง,"TEKKEN 8 มีข้อมูลปุ่มควบคุมดังนี้: PlayStation / PS5 • Square: หมัดซ้าย / ต่อยซ้าย - ออกหมัดแย็บหรือโจมตีด้วยมือซ้าย เป็นปุ่มหลักในการเริ่มต้นเฟรมคอมโบที่รวดเร็ว • Triangle: หมัดขวา / ต่อยขวา - ออกหมัดหนักหรือโจมตีด้วยมือขวา มักใช้ทำดาเมจแรงหรือสวนกลับ (Counter) • Cross: ลูกเตะซ้าย - ใช้ขาซ้ายเตะสกัดหรือโจมตีเพื่อเปิดช่องว่างของศัตรู • Circle: ลูกเตะขวา - ใช้ขาขวาหวดเตะอย่างรุนแรง มักเป็นท่าเคลียร์ระยะหรือตัดขาที่ทำดาเมจสูง • D-Pad Up: กระโดด - ควบคุมให้ตัวละครกระโดดขึ้นด้านบนเพื่อหลบการโจมตีล่าง หรือใช้กดร่วมกับปุ่มโจมตีกลางอากาศ • D-Pad Left: ถอยหลัง / บล็อก - บังคับตัวละครให้เดินถอยหลังเพื่อรักษาระยะ หรือใช้กดค้างเพื่อ ""บล็อก (Guard)"" การโจมตีระดับสูงและระดับกลางของศัตรู • D-Pad Down: ย่อ",pipeline:structured_game_controls,games/game_control_lookup,100.0,True,0.2842,0,,,
MB-0373-GC-127,game_controls,psu_fact,TEKKEN 8 ปุ่มหมัดซ้าย / ต่อยซ้ายกดอะไร,TEKKEN 8 ปุ่มที่ตรงกับคำถาม: PlayStation / PS5 • Square: หมัดซ้าย / ต่อยซ้าย - ออกหมัดแย็บหรือโจมตีด้วยมือซ้าย เป็นปุ่มหลักในการเริ่มต้นเฟรมคอมโบที่รวดเร็ว • Triangle: หมัดขวา / ต่อยขวา - ออกหมัดหนักหรือโจมตีด้วยมือขวา มักใช้ทำดาเมจแรงหรือสวนกลับ (Counter) • Cross: ลูกเตะซ้าย - ใช้ขาซ้ายเตะสกัดหรือโจมตีเพื่อเปิดช่องว่างของศัตรู แหล่งข้อมูล: https://gameinputdatabase.com/game/83,pipeline:structured_game_controls,games/game_control_lookup,100.0,True,0.4724,0,,,
MB-0374-GC-128,game_controls,psu_fact,TEKKEN 8 ปุ่มหมัดขวา / ต่อยขวากดอะไร,TEKKEN 8 ปุ่มที่ตรงกับคำถาม: PlayStation / PS5 • Square: หมัดซ้าย / ต่อยซ้าย - ออกหมัดแย็บหรือโจมตีด้วยมือซ้าย เป็นปุ่มหลักในการเริ่มต้นเฟรมคอมโบที่รวดเร็ว • Triangle: หมัดขวา / ต่อยขวา - ออกหมัดหนักหรือโจมตีด้วยมือขวา มักใช้ทำดาเมจแรงหรือสวนกลับ (Counter) แหล่งข้อมูล: https://gameinputdatabase.com/game/83,pipeline:structured_game_controls,games/game_control_lookup,100.0,True,0.4458,0,,,
MB-0375-GC-129,game_controls,psu_fact,The Last of Us Part I ปุ่มทั้งหมดมีอะไรบ้าง,The Last of Us Part I มีข้อมูลปุ่มควบคุมดังนี้: PlayStation / PS5 • L (Left Stick): เคลื่อนที่ - บังคับทิศทางการเดินและการย่องเคลื่อนที่ของตัวละคร • L3 (Click Left Stick): หันมองจุดสนใจ - กดเพื่อหันมุมกล้องไปยังวัตถุ เหตุการณ์ หรือจุดสำคัญในฉากที่เกมแนะนำทันที • R (Right Stick): มุมกล้อง - หมุนเพื่อกวาดสายตาและควบคุมทิศทางมุมกล้อง • R3 (Click Right Stick): ไฟฉาย - กดคลิกลงไปตรง ๆ เพื่อเปิดหรือปิดไฟฉายในพื้นที่มืด (และใช้เขย่าจอยเมื่อไฟฉายดับ) • L1: วิ่งสปรินต์ (กดค้าง) - กดค้างไว้ในขณะเคลื่อนเพื่อวิ่งหนีหรือเร่งความเร็วสลัดการตามล่า • L2: เล็งเป้า (กดค้าง) - กดค้างไว้เพื่อยกอาวุธปืนหรือไอเทมขว้างขึ้นมาเตรียมเล็งยิง • R1: สลับอาวุธด่วน / โหมดฟังเสียง (กดค้าง) - แตะเพื่อสลับอาวุธล่าสุด หรือกดค,pipeline:structured_game_controls,games/game_control_lookup,100.0,True,0.4028,0,,,
MB-0376-GC-130,game_controls,psu_fact,The Last of Us Part I ใช้จอยยังไง,The Last of Us Part I มีข้อมูลปุ่มควบคุมดังนี้: PlayStation / PS5 • L (Left Stick): เคลื่อนที่ - บังคับทิศทางการเดินและการย่องเคลื่อนที่ของตัวละคร • L3 (Click Left Stick): หันมองจุดสนใจ - กดเพื่อหันมุมกล้องไปยังวัตถุ เหตุการณ์ หรือจุดสำคัญในฉากที่เกมแนะนำทันที • R (Right Stick): มุมกล้อง - หมุนเพื่อกวาดสายตาและควบคุมทิศทางมุมกล้อง • R3 (Click Right Stick): ไฟฉาย - กดคลิกลงไปตรง ๆ เพื่อเปิดหรือปิดไฟฉายในพื้นที่มืด (และใช้เขย่าจอยเมื่อไฟฉายดับ) • L1: วิ่งสปรินต์ (กดค้าง) - กดค้างไว้ในขณะเคลื่อนเพื่อวิ่งหนีหรือเร่งความเร็วสลัดการตามล่า • L2: เล็งเป้า (กดค้าง) - กดค้างไว้เพื่อยกอาวุธปืนหรือไอเทมขว้างขึ้นมาเตรียมเล็งยิง • R1: สลับอาวุธด่วน / โหมดฟังเสียง (กดค้าง) - แตะเพื่อสลับอาวุธล่าสุด หรือกดค,pipeline:structured_game_controls,games/game_control_lookup,100.0,True,0.4019,0,,,
MB-0377-GC-131,game_controls,psu_fact,The Last of Us Part I ปุ่มเคลื่อนที่กดอะไร,The Last of Us Part I ปุ่มที่ตรงกับคำถาม: PlayStation / PS5 • L (Left Stick): เคลื่อนที่ - บังคับทิศทางการเดินและการย่องเคลื่อนที่ของตัวละคร แหล่งข้อมูล: https://gameinputdatabase.com/game/101,pipeline:structured_game_controls,games/game_control_lookup,100.0,True,0.4421,0,,,
MB-0378-GC-132,game_controls,psu_fact,The Last of Us Part I ปุ่มหันมองจุดสนใจกดอะไร,The Last of Us Part I ปุ่มที่ตรงกับคำถาม: PlayStation / PS5 • L3 (Click Left Stick): หันมองจุดสนใจ - กดเพื่อหันมุมกล้องไปยังวัตถุ เหตุการณ์ หรือจุดสำคัญในฉากที่เกมแนะนำทันที แหล่งข้อมูล: https://gameinputdatabase.com/game/101,pipeline:structured_game_controls,games/game_control_lookup,100.0,True,0.4248,0,,,
MB-0379-GC-133,game_controls,psu_fact,The Last of Us Part II ปุ่มทั้งหมดมีอะไรบ้าง,The Last of Us Part II มีข้อมูลปุ่มควบคุมดังนี้: PlayStation / PS5 • L (Left Stick): เคลื่อนที่ - บังคับทิศทางการเดิน การย่อง หรือการวิ่งของตัวละครไปตามฉาก • L3 (Click Left Stick): หันมองจุดสนใจ - กดคลิกลงไปเพื่อหันมุมกล้องล็อกไปยังวัตถุ เบาะแส หรือเหตุการณ์สำคัญที่เกมต้องการให้สังเกตทันที • R (Right Stick): มุมกล้อง - หมุนอนาล็อกเพื่อหันมุมมอง กวาดสายตาดูรอบ ๆ ตัว หรือใช้ควบคุมทิศทางเป้าปืน • R3 (Click Right Stick): ไฟฉาย - กดคลิกลงไปตรง ๆ เพื่อเปิดหรือปิดไฟฉายเมื่อต้องลุยในตึกร้างหรือพื้นที่มืดสนิท • L1: หลบหลีก - กดในจังหวะที่ศัตรูเหวี่ยงอาวุธหรือพุ่งเข้ามาต่อย เพื่อเอี้ยวตัวหรือฉากหลบการโจมตีระยะประชิดทันที • L2: เล็งเป้า (กดค้าง) - กดค้างไว้เพื่อยกอาวุธปืน คันธนู หรือไอเทมประเภทระเบิดขว,pipeline:structured_game_controls,games/game_control_lookup,100.0,True,0.4508,0,,,
MB-0380-GC-134,game_controls,psu_fact,The Last of Us Part II ใช้จอยยังไง,The Last of Us Part II มีข้อมูลปุ่มควบคุมดังนี้: PlayStation / PS5 • L (Left Stick): เคลื่อนที่ - บังคับทิศทางการเดิน การย่อง หรือการวิ่งของตัวละครไปตามฉาก • L3 (Click Left Stick): หันมองจุดสนใจ - กดคลิกลงไปเพื่อหันมุมกล้องล็อกไปยังวัตถุ เบาะแส หรือเหตุการณ์สำคัญที่เกมต้องการให้สังเกตทันที • R (Right Stick): มุมกล้อง - หมุนอนาล็อกเพื่อหันมุมมอง กวาดสายตาดูรอบ ๆ ตัว หรือใช้ควบคุมทิศทางเป้าปืน • R3 (Click Right Stick): ไฟฉาย - กดคลิกลงไปตรง ๆ เพื่อเปิดหรือปิดไฟฉายเมื่อต้องลุยในตึกร้างหรือพื้นที่มืดสนิท • L1: หลบหลีก - กดในจังหวะที่ศัตรูเหวี่ยงอาวุธหรือพุ่งเข้ามาต่อย เพื่อเอี้ยวตัวหรือฉากหลบการโจมตีระยะประชิดทันที • L2: เล็งเป้า (กดค้าง) - กดค้างไว้เพื่อยกอาวุธปืน คันธนู หรือไอเทมประเภทระเบิดขว,pipeline:structured_game_controls,games/game_control_lookup,100.0,True,0.3851,0,,,
MB-0381-GC-135,game_controls,psu_fact,The Last of Us Part II ปุ่มเคลื่อนที่กดอะไร,The Last of Us Part II ปุ่มที่ตรงกับคำถาม: PlayStation / PS5 • L (Left Stick): เคลื่อนที่ - บังคับทิศทางการเดิน การย่อง หรือการวิ่งของตัวละครไปตามฉาก แหล่งข้อมูล: https://gameinputdatabase.com/game/16,pipeline:structured_game_controls,games/game_control_lookup,100.0,True,0.4726,0,,,
MB-0382-GC-136,game_controls,psu_fact,The Last of Us Part II ปุ่มหันมองจุดสนใจกดอะไร,The Last of Us Part II ปุ่มที่ตรงกับคำถาม: PlayStation / PS5 • L3 (Click Left Stick): หันมองจุดสนใจ - กดคลิกลงไปเพื่อหันมุมกล้องล็อกไปยังวัตถุ เบาะแส หรือเหตุการณ์สำคัญที่เกมต้องการให้สังเกตทันที แหล่งข้อมูล: https://gameinputdatabase.com/game/16,pipeline:structured_game_controls,games/game_control_lookup,100.0,True,0.4699,0,,,
MB-0383-GC-137,game_controls,psu_fact,The Legend of Zelda: Breath of the Wild ปุ่มทั้งหมดมีอะไรบ้าง,The Legend of Zelda: Breath of the Wild มีข้อมูลปุ่มควบคุมดังนี้: Nintendo Switch • L (Left Stick): เคลื่อนที่ / เดินสไลด์ข้าง - บังคับการเดิน หรือเดินสไลด์หลบเมื่อกดล็อกเป้าหมาย • L3 (Click Left Stick): ย่อตัว - ย่อตัวเพื่อลอบเร้นหรือลดเสียงฝีเท้า • R (Right Stick): มุมกล้อง - ปรับมุมมองกล้องรอบตัวลิงก์ • R3 (Click Right Stick): กล้องส่องทางไกล - ส่องดูศัตรูหรือสถานที่ในระยะไกลและปักหมุดแผนที่ได้ • A: ปัดป้อง - กดปัดป้องการโจมตีเมื่อกางโล่และล็อกเป้าหมายอยู่ • B: เก็บอาวุธ / วิ่งเร็ว - กดเก็บอาวุธ หรือกดค้างเพื่อวิ่งโดยใช้หลอดสตามิน่า • X: กระโดด / หลบหลีก - กระโดดข้ามสิ่งกีดขวาง หรือกระโดดหลบเมื่อล็อกเป้าศัตรู • Y: โจมตี - ใช้อาวุธหลักโจมตีศัตรู • D-Pad Up: เปลี่ยนรูน - เลือกเปลี่ยนอุปกรณ์,pipeline:structured_game_controls,games/game_control_lookup,100.0,True,0.4953,0,,,
MB-0384-GC-138,game_controls,psu_fact,The Legend of Zelda: Breath of the Wild ใช้จอยยังไง,The Legend of Zelda: Breath of the Wild มีข้อมูลปุ่มควบคุมดังนี้: Nintendo Switch • L (Left Stick): เคลื่อนที่ / เดินสไลด์ข้าง - บังคับการเดิน หรือเดินสไลด์หลบเมื่อกดล็อกเป้าหมาย • L3 (Click Left Stick): ย่อตัว - ย่อตัวเพื่อลอบเร้นหรือลดเสียงฝีเท้า • R (Right Stick): มุมกล้อง - ปรับมุมมองกล้องรอบตัวลิงก์ • R3 (Click Right Stick): กล้องส่องทางไกล - ส่องดูศัตรูหรือสถานที่ในระยะไกลและปักหมุดแผนที่ได้ • A: ปัดป้อง - กดปัดป้องการโจมตีเมื่อกางโล่และล็อกเป้าหมายอยู่ • B: เก็บอาวุธ / วิ่งเร็ว - กดเก็บอาวุธ หรือกดค้างเพื่อวิ่งโดยใช้หลอดสตามิน่า • X: กระโดด / หลบหลีก - กระโดดข้ามสิ่งกีดขวาง หรือกระโดดหลบเมื่อล็อกเป้าศัตรู • Y: โจมตี - ใช้อาวุธหลักโจมตีศัตรู • D-Pad Up: เปลี่ยนรูน - เลือกเปลี่ยนอุปกรณ์,pipeline:structured_game_controls,games/game_control_lookup,100.0,True,0.3947,0,,,
MB-0385-GC-139,game_controls,psu_fact,The Legend of Zelda: Breath of the Wild ปุ่มเคลื่อนที่ / เดินสไลด์ข้างกดอะไร,The Legend of Zelda: Breath of the Wild ปุ่มที่ตรงกับคำถาม: Nintendo Switch • L (Left Stick): เคลื่อนที่ / เดินสไลด์ข้าง - บังคับการเดิน หรือเดินสไลด์หลบเมื่อกดล็อกเป้าหมาย • D-Pad Left / Right: เปลี่ยนอุปกรณ์สวมใส่ - เปลี่ยนอาวุธ โล่ และธนูแบบรวดเร็วโดยไม่ต้องเข้าเมนูหลัก • - (Minus): แผนที่ - เปิดแผนที่ชีคาห์เพื่อดูเส้นทาง แหล่งข้อมูล: https://gameinputdatabase.com/game/31,pipeline:structured_game_controls,games/game_control_lookup,100.0,True,0.6083,0,,,
MB-0386-GC-140,game_controls,psu_fact,The Legend of Zelda: Breath of the Wild ปุ่มย่อตัวกดอะไร,The Legend of Zelda: Breath of the Wild ปุ่มที่ตรงกับคำถาม: Nintendo Switch • L3 (Click Left Stick): ย่อตัว - ย่อตัวเพื่อลอบเร้นหรือลดเสียงฝีเท้า • D-Pad Left / Right: เปลี่ยนอุปกรณ์สวมใส่ - เปลี่ยนอาวุธ โล่ และธนูแบบรวดเร็วโดยไม่ต้องเข้าเมนูหลัก แหล่งข้อมูล: https://gameinputdatabase.com/game/31,pipeline:structured_game_controls,games/game_control_lookup,100.0,True,0.4515,0,,,
MB-0387-GC-141,game_controls,psu_fact,Uncharted: Legacy of Thieves Collection ปุ่มทั้งหมดมีอะไรบ้าง,Uncharted: Legacy of Thieves Collection มีข้อมูลปุ่มควบคุมดังนี้: PlayStation / PS5 • L (Left Stick): เคลื่อนที่ - บังคับทิศทางการเดิน การวิ่ง ของตัวละคร หรือใช้ควบคุมทิศทางพวงมาลัยเมื่อขับรถ • L3 (Click Left Stick): มาร์กตำแหน่งศัตรู - กดคลิกลงไปเพื่อล็อกเป้าหมายและทำเครื่องหมายหัวศัตรู ช่วยให้มองเห็นตำแหน่งได้ง่ายขึ้น • R (Right Stick): มุมกล้อง - หมุนอนาล็อกเพื่อหันมุมมองกล้อง กวาดสายตา หรือใช้ควบคุมเป้าเล็งปืน • R3 (Click Right Stick): ซูมกล้องเล็ง - กดคลิกลงไปในขณะเล็งปืนสไนเปอร์เพื่อส่องกล้องซูมขยายระยะมองเห็นให้ชัดขึ้น • L2: เล็งเป้า / เบรกรถ - กดค้างเพื่อยกปืนขึ้นเล็ง หรือใช้เป็นปุ่มเหยียบเบรกชะลอความเร็ว/ถอยหลังเมื่อขับรถ • L1: ใช้เชือกสลิง / โหนสลิง - กดโยนเชือกตะขอเกี่ยวเพื่อโหนตั,pipeline:structured_game_controls,games/game_control_lookup,100.0,True,0.487,0,,,
MB-0388-GC-142,game_controls,psu_fact,Uncharted: Legacy of Thieves Collection ใช้จอยยังไง,Uncharted: Legacy of Thieves Collection มีข้อมูลปุ่มควบคุมดังนี้: PlayStation / PS5 • L (Left Stick): เคลื่อนที่ - บังคับทิศทางการเดิน การวิ่ง ของตัวละคร หรือใช้ควบคุมทิศทางพวงมาลัยเมื่อขับรถ • L3 (Click Left Stick): มาร์กตำแหน่งศัตรู - กดคลิกลงไปเพื่อล็อกเป้าหมายและทำเครื่องหมายหัวศัตรู ช่วยให้มองเห็นตำแหน่งได้ง่ายขึ้น • R (Right Stick): มุมกล้อง - หมุนอนาล็อกเพื่อหันมุมมองกล้อง กวาดสายตา หรือใช้ควบคุมเป้าเล็งปืน • R3 (Click Right Stick): ซูมกล้องเล็ง - กดคลิกลงไปในขณะเล็งปืนสไนเปอร์เพื่อส่องกล้องซูมขยายระยะมองเห็นให้ชัดขึ้น • L2: เล็งเป้า / เบรกรถ - กดค้างเพื่อยกปืนขึ้นเล็ง หรือใช้เป็นปุ่มเหยียบเบรกชะลอความเร็ว/ถอยหลังเมื่อขับรถ • L1: ใช้เชือกสลิง / โหนสลิง - กดโยนเชือกตะขอเกี่ยวเพื่อโหนตั,pipeline:structured_game_controls,games/game_control_lookup,100.0,True,0.4422,0,,,
MB-0389-GC-143,game_controls,psu_fact,Uncharted: Legacy of Thieves Collection ปุ่มเคลื่อนที่กดอะไร,Uncharted: Legacy of Thieves Collection ปุ่มที่ตรงกับคำถาม: PlayStation / PS5 • L (Left Stick): เคลื่อนที่ - บังคับทิศทางการเดิน การวิ่ง ของตัวละคร หรือใช้ควบคุมทิศทางพวงมาลัยเมื่อขับรถ • Circle: กลิ้งหลบ / เข้าที่กำบัง - กดตอนเคลื่อนที่เพื่อม้วนตัวกลิ้งหลบ หรือกดเมื่ออยู่ใกล้สิ่งกีดขวางเพื่อเอาตัวเข้าพิงกำแพงหลบกระสุน • D-Pad (Up / Left / Right): เลือกอาวุธ - กดปุ่มทิศทางเพื่อสลับเปลี่ยนไปใช้งานปืนพก ปืนยาว หรืออาวุธหนักที่พกพามา แหล่งข้อมูล: https://gameaccess.info/uncharted-4-a-thiefs-end-controls-walkthrough/,pipeline:structured_game_controls,games/game_control_lookup,100.0,True,0.6415,0,,,
MB-0390-GC-144,game_controls,psu_fact,Uncharted: Legacy of Thieves Collection ปุ่มมาร์กตำแหน่งศัตรูกดอะไร,Uncharted: Legacy of Thieves Collection ปุ่มที่ตรงกับคำถาม: PlayStation / PS5 • L3 (Click Left Stick): มาร์กตำแหน่งศัตรู - กดคลิกลงไปเพื่อล็อกเป้าหมายและทำเครื่องหมายหัวศัตรู ช่วยให้มองเห็นตำแหน่งได้ง่ายขึ้น • Circle: กลิ้งหลบ / เข้าที่กำบัง - กดตอนเคลื่อนที่เพื่อม้วนตัวกลิ้งหลบ หรือกดเมื่ออยู่ใกล้สิ่งกีดขวางเพื่อเอาตัวเข้าพิงกำแพงหลบกระสุน • D-Pad (Up / Left / Right): เลือกอาวุธ - กดปุ่มทิศทางเพื่อสลับเปลี่ยนไปใช้งานปืนพก ปืนยาว หรืออาวุธหนักที่พกพามา • D-Pad Down: ตรวจสอบตำแหน่งรถ - กดเพื่อสแกนหรือระบุตำแหน่งพิกัดของยานพาหนะ (เช่น รถจี๊ป) ว่าจอดอยู่ตรงไหนของแผนที่ แหล่งข้อมูล: https://gameaccess.info/uncharted-4-a-thiefs-end-controls-walkthrough/,pipeline:structured_game_controls,games/game_control_lookup,100.0,True,0.8208,0,,,
MB-0391-GC-145,game_controls,psu_fact,VALORANT ปุ่มทั้งหมดมีอะไรบ้าง,"VALORANT มีข้อมูลปุ่มควบคุมดังนี้: PC • W / A / S / D: เคลื่อนที่ - W เดินหน้า, A ไปซ้าย, S ถอยหลัง, D ไปขวา • Left Shift: เดินช้า - ใช้เดินเงียบหรือเดินแบบควบคุมเสียง • Space Bar: กระโดด - กระโดด • Left Ctrl: ย่อตัว - ย่อตัวเพื่อลดระดับตัวละคร • Left Mouse Button: ยิง - ยิงอาวุธหลัก • Right Mouse Button: ยิง/เล็งแบบรอง - ใช้งานโหมดรองของอาวุธหรือเล็งตามชนิดอาวุธ • R: รีโหลด - เปลี่ยนกระสุน • 1 / 2 / 3: เลือกอาวุธ - 1 อาวุธหลัก, 2 อาวุธรอง, 3 อาวุธระยะประชิด • 4: หยิบ/ใช้ Spike - ใช้กับ Spike เช่น วางหรือกู้ตามสถานการณ์ • Q / E / C / X: ใช้สกิล Agent - Q/E/C คือสกิลทั่วไป และ X คือ Ultimate • F: โต้ตอบกับวัตถุ - ใช้โต้ตอบกับวัตถุในเกม • B: เปิดร้านซื้ออาวุธ - เปิดหน้า Armory ในช่วงซื้อของ • ",pipeline:structured_game_controls,games/game_control_lookup,100.0,True,0.4062,0,,,
MB-0392-GC-146,game_controls,psu_fact,VALORANT ใช้จอยยังไง,"VALORANT มีข้อมูลปุ่มควบคุมดังนี้: PC • W / A / S / D: เคลื่อนที่ - W เดินหน้า, A ไปซ้าย, S ถอยหลัง, D ไปขวา • Left Shift: เดินช้า - ใช้เดินเงียบหรือเดินแบบควบคุมเสียง • Space Bar: กระโดด - กระโดด • Left Ctrl: ย่อตัว - ย่อตัวเพื่อลดระดับตัวละคร • Left Mouse Button: ยิง - ยิงอาวุธหลัก • Right Mouse Button: ยิง/เล็งแบบรอง - ใช้งานโหมดรองของอาวุธหรือเล็งตามชนิดอาวุธ • R: รีโหลด - เปลี่ยนกระสุน • 1 / 2 / 3: เลือกอาวุธ - 1 อาวุธหลัก, 2 อาวุธรอง, 3 อาวุธระยะประชิด • 4: หยิบ/ใช้ Spike - ใช้กับ Spike เช่น วางหรือกู้ตามสถานการณ์ • Q / E / C / X: ใช้สกิล Agent - Q/E/C คือสกิลทั่วไป และ X คือ Ultimate • F: โต้ตอบกับวัตถุ - ใช้โต้ตอบกับวัตถุในเกม • B: เปิดร้านซื้ออาวุธ - เปิดหน้า Armory ในช่วงซื้อของ • ",pipeline:structured_game_controls,games/game_control_lookup,100.0,True,0.316,0,,,
MB-0393-GC-147,game_controls,psu_fact,VALORANT ปุ่มเคลื่อนที่กดอะไร,"VALORANT ปุ่มที่ตรงกับคำถาม: PC • W / A / S / D: เคลื่อนที่ - W เดินหน้า, A ไปซ้าย, S ถอยหลัง, D ไปขวา • M: เปิดแผนที่ - เปิด/ปิดแผนที่ แหล่งข้อมูล: https://www.shacknews.com/article/117434/valorant-pc-controls-and-keybindings",pipeline:structured_game_controls,games/game_control_lookup,100.0,True,0.4352,0,,,
MB-0394-GC-148,game_controls,psu_fact,VALORANT ปุ่มเดินช้ากดอะไร,VALORANT ปุ่มที่ตรงกับคำถาม: PC • Left Shift: เดินช้า - ใช้เดินเงียบหรือเดินแบบควบคุมเสียง แหล่งข้อมูล: https://www.shacknews.com/article/117434/valorant-pc-controls-and-keybindings,pipeline:structured_game_controls,games/game_control_lookup,100.0,True,0.3841,0,,,
MB-0395-GC-149,game_controls,psu_fact,เกมนี้มีปุ่มอะไรบ้าง,"ขอชื่อเกมก่อนครับ ยังไม่แน่ใจว่าหมายถึงเกมไหน จึงไม่ขอดึงปุ่มหรือวิธีเล่นของเกมอื่นมาตอบแทน ตัวอย่างเกมที่มีข้อมูลปุ่มแล้ว: TEKKEN 8, Mario Kart 8 Deluxe, Call of Duty: Modern Warfare III เช่น `TEKKEN 8 มีปุ่มอะไรบ้าง` หรือ `Mario Kart 8 Deluxe กดอะไร`",pipeline:game_control_missing_game_context,games/game_control_lookup,100.0,True,0.2431,0,,,
MB-0396-GC-150,game_controls,psu_fact,ปุ่ม,"ขอชื่อเกมก่อนครับ ยังไม่แน่ใจว่าหมายถึงเกมไหน จึงไม่ขอดึงปุ่มหรือวิธีเล่นของเกมอื่นมาตอบแทน ตัวอย่างเกมที่มีข้อมูลปุ่มแล้ว: TEKKEN 8, Mario Kart 8 Deluxe, Call of Duty: Modern Warfare III เช่น `TEKKEN 8 มีปุ่มอะไรบ้าง` หรือ `Mario Kart 8 Deluxe กดอะไร`",pipeline:game_control_missing_game_context,games/game_control_lookup,100.0,True,0.0357,0,,,
MB-0397-GC-151,game_controls,psu_fact,เล่นยังไง,"ยังไม่แน่ใจว่าหมายถึงเกมไหนครับ หรือหมายถึงวิธีเล่นเกมไหน/วิธีเข้าใช้บริการ/จอง ตัวอย่างเกมที่มีข้อมูลปุ่มแล้ว: TEKKEN 8, Mario Kart 8 Deluxe, Call of Duty: Modern Warfare III ถ้าถามวิธีเล่น/ปุ่ม ให้พิมพ์ชื่อเกมมาด้วย เช่น `TEKKEN 8 เล่นยังไง` หรือ `Mario Kart 8 Deluxe เล่นยังไง`",pipeline:game_control_missing_game_context,games/game_control_lookup,100.0,True,0.0604,0,,,
MB-0398-GC-152,game_controls,psu_fact,ปุ่มยิงกดอะไร,"ขอชื่อเกมก่อนครับ ยังไม่แน่ใจว่าหมายถึงเกมไหน จึงไม่ขอดึงปุ่มหรือวิธีเล่นของเกมอื่นมาตอบแทน ตัวอย่างเกมที่มีข้อมูลปุ่มแล้ว: TEKKEN 8, Mario Kart 8 Deluxe, Call of Duty: Modern Warfare III เช่น `TEKKEN 8 มีปุ่มอะไรบ้าง` หรือ `Mario Kart 8 Deluxe กดอะไร`",pipeline:game_control_missing_game_context,games/game_control_lookup,100.0,True,0.0878,0,,,
MB-0399-GC-153,game_controls,psu_fact,Minecraft มีปุ่มอะไรบ้างในศูนย์,"ขอชื่อเกมก่อนครับ ยังไม่แน่ใจว่าหมายถึงเกมไหน จึงไม่ขอดึงปุ่มหรือวิธีเล่นของเกมอื่นมาตอบแทน ตัวอย่างเกมที่มีข้อมูลปุ่มแล้ว: TEKKEN 8, Mario Kart 8 Deluxe, Call of Duty: Modern Warfare III เช่น `TEKKEN 8 มีปุ่มอะไรบ้าง` หรือ `Mario Kart 8 Deluxe กดอะไร`",pipeline:game_control_missing_game_context,games/game_control_lookup,100.0,True,0.2841,0,,,
MB-0400-GC-154,game_controls,psu_fact,ROV มีปุ่มให้เล่นในศูนย์ไหม,"ขอชื่อเกมก่อนครับ ยังไม่แน่ใจว่าหมายถึงเกมไหน จึงไม่ขอดึงปุ่มหรือวิธีเล่นของเกมอื่นมาตอบแทน ตัวอย่างเกมที่มีข้อมูลปุ่มแล้ว: TEKKEN 8, Mario Kart 8 Deluxe, Call of Duty: Modern Warfare III เช่น `TEKKEN 8 มีปุ่มอะไรบ้าง` หรือ `Mario Kart 8 Deluxe กดอะไร`",pipeline:game_control_missing_game_context,games/game_control_lookup,100.0,True,0.2204,0,,,
MB-0401-GC-155,game_controls,psu_fact,GTA V ปุ่มอะไร,"ขอชื่อเกมก่อนครับ ยังไม่แน่ใจว่าหมายถึงเกมไหน จึงไม่ขอดึงปุ่มหรือวิธีเล่นของเกมอื่นมาตอบแทน ตัวอย่างเกมที่มีข้อมูลปุ่มแล้ว: TEKKEN 8, Mario Kart 8 Deluxe, Call of Duty: Modern Warfare III เช่น `TEKKEN 8 มีปุ่มอะไรบ้าง` หรือ `Mario Kart 8 Deluxe กดอะไร`",pipeline:game_control_missing_game_context,games/game_control_lookup,100.0,True,0.0777,0,,,
MB-0860-GC-156,game_controls,psu_fact,Animal Crossing ใช้จอยยังไง,Animal Crossing: New Horizons มีข้อมูลปุ่มควบคุมดังนี้: Nintendo Switch • L (Left Stick): เคลื่อนที่ - บังคับทิศทางการเดินของตัวละคร • R (Right Stick): มุมกล้อง - ปรับมุมมองกล้อง ขึ้นหรือลง • A: โต้ตอบ / ใช้ไอเทม / ย้ายเฟอร์นิเจอร์ (กดค้าง) - โต้ตอบกับสิ่งแวดล้อม คุยกับ NPC ใช้ไอเทม และกดค้างเพื่อย้ายเฟอร์นิเจอร์ • B: ยกเลิก - ยกเลิกคำสั่งหรือออกจากเมนู • X: กระเป๋าช่องเก็บของ - เปิดหน้าต่างช่องเก็บของที่พกติดตัว • Y: หยิบไอเทม - หยิบไอเทมที่อยู่บนพื้น • D-Pad Up: วงล้อเครื่องมือ - เปิดเมนูวงล้อเพื่อเลือกหยิบเครื่องมืออย่างรวดเร็ว • D-Pad Left / Right: สลับเครื่องมือ - สลับไปถือเครื่องมือชิ้นอื่นในกระเป๋าซ้ายหรือขวา • D-Pad Down: เก็บเครื่องมือ - เก็บเครื่องมือในมือลงกระเป๋าทันที • ZL: สมาร์,pipeline:structured_game_controls,games/game_control_lookup,100.0,True,0.3235,0,,,
MB-0861-GC-157,game_controls,psu_fact,ปุ่มของ Animal Crossing มีอะไรบ้าง,Animal Crossing: New Horizons มีข้อมูลปุ่มควบคุมดังนี้: Nintendo Switch • L (Left Stick): เคลื่อนที่ - บังคับทิศทางการเดินของตัวละคร • R (Right Stick): มุมกล้อง - ปรับมุมมองกล้อง ขึ้นหรือลง • A: โต้ตอบ / ใช้ไอเทม / ย้ายเฟอร์นิเจอร์ (กดค้าง) - โต้ตอบกับสิ่งแวดล้อม คุยกับ NPC ใช้ไอเทม และกดค้างเพื่อย้ายเฟอร์นิเจอร์ • B: ยกเลิก - ยกเลิกคำสั่งหรือออกจากเมนู • X: กระเป๋าช่องเก็บของ - เปิดหน้าต่างช่องเก็บของที่พกติดตัว • Y: หยิบไอเทม - หยิบไอเทมที่อยู่บนพื้น • D-Pad Up: วงล้อเครื่องมือ - เปิดเมนูวงล้อเพื่อเลือกหยิบเครื่องมืออย่างรวดเร็ว • D-Pad Left / Right: สลับเครื่องมือ - สลับไปถือเครื่องมือชิ้นอื่นในกระเป๋าซ้ายหรือขวา • D-Pad Down: เก็บเครื่องมือ - เก็บเครื่องมือในมือลงกระเป๋าทันที • ZL: สมาร์,pipeline:structured_game_controls,games/game_control_lookup,100.0,True,0.4005,0,,,
MB-0862-GC-158,game_controls,psu_fact,Animal Crossing ถ้าจะเคลื่อนที่ต้องกดอะไร,Animal Crossing: New Horizons ปุ่มที่ตรงกับคำถาม: Nintendo Switch • L (Left Stick): เคลื่อนที่ - บังคับทิศทางการเดินของตัวละคร แหล่งข้อมูล: https://gameinputdatabase.com/game/66,pipeline:structured_game_controls,games/game_control_lookup,100.0,True,0.4636,0,,,
MB-0863-GC-159,game_controls,psu_fact,Animal Crossing ถ้าจะมุมกล้องต้องกดอะไร,Animal Crossing: New Horizons ปุ่มที่ตรงกับคำถาม: Nintendo Switch • R (Right Stick): มุมกล้อง - ปรับมุมมองกล้อง ขึ้นหรือลง แหล่งข้อมูล: https://gameinputdatabase.com/game/66,pipeline:structured_game_controls,games/game_control_lookup,100.0,True,0.4101,0,,,
MB-0864-GC-160,game_controls,psu_fact,Animal Crossing ถ้าจะโต้ตอบ / ใช้ไอเทม / ย้ายเฟอร์นิเจอร์ (กดค้าง)ต้องกดอะไร,Animal Crossing: New Horizons ปุ่มที่ตรงกับคำถาม: Nintendo Switch • A: โต้ตอบ / ใช้ไอเทม / ย้ายเฟอร์นิเจอร์ (กดค้าง) - โต้ตอบกับสิ่งแวดล้อม คุยกับ NPC ใช้ไอเทม และกดค้างเพื่อย้ายเฟอร์นิเจอร์ • Y: หยิบไอเทม - หยิบไอเทมที่อยู่บนพื้น แหล่งข้อมูล: https://gameinputdatabase.com/game/66,pipeline:structured_game_controls,games/game_control_lookup,100.0,True,0.7621,0,,,
MB-0865-GC-161,game_controls,psu_fact,Animal Crossing ถ้าจะยกเลิกต้องกดอะไร,Animal Crossing: New Horizons ปุ่มที่ตรงกับคำถาม: Nintendo Switch • B: ยกเลิก - ยกเลิกคำสั่งหรือออกจากเมนู แหล่งข้อมูล: https://gameinputdatabase.com/game/66,pipeline:structured_game_controls,games/game_control_lookup,100.0,True,0.4327,0,,,
MB-0866-GC-162,game_controls,psu_fact,ปุ่มของ Beat Saber มีอะไรบ้าง,Beat Saber ปุ่มที่ตรงกับคำถาม: PlayStation VR2 / PS5 • Left PS VR2 Sense controller motion: ฟันบล็อกด้วยดาบมือซ้าย - ใช้การขยับคอนโทรลเลอร์ฝั่งซ้ายเพื่อฟันบล็อกตามจังหวะเพลง โดยอิงจากหลักการเล่น Beat Saber ที่ให้ผู้เล่นฟัน beat ใน VR • Right PS VR2 Sense controller motion: ฟันบล็อกด้วยดาบมือขวา - ใช้การขยับคอนโทรลเลอร์ฝั่งขวาเพื่อฟันบล็อกตามจังหวะเพลง โดยอิงจากหลักการเล่น Beat Saber ที่ให้ผู้เล่นฟัน beat ใน VR แหล่งข้อมูล: https://www.playstation.com/en-us/games/beat-saber/,pipeline:structured_game_controls,games/game_control_lookup,100.0,True,0.3456,0,,,
MB-0867-GC-163,game_controls,psu_fact,Beat Saber ถ้าจะฟันบล็อกด้วยดาบมือซ้ายต้องกดอะไร,Beat Saber ปุ่มที่ตรงกับคำถาม: PlayStation VR2 / PS5 • Left PS VR2 Sense controller motion: ฟันบล็อกด้วยดาบมือซ้าย - ใช้การขยับคอนโทรลเลอร์ฝั่งซ้ายเพื่อฟันบล็อกตามจังหวะเพลง โดยอิงจากหลักการเล่น Beat Saber ที่ให้ผู้เล่นฟัน beat ใน VR • Right PS VR2 Sense controller motion: ฟันบล็อกด้วยดาบมือขวา - ใช้การขยับคอนโทรลเลอร์ฝั่งขวาเพื่อฟันบล็อกตามจังหวะเพลง โดยอิงจากหลักการเล่น Beat Saber ที่ให้ผู้เล่นฟัน beat ใน VR แหล่งข้อมูล: https://www.playstation.com/en-us/games/beat-saber/,pipeline:structured_game_controls,games/game_control_lookup,100.0,True,0.5371,0,,,
MB-0868-GC-164,game_controls,psu_fact,Beat Saber ถ้าจะฟันบล็อกด้วยดาบมือขวาต้องกดอะไร,Beat Saber ปุ่มที่ตรงกับคำถาม: PlayStation VR2 / PS5 • Left PS VR2 Sense controller motion: ฟันบล็อกด้วยดาบมือซ้าย - ใช้การขยับคอนโทรลเลอร์ฝั่งซ้ายเพื่อฟันบล็อกตามจังหวะเพลง โดยอิงจากหลักการเล่น Beat Saber ที่ให้ผู้เล่นฟัน beat ใน VR • Right PS VR2 Sense controller motion: ฟันบล็อกด้วยดาบมือขวา - ใช้การขยับคอนโทรลเลอร์ฝั่งขวาเพื่อฟันบล็อกตามจังหวะเพลง โดยอิงจากหลักการเล่น Beat Saber ที่ให้ผู้เล่นฟัน beat ใน VR แหล่งข้อมูล: https://www.playstation.com/en-us/games/beat-saber/,pipeline:structured_game_controls,games/game_control_lookup,100.0,True,0.5307,0,,,
MB-0869-GC-165,game_controls,psu_fact,Beat Saber ถ้าจะหลบและจัดตำแหน่งร่างกายต้องกดอะไร,Beat Saber มีข้อมูลปุ่มควบคุมดังนี้: PlayStation VR2 / PS5 • Left PS VR2 Sense controller motion: ฟันบล็อกด้วยดาบมือซ้าย - ใช้การขยับคอนโทรลเลอร์ฝั่งซ้ายเพื่อฟันบล็อกตามจังหวะเพลง โดยอิงจากหลักการเล่น Beat Saber ที่ให้ผู้เล่นฟัน beat ใน VR • Right PS VR2 Sense controller motion: ฟันบล็อกด้วยดาบมือขวา - ใช้การขยับคอนโทรลเลอร์ฝั่งขวาเพื่อฟันบล็อกตามจังหวะเพลง โดยอิงจากหลักการเล่น Beat Saber ที่ให้ผู้เล่นฟัน beat ใน VR • Head/body movement: หลบและจัดตำแหน่งร่างกาย - เป็นข้อมูลวิธีเล่นระดับภาพรวมจากแหล่งทางการ ไม่ใช่ผังคีย์ละเอียดรายปุ่ม แหล่งข้อมูล: https://www.playstation.com/en-us/games/beat-saber/,pipeline:structured_game_controls,games/game_control_lookup,100.0,True,0.654,0,,,
MB-0870-GC-166,game_controls,psu_fact,Call of Duty ใช้จอยยังไง,Call of Duty มีหลายเกมในรายการปัจจุบันครับ คำถามนี้จึงยังไม่ชัดว่าหมายถึงเกมไหน ถ้าต้องการถามเรื่องปุ่ม/วิธีควบคุม ขอเลือกเกมก่อน: • Call of Duty: Modern Warfare III (PlayStation 5 Zone) • Call of Duty: Warzone (PC Zone) พิมพ์ต่อได้ เช่น `Call of Duty: Modern Warfare III ปุ่มอะไร` หรือ `Call of Duty: Warzone ปุ่มอะไร`,pipeline:ambiguity_clarification,clarification/ambiguity_gate_clarification,82.0,False,0.1121,0,,category_mismatch:clarification,
MB-0871-GC-167,game_controls,psu_fact,ปุ่มของ Call of Duty มีอะไรบ้าง,Call of Duty มีหลายเกมในรายการปัจจุบันครับ คำถามนี้จึงยังไม่ชัดว่าหมายถึงเกมไหน ถ้าต้องการถามเรื่องปุ่ม/วิธีควบคุม ขอเลือกเกมก่อน: • Call of Duty: Modern Warfare III (PlayStation 5 Zone) • Call of Duty: Warzone (PC Zone) พิมพ์ต่อได้ เช่น `Call of Duty: Modern Warfare III ปุ่มอะไร` หรือ `Call of Duty: Warzone ปุ่มอะไร`,pipeline:ambiguity_clarification,clarification/ambiguity_gate_clarification,82.0,False,0.1368,0,,category_mismatch:clarification,
MB-0872-GC-168,game_controls,psu_fact,Call of Duty ถ้าจะกระโดด / ปีนป่ายต้องกดอะไร,Call of Duty มีหลายเกมในรายการปัจจุบันครับ คำถามนี้จึงยังไม่ชัดว่าหมายถึงเกมไหน ถ้าต้องการถามเรื่องปุ่ม/วิธีควบคุม ขอเลือกเกมก่อน: • Call of Duty: Modern Warfare III (PlayStation 5 Zone) • Call of Duty: Warzone (PC Zone) พิมพ์ต่อได้ เช่น `Call of Duty: Modern Warfare III ปุ่มอะไร` หรือ `Call of Duty: Warzone ปุ่มอะไร`,pipeline:ambiguity_clarification,clarification/ambiguity_gate_clarification,66.0,False,0.2229,0,,category_mismatch:clarification | missing_any:L1|กระโดด / ปีนป่าย,
MB-0873-GC-169,game_controls,psu_fact,Call of Duty ถ้าจะเปลี่ยนท่า / สไลด์ / พุ่งหลบต้องกดอะไร,Call of Duty มีหลายเกมในรายการปัจจุบันครับ คำถามนี้จึงยังไม่ชัดว่าหมายถึงเกมไหน ถ้าต้องการถามเรื่องปุ่ม/วิธีควบคุม ขอเลือกเกมก่อน: • Call of Duty: Modern Warfare III (PlayStation 5 Zone) • Call of Duty: Warzone (PC Zone) พิมพ์ต่อได้ เช่น `Call of Duty: Modern Warfare III ปุ่มอะไร` หรือ `Call of Duty: Warzone ปุ่มอะไร`,pipeline:ambiguity_clarification,clarification/ambiguity_gate_clarification,66.0,False,0.2435,0,,category_mismatch:clarification | missing_any:R3|เปลี่ยนท่า / สไลด์ / พุ่งหลบ,
MB-0874-GC-170,game_controls,psu_fact,Call of Duty ถ้าจะใช้อุปกรณ์ยุทธวิธีต้องกดอะไร,Call of Duty มีหลายเกมในรายการปัจจุบันครับ คำถามนี้จึงยังไม่ชัดว่าหมายถึงเกมไหน ถ้าต้องการถามเรื่องปุ่ม/วิธีควบคุม ขอเลือกเกมก่อน: • Call of Duty: Modern Warfare III (PlayStation 5 Zone) • Call of Duty: Warzone (PC Zone) พิมพ์ต่อได้ เช่น `Call of Duty: Modern Warfare III ปุ่มอะไร` หรือ `Call of Duty: Warzone ปุ่มอะไร`,pipeline:ambiguity_clarification,clarification/ambiguity_gate_clarification,66.0,False,0.2406,0,,category_mismatch:clarification | missing_any:Cross|ใช้อุปกรณ์ยุทธวิธี,
MB-0875-GC-171,game_controls,psu_fact,Call of Duty ถ้าจะโจมตีประชิดต้องกดอะไร,Call of Duty มีหลายเกมในรายการปัจจุบันครับ คำถามนี้จึงยังไม่ชัดว่าหมายถึงเกมไหน ถ้าต้องการถามเรื่องปุ่ม/วิธีควบคุม ขอเลือกเกมก่อน: • Call of Duty: Modern Warfare III (PlayStation 5 Zone) • Call of Duty: Warzone (PC Zone) พิมพ์ต่อได้ เช่น `Call of Duty: Modern Warfare III ปุ่มอะไร` หรือ `Call of Duty: Warzone ปุ่มอะไร`,pipeline:ambiguity_clarification,clarification/ambiguity_gate_clarification,66.0,False,0.1762,0,,category_mismatch:clarification | missing_any:Circle|โจมตีประชิด,
MB-0876-GC-172,game_controls,psu_fact,Call of Duty ถ้าจะย่อตัว / หมอบ / สไลด์ต้องกดอะไร,Call of Duty มีหลายเกมในรายการปัจจุบันครับ คำถามนี้จึงยังไม่ชัดว่าหมายถึงเกมไหน ถ้าต้องการถามเรื่องปุ่ม/วิธีควบคุม ขอเลือกเกมก่อน: • Call of Duty: Modern Warfare III (PlayStation 5 Zone) • Call of Duty: Warzone (PC Zone) พิมพ์ต่อได้ เช่น `Call of Duty: Modern Warfare III ปุ่มอะไร` หรือ `Call of Duty: Warzone ปุ่มอะไร`,pipeline:ambiguity_clarification,clarification/ambiguity_gate_clarification,66.0,False,0.2204,0,,category_mismatch:clarification | missing_any:Circle|ย่อตัว / หมอบ / สไลด์,
MB-0877-GC-173,game_controls,psu_fact,Call of Duty ถ้าจะโต้ตอบ / รีโหลดต้องกดอะไร,Call of Duty มีหลายเกมในรายการปัจจุบันครับ คำถามนี้จึงยังไม่ชัดว่าหมายถึงเกมไหน ถ้าต้องการถามเรื่องปุ่ม/วิธีควบคุม ขอเลือกเกมก่อน: • Call of Duty: Modern Warfare III (PlayStation 5 Zone) • Call of Duty: Warzone (PC Zone) พิมพ์ต่อได้ เช่น `Call of Duty: Modern Warfare III ปุ่มอะไร` หรือ `Call of Duty: Warzone ปุ่มอะไร`,pipeline:ambiguity_clarification,clarification/ambiguity_gate_clarification,66.0,False,0.1934,0,,category_mismatch:clarification | missing_any:Square|โต้ตอบ / รีโหลด,
MB-0878-GC-174,game_controls,psu_fact,Call of Duty ถ้าจะสลับอาวุธต้องกดอะไร,Call of Duty มีหลายเกมในรายการปัจจุบันครับ คำถามนี้จึงยังไม่ชัดว่าหมายถึงเกมไหน ถ้าต้องการถามเรื่องปุ่ม/วิธีควบคุม ขอเลือกเกมก่อน: • Call of Duty: Modern Warfare III (PlayStation 5 Zone) • Call of Duty: Warzone (PC Zone) พิมพ์ต่อได้ เช่น `Call of Duty: Modern Warfare III ปุ่มอะไร` หรือ `Call of Duty: Warzone ปุ่มอะไร`,pipeline:ambiguity_clarification,clarification/ambiguity_gate_clarification,66.0,False,0.1682,0,,category_mismatch:clarification | missing_any:Triangle|สลับอาวุธ,
MB-0879-GC-175,game_controls,psu_fact,ปุ่มของ Counter-Strike 2 มีอะไรบ้าง,"Counter-Strike 2 มีข้อมูลปุ่มควบคุมดังนี้: PC • W / A / S / D: เคลื่อนที่ - W เดินหน้า, A ไปซ้าย, S ถอยหลัง, D ไปขวา • Left Shift: เดินช้า - เดินแบบลดเสียงเท้า • Left Ctrl: ย่อตัว - ย่อตัว/ก้ม • Spacebar: กระโดด - กระโดด • E: ใช้งาน/โต้ตอบ - ใช้โต้ตอบ เช่น กู้ระเบิดหรือใช้งานวัตถุ • Left Mouse Button: ยิง - ยิงอาวุธ • Right Mouse Button: ยิง/เล็งแบบรอง - โหมดรองของอาวุธตามชนิดอาวุธ • R: รีโหลด - เปลี่ยนกระสุน • Q: สลับกลับอาวุธล่าสุด - กลับไปอาวุธที่ใช้ก่อนหน้า • G: ทิ้งอาวุธ - โยนอาวุธที่ถืออยู่ลงพื้น • B: เปิดเมนูซื้อของ - เปิดเมนูซื้ออาวุธ/อุปกรณ์ • 1 / 2 / 3: เลือกอาวุธ - 1 อาวุธหลัก, 2 อาวุธรอง, 3 มีด • 4: เลือก/วนระเบิด - เลือกกลุ่มระเบิด • Tab: ดูตารางคะแนน - เปิด scoreboard • Y / U: ",pipeline:structured_game_controls,games/game_control_lookup,100.0,True,0.387,0,,,
MB-0880-GC-176,game_controls,psu_fact,Counter-Strike 2 ถ้าจะเคลื่อนที่ต้องกดอะไร,"Counter-Strike 2 ปุ่มที่ตรงกับคำถาม: PC • W / A / S / D: เคลื่อนที่ - W เดินหน้า, A ไปซ้าย, S ถอยหลัง, D ไปขวา แหล่งข้อมูล: https://www.holy.gg/en/post/counter-strike-2-keyboard-mouse-controls-pc",pipeline:structured_game_controls,games/game_control_lookup,100.0,True,0.5433,0,,,
MB-0881-GC-177,game_controls,psu_fact,Counter-Strike 2 ถ้าจะเดินช้าต้องกดอะไร,Counter-Strike 2 ปุ่มที่ตรงกับคำถาม: PC • Left Shift: เดินช้า - เดินแบบลดเสียงเท้า แหล่งข้อมูล: https://www.holy.gg/en/post/counter-strike-2-keyboard-mouse-controls-pc,pipeline:structured_game_controls,games/game_control_lookup,100.0,True,0.4902,0,,,
MB-0882-GC-178,game_controls,psu_fact,Counter-Strike 2 ถ้าจะย่อตัวต้องกดอะไร,Counter-Strike 2 ปุ่มที่ตรงกับคำถาม: PC • Left Ctrl: ย่อตัว - ย่อตัว/ก้ม แหล่งข้อมูล: https://www.holy.gg/en/post/counter-strike-2-keyboard-mouse-controls-pc,pipeline:structured_game_controls,games/game_control_lookup,100.0,True,0.4577,0,,,
MB-0883-GC-179,game_controls,psu_fact,Counter-Strike 2 ถ้าจะกระโดดต้องกดอะไร,Counter-Strike 2 ปุ่มที่ตรงกับคำถาม: PC • Spacebar: กระโดด - กระโดด แหล่งข้อมูล: https://www.holy.gg/en/post/counter-strike-2-keyboard-mouse-controls-pc,pipeline:structured_game_controls,games/game_control_lookup,100.0,True,0.4251,0,,,
MB-0884-GC-180,game_controls,psu_fact,ปุ่มของ EA Sports FC 24 มีอะไรบ้าง,EA Sports FC 24 มีข้อมูลปุ่มควบคุมดังนี้: PlayStation / PS5 • Cross: ส่งบอลเลียด / โหม่ง - ส่งบอลสั้นเรียบไปกับพื้นให้เพื่อนร่วมทีม หรือใช้โหม่งส่งบอล • Square: ส่งบอลโด่ง / เปิดบอล / โหม่ง - โยนบอลยาวข้ามหัว เปิดบอลจากริมเส้น หรือโหม่งเคลียร์บอล • Triangle: จ่ายบอลทะลุช่อง - จ่ายบอลไปในพื้นที่ว่างให้เพื่อนวิ่งสอดขึ้นไปรับ • Circle: ยิงประตู / วอลเลย์ / โหม่ง - ง้างเท้ายิงประตู โหม่งทำประตู หรือวอลเลย์ • R1 + Cross: ส่งเลียดแบบพุ่งแรง - ส่งบอลเลียดพื้นด้วยความแรงและรวดเร็วกว่าปกติทะลุช่องว่าง • R1 + Circle: ยิงปั่นโค้ง - ยิงด้วยข้างเท้าด้านในเน้นทิศทางให้บอลไซด์โค้ง • L1 + Triangle: ยกบอลทะลุช่อง - ชิพบอลข้ามหัวกองหลังให้เพื่อนวิ่งไปเอาบอล • L1: เปลี่ยนตัวผู้เล่น - สลับการควบคุมไปยังนักเตะคน,pipeline:structured_game_controls,games/game_control_lookup,100.0,True,0.4204,0,,,
MB-0885-GC-181,game_controls,psu_fact,EA Sports FC 24 ถ้าจะส่งบอลเลียด / โหม่งต้องกดอะไร,EA Sports FC 24 ปุ่มที่ตรงกับคำถาม: PlayStation / PS5 • Cross: ส่งบอลเลียด / โหม่ง - ส่งบอลสั้นเรียบไปกับพื้นให้เพื่อนร่วมทีม หรือใช้โหม่งส่งบอล • Square: ส่งบอลโด่ง / เปิดบอล / โหม่ง - โยนบอลยาวข้ามหัว เปิดบอลจากริมเส้น หรือโหม่งเคลียร์บอล • Circle: ยิงประตู / วอลเลย์ / โหม่ง - ง้างเท้ายิงประตู โหม่งทำประตู หรือวอลเลย์ • R1 + Cross: ส่งเลียดแบบพุ่งแรง - ส่งบอลเลียดพื้นด้วยความแรงและรวดเร็วกว่าปกติทะลุช่องว่าง • L2: บังบอล - หันหลังพิงและใช้ร่างกายบังบอลจากคู่ต่อสู้ • L2 (hold) + Direction: บังบอล / คุมเชิง - กดค้างเพื่อย่อตัวคุมเชิงในเกมรับ หรือพิงบังบอลขณะเลี้ยง แหล่งข้อมูล: https://fifauteam.com/fc-24-controls/,pipeline:structured_game_controls,games/game_control_lookup,100.0,True,0.4978,0,,,
MB-0886-GC-182,game_controls,psu_fact,EA Sports FC 24 ถ้าจะส่งบอลโด่ง / เปิดบอล / โหม่งต้องกดอะไร,EA Sports FC 24 ปุ่มที่ตรงกับคำถาม: PlayStation / PS5 • Cross: ส่งบอลเลียด / โหม่ง - ส่งบอลสั้นเรียบไปกับพื้นให้เพื่อนร่วมทีม หรือใช้โหม่งส่งบอล • Square: ส่งบอลโด่ง / เปิดบอล / โหม่ง - โยนบอลยาวข้ามหัว เปิดบอลจากริมเส้น หรือโหม่งเคลียร์บอล • Circle: ยิงประตู / วอลเลย์ / โหม่ง - ง้างเท้ายิงประตู โหม่งทำประตู หรือวอลเลย์ • L2: บังบอล - หันหลังพิงและใช้ร่างกายบังบอลจากคู่ต่อสู้ • L2 (hold) + Direction: บังบอล / คุมเชิง - กดค้างเพื่อย่อตัวคุมเชิงในเกมรับ หรือพิงบังบอลขณะเลี้ยง แหล่งข้อมูล: https://fifauteam.com/fc-24-controls/,pipeline:structured_game_controls,games/game_control_lookup,100.0,True,0.6016,0,,,
MB-0887-GC-183,game_controls,psu_fact,EA Sports FC 24 ถ้าจะจ่ายบอลทะลุช่องต้องกดอะไร,EA Sports FC 24 ปุ่มที่ตรงกับคำถาม: PlayStation / PS5 • Triangle: จ่ายบอลทะลุช่อง - จ่ายบอลไปในพื้นที่ว่างให้เพื่อนวิ่งสอดขึ้นไปรับ • L1 + Triangle: ยกบอลทะลุช่อง - ชิพบอลข้ามหัวกองหลังให้เพื่อนวิ่งไปเอาบอล แหล่งข้อมูล: https://fifauteam.com/fc-24-controls/,pipeline:structured_game_controls,games/game_control_lookup,100.0,True,0.6056,0,,,
MB-0888-GC-184,game_controls,psu_fact,EA Sports FC 24 ถ้าจะยิงประตู / วอลเลย์ / โหม่งต้องกดอะไร,EA Sports FC 24 ปุ่มที่ตรงกับคำถาม: PlayStation / PS5 • Cross: ส่งบอลเลียด / โหม่ง - ส่งบอลสั้นเรียบไปกับพื้นให้เพื่อนร่วมทีม หรือใช้โหม่งส่งบอล • Square: ส่งบอลโด่ง / เปิดบอล / โหม่ง - โยนบอลยาวข้ามหัว เปิดบอลจากริมเส้น หรือโหม่งเคลียร์บอล • Circle: ยิงประตู / วอลเลย์ / โหม่ง - ง้างเท้ายิงประตู โหม่งทำประตู หรือวอลเลย์ • R1 + Circle: ยิงปั่นโค้ง - ยิงด้วยข้างเท้าด้านในเน้นทิศทางให้บอลไซด์โค้ง แหล่งข้อมูล: https://fifauteam.com/fc-24-controls/,pipeline:structured_game_controls,games/game_control_lookup,100.0,True,0.6471,0,,,
MB-0889-GC-185,game_controls,psu_fact,ปุ่มของ FINAL FANTASY XVI มีอะไรบ้าง,FINAL FANTASY XVI มีข้อมูลปุ่มควบคุมดังนี้: PlayStation / PS5 • Left Stick: เคลื่อนที่ • Right Stick: ควบคุมมุมกล้อง • Square: โจมตีด้วยดาบ / โจมตีระยะประชิด • Triangle: โจมตีเวทมนตร์ • Cross: กระโดด • Circle: ใช้ Eikonic Feat • R1: หลบหลีก • R2: เปิดชุด Eikonic Abilities • R2 + Square / Triangle / Cross / Circle: ใช้ Eikonic Ability ที่ผูกไว้ • L1: ล็อกเป้าหมาย • L2: สลับ Eikon • L3: Animal Instinct • R3: รีเซ็ตมุมกล้อง • L3 + R3: ใช้ Limit Break • Directional Buttons Up / Right / Down: ทางลัดไอเทมหรือคำสั่ง Torgal • Directional Button Left: สลับระหว่างไอเทมกับคำสั่ง Torgal • Options: เปิดเมนูหลัก / หยุดเกม • R2 + Touch Pad: ยั่วยุ แหล่งข้อมูล: https://gamewith.net/final-fantasy-16/article/,pipeline:structured_game_controls,games/game_control_lookup,100.0,True,0.4523,0,,,
MB-0890-GC-186,game_controls,psu_fact,FINAL FANTASY XVI ถ้าจะเคลื่อนที่ต้องกดอะไร,FINAL FANTASY XVI ปุ่มที่ตรงกับคำถาม: PlayStation / PS5 • Left Stick: เคลื่อนที่ แหล่งข้อมูล: https://gamewith.net/final-fantasy-16/article/show/39644,pipeline:structured_game_controls,games/game_control_lookup,100.0,True,0.5224,0,,,
MB-0891-GC-187,game_controls,psu_fact,FINAL FANTASY XVI ถ้าจะควบคุมมุมกล้องต้องกดอะไร,FINAL FANTASY XVI ปุ่มที่ตรงกับคำถาม: PlayStation / PS5 • Right Stick: ควบคุมมุมกล้อง • R3: รีเซ็ตมุมกล้อง แหล่งข้อมูล: https://gamewith.net/final-fantasy-16/article/show/39644,pipeline:structured_game_controls,games/game_control_lookup,100.0,True,0.5192,0,,,
MB-0892-GC-188,game_controls,psu_fact,FINAL FANTASY XVI ถ้าจะโจมตีด้วยดาบ / โจมตีระยะประชิดต้องกดอะไร,FINAL FANTASY XVI ปุ่มที่ตรงกับคำถาม: PlayStation / PS5 • Square: โจมตีด้วยดาบ / โจมตีระยะประชิด • Triangle: โจมตีเวทมนตร์ แหล่งข้อมูล: https://gamewith.net/final-fantasy-16/article/show/39644,pipeline:structured_game_controls,games/game_control_lookup,100.0,True,0.5925,0,,,
MB-0893-GC-189,game_controls,psu_fact,FINAL FANTASY XVI ถ้าจะโจมตีเวทมนตร์ต้องกดอะไร,FINAL FANTASY XVI ปุ่มที่ตรงกับคำถาม: PlayStation / PS5 • Square: โจมตีด้วยดาบ / โจมตีระยะประชิด • Triangle: โจมตีเวทมนตร์ แหล่งข้อมูล: https://gamewith.net/final-fantasy-16/article/show/39644,pipeline:structured_game_controls,games/game_control_lookup,100.0,True,0.5885,0,,,
MB-0894-GC-190,game_controls,psu_fact,ปุ่มของ Fortnite มีอะไรบ้าง,"Fortnite มีข้อมูลปุ่มควบคุมดังนี้: PlayStation / PS5 • Options: เปิดเมนูเกม - บน PlayStation ให้กด Options เพื่อเปิดเมนู แล้วเข้า Settings เพื่อดู/แก้ controls • Controller Mapping page: เปลี่ยน preset จอย - Epic ระบุว่าหน้า Controller Mapping มี preset เช่น Old School, Quick Builder, Combat Pro, Builder Pro และ Custom • Builder Pro / Combat Pro / Custom: ชุดปุ่มควบคุม - ข้อมูลนี้เป็น preset ที่ Epic ระบุ ไม่ใช่ผังปุ่มละเอียดของแต่ละ preset แหล่งข้อมูล: https://www.epicgames.com/help/c-202300000001636/c-202300000001719/how-can-i-change-my-fortnite-controls-on-pc-or-console-a202300000014546",pipeline:structured_game_controls,games/game_control_lookup,100.0,True,0.4659,0,,,
MB-0895-GC-191,game_controls,psu_fact,Fortnite ถ้าจะเปิดเมนูเกมต้องกดอะไร,Fortnite ปุ่มที่ตรงกับคำถาม: PlayStation / PS5 • Options: เปิดเมนูเกม - บน PlayStation ให้กด Options เพื่อเปิดเมนู แล้วเข้า Settings เพื่อดู/แก้ controls แหล่งข้อมูล: https://www.epicgames.com/help/c-202300000001636/c-202300000001719/how-can-i-change-my-fortnite-controls-on-pc-or-console-a202300000014546,pipeline:structured_game_controls,games/game_control_lookup,100.0,True,0.581,0,,,
MB-0896-GC-192,game_controls,psu_fact,Fortnite ถ้าจะเปลี่ยน preset จอยต้องกดอะไร,"Fortnite ปุ่มที่ตรงกับคำถาม: PlayStation / PS5 • Controller Mapping page: เปลี่ยน preset จอย - Epic ระบุว่าหน้า Controller Mapping มี preset เช่น Old School, Quick Builder, Combat Pro, Builder Pro และ Custom • Builder Pro / Combat Pro / Custom: ชุดปุ่มควบคุม - ข้อมูลนี้เป็น preset ที่ Epic ระบุ ไม่ใช่ผังปุ่มละเอียดของแต่ละ preset แหล่งข้อมูล: https://www.epicgames.com/help/c-202300000001636/c-202300000001719/how-can-i-change-my-fortnite-controls-on-pc-or-console-a202300000014546",pipeline:structured_game_controls,games/game_control_lookup,100.0,True,0.543,0,,,
MB-0897-GC-193,game_controls,psu_fact,Fortnite ถ้าจะชุดปุ่มควบคุมต้องกดอะไร,Fortnite ปุ่มที่ตรงกับคำถาม: PlayStation / PS5 • Builder Pro / Combat Pro / Custom: ชุดปุ่มควบคุม - ข้อมูลนี้เป็น preset ที่ Epic ระบุ ไม่ใช่ผังปุ่มละเอียดของแต่ละ preset แหล่งข้อมูล: https://www.epicgames.com/help/c-202300000001636/c-202300000001719/how-can-i-change-my-fortnite-controls-on-pc-or-console-a202300000014546,pipeline:structured_game_controls,games/game_control_lookup,100.0,True,0.454,0,,,
MB-0898-GC-194,game_controls,psu_fact,ปุ่มของ God of War Ragnarök มีอะไรบ้าง,"God of War Ragnarök มีข้อมูลปุ่มควบคุมดังนี้: PlayStation / PS5 • L: เคลื่อนที่ - บังคับทิศทางการเดิน • L3: วิ่งสปรินต์ - กดเพื่อวิ่ง • L3 + R3: พลังสปาร์ตัน - ระเบิดความโกรธของเครโทสเพื่อเพิ่มพลังโจมตีและฟื้นฟูพลังชีวิต • R: มุมกล้อง - ควบคุมการหมุนมุมกล้อง • R3: ล็อกเป้าหมาย - ล็อกเป้าหมายศัตรู • L2 (Hold): เล็ง (กดค้าง) - ง้างอาวุธเตรียมขว้าง • L1 (Hold): ป้องกัน (กดค้าง) - ยกโล่ขึ้นป้องกันการโจมตี และใช้เป็นปุ่มร่วมสำหรับคำสั่ง Runic/Relic • R1: โจมตีเบา / รูนเบา / ขว้าง - โจมตีปกติเบา, ขว้างอาวุธเมื่อกดเล็ง, หรือใช้ท่ารูนเบาเมื่อกดค้าง L1 • R2: โจมตีหนัก / รูนหนัก - โจมตีปกติหนัก หรือใช้ท่ารูนหนักเมื่อกดค้าง L1 • Triangle: เรียกขวานกลับ / ชาร์จพลังอาวุธ - เรียกขวานกลับเข้ามือ หรือชาร์จพ",pipeline:structured_game_controls,games/game_control_lookup,100.0,True,0.3669,0,,,
MB-0899-GC-195,game_controls,psu_fact,God of War Ragnarök ถ้าจะเคลื่อนที่ต้องกดอะไร,God of War Ragnarök ปุ่มที่ตรงกับคำถาม: PlayStation / PS5 • L: เคลื่อนที่ - บังคับทิศทางการเดิน • L1 (Hold): ป้องกัน (กดค้าง) - ยกโล่ขึ้นป้องกันการโจมตี และใช้เป็นปุ่มร่วมสำหรับคำสั่ง Runic/Relic • Touch Pad: แผนที่ - เปิดแผนที่โลก แหล่งข้อมูล: https://gameinputdatabase.com/game/14,pipeline:structured_game_controls,games/game_control_lookup,100.0,True,0.476,0,,,
MB-0900-GC-196,game_controls,psu_fact,God of War Ragnarök ถ้าจะวิ่งสปรินต์ต้องกดอะไร,God of War Ragnarök ปุ่มที่ตรงกับคำถาม: PlayStation / PS5 • L3: วิ่งสปรินต์ - กดเพื่อวิ่ง • L1 (Hold): ป้องกัน (กดค้าง) - ยกโล่ขึ้นป้องกันการโจมตี และใช้เป็นปุ่มร่วมสำหรับคำสั่ง Runic/Relic แหล่งข้อมูล: https://gameinputdatabase.com/game/14,pipeline:structured_game_controls,games/game_control_lookup,100.0,True,0.4892,0,,,
MB-0901-GC-197,game_controls,psu_fact,God of War Ragnarök ถ้าจะพลังสปาร์ตันต้องกดอะไร,God of War Ragnarök ปุ่มที่ตรงกับคำถาม: PlayStation / PS5 • L3 + R3: พลังสปาร์ตัน - ระเบิดความโกรธของเครโทสเพื่อเพิ่มพลังโจมตีและฟื้นฟูพลังชีวิต • L1 (Hold): ป้องกัน (กดค้าง) - ยกโล่ขึ้นป้องกันการโจมตี และใช้เป็นปุ่มร่วมสำหรับคำสั่ง Runic/Relic • Triangle: เรียกขวานกลับ / ชาร์จพลังอาวุธ - เรียกขวานกลับเข้ามือ หรือชาร์จพลังธาตุให้อาวุธเมื่อกดค้าง L1 แหล่งข้อมูล: https://gameinputdatabase.com/game/14,pipeline:structured_game_controls,games/game_control_lookup,100.0,True,0.3975,0,,,
MB-0902-GC-198,game_controls,psu_fact,God of War Ragnarök ถ้าจะมุมกล้องต้องกดอะไร,God of War Ragnarök ปุ่มที่ตรงกับคำถาม: PlayStation / PS5 • R: มุมกล้อง - ควบคุมการหมุนมุมกล้อง • L1 (Hold): ป้องกัน (กดค้าง) - ยกโล่ขึ้นป้องกันการโจมตี และใช้เป็นปุ่มร่วมสำหรับคำสั่ง Runic/Relic แหล่งข้อมูล: https://gameinputdatabase.com/game/14,pipeline:structured_game_controls,games/game_control_lookup,100.0,True,0.4035,0,,,
MB-0903-GC-199,game_controls,psu_fact,ปุ่มของ Gran Turismo 7 มีอะไรบ้าง,Gran Turismo 7 มีข้อมูลปุ่มควบคุมดังนี้: PlayStation / PS5 • L (Left Stick): เลี้ยว / ควบคุมพวงมาลัย - บังคับทิศทางรถ • R2: คันเร่ง - กดเพื่อเร่งเครื่อง • L2: เบรก - กดเพื่อชะลอความเร็วรถ • Cross: เพิ่มเกียร์ - เปลี่ยนเกียร์สูงขึ้น (โหมดเกียร์ธรรมดา) • Square: ลดเกียร์ - เปลี่ยนเกียร์ต่ำลง (โหมดเกียร์ธรรมดา) • Circle: เบรกมือ - ดึงเบรกมือเพื่อสไลด์หรือดริฟต์ • Triangle: ถอยหลัง - เข้าเกียร์ถอยรถ • D-Pad: ควบคุมจอ MFD - สลับและปรับค่า Multi-Function Display เช่น Traction Control หรือ Fuel Map • R1: เปลี่ยนมุมมอง - สลับมุมกล้องในการขับขี่ • L1: มองหลัง - สลับมุมกล้องไปมองด้านหลังชั่วคราว • R3: ไนตรัส / เร่งแซง - ใช้งานระบบเพิ่มความเร็วพิเศษที่มีติดตั้งในรถบางรุ่น • L3: ไฟหน้า - เปิด/ปิด หรือกะ,pipeline:structured_game_controls,games/game_control_lookup,100.0,True,0.3144,0,,,
MB-0904-GC-200,game_controls,psu_fact,Gran Turismo 7 ถ้าจะเลี้ยว / ควบคุมพวงมาลัยต้องกดอะไร,Gran Turismo 7 ปุ่มที่ตรงกับคำถาม: PlayStation / PS5 • L (Left Stick): เลี้ยว / ควบคุมพวงมาลัย - บังคับทิศทางรถ • D-Pad: ควบคุมจอ MFD - สลับและปรับค่า Multi-Function Display เช่น Traction Control หรือ Fuel Map แหล่งข้อมูล: https://gameinputdatabase.com/game/135,pipeline:structured_game_controls,games/game_control_lookup,100.0,True,0.4221,0,,,
MB-0905-GC-201,game_controls,psu_fact,Gran Turismo 7 ถ้าจะคันเร่งต้องกดอะไร,Gran Turismo 7 ปุ่มที่ตรงกับคำถาม: PlayStation / PS5 • R2: คันเร่ง - กดเพื่อเร่งเครื่อง • R3: ไนตรัส / เร่งแซง - ใช้งานระบบเพิ่มความเร็วพิเศษที่มีติดตั้งในรถบางรุ่น แหล่งข้อมูล: https://gameinputdatabase.com/game/135,pipeline:structured_game_controls,games/game_control_lookup,100.0,True,0.4349,0,,,
MB-0906-GC-202,game_controls,psu_fact,Gran Turismo 7 ถ้าจะเบรกต้องกดอะไร,Gran Turismo 7 ปุ่มที่ตรงกับคำถาม: PlayStation / PS5 • L2: เบรก - กดเพื่อชะลอความเร็วรถ • Circle: เบรกมือ - ดึงเบรกมือเพื่อสไลด์หรือดริฟต์ แหล่งข้อมูล: https://gameinputdatabase.com/game/135,pipeline:structured_game_controls,games/game_control_lookup,100.0,True,0.3682,0,,,
MB-0907-GC-203,game_controls,psu_fact,Gran Turismo 7 ถ้าจะเพิ่มเกียร์ต้องกดอะไร,Gran Turismo 7 ปุ่มที่ตรงกับคำถาม: PlayStation / PS5 • Cross: เพิ่มเกียร์ - เปลี่ยนเกียร์สูงขึ้น (โหมดเกียร์ธรรมดา) • Square: ลดเกียร์ - เปลี่ยนเกียร์ต่ำลง (โหมดเกียร์ธรรมดา) แหล่งข้อมูล: https://gameinputdatabase.com/game/135,pipeline:structured_game_controls,games/game_control_lookup,100.0,True,0.4699,0,,,
MB-0908-GC-204,game_controls,psu_fact,ปุ่มของ Hogwarts Legacy มีอะไรบ้าง,Hogwarts Legacy มีข้อมูลปุ่มควบคุมดังนี้: PlayStation / PS5 • L (Left Stick): เคลื่อนที่ - บังคับทิศทางการเดิน • L3: วิ่งสปรินต์ - กดเพื่อวิ่งเร็ว • R (Right Stick): มุมกล้อง - หมุนและควบคุมมุมกล้อง • R3: ล็อกเป้าหมาย - ล็อกเป้าศัตรู • L2 (Hold): เล็งเป้าหมาย - กดค้างเพื่อซูมและเล็ง • L1: ใช้ไอเทม / วงล้อเครื่องมือ - กดใช้ไอเทมที่เซ็ตไว้ หรือกดค้างเพื่อเลือกน้ำยา/พืชพรรณ • R2: โจมตีพื้นฐาน / เปิดชุดคาถา - กดยิงคาถาทั่วไป หรือกดค้างเพื่อใช้ร่วมกับปุ่ม △/O/X/□ ในการร่ายคาถาที่เซ็ตไว้ • R1: ขว้างเวทมนตร์โบราณ - ดึงวัตถุในฉากมาขว้างใส่ศัตรู • Triangle: ป้องกัน / บล็อกคาถา - กางโล่ Protego ป้องกันการโจมตี หากกดค้างจะสวนกลับด้วย Stupefy • Circle: กลิ้งหลบ - กลิ้งหลบการโจมตีที่ไม่สามารถปัดป้องได้ (,pipeline:structured_game_controls,games/game_control_lookup,100.0,True,0.3431,0,,,
MB-0909-GC-205,game_controls,psu_fact,Hogwarts Legacy ถ้าจะเคลื่อนที่ต้องกดอะไร,Hogwarts Legacy ปุ่มที่ตรงกับคำถาม: PlayStation / PS5 • L (Left Stick): เคลื่อนที่ - บังคับทิศทางการเดิน • Triangle: ป้องกัน / บล็อกคาถา - กางโล่ Protego ป้องกันการโจมตี หากกดค้างจะสวนกลับด้วย Stupefy • Touch Pad: แผนที่ - เปิดแผนที่โลกและฮอกวอตส์ แหล่งข้อมูล: https://gameinputdatabase.com/game/204,pipeline:structured_game_controls,games/game_control_lookup,100.0,True,0.4501,0,,,
MB-0910-GC-206,game_controls,psu_fact,Hogwarts Legacy ถ้าจะวิ่งสปรินต์ต้องกดอะไร,Hogwarts Legacy ปุ่มที่ตรงกับคำถาม: PlayStation / PS5 • L3: วิ่งสปรินต์ - กดเพื่อวิ่งเร็ว • Triangle: ป้องกัน / บล็อกคาถา - กางโล่ Protego ป้องกันการโจมตี หากกดค้างจะสวนกลับด้วย Stupefy แหล่งข้อมูล: https://gameinputdatabase.com/game/204,pipeline:structured_game_controls,games/game_control_lookup,100.0,True,0.421,0,,,
MB-0911-GC-207,game_controls,psu_fact,Hogwarts Legacy ถ้าจะมุมกล้องต้องกดอะไร,Hogwarts Legacy ปุ่มที่ตรงกับคำถาม: PlayStation / PS5 • R (Right Stick): มุมกล้อง - หมุนและควบคุมมุมกล้อง • Triangle: ป้องกัน / บล็อกคาถา - กางโล่ Protego ป้องกันการโจมตี หากกดค้างจะสวนกลับด้วย Stupefy แหล่งข้อมูล: https://gameinputdatabase.com/game/204,pipeline:structured_game_controls,games/game_control_lookup,100.0,True,0.3938,0,,,
MB-0912-GC-208,game_controls,psu_fact,Hogwarts Legacy ถ้าจะล็อกเป้าหมายต้องกดอะไร,Hogwarts Legacy ปุ่มที่ตรงกับคำถาม: PlayStation / PS5 • R3: ล็อกเป้าหมาย - ล็อกเป้าศัตรู • L2 (Hold): เล็งเป้าหมาย - กดค้างเพื่อซูมและเล็ง • Triangle: ป้องกัน / บล็อกคาถา - กางโล่ Protego ป้องกันการโจมตี หากกดค้างจะสวนกลับด้วย Stupefy แหล่งข้อมูล: https://gameinputdatabase.com/game/204,pipeline:structured_game_controls,games/game_control_lookup,100.0,True,0.4721,0,,,
MB-0913-GC-209,game_controls,psu_fact,ปุ่มของ Horizon Call of the Mountain มีอะไรบ้าง,Horizon Call of the Mountain มีข้อมูลปุ่มควบคุมดังนี้: PlayStation VR2 / PS5 • Gesture control scheme: เคลื่อนที่ด้วยท่าทางร่างกาย - โหมด Gesture ให้ผู้เล่นเคลื่อนที่ในโลกของเกมผ่านการขยับร่างกาย • Analogue control scheme: เคลื่อนที่ด้วยอนาล็อก - โหมด Analogue ใช้ sticks บน PS VR2 Sense controllers เพื่อเคลื่อนที่ในเกม • PS VR2 Sense grip button: จับวัตถุในเกม - หน้าเกมทางการระบุว่า PS VR2 Sense controllers มี grip button สำหรับจับวัตถุในเกม แหล่งข้อมูล: https://www.playstation.com/en-us/support/games/horizon-call-of-the-mountain/,pipeline:structured_game_controls,games/game_control_lookup,100.0,True,0.4532,0,,,
MB-0914-GC-210,game_controls,psu_fact,Horizon Call of the Mountain ถ้าจะเคลื่อนที่ด้วยท่าทางร่างกายต้องกดอะไร,Horizon Call of the Mountain ปุ่มที่ตรงกับคำถาม: PlayStation VR2 / PS5 • Gesture control scheme: เคลื่อนที่ด้วยท่าทางร่างกาย - โหมด Gesture ให้ผู้เล่นเคลื่อนที่ในโลกของเกมผ่านการขยับร่างกาย • Analogue control scheme: เคลื่อนที่ด้วยอนาล็อก - โหมด Analogue ใช้ sticks บน PS VR2 Sense controllers เพื่อเคลื่อนที่ในเกม แหล่งข้อมูล: https://www.playstation.com/en-us/support/games/horizon-call-of-the-mountain/,pipeline:structured_game_controls,games/game_control_lookup,100.0,True,0.639,0,,,
MB-0915-GC-211,game_controls,psu_fact,Horizon Call of the Mountain ถ้าจะเคลื่อนที่ด้วยอนาล็อกต้องกดอะไร,Horizon Call of the Mountain ปุ่มที่ตรงกับคำถาม: PlayStation VR2 / PS5 • Gesture control scheme: เคลื่อนที่ด้วยท่าทางร่างกาย - โหมด Gesture ให้ผู้เล่นเคลื่อนที่ในโลกของเกมผ่านการขยับร่างกาย • Analogue control scheme: เคลื่อนที่ด้วยอนาล็อก - โหมด Analogue ใช้ sticks บน PS VR2 Sense controllers เพื่อเคลื่อนที่ในเกม แหล่งข้อมูล: https://www.playstation.com/en-us/support/games/horizon-call-of-the-mountain/,pipeline:structured_game_controls,games/game_control_lookup,100.0,True,0.6497,0,,,
MB-0916-GC-212,game_controls,psu_fact,Horizon Call of the Mountain ถ้าจะจับวัตถุในเกมต้องกดอะไร,Horizon Call of the Mountain ปุ่มที่ตรงกับคำถาม: PlayStation VR2 / PS5 • PS VR2 Sense grip button: จับวัตถุในเกม - หน้าเกมทางการระบุว่า PS VR2 Sense controllers มี grip button สำหรับจับวัตถุในเกม แหล่งข้อมูล: https://www.playstation.com/en-us/support/games/horizon-call-of-the-mountain/,pipeline:structured_game_controls,games/game_control_lookup,100.0,True,0.522,0,,,
MB-0917-GC-213,game_controls,psu_fact,ปุ่มของ It Takes Two มีอะไรบ้าง,"It Takes Two มีข้อมูลปุ่มควบคุมดังนี้: PlayStation / PS5 • L (Left Stick): เคลื่อนที่ - บังคับทิศทางการเคลื่อนที่และการเดินของตัวละคร • L3 (Click Left Stick): วิ่งสปรินต์ - กดก้านอนาล็อกซ้ายลงไปเพื่อวิ่งสปรินต์ เพิ่มความเร็วในการเคลื่อนที่ • R (Right Stick): มุมกล้อง - หมุนและปรับมุมกล้องเพื่อดูสภาพแวดล้อมรอบตัว • R3 (Click Right Stick): ค้นหาผู้เล่นอื่น - แสดงตำแหน่งของผู้เล่นอีกคน (คู่หู) บนหน้าจอ เมื่ออยู่ห่างกันหรือหลงทาง • Cross (กากบาท): กระโดด - ใช้กระโดดข้ามสิ่งกีดขวาง (สามารถประยุกต์ใช้เพื่อ Double Jump ได้) • Square (สี่เหลี่ยม): พุ่งตัว - พุ่งตัวไปข้างหน้าอย่างรวดเร็วเพื่อหลบการโจมตี หรือพุ่งข้ามเหวที่กว้าง • Triangle (สามเหลี่ยม): โต้ตอบ - ใช้โต้ตอบกับสิ่งแวดล้อม เช่น ดึงคันโยก, ",pipeline:structured_game_controls,games/game_control_lookup,100.0,True,0.461,0,,,
MB-0918-GC-214,game_controls,psu_fact,It Takes Two ถ้าจะเคลื่อนที่ต้องกดอะไร,It Takes Two ปุ่มที่ตรงกับคำถาม: PlayStation / PS5 • L (Left Stick): เคลื่อนที่ - บังคับทิศทางการเคลื่อนที่และการเดินของตัวละคร แหล่งข้อมูล: https://gameinputdatabase.com/game/90,pipeline:structured_game_controls,games/game_control_lookup,100.0,True,0.5256,0,,,
MB-0919-GC-215,game_controls,psu_fact,It Takes Two ถ้าจะวิ่งสปรินต์ต้องกดอะไร,It Takes Two ปุ่มที่ตรงกับคำถาม: PlayStation / PS5 • L3 (Click Left Stick): วิ่งสปรินต์ - กดก้านอนาล็อกซ้ายลงไปเพื่อวิ่งสปรินต์ เพิ่มความเร็วในการเคลื่อนที่ แหล่งข้อมูล: https://gameinputdatabase.com/game/90,pipeline:structured_game_controls,games/game_control_lookup,100.0,True,0.4791,0,,,
MB-0920-GC-216,game_controls,psu_fact,It Takes Two ถ้าจะมุมกล้องต้องกดอะไร,It Takes Two ปุ่มที่ตรงกับคำถาม: PlayStation / PS5 • R (Right Stick): มุมกล้อง - หมุนและปรับมุมกล้องเพื่อดูสภาพแวดล้อมรอบตัว แหล่งข้อมูล: https://gameinputdatabase.com/game/90,pipeline:structured_game_controls,games/game_control_lookup,100.0,True,0.3987,0,,,
MB-0921-GC-217,game_controls,psu_fact,It Takes Two ถ้าจะค้นหาผู้เล่นอื่นต้องกดอะไร,It Takes Two ปุ่มที่ตรงกับคำถาม: PlayStation / PS5 • R3 (Click Right Stick): ค้นหาผู้เล่นอื่น - แสดงตำแหน่งของผู้เล่นอีกคน (คู่หู) บนหน้าจอ เมื่ออยู่ห่างกันหรือหลงทาง แหล่งข้อมูล: https://gameinputdatabase.com/game/90,pipeline:structured_game_controls,games/game_control_lookup,100.0,True,0.5033,0,,,
MB-0922-GC-218,game_controls,psu_fact,ปุ่มของ League of Legends มีอะไรบ้าง,League of Legends มีข้อมูลปุ่มควบคุมดังนี้: PC • Right Mouse Button: เดิน / โจมตีเป้าหมาย - คลิกขวาเพื่อเดินหรือสั่งโจมตีเป้าหมาย • Q / W / E / R: ใช้สกิล - ปุ่มสกิลหลักของ champion • Shift + Q / W / E / R: ใช้สกิลแบบ quick cast - ค่า default ที่แหล่งอ้างอิงระบุว่า Shift+Q/W/E/R ใช้ quick cast • Alt + Q / W / E / R: ใช้สกิลใส่ตัวเอง - ใช้ self-cast กับสกิลที่สามารถกดใส่ตัวเองได้ • D / F: ใช้ Summoner Spell - ปุ่ม Summoner Spell สองช่อง • 1 / 2 / 3 / 4 / 5 / 6 / 7: ใช้ไอเทมหรือ trinket - ปุ่มช่องไอเทมและ trinket ตามการตั้งค่าในเกม • B: กลับฐาน - เริ่ม Recall กลับฐาน • Spacebar: ล็อก/ดึงกล้องกลับมาตัวเอง - กดค้างเพื่อให้กล้องตาม champion ตัวเอง • Y: สลับล็อกกล้อง - สลับกล้องล็อก/ไม่ล็อก • F1 /,pipeline:structured_game_controls,games/game_control_lookup,100.0,True,0.4321,0,,,
MB-0923-GC-219,game_controls,psu_fact,League of Legends ถ้าจะเดิน / โจมตีเป้าหมายต้องกดอะไร,League of Legends ปุ่มที่ตรงกับคำถาม: PC • Right Mouse Button: เดิน / โจมตีเป้าหมาย - คลิกขวาเพื่อเดินหรือสั่งโจมตีเป้าหมาย • Spacebar: ล็อก/ดึงกล้องกลับมาตัวเอง - กดค้างเพื่อให้กล้องตาม champion ตัวเอง แหล่งข้อมูล: https://dignitas.gg/articles/blogs/Unknown/8721/improving-inputs-effective-keybinds-for-lol,pipeline:structured_game_controls,games/game_control_lookup,100.0,True,0.5559,0,,,
MB-0924-GC-220,game_controls,psu_fact,League of Legends ถ้าจะใช้สกิลต้องกดอะไร,League of Legends ปุ่มที่ตรงกับคำถาม: PC • Q / W / E / R: ใช้สกิล - ปุ่มสกิลหลักของ champion • Shift + Q / W / E / R: ใช้สกิลแบบ quick cast - ค่า default ที่แหล่งอ้างอิงระบุว่า Shift+Q/W/E/R ใช้ quick cast • Alt + Q / W / E / R: ใช้สกิลใส่ตัวเอง - ใช้ self-cast กับสกิลที่สามารถกดใส่ตัวเองได้ • Spacebar: ล็อก/ดึงกล้องกลับมาตัวเอง - กดค้างเพื่อให้กล้องตาม champion ตัวเอง แหล่งข้อมูล: https://dignitas.gg/articles/blogs/Unknown/8721/improving-inputs-effective-keybinds-for-lol,pipeline:structured_game_controls,games/game_control_lookup,100.0,True,0.458,0,,,
MB-0925-GC-221,game_controls,psu_fact,League of Legends ถ้าจะใช้สกิลแบบ quick castต้องกดอะไร,League of Legends ปุ่มที่ตรงกับคำถาม: PC • Q / W / E / R: ใช้สกิล - ปุ่มสกิลหลักของ champion • Shift + Q / W / E / R: ใช้สกิลแบบ quick cast - ค่า default ที่แหล่งอ้างอิงระบุว่า Shift+Q/W/E/R ใช้ quick cast • Alt + Q / W / E / R: ใช้สกิลใส่ตัวเอง - ใช้ self-cast กับสกิลที่สามารถกดใส่ตัวเองได้ • Spacebar: ล็อก/ดึงกล้องกลับมาตัวเอง - กดค้างเพื่อให้กล้องตาม champion ตัวเอง แหล่งข้อมูล: https://dignitas.gg/articles/blogs/Unknown/8721/improving-inputs-effective-keybinds-for-lol,pipeline:structured_game_controls,games/game_control_lookup,100.0,True,0.5758,0,,,
MB-0926-GC-222,game_controls,psu_fact,League of Legends ถ้าจะใช้สกิลใส่ตัวเองต้องกดอะไร,League of Legends ปุ่มที่ตรงกับคำถาม: PC • Q / W / E / R: ใช้สกิล - ปุ่มสกิลหลักของ champion • Shift + Q / W / E / R: ใช้สกิลแบบ quick cast - ค่า default ที่แหล่งอ้างอิงระบุว่า Shift+Q/W/E/R ใช้ quick cast • Alt + Q / W / E / R: ใช้สกิลใส่ตัวเอง - ใช้ self-cast กับสกิลที่สามารถกดใส่ตัวเองได้ • Spacebar: ล็อก/ดึงกล้องกลับมาตัวเอง - กดค้างเพื่อให้กล้องตาม champion ตัวเอง แหล่งข้อมูล: https://dignitas.gg/articles/blogs/Unknown/8721/improving-inputs-effective-keybinds-for-lol,pipeline:structured_game_controls,games/game_control_lookup,100.0,True,0.5355,0,,,
MB-0927-GC-223,game_controls,psu_fact,ปุ่มของ Little Nightmares II มีอะไรบ้าง,Little Nightmares II ปุ่มที่ตรงกับคำถาม: PlayStation / PS5 • Circle: ไฟฉาย / รีโมท - ใช้เปิดหรือปิดไฟฉายพกพา และใช้กดรีโมททีวี แหล่งข้อมูล: https://gameinputdatabase.com/game/304,pipeline:structured_game_controls,games/game_control_lookup,100.0,True,0.4281,0,,,
MB-0928-GC-224,game_controls,psu_fact,Little Nightmares II ถ้าจะเคลื่อนที่ต้องกดอะไร,Little Nightmares II ปุ่มที่ตรงกับคำถาม: PlayStation / PS5 • L (Left Stick): เคลื่อนที่ - บังคับทิศทางการเดินและเคลื่อนที่ของตัวละคร • Circle: ไฟฉาย / รีโมท - ใช้เปิดหรือปิดไฟฉายพกพา และใช้กดรีโมททีวี แหล่งข้อมูล: https://gameinputdatabase.com/game/304,pipeline:structured_game_controls,games/game_control_lookup,100.0,True,0.4736,0,,,
MB-0929-GC-225,game_controls,psu_fact,Little Nightmares II ถ้าจะมุมกล้องต้องกดอะไร,Little Nightmares II ปุ่มที่ตรงกับคำถาม: PlayStation / PS5 • R (Right Stick): มุมกล้อง - แพนมุมกล้องเพื่อดูสภาพแวดล้อม และใช้ควบคุมทิศทางของไฟฉาย • Circle: ไฟฉาย / รีโมท - ใช้เปิดหรือปิดไฟฉายพกพา และใช้กดรีโมททีวี แหล่งข้อมูล: https://gameinputdatabase.com/game/304,pipeline:structured_game_controls,games/game_control_lookup,100.0,True,0.3994,0,,,
MB-0930-GC-226,game_controls,psu_fact,Little Nightmares II ถ้าจะกระโดด / ขว้าง / โจมตีต้องกดอะไร,Little Nightmares II ปุ่มที่ตรงกับคำถาม: PlayStation / PS5 • Cross: กระโดด / ขว้าง / โจมตี - ใช้สำหรับกระโดด ขว้างไอเทม หรือใช้เหวี่ยงอาวุธโจมตี • Circle: ไฟฉาย / รีโมท - ใช้เปิดหรือปิดไฟฉายพกพา และใช้กดรีโมททีวี แหล่งข้อมูล: https://gameinputdatabase.com/game/304,pipeline:structured_game_controls,games/game_control_lookup,100.0,True,0.5637,0,,,
MB-0931-GC-227,game_controls,psu_fact,Little Nightmares II ถ้าจะวิ่งเร็วต้องกดอะไร,Little Nightmares II ปุ่มที่ตรงกับคำถาม: PlayStation / PS5 • Square: วิ่งเร็ว - กดเพื่อวิ่งสปรินต์ ใช้เพิ่มความเร็วในการเคลื่อนที่หรือวิ่งหนี • Circle: ไฟฉาย / รีโมท - ใช้เปิดหรือปิดไฟฉายพกพา และใช้กดรีโมททีวี แหล่งข้อมูล: https://gameinputdatabase.com/game/304,pipeline:structured_game_controls,games/game_control_lookup,100.0,True,0.4526,0,,,
MB-0932-GC-228,game_controls,psu_fact,ปุ่มของ Luigi's Mansion 3 มีอะไรบ้าง,Luigi's Mansion 3 มีข้อมูลปุ่มควบคุมดังนี้: Nintendo Switch • L (Left Stick): เคลื่อนที่ - บังคับทิศทางการเดินของตัวละครในฉาก • R (Right Stick): หันหน้า / เล็ง - หันทิศทางของตัวละครเพื่อเล็งไฟฉายหรือทิศทางของเครื่องดูดฝุ่น • R3 (Click Right Stick): ระบบกูอิจิ - เรียก สลับตัว หรือเก็บกูอิจิ (Gooigi) ซึ่งเป็นคู่หูร่างเยลลี่สำหรับช่วยแก้ปริศนา • A: ฟาดผี - ฟาดผีลงกับพื้นเพื่อทำความเสียหาย เมื่อเกจการดูดเต็ม • B: เปลี่ยนการเคลื่อนที่ - ใช้สำหรับปรับเปลี่ยนหรือยกเลิกรูปแบบการเคลื่อนไหว • X: ไฟดาร์กไลต์ - ฉายแสงพิเศษเพื่อเปิดเผยสิ่งของที่ซ่อนอยู่ ล่องหน หรือถูกคำสาป • Y: ยิงจุกยาง - ยิงจุกยางติดสิ่งของหรือโล่ผี เพื่อใช้เครื่องดูดดึงทำลายสิ่งกีดขวาง • D-Pad Up: แผนที่ - เปิดหน้าจอแผนที่ของโรงแรม • ,pipeline:structured_game_controls,games/game_control_lookup,100.0,True,0.4169,0,,,
MB-0933-GC-229,game_controls,psu_fact,Luigi's Mansion 3 ถ้าจะเคลื่อนที่ต้องกดอะไร,Luigi's Mansion 3 ปุ่มที่ตรงกับคำถาม: Nintendo Switch • L (Left Stick): เคลื่อนที่ - บังคับทิศทางการเดินของตัวละครในฉาก • B: เปลี่ยนการเคลื่อนที่ - ใช้สำหรับปรับเปลี่ยนหรือยกเลิกรูปแบบการเคลื่อนไหว • D-Pad Up: แผนที่ - เปิดหน้าจอแผนที่ของโรงแรม แหล่งข้อมูล: https://gameinputdatabase.com/game/179,pipeline:structured_game_controls,games/game_control_lookup,100.0,True,0.4425,0,,,
MB-0934-GC-230,game_controls,psu_fact,Luigi's Mansion 3 ถ้าจะหันหน้า / เล็งต้องกดอะไร,Luigi's Mansion 3 ปุ่มที่ตรงกับคำถาม: Nintendo Switch • R (Right Stick): หันหน้า / เล็ง - หันทิศทางของตัวละครเพื่อเล็งไฟฉายหรือทิศทางของเครื่องดูดฝุ่น แหล่งข้อมูล: https://gameinputdatabase.com/game/179,pipeline:structured_game_controls,games/game_control_lookup,100.0,True,0.4997,0,,,
MB-0935-GC-231,game_controls,psu_fact,Luigi's Mansion 3 ถ้าจะระบบกูอิจิต้องกดอะไร,Luigi's Mansion 3 ปุ่มที่ตรงกับคำถาม: Nintendo Switch • R3 (Click Right Stick): ระบบกูอิจิ - เรียก สลับตัว หรือเก็บกูอิจิ (Gooigi) ซึ่งเป็นคู่หูร่างเยลลี่สำหรับช่วยแก้ปริศนา แหล่งข้อมูล: https://gameinputdatabase.com/game/179,pipeline:structured_game_controls,games/game_control_lookup,100.0,True,0.4621,0,,,
MB-0936-GC-232,game_controls,psu_fact,Luigi's Mansion 3 ถ้าจะฟาดผีต้องกดอะไร,Luigi's Mansion 3 ปุ่มที่ตรงกับคำถาม: Nintendo Switch • A: ฟาดผี - ฟาดผีลงกับพื้นเพื่อทำความเสียหาย เมื่อเกจการดูดเต็ม แหล่งข้อมูล: https://gameinputdatabase.com/game/179,pipeline:structured_game_controls,games/game_control_lookup,100.0,True,0.409,0,,,
MB-0937-GC-233,game_controls,psu_fact,ปุ่มของ Mario Kart 8 Deluxe มีอะไรบ้าง,Mario Kart 8 Deluxe มีข้อมูลปุ่มควบคุมดังนี้: Nintendo Switch • L (Left Stick): เลี้ยว / ควบคุมทิศทาง - บังคับพวงมาลัยรถให้เลี้ยวไปทางซ้ายหรือขวา • A: เร่งเครื่อง - กดค้างไว้ตลอดเพื่อเร่งเครื่องยนต์ให้รถวิ่งไปข้างหน้า • B: เบรก / ถอยหลัง - แตะเพื่อเบรกชะลอความเร็ว หรือกดค้างไว้เมื่อรถหยุดนิ่งเพื่อขับถอยหลัง • X: มองหลัง - หันมุมกล้องไปมองด้านหลังเพื่อเช็กระยะห่างของคู่แข่งหรือไอเทมที่ตามมา • ZL: ใช้ไอเทม / บีบแตร - ใช้ไอเทมที่เก็บมาจากกล่องสุ่ม หากไม่มีไอเทมจะเป็นการบีบแตรรถ • ZR: ดริฟต์ - ใช้กระโดดและดริฟต์ขณะเข้าโค้งเพื่อทำความเร็ว หรือใช้ทำท่าผาดโผนเมื่อกระโดดออกจากเนินเร่งความเร็ว • + (Plus): หยุดเกม - หยุดเกมชั่วคราวเพื่อเข้าสู่เมนูหลักหรือตั้งค่าระบบช่วยเหลือ แหล่งข้อมูล: https://gamei,pipeline:structured_game_controls,games/game_control_lookup,100.0,True,0.4039,0,,,
MB-0938-GC-234,game_controls,psu_fact,Mario Kart 8 Deluxe ถ้าจะเลี้ยว / ควบคุมทิศทางต้องกดอะไร,Mario Kart 8 Deluxe ปุ่มที่ตรงกับคำถาม: Nintendo Switch • L (Left Stick): เลี้ยว / ควบคุมทิศทาง - บังคับพวงมาลัยรถให้เลี้ยวไปทางซ้ายหรือขวา แหล่งข้อมูล: https://gameinputdatabase.com/game/57,pipeline:structured_game_controls,games/game_control_lookup,100.0,True,0.5782,0,,,
MB-0939-GC-235,game_controls,psu_fact,Mario Kart 8 Deluxe ถ้าจะเร่งเครื่องต้องกดอะไร,Mario Kart 8 Deluxe ปุ่มที่ตรงกับคำถาม: Nintendo Switch • A: เร่งเครื่อง - กดค้างไว้ตลอดเพื่อเร่งเครื่องยนต์ให้รถวิ่งไปข้างหน้า แหล่งข้อมูล: https://gameinputdatabase.com/game/57,pipeline:structured_game_controls,games/game_control_lookup,100.0,True,0.4762,0,,,
MB-0940-GC-236,game_controls,psu_fact,Mario Kart 8 Deluxe ถ้าจะเบรก / ถอยหลังต้องกดอะไร,Mario Kart 8 Deluxe ปุ่มที่ตรงกับคำถาม: Nintendo Switch • B: เบรก / ถอยหลัง - แตะเพื่อเบรกชะลอความเร็ว หรือกดค้างไว้เมื่อรถหยุดนิ่งเพื่อขับถอยหลัง • X: มองหลัง - หันมุมกล้องไปมองด้านหลังเพื่อเช็กระยะห่างของคู่แข่งหรือไอเทมที่ตามมา แหล่งข้อมูล: https://gameinputdatabase.com/game/57,pipeline:structured_game_controls,games/game_control_lookup,100.0,True,0.4587,0,,,
MB-0941-GC-237,game_controls,psu_fact,Mario Kart 8 Deluxe ถ้าจะมองหลังต้องกดอะไร,Mario Kart 8 Deluxe ปุ่มที่ตรงกับคำถาม: Nintendo Switch • B: เบรก / ถอยหลัง - แตะเพื่อเบรกชะลอความเร็ว หรือกดค้างไว้เมื่อรถหยุดนิ่งเพื่อขับถอยหลัง • X: มองหลัง - หันมุมกล้องไปมองด้านหลังเพื่อเช็กระยะห่างของคู่แข่งหรือไอเทมที่ตามมา แหล่งข้อมูล: https://gameinputdatabase.com/game/57,pipeline:structured_game_controls,games/game_control_lookup,100.0,True,0.4892,0,,,
MB-0942-GC-238,game_controls,psu_fact,Mario Kart Live: Home Circuit ปุ่มทั้งหมดมีอะไรบ้าง,"ตอนนี้ยังไม่พบ Mario Kart Live: Home Circuit ในรายการเกมปัจจุบันของ PSU Esports Studio - Phuket ครับ จึงไม่ดึงปุ่มของเกมอื่น เช่น Mario Kart 8 Deluxe มาตอบแทน เกมตระกูล Mario ที่อยู่ในรายการปัจจุบันคือ: Mario Kart 8 Deluxe, Mario Party Superstars, New Super Mario Bros. U Deluxe, Super Mario Odyssey แหล่งข้อมูล: https://esports.computing.psu.ac.th/",pipeline:structured_game_controls_no_current_game,games/game_control_lookup,100.0,True,0.4616,0,,,
MB-0943-GC-239,game_controls,psu_fact,Mario Kart Live ใช้จอยยังไง,"ตอนนี้ยังไม่พบ Mario Kart Live: Home Circuit ในรายการเกมปัจจุบันของ PSU Esports Studio - Phuket ครับ จึงไม่ดึงปุ่มของเกมอื่น เช่น Mario Kart 8 Deluxe มาตอบแทน เกมตระกูล Mario ที่อยู่ในรายการปัจจุบันคือ: Mario Kart 8 Deluxe, Mario Party Superstars, New Super Mario Bros. U Deluxe, Super Mario Odyssey แหล่งข้อมูล: https://esports.computing.psu.ac.th/",pipeline:structured_game_controls_no_current_game,games/game_control_lookup,100.0,True,0.2674,0,,,
MB-0944-GC-240,game_controls,psu_fact,ปุ่มของ Mario Kart Live มีอะไรบ้าง,"ตอนนี้ยังไม่พบ Mario Kart Live: Home Circuit ในรายการเกมปัจจุบันของ PSU Esports Studio - Phuket ครับ จึงไม่ดึงปุ่มของเกมอื่น เช่น Mario Kart 8 Deluxe มาตอบแทน เกมตระกูล Mario ที่อยู่ในรายการปัจจุบันคือ: Mario Kart 8 Deluxe, Mario Party Superstars, New Super Mario Bros. U Deluxe, Super Mario Odyssey แหล่งข้อมูล: https://esports.computing.psu.ac.th/",pipeline:structured_game_controls_no_current_game,games/game_control_lookup,100.0,True,0.3167,0,,,
MB-0945-GC-241,game_controls,psu_fact,Mario Kart Live ถ้าจะเลี้ยวต้องกดอะไร,"ตอนนี้ยังไม่พบ Mario Kart Live: Home Circuit ในรายการเกมปัจจุบันของ PSU Esports Studio - Phuket ครับ จึงไม่ดึงปุ่มของเกมอื่น เช่น Mario Kart 8 Deluxe มาตอบแทน เกมตระกูล Mario ที่อยู่ในรายการปัจจุบันคือ: Mario Kart 8 Deluxe, Mario Party Superstars, New Super Mario Bros. U Deluxe, Super Mario Odyssey แหล่งข้อมูล: https://esports.computing.psu.ac.th/",pipeline:structured_game_controls_no_current_game,games/game_control_lookup,84.0,False,0.41,0,,missing_any:Left Stick|เลี้ยว,
MB-0946-GC-242,game_controls,psu_fact,Mario Kart Live ถ้าจะเร่งเครื่องต้องกดอะไร,"ตอนนี้ยังไม่พบ Mario Kart Live: Home Circuit ในรายการเกมปัจจุบันของ PSU Esports Studio - Phuket ครับ จึงไม่ดึงปุ่มของเกมอื่น เช่น Mario Kart 8 Deluxe มาตอบแทน เกมตระกูล Mario ที่อยู่ในรายการปัจจุบันคือ: Mario Kart 8 Deluxe, Mario Party Superstars, New Super Mario Bros. U Deluxe, Super Mario Odyssey แหล่งข้อมูล: https://esports.computing.psu.ac.th/",pipeline:structured_game_controls_no_current_game,games/game_control_lookup,100.0,True,0.4239,0,,,
MB-0947-GC-243,game_controls,psu_fact,Mario Kart Live ถ้าจะเบรก / ถอยหลังต้องกดอะไร,"ตอนนี้ยังไม่พบ Mario Kart Live: Home Circuit ในรายการเกมปัจจุบันของ PSU Esports Studio - Phuket ครับ จึงไม่ดึงปุ่มของเกมอื่น เช่น Mario Kart 8 Deluxe มาตอบแทน เกมตระกูล Mario ที่อยู่ในรายการปัจจุบันคือ: Mario Kart 8 Deluxe, Mario Party Superstars, New Super Mario Bros. U Deluxe, Super Mario Odyssey แหล่งข้อมูล: https://esports.computing.psu.ac.th/",pipeline:structured_game_controls_no_current_game,games/game_control_lookup,100.0,True,0.4186,0,,,
MB-0948-GC-244,game_controls,psu_fact,Mario Kart Live ถ้าจะใช้ไอเทมต้องกดอะไร,"ตอนนี้ยังไม่พบ Mario Kart Live: Home Circuit ในรายการเกมปัจจุบันของ PSU Esports Studio - Phuket ครับ จึงไม่ดึงปุ่มของเกมอื่น เช่น Mario Kart 8 Deluxe มาตอบแทน เกมตระกูล Mario ที่อยู่ในรายการปัจจุบันคือ: Mario Kart 8 Deluxe, Mario Party Superstars, New Super Mario Bros. U Deluxe, Super Mario Odyssey แหล่งข้อมูล: https://esports.computing.psu.ac.th/",pipeline:structured_game_controls_no_current_game,games/game_control_lookup,100.0,True,0.3898,0,,,
MB-0949-GC-245,game_controls,psu_fact,ปุ่มของ Mario Party Superstars มีอะไรบ้าง,"Mario Party Superstars ปุ่มที่ตรงกับคำถาม: Nintendo Switch • Single Joy-Con / Joy-Con grip / Pro Controller: รูปแบบคอนโทรลเลอร์ที่รองรับ - สามารถเล่นด้วย Joy-Con เดี่ยว, Joy-Con grip, Nintendo Switch Pro Controller หรือ Nintendo Switch Lite ตามข้อมูล Play Nintendo แหล่งข้อมูล: https://play.nintendo.com/news-tips/game-releases/mario-party-superstars-game-announcement/",pipeline:structured_game_controls,games/game_control_lookup,100.0,True,0.4124,0,,,
MB-0950-GC-246,game_controls,psu_fact,Mario Party Superstars ถ้าจะเล่นบอร์ดและมินิเกมด้วยปุ่มต้องกดอะไร,"Mario Party Superstars มีข้อมูลปุ่มควบคุมดังนี้: Nintendo Switch • Button controls: เล่นบอร์ดและมินิเกมด้วยปุ่ม - แหล่งทางการยืนยันว่า 100 มินิเกมรองรับ button controls และเล่นได้ด้วย Joy-Con หรือ Nintendo Switch Pro Controller • Single Joy-Con / Joy-Con grip / Pro Controller: รูปแบบคอนโทรลเลอร์ที่รองรับ - สามารถเล่นด้วย Joy-Con เดี่ยว, Joy-Con grip, Nintendo Switch Pro Controller หรือ Nintendo Switch Lite ตามข้อมูล Play Nintendo แหล่งข้อมูล: https://play.nintendo.com/news-tips/game-releases/mario-party-superstars-game-announcement/",pipeline:structured_game_controls,games/game_control_lookup,100.0,True,0.73,0,,,
MB-0951-GC-247,game_controls,psu_fact,Mario Party Superstars ถ้าจะรูปแบบคอนโทรลเลอร์ที่รองรับต้องกดอะไร,"Mario Party Superstars ปุ่มที่ตรงกับคำถาม: Nintendo Switch • Single Joy-Con / Joy-Con grip / Pro Controller: รูปแบบคอนโทรลเลอร์ที่รองรับ - สามารถเล่นด้วย Joy-Con เดี่ยว, Joy-Con grip, Nintendo Switch Pro Controller หรือ Nintendo Switch Lite ตามข้อมูล Play Nintendo แหล่งข้อมูล: https://play.nintendo.com/news-tips/game-releases/mario-party-superstars-game-announcement/",pipeline:structured_game_controls,games/game_control_lookup,100.0,True,0.8191,0,,,
MB-0952-GC-248,game_controls,psu_fact,ปุ่มของ Marvel's Spider-Man 2 มีอะไรบ้าง,Marvel's Spider-Man 2 มีข้อมูลปุ่มควบคุมดังนี้: PlayStation / PS5 • L (Left Stick): เคลื่อนที่ - บังคับทิศทางตัวละคร • L3: เกาะคอน / พุ่งหลาว - เกาะบนจุดแคบ ๆ หรือพุ่งตัวดิ่งลงพื้นขณะอยู่กลางอากาศ • R (Right Stick): มุมกล้อง - ควบคุมมุมกล้อง • R3: แสดงเป้าหมาย / สแกนพื้นที่ - ใช้สแกนหาตำแหน่งศัตรูและวัตถุต่าง ๆ รอบตัว • L2 (Hold): เล็ง - ซูมมุมกล้องเพื่อเล็งเป้า • L1: หลบหลีก(ปัดป้อง) / สกิล - กดเพื่อปัดป้อง (Parry) หรือกดค้างไว้เพื่อใช้เป็นปุ่มร่วมสำหรับปล่อยสกิลพิเศษ • R2 (Hold): โหนใย / ปากัวร์ - กดค้างเพื่อโหนใยไปตามตึก หรือวิ่งไต่กำแพง/กระโดดข้ามสิ่งกีดขวาง • R1: ยิงใย / อุปกรณ์แก็ดเจ็ต - กดเพื่อยิงใยใส่ศัตรู หรือกดค้างไว้เพื่อเปิดหน้าต่างเลือกใช้แก็ดเจ็ต • Triangle: ดึงตัวพุ่งโจมตี / ป,pipeline:structured_game_controls,games/game_control_lookup,100.0,True,0.408,0,,,
MB-0953-GC-249,game_controls,psu_fact,Marvel's Spider-Man 2 ถ้าจะเคลื่อนที่ต้องกดอะไร,Marvel's Spider-Man 2 ปุ่มที่ตรงกับคำถาม: PlayStation / PS5 • L (Left Stick): เคลื่อนที่ - บังคับทิศทางตัวละคร • R3: แสดงเป้าหมาย / สแกนพื้นที่ - ใช้สแกนหาตำแหน่งศัตรูและวัตถุต่าง ๆ รอบตัว • Touch Pad: แผนที่ / แอป FNSM - กดเพื่อดูแผนที่ หรือปัดนิ้วเพื่อเปิดแอปดูภารกิจ แหล่งข้อมูล: https://gameinputdatabase.com/game/69,pipeline:structured_game_controls,games/game_control_lookup,100.0,True,0.6241,0,,,
MB-0954-GC-250,game_controls,psu_fact,Marvel's Spider-Man 2 ถ้าจะเกาะคอน / พุ่งหลาวต้องกดอะไร,Marvel's Spider-Man 2 ปุ่มที่ตรงกับคำถาม: PlayStation / PS5 • L3: เกาะคอน / พุ่งหลาว - เกาะบนจุดแคบ ๆ หรือพุ่งตัวดิ่งลงพื้นขณะอยู่กลางอากาศ • Triangle: ดึงตัวพุ่งโจมตี / ปีกใยแมงมุม - พุ่งโจมตีศัตรู หรือกดตอนอยู่กลางอากาศเพื่อกางปีกร่อน แหล่งข้อมูล: https://gameinputdatabase.com/game/69,pipeline:structured_game_controls,games/game_control_lookup,100.0,True,0.5745,0,,,
MB-0955-GC-251,game_controls,psu_fact,Marvel's Spider-Man 2 ถ้าจะมุมกล้องต้องกดอะไร,Marvel's Spider-Man 2 ปุ่มที่ตรงกับคำถาม: PlayStation / PS5 • R (Right Stick): มุมกล้อง - ควบคุมมุมกล้อง แหล่งข้อมูล: https://gameinputdatabase.com/game/69,pipeline:structured_game_controls,games/game_control_lookup,100.0,True,0.5404,0,,,
MB-0956-GC-252,game_controls,psu_fact,Marvel's Spider-Man 2 ถ้าจะแสดงเป้าหมาย / สแกนพื้นที่ต้องกดอะไร,Marvel's Spider-Man 2 ปุ่มที่ตรงกับคำถาม: PlayStation / PS5 • L (Left Stick): เคลื่อนที่ - บังคับทิศทางตัวละคร • R3: แสดงเป้าหมาย / สแกนพื้นที่ - ใช้สแกนหาตำแหน่งศัตรูและวัตถุต่าง ๆ รอบตัว • Touch Pad: แผนที่ / แอป FNSM - กดเพื่อดูแผนที่ หรือปัดนิ้วเพื่อเปิดแอปดูภารกิจ แหล่งข้อมูล: https://gameinputdatabase.com/game/69,pipeline:structured_game_controls,games/game_control_lookup,100.0,True,0.6597,0,,,
MB-0957-GC-253,game_controls,psu_fact,ปุ่มของ Monster Hunter Rise มีอะไรบ้าง,"Monster Hunter Rise ปุ่มที่ตรงกับคำถาม: PlayStation / PS5 • Circle: โต้ตอบ - เก็บของ, คุยกับ NPC, หรือแล่ชิ้นส่วน แหล่งข้อมูล: https://gameinputdatabase.com/game/103",pipeline:structured_game_controls,games/game_control_lookup,100.0,True,0.4154,0,,,
MB-0958-GC-254,game_controls,psu_fact,Monster Hunter Rise ถ้าจะเคลื่อนที่ต้องกดอะไร,"Monster Hunter Rise ปุ่มที่ตรงกับคำถาม: PlayStation / PS5 • L (Left Stick): เคลื่อนที่ - บังคับทิศทางการเดินและเคลื่อนที่ของตัวละคร • Circle: โต้ตอบ - เก็บของ, คุยกับ NPC, หรือแล่ชิ้นส่วน • D-Pad Left / Right: แถบแอคชั่น: เลื่อนซ้าย/ขวา - เลื่อนเปลี่ยนคำสั่งในแถบ Action Bar ไปทางซ้ายหรือขวา • Touch Pad: แผนที่ - เปิดดูแผนที่แบบเต็มจอ แหล่งข้อมูล: https://gameinputdatabase.com/game/103",pipeline:structured_game_controls,games/game_control_lookup,100.0,True,0.5497,0,,,
MB-0959-GC-255,game_controls,psu_fact,Monster Hunter Rise ถ้าจะมุมกล้องต้องกดอะไร,"Monster Hunter Rise ปุ่มที่ตรงกับคำถาม: PlayStation / PS5 • R (Right Stick): มุมกล้อง - แพนมุมกล้องเพื่อดูสภาพแวดล้อมและมอนสเตอร์ • L1: รีเซ็ตมุมกล้อง / เมนูลัด (กดค้าง) - กดเพื่อรีเซ็ตมุมกล้อง หรือกดค้างเพื่อเปิดวงล้อเมนูไอเทม • Circle: โต้ตอบ - เก็บของ, คุยกับ NPC, หรือแล่ชิ้นส่วน แหล่งข้อมูล: https://gameinputdatabase.com/game/103",pipeline:structured_game_controls,games/game_control_lookup,100.0,True,0.5296,0,,,
MB-0960-GC-256,game_controls,psu_fact,Monster Hunter Rise ถ้าจะล็อกเป้าหมายต้องกดอะไร,"Monster Hunter Rise ปุ่มที่ตรงกับคำถาม: PlayStation / PS5 • R3 (Click Right Stick): ล็อกเป้าหมาย - ล็อกเป้าหมายมอนสเตอร์เพื่อให้มุมกล้องหันตาม • Circle: โต้ตอบ - เก็บของ, คุยกับ NPC, หรือแล่ชิ้นส่วน แหล่งข้อมูล: https://gameinputdatabase.com/game/103",pipeline:structured_game_controls,games/game_control_lookup,100.0,True,0.4594,0,,,
MB-0961-GC-257,game_controls,psu_fact,Monster Hunter Rise ถ้าจะรีเซ็ตมุมกล้อง / เมนูลัด (กดค้าง)ต้องกดอะไร,"Monster Hunter Rise ปุ่มที่ตรงกับคำถาม: PlayStation / PS5 • R (Right Stick): มุมกล้อง - แพนมุมกล้องเพื่อดูสภาพแวดล้อมและมอนสเตอร์ • L1: รีเซ็ตมุมกล้อง / เมนูลัด (กดค้าง) - กดเพื่อรีเซ็ตมุมกล้อง หรือกดค้างเพื่อเปิดวงล้อเมนูไอเทม • R1: วิ่งเร็ว (กดค้าง) - กดค้างเพื่อวิ่งสปรินต์ (ทำได้เมื่อเก็บอาวุธอยู่) • Circle: โต้ตอบ - เก็บของ, คุยกับ NPC, หรือแล่ชิ้นส่วน • Options: เมนูหลัก - เปิดหน้าต่างเมนูหลักของเกม แหล่งข้อมูล: https://gameinputdatabase.com/game/103",pipeline:structured_game_controls,games/game_control_lookup,100.0,True,0.6438,0,,,
MB-0962-GC-258,game_controls,psu_fact,ปุ่มของ Moving Out 2 มีอะไรบ้าง,Moving Out 2 มีข้อมูลปุ่มควบคุมดังนี้: Nintendo Switch • L / ZL / R / ZR: จับ / ยก - ใช้สำหรับจับหรือยกเฟอร์นิเจอร์ สามารถกดปุ่มบ่าปุ่มใดก็ได้จากทั้ง 4 ปุ่ม • Left Stick: เคลื่อนที่ - บังคับการเดินและทิศทางของตัวละคร • D-Pad: แสดงอารมณ์ - แสดงท่าทางเต้นหรืออารมณ์ต่าง ๆ • + (Plus): หยุดเกม - หยุดเกมเพื่อเข้าสู่เมนูระบบ • X: คำใบ้ - เรียกดูคำใบ้ช่วยเหลือในการเล่น • A: กระโดด - กระโดดข้ามสิ่งกีดขวาง • Y / B: ขว้าง / ตบ - ขว้างสิ่งของที่ถืออยู่ หรือตบสิ่งแวดล้อม/เพื่อนร่วมทีม สามารถใช้ได้ทั้งปุ่ม Y และ B แหล่งข้อมูล: https://gameaccess.info/moving-out-controls-walkthrough/,pipeline:structured_game_controls,games/game_control_lookup,100.0,True,0.369,0,,,
MB-0963-GC-259,game_controls,psu_fact,Moving Out 2 ถ้าจะจับ / ยกต้องกดอะไร,Moving Out 2 ปุ่มที่ตรงกับคำถาม: Nintendo Switch • L / ZL / R / ZR: จับ / ยก - ใช้สำหรับจับหรือยกเฟอร์นิเจอร์ สามารถกดปุ่มบ่าปุ่มใดก็ได้จากทั้ง 4 ปุ่ม แหล่งข้อมูล: https://gameaccess.info/moving-out-controls-walkthrough/,pipeline:structured_game_controls,games/game_control_lookup,100.0,True,0.3905,0,,,
MB-0964-GC-260,game_controls,psu_fact,Moving Out 2 ถ้าจะเคลื่อนที่ต้องกดอะไร,Moving Out 2 ปุ่มที่ตรงกับคำถาม: Nintendo Switch • Left Stick: เคลื่อนที่ - บังคับการเดินและทิศทางของตัวละคร แหล่งข้อมูล: https://gameaccess.info/moving-out-controls-walkthrough/,pipeline:structured_game_controls,games/game_control_lookup,100.0,True,0.3946,0,,,
MB-0965-GC-261,game_controls,psu_fact,Moving Out 2 ถ้าจะแสดงอารมณ์ต้องกดอะไร,Moving Out 2 ปุ่มที่ตรงกับคำถาม: Nintendo Switch • D-Pad: แสดงอารมณ์ - แสดงท่าทางเต้นหรืออารมณ์ต่าง ๆ แหล่งข้อมูล: https://gameaccess.info/moving-out-controls-walkthrough/,pipeline:structured_game_controls,games/game_control_lookup,100.0,True,0.4189,0,,,
MB-0966-GC-262,game_controls,psu_fact,Moving Out 2 ถ้าจะหยุดเกมต้องกดอะไร,Moving Out 2 ปุ่มที่ตรงกับคำถาม: Nintendo Switch • + (Plus): หยุดเกม - หยุดเกมเพื่อเข้าสู่เมนูระบบ แหล่งข้อมูล: https://gameaccess.info/moving-out-controls-walkthrough/,pipeline:structured_game_controls,games/game_control_lookup,100.0,True,0.4056,0,,,
MB-0967-GC-263,game_controls,psu_fact,ปุ่มของ NARUTO X BORUTO Ultimate Ninja STORM CONNECTIONS มีอะไรบ้าง,NARUTO X BORUTO Ultimate Ninja STORM CONNECTIONS ปุ่มที่ตรงกับคำถาม: PlayStation / PS5 • Triangle: คาถานินจา / จักระ - รีดเร้นจักระเพื่อใช้คาถาหรือท่าไม้ตายลับ (Secret Technique) • L2: คาถาสลับร่าง - สลับร่างหลบการโจมตี (ใช้เกจหลบหลีก) • D-Pad: ใช้อุปกรณ์นินจา - ใช้งานไอเทม 4 ทิศทาง แหล่งข้อมูล: https://en.bandainamcoent.eu/naruto/news/5-tips-you-should-know-playing-naruto-x-boruto-ultimate-ninja-storm-connections,pipeline:structured_game_controls,games/game_control_lookup,100.0,True,0.6216,0,,,
MB-0968-GC-264,game_controls,psu_fact,NARUTO X BORUTO Ultimate Ninja STORM CONNECTIONS ถ้าจะเคลื่อนที่ต้องกดอะไร,NARUTO X BORUTO Ultimate Ninja STORM CONNECTIONS ปุ่มที่ตรงกับคำถาม: PlayStation / PS5 • LS (Left Stick): เคลื่อนที่ - บังคับทิศทางของตัวละคร • Triangle: คาถานินจา / จักระ - รีดเร้นจักระเพื่อใช้คาถาหรือท่าไม้ตายลับ (Secret Technique) • L2: คาถาสลับร่าง - สลับร่างหลบการโจมตี (ใช้เกจหลบหลีก) • R2: ป้องกัน - ตั้งการ์ดบล็อกการโจมตี • D-Pad: ใช้อุปกรณ์นินจา - ใช้งานไอเทม 4 ทิศทาง แหล่งข้อมูล: https://en.bandainamcoent.eu/naruto/news/5-tips-you-should-know-playing-naruto-x-boruto-ultimate-ninja-storm-connections,pipeline:structured_game_controls,games/game_control_lookup,100.0,True,0.7303,0,,,
MB-0969-GC-265,game_controls,psu_fact,NARUTO X BORUTO Ultimate Ninja STORM CONNECTIONS ถ้าจะเปลี่ยนตัวละครหลักต้องกดอะไร,NARUTO X BORUTO Ultimate Ninja STORM CONNECTIONS ปุ่มที่ตรงกับคำถาม: PlayStation / PS5 • RS (Right Stick) Left/Right: เปลี่ยนตัวละครหลัก - ดันซ้ายหรือขวาเพื่อสลับบังคับเพื่อนร่วมทีมทันที • Triangle: คาถานินจา / จักระ - รีดเร้นจักระเพื่อใช้คาถาหรือท่าไม้ตายลับ (Secret Technique) • L2: คาถาสลับร่าง - สลับร่างหลบการโจมตี (ใช้เกจหลบหลีก) • R2: ป้องกัน - ตั้งการ์ดบล็อกการโจมตี • D-Pad: ใช้อุปกรณ์นินจา - ใช้งานไอเทม 4 ทิศทาง แหล่งข้อมูล: https://en.bandainamcoent.eu/naruto/news/5-tips-you-should-know-playing-naruto-x-boruto-ultimate-ninja-storm-connections,pipeline:structured_game_controls,games/game_control_lookup,100.0,True,0.7438,0,,,
MB-0970-GC-266,game_controls,psu_fact,NARUTO X BORUTO Ultimate Ninja STORM CONNECTIONS ถ้าจะโจมตีระยะประชิดต้องกดอะไร,NARUTO X BORUTO Ultimate Ninja STORM CONNECTIONS ปุ่มที่ตรงกับคำถาม: PlayStation / PS5 • Circle: โจมตีระยะประชิด - ต่อย/เตะ ทำคอมโบกระบวนท่า • Triangle: คาถานินจา / จักระ - รีดเร้นจักระเพื่อใช้คาถาหรือท่าไม้ตายลับ (Secret Technique) • L2: คาถาสลับร่าง - สลับร่างหลบการโจมตี (ใช้เกจหลบหลีก) • R2: ป้องกัน - ตั้งการ์ดบล็อกการโจมตี • D-Pad: ใช้อุปกรณ์นินจา - ใช้งานไอเทม 4 ทิศทาง แหล่งข้อมูล: https://en.bandainamcoent.eu/naruto/news/5-tips-you-should-know-playing-naruto-x-boruto-ultimate-ninja-storm-connections,pipeline:structured_game_controls,games/game_control_lookup,100.0,True,0.6602,0,,,
MB-0971-GC-267,game_controls,psu_fact,NARUTO X BORUTO Ultimate Ninja STORM CONNECTIONS ถ้าจะคาถานินจา / จักระต้องกดอะไร,NARUTO X BORUTO Ultimate Ninja STORM CONNECTIONS ปุ่มที่ตรงกับคำถาม: PlayStation / PS5 • Triangle: คาถานินจา / จักระ - รีดเร้นจักระเพื่อใช้คาถาหรือท่าไม้ตายลับ (Secret Technique) • L2: คาถาสลับร่าง - สลับร่างหลบการโจมตี (ใช้เกจหลบหลีก) • R2: ป้องกัน - ตั้งการ์ดบล็อกการโจมตี • D-Pad: ใช้อุปกรณ์นินจา - ใช้งานไอเทม 4 ทิศทาง แหล่งข้อมูล: https://en.bandainamcoent.eu/naruto/news/5-tips-you-should-know-playing-naruto-x-boruto-ultimate-ninja-storm-connections,pipeline:structured_game_controls,games/game_control_lookup,100.0,True,0.6878,0,,,
MB-0972-GC-268,game_controls,psu_fact,ปุ่มของ New Super Mario Bros. U Deluxe มีอะไรบ้าง,New Super Mario Bros. U Deluxe มีข้อมูลปุ่มควบคุมดังนี้: Nintendo Switch • One Joy-Con: ควบคุมตัวละครด้วย Joy-Con เดี่ยว - หน้า Nintendo ระบุว่าใช้ Joy-Con เพียงหนึ่งข้างก็เล่นได้ เหมาะกับการเล่นหลายคน • Simple controls: วิ่ง กระโดด และเหยียบศัตรู - หน้า Nintendo อธิบายการเล่นเป็นเกม 2D side-scrolling ที่ใช้การวิ่ง กระโดด และเหยียบศัตรู แต่ไม่ได้ให้ปุ่มละเอียดรายปุ่ม แหล่งข้อมูล: https://www.nintendo.com/sg/switch/adal/index.html,pipeline:structured_game_controls,games/game_control_lookup,100.0,True,0.4581,0,,,
MB-0973-GC-269,game_controls,psu_fact,New Super Mario Bros. U Deluxe ถ้าจะควบคุมตัวละครด้วย Joy-Con เดี่ยวต้องกดอะไร,New Super Mario Bros. U Deluxe ปุ่มที่ตรงกับคำถาม: Nintendo Switch • One Joy-Con: ควบคุมตัวละครด้วย Joy-Con เดี่ยว - หน้า Nintendo ระบุว่าใช้ Joy-Con เพียงหนึ่งข้างก็เล่นได้ เหมาะกับการเล่นหลายคน แหล่งข้อมูล: https://www.nintendo.com/sg/switch/adal/index.html,pipeline:structured_game_controls,games/game_control_lookup,100.0,True,0.7657,0,,,
MB-0974-GC-270,game_controls,psu_fact,New Super Mario Bros. U Deluxe ถ้าจะวิ่ง กระโดด และเหยียบศัตรูต้องกดอะไร,New Super Mario Bros. U Deluxe ปุ่มที่ตรงกับคำถาม: Nintendo Switch • Simple controls: วิ่ง กระโดด และเหยียบศัตรู - หน้า Nintendo อธิบายการเล่นเป็นเกม 2D side-scrolling ที่ใช้การวิ่ง กระโดด และเหยียบศัตรู แต่ไม่ได้ให้ปุ่มละเอียดรายปุ่ม แหล่งข้อมูล: https://www.nintendo.com/sg/switch/adal/index.html,pipeline:structured_game_controls,games/game_control_lookup,100.0,True,0.708,0,,,
MB-0975-GC-271,game_controls,psu_fact,ปุ่มของ Nintendo Switch Sports มีอะไรบ้าง,Nintendo Switch Sports ปุ่มที่ตรงกับคำถาม: Nintendo Switch • Joy-Con motion: เล่นท่ากีฬาด้วยการขยับ Joy-Con - เกมใช้ Joy-Con หรือ Joy-Con 2 ตามชนิดกีฬาที่เลือก โดยการออกท่าจะขึ้นกับกีฬานั้น ๆ แหล่งข้อมูล: https://en-americas-support.nintendo.com/app/answers/detail/a_id/58596/~/nintendo-switch-sports-faq,pipeline:structured_game_controls,games/game_control_lookup,100.0,True,0.4138,0,,,
MB-0976-GC-272,game_controls,psu_fact,Nintendo Switch Sports ถ้าจะเล่นท่ากีฬาด้วยการขยับ Joy-Conต้องกดอะไร,Nintendo Switch Sports ปุ่มที่ตรงกับคำถาม: Nintendo Switch • Joy-Con motion: เล่นท่ากีฬาด้วยการขยับ Joy-Con - เกมใช้ Joy-Con หรือ Joy-Con 2 ตามชนิดกีฬาที่เลือก โดยการออกท่าจะขึ้นกับกีฬานั้น ๆ • + Button on controller-holding screen: เลือกโหมดสายรัดขาใน Soccer ตอนเล่น Local/Friends - ในหน้าวิธีถือ Joy-Con ให้กด + เพื่อเปลี่ยนเป็น Leg-Strap Mode แหล่งข้อมูล: https://en-americas-support.nintendo.com/app/answers/detail/a_id/58596/~/nintendo-switch-sports-faq,pipeline:structured_game_controls,games/game_control_lookup,100.0,True,0.5033,0,,,
MB-0977-GC-273,game_controls,psu_fact,Nintendo Switch Sports ถ้าจะเลือกโหมดสายรัดขาใน Soccer ตอน Play Globallyต้องกดอะไร,Nintendo Switch Sports มีข้อมูลปุ่มควบคุมดังนี้: Nintendo Switch • Joy-Con motion: เล่นท่ากีฬาด้วยการขยับ Joy-Con - เกมใช้ Joy-Con หรือ Joy-Con 2 ตามชนิดกีฬาที่เลือก โดยการออกท่าจะขึ้นกับกีฬานั้น ๆ • X Button on sport-selection screen: เลือกโหมดสายรัดขาใน Soccer ตอน Play Globally - ในหน้าเลือกกีฬา ให้เลือก Soccer แล้วกด X เพื่อเปลี่ยนเป็น Leg-Strap Mode • + Button on controller-holding screen: เลือกโหมดสายรัดขาใน Soccer ตอนเล่น Local/Friends - ในหน้าวิธีถือ Joy-Con ให้กด + เพื่อเปลี่ยนเป็น Leg-Strap Mode แหล่งข้อมูล: https://en-americas-support.nintendo.com/app/answers/detail/a_id/58596/~/nintendo-switch-sports-faq,pipeline:structured_game_controls,games/game_control_lookup,100.0,True,0.5569,0,,,
MB-0978-GC-274,game_controls,psu_fact,Nintendo Switch Sports ถ้าจะเลือกโหมดสายรัดขาใน Soccer ตอนเล่น Local/Friendsต้องกดอะไร,Nintendo Switch Sports มีข้อมูลปุ่มควบคุมดังนี้: Nintendo Switch • Joy-Con motion: เล่นท่ากีฬาด้วยการขยับ Joy-Con - เกมใช้ Joy-Con หรือ Joy-Con 2 ตามชนิดกีฬาที่เลือก โดยการออกท่าจะขึ้นกับกีฬานั้น ๆ • X Button on sport-selection screen: เลือกโหมดสายรัดขาใน Soccer ตอน Play Globally - ในหน้าเลือกกีฬา ให้เลือก Soccer แล้วกด X เพื่อเปลี่ยนเป็น Leg-Strap Mode • + Button on controller-holding screen: เลือกโหมดสายรัดขาใน Soccer ตอนเล่น Local/Friends - ในหน้าวิธีถือ Joy-Con ให้กด + เพื่อเปลี่ยนเป็น Leg-Strap Mode แหล่งข้อมูล: https://en-americas-support.nintendo.com/app/answers/detail/a_id/58596/~/nintendo-switch-sports-faq,pipeline:structured_game_controls,games/game_control_lookup,100.0,True,0.5554,0,,,
MB-0979-GC-275,game_controls,psu_fact,Overcooked! ปุ่มทั้งหมดมีอะไรบ้าง,Overcooked มีหลายเกมในรายการปัจจุบันครับ คำถามนี้จึงยังไม่ชัดว่าหมายถึงเกมไหน ถ้าต้องการถามเรื่องปุ่ม/วิธีควบคุม ขอเลือกเกมก่อน: • Overcooked! (Nintendo Switch Zone) • Overcooked! 2 (Nintendo Switch Zone) พิมพ์ต่อได้ เช่น `Overcooked! ปุ่มอะไร` หรือ `Overcooked! 2 ปุ่มอะไร`,pipeline:ambiguity_clarification,clarification/ambiguity_gate_clarification,70.0,False,0.1555,0,,category_mismatch:clarification | mode_mismatch:pipeline:ambiguity_clarification,
MB-0980-GC-276,game_controls,psu_fact,Overcooked! ใช้จอยยังไง,Overcooked มีหลายเกมในรายการปัจจุบันครับ คำถามนี้จึงยังไม่ชัดว่าหมายถึงเกมไหน ถ้าต้องการถามเรื่องปุ่ม/วิธีควบคุม ขอเลือกเกมก่อน: • Overcooked! (Nintendo Switch Zone) • Overcooked! 2 (Nintendo Switch Zone) พิมพ์ต่อได้ เช่น `Overcooked! ปุ่มอะไร` หรือ `Overcooked! 2 ปุ่มอะไร`,pipeline:ambiguity_clarification,clarification/ambiguity_gate_clarification,82.0,False,0.118,0,,category_mismatch:clarification,
MB-0981-GC-277,game_controls,psu_fact,ปุ่มของ Overcooked! มีอะไรบ้าง,Overcooked มีหลายเกมในรายการปัจจุบันครับ คำถามนี้จึงยังไม่ชัดว่าหมายถึงเกมไหน ถ้าต้องการถามเรื่องปุ่ม/วิธีควบคุม ขอเลือกเกมก่อน: • Overcooked! (Nintendo Switch Zone) • Overcooked! 2 (Nintendo Switch Zone) พิมพ์ต่อได้ เช่น `Overcooked! ปุ่มอะไร` หรือ `Overcooked! 2 ปุ่มอะไร`,pipeline:ambiguity_clarification,clarification/ambiguity_gate_clarification,82.0,False,0.15,0,,category_mismatch:clarification,
MB-0982-GC-278,game_controls,psu_fact,Overcooked! ถ้าจะเคลื่อนที่ต้องกดอะไร,Overcooked มีหลายเกมในรายการปัจจุบันครับ คำถามนี้จึงยังไม่ชัดว่าหมายถึงเกมไหน ถ้าต้องการถามเรื่องปุ่ม/วิธีควบคุม ขอเลือกเกมก่อน: • Overcooked! (Nintendo Switch Zone) • Overcooked! 2 (Nintendo Switch Zone) พิมพ์ต่อได้ เช่น `Overcooked! ปุ่มอะไร` หรือ `Overcooked! 2 ปุ่มอะไร`,pipeline:ambiguity_clarification,clarification/ambiguity_gate_clarification,66.0,False,0.1667,0,,category_mismatch:clarification | missing_any:L (Left Stick) / R (Right Stick)|เคลื่อนที่,
MB-0983-GC-279,game_controls,psu_fact,Overcooked! ถ้าจะหยิบ / วางต้องกดอะไร,Overcooked มีหลายเกมในรายการปัจจุบันครับ คำถามนี้จึงยังไม่ชัดว่าหมายถึงเกมไหน ถ้าต้องการถามเรื่องปุ่ม/วิธีควบคุม ขอเลือกเกมก่อน: • Overcooked! (Nintendo Switch Zone) • Overcooked! 2 (Nintendo Switch Zone) พิมพ์ต่อได้ เช่น `Overcooked! ปุ่มอะไร` หรือ `Overcooked! 2 ปุ่มอะไร`,pipeline:ambiguity_clarification,clarification/ambiguity_gate_clarification,66.0,False,0.12,0,,category_mismatch:clarification | missing_any:Cross / Square / L1 / R1|หยิบ / วาง,
MB-0984-GC-280,game_controls,psu_fact,Overcooked! ถ้าจะหั่น / ขว้างต้องกดอะไร,Overcooked มีหลายเกมในรายการปัจจุบันครับ คำถามนี้จึงยังไม่ชัดว่าหมายถึงเกมไหน ถ้าต้องการถามเรื่องปุ่ม/วิธีควบคุม ขอเลือกเกมก่อน: • Overcooked! (Nintendo Switch Zone) • Overcooked! 2 (Nintendo Switch Zone) พิมพ์ต่อได้ เช่น `Overcooked! ปุ่มอะไร` หรือ `Overcooked! 2 ปุ่มอะไร`,pipeline:ambiguity_clarification,clarification/ambiguity_gate_clarification,66.0,False,0.1431,0,,category_mismatch:clarification | missing_any:L2 / R2|หั่น / ขว้าง,
MB-0985-GC-281,game_controls,psu_fact,Overcooked! ถ้าจะพุ่งตัวต้องกดอะไร,Overcooked มีหลายเกมในรายการปัจจุบันครับ คำถามนี้จึงยังไม่ชัดว่าหมายถึงเกมไหน ถ้าต้องการถามเรื่องปุ่ม/วิธีควบคุม ขอเลือกเกมก่อน: • Overcooked! (Nintendo Switch Zone) • Overcooked! 2 (Nintendo Switch Zone) พิมพ์ต่อได้ เช่น `Overcooked! ปุ่มอะไร` หรือ `Overcooked! 2 ปุ่มอะไร`,pipeline:ambiguity_clarification,clarification/ambiguity_gate_clarification,66.0,False,0.1555,0,,category_mismatch:clarification | missing_any:Circle / D-Pad Right|พุ่งตัว,
MB-0986-GC-282,game_controls,psu_fact,PUBG ใช้จอยยังไง,PUBG: BATTLEGROUNDS มีข้อมูลปุ่มควบคุมดังนี้: PC • W / A / S / D: เคลื่อนที่ - เคลื่อนที่ตัวละคร • F: โต้ตอบ - เก็บของ เปิดประตู หรือใช้งานวัตถุ • C: ย่อตัว - ย่อตัว • Z: หมอบ - นอนหมอบ • Shift: วิ่ง / กลั้นหายใจ - วิ่งเร็ว และใช้กลั้นหายใจตอนเล็ง ADS • Ctrl: เดิน - เดินช้า • Space: กระโดด - กระโดด • Tab / I: เปิดกระเป๋า - เปิด inventory • M: เปิดแผนที่ - เปิดแผนที่ • Alt: มองอิสระ - มองรอบตัวโดยไม่เปลี่ยนทิศทางเดิน • Q / E: เอียงซ้าย / เอียงขวา - เอียงตัวเพื่อ peek • R: รีโหลด - เปลี่ยนกระสุน • B: เปลี่ยนโหมดยิง - สลับโหมดยิงของอาวุธ • X: เก็บ/ถอดอาวุธ - เก็บอาวุธที่ถืออยู่ • Left Mouse Button: ยิง - ยิงอาวุธ • Right Mouse Button: เล็ง - เล็งแบบ soft aim หรือ ADS ตาม setting • 1 / 2 / 3 / 4,pipeline:structured_game_controls,games/game_control_lookup,100.0,True,0.2669,0,,,
MB-0987-GC-283,game_controls,psu_fact,ปุ่มของ PUBG มีอะไรบ้าง,PUBG: BATTLEGROUNDS มีข้อมูลปุ่มควบคุมดังนี้: PC • W / A / S / D: เคลื่อนที่ - เคลื่อนที่ตัวละคร • F: โต้ตอบ - เก็บของ เปิดประตู หรือใช้งานวัตถุ • C: ย่อตัว - ย่อตัว • Z: หมอบ - นอนหมอบ • Shift: วิ่ง / กลั้นหายใจ - วิ่งเร็ว และใช้กลั้นหายใจตอนเล็ง ADS • Ctrl: เดิน - เดินช้า • Space: กระโดด - กระโดด • Tab / I: เปิดกระเป๋า - เปิด inventory • M: เปิดแผนที่ - เปิดแผนที่ • Alt: มองอิสระ - มองรอบตัวโดยไม่เปลี่ยนทิศทางเดิน • Q / E: เอียงซ้าย / เอียงขวา - เอียงตัวเพื่อ peek • R: รีโหลด - เปลี่ยนกระสุน • B: เปลี่ยนโหมดยิง - สลับโหมดยิงของอาวุธ • X: เก็บ/ถอดอาวุธ - เก็บอาวุธที่ถืออยู่ • Left Mouse Button: ยิง - ยิงอาวุธ • Right Mouse Button: เล็ง - เล็งแบบ soft aim หรือ ADS ตาม setting • 1 / 2 / 3 / 4,pipeline:structured_game_controls,games/game_control_lookup,100.0,True,0.3142,0,,,
MB-0988-GC-284,game_controls,psu_fact,PUBG ถ้าจะเคลื่อนที่ต้องกดอะไร,PUBG: BATTLEGROUNDS ปุ่มที่ตรงกับคำถาม: PC • W / A / S / D: เคลื่อนที่ - เคลื่อนที่ตัวละคร • M: เปิดแผนที่ - เปิดแผนที่ แหล่งข้อมูล: https://gamefaqs.gamespot.com/pc/206545-playerunknowns-battlegrounds/faqs/76480/controls,pipeline:structured_game_controls,games/game_control_lookup,100.0,True,0.4922,0,,,
MB-0989-GC-285,game_controls,psu_fact,PUBG ถ้าจะโต้ตอบต้องกดอะไร,PUBG: BATTLEGROUNDS ปุ่มที่ตรงกับคำถาม: PC • F: โต้ตอบ - เก็บของ เปิดประตู หรือใช้งานวัตถุ แหล่งข้อมูล: https://gamefaqs.gamespot.com/pc/206545-playerunknowns-battlegrounds/faqs/76480/controls,pipeline:structured_game_controls,games/game_control_lookup,100.0,True,0.4383,0,,,
MB-0990-GC-286,game_controls,psu_fact,PUBG ถ้าจะย่อตัวต้องกดอะไร,PUBG: BATTLEGROUNDS ปุ่มที่ตรงกับคำถาม: PC • C: ย่อตัว - ย่อตัว แหล่งข้อมูล: https://gamefaqs.gamespot.com/pc/206545-playerunknowns-battlegrounds/faqs/76480/controls,pipeline:structured_game_controls,games/game_control_lookup,100.0,True,0.3431,0,,,
MB-0991-GC-287,game_controls,psu_fact,PUBG ถ้าจะหมอบต้องกดอะไร,PUBG: BATTLEGROUNDS ปุ่มที่ตรงกับคำถาม: PC • Z: หมอบ - นอนหมอบ แหล่งข้อมูล: https://gamefaqs.gamespot.com/pc/206545-playerunknowns-battlegrounds/faqs/76480/controls,pipeline:structured_game_controls,games/game_control_lookup,100.0,True,0.3483,0,,,
MB-0992-GC-288,game_controls,psu_fact,Resident Evil 4 ใช้จอยยังไง,Resident Evil 4 (Remake) มีข้อมูลปุ่มควบคุมดังนี้: PlayStation / PS5 • L (Left Stick): เคลื่อนที่ • L3: วิ่งสปรินต์ • R (Right Stick): มุมกล้อง • L2 (Hold): เล็ง • L1: ปัดป้อง • R1: วิ่ง / กลับหลังหัน • R2: ยิง / โจมตีด้วยมีด • Triangle: คลังไอเทม • Circle: ย่อตัว • Square: รีโหลด • Cross: โต้ตอบ • D-Pad: เปลี่ยนอาวุธ • Options: หยุดเกม • Touch Pad: แผนที่ แหล่งข้อมูล: https://gameinputdatabase.com/game/45,pipeline:structured_game_controls,games/game_control_lookup,100.0,True,0.3174,0,,,
MB-0993-GC-289,game_controls,psu_fact,ปุ่มของ Resident Evil 4 มีอะไรบ้าง,Resident Evil 4 (Remake) มีข้อมูลปุ่มควบคุมดังนี้: PlayStation / PS5 • L (Left Stick): เคลื่อนที่ • L3: วิ่งสปรินต์ • R (Right Stick): มุมกล้อง • L2 (Hold): เล็ง • L1: ปัดป้อง • R1: วิ่ง / กลับหลังหัน • R2: ยิง / โจมตีด้วยมีด • Triangle: คลังไอเทม • Circle: ย่อตัว • Square: รีโหลด • Cross: โต้ตอบ • D-Pad: เปลี่ยนอาวุธ • Options: หยุดเกม • Touch Pad: แผนที่ แหล่งข้อมูล: https://gameinputdatabase.com/game/45,pipeline:structured_game_controls,games/game_control_lookup,100.0,True,0.3651,0,,,
MB-0994-GC-290,game_controls,psu_fact,Resident Evil 4 ถ้าจะเคลื่อนที่ต้องกดอะไร,Resident Evil 4 (Remake) ปุ่มที่ตรงกับคำถาม: PlayStation / PS5 • L (Left Stick): เคลื่อนที่ • Touch Pad: แผนที่ แหล่งข้อมูล: https://gameinputdatabase.com/game/45,pipeline:structured_game_controls,games/game_control_lookup,100.0,True,0.4178,0,,,
MB-0995-GC-291,game_controls,psu_fact,Resident Evil 4 ถ้าจะวิ่งสปรินต์ต้องกดอะไร,Resident Evil 4 (Remake) ปุ่มที่ตรงกับคำถาม: PlayStation / PS5 • L3: วิ่งสปรินต์ • R1: วิ่ง / กลับหลังหัน แหล่งข้อมูล: https://gameinputdatabase.com/game/45,pipeline:structured_game_controls,games/game_control_lookup,100.0,True,0.4973,0,,,
MB-0996-GC-292,game_controls,psu_fact,Resident Evil 4 ถ้าจะมุมกล้องต้องกดอะไร,Resident Evil 4 (Remake) ปุ่มที่ตรงกับคำถาม: PlayStation / PS5 • R (Right Stick): มุมกล้อง แหล่งข้อมูล: https://gameinputdatabase.com/game/45,pipeline:structured_game_controls,games/game_control_lookup,100.0,True,0.4318,0,,,
MB-0997-GC-293,game_controls,psu_fact,Resident Evil 4 ถ้าจะเล็งต้องกดอะไร,Resident Evil 4 (Remake) ปุ่มที่ตรงกับคำถาม: PlayStation / PS5 • L2 (Hold): เล็ง แหล่งข้อมูล: https://gameinputdatabase.com/game/45,pipeline:structured_game_controls,games/game_control_lookup,100.0,True,0.4053,0,,,
MB-0998-GC-294,game_controls,psu_fact,ปุ่มของ Resident Evil Village มีอะไรบ้าง,Resident Evil Village มีข้อมูลปุ่มควบคุมดังนี้: PlayStation / PS5 • L (Left Stick): เคลื่อนที่ - บังคับทิศทางการเดินและการเคลื่อนไหวของตัวละคร Ethan Winters • L3 (Click Left Stick): วิ่งเร็ว / สปรินต์ - กดลงไปในขณะเคลื่อนที่เพื่อเร่งความเร็วในการวิ่งหนีหรือเข้าหาที่กำบัง • R (Right Stick): ควบคุมมุมมอง / หันกล้อง - หมุนเพื่อกวาดสายตา หันหัวตัวละคร มองรอบ ๆ หรือใช้ในการเล็งเป้า • R3 (Click Right Stick): ย่อตัว - กดเพื่อย่อตัวลงต่ำ ใช้สำหรับลอดช่องแคบ ซ่อนตัว หรือหลบการโจมตีระดับสายตา • L2: เล็งเป้า / เล็งปืน - ยกอาวุธปืนขึ้นมาเล็งเพื่อบีบเป้าให้แคบลงและเพิ่มความแม่นยำในการยิง • L1: ยกการ์ด / ป้องกัน - ยกแขนขึ้นมาตั้งการ์ดบังการโจมตีของศัตรูเพื่อลดความเสียหาย (หากกดถูกจังหวะจะสามารถผลักศัตรูให,pipeline:structured_game_controls,games/game_control_lookup,100.0,True,0.3802,0,,,
MB-0999-GC-295,game_controls,psu_fact,Resident Evil Village ถ้าจะเคลื่อนที่ต้องกดอะไร,Resident Evil Village ปุ่มที่ตรงกับคำถาม: PlayStation / PS5 • L (Left Stick): เคลื่อนที่ - บังคับทิศทางการเดินและการเคลื่อนไหวของตัวละคร Ethan Winters • L1: ยกการ์ด / ป้องกัน - ยกแขนขึ้นมาตั้งการ์ดบังการโจมตีของศัตรูเพื่อลดความเสียหาย (หากกดถูกจังหวะจะสามารถผลักศัตรูให้เสียหลักได้) • Touch Pad: แผนที่ - เปิดดูแผนที่จำลองของพื้นที่หรือหมู่บ้าน เพื่อเช็กเส้นทางและห้องที่ยังสำรวจไม่ครบ แหล่งข้อมูล: https://gameinputdatabase.com/game/234,pipeline:structured_game_controls,games/game_control_lookup,100.0,True,0.4552,0,,,
MB-1000-GC-296,game_controls,psu_fact,Resident Evil Village ถ้าจะวิ่งเร็ว / สปรินต์ต้องกดอะไร,Resident Evil Village ปุ่มที่ตรงกับคำถาม: PlayStation / PS5 • L3 (Click Left Stick): วิ่งเร็ว / สปรินต์ - กดลงไปในขณะเคลื่อนที่เพื่อเร่งความเร็วในการวิ่งหนีหรือเข้าหาที่กำบัง • L1: ยกการ์ด / ป้องกัน - ยกแขนขึ้นมาตั้งการ์ดบังการโจมตีของศัตรูเพื่อลดความเสียหาย (หากกดถูกจังหวะจะสามารถผลักศัตรูให้เสียหลักได้) แหล่งข้อมูล: https://gameinputdatabase.com/game/234,pipeline:structured_game_controls,games/game_control_lookup,100.0,True,0.4984,0,,,
MB-1001-GC-297,game_controls,psu_fact,Resident Evil Village ถ้าจะควบคุมมุมมอง / หันกล้องต้องกดอะไร,Resident Evil Village ปุ่มที่ตรงกับคำถาม: PlayStation / PS5 • R (Right Stick): ควบคุมมุมมอง / หันกล้อง - หมุนเพื่อกวาดสายตา หันหัวตัวละคร มองรอบ ๆ หรือใช้ในการเล็งเป้า • L1: ยกการ์ด / ป้องกัน - ยกแขนขึ้นมาตั้งการ์ดบังการโจมตีของศัตรูเพื่อลดความเสียหาย (หากกดถูกจังหวะจะสามารถผลักศัตรูให้เสียหลักได้) แหล่งข้อมูล: https://gameinputdatabase.com/game/234,pipeline:structured_game_controls,games/game_control_lookup,100.0,True,0.5471,0,,,
MB-1002-GC-298,game_controls,psu_fact,Resident Evil Village ถ้าจะย่อตัวต้องกดอะไร,Resident Evil Village ปุ่มที่ตรงกับคำถาม: PlayStation / PS5 • R3 (Click Right Stick): ย่อตัว - กดเพื่อย่อตัวลงต่ำ ใช้สำหรับลอดช่องแคบ ซ่อนตัว หรือหลบการโจมตีระดับสายตา • L1: ยกการ์ด / ป้องกัน - ยกแขนขึ้นมาตั้งการ์ดบังการโจมตีของศัตรูเพื่อลดความเสียหาย (หากกดถูกจังหวะจะสามารถผลักศัตรูให้เสียหลักได้) แหล่งข้อมูล: https://gameinputdatabase.com/game/234,pipeline:structured_game_controls,games/game_control_lookup,100.0,True,0.4929,0,,,
MB-1003-GC-299,game_controls,psu_fact,ปุ่มของ Ring Fit Adventure มีอะไรบ้าง,Ring Fit Adventure ปุ่มที่ตรงกับคำถาม: Nintendo Switch • Ring-Con tilt: เลื่อนเคอร์เซอร์ด้วย Ring-Con - ถือ Ring-Con เหมือนพวงมาลัย แล้วเอียงซ้ายขวาหรือยกขึ้นลงเพื่อเลื่อนเคอร์เซอร์ • Press Ring-Con inward: ยืนยันด้วย Ring-Con - กด Ring-Con เข้าด้านในเพื่อยืนยันการเลือก • Pull Ring-Con outward: ยกเลิกด้วย Ring-Con - ดึง Ring-Con ออกด้านนอกเพื่อยกเลิกการเลือก แหล่งข้อมูล: https://en-americas-support.nintendo.com/app/answers/detail/a_id/47833/~/how-do-i-control-the-game%3F-%28ring-fit-adventure%29,pipeline:structured_game_controls,games/game_control_lookup,100.0,True,0.3702,0,,,
MB-1004-GC-300,game_controls,psu_fact,Ring Fit Adventure ถ้าจะเลื่อนเคอร์เซอร์ต้องกดอะไร,Ring Fit Adventure ปุ่มที่ตรงกับคำถาม: Nintendo Switch • Joy-Con (R) Control Stick: เลื่อนเคอร์เซอร์ - ใช้เลื่อนเคอร์เซอร์ในเมนู โดย Joy-Con (R) คือจอยที่ใส่กับ Ring-Con • Ring-Con tilt: เลื่อนเคอร์เซอร์ด้วย Ring-Con - ถือ Ring-Con เหมือนพวงมาลัย แล้วเอียงซ้ายขวาหรือยกขึ้นลงเพื่อเลื่อนเคอร์เซอร์ • Press Ring-Con inward: ยืนยันด้วย Ring-Con - กด Ring-Con เข้าด้านในเพื่อยืนยันการเลือก • Pull Ring-Con outward: ยกเลิกด้วย Ring-Con - ดึง Ring-Con ออกด้านนอกเพื่อยกเลิกการเลือก แหล่งข้อมูล: https://en-americas-support.nintendo.com/app/answers/detail/a_id/47833/~/how-do-i-control-the-game%3F-%28ring-fit-adventure%29,pipeline:structured_game_controls,games/game_control_lookup,100.0,True,0.5665,0,,,
MB-1005-GC-301,game_controls,psu_fact,Ring Fit Adventure ถ้าจะยืนยันการเลือกต้องกดอะไร,Ring Fit Adventure ปุ่มที่ตรงกับคำถาม: Nintendo Switch • X Button: ยืนยันการเลือก - ใช้ยืนยันการเลือกในเมนู • A Button: ยกเลิกการเลือก - ใช้ยกเลิกหรือย้อนกลับจากการเลือกในเมนู • Ring-Con tilt: เลื่อนเคอร์เซอร์ด้วย Ring-Con - ถือ Ring-Con เหมือนพวงมาลัย แล้วเอียงซ้ายขวาหรือยกขึ้นลงเพื่อเลื่อนเคอร์เซอร์ • Press Ring-Con inward: ยืนยันด้วย Ring-Con - กด Ring-Con เข้าด้านในเพื่อยืนยันการเลือก • Pull Ring-Con outward: ยกเลิกด้วย Ring-Con - ดึง Ring-Con ออกด้านนอกเพื่อยกเลิกการเลือก แหล่งข้อมูล: https://en-americas-support.nintendo.com/app/answers/detail/a_id/47833/~/how-do-i-control-the-game%3F-%28ring-fit-adventure%29,pipeline:structured_game_controls,games/game_control_lookup,100.0,True,0.5695,0,,,
MB-1006-GC-302,game_controls,psu_fact,Ring Fit Adventure ถ้าจะยกเลิกการเลือกต้องกดอะไร,Ring Fit Adventure ปุ่มที่ตรงกับคำถาม: Nintendo Switch • X Button: ยืนยันการเลือก - ใช้ยืนยันการเลือกในเมนู • A Button: ยกเลิกการเลือก - ใช้ยกเลิกหรือย้อนกลับจากการเลือกในเมนู • Ring-Con tilt: เลื่อนเคอร์เซอร์ด้วย Ring-Con - ถือ Ring-Con เหมือนพวงมาลัย แล้วเอียงซ้ายขวาหรือยกขึ้นลงเพื่อเลื่อนเคอร์เซอร์ • Press Ring-Con inward: ยืนยันด้วย Ring-Con - กด Ring-Con เข้าด้านในเพื่อยืนยันการเลือก • Pull Ring-Con outward: ยกเลิกด้วย Ring-Con - ดึง Ring-Con ออกด้านนอกเพื่อยกเลิกการเลือก แหล่งข้อมูล: https://en-americas-support.nintendo.com/app/answers/detail/a_id/47833/~/how-do-i-control-the-game%3F-%28ring-fit-adventure%29,pipeline:structured_game_controls,games/game_control_lookup,100.0,True,0.62,0,,,
MB-1007-GC-303,game_controls,psu_fact,Ring Fit Adventure ถ้าจะเลื่อนเคอร์เซอร์ด้วย Ring-Conต้องกดอะไร,Ring Fit Adventure ปุ่มที่ตรงกับคำถาม: Nintendo Switch • Joy-Con (R) Control Stick: เลื่อนเคอร์เซอร์ - ใช้เลื่อนเคอร์เซอร์ในเมนู โดย Joy-Con (R) คือจอยที่ใส่กับ Ring-Con • Ring-Con tilt: เลื่อนเคอร์เซอร์ด้วย Ring-Con - ถือ Ring-Con เหมือนพวงมาลัย แล้วเอียงซ้ายขวาหรือยกขึ้นลงเพื่อเลื่อนเคอร์เซอร์ • Press Ring-Con inward: ยืนยันด้วย Ring-Con - กด Ring-Con เข้าด้านในเพื่อยืนยันการเลือก • Pull Ring-Con outward: ยกเลิกด้วย Ring-Con - ดึง Ring-Con ออกด้านนอกเพื่อยกเลิกการเลือก แหล่งข้อมูล: https://en-americas-support.nintendo.com/app/answers/detail/a_id/47833/~/how-do-i-control-the-game%3F-%28ring-fit-adventure%29,pipeline:structured_game_controls,games/game_control_lookup,100.0,True,0.612,0,,,
MB-1008-GC-304,game_controls,psu_fact,ปุ่มของ Super Mario Odyssey มีอะไรบ้าง,Super Mario Odyssey มีข้อมูลปุ่มควบคุมดังนี้: Nintendo Switch • L (Left Stick): เคลื่อนที่ - บังคับทิศทางการเดินและวิ่งของมาริโอ • R (Right Stick): มุมกล้อง - หมุนและแพนมุมกล้องเพื่อดูสภาพแวดล้อม • R3 (Click Right Stick): มุมมองบุคคลที่หนึ่ง - กดเพื่อเปลี่ยนเป็นมุมมองบุคคลที่หนึ่งสำหรับส่องดูรายละเอียด • A / B: กระโดด - ใช้กระโดด สามารถใช้ปุ่ม A หรือ B ก็ได้ • X / Y: ขว้างหมวก / วิ่งเร็ว - กดเพื่อขว้างหมวก Cappy หรือกดค้างไว้พร้อมบังคับทิศทางเพื่อวิ่งเร็ว • ZL: ย่อตัว - ย่อตัวลงเพื่อม้วนตัว หรือใช้ทำท่ากระแทกพื้น (Ground Pound) • R: รีเซ็ตกล้อง - รีเซ็ตมุมกล้องให้หันไปทางเดียวกับที่มาริโอกำลังมองอยู่ • D-Pad Down: โหมดถ่ายภาพ - เข้าสู่โหมดถ่ายภาพเพื่อตกแต่งและบันทึกหน้าจอ • D-Pad Right: สแกน,pipeline:structured_game_controls,games/game_control_lookup,100.0,True,0.3913,0,,,
MB-1009-GC-305,game_controls,psu_fact,Super Mario Odyssey ถ้าจะเคลื่อนที่ต้องกดอะไร,Super Mario Odyssey ปุ่มที่ตรงกับคำถาม: Nintendo Switch • L (Left Stick): เคลื่อนที่ - บังคับทิศทางการเดินและวิ่งของมาริโอ • - (Minus): แผนที่ - เปิดแผนที่เพื่อดูข้อมูลอาณาจักรหรือใช้วาร์ป แหล่งข้อมูล: https://gameinputdatabase.com/game/32,pipeline:structured_game_controls,games/game_control_lookup,100.0,True,0.4846,0,,,
MB-1010-GC-306,game_controls,psu_fact,Super Mario Odyssey ถ้าจะมุมกล้องต้องกดอะไร,Super Mario Odyssey ปุ่มที่ตรงกับคำถาม: Nintendo Switch • R (Right Stick): มุมกล้อง - หมุนและแพนมุมกล้องเพื่อดูสภาพแวดล้อม • R: รีเซ็ตกล้อง - รีเซ็ตมุมกล้องให้หันไปทางเดียวกับที่มาริโอกำลังมองอยู่ แหล่งข้อมูล: https://gameinputdatabase.com/game/32,pipeline:structured_game_controls,games/game_control_lookup,100.0,True,0.4701,0,,,
MB-1011-GC-307,game_controls,psu_fact,Super Mario Odyssey ถ้าจะมุมมองบุคคลที่หนึ่งต้องกดอะไร,Super Mario Odyssey ปุ่มที่ตรงกับคำถาม: Nintendo Switch • R3 (Click Right Stick): มุมมองบุคคลที่หนึ่ง - กดเพื่อเปลี่ยนเป็นมุมมองบุคคลที่หนึ่งสำหรับส่องดูรายละเอียด แหล่งข้อมูล: https://gameinputdatabase.com/game/32,pipeline:structured_game_controls,games/game_control_lookup,100.0,True,0.654,0,,,
MB-1012-GC-308,game_controls,psu_fact,Super Mario Odyssey ถ้าจะกระโดดต้องกดอะไร,Super Mario Odyssey ปุ่มที่ตรงกับคำถาม: Nintendo Switch • A / B: กระโดด - ใช้กระโดด สามารถใช้ปุ่ม A หรือ B ก็ได้ แหล่งข้อมูล: https://gameinputdatabase.com/game/32,pipeline:structured_game_controls,games/game_control_lookup,100.0,True,0.4093,0,,,
MB-1013-GC-309,game_controls,psu_fact,ปุ่มของ Super Smash Bros. Ultimate มีอะไรบ้าง,Super Smash Bros. Ultimate ปุ่มที่ตรงกับคำถาม: Nintendo Switch • R (Right Stick): โจมตีสแมช - ก้านอนาล็อกขวาใช้สำหรับปล่อยท่า Smash Attack ไปตามทิศทางที่ดันอย่างรวดเร็ว แหล่งข้อมูล: https://gameinputdatabase.com/game/46,pipeline:structured_game_controls,games/game_control_lookup,100.0,True,0.4055,0,,,
MB-1014-GC-310,game_controls,psu_fact,Super Smash Bros. Ultimate ถ้าจะเคลื่อนที่ต้องกดอะไร,Super Smash Bros. Ultimate ปุ่มที่ตรงกับคำถาม: Nintendo Switch • L (Left Stick): เคลื่อนที่ - ใช้เดิน วิ่ง หรือย่อตัว รวมถึงกำหนดทิศทางการโจมตีท่าต่าง ๆ • R (Right Stick): โจมตีสแมช - ก้านอนาล็อกขวาใช้สำหรับปล่อยท่า Smash Attack ไปตามทิศทางที่ดันอย่างรวดเร็ว • ZL / ZR: โล่ป้องกัน - กางโล่เพื่อป้องกันการโจมตี สามารถกดพร้อมอนาล็อกซ้ายเพื่อกลิ้งหลบได้ แหล่งข้อมูล: https://gameinputdatabase.com/game/46,pipeline:structured_game_controls,games/game_control_lookup,100.0,True,0.5198,0,,,
MB-1015-GC-311,game_controls,psu_fact,Super Smash Bros. Ultimate ถ้าจะโจมตีสแมชต้องกดอะไร,Super Smash Bros. Ultimate ปุ่มที่ตรงกับคำถาม: Nintendo Switch • R (Right Stick): โจมตีสแมช - ก้านอนาล็อกขวาใช้สำหรับปล่อยท่า Smash Attack ไปตามทิศทางที่ดันอย่างรวดเร็ว • A: โจมตีปกติ - การโจมตีพื้นฐาน (Jab/Tilt/Aerial) ขึ้นอยู่กับทิศทางของอนาล็อกซ้าย • B: โจมตีพิเศษ - ท่าไม้ตายของตัวละคร (Special Moves) สามารถเปลี่ยนท่าได้ตามทิศทางอนาล็อกซ้าย • ZL / ZR: โล่ป้องกัน - กางโล่เพื่อป้องกันการโจมตี สามารถกดพร้อมอนาล็อกซ้ายเพื่อกลิ้งหลบได้ แหล่งข้อมูล: https://gameinputdatabase.com/game/46,pipeline:structured_game_controls,games/game_control_lookup,100.0,True,0.4778,0,,,
MB-1016-GC-312,game_controls,psu_fact,Super Smash Bros. Ultimate ถ้าจะโจมตีปกติต้องกดอะไร,Super Smash Bros. Ultimate ปุ่มที่ตรงกับคำถาม: Nintendo Switch • R (Right Stick): โจมตีสแมช - ก้านอนาล็อกขวาใช้สำหรับปล่อยท่า Smash Attack ไปตามทิศทางที่ดันอย่างรวดเร็ว • A: โจมตีปกติ - การโจมตีพื้นฐาน (Jab/Tilt/Aerial) ขึ้นอยู่กับทิศทางของอนาล็อกซ้าย • B: โจมตีพิเศษ - ท่าไม้ตายของตัวละคร (Special Moves) สามารถเปลี่ยนท่าได้ตามทิศทางอนาล็อกซ้าย • ZL / ZR: โล่ป้องกัน - กางโล่เพื่อป้องกันการโจมตี สามารถกดพร้อมอนาล็อกซ้ายเพื่อกลิ้งหลบได้ แหล่งข้อมูล: https://gameinputdatabase.com/game/46,pipeline:structured_game_controls,games/game_control_lookup,100.0,True,0.5138,0,,,
MB-1017-GC-313,game_controls,psu_fact,Super Smash Bros. Ultimate ถ้าจะโจมตีพิเศษต้องกดอะไร,Super Smash Bros. Ultimate ปุ่มที่ตรงกับคำถาม: Nintendo Switch • R (Right Stick): โจมตีสแมช - ก้านอนาล็อกขวาใช้สำหรับปล่อยท่า Smash Attack ไปตามทิศทางที่ดันอย่างรวดเร็ว • A: โจมตีปกติ - การโจมตีพื้นฐาน (Jab/Tilt/Aerial) ขึ้นอยู่กับทิศทางของอนาล็อกซ้าย • B: โจมตีพิเศษ - ท่าไม้ตายของตัวละคร (Special Moves) สามารถเปลี่ยนท่าได้ตามทิศทางอนาล็อกซ้าย • ZL / ZR: โล่ป้องกัน - กางโล่เพื่อป้องกันการโจมตี สามารถกดพร้อมอนาล็อกซ้ายเพื่อกลิ้งหลบได้ แหล่งข้อมูล: https://gameinputdatabase.com/game/46,pipeline:structured_game_controls,games/game_control_lookup,100.0,True,0.4779,0,,,
MB-1018-GC-314,game_controls,psu_fact,ปุ่มของ TEKKEN 8 มีอะไรบ้าง,"TEKKEN 8 มีข้อมูลปุ่มควบคุมดังนี้: PlayStation / PS5 • Square: หมัดซ้าย / ต่อยซ้าย - ออกหมัดแย็บหรือโจมตีด้วยมือซ้าย เป็นปุ่มหลักในการเริ่มต้นเฟรมคอมโบที่รวดเร็ว • Triangle: หมัดขวา / ต่อยขวา - ออกหมัดหนักหรือโจมตีด้วยมือขวา มักใช้ทำดาเมจแรงหรือสวนกลับ (Counter) • Cross: ลูกเตะซ้าย - ใช้ขาซ้ายเตะสกัดหรือโจมตีเพื่อเปิดช่องว่างของศัตรู • Circle: ลูกเตะขวา - ใช้ขาขวาหวดเตะอย่างรุนแรง มักเป็นท่าเคลียร์ระยะหรือตัดขาที่ทำดาเมจสูง • D-Pad Up: กระโดด - ควบคุมให้ตัวละครกระโดดขึ้นด้านบนเพื่อหลบการโจมตีล่าง หรือใช้กดร่วมกับปุ่มโจมตีกลางอากาศ • D-Pad Left: ถอยหลัง / บล็อก - บังคับตัวละครให้เดินถอยหลังเพื่อรักษาระยะ หรือใช้กดค้างเพื่อ ""บล็อก (Guard)"" การโจมตีระดับสูงและระดับกลางของศัตรู • D-Pad Down: ย่อ",pipeline:structured_game_controls,games/game_control_lookup,100.0,True,0.3986,0,,,
MB-1019-GC-315,game_controls,psu_fact,TEKKEN 8 ถ้าจะหมัดซ้าย / ต่อยซ้ายต้องกดอะไร,TEKKEN 8 ปุ่มที่ตรงกับคำถาม: PlayStation / PS5 • Square: หมัดซ้าย / ต่อยซ้าย - ออกหมัดแย็บหรือโจมตีด้วยมือซ้าย เป็นปุ่มหลักในการเริ่มต้นเฟรมคอมโบที่รวดเร็ว • Triangle: หมัดขวา / ต่อยขวา - ออกหมัดหนักหรือโจมตีด้วยมือขวา มักใช้ทำดาเมจแรงหรือสวนกลับ (Counter) • Cross: ลูกเตะซ้าย - ใช้ขาซ้ายเตะสกัดหรือโจมตีเพื่อเปิดช่องว่างของศัตรู แหล่งข้อมูล: https://gameinputdatabase.com/game/83,pipeline:structured_game_controls,games/game_control_lookup,100.0,True,0.6049,0,,,
MB-1020-GC-316,game_controls,psu_fact,TEKKEN 8 ถ้าจะหมัดขวา / ต่อยขวาต้องกดอะไร,TEKKEN 8 ปุ่มที่ตรงกับคำถาม: PlayStation / PS5 • Square: หมัดซ้าย / ต่อยซ้าย - ออกหมัดแย็บหรือโจมตีด้วยมือซ้าย เป็นปุ่มหลักในการเริ่มต้นเฟรมคอมโบที่รวดเร็ว • Triangle: หมัดขวา / ต่อยขวา - ออกหมัดหนักหรือโจมตีด้วยมือขวา มักใช้ทำดาเมจแรงหรือสวนกลับ (Counter) แหล่งข้อมูล: https://gameinputdatabase.com/game/83,pipeline:structured_game_controls,games/game_control_lookup,100.0,True,0.5634,0,,,
MB-1021-GC-317,game_controls,psu_fact,TEKKEN 8 ถ้าจะลูกเตะซ้ายต้องกดอะไร,TEKKEN 8 ปุ่มที่ตรงกับคำถาม: PlayStation / PS5 • Square: หมัดซ้าย / ต่อยซ้าย - ออกหมัดแย็บหรือโจมตีด้วยมือซ้าย เป็นปุ่มหลักในการเริ่มต้นเฟรมคอมโบที่รวดเร็ว • Cross: ลูกเตะซ้าย - ใช้ขาซ้ายเตะสกัดหรือโจมตีเพื่อเปิดช่องว่างของศัตรู • Circle: ลูกเตะขวา - ใช้ขาขวาหวดเตะอย่างรุนแรง มักเป็นท่าเคลียร์ระยะหรือตัดขาที่ทำดาเมจสูง แหล่งข้อมูล: https://gameinputdatabase.com/game/83,pipeline:structured_game_controls,games/game_control_lookup,100.0,True,0.4681,0,,,
MB-1022-GC-318,game_controls,psu_fact,TEKKEN 8 ถ้าจะลูกเตะขวาต้องกดอะไร,TEKKEN 8 ปุ่มที่ตรงกับคำถาม: PlayStation / PS5 • Triangle: หมัดขวา / ต่อยขวา - ออกหมัดหนักหรือโจมตีด้วยมือขวา มักใช้ทำดาเมจแรงหรือสวนกลับ (Counter) • Cross: ลูกเตะซ้าย - ใช้ขาซ้ายเตะสกัดหรือโจมตีเพื่อเปิดช่องว่างของศัตรู • Circle: ลูกเตะขวา - ใช้ขาขวาหวดเตะอย่างรุนแรง มักเป็นท่าเคลียร์ระยะหรือตัดขาที่ทำดาเมจสูง แหล่งข้อมูล: https://gameinputdatabase.com/game/83,pipeline:structured_game_controls,games/game_control_lookup,100.0,True,0.4051,0,,,
MB-1023-GC-319,game_controls,psu_fact,ปุ่มของ The Last of Us Part I มีอะไรบ้าง,The Last of Us Part I มีข้อมูลปุ่มควบคุมดังนี้: PlayStation / PS5 • L (Left Stick): เคลื่อนที่ - บังคับทิศทางการเดินและการย่องเคลื่อนที่ของตัวละคร • L3 (Click Left Stick): หันมองจุดสนใจ - กดเพื่อหันมุมกล้องไปยังวัตถุ เหตุการณ์ หรือจุดสำคัญในฉากที่เกมแนะนำทันที • R (Right Stick): มุมกล้อง - หมุนเพื่อกวาดสายตาและควบคุมทิศทางมุมกล้อง • R3 (Click Right Stick): ไฟฉาย - กดคลิกลงไปตรง ๆ เพื่อเปิดหรือปิดไฟฉายในพื้นที่มืด (และใช้เขย่าจอยเมื่อไฟฉายดับ) • L1: วิ่งสปรินต์ (กดค้าง) - กดค้างไว้ในขณะเคลื่อนเพื่อวิ่งหนีหรือเร่งความเร็วสลัดการตามล่า • L2: เล็งเป้า (กดค้าง) - กดค้างไว้เพื่อยกอาวุธปืนหรือไอเทมขว้างขึ้นมาเตรียมเล็งยิง • R1: สลับอาวุธด่วน / โหมดฟังเสียง (กดค้าง) - แตะเพื่อสลับอาวุธล่าสุด หรือกดค,pipeline:structured_game_controls,games/game_control_lookup,100.0,True,0.3205,0,,,
MB-1024-GC-320,game_controls,psu_fact,The Last of Us Part I ถ้าจะเคลื่อนที่ต้องกดอะไร,The Last of Us Part I ปุ่มที่ตรงกับคำถาม: PlayStation / PS5 • L (Left Stick): เคลื่อนที่ - บังคับทิศทางการเดินและการย่องเคลื่อนที่ของตัวละคร แหล่งข้อมูล: https://gameinputdatabase.com/game/101,pipeline:structured_game_controls,games/game_control_lookup,100.0,True,0.4319,0,,,
MB-1025-GC-321,game_controls,psu_fact,The Last of Us Part I ถ้าจะหันมองจุดสนใจต้องกดอะไร,The Last of Us Part I ปุ่มที่ตรงกับคำถาม: PlayStation / PS5 • L3 (Click Left Stick): หันมองจุดสนใจ - กดเพื่อหันมุมกล้องไปยังวัตถุ เหตุการณ์ หรือจุดสำคัญในฉากที่เกมแนะนำทันที แหล่งข้อมูล: https://gameinputdatabase.com/game/101,pipeline:structured_game_controls,games/game_control_lookup,100.0,True,0.5065,0,,,
MB-1026-GC-322,game_controls,psu_fact,The Last of Us Part I ถ้าจะมุมกล้องต้องกดอะไร,The Last of Us Part I ปุ่มที่ตรงกับคำถาม: PlayStation / PS5 • R (Right Stick): มุมกล้อง - หมุนเพื่อกวาดสายตาและควบคุมทิศทางมุมกล้อง • Square: โจมตีประชิด / สลับฝั่งมุมกล้อง (ขณะเล็ง) - กดเพื่อต่อยหรือหวดอาวุธประชิด แต่ถ้ากดตอนเล็งปืนจะเป็นการสลับมุมกล้องข้ามไหล่ซ้าย-ขวา แหล่งข้อมูล: https://gameinputdatabase.com/game/101,pipeline:structured_game_controls,games/game_control_lookup,100.0,True,0.453,0,,,
MB-1027-GC-323,game_controls,psu_fact,The Last of Us Part I ถ้าจะไฟฉายต้องกดอะไร,The Last of Us Part I ปุ่มที่ตรงกับคำถาม: PlayStation / PS5 • R3 (Click Right Stick): ไฟฉาย - กดคลิกลงไปตรง ๆ เพื่อเปิดหรือปิดไฟฉายในพื้นที่มืด (และใช้เขย่าจอยเมื่อไฟฉายดับ) แหล่งข้อมูล: https://gameinputdatabase.com/game/101,pipeline:structured_game_controls,games/game_control_lookup,100.0,True,0.4429,0,,,
MB-1028-GC-324,game_controls,psu_fact,ปุ่มของ The Last of Us Part II มีอะไรบ้าง,The Last of Us Part II มีข้อมูลปุ่มควบคุมดังนี้: PlayStation / PS5 • L (Left Stick): เคลื่อนที่ - บังคับทิศทางการเดิน การย่อง หรือการวิ่งของตัวละครไปตามฉาก • L3 (Click Left Stick): หันมองจุดสนใจ - กดคลิกลงไปเพื่อหันมุมกล้องล็อกไปยังวัตถุ เบาะแส หรือเหตุการณ์สำคัญที่เกมต้องการให้สังเกตทันที • R (Right Stick): มุมกล้อง - หมุนอนาล็อกเพื่อหันมุมมอง กวาดสายตาดูรอบ ๆ ตัว หรือใช้ควบคุมทิศทางเป้าปืน • R3 (Click Right Stick): ไฟฉาย - กดคลิกลงไปตรง ๆ เพื่อเปิดหรือปิดไฟฉายเมื่อต้องลุยในตึกร้างหรือพื้นที่มืดสนิท • L1: หลบหลีก - กดในจังหวะที่ศัตรูเหวี่ยงอาวุธหรือพุ่งเข้ามาต่อย เพื่อเอี้ยวตัวหรือฉากหลบการโจมตีระยะประชิดทันที • L2: เล็งเป้า (กดค้าง) - กดค้างไว้เพื่อยกอาวุธปืน คันธนู หรือไอเทมประเภทระเบิดขว,pipeline:structured_game_controls,games/game_control_lookup,100.0,True,0.4055,0,,,
MB-1029-GC-325,game_controls,psu_fact,The Last of Us Part II ถ้าจะเคลื่อนที่ต้องกดอะไร,The Last of Us Part II ปุ่มที่ตรงกับคำถาม: PlayStation / PS5 • L (Left Stick): เคลื่อนที่ - บังคับทิศทางการเดิน การย่อง หรือการวิ่งของตัวละครไปตามฉาก แหล่งข้อมูล: https://gameinputdatabase.com/game/16,pipeline:structured_game_controls,games/game_control_lookup,100.0,True,0.5333,0,,,
MB-1030-GC-326,game_controls,psu_fact,The Last of Us Part II ถ้าจะหันมองจุดสนใจต้องกดอะไร,The Last of Us Part II ปุ่มที่ตรงกับคำถาม: PlayStation / PS5 • L3 (Click Left Stick): หันมองจุดสนใจ - กดคลิกลงไปเพื่อหันมุมกล้องล็อกไปยังวัตถุ เบาะแส หรือเหตุการณ์สำคัญที่เกมต้องการให้สังเกตทันที แหล่งข้อมูล: https://gameinputdatabase.com/game/16,pipeline:structured_game_controls,games/game_control_lookup,100.0,True,0.5735,0,,,
MB-1031-GC-327,game_controls,psu_fact,The Last of Us Part II ถ้าจะมุมกล้องต้องกดอะไร,The Last of Us Part II ปุ่มที่ตรงกับคำถาม: PlayStation / PS5 • R (Right Stick): มุมกล้อง - หมุนอนาล็อกเพื่อหันมุมมอง กวาดสายตาดูรอบ ๆ ตัว หรือใช้ควบคุมทิศทางเป้าปืน แหล่งข้อมูล: https://gameinputdatabase.com/game/16,pipeline:structured_game_controls,games/game_control_lookup,100.0,True,0.4522,0,,,
MB-1032-GC-328,game_controls,psu_fact,The Last of Us Part II ถ้าจะไฟฉายต้องกดอะไร,The Last of Us Part II ปุ่มที่ตรงกับคำถาม: PlayStation / PS5 • R3 (Click Right Stick): ไฟฉาย - กดคลิกลงไปตรง ๆ เพื่อเปิดหรือปิดไฟฉายเมื่อต้องลุยในตึกร้างหรือพื้นที่มืดสนิท แหล่งข้อมูล: https://gameinputdatabase.com/game/16,pipeline:structured_game_controls,games/game_control_lookup,100.0,True,0.4475,0,,,
MB-1033-GC-329,game_controls,psu_fact,The Legend of Zelda ใช้จอยยังไง,The Legend of Zelda: Breath of the Wild มีข้อมูลปุ่มควบคุมดังนี้: Nintendo Switch • L (Left Stick): เคลื่อนที่ / เดินสไลด์ข้าง - บังคับการเดิน หรือเดินสไลด์หลบเมื่อกดล็อกเป้าหมาย • L3 (Click Left Stick): ย่อตัว - ย่อตัวเพื่อลอบเร้นหรือลดเสียงฝีเท้า • R (Right Stick): มุมกล้อง - ปรับมุมมองกล้องรอบตัวลิงก์ • R3 (Click Right Stick): กล้องส่องทางไกล - ส่องดูศัตรูหรือสถานที่ในระยะไกลและปักหมุดแผนที่ได้ • A: ปัดป้อง - กดปัดป้องการโจมตีเมื่อกางโล่และล็อกเป้าหมายอยู่ • B: เก็บอาวุธ / วิ่งเร็ว - กดเก็บอาวุธ หรือกดค้างเพื่อวิ่งโดยใช้หลอดสตามิน่า • X: กระโดด / หลบหลีก - กระโดดข้ามสิ่งกีดขวาง หรือกระโดดหลบเมื่อล็อกเป้าศัตรู • Y: โจมตี - ใช้อาวุธหลักโจมตีศัตรู • D-Pad Up: เปลี่ยนรูน - เลือกเปลี่ยนอุปกรณ์,pipeline:structured_game_controls,games/game_control_lookup,100.0,True,0.4337,0,,,
MB-1034-GC-330,game_controls,psu_fact,ปุ่มของ The Legend of Zelda มีอะไรบ้าง,The Legend of Zelda: Breath of the Wild ปุ่มที่ตรงกับคำถาม: Nintendo Switch • D-Pad Left / Right: เปลี่ยนอุปกรณ์สวมใส่ - เปลี่ยนอาวุธ โล่ และธนูแบบรวดเร็วโดยไม่ต้องเข้าเมนูหลัก แหล่งข้อมูล: https://gameinputdatabase.com/game/31,pipeline:structured_game_controls,games/game_control_lookup,100.0,True,0.629,0,,,
MB-1035-GC-331,game_controls,psu_fact,The Legend of Zelda ถ้าจะเคลื่อนที่ / เดินสไลด์ข้างต้องกดอะไร,The Legend of Zelda: Breath of the Wild ปุ่มที่ตรงกับคำถาม: Nintendo Switch • L (Left Stick): เคลื่อนที่ / เดินสไลด์ข้าง - บังคับการเดิน หรือเดินสไลด์หลบเมื่อกดล็อกเป้าหมาย • D-Pad Left / Right: เปลี่ยนอุปกรณ์สวมใส่ - เปลี่ยนอาวุธ โล่ และธนูแบบรวดเร็วโดยไม่ต้องเข้าเมนูหลัก • - (Minus): แผนที่ - เปิดแผนที่ชีคาห์เพื่อดูเส้นทาง แหล่งข้อมูล: https://gameinputdatabase.com/game/31,pipeline:structured_game_controls,games/game_control_lookup,100.0,True,1.0728,0,,,
MB-1036-GC-332,game_controls,psu_fact,The Legend of Zelda ถ้าจะย่อตัวต้องกดอะไร,The Legend of Zelda: Breath of the Wild ปุ่มที่ตรงกับคำถาม: Nintendo Switch • L3 (Click Left Stick): ย่อตัว - ย่อตัวเพื่อลอบเร้นหรือลดเสียงฝีเท้า • D-Pad Left / Right: เปลี่ยนอุปกรณ์สวมใส่ - เปลี่ยนอาวุธ โล่ และธนูแบบรวดเร็วโดยไม่ต้องเข้าเมนูหลัก แหล่งข้อมูล: https://gameinputdatabase.com/game/31,pipeline:structured_game_controls,games/game_control_lookup,100.0,True,0.5383,0,,,
MB-1037-GC-333,game_controls,psu_fact,The Legend of Zelda ถ้าจะมุมกล้องต้องกดอะไร,The Legend of Zelda: Breath of the Wild ปุ่มที่ตรงกับคำถาม: Nintendo Switch • R (Right Stick): มุมกล้อง - ปรับมุมมองกล้องรอบตัวลิงก์ • R3 (Click Right Stick): กล้องส่องทางไกล - ส่องดูศัตรูหรือสถานที่ในระยะไกลและปักหมุดแผนที่ได้ • D-Pad Left / Right: เปลี่ยนอุปกรณ์สวมใส่ - เปลี่ยนอาวุธ โล่ และธนูแบบรวดเร็วโดยไม่ต้องเข้าเมนูหลัก แหล่งข้อมูล: https://gameinputdatabase.com/game/31,pipeline:structured_game_controls,games/game_control_lookup,100.0,True,0.6338,0,,,
MB-1038-GC-334,game_controls,psu_fact,The Legend of Zelda ถ้าจะกล้องส่องทางไกลต้องกดอะไร,The Legend of Zelda: Breath of the Wild ปุ่มที่ตรงกับคำถาม: Nintendo Switch • R (Right Stick): มุมกล้อง - ปรับมุมมองกล้องรอบตัวลิงก์ • R3 (Click Right Stick): กล้องส่องทางไกล - ส่องดูศัตรูหรือสถานที่ในระยะไกลและปักหมุดแผนที่ได้ • D-Pad Left / Right: เปลี่ยนอุปกรณ์สวมใส่ - เปลี่ยนอาวุธ โล่ และธนูแบบรวดเร็วโดยไม่ต้องเข้าเมนูหลัก แหล่งข้อมูล: https://gameinputdatabase.com/game/31,pipeline:structured_game_controls,games/game_control_lookup,100.0,True,0.8232,0,,,
MB-1039-GC-335,game_controls,psu_fact,Uncharted ใช้จอยยังไง,Uncharted: Legacy of Thieves Collection มีข้อมูลปุ่มควบคุมดังนี้: PlayStation / PS5 • L (Left Stick): เคลื่อนที่ - บังคับทิศทางการเดิน การวิ่ง ของตัวละคร หรือใช้ควบคุมทิศทางพวงมาลัยเมื่อขับรถ • L3 (Click Left Stick): มาร์กตำแหน่งศัตรู - กดคลิกลงไปเพื่อล็อกเป้าหมายและทำเครื่องหมายหัวศัตรู ช่วยให้มองเห็นตำแหน่งได้ง่ายขึ้น • R (Right Stick): มุมกล้อง - หมุนอนาล็อกเพื่อหันมุมมองกล้อง กวาดสายตา หรือใช้ควบคุมเป้าเล็งปืน • R3 (Click Right Stick): ซูมกล้องเล็ง - กดคลิกลงไปในขณะเล็งปืนสไนเปอร์เพื่อส่องกล้องซูมขยายระยะมองเห็นให้ชัดขึ้น • L2: เล็งเป้า / เบรกรถ - กดค้างเพื่อยกปืนขึ้นเล็ง หรือใช้เป็นปุ่มเหยียบเบรกชะลอความเร็ว/ถอยหลังเมื่อขับรถ • L1: ใช้เชือกสลิง / โหนสลิง - กดโยนเชือกตะขอเกี่ยวเพื่อโหนตั,pipeline:structured_game_controls,games/game_control_lookup,100.0,True,0.3074,0,,,
MB-1040-GC-336,game_controls,psu_fact,ปุ่มของ Uncharted มีอะไรบ้าง,Uncharted: Legacy of Thieves Collection มีข้อมูลปุ่มควบคุมดังนี้: PlayStation / PS5 • L (Left Stick): เคลื่อนที่ - บังคับทิศทางการเดิน การวิ่ง ของตัวละคร หรือใช้ควบคุมทิศทางพวงมาลัยเมื่อขับรถ • L3 (Click Left Stick): มาร์กตำแหน่งศัตรู - กดคลิกลงไปเพื่อล็อกเป้าหมายและทำเครื่องหมายหัวศัตรู ช่วยให้มองเห็นตำแหน่งได้ง่ายขึ้น • R (Right Stick): มุมกล้อง - หมุนอนาล็อกเพื่อหันมุมมองกล้อง กวาดสายตา หรือใช้ควบคุมเป้าเล็งปืน • R3 (Click Right Stick): ซูมกล้องเล็ง - กดคลิกลงไปในขณะเล็งปืนสไนเปอร์เพื่อส่องกล้องซูมขยายระยะมองเห็นให้ชัดขึ้น • L2: เล็งเป้า / เบรกรถ - กดค้างเพื่อยกปืนขึ้นเล็ง หรือใช้เป็นปุ่มเหยียบเบรกชะลอความเร็ว/ถอยหลังเมื่อขับรถ • L1: ใช้เชือกสลิง / โหนสลิง - กดโยนเชือกตะขอเกี่ยวเพื่อโหนตั,pipeline:structured_game_controls,games/game_control_lookup,100.0,True,0.4475,0,,,
MB-1041-GC-337,game_controls,psu_fact,Uncharted ถ้าจะเคลื่อนที่ต้องกดอะไร,Uncharted: Legacy of Thieves Collection ปุ่มที่ตรงกับคำถาม: PlayStation / PS5 • L (Left Stick): เคลื่อนที่ - บังคับทิศทางการเดิน การวิ่ง ของตัวละคร หรือใช้ควบคุมทิศทางพวงมาลัยเมื่อขับรถ แหล่งข้อมูล: https://gameaccess.info/uncharted-4-a-thiefs-end-controls-walkthrough/,pipeline:structured_game_controls,games/game_control_lookup,100.0,True,0.4839,0,,,
MB-1042-GC-338,game_controls,psu_fact,Uncharted ถ้าจะมาร์กตำแหน่งศัตรูต้องกดอะไร,Uncharted: Legacy of Thieves Collection ปุ่มที่ตรงกับคำถาม: PlayStation / PS5 • L3 (Click Left Stick): มาร์กตำแหน่งศัตรู - กดคลิกลงไปเพื่อล็อกเป้าหมายและทำเครื่องหมายหัวศัตรู ช่วยให้มองเห็นตำแหน่งได้ง่ายขึ้น • D-Pad Down: ตรวจสอบตำแหน่งรถ - กดเพื่อสแกนหรือระบุตำแหน่งพิกัดของยานพาหนะ (เช่น รถจี๊ป) ว่าจอดอยู่ตรงไหนของแผนที่ แหล่งข้อมูล: https://gameaccess.info/uncharted-4-a-thiefs-end-controls-walkthrough/,pipeline:structured_game_controls,games/game_control_lookup,100.0,True,0.6861,0,,,
MB-1043-GC-339,game_controls,psu_fact,Uncharted ถ้าจะมุมกล้องต้องกดอะไร,Uncharted: Legacy of Thieves Collection ปุ่มที่ตรงกับคำถาม: PlayStation / PS5 • R (Right Stick): มุมกล้อง - หมุนอนาล็อกเพื่อหันมุมมองกล้อง กวาดสายตา หรือใช้ควบคุมเป้าเล็งปืน • R3 (Click Right Stick): ซูมกล้องเล็ง - กดคลิกลงไปในขณะเล็งปืนสไนเปอร์เพื่อส่องกล้องซูมขยายระยะมองเห็นให้ชัดขึ้น • Cross: กระโดด / ปีนป่าย / สลับมุมกล้อง - ใช้กระโดดข้ามฝั่งหรือเกาะปีนหน้าผา หากกดในตอนเล็งปืนอยู่จะเป็นการสลับมุมกล้องข้ามไหล่ซ้าย-ขวา แหล่งข้อมูล: https://gameaccess.info/uncharted-4-a-thiefs-end-controls-walkthrough/,pipeline:structured_game_controls,games/game_control_lookup,100.0,True,0.3881,0,,,
MB-1044-GC-340,game_controls,psu_fact,Uncharted ถ้าจะซูมกล้องเล็งต้องกดอะไร,Uncharted: Legacy of Thieves Collection ปุ่มที่ตรงกับคำถาม: PlayStation / PS5 • R (Right Stick): มุมกล้อง - หมุนอนาล็อกเพื่อหันมุมมองกล้อง กวาดสายตา หรือใช้ควบคุมเป้าเล็งปืน • R3 (Click Right Stick): ซูมกล้องเล็ง - กดคลิกลงไปในขณะเล็งปืนสไนเปอร์เพื่อส่องกล้องซูมขยายระยะมองเห็นให้ชัดขึ้น • L2: เล็งเป้า / เบรกรถ - กดค้างเพื่อยกปืนขึ้นเล็ง หรือใช้เป็นปุ่มเหยียบเบรกชะลอความเร็ว/ถอยหลังเมื่อขับรถ • Cross: กระโดด / ปีนป่าย / สลับมุมกล้อง - ใช้กระโดดข้ามฝั่งหรือเกาะปีนหน้าผา หากกดในตอนเล็งปืนอยู่จะเป็นการสลับมุมกล้องข้ามไหล่ซ้าย-ขวา แหล่งข้อมูล: https://gameaccess.info/uncharted-4-a-thiefs-end-controls-walkthrough/,pipeline:structured_game_controls,games/game_control_lookup,100.0,True,0.4162,0,,,
MB-1045-GC-341,game_controls,psu_fact,ปุ่มของ VALORANT มีอะไรบ้าง,"VALORANT มีข้อมูลปุ่มควบคุมดังนี้: PC • W / A / S / D: เคลื่อนที่ - W เดินหน้า, A ไปซ้าย, S ถอยหลัง, D ไปขวา • Left Shift: เดินช้า - ใช้เดินเงียบหรือเดินแบบควบคุมเสียง • Space Bar: กระโดด - กระโดด • Left Ctrl: ย่อตัว - ย่อตัวเพื่อลดระดับตัวละคร • Left Mouse Button: ยิง - ยิงอาวุธหลัก • Right Mouse Button: ยิง/เล็งแบบรอง - ใช้งานโหมดรองของอาวุธหรือเล็งตามชนิดอาวุธ • R: รีโหลด - เปลี่ยนกระสุน • 1 / 2 / 3: เลือกอาวุธ - 1 อาวุธหลัก, 2 อาวุธรอง, 3 อาวุธระยะประชิด • 4: หยิบ/ใช้ Spike - ใช้กับ Spike เช่น วางหรือกู้ตามสถานการณ์ • Q / E / C / X: ใช้สกิล Agent - Q/E/C คือสกิลทั่วไป และ X คือ Ultimate • F: โต้ตอบกับวัตถุ - ใช้โต้ตอบกับวัตถุในเกม • B: เปิดร้านซื้ออาวุธ - เปิดหน้า Armory ในช่วงซื้อของ • ",pipeline:structured_game_controls,games/game_control_lookup,100.0,True,0.3364,0,,,
MB-1046-GC-342,game_controls,psu_fact,VALORANT ถ้าจะเคลื่อนที่ต้องกดอะไร,"VALORANT ปุ่มที่ตรงกับคำถาม: PC • W / A / S / D: เคลื่อนที่ - W เดินหน้า, A ไปซ้าย, S ถอยหลัง, D ไปขวา • M: เปิดแผนที่ - เปิด/ปิดแผนที่ แหล่งข้อมูล: https://www.shacknews.com/article/117434/valorant-pc-controls-and-keybindings",pipeline:structured_game_controls,games/game_control_lookup,100.0,True,0.4881,0,,,
MB-1047-GC-343,game_controls,psu_fact,VALORANT ถ้าจะเดินช้าต้องกดอะไร,VALORANT ปุ่มที่ตรงกับคำถาม: PC • Left Shift: เดินช้า - ใช้เดินเงียบหรือเดินแบบควบคุมเสียง แหล่งข้อมูล: https://www.shacknews.com/article/117434/valorant-pc-controls-and-keybindings,pipeline:structured_game_controls,games/game_control_lookup,100.0,True,0.4331,0,,,
MB-1048-GC-344,game_controls,psu_fact,VALORANT ถ้าจะกระโดดต้องกดอะไร,VALORANT ปุ่มที่ตรงกับคำถาม: PC • Space Bar: กระโดด - กระโดด แหล่งข้อมูล: https://www.shacknews.com/article/117434/valorant-pc-controls-and-keybindings,pipeline:structured_game_controls,games/game_control_lookup,100.0,True,0.4684,0,,,
MB-1049-GC-345,game_controls,psu_fact,VALORANT ถ้าจะย่อตัวต้องกดอะไร,VALORANT ปุ่มที่ตรงกับคำถาม: PC • Left Ctrl: ย่อตัว - ย่อตัวเพื่อลดระดับตัวละคร แหล่งข้อมูล: https://www.shacknews.com/article/117434/valorant-pc-controls-and-keybindings,pipeline:structured_game_controls,games/game_control_lookup,100.0,True,0.3706,0,,,
