id,group,quality_bucket,question,answer_preview,mode,route,score,passed,wall_sec,llm_call_count,llm_kinds,errors,warnings
MB-1326-GL-001,general_llm,general_llm,อธิบายคำว่า latency ในระบบคอมพิวเตอร์แบบสั้น ๆ,Latency คือเวลาที่ใช้ในการตอบสนองระหว่างการสั่งงานกับผลลัพธ์ในระบบคอมพิวเตอร์ครับ หมายเหตุ: คำตอบนี้เป็นความรู้ทั่วไปของโมเดล ไม่ได้อ้างอิงจากฐานข้อมูล PSU Esports Studio - Phuket,pipeline:general_llm_fallback,general/detail,100.0,True,2.0363,1,general_llm,,
MB-1327-GL-002,general_llm,general_llm,เฟรมเรตกับความละเอียดต่างกันยังไง,คำตอบ: เฟรมเรตคือจำนวนเฟรมต่อวินาที ส่วนความละเอียดคือขนาดภาพครับ ข้อดี: เฟรมเรตสูงทำให้เคลื่อนไหวลื่นไหลมากขึ้นครับ ข้อเสีย: ความละเอียดสูงใช้หน่วยความจำมากกว่าครับ หมายเหตุ: คำตอบนี้เป็นความรู้ทั่วไปของโมเดล ไม่ได้อ้างอิงจากฐานข้อมูล PSU Esports Studio - Phuket,pipeline:general_llm_fallback,general/detail,100.0,True,2.7585,1,general_llm,,
MB-1328-GL-003,general_llm,general_llm,API คืออะไร,API คือ Application Programming Interface ซึ่งช่วยให้โปรแกรมต่าง ๆ สื่อสารกันได้ครับ หมายเหตุ: คำตอบนี้เป็นความรู้ทั่วไปของโมเดล ไม่ได้อ้างอิงจากฐานข้อมูล PSU Esports Studio - Phuket,pipeline:general_llm_fallback,general/general_knowledge_query,100.0,True,1.4262,1,general_llm,,
MB-1329-GL-004,general_llm,general_llm,JSON คืออะไร,JSON คือภาษาโปรแกรมสำหรับจัดเก็บและแลกเปลี่ยนข้อมูลในรูปแบบโครงสร้างข้อมูลครับ หมายเหตุ: คำตอบนี้เป็นความรู้ทั่วไปของโมเดล ไม่ได้อ้างอิงจากฐานข้อมูล PSU Esports Studio - Phuket,pipeline:general_llm_fallback,general/general_knowledge_query,100.0,True,1.4826,1,general_llm,,
MB-1330-GL-005,general_llm,general_llm,ช่วยสรุปวิธีพูดขอบคุณแบบสุภาพ 2 ประโยค,ขอบคุณสำหรับความช่วยเหลืออย่างยิ่งครับ ขอแสดงความชื่นชมและขอบคุณอีกครั้งครับ หมายเหตุ: คำตอบนี้เป็นความรู้ทั่วไปของโมเดล ไม่ได้อ้างอิงจากฐานข้อมูล PSU Esports Studio - Phuket,pipeline:general_llm_fallback,general/general_knowledge_query,100.0,True,1.7479,1,general_llm,,
MB-1331-GL-006,general_llm,general_llm,แปลคำว่า reservation เป็นภาษาไทย,การจองครับ หมายเหตุ: คำตอบนี้เป็นความรู้ทั่วไปของโมเดล ไม่ได้อ้างอิงจากฐานข้อมูล PSU Esports Studio - Phuket,pipeline:general_llm_fallback,general/detail,100.0,True,1.0048,1,general_llm,,
MB-1332-GL-007,general_llm,general_llm,เขียนประโยคประชาสัมพันธ์กิจกรรมแบบสุภาพหนึ่งประโยค,ขอเชิญร่วมกิจกรรมเพื่อสร้างสรรค์ความสุขและแบ่งปันพลังใจร่วมกันครับ หมายเหตุ: คำตอบนี้เป็นความรู้ทั่วไปของโมเดล ไม่ได้อ้างอิงจากฐานข้อมูล PSU Esports Studio - Phuket,pipeline:general_llm_fallback,general/detail,100.0,True,1.7451,1,general_llm,,
MB-1333-GL-008,general_llm,general_llm,คีย์บอร์ด mechanical คืออะไรแบบสั้น,คีย์บอร์ด mechanical คือ คีย์บอร์ดที่ใช้กลไกภายในแต่ละปุ่มแทนระบบแม่เหล็กหรือไฟฟ้าครับ หมายเหตุ: คำตอบนี้เป็นความรู้ทั่วไปของโมเดล ไม่ได้อ้างอิงจากฐานข้อมูล PSU Esports Studio - Phuket,pipeline:general_llm_fallback,general/detail,100.0,True,1.9768,1,general_llm,,
MB-1334-GL-009,general_llm,general_llm,GPU คืออะไรแบบเข้าใจง่าย,GPU คือชิปประมวลผลกราฟิก ใช้จัดการภาพและเกมได้ดีครับ หมายเหตุ: คำตอบนี้เป็นความรู้ทั่วไปของโมเดล ไม่ได้อ้างอิงจากฐานข้อมูล PSU Esports Studio - Phuket,pipeline:general_llm_fallback,general/general_knowledge_query,100.0,True,1.4897,1,general_llm,,
MB-1335-GL-010,general_llm,general_llm,server กับ client ต่างกันยังไง,คำตอบ: Server เป็นเซิร์ฟเวอร์ จัดการข้อมูลให้ Client ใช้งานครับ ข้อดี: เซิร์ฟเวอร์จัดเก็บข้อมูลใหญ่และปลอดภัยมากครับ ข้อเสีย: ต้องใช้โครงสร้างพื้นฐานที่แข็งแรงและต้นทุนสูงครับ หมายเหตุ: คำตอบนี้เป็นความรู้ทั่วไปของโมเดล ไม่ได้อ้างอิงจากฐานข้อมูล PSU Esports Studio - Phuket,pipeline:general_llm_fallback,general/detail,100.0,True,2.9226,1,general_llm,,
MB-1336-GL-011,general_llm,general_llm,อธิบายคำว่า latency ในระบบคอมพิวเตอร์แบบสั้น ๆ ตอบสั้น ๆ,Latency คือเวลาที่ใช้ในการตอบสนองระหว่างการสั่งงานกับผลลัพธ์ครับ หมายเหตุ: คำตอบนี้เป็นความรู้ทั่วไปของโมเดล ไม่ได้อ้างอิงจากฐานข้อมูล PSU Esports Studio - Phuket,pipeline:general_llm_fallback,general/detail,100.0,True,1.618,1,general_llm,,
MB-1337-GL-012,general_llm,general_llm,เฟรมเรตกับความละเอียดต่างกันยังไง ตอบสั้น ๆ,คำตอบ: เฟรมเรตคือจำนวนเฟรมต่อวินาที ส่วนความละเอียดคือขนาดภาพครับ ข้อดี: เฟรมเรตสูงทำให้เคลื่อนไหวลื่นไหลมากขึ้นครับ ข้อเสีย: ความละเอียดสูงใช้หน่วยความจำมากกว่าครับ หมายเหตุ: คำตอบนี้เป็นความรู้ทั่วไปของโมเดล ไม่ได้อ้างอิงจากฐานข้อมูล PSU Esports Studio - Phuket,pipeline:general_llm_fallback,general/detail,100.0,True,2.7682,1,general_llm,,
MB-1338-GL-013,general_llm,general_llm,API คืออะไร ตอบสั้น ๆ,API คือ Application Programming Interface ซึ่งเป็นช่องทางให้โปรแกรมต่าง ๆ สื่อสารกันได้ครับ หมายเหตุ: คำตอบนี้เป็นความรู้ทั่วไปของโมเดล ไม่ได้อ้างอิงจากฐานข้อมูล PSU Esports Studio - Phuket,pipeline:general_llm_fallback,general/general_knowledge_query,100.0,True,1.5082,1,general_llm,,
MB-1339-GL-014,general_llm,general_llm,JSON คืออะไร ตอบสั้น ๆ,JSON คือภาษาโปรแกรมสำหรับจัดเก็บข้อมูลในรูปแบบโครงสร้างข้อมูลแบบพิมพ์ได้ครับ หมายเหตุ: คำตอบนี้เป็นความรู้ทั่วไปของโมเดล ไม่ได้อ้างอิงจากฐานข้อมูล PSU Esports Studio - Phuket,pipeline:general_llm_fallback,general/general_knowledge_query,100.0,True,1.5436,1,general_llm,,
MB-1340-GL-015,general_llm,general_llm,ช่วยสรุปวิธีพูดขอบคุณแบบสุภาพ 2 ประโยค ตอบสั้น ๆ,ขอบคุณสำหรับความช่วยเหลืออย่างยิ่งครับ ขอแสดงความชื่นชมและขอบคุณอีกครั้งครับ หมายเหตุ: คำตอบนี้เป็นความรู้ทั่วไปของโมเดล ไม่ได้อ้างอิงจากฐานข้อมูล PSU Esports Studio - Phuket,pipeline:general_llm_fallback,general/general_knowledge_query,100.0,True,1.8933,1,general_llm,,
MB-1341-GL-016,general_llm,general_llm,แปลคำว่า reservation เป็นภาษาไทย ตอบสั้น ๆ,การจองครับ หมายเหตุ: คำตอบนี้เป็นความรู้ทั่วไปของโมเดล ไม่ได้อ้างอิงจากฐานข้อมูล PSU Esports Studio - Phuket,pipeline:general_llm_fallback,general/detail,100.0,True,1.0264,1,general_llm,,
MB-1342-GL-017,general_llm,general_llm,เขียนประโยคประชาสัมพันธ์กิจกรรมแบบสุภาพหนึ่งประโยค ตอบสั้น ๆ,ขอเชิญร่วมกิจกรรมพิเศษเพื่อสร้างสรรค์ความสนุกสนานและแบ่งปันประสบการณ์ร่วมกันครับ หมายเหตุ: คำตอบนี้เป็นความรู้ทั่วไปของโมเดล ไม่ได้อ้างอิงจากฐานข้อมูล PSU Esports Studio - Phuket,pipeline:general_llm_fallback,general/detail,100.0,True,1.9448,1,general_llm,,
MB-1343-GL-018,general_llm,general_llm,คีย์บอร์ด mechanical คืออะไรแบบสั้น ตอบสั้น ๆ,คีย์บอร์ด mechanical คือ คีย์บอร์ดที่ใช้ปุ่มกดแบบกลไก โดยแต่ละคีย์มีชิ้นส่วนกลไกภายในเพื่อให้ตอบสนองเร็วและแม่นยำครับ หมายเหตุ: คำตอบนี้เป็นความรู้ทั่วไปของโมเดล ไม่ได้อ้างอิงจากฐานข้อมูล PSU Esports Studio - Phuket,pipeline:general_llm_fallback,general/detail,100.0,True,2.4911,1,general_llm,,
MB-1344-GL-019,general_llm,general_llm,GPU คืออะไรแบบเข้าใจง่าย ตอบสั้น ๆ,GPU คือชิปประมวลผลกราฟิก ใช้แสดงภาพบนหน้าจอได้ดีครับ หมายเหตุ: คำตอบนี้เป็นความรู้ทั่วไปของโมเดล ไม่ได้อ้างอิงจากฐานข้อมูล PSU Esports Studio - Phuket,pipeline:general_llm_fallback,general/general_knowledge_query,100.0,True,1.446,1,general_llm,,
MB-1345-GL-020,general_llm,general_llm,server กับ client ต่างกันยังไง ตอบสั้น ๆ,คำตอบ: Server เป็นเซิร์ฟเวอร์ จัดการข้อมูลให้ Client ข้อดี: จัดการข้อมูลได้ดี มีความเสถียร ข้อเสีย: ต้องใช้งานโครงสร้างพื้นฐานรองรับครับ หมายเหตุ: คำตอบนี้เป็นความรู้ทั่วไปของโมเดล ไม่ได้อ้างอิงจากฐานข้อมูล PSU Esports Studio - Phuket,pipeline:general_llm_fallback,general/detail,100.0,True,2.5214,1,general_llm,,
MB-1346-GL-021,general_llm,general_llm,อธิบายคำว่า latency ในระบบคอมพิวเตอร์แบบสั้น ๆ ขอแบบเข้าใจง่าย,Latency คือเวลาที่ใช้ระหว่างสั่งงานกับได้รับผลลัพธ์กลับมาครับ หมายเหตุ: คำตอบนี้เป็นความรู้ทั่วไปของโมเดล ไม่ได้อ้างอิงจากฐานข้อมูล PSU Esports Studio - Phuket,pipeline:general_llm_fallback,general/detail,100.0,True,1.7173,1,general_llm,,
MB-1347-GL-022,general_llm,general_llm,เฟรมเรตกับความละเอียดต่างกันยังไง ขอแบบเข้าใจง่าย,คำตอบ: เฟรมเรตคือจำนวนเฟรมต่อวินาที ความละเอียดคือขนาดภาพครับ ข้อดี: เฟรมเรตสูงทำให้เคลื่อนไหวลื่นไหลมากขึ้นครับ ข้อเสีย: ความละเอียดสูงใช้หน่วยความจำมากกว่าครับ หมายเหตุ: คำตอบนี้เป็นความรู้ทั่วไปของโมเดล ไม่ได้อ้างอิงจากฐานข้อมูล PSU Esports Studio - Phuket,pipeline:general_llm_fallback,general/detail,100.0,True,2.8359,1,general_llm,,
MB-1348-GL-023,general_llm,general_llm,API คืออะไร ขอแบบเข้าใจง่าย,API คือช่องทางที่แอปหรือเว็บหนึ่งสามารถสื่อสารกับอีกตัวหนึ่งได้โดยตรงครับ หมายเหตุ: คำตอบนี้เป็นความรู้ทั่วไปของโมเดล ไม่ได้อ้างอิงจากฐานข้อมูล PSU Esports Studio - Phuket,pipeline:general_llm_fallback,general/general_knowledge_query,100.0,True,1.7628,1,general_llm,,
MB-1349-GL-024,general_llm,general_llm,JSON คืออะไร ขอแบบเข้าใจง่าย,JSON คือภาษาเขียนข้อมูลแบบโครงสร้างชัดเจน ใช้ในโปรแกรมและเว็บไซต์ได้ง่ายครับ หมายเหตุ: คำตอบนี้เป็นความรู้ทั่วไปของโมเดล ไม่ได้อ้างอิงจากฐานข้อมูล PSU Esports Studio - Phuket,pipeline:general_llm_fallback,general/general_knowledge_query,100.0,True,1.5587,1,general_llm,,
MB-1350-GL-025,general_llm,general_llm,ช่วยสรุปวิธีพูดขอบคุณแบบสุภาพ 2 ประโยค ขอแบบเข้าใจง่าย,ขอบคุณสำหรับความช่วยเหลือเสมอครับ ขอบคุณจริง ๆ ที่ให้โอกาสได้ร่วมงานครับ หมายเหตุ: คำตอบนี้เป็นความรู้ทั่วไปของโมเดล ไม่ได้อ้างอิงจากฐานข้อมูล PSU Esports Studio - Phuket,pipeline:general_llm_fallback,general/general_knowledge_query,100.0,True,1.7059,1,general_llm,,
MB-1351-GL-026,general_llm,general_llm,แปลคำว่า reservation เป็นภาษาไทย ขอแบบเข้าใจง่าย,การจองครับ หมายเหตุ: คำตอบนี้เป็นความรู้ทั่วไปของโมเดล ไม่ได้อ้างอิงจากฐานข้อมูล PSU Esports Studio - Phuket,pipeline:general_llm_fallback,general/detail,100.0,True,1.0537,1,general_llm,,
MB-1352-GL-027,general_llm,general_llm,เขียนประโยคประชาสัมพันธ์กิจกรรมแบบสุภาพหนึ่งประโยค ขอแบบเข้าใจง่าย,มีกิจกรรมสนุก ๆ เตรียมไว้ให้คุณแล้วครับ หมายเหตุ: คำตอบนี้เป็นความรู้ทั่วไปของโมเดล ไม่ได้อ้างอิงจากฐานข้อมูล PSU Esports Studio - Phuket,pipeline:general_llm_fallback,general/detail,100.0,True,1.4979,1,general_llm,,
MB-1353-GL-028,general_llm,general_llm,คีย์บอร์ด mechanical คืออะไรแบบสั้น ขอแบบเข้าใจง่าย,คีย์บอร์ด mechanical คือคีย์บอร์ดที่แต่ละปุ่มใช้กลไกภายในเหมือนลูกศรขับเคลื่อนโดยตรงครับ หมายเหตุ: คำตอบนี้เป็นความรู้ทั่วไปของโมเดล ไม่ได้อ้างอิงจากฐานข้อมูล PSU Esports Studio - Phuket,pipeline:general_llm_fallback,general/detail,100.0,True,2.0545,1,general_llm,,
MB-1354-GL-029,general_llm,general_llm,GPU คืออะไรแบบเข้าใจง่าย ขอแบบเข้าใจง่าย,GPU คือชิปประมวลผลกราฟิก ใช้จัดการภาพและเกมให้ไหลลื่นครับ หมายเหตุ: คำตอบนี้เป็นความรู้ทั่วไปของโมเดล ไม่ได้อ้างอิงจากฐานข้อมูล PSU Esports Studio - Phuket,pipeline:general_llm_fallback,general/general_knowledge_query,100.0,True,1.5508,1,general_llm,,
MB-1355-GL-030,general_llm,general_llm,server กับ client ต่างกันยังไง ขอแบบเข้าใจง่าย,คำตอบ: Server เป็นเซิร์ฟเวอร์ จัดการข้อมูลให้ Client ข้อดี: เซิร์ฟเวอร์จัดเก็บข้อมูลใหญ่ได้ดีครับ ข้อเสีย: Client ต้องเชื่อมต่อตลอดเวลาครับ หมายเหตุ: คำตอบนี้เป็นความรู้ทั่วไปของโมเดล ไม่ได้อ้างอิงจากฐานข้อมูล PSU Esports Studio - Phuket,pipeline:general_llm_fallback,general/detail,100.0,True,2.6233,1,general_llm,,
MB-1356-GL-031,general_llm,general_llm,อธิบายคำว่า latency ในระบบคอมพิวเตอร์แบบสั้น ๆ ตอบเป็นภาษาไทย,Latency คือเวลาที่ใช้ในการตอบสนองระหว่างการส่งคำสั่งกับการได้รับผลลัพธ์ครับ หมายเหตุ: คำตอบนี้เป็นความรู้ทั่วไปของโมเดล ไม่ได้อ้างอิงจากฐานข้อมูล PSU Esports Studio - Phuket,pipeline:general_llm_fallback,general/detail,100.0,True,1.7729,1,general_llm,,
MB-1357-GL-032,general_llm,general_llm,เฟรมเรตกับความละเอียดต่างกันยังไง ตอบเป็นภาษาไทย,คำตอบ: เฟรมเรตคือจำนวนเฟรมต่อวินาที ความละเอียดคือขนาดภาพครับ ข้อดี: เฟรมเรตสูงทำให้เคลื่อนไหวลื่นไหลมากขึ้นครับ ข้อเสีย: ความละเอียดสูงใช้หน่วยความจำมากกว่าครับ หมายเหตุ: คำตอบนี้เป็นความรู้ทั่วไปของโมเดล ไม่ได้อ้างอิงจากฐานข้อมูล PSU Esports Studio - Phuket,pipeline:general_llm_fallback,general/detail,100.0,True,2.818,1,general_llm,,
MB-1358-GL-033,general_llm,general_llm,API คืออะไร ตอบเป็นภาษาไทย,API คือ Application Programming Interface ซึ่งช่วยให้โปรแกรมต่าง ๆ สื่อสารกันได้ครับ หมายเหตุ: คำตอบนี้เป็นความรู้ทั่วไปของโมเดล ไม่ได้อ้างอิงจากฐานข้อมูล PSU Esports Studio - Phuket,pipeline:general_llm_fallback,general/general_knowledge_query,100.0,True,1.4617,1,general_llm,,
MB-1359-GL-034,general_llm,general_llm,JSON คืออะไร ตอบเป็นภาษาไทย,JSON คือภาษาโปรแกรมสำหรับจัดเก็บข้อมูลในรูปแบบโครงสร้างข้อมูลที่เข้าใจง่ายครับ หมายเหตุ: คำตอบนี้เป็นความรู้ทั่วไปของโมเดล ไม่ได้อ้างอิงจากฐานข้อมูล PSU Esports Studio - Phuket,pipeline:general_llm_fallback,general/general_knowledge_query,100.0,True,1.6564,1,general_llm,,
MB-1360-GL-035,general_llm,general_llm,ช่วยสรุปวิธีพูดขอบคุณแบบสุภาพ 2 ประโยค ตอบเป็นภาษาไทย,ขอบคุณสำหรับความช่วยเหลือและคำแนะนำที่ให้มาอย่างจริงใจครับ ขอแสดงความชื่นชมและความขอบคุณอีกครั้งครับ หมายเหตุ: คำตอบนี้เป็นความรู้ทั่วไปของโมเดล ไม่ได้อ้างอิงจากฐานข้อมูล PSU Esports Studio - Phuket,pipeline:general_llm_fallback,general/general_knowledge_query,100.0,True,1.9523,1,general_llm,,
MB-1361-GL-036,general_llm,general_llm,แปลคำว่า reservation เป็นภาษาไทย ตอบเป็นภาษาไทย,การจองครับ หมายเหตุ: คำตอบนี้เป็นความรู้ทั่วไปของโมเดล ไม่ได้อ้างอิงจากฐานข้อมูล PSU Esports Studio - Phuket,pipeline:general_llm_fallback,general/detail,100.0,True,1.0092,1,general_llm,,
MB-1362-GL-037,general_llm,general_llm,เขียนประโยคประชาสัมพันธ์กิจกรรมแบบสุภาพหนึ่งประโยค ตอบเป็นภาษาไทย,ขอเชิญร่วมกิจกรรมพิเศษเพื่อสร้างสรรค์ความสนุกสนานและแบ่งปันประสบการณ์ร่วมกันครับ หมายเหตุ: คำตอบนี้เป็นความรู้ทั่วไปของโมเดล ไม่ได้อ้างอิงจากฐานข้อมูล PSU Esports Studio - Phuket,pipeline:general_llm_fallback,general/detail,100.0,True,1.9569,1,general_llm,,
MB-1363-GL-038,general_llm,general_llm,คีย์บอร์ด mechanical คืออะไรแบบสั้น ตอบเป็นภาษาไทย,คีย์บอร์ด mechanical เป็นคีย์บอร์ดที่ใช้ปุ่มกดแบบกลไก โดยแต่ละคีย์มีชิ้นส่วนกลไกภายในช่วยให้กดได้แรงและเสียงดังขึ้นครับ หมายเหตุ: คำตอบนี้เป็นความรู้ทั่วไปของโมเดล ไม่ได้อ้างอิงจากฐานข้อมูล PSU Esports Studio - Phuket,pipeline:general_llm_fallback,general/detail,100.0,True,2.5554,1,general_llm,,
MB-1364-GL-039,general_llm,general_llm,GPU คืออะไรแบบเข้าใจง่าย ตอบเป็นภาษาไทย,GPU คือ ชิปประมวลผลกราฟิก ใช้จัดการภาพและเกมบนคอมพิวเตอร์ครับ หมายเหตุ: คำตอบนี้เป็นความรู้ทั่วไปของโมเดล ไม่ได้อ้างอิงจากฐานข้อมูล PSU Esports Studio - Phuket,pipeline:general_llm_fallback,general/general_knowledge_query,100.0,True,1.6279,1,general_llm,,
MB-1365-GL-040,general_llm,general_llm,server กับ client ต่างกันยังไง ตอบเป็นภาษาไทย,คำตอบ: Server เป็นเซิร์ฟเวอร์ ทำหน้าที่จัดการข้อมูลให้ Client ข้อดี: เซิร์ฟเวอร์จัดเก็บข้อมูลได้มากและปลอดภัย ข้อเสีย: ต้องใช้โครงสร้างพื้นฐานรองรับอย่างมีประสิทธิภาพครับ หมายเหตุ: คำตอบนี้เป็นความรู้ทั่วไปของโมเดล ไม่ได้อ้างอิงจากฐานข้อมูล PSU Esports Studio - Phuket,pipeline:general_llm_fallback,general/detail,100.0,True,2.9388,1,general_llm,,
MB-1366-GL-041,general_llm,general_llm,อธิบายคำว่า latency ในระบบคอมพิวเตอร์แบบสั้น ๆ ไม่ต้องยาว,Latency คือเวลาที่ใช้ในการตอบสนองระหว่างการกระทำกับผลลัพธ์ครับ หมายเหตุ: คำตอบนี้เป็นความรู้ทั่วไปของโมเดล ไม่ได้อ้างอิงจากฐานข้อมูล PSU Esports Studio - Phuket,pipeline:general_llm_fallback,general/detail,100.0,True,1.5455,1,general_llm,,
MB-1367-GL-042,general_llm,general_llm,เฟรมเรตกับความละเอียดต่างกันยังไง ไม่ต้องยาว,คำตอบ: เฟรมเรตคือจำนวนเฟรมต่อวินาที ส่วนความละเอียดคือขนาดภาพ ข้อดี: เฟรมเรตสูงทำให้เคลื่อนไหวลื่นไหลมากขึ้นครับ ข้อเสีย: ความละเอียดสูงใช้หน่วยความจำมากกว่าครับ หมายเหตุ: คำตอบนี้เป็นความรู้ทั่วไปของโมเดล ไม่ได้อ้างอิงจากฐานข้อมูล PSU Esports Studio - Phuket,pipeline:general_llm_fallback,general/detail,100.0,True,2.8351,1,general_llm,,
MB-1368-GL-043,general_llm,general_llm,API คืออะไร ไม่ต้องยาว,API คือ Application Programming Interface ซึ่งช่วยให้โปรแกรมต่าง ๆ สื่อสารกันได้ครับ หมายเหตุ: คำตอบนี้เป็นความรู้ทั่วไปของโมเดล ไม่ได้อ้างอิงจากฐานข้อมูล PSU Esports Studio - Phuket,pipeline:general_llm_fallback,general/general_knowledge_query,100.0,True,1.4158,1,general_llm,,
MB-1369-GL-044,general_llm,general_llm,JSON คืออะไร ไม่ต้องยาว,JSON คือภาษาข้อมูลโครงสร้างแบบพิมพ์ง่ายที่ใช้สื่อสารข้อมูลระหว่างระบบต่าง ๆ ครับ หมายเหตุ: คำตอบนี้เป็นความรู้ทั่วไปของโมเดล ไม่ได้อ้างอิงจากฐานข้อมูล PSU Esports Studio - Phuket,pipeline:general_llm_fallback,general/general_knowledge_query,100.0,True,1.6081,1,general_llm,,
MB-1370-GL-045,general_llm,general_llm,ช่วยสรุปวิธีพูดขอบคุณแบบสุภาพ 2 ประโยค ไม่ต้องยาว,ขอบคุณสำหรับความช่วยเหลืออย่างยิ่งครับ ขอแสดงความชื่นชมและขอบคุณอีกครั้งครับ หมายเหตุ: คำตอบนี้เป็นความรู้ทั่วไปของโมเดล ไม่ได้อ้างอิงจากฐานข้อมูล PSU Esports Studio - Phuket,pipeline:general_llm_fallback,general/general_knowledge_query,100.0,True,1.8366,1,general_llm,,
MB-1371-GL-046,general_llm,general_llm,แปลคำว่า reservation เป็นภาษาไทย ไม่ต้องยาว,การจองครับ หมายเหตุ: คำตอบนี้เป็นความรู้ทั่วไปของโมเดล ไม่ได้อ้างอิงจากฐานข้อมูล PSU Esports Studio - Phuket,pipeline:general_llm_fallback,general/detail,100.0,True,1.0397,1,general_llm,,
MB-1372-GL-047,general_llm,general_llm,เขียนประโยคประชาสัมพันธ์กิจกรรมแบบสุภาพหนึ่งประโยค ไม่ต้องยาว,ขอเชิญร่วมงานกิจกรรมเพื่อสร้างสรรค์พลังบวกให้ชุมชนครับ หมายเหตุ: คำตอบนี้เป็นความรู้ทั่วไปของโมเดล ไม่ได้อ้างอิงจากฐานข้อมูล PSU Esports Studio - Phuket,pipeline:general_llm_fallback,general/detail,100.0,True,1.8696,1,general_llm,,
MB-1373-GL-048,general_llm,general_llm,คีย์บอร์ด mechanical คืออะไรแบบสั้น ไม่ต้องยาว,คีย์บอร์ด mechanical เป็นคีย์บอร์ดที่ใช้ปุ่มกดแบบกลไก โดยแต่ละคีย์มีชิ้นส่วนกลไกภายในทำให้ตอบสนองเร็วและแม่นยำกว่าคีย์บอร์ดธรรมดาครับ หมายเหตุ: คำตอบนี้เป็นความรู้ทั่วไปของโมเดล ไม่ได้อ้างอิงจากฐานข้อมูล PSU Esports Studio - Phuket,pipeline:general_llm_fallback,general/detail,100.0,True,2.4889,1,general_llm,,
MB-1374-GL-049,general_llm,general_llm,GPU คืออะไรแบบเข้าใจง่าย ไม่ต้องยาว,GPU คือชิปประมวลผลกราฟิก ใช้แสดงภาพเคลื่อนไหวและเกมบนหน้าจอได้ดีครับ หมายเหตุ: คำตอบนี้เป็นความรู้ทั่วไปของโมเดล ไม่ได้อ้างอิงจากฐานข้อมูล PSU Esports Studio - Phuket,pipeline:general_llm_fallback,general/general_knowledge_query,100.0,True,1.5675,1,general_llm,,
MB-1375-GL-050,general_llm,general_llm,server กับ client ต่างกันยังไง ไม่ต้องยาว,คำตอบ: Server เป็นเซิร์ฟเวอร์ รับคำขอจาก Client ข้อดี: จัดการข้อมูลได้ดี มีความเสถียร ข้อเสีย: ต้องใช้โครงสร้างพื้นฐานรองรับครับ หมายเหตุ: คำตอบนี้เป็นความรู้ทั่วไปของโมเดล ไม่ได้อ้างอิงจากฐานข้อมูล PSU Esports Studio - Phuket,pipeline:general_llm_fallback,general/detail,100.0,True,2.3761,1,general_llm,,
MB-1376-GL-051,general_llm,general_llm,อธิบายคำว่า latency ในระบบคอมพิวเตอร์แบบสั้น ๆ ขอ 1 ย่อหน้า,Latency คือเวลาที่ใช้ในการตอบสนองระหว่างการส่งคำสั่งและได้รับผลลัพธ์กลับมาครับ หมายเหตุ: คำตอบนี้เป็นความรู้ทั่วไปของโมเดล ไม่ได้อ้างอิงจากฐานข้อมูล PSU Esports Studio - Phuket,pipeline:general_llm_fallback,general/detail,100.0,True,1.6289,1,general_llm,,
MB-1377-GL-052,general_llm,general_llm,เฟรมเรตกับความละเอียดต่างกันยังไง ขอ 1 ย่อหน้า,คำตอบ: เฟรมเรตคือจำนวนเฟรมต่อวินาที ส่วนความละเอียดคือขนาดภาพครับ ข้อดี: เฟรมเรตสูงทำให้เคลื่อนไหวลื่นไหลมากขึ้นครับ ข้อเสีย: ความละเอียดสูงใช้หน่วยความจำมากกว่าครับ หมายเหตุ: คำตอบนี้เป็นความรู้ทั่วไปของโมเดล ไม่ได้อ้างอิงจากฐานข้อมูล PSU Esports Studio - Phuket,pipeline:general_llm_fallback,general/detail,100.0,True,2.5066,1,general_llm,,
MB-1378-GL-053,general_llm,general_llm,API คืออะไร ขอ 1 ย่อหน้า,API คือ Application Programming Interface ซึ่งเป็นช่องทางให้โปรแกรมต่าง ๆ สื่อสารกันได้ครับ หมายเหตุ: คำตอบนี้เป็นความรู้ทั่วไปของโมเดล ไม่ได้อ้างอิงจากฐานข้อมูล PSU Esports Studio - Phuket,pipeline:general_llm_fallback,general/general_knowledge_query,100.0,True,1.474,1,general_llm,,
MB-1379-GL-054,general_llm,general_llm,JSON คืออะไร ขอ 1 ย่อหน้า,JSON คือภาษาข้อมูลที่ใช้จัดเก็บและส่งข้อมูลในรูปแบบโครงสร้างตัวอย่างเช่น ตารางหรือรายการ โดยเขียนได้ง่ายและอ่านง่ายครับ หมายเหตุ: คำตอบนี้เป็นความรู้ทั่วไปของโมเดล ไม่ได้อ้างอิงจากฐานข้อมูล PSU Esports Studio - Phuket,pipeline:general_llm_fallback,general/general_knowledge_query,100.0,True,1.9254,1,general_llm,,
MB-1380-GL-055,general_llm,general_llm,ช่วยสรุปวิธีพูดขอบคุณแบบสุภาพ 2 ประโยค ขอ 1 ย่อหน้า,ตอนนี้ยังตอบคำถามความรู้ทั่วไปไม่ได้ชั่วคราวครับ กรุณาลองใหม่อีกครั้ง สำหรับข้อมูลของ PSU Esports Studio - Phuket ยังถามเรื่องเกม ปุ่ม อุปกรณ์ ราคา การจอง เวลาเปิด และกติกาได้ตามปกติครับ,pipeline:general_llm_unavailable,general/general_knowledge_query,49.0,False,4148.2628,1,general_llm,missing_any:ขอบคุณ | llm_required_but_unavailable,wall_time_over_timeout_budget
MB-1381-GL-056,general_llm,general_llm,แปลคำว่า reservation เป็นภาษาไทย ขอ 1 ย่อหน้า,การจองครับ หมายเหตุ: คำตอบนี้เป็นความรู้ทั่วไปของโมเดล ไม่ได้อ้างอิงจากฐานข้อมูล PSU Esports Studio - Phuket,pipeline:general_llm_fallback,general/detail,100.0,True,3.8564,1,general_llm,,
MB-1382-GL-057,general_llm,general_llm,เขียนประโยคประชาสัมพันธ์กิจกรรมแบบสุภาพหนึ่งประโยค ขอ 1 ย่อหน้า,ขอเชิญร่วมสัมผัสประสบการณ์กิจกรรมที่น่าตื่นเต้นและสร้างสรรค์อย่างแท้จริงครับ หมายเหตุ: คำตอบนี้เป็นความรู้ทั่วไปของโมเดล ไม่ได้อ้างอิงจากฐานข้อมูล PSU Esports Studio - Phuket,pipeline:general_llm_fallback,general/detail,100.0,True,5.3537,1,general_llm,,
MB-1383-GL-058,general_llm,general_llm,คีย์บอร์ด mechanical คืออะไรแบบสั้น ขอ 1 ย่อหน้า,คีย์บอร์ด mechanical เป็นคีย์บอร์ดที่ใช้กลไกภายในแต่ละปุ่มแทนระบบแม่เหล็กหรือไฟฟ้า เพื่อให้ตอบสนองเร็วและแม่นยำกว่าครับ หมายเหตุ: คำตอบนี้เป็นความรู้ทั่วไปของโมเดล ไม่ได้อ้างอิงจากฐานข้อมูล PSU Esports Studio - Phuket,pipeline:general_llm_fallback,general/detail,100.0,True,4.191,1,general_llm,,
MB-1384-GL-059,general_llm,general_llm,GPU คืออะไรแบบเข้าใจง่าย ขอ 1 ย่อหน้า,GPU คือชิปประมวลผลกราฟิก ใช้จัดการภาพและเกมบนคอมพิวเตอร์ได้อย่างรวดเร็วครับ หมายเหตุ: คำตอบนี้เป็นความรู้ทั่วไปของโมเดล ไม่ได้อ้างอิงจากฐานข้อมูล PSU Esports Studio - Phuket,pipeline:general_llm_fallback,general/general_knowledge_query,100.0,True,5.1685,1,general_llm,,
MB-1385-GL-060,general_llm,general_llm,server กับ client ต่างกันยังไง ขอ 1 ย่อหน้า,คำตอบ: Server เป็นเซิร์ฟเวอร์ที่จัดเก็บข้อมูลและให้บริการแก่ Client ข้อดี: รองรับผู้ใช้งานหลายคนพร้อมเวลาจริง ข้อเสีย: ต้องใช้โครงสร้างพื้นฐานแข็งแรงและบำรุงรักษาอย่างสม่ำเสมอครับ หมายเหตุ: คำตอบนี้เป็นความรู้ทั่วไปของโมเดล ไม่ได้อ้างอิงจากฐานข้อมูล PSU Esports Studio - Phuket,pipeline:general_llm_fallback,general/detail,100.0,True,4.0009,1,general_llm,,
MB-1386-GL-061,general_llm,general_llm,อธิบายคำว่า latency ในระบบคอมพิวเตอร์แบบสั้น ๆ อธิบายให้มือใหม่เข้าใจ,Latency คือเวลาที่ใช้ระหว่างสั่งงานกับได้รับผลตอบกลับครับ หมายเหตุ: คำตอบนี้เป็นความรู้ทั่วไปของโมเดล ไม่ได้อ้างอิงจากฐานข้อมูล PSU Esports Studio - Phuket,pipeline:general_llm_fallback,general/detail,100.0,True,2.969,1,general_llm,,
MB-1387-GL-062,general_llm,general_llm,เฟรมเรตกับความละเอียดต่างกันยังไง อธิบายให้มือใหม่เข้าใจ,คำตอบ: เฟรมเรตคือจำนวนเฟรมต่อวินาที ความละเอียดคือขนาดภาพครับ ข้อดี: เฟรมเรตสูงทำให้เคลื่อนไหวลื่นไหลมากขึ้นครับ ข้อเสีย: ความละเอียดสูงใช้หน่วยความจำและพลังงานมากครับ หมายเหตุ: คำตอบนี้เป็นความรู้ทั่วไปของโมเดล ไม่ได้อ้างอิงจากฐานข้อมูล PSU Esports Studio - Phuket,pipeline:general_llm_fallback,general/detail,100.0,True,3.2324,1,general_llm,,
MB-1388-GL-063,general_llm,general_llm,API คืออะไร อธิบายให้มือใหม่เข้าใจ,API คือช่องทางที่แอปหรือระบบหนึ่งสามารถสื่อสารกับอีกตัวหนึ่งได้โดยตรงครับ หมายเหตุ: คำตอบนี้เป็นความรู้ทั่วไปของโมเดล ไม่ได้อ้างอิงจากฐานข้อมูล PSU Esports Studio - Phuket,pipeline:general_llm_fallback,general/general_knowledge_query,100.0,True,2.3437,1,general_llm,,
MB-1389-GL-064,general_llm,general_llm,JSON คืออะไร อธิบายให้มือใหม่เข้าใจ,JSON คือภาษาข้อมูลที่ใช้จัดเก็บและส่งข้อมูลในรูปแบบโครงสร้างชัดเจน เหมาะสำหรับการเชื่อมต่อระหว่างโปรแกรมต่าง ๆ ครับ หมายเหตุ: คำตอบนี้เป็นความรู้ทั่วไปของโมเดล ไม่ได้อ้างอิงจากฐานข้อมูล PSU Esports Studio - Phuket,pipeline:general_llm_fallback,general/general_knowledge_query,100.0,True,2.6225,1,general_llm,,
MB-1390-GL-065,general_llm,general_llm,ช่วยสรุปวิธีพูดขอบคุณแบบสุภาพ 2 ประโยค อธิบายให้มือใหม่เข้าใจ,ขอบคุณสำหรับความช่วยเหลืออย่างยิ่งครับ คำพูดนี้แสดงความจริงใจและสุภาพได้ดีครับ หมายเหตุ: คำตอบนี้เป็นความรู้ทั่วไปของโมเดล ไม่ได้อ้างอิงจากฐานข้อมูล PSU Esports Studio - Phuket,pipeline:general_llm_fallback,general/general_knowledge_query,100.0,True,1.7948,1,general_llm,,
MB-1391-GL-066,general_llm,general_llm,แปลคำว่า reservation เป็นภาษาไทย อธิบายให้มือใหม่เข้าใจ,การจองครับ หมายเหตุ: คำตอบนี้เป็นความรู้ทั่วไปของโมเดล ไม่ได้อ้างอิงจากฐานข้อมูล PSU Esports Studio - Phuket,pipeline:general_llm_fallback,general/detail,100.0,True,1.4497,1,general_llm,,
MB-1392-GL-067,general_llm,general_llm,เขียนประโยคประชาสัมพันธ์กิจกรรมแบบสุภาพหนึ่งประโยค อธิบายให้มือใหม่เข้าใจ,กิจกรรมนี้เปิดโอกาสให้ทุกคนได้เรียนรู้และสนุกกับการแข่งขันอย่างมีความสุขครับ หมายเหตุ: คำตอบนี้เป็นความรู้ทั่วไปของโมเดล ไม่ได้อ้างอิงจากฐานข้อมูล PSU Esports Studio - Phuket,pipeline:general_llm_fallback,general/detail,100.0,True,1.8306,1,general_llm,,
MB-1393-GL-068,general_llm,general_llm,คีย์บอร์ด mechanical คืออะไรแบบสั้น อธิบายให้มือใหม่เข้าใจ,คีย์บอร์ด mechanical เป็นคีย์บอร์ดที่ใช้ปุ่มกดแบบกลไก โดยแต่ละคีย์มีชิ้นส่วนกลไกภายในทำให้กดได้แรงแน่นและเสียงดังกว่าคีย์บอร์ดธรรมดาครับ หมายเหตุ: คำตอบนี้เป็นความรู้ทั่วไปของโมเดล ไม่ได้อ้างอิงจากฐานข้อมูล PSU Esports Studio - Phuket,pipeline:general_llm_fallback,general/detail,100.0,True,2.2549,1,general_llm,,
MB-1394-GL-069,general_llm,general_llm,GPU คืออะไรแบบเข้าใจง่าย อธิบายให้มือใหม่เข้าใจ,GPU คือชิปประมวลผลกราฟิก ใช้แสดงภาพเคลื่อนไหวและเกมบนจอได้ดีครับ หมายเหตุ: คำตอบนี้เป็นความรู้ทั่วไปของโมเดล ไม่ได้อ้างอิงจากฐานข้อมูล PSU Esports Studio - Phuket,pipeline:general_llm_fallback,general/general_knowledge_query,100.0,True,1.4113,1,general_llm,,
MB-1395-GL-070,general_llm,general_llm,server กับ client ต่างกันยังไง อธิบายให้มือใหม่เข้าใจ,คำตอบ: Server เป็นเซิร์ฟเวอร์ จัดการข้อมูลให้ Client ใช้งานครับ ข้อดี: เซิร์ฟเวอร์จัดเก็บข้อมูลใหญ่และปลอดภัยมากครับ ข้อเสีย: ต้องใช้เครื่องมือและระบบสนับสนุนอย่างยิ่งครับ หมายเหตุ: คำตอบนี้เป็นความรู้ทั่วไปของโมเดล ไม่ได้อ้างอิงจากฐานข้อมูล PSU Esports Studio - Phuket,pipeline:general_llm_fallback,general/detail,100.0,True,2.3002,1,general_llm,,
MB-1396-GL-071,general_llm,general_llm,อธิบายคำว่า latency ในระบบคอมพิวเตอร์แบบสั้น ๆ ตอบแบบเด็กปีหนึ่งเข้าใจได้,Latency คือเวลาที่คอมพิวเตอร์รอให้ทำอะไรบางอย่างครับ หมายเหตุ: คำตอบนี้เป็นความรู้ทั่วไปของโมเดล ไม่ได้อ้างอิงจากฐานข้อมูล PSU Esports Studio - Phuket,pipeline:general_llm_fallback,general/detail,100.0,True,1.1439,1,general_llm,,
MB-1397-GL-072,general_llm,general_llm,เฟรมเรตกับความละเอียดต่างกันยังไง ตอบแบบเด็กปีหนึ่งเข้าใจได้,คำตอบ: เฟรมเรตคือจำนวนภาพต่อวินาทีครับ ข้อดี: เฟรมเรตสูงดูลื่นไหลมากขึ้นครับ ข้อเสีย: เฟรมเรตสูงใช้แบตเตอรี่เร็วกว่าครับ หมายเหตุ: คำตอบนี้เป็นความรู้ทั่วไปของโมเดล ไม่ได้อ้างอิงจากฐานข้อมูล PSU Esports Studio - Phuket,pipeline:general_llm_fallback,general/detail,100.0,True,1.9264,1,general_llm,,
MB-1398-GL-073,general_llm,general_llm,API คืออะไร ตอบแบบเด็กปีหนึ่งเข้าใจได้,API คือช่องทางให้โปรแกรมต่าง ๆ พูดคุยกันได้ครับ หมายเหตุ: คำตอบนี้เป็นความรู้ทั่วไปของโมเดล ไม่ได้อ้างอิงจากฐานข้อมูล PSU Esports Studio - Phuket,pipeline:general_llm_fallback,general/general_knowledge_query,100.0,True,0.9743,1,general_llm,,
MB-1399-GL-074,general_llm,general_llm,JSON คืออะไร ตอบแบบเด็กปีหนึ่งเข้าใจได้,JSON คือภาษาเขียนข้อมูลเหมือนกระดาษส่งข่าวให้เครื่องจักรอ่านได้ครับ หมายเหตุ: คำตอบนี้เป็นความรู้ทั่วไปของโมเดล ไม่ได้อ้างอิงจากฐานข้อมูล PSU Esports Studio - Phuket,pipeline:general_llm_fallback,general/general_knowledge_query,100.0,True,1.0768,1,general_llm,,
MB-1400-GL-075,general_llm,general_llm,ช่วยสรุปวิธีพูดขอบคุณแบบสุภาพ 2 ประโยค ตอบแบบเด็กปีหนึ่งเข้าใจได้,ขอบคุณมากครับสำหรับความช่วยเหลือที่ให้มา ขอบคุณครับสำหรับโอกาสในการพูดคุยนี้ครับ หมายเหตุ: คำตอบนี้เป็นความรู้ทั่วไปของโมเดล ไม่ได้อ้างอิงจากฐานข้อมูล PSU Esports Studio - Phuket,pipeline:general_llm_fallback,general/general_knowledge_query,100.0,True,1.3034,1,general_llm,,
MB-1401-GL-076,general_llm,general_llm,แปลคำว่า reservation เป็นภาษาไทย ตอบแบบเด็กปีหนึ่งเข้าใจได้,การจองครับ หมายเหตุ: คำตอบนี้เป็นความรู้ทั่วไปของโมเดล ไม่ได้อ้างอิงจากฐานข้อมูล PSU Esports Studio - Phuket,pipeline:general_llm_fallback,general/detail,100.0,True,0.8055,1,general_llm,,
MB-1402-GL-077,general_llm,general_llm,เขียนประโยคประชาสัมพันธ์กิจกรรมแบบสุภาพหนึ่งประโยค ตอบแบบเด็กปีหนึ่งเข้าใจได้,ขอเชิญร่วมกิจกรรมสนุกสนานเพื่อความรู้และรอยยิ้มครับ หมายเหตุ: คำตอบนี้เป็นความรู้ทั่วไปของโมเดล ไม่ได้อ้างอิงจากฐานข้อมูล PSU Esports Studio - Phuket,pipeline:general_llm_fallback,general/detail,100.0,True,1.3524,1,general_llm,,
MB-1403-GL-078,general_llm,general_llm,คีย์บอร์ด mechanical คืออะไรแบบสั้น ตอบแบบเด็กปีหนึ่งเข้าใจได้,คีย์บอร์ด mechanical คือคีย์บอร์ดที่แต่ละปุ่มใช้กลไกภายในเหมือนลูกศรตัวเล็ก ๆ ช่วยกดได้แรงและชัดเจนครับ หมายเหตุ: คำตอบนี้เป็นความรู้ทั่วไปของโมเดล ไม่ได้อ้างอิงจากฐานข้อมูล PSU Esports Studio - Phuket,pipeline:general_llm_fallback,general/detail,100.0,True,1.6523,1,general_llm,,
MB-1404-GL-079,general_llm,general_llm,GPU คืออะไรแบบเข้าใจง่าย ตอบแบบเด็กปีหนึ่งเข้าใจได้,GPU คือชิปประมวลผลกราฟิก ทำให้เล่นเกมและดูวิดีโอไหลลื่นครับ หมายเหตุ: คำตอบนี้เป็นความรู้ทั่วไปของโมเดล ไม่ได้อ้างอิงจากฐานข้อมูล PSU Esports Studio - Phuket,pipeline:general_llm_fallback,general/general_knowledge_query,100.0,True,1.1768,1,general_llm,,
MB-1405-GL-080,general_llm,general_llm,server กับ client ต่างกันยังไง ตอบแบบเด็กปีหนึ่งเข้าใจได้,คำตอบ: Server เป็นเครื่องหลัก ส่งข้อมูลให้ Client ข้อดี: เครื่องหลักจัดการงานได้ดีกว่า ข้อเสีย: ต้องใช้ไฟฟ้าและเครือข่ายตลอดครับ หมายเหตุ: คำตอบนี้เป็นความรู้ทั่วไปของโมเดล ไม่ได้อ้างอิงจากฐานข้อมูล PSU Esports Studio - Phuket,pipeline:general_llm_fallback,general/detail,100.0,True,1.6899,1,general_llm,,
MB-1406-GL-081,general_llm,general_llm,อธิบายคำว่า latency ในระบบคอมพิวเตอร์แบบสั้น ๆ ขอแบบไม่ใช้ศัพท์ยาก,Latency คือเวลาที่ใช้ระหว่างทำอะไรบางอย่างแล้วได้ผลตอบกลับครับ หมายเหตุ: คำตอบนี้เป็นความรู้ทั่วไปของโมเดล ไม่ได้อ้างอิงจากฐานข้อมูล PSU Esports Studio - Phuket,pipeline:general_llm_fallback,general/detail,100.0,True,0.9955,1,general_llm,,
MB-1407-GL-082,general_llm,general_llm,เฟรมเรตกับความละเอียดต่างกันยังไง ขอแบบไม่ใช้ศัพท์ยาก,คำตอบ: เฟรมเรตคือจำนวนเฟรมต่อวินาที ข้อดี: เล่นได้ลื่นไหลมากขึ้นครับ ข้อเสีย: ความละเอียดอาจลดลงบ้างครับ หมายเหตุ: คำตอบนี้เป็นความรู้ทั่วไปของโมเดล ไม่ได้อ้างอิงจากฐานข้อมูล PSU Esports Studio - Phuket,pipeline:general_llm_fallback,general/detail,100.0,True,1.5595,1,general_llm,,
MB-1408-GL-083,general_llm,general_llm,API คืออะไร ขอแบบไม่ใช้ศัพท์ยาก,API คือช่องทางที่แอปหรือเว็บหนึ่งสื่อสารกับอีกตัวหนึ่งได้โดยตรงครับ หมายเหตุ: คำตอบนี้เป็นความรู้ทั่วไปของโมเดล ไม่ได้อ้างอิงจากฐานข้อมูล PSU Esports Studio - Phuket,pipeline:general_llm_fallback,general/general_knowledge_query,100.0,True,1.3129,1,general_llm,,
MB-1409-GL-084,general_llm,general_llm,JSON คืออะไร ขอแบบไม่ใช้ศัพท์ยาก,JSON คือรูปแบบข้อมูลที่เขียนเป็นข้อความง่าย ๆ เพื่อส่งข้อมูลระหว่างโปรแกรมต่าง ๆ ครับ หมายเหตุ: คำตอบนี้เป็นความรู้ทั่วไปของโมเดล ไม่ได้อ้างอิงจากฐานข้อมูล PSU Esports Studio - Phuket,pipeline:general_llm_fallback,general/general_knowledge_query,100.0,True,1.1376,1,general_llm,,
MB-1410-GL-085,general_llm,general_llm,ช่วยสรุปวิธีพูดขอบคุณแบบสุภาพ 2 ประโยค ขอแบบไม่ใช้ศัพท์ยาก,ขอบคุณสำหรับความช่วยเหลือเสมอครับ ยินดีให้บริการเสมอครับ หมายเหตุ: คำตอบนี้เป็นความรู้ทั่วไปของโมเดล ไม่ได้อ้างอิงจากฐานข้อมูล PSU Esports Studio - Phuket,pipeline:general_llm_fallback,general/general_knowledge_query,100.0,True,1.1324,1,general_llm,,
MB-1411-GL-086,general_llm,general_llm,แปลคำว่า reservation เป็นภาษาไทย ขอแบบไม่ใช้ศัพท์ยาก,การจองครับ หมายเหตุ: คำตอบนี้เป็นความรู้ทั่วไปของโมเดล ไม่ได้อ้างอิงจากฐานข้อมูล PSU Esports Studio - Phuket,pipeline:general_llm_fallback,general/detail,100.0,True,0.732,1,general_llm,,
MB-1412-GL-087,general_llm,general_llm,เขียนประโยคประชาสัมพันธ์กิจกรรมแบบสุภาพหนึ่งประโยค ขอแบบไม่ใช้ศัพท์ยาก,ขอเชิญร่วมกิจกรรมเพื่อสร้างความสนุกสนานและเพิ่มพลังใจให้กับทุกคนครับ หมายเหตุ: คำตอบนี้เป็นความรู้ทั่วไปของโมเดล ไม่ได้อ้างอิงจากฐานข้อมูล PSU Esports Studio - Phuket,pipeline:general_llm_fallback,general/detail,100.0,True,1.4843,1,general_llm,,
MB-1413-GL-088,general_llm,general_llm,คีย์บอร์ด mechanical คืออะไรแบบสั้น ขอแบบไม่ใช้ศัพท์ยาก,คีย์บอร์ด mechanical คือคีย์บอร์ดที่แต่ละปุ่มใช้กลไกภายในเหมือนลูกศรตีบแทนที่จะเป็นแผ่นยางครับ หมายเหตุ: คำตอบนี้เป็นความรู้ทั่วไปของโมเดล ไม่ได้อ้างอิงจากฐานข้อมูล PSU Esports Studio - Phuket,pipeline:general_llm_fallback,general/detail,100.0,True,1.682,1,general_llm,,
MB-1414-GL-089,general_llm,general_llm,GPU คืออะไรแบบเข้าใจง่าย ขอแบบไม่ใช้ศัพท์ยาก,GPU คือชิปประมวลผลกราฟิก ทำหน้าที่จัดการภาพจอคอมพิวเตอร์ให้ดูคมชัดและไหลลื่นครับ หมายเหตุ: คำตอบนี้เป็นความรู้ทั่วไปของโมเดล ไม่ได้อ้างอิงจากฐานข้อมูล PSU Esports Studio - Phuket,pipeline:general_llm_fallback,general/general_knowledge_query,100.0,True,1.4193,1,general_llm,,
MB-1415-GL-090,general_llm,general_llm,server กับ client ต่างกันยังไง ขอแบบไม่ใช้ศัพท์ยาก,คำตอบ: Server เป็นเครื่องหลักให้บริการข้อมูล ขณะที่ Client เป็นเครื่องใช้งานบริการ ข้อดี: เครื่อง Server เก็บข้อมูลไว้ได้มากและปลอดภัย ข้อเสีย: ต้องมีการตั้งค่าซับซ้อนและใช้ทรัพยากรสูงครับ หมายเหตุ: คำตอบนี้เป็นความรู้ทั่วไปของโมเดล ไม่ได้อ้างอิงจากฐานข้อมูล PSU Esports Studio - Phuket,pipeline:general_llm_fallback,general/detail,100.0,True,2.298,1,general_llm,,
MB-1416-GL-091,general_llm,general_llm,อธิบายคำว่า latency ในระบบคอมพิวเตอร์แบบสั้น ๆ ขอสรุปเป็น 2 ข้อ,• Latency คือเวลาตอบสนองระหว่างการกระทำกับผลลัพธ์ครับ • เกี่ยวข้องกับประสิทธิภาพการทำงานโดยตรงครับ หมายเหตุ: คำตอบนี้เป็นความรู้ทั่วไปของโมเดล ไม่ได้อ้างอิงจากฐานข้อมูล PSU Esports Studio - Phuket,pipeline:general_llm_fallback,general/detail,100.0,True,1.3922,1,general_llm,,
MB-1417-GL-092,general_llm,general_llm,เฟรมเรตกับความละเอียดต่างกันยังไง ขอสรุปเป็น 2 ข้อ,คำตอบ: เฟรมเรตคือจำนวนเฟรมต่อวินาที ส่วนความละเอียดคือความคมชัดของภาพ ข้อดี: เฟรมเรตสูงทำให้เคลื่อนไหวลื่นไหลมากขึ้นครับ ข้อเสีย: ความละเอียดสูงใช้หน่วยความจำมากกว่าครับ หมายเหตุ: คำตอบนี้เป็นความรู้ทั่วไปของโมเดล ไม่ได้อ้างอิงจากฐานข้อมูล PSU Esports Studio - Phuket,pipeline:general_llm_fallback,general/detail,100.0,True,2.2201,1,general_llm,,
MB-1418-GL-093,general_llm,general_llm,API คืออะไร ขอสรุปเป็น 2 ข้อ,• API คือชุดคำสั่งที่ช่วยให้โปรแกรมต่าง ๆ สื่อสารกันได้ครับ • API ใช้แลกเปลี่ยนข้อมูลระหว่างระบบต่าง ๆ โดยไม่ต้องเปิดโค้ดครับ หมายเหตุ: คำตอบนี้เป็นความรู้ทั่วไปของโมเดล ไม่ได้อ้างอิงจากฐานข้อมูล PSU Esports Studio - Phuket,pipeline:general_llm_fallback,general/general_knowledge_query,100.0,True,1.6507,1,general_llm,,
MB-1419-GL-094,general_llm,general_llm,JSON คืออะไร ขอสรุปเป็น 2 ข้อ,• JSON เป็นรูปแบบข้อมูลที่ใช้แทนค่าต่าง ๆ ในโปรแกรมได้อย่างมีประสิทธิภาพ • เข้าใจง่าย มีโครงสร้างชัดเจนเหมาะสำหรับการแลกเปลี่ยนข้อมูลระหว่างระบบครับ หมายเหตุ: คำตอบนี้เป็นความรู้ทั่วไปของโมเดล ไม่ได้อ้างอิงจากฐานข้อมูล PSU Esports Studio - Phuket,pipeline:general_llm_fallback,general/general_knowledge_query,100.0,True,1.7047,1,general_llm,,
MB-1420-GL-095,general_llm,general_llm,ช่วยสรุปวิธีพูดขอบคุณแบบสุภาพ 2 ประโยค ขอสรุปเป็น 2 ข้อ,• ขอบคุณสำหรับความช่วยเหลืออย่างยิ่งครับ • ยินดีเป็นอย่างยิ่งที่ได้ร่วมงานกับคุณครับ หมายเหตุ: คำตอบนี้เป็นความรู้ทั่วไปของโมเดล ไม่ได้อ้างอิงจากฐานข้อมูล PSU Esports Studio - Phuket,pipeline:general_llm_fallback,general/general_knowledge_query,100.0,True,1.4434,1,general_llm,,
MB-1421-GL-096,general_llm,general_llm,แปลคำว่า reservation เป็นภาษาไทย ขอสรุปเป็น 2 ข้อ,การจองครับ สถานที่จองครับ หมายเหตุ: คำตอบนี้เป็นความรู้ทั่วไปของโมเดล ไม่ได้อ้างอิงจากฐานข้อมูล PSU Esports Studio - Phuket,pipeline:general_llm_fallback,general/detail,100.0,True,0.7954,1,general_llm,,
MB-1422-GL-097,general_llm,general_llm,เขียนประโยคประชาสัมพันธ์กิจกรรมแบบสุภาพหนึ่งประโยค ขอสรุปเป็น 2 ข้อ,ขอเชิญร่วมกิจกรรมเพื่อสร้างสรรค์พลังบวกให้ชุมชนครับ หมายเหตุ: คำตอบนี้เป็นความรู้ทั่วไปของโมเดล ไม่ได้อ้างอิงจากฐานข้อมูล PSU Esports Studio - Phuket,pipeline:general_llm_fallback,general/detail,100.0,True,1.7441,1,general_llm,,
MB-1423-GL-098,general_llm,general_llm,คีย์บอร์ด mechanical คืออะไรแบบสั้น ขอสรุปเป็น 2 ข้อ,• คีย์บอร์ดกลไกใช้ลูกศรกลไกภายในแทนแป้นพิมพ์ธรรมดา • เน้นความแม่นยำและตอบสนองเร็วสูงสุดครับ หมายเหตุ: คำตอบนี้เป็นความรู้ทั่วไปของโมเดล ไม่ได้อ้างอิงจากฐานข้อมูล PSU Esports Studio - Phuket,pipeline:general_llm_fallback,general/detail,100.0,True,1.5782,1,general_llm,,
MB-1424-GL-099,general_llm,general_llm,GPU คืออะไรแบบเข้าใจง่าย ขอสรุปเป็น 2 ข้อ,• GPU คือชิปประมวลผลกราฟิกที่ใช้แสดงภาพเคลื่อนไหวบนหน้าจอ • เหมาะสำหรับเล่นเกมหรืองานออกแบบกราฟิกได้ดีครับ หมายเหตุ: คำตอบนี้เป็นความรู้ทั่วไปของโมเดล ไม่ได้อ้างอิงจากฐานข้อมูล PSU Esports Studio - Phuket,pipeline:general_llm_fallback,general/general_knowledge_query,100.0,True,1.6096,1,general_llm,,
MB-1425-GL-100,general_llm,general_llm,server กับ client ต่างกันยังไง ขอสรุปเป็น 2 ข้อ,คำตอบ: Server เป็นเซิร์ฟเวอร์ จัดการข้อมูลให้ Client ข้อดี: เซิร์ฟเวอร์จัดเก็บข้อมูลได้มากและปลอดภัย ข้อเสีย: ต้องใช้โครงสร้างพื้นฐานรองรับอย่างมีประสิทธิภาพครับ หมายเหตุ: คำตอบนี้เป็นความรู้ทั่วไปของโมเดล ไม่ได้อ้างอิงจากฐานข้อมูล PSU Esports Studio - Phuket,pipeline:general_llm_fallback,general/detail,100.0,True,2.1118,1,general_llm,,
MB-1426-GL-101,general_llm,general_llm,อธิบายคำว่า latency ในระบบคอมพิวเตอร์แบบสั้น ๆ ขอคำตอบไม่เกิน 3 บรรทัด,Latency คือเวลาที่ใช้ในการตอบสนองระหว่างการส่งคำสั่งและได้รับผลลัพธ์กลับมาครับ หมายเหตุ: คำตอบนี้เป็นความรู้ทั่วไปของโมเดล ไม่ได้อ้างอิงจากฐานข้อมูล PSU Esports Studio - Phuket,pipeline:general_llm_fallback,general/detail,100.0,True,1.3062,1,general_llm,,
MB-1427-GL-102,general_llm,general_llm,เฟรมเรตกับความละเอียดต่างกันยังไง ขอคำตอบไม่เกิน 3 บรรทัด,คำตอบ: เฟรมเรตคือจำนวนเฟรมต่อวินาที ส่วนความละเอียดคือขนาดภาพ ข้อดี: เฟรมเรตสูงทำให้เคลื่อนไหวลื่นไหลมากขึ้นครับ ข้อเสีย: ความละเอียดสูงใช้หน่วยความจำมากกว่าครับ หมายเหตุ: คำตอบนี้เป็นความรู้ทั่วไปของโมเดล ไม่ได้อ้างอิงจากฐานข้อมูล PSU Esports Studio - Phuket,pipeline:general_llm_fallback,general/detail,100.0,True,2.13,1,general_llm,,
MB-1428-GL-103,general_llm,general_llm,API คืออะไร ขอคำตอบไม่เกิน 3 บรรทัด,API คือ Application Programming Interface ซึ่งเป็นช่องทางให้โปรแกรมต่าง ๆ สื่อสารกันได้ครับ หมายเหตุ: คำตอบนี้เป็นความรู้ทั่วไปของโมเดล ไม่ได้อ้างอิงจากฐานข้อมูล PSU Esports Studio - Phuket,pipeline:general_llm_fallback,general/general_knowledge_query,100.0,True,1.1178,1,general_llm,,
MB-1429-GL-104,general_llm,general_llm,JSON คืออะไร ขอคำตอบไม่เกิน 3 บรรทัด,JSON คือภาษาข้อมูลแบบโครงสร้างที่ใช้จัดเก็บและแลกเปลี่ยนข้อมูลในรูปแบบข้อความอย่างง่าย เหมาะสำหรับการสื่อสารระหว่างระบบต่าง ๆ ครับ หมายเหตุ: คำตอบนี้เป็นความรู้ทั่วไปของโมเดล ไม่ได้อ้างอิงจากฐานข้อมูล PSU Esports Studio - Phuket,pipeline:general_llm_fallback,general/general_knowledge_query,100.0,True,1.5887,1,general_llm,,
MB-1430-GL-105,general_llm,general_llm,ช่วยสรุปวิธีพูดขอบคุณแบบสุภาพ 2 ประโยค ขอคำตอบไม่เกิน 3 บรรทัด,ขอบคุณสำหรับความช่วยเหลืออย่างยิ่งครับ ขอแสดงความชื่นชมและขอบคุณอีกครั้งครับ หมายเหตุ: คำตอบนี้เป็นความรู้ทั่วไปของโมเดล ไม่ได้อ้างอิงจากฐานข้อมูล PSU Esports Studio - Phuket,pipeline:general_llm_fallback,general/general_knowledge_query,100.0,True,1.3411,1,general_llm,,
MB-1431-GL-106,general_llm,general_llm,แปลคำว่า reservation เป็นภาษาไทย ขอคำตอบไม่เกิน 3 บรรทัด,การจองครับ หมายเหตุ: คำตอบนี้เป็นความรู้ทั่วไปของโมเดล ไม่ได้อ้างอิงจากฐานข้อมูล PSU Esports Studio - Phuket,pipeline:general_llm_fallback,general/detail,100.0,True,0.6894,1,general_llm,,
MB-1432-GL-107,general_llm,general_llm,เขียนประโยคประชาสัมพันธ์กิจกรรมแบบสุภาพหนึ่งประโยค ขอคำตอบไม่เกิน 3 บรรทัด,ขอเชิญร่วมสนุกกิจกรรมพิเศษเพื่อสร้างความบันเทิงและความสุขครับ หมายเหตุ: คำตอบนี้เป็นความรู้ทั่วไปของโมเดล ไม่ได้อ้างอิงจากฐานข้อมูล PSU Esports Studio - Phuket,pipeline:general_llm_fallback,general/detail,100.0,True,1.2056,1,general_llm,,
MB-1433-GL-108,general_llm,general_llm,คีย์บอร์ด mechanical คืออะไรแบบสั้น ขอคำตอบไม่เกิน 3 บรรทัด,คีย์บอร์ด mechanical คือ คีย์บอร์ดที่ใช้กลไกภายในแต่ละคีย์แทนระบบแม่เหล็กหรือไฟฟ้า เพื่อให้ตอบสนองเร็วและแม่นยำกว่าครับ หมายเหตุ: คำตอบนี้เป็นความรู้ทั่วไปของโมเดล ไม่ได้อ้างอิงจากฐานข้อมูล PSU Esports Studio - Phuket,pipeline:general_llm_fallback,general/detail,100.0,True,1.8022,1,general_llm,,
MB-1434-GL-109,general_llm,general_llm,GPU คืออะไรแบบเข้าใจง่าย ขอคำตอบไม่เกิน 3 บรรทัด,GPU คือจอภาพหรือชิปประมวลผลกราฟิกที่ใช้แสดงภาพเคลื่อนไหวและเกมบนคอมพิวเตอร์ครับ หมายเหตุ: คำตอบนี้เป็นความรู้ทั่วไปของโมเดล ไม่ได้อ้างอิงจากฐานข้อมูล PSU Esports Studio - Phuket,pipeline:general_llm_fallback,general/general_knowledge_query,100.0,True,1.2978,1,general_llm,,
MB-1435-GL-110,general_llm,general_llm,server กับ client ต่างกันยังไง ขอคำตอบไม่เกิน 3 บรรทัด,คำตอบ: Server เป็นเซิร์ฟเวอร์ รับคำสั่งจาก Client ข้อดี: จัดการข้อมูลได้ดี มีความเสถียร ข้อเสีย: ต้องใช้โครงสร้างพื้นฐานรองรับครับ หมายเหตุ: คำตอบนี้เป็นความรู้ทั่วไปของโมเดล ไม่ได้อ้างอิงจากฐานข้อมูล PSU Esports Studio - Phuket,pipeline:general_llm_fallback,general/detail,100.0,True,1.8438,1,general_llm,,
MB-1436-GL-111,general_llm,general_llm,อธิบายคำว่า latency ในระบบคอมพิวเตอร์แบบสั้น ๆ อธิบายแบบใช้ในงาน chatbot,Latency คือเวลาที่ใช้ในการตอบสนองระหว่างการส่งคำขอและได้รับผลลัพธ์จากระบบคอมพิวเตอร์ครับ หมายเหตุ: คำตอบนี้เป็นความรู้ทั่วไปของโมเดล ไม่ได้อ้างอิงจากฐานข้อมูล PSU Esports Studio - Phuket,pipeline:general_llm_fallback,general/detail,100.0,True,1.3262,1,general_llm,,
MB-1437-GL-112,general_llm,general_llm,เฟรมเรตกับความละเอียดต่างกันยังไง อธิบายแบบใช้ในงาน chatbot,คำตอบ: เฟรมเรตคือจำนวนเฟรมต่อวินาที ความละเอียดคือขนาดภาพ ข้อดี: เฟรมเรตสูงทำให้เคลื่อนไหวลื่นไหลมากขึ้นครับ ข้อเสีย: ความละเอียดสูงใช้หน่วยความจำมากกว่าครับ หมายเหตุ: คำตอบนี้เป็นความรู้ทั่วไปของโมเดล ไม่ได้อ้างอิงจากฐานข้อมูล PSU Esports Studio - Phuket,pipeline:general_llm_fallback,general/detail,100.0,True,2.1571,1,general_llm,,
MB-1438-GL-113,general_llm,general_llm,API คืออะไร อธิบายแบบใช้ในงาน chatbot,API คือชุดคำสั่งที่ช่วยให้ระบบหนึ่งสามารถสื่อสารกับอีกระบบได้ เช่น ใช้ API เพื่อเชื่อมต่อ chatbot กับฐานข้อมูลหรือบริการภายนอกครับ หมายเหตุ: คำตอบนี้เป็นความรู้ทั่วไปของโมเดล ไม่ได้อ้างอิงจากฐานข้อมูล PSU Esports Studio - Phuket,pipeline:general_llm_fallback,general/general_knowledge_query,100.0,True,1.7315,1,general_llm,,
MB-1439-GL-114,general_llm,general_llm,JSON คืออะไร อธิบายแบบใช้ในงาน chatbot,JSON เป็นรูปแบบข้อมูลที่ใช้ส่งผ่านข้อมูลระหว่างระบบ เช่น ใน chatbot เพื่อให้เข้าใจง่ายและประมวลผลได้เร็วครับ หมายเหตุ: คำตอบนี้เป็นความรู้ทั่วไปของโมเดล ไม่ได้อ้างอิงจากฐานข้อมูล PSU Esports Studio - Phuket,pipeline:general_llm_fallback,general/general_knowledge_query,100.0,True,1.35,1,general_llm,,
MB-1440-GL-115,general_llm,general_llm,ช่วยสรุปวิธีพูดขอบคุณแบบสุภาพ 2 ประโยค อธิบายแบบใช้ในงาน chatbot,ขอบคุณสำหรับความช่วยเหลืออย่างยิ่งครับ ขอแสดงความชื่นชมและขอบคุณอีกครั้งครับ หมายเหตุ: คำตอบนี้เป็นความรู้ทั่วไปของโมเดล ไม่ได้อ้างอิงจากฐานข้อมูล PSU Esports Studio - Phuket,pipeline:general_llm_fallback,general/general_knowledge_query,100.0,True,1.4611,1,general_llm,,
MB-1441-GL-116,general_llm,general_llm,แปลคำว่า reservation เป็นภาษาไทย อธิบายแบบใช้ในงาน chatbot,การจองครับ หมายเหตุ: คำตอบนี้เป็นความรู้ทั่วไปของโมเดล ไม่ได้อ้างอิงจากฐานข้อมูล PSU Esports Studio - Phuket,pipeline:general_llm_fallback,general/detail,100.0,True,0.7255,1,general_llm,,
MB-1442-GL-117,general_llm,general_llm,เขียนประโยคประชาสัมพันธ์กิจกรรมแบบสุภาพหนึ่งประโยค อธิบายแบบใช้ในงาน chatbot,ขอเชิญร่วมสนุกกับกิจกรรมพิเศษเพื่อความบันเทิงและความสนุกสนานครับ หมายเหตุ: คำตอบนี้เป็นความรู้ทั่วไปของโมเดล ไม่ได้อ้างอิงจากฐานข้อมูล PSU Esports Studio - Phuket,pipeline:general_llm_fallback,general/detail,100.0,True,1.3108,1,general_llm,,
MB-1443-GL-118,general_llm,general_llm,คีย์บอร์ด mechanical คืออะไรแบบสั้น อธิบายแบบใช้ในงาน chatbot,คีย์บอร์ด mechanical เป็นคีย์บอร์ดที่ใช้กลไกภายในแต่ละปุ่มแทนระบบแม่เหล็กหรือไฟฟ้า โดยตอบสนองเร็วและแม่นยำมากขึ้น เหมาะสำหรับงานต้องการความเร็วสูง เช่น การพิมพ์เกมหรืองานเขียนโปรแกรมครับ หมายเหตุ: คำตอบนี้เป็นความรู้ทั่วไปของโมเดล ไม่ได้อ้างอิงจากฐานข้อมูล PSU Esports Studio - Phuket,pipeline:general_llm_fallback,general/detail,100.0,True,2.309,1,general_llm,,
MB-1444-GL-119,general_llm,general_llm,GPU คืออะไรแบบเข้าใจง่าย อธิบายแบบใช้ในงาน chatbot,GPU คือชิปประมวลผลกราฟิกที่ใช้เร็วในการประมวลผลข้อมูลจำนวนมาก เช่น ในงาน AI และ Chatbot เพื่อให้ตอบสนองได้รวดเร็วครับ หมายเหตุ: คำตอบนี้เป็นความรู้ทั่วไปของโมเดล ไม่ได้อ้างอิงจากฐานข้อมูล PSU Esports Studio - Phuket,pipeline:general_llm_fallback,general/general_knowledge_query,100.0,True,1.527,1,general_llm,,
MB-1445-GL-120,general_llm,general_llm,server กับ client ต่างกันยังไง อธิบายแบบใช้ในงาน chatbot,คำตอบ: Server และ Client เป็นส่วนประกอบหลักในการสื่อสารข้อมูลในระบบแชทบอท ข้อดี: Server จัดการข้อมูลและตอบสนองคำขอจาก Client ได้อย่างมีประสิทธิภาพ ข้อเสีย: Client ต้องเชื่อมต่อไปยัง Server เสมอ เพื่อรับบริการครับ หมายเหตุ: คำตอบนี้เป็นความรู้ทั่วไปของโมเดล ไม่ได้อ้างอิงจากฐานข้อมูล PSU Esports Studio - Phuket,pipeline:general_llm_fallback,general/detail,100.0,True,2.2142,1,general_llm,,
MB-1446-GL-121,general_llm,general_llm,อธิบายคำว่า latency ในระบบคอมพิวเตอร์แบบสั้น ๆ อธิบายแบบใช้กับวงการเกม,Latency คือเวลาที่ใช้ในการตอบสนองระหว่างผู้เล่นกับเกม โดยเฉพาะในเกมออนไลน์ที่ต้องการความเร็วสูงครับ หมายเหตุ: คำตอบนี้เป็นความรู้ทั่วไปของโมเดล ไม่ได้อ้างอิงจากฐานข้อมูล PSU Esports Studio - Phuket,pipeline:general_llm_fallback,general/detail,100.0,True,1.3857,1,general_llm,,
MB-1447-GL-122,general_llm,general_llm,เฟรมเรตกับความละเอียดต่างกันยังไง อธิบายแบบใช้กับวงการเกม,คำตอบ: เฟรมเรตคือจำนวนเฟรมต่อวินาที ความละเอียดคือขนาดหน้าจอครับ ข้อดี: เฟรมเรตสูงทำให้เคลื่อนไหวลื่นไหลมากขึ้นครับ ข้อเสีย: ความละเอียดสูงใช้ทรัพยากรมากกว่าครับ หมายเหตุ: คำตอบนี้เป็นความรู้ทั่วไปของโมเดล ไม่ได้อ้างอิงจากฐานข้อมูล PSU Esports Studio - Phuket,pipeline:general_llm_fallback,general/detail,100.0,True,2.1946,1,general_llm,,
MB-1448-GL-123,general_llm,general_llm,API คืออะไร อธิบายแบบใช้กับวงการเกม,API คือชุดคำสั่งที่ช่วยให้แอปพลิเคชันต่าง ๆ สื่อสารกันได้ เช่น เกมใช้ API เพื่อเชื่อมต่อกับระบบคะแนนหรือแพลตฟอร์มภายนอกครับ หมายเหตุ: คำตอบนี้เป็นความรู้ทั่วไปของโมเดล ไม่ได้อ้างอิงจากฐานข้อมูล PSU Esports Studio - Phuket,pipeline:general_llm_fallback,general/general_knowledge_query,100.0,True,1.7613,1,general_llm,,
MB-1449-GL-124,general_llm,general_llm,JSON คืออะไร อธิบายแบบใช้กับวงการเกม,JSON เป็นรูปแบบข้อมูลที่ใช้ส่งผ่านข้อมูลระหว่างระบบต่าง ๆ ในวงการเกม เช่น ส่งรายละเอียดผู้เล่นหรือเซิร์ฟเวอร์ไปยังเกมออนไลน์ได้อย่างรวดเร็วครับ หมายเหตุ: คำตอบนี้เป็นความรู้ทั่วไปของโมเดล ไม่ได้อ้างอิงจากฐานข้อมูล PSU Esports Studio - Phuket,pipeline:general_llm_fallback,general/general_knowledge_query,100.0,True,1.7015,1,general_llm,,
MB-1450-GL-125,general_llm,general_llm,ช่วยสรุปวิธีพูดขอบคุณแบบสุภาพ 2 ประโยค อธิบายแบบใช้กับวงการเกม,ขอบคุณสำหรับความช่วยเหลือและแรงบันดาลใจในการแข่งขันครับ ขอแสดงความชื่นชมและความขอบคุณอย่างยิ่งครับ หมายเหตุ: คำตอบนี้เป็นความรู้ทั่วไปของโมเดล ไม่ได้อ้างอิงจากฐานข้อมูล PSU Esports Studio - Phuket,pipeline:general_llm_fallback,general/general_knowledge_query,100.0,True,1.3904,1,general_llm,,
MB-1451-GL-126,general_llm,general_llm,แปลคำว่า reservation เป็นภาษาไทย อธิบายแบบใช้กับวงการเกม,การจอง席ครับ หมายเหตุ: คำตอบนี้เป็นความรู้ทั่วไปของโมเดล ไม่ได้อ้างอิงจากฐานข้อมูล PSU Esports Studio - Phuket,pipeline:general_llm_fallback,general/detail,100.0,True,0.7068,1,general_llm,,
MB-1452-GL-127,general_llm,general_llm,เขียนประโยคประชาสัมพันธ์กิจกรรมแบบสุภาพหนึ่งประโยค อธิบายแบบใช้กับวงการเกม,ขอเชิญร่วมสัมผัสประสบการณ์กิจกรรมเกมที่น่าตื่นเต้นและสนุกสนานครับ หมายเหตุ: คำตอบนี้เป็นความรู้ทั่วไปของโมเดล ไม่ได้อ้างอิงจากฐานข้อมูล PSU Esports Studio - Phuket,pipeline:general_llm_fallback,general/detail,100.0,True,1.238,1,general_llm,,
MB-1453-GL-128,general_llm,general_llm,คีย์บอร์ด mechanical คืออะไรแบบสั้น อธิบายแบบใช้กับวงการเกม,คีย์บอร์ด mechanical เป็นคีย์บอร์ดที่ใช้ลูกศรกลิ้งแทนระบบสัมผัส มีความไวและตอบสนองเร็วมาก เหมาะสำหรับเล่นเกมโดยเฉพาะครับ หมายเหตุ: คำตอบนี้เป็นความรู้ทั่วไปของโมเดล ไม่ได้อ้างอิงจากฐานข้อมูล PSU Esports Studio - Phuket,pipeline:general_llm_fallback,general/detail,100.0,True,1.7806,1,general_llm,,
MB-1454-GL-129,general_llm,general_llm,GPU คืออะไรแบบเข้าใจง่าย อธิบายแบบใช้กับวงการเกม,GPU คือชิปประมวลผลกราฟิก ทำหน้าที่วาดภาพเกมให้ไหลลื่นและคมชัดมากขึ้นครับ หมายเหตุ: คำตอบนี้เป็นความรู้ทั่วไปของโมเดล ไม่ได้อ้างอิงจากฐานข้อมูล PSU Esports Studio - Phuket,pipeline:general_llm_fallback,general/general_knowledge_query,100.0,True,1.2953,1,general_llm,,
MB-1455-GL-130,general_llm,general_llm,server กับ client ต่างกันยังไง อธิบายแบบใช้กับวงการเกม,คำตอบ: Server เป็นศูนย์กลางควบคุมเกม ขณะที่ Client เป็นอุปกรณ์เล่นเกม ข้อดี: Server รักษาความสมดุลและสถานะเกมให้ถูกต้องเสมอ ข้อเสีย: การเชื่อมต่อไม่เสถียรอาจทำให้ล่าช้าได้ครับ หมายเหตุ: คำตอบนี้เป็นความรู้ทั่วไปของโมเดล ไม่ได้อ้างอิงจากฐานข้อมูล PSU Esports Studio - Phuket,pipeline:general_llm_fallback,general/detail,100.0,True,2.2023,1,general_llm,,
MB-1456-GL-131,general_llm,general_llm,อธิบายคำว่า latency ในระบบคอมพิวเตอร์แบบสั้น ๆ ช่วยยกตัวอย่างสั้น ๆ,Latency คือเวลาตอบสนองระหว่างการกระทำกับผลลัพธ์ เช่น เครื่องมือตอบกลับช้าเมื่อคลิกปุ่มครับ หมายเหตุ: คำตอบนี้เป็นความรู้ทั่วไปของโมเดล ไม่ได้อ้างอิงจากฐานข้อมูล PSU Esports Studio - Phuket,pipeline:general_llm_fallback,general/detail,100.0,True,1.3848,1,general_llm,,
MB-1457-GL-132,general_llm,general_llm,เฟรมเรตกับความละเอียดต่างกันยังไง ช่วยยกตัวอย่างสั้น ๆ,คำตอบ: เฟรมเรตคือจำนวนเฟรมต่อวินาที ส่วนความละเอียดคือขนาดภาพ เช่น 1080p ข้อดี: เฟรมเรตสูงทำให้เคลื่อนไหวลื่นไหลมากขึ้นครับ ข้อเสีย: ความละเอียดสูงใช้หน่วยความจำและพลังงานมากครับ หมายเหตุ: คำตอบนี้เป็นความรู้ทั่วไปของโมเดล ไม่ได้อ้างอิงจากฐานข้อมูล PSU Esports Studio - Phuket,pipeline:general_llm_fallback,general/detail,100.0,True,2.2573,1,general_llm,,
MB-1458-GL-133,general_llm,general_llm,API คืออะไร ช่วยยกตัวอย่างสั้น ๆ,API คือ Application Programming Interface ซึ่งช่วยให้โปรแกรมต่าง ๆ สื่อสารกันได้ เช่น การใช้ Google Maps API เพื่อดึงข้อมูลแผนที่มาแสดงบนเว็บไซต์ครับ หมายเหตุ: คำตอบนี้เป็นความรู้ทั่วไปของโมเดล ไม่ได้อ้างอิงจากฐานข้อมูล PSU Esports Studio - Phuket,pipeline:general_llm_fallback,general/general_knowledge_query,100.0,True,1.5028,1,general_llm,,
MB-1459-GL-134,general_llm,general_llm,JSON คืออะไร ช่วยยกตัวอย่างสั้น ๆ,"JSON คือภาษาข้อมูลที่ใช้จัดเก็บและแลกเปลี่ยนข้อมูลในรูปแบบโครงสร้าง เช่น {""name"": ""John"", ""age"": 30}ครับ หมายเหตุ: คำตอบนี้เป็นความรู้ทั่วไปของโมเดล ไม่ได้อ้างอิงจากฐานข้อมูล PSU Esports Studio - Phuket",pipeline:general_llm_fallback,general/general_knowledge_query,100.0,True,1.3816,1,general_llm,,
MB-1460-GL-135,general_llm,general_llm,ช่วยสรุปวิธีพูดขอบคุณแบบสุภาพ 2 ประโยค ช่วยยกตัวอย่างสั้น ๆ,ขอบคุณสำหรับความช่วยเหลือและคำแนะนำที่ให้มาอย่างจริงใจครับ ขอแสดงความชื่นชมและขอบคุณอีกครั้งครับ หมายเหตุ: คำตอบนี้เป็นความรู้ทั่วไปของโมเดล ไม่ได้อ้างอิงจากฐานข้อมูล PSU Esports Studio - Phuket,pipeline:general_llm_fallback,general/general_knowledge_query,100.0,True,1.3864,1,general_llm,,
MB-1461-GL-136,general_llm,general_llm,แปลคำว่า reservation เป็นภาษาไทย ช่วยยกตัวอย่างสั้น ๆ,การจองครับ หมายเหตุ: คำตอบนี้เป็นความรู้ทั่วไปของโมเดล ไม่ได้อ้างอิงจากฐานข้อมูล PSU Esports Studio - Phuket,pipeline:general_llm_fallback,general/detail,100.0,True,0.6391,1,general_llm,,
MB-1462-GL-137,general_llm,general_llm,เขียนประโยคประชาสัมพันธ์กิจกรรมแบบสุภาพหนึ่งประโยค ช่วยยกตัวอย่างสั้น ๆ,ขอเสนอแนะกิจกรรมเพื่อสร้างความสนุกสนานและเสริมสร้างทักษะร่วมกันครับ หมายเหตุ: คำตอบนี้เป็นความรู้ทั่วไปของโมเดล ไม่ได้อ้างอิงจากฐานข้อมูล PSU Esports Studio - Phuket,pipeline:general_llm_fallback,general/detail,100.0,True,1.1584,1,general_llm,,
MB-1463-GL-138,general_llm,general_llm,คีย์บอร์ด mechanical คืออะไรแบบสั้น ช่วยยกตัวอย่างสั้น ๆ,คีย์บอร์ด mechanical เป็นคีย์บอร์ดที่ใช้ปุ่มกลไกแทนระบบไฟฟ้า เช่น คีย์บอร์ด Cherry MX ครับ หมายเหตุ: คำตอบนี้เป็นความรู้ทั่วไปของโมเดล ไม่ได้อ้างอิงจากฐานข้อมูล PSU Esports Studio - Phuket,pipeline:general_llm_fallback,general/detail,100.0,True,1.4701,1,general_llm,,
MB-1464-GL-139,general_llm,general_llm,GPU คืออะไรแบบเข้าใจง่าย ช่วยยกตัวอย่างสั้น ๆ,GPU คือจอแสดงผลในคอมพิวเตอร์ที่ใช้ประมวลผลกราฟิก เช่น เล่นเกมหรือดูวิดีโอครับ หมายเหตุ: คำตอบนี้เป็นความรู้ทั่วไปของโมเดล ไม่ได้อ้างอิงจากฐานข้อมูล PSU Esports Studio - Phuket,pipeline:general_llm_fallback,general/general_knowledge_query,100.0,True,1.2528,1,general_llm,,
MB-1465-GL-140,general_llm,general_llm,server กับ client ต่างกันยังไง ช่วยยกตัวอย่างสั้น ๆ,คำตอบ: Server เป็นเซิร์ฟเวอร์ จัดการข้อมูลให้ Client ใช้งาน ข้อดี: เซิร์ฟเวอร์จัดเก็บข้อมูลใหญ่และปลอดภัยมากกว่า ข้อเสีย: ต้องใช้โครงสร้างพื้นฐานสนับสนุนอย่างมีประสิทธิภาพครับ หมายเหตุ: คำตอบนี้เป็นความรู้ทั่วไปของโมเดล ไม่ได้อ้างอิงจากฐานข้อมูล PSU Esports Studio - Phuket,pipeline:general_llm_fallback,general/detail,100.0,True,2.1892,1,general_llm,,
MB-1466-GL-141,general_llm,general_llm,อธิบายคำว่า latency ในระบบคอมพิวเตอร์แบบสั้น ๆ เปรียบเทียบแบบสั้น,คำตอบ: Latency คือเวลาตอบสนองระหว่างคำสั่งและผลลัพธ์ครับ ข้อดี: เพิ่มประสิทธิภาพการทำงานได้ทันทีครับ ข้อเสีย: ส่งผลต่อความล่าช้าในระบบบางกรณีครับ หมายเหตุ: คำตอบนี้เป็นความรู้ทั่วไปของโมเดล ไม่ได้อ้างอิงจากฐานข้อมูล PSU Esports Studio - Phuket,pipeline:general_llm_fallback,general/detail,100.0,True,1.8689,1,general_llm,,
MB-1467-GL-142,general_llm,general_llm,เฟรมเรตกับความละเอียดต่างกันยังไง เปรียบเทียบแบบสั้น,คำตอบ: เฟรมเรตกำหนดความเร็วภาพ ส่วนความละเอียดคือความคมชัดของภาพครับ ข้อดี: เฟรมเรตส่งผลต่อความลื่นไหลของภาพครับ ข้อเสีย: ความละเอียดสูงอาจทำให้ใช้หน่วยความจำมากขึ้นครับ หมายเหตุ: คำตอบนี้เป็นความรู้ทั่วไปของโมเดล ไม่ได้อ้างอิงจากฐานข้อมูล PSU Esports Studio - Phuket,pipeline:general_llm_fallback,general/detail,100.0,True,1.9565,1,general_llm,,
MB-1468-GL-143,general_llm,general_llm,API คืออะไร เปรียบเทียบแบบสั้น,คำตอบ: API คืออินเตอร์เฟซที่ช่วยให้โปรแกรมต่าง ๆ สื่อสารกันได้ ข้อดี: เชื่อมโยงระบบได้ง่ายและรวดเร็ว ข้อเสีย: ต้องมีการตั้งค่าและรับผิดชอบความปลอดภัยครับ หมายเหตุ: คำตอบนี้เป็นความรู้ทั่วไปของโมเดล ไม่ได้อ้างอิงจากฐานข้อมูล PSU Esports Studio - Phuket,pipeline:general_llm_fallback,general/general_knowledge_query,100.0,True,1.8877,1,general_llm,,
MB-1469-GL-144,general_llm,general_llm,JSON คืออะไร เปรียบเทียบแบบสั้น,คำตอบ: JSON เป็นรูปแบบข้อมูลที่ใช้แทนข้อมูลในโปรแกรม ข้อดี: อ่านเข้าใจง่าย เหมาะกับเว็บและแอปพลิเคชัน ข้อเสีย: ไม่รองรับตรรกะหรือฟังก์ชันซับซ้อนครับ หมายเหตุ: คำตอบนี้เป็นความรู้ทั่วไปของโมเดล ไม่ได้อ้างอิงจากฐานข้อมูล PSU Esports Studio - Phuket,pipeline:general_llm_fallback,general/general_knowledge_query,100.0,True,1.9969,1,general_llm,,
MB-1470-GL-145,general_llm,general_llm,ช่วยสรุปวิธีพูดขอบคุณแบบสุภาพ 2 ประโยค เปรียบเทียบแบบสั้น,คำตอบ: พูดขอบคุณอย่างจริงใจและแสดงความเคารพเสมอครับ ข้อดี: สื่อถึงความรู้สึกจริงใจและเคารพผู้อื่นครับ ข้อเสีย: อาจใช้เวลานานหากพูดซ้ำหรือละเอียดเกินไปครับ หมายเหตุ: คำตอบนี้เป็นความรู้ทั่วไปของโมเดล ไม่ได้อ้างอิงจากฐานข้อมูล PSU Esports Studio - Phuket,pipeline:general_llm_fallback,general/general_knowledge_query,100.0,True,2.0729,1,general_llm,,
MB-1471-GL-146,general_llm,general_llm,แปลคำว่า reservation เป็นภาษาไทย เปรียบเทียบแบบสั้น,คำตอบ: การจองครับ ข้อดี: ใช้งานง่าย เข้าใจได้เร็วครับ ข้อเสีย: บางครั้งต้องยืนยันเพิ่มครับ หมายเหตุ: คำตอบนี้เป็นความรู้ทั่วไปของโมเดล ไม่ได้อ้างอิงจากฐานข้อมูล PSU Esports Studio - Phuket,pipeline:general_llm_fallback,general/detail,100.0,True,1.5666,1,general_llm,,
MB-1472-GL-147,general_llm,general_llm,เขียนประโยคประชาสัมพันธ์กิจกรรมแบบสุภาพหนึ่งประโยค เปรียบเทียบแบบสั้น,กิจกรรมนี้จะเปรียบเทียบความแตกต่างอย่างชัดเจนและน่าสนใจครับ หมายเหตุ: คำตอบนี้เป็นความรู้ทั่วไปของโมเดล ไม่ได้อ้างอิงจากฐานข้อมูล PSU Esports Studio - Phuket,pipeline:general_llm_fallback,general/detail,100.0,True,1.1594,1,general_llm,,
MB-1473-GL-148,general_llm,general_llm,คีย์บอร์ด mechanical คืออะไรแบบสั้น เปรียบเทียบแบบสั้น,คำตอบ: คีย์บอร์ดกลไกใช้ลูกศรกลไกภายในแทนแป้นธรรมดาครับ ข้อดี: เสียงตอบสนองชัดเจน เร็วและแม่นยำครับ ข้อเสีย: ราคาแพงกว่าแบบธรรมดาครับ หมายเหตุ: คำตอบนี้เป็นความรู้ทั่วไปของโมเดล ไม่ได้อ้างอิงจากฐานข้อมูล PSU Esports Studio - Phuket,pipeline:general_llm_fallback,general/detail,100.0,True,1.9341,1,general_llm,,
MB-1474-GL-149,general_llm,general_llm,GPU คืออะไรแบบเข้าใจง่าย เปรียบเทียบแบบสั้น,คำตอบ: GPU คือชิปประมวลผลกราฟิก ทำหน้าที่จัดการภาพจอแสดงผล ข้อดี: เร็วในการประมวลผลภาพและกราฟิกมากกว่า CPU ข้อเสีย: ใช้พลังงานสูงและมีราคาแพงครับ หมายเหตุ: คำตอบนี้เป็นความรู้ทั่วไปของโมเดล ไม่ได้อ้างอิงจากฐานข้อมูล PSU Esports Studio - Phuket,pipeline:general_llm_fallback,general/general_knowledge_query,100.0,True,1.8273,1,general_llm,,
MB-1475-GL-150,general_llm,general_llm,server กับ client ต่างกันยังไง เปรียบเทียบแบบสั้น,คำตอบ: Server เป็นเซิร์ฟเวอร์ จัดการข้อมูลให้ Client ใช้งาน ข้อดี: จัดการข้อมูลได้ดี มีความปลอดภัยสูง ข้อเสีย: ต้องใช้โครงสร้างพื้นฐานซับซ้อนครับ หมายเหตุ: คำตอบนี้เป็นความรู้ทั่วไปของโมเดล ไม่ได้อ้างอิงจากฐานข้อมูล PSU Esports Studio - Phuket,pipeline:general_llm_fallback,general/detail,100.0,True,1.8649,1,general_llm,,
MB-1476-GL-151,general_llm,general_llm,อธิบายคำว่า latency ในระบบคอมพิวเตอร์แบบสั้น ๆ ตอบแบบสุภาพ,Latency คือเวลาที่ใช้ในการตอบสนองระหว่างการส่งคำสั่งและได้รับผลลัพธ์กลับมาครับ หมายเหตุ: คำตอบนี้เป็นความรู้ทั่วไปของโมเดล ไม่ได้อ้างอิงจากฐานข้อมูล PSU Esports Studio - Phuket,pipeline:general_llm_fallback,general/detail,100.0,True,1.244,1,general_llm,,
MB-1477-GL-152,general_llm,general_llm,เฟรมเรตกับความละเอียดต่างกันยังไง ตอบแบบสุภาพ,คำตอบ: เฟรมเรตคือจำนวนเฟรมต่อวินาที ความละเอียดคือขนาดภาพครับ ข้อดี: เฟรมเรตสูงทำให้เคลื่อนไหวลื่นไหลมากขึ้นครับ ข้อเสีย: ความละเอียดสูงใช้หน่วยความจำมากกว่าครับ หมายเหตุ: คำตอบนี้เป็นความรู้ทั่วไปของโมเดล ไม่ได้อ้างอิงจากฐานข้อมูล PSU Esports Studio - Phuket,pipeline:general_llm_fallback,general/detail,100.0,True,2.0706,1,general_llm,,
MB-1478-GL-153,general_llm,general_llm,API คืออะไร ตอบแบบสุภาพ,API คือ Application Programming Interface ซึ่งช่วยให้โปรแกรมต่าง ๆ สื่อสารกันได้อย่างมีประสิทธิภาพครับ หมายเหตุ: คำตอบนี้เป็นความรู้ทั่วไปของโมเดล ไม่ได้อ้างอิงจากฐานข้อมูล PSU Esports Studio - Phuket,pipeline:general_llm_fallback,general/general_knowledge_query,100.0,True,1.1102,1,general_llm,,
MB-1479-GL-154,general_llm,general_llm,JSON คืออะไร ตอบแบบสุภาพ,JSON คือภาษาเขียนข้อมูลแบบโครงสร้างข้อมูลที่ใช้ในระบบคอมพิวเตอร์และแอปพลิเคชันได้อย่างสะดวกสบายครับ หมายเหตุ: คำตอบนี้เป็นความรู้ทั่วไปของโมเดล ไม่ได้อ้างอิงจากฐานข้อมูล PSU Esports Studio - Phuket,pipeline:general_llm_fallback,general/general_knowledge_query,100.0,True,1.2166,1,general_llm,,
MB-1480-GL-155,general_llm,general_llm,ช่วยสรุปวิธีพูดขอบคุณแบบสุภาพ 2 ประโยค ตอบแบบสุภาพ,ขอบคุณสำหรับความช่วยเหลือและความใส่ใจเสมอมาครับ ขอแสดงความชื่นชมและขอบคุณอีกครั้งครับ หมายเหตุ: คำตอบนี้เป็นความรู้ทั่วไปของโมเดล ไม่ได้อ้างอิงจากฐานข้อมูล PSU Esports Studio - Phuket,pipeline:general_llm_fallback,general/general_knowledge_query,100.0,True,1.2323,1,general_llm,,
MB-1481-GL-156,general_llm,general_llm,แปลคำว่า reservation เป็นภาษาไทย ตอบแบบสุภาพ,การจองครับ หมายเหตุ: คำตอบนี้เป็นความรู้ทั่วไปของโมเดล ไม่ได้อ้างอิงจากฐานข้อมูล PSU Esports Studio - Phuket,pipeline:general_llm_fallback,general/detail,100.0,True,0.6325,1,general_llm,,
MB-1482-GL-157,general_llm,general_llm,เขียนประโยคประชาสัมพันธ์กิจกรรมแบบสุภาพหนึ่งประโยค ตอบแบบสุภาพ,ขอเชิญร่วมสนุกกิจกรรมพิเศษเพื่อความสนุกสนานและสร้างสรรค์ครับ หมายเหตุ: คำตอบนี้เป็นความรู้ทั่วไปของโมเดล ไม่ได้อ้างอิงจากฐานข้อมูล PSU Esports Studio - Phuket,pipeline:general_llm_fallback,general/detail,100.0,True,1.1704,1,general_llm,,
MB-1483-GL-158,general_llm,general_llm,คีย์บอร์ด mechanical คืออะไรแบบสั้น ตอบแบบสุภาพ,คีย์บอร์ด mechanical เป็นคีย์บอร์ดที่ใช้กลไกภายในแต่ละปุ่มแทนระบบแม่เหล็กหรือไฟฟ้า เพื่อให้ตอบสนองเร็วและแม่นยำกว่าครับ หมายเหตุ: คำตอบนี้เป็นความรู้ทั่วไปของโมเดล ไม่ได้อ้างอิงจากฐานข้อมูล PSU Esports Studio - Phuket,pipeline:general_llm_fallback,general/detail,100.0,True,1.6649,1,general_llm,,
MB-1484-GL-159,general_llm,general_llm,GPU คืออะไรแบบเข้าใจง่าย ตอบแบบสุภาพ,GPU คือชิปประมวลผลกราฟิก ใช้แสดงภาพเคลื่อนไหวและเกมบนหน้าจอได้อย่างลื่นไหลครับ หมายเหตุ: คำตอบนี้เป็นความรู้ทั่วไปของโมเดล ไม่ได้อ้างอิงจากฐานข้อมูล PSU Esports Studio - Phuket,pipeline:general_llm_fallback,general/general_knowledge_query,100.0,True,1.1664,1,general_llm,,
MB-1485-GL-160,general_llm,general_llm,server กับ client ต่างกันยังไง ตอบแบบสุภาพ,คำตอบ: Server เป็นเซิร์ฟเวอร์ ทำหน้าที่จัดการข้อมูลและให้บริการแก่ Client ข้อดี: รองรับผู้ใช้งานหลายคนพร้อมเวลาจริงได้ดี ข้อเสีย: ต้องใช้ทรัพยากรสูงและมีความเสี่ยงจากภัยคุกคามครับ หมายเหตุ: คำตอบนี้เป็นความรู้ทั่วไปของโมเดล ไม่ได้อ้างอิงจากฐานข้อมูล PSU Esports Studio - Phuket,pipeline:general_llm_fallback,general/detail,100.0,True,2.2177,1,general_llm,,
MB-1486-GL-161,general_llm,general_llm,อธิบายคำว่า latency ในระบบคอมพิวเตอร์แบบสั้น ๆ ตอบให้เหมาะกับนักศึกษา,Latency คือเวลาที่ใช้ในการตอบสนองระหว่างการกระทำและผลลัพธ์ครับ หมายเหตุ: คำตอบนี้เป็นความรู้ทั่วไปของโมเดล ไม่ได้อ้างอิงจากฐานข้อมูล PSU Esports Studio - Phuket,pipeline:general_llm_fallback,general/detail,100.0,True,1.0526,1,general_llm,,
MB-1487-GL-162,general_llm,general_llm,เฟรมเรตกับความละเอียดต่างกันยังไง ตอบให้เหมาะกับนักศึกษา,คำตอบ: เฟรมเรตคือจำนวนเฟรมต่อวินาที ความละเอียดคือขนาดภาพครับ ข้อดี: เฟรมเรตสูงทำให้เคลื่อนไหวลื่นไหลมากขึ้นครับ ข้อเสีย: ความละเอียดสูงใช้หน่วยความจำมากกว่าครับ หมายเหตุ: คำตอบนี้เป็นความรู้ทั่วไปของโมเดล ไม่ได้อ้างอิงจากฐานข้อมูล PSU Esports Studio - Phuket,pipeline:general_llm_fallback,general/detail,100.0,True,2.0404,1,general_llm,,
MB-1488-GL-163,general_llm,general_llm,API คืออะไร ตอบให้เหมาะกับนักศึกษา,API คือ Application Programming Interface ช่วยให้โปรแกรมต่าง ๆ สื่อสารกันได้ง่ายขึ้นครับ หมายเหตุ: คำตอบนี้เป็นความรู้ทั่วไปของโมเดล ไม่ได้อ้างอิงจากฐานข้อมูล PSU Esports Studio - Phuket,pipeline:general_llm_fallback,general/general_knowledge_query,100.0,True,1.0291,1,general_llm,,
MB-1489-GL-164,general_llm,general_llm,JSON คืออะไร ตอบให้เหมาะกับนักศึกษา,JSON คือภาษาข้อมูลที่ใช้จัดเก็บและส่งข้อมูลในรูปแบบโครงสร้างชัดเจน เหมาะสำหรับนักศึกษาเรียนรู้ระบบคอมพิวเตอร์ครับ หมายเหตุ: คำตอบนี้เป็นความรู้ทั่วไปของโมเดล ไม่ได้อ้างอิงจากฐานข้อมูล PSU Esports Studio - Phuket,pipeline:general_llm_fallback,general/general_knowledge_query,100.0,True,1.4893,1,general_llm,,
MB-1490-GL-165,general_llm,general_llm,ช่วยสรุปวิธีพูดขอบคุณแบบสุภาพ 2 ประโยค ตอบให้เหมาะกับนักศึกษา,ขอบคุณสำหรับความช่วยเหลืออย่างยิ่งครับ ขอแสดงความชื่นชมและขอบคุณอีกครั้งครับ หมายเหตุ: คำตอบนี้เป็นความรู้ทั่วไปของโมเดล ไม่ได้อ้างอิงจากฐานข้อมูล PSU Esports Studio - Phuket,pipeline:general_llm_fallback,general/general_knowledge_query,100.0,True,1.2996,1,general_llm,,
MB-1491-GL-166,general_llm,general_llm,แปลคำว่า reservation เป็นภาษาไทย ตอบให้เหมาะกับนักศึกษา,การจองครับ หมายเหตุ: คำตอบนี้เป็นความรู้ทั่วไปของโมเดล ไม่ได้อ้างอิงจากฐานข้อมูล PSU Esports Studio - Phuket,pipeline:general_llm_fallback,general/detail,100.0,True,0.6801,1,general_llm,,
MB-1492-GL-167,general_llm,general_llm,เขียนประโยคประชาสัมพันธ์กิจกรรมแบบสุภาพหนึ่งประโยค ตอบให้เหมาะกับนักศึกษา,ขอเชิญนักศึกษาเข้าร่วมกิจกรรมเพื่อสร้างสรรค์พลังบวกและพัฒนาตนเองอย่างมีสุขภาพดีครับ หมายเหตุ: คำตอบนี้เป็นความรู้ทั่วไปของโมเดล ไม่ได้อ้างอิงจากฐานข้อมูล PSU Esports Studio - Phuket,pipeline:general_llm_fallback,general/detail,100.0,True,1.4266,1,general_llm,,
MB-1493-GL-168,general_llm,general_llm,คีย์บอร์ด mechanical คืออะไรแบบสั้น ตอบให้เหมาะกับนักศึกษา,คีย์บอร์ด mechanical เป็นคีย์บอร์ดที่ใช้ปุ่มกดแบบกลไก โดยแต่ละปุ่มมีชิ้นส่วนกลไกภายในทำให้กดได้แรงกระแทกชัดเจนและตอบสนองเร็วครับ หมายเหตุ: คำตอบนี้เป็นความรู้ทั่วไปของโมเดล ไม่ได้อ้างอิงจากฐานข้อมูล PSU Esports Studio - Phuket,pipeline:general_llm_fallback,general/detail,100.0,True,1.8808,1,general_llm,,
MB-1494-GL-169,general_llm,general_llm,GPU คืออะไรแบบเข้าใจง่าย ตอบให้เหมาะกับนักศึกษา,GPU คือชิปประมวลผลกราฟิก ใช้แสดงภาพเคลื่อนไหวและเกมบนคอมพิวเตอร์ได้ดีครับ หมายเหตุ: คำตอบนี้เป็นความรู้ทั่วไปของโมเดล ไม่ได้อ้างอิงจากฐานข้อมูล PSU Esports Studio - Phuket,pipeline:general_llm_fallback,general/general_knowledge_query,100.0,True,1.2085,1,general_llm,,
MB-1495-GL-170,general_llm,general_llm,server กับ client ต่างกันยังไง ตอบให้เหมาะกับนักศึกษา,คำตอบ: Server เป็นเซิร์ฟเวอร์ รับคำสั่งจาก Client ข้อดี: จัดการข้อมูลได้ดี มีความเสถียร ข้อเสีย: ต้องใช้โครงสร้างพื้นฐานรองรับครับ หมายเหตุ: คำตอบนี้เป็นความรู้ทั่วไปของโมเดล ไม่ได้อ้างอิงจากฐานข้อมูล PSU Esports Studio - Phuket,pipeline:general_llm_fallback,general/detail,100.0,True,1.8005,1,general_llm,,
MB-1496-GL-171,general_llm,general_llm,อธิบายคำว่า latency ในระบบคอมพิวเตอร์แบบสั้น ๆ เขียนเป็นภาษาไทยธรรมชาติ,Latency คือเวลาที่ใช้ระหว่างการส่งคำสั่งไปยังเครื่องจักรและได้รับผลลัพธ์กลับมาครับ หมายเหตุ: คำตอบนี้เป็นความรู้ทั่วไปของโมเดล ไม่ได้อ้างอิงจากฐานข้อมูล PSU Esports Studio - Phuket,pipeline:general_llm_fallback,general/detail,100.0,True,1.3477,1,general_llm,,
MB-1497-GL-172,general_llm,general_llm,เฟรมเรตกับความละเอียดต่างกันยังไง เขียนเป็นภาษาไทยธรรมชาติ,คำตอบ: เฟรมเรตคือจำนวนเฟรมต่อวินาที ความละเอียดคือคุณภาพภาพ ข้อดี: เฟรมเรตสูงทำให้เคลื่อนไหวลื่นไหลมากขึ้นครับ ข้อเสีย: ความละเอียดสูงใช้หน่วยความจำมากกว่าครับ หมายเหตุ: คำตอบนี้เป็นความรู้ทั่วไปของโมเดล ไม่ได้อ้างอิงจากฐานข้อมูล PSU Esports Studio - Phuket,pipeline:general_llm_fallback,general/detail,100.0,True,2.0914,1,general_llm,,
MB-1498-GL-173,general_llm,general_llm,API คืออะไร เขียนเป็นภาษาไทยธรรมชาติ,API คือ Application Programming Interface หรืออินเทอร์เฟซการเขียนโปรแกรมสำหรับแอปพลิเคชันครับ หมายเหตุ: คำตอบนี้เป็นความรู้ทั่วไปของโมเดล ไม่ได้อ้างอิงจากฐานข้อมูล PSU Esports Studio - Phuket,pipeline:general_llm_fallback,general/general_knowledge_query,100.0,True,1.0742,1,general_llm,,
MB-1499-GL-174,general_llm,general_llm,JSON คืออะไร เขียนเป็นภาษาไทยธรรมชาติ,JSON คือภาษาโปรแกรมที่ใช้จัดเก็บข้อมูลในรูปแบบโครงสร้างข้อมูลแบบตารางหรือพจนานุกรม โดยเขียนเป็นข้อความธรรมดาได้ง่ายครับ หมายเหตุ: คำตอบนี้เป็นความรู้ทั่วไปของโมเดล ไม่ได้อ้างอิงจากฐานข้อมูล PSU Esports Studio - Phuket,pipeline:general_llm_fallback,general/general_knowledge_query,100.0,True,1.4254,1,general_llm,,
MB-1500-GL-175,general_llm,general_llm,ช่วยสรุปวิธีพูดขอบคุณแบบสุภาพ 2 ประโยค เขียนเป็นภาษาไทยธรรมชาติ,ขอบคุณสำหรับความช่วยเหลืออย่างยิ่งครับ ขอแสดงความนับถือและขอบคุณอีกครั้งครับ หมายเหตุ: คำตอบนี้เป็นความรู้ทั่วไปของโมเดล ไม่ได้อ้างอิงจากฐานข้อมูล PSU Esports Studio - Phuket,pipeline:general_llm_fallback,general/general_knowledge_query,100.0,True,1.3016,1,general_llm,,
MB-1501-GL-176,general_llm,general_llm,แปลคำว่า reservation เป็นภาษาไทย เขียนเป็นภาษาไทยธรรมชาติ,การจองครับ หมายเหตุ: คำตอบนี้เป็นความรู้ทั่วไปของโมเดล ไม่ได้อ้างอิงจากฐานข้อมูล PSU Esports Studio - Phuket,pipeline:general_llm_fallback,general/detail,100.0,True,0.6831,1,general_llm,,
MB-1502-GL-177,general_llm,general_llm,เขียนประโยคประชาสัมพันธ์กิจกรรมแบบสุภาพหนึ่งประโยค เขียนเป็นภาษาไทยธรรมชาติ,มีกิจกรรมพิเศษกำลังจะมาถึง อย่าพลาดครับ หมายเหตุ: คำตอบนี้เป็นความรู้ทั่วไปของโมเดล ไม่ได้อ้างอิงจากฐานข้อมูล PSU Esports Studio - Phuket,pipeline:general_llm_fallback,general/detail,100.0,True,1.0048,1,general_llm,,
MB-1503-GL-178,general_llm,general_llm,คีย์บอร์ด mechanical คืออะไรแบบสั้น เขียนเป็นภาษาไทยธรรมชาติ,คีย์บอร์ด mechanical คือคีย์บอร์ดที่ใช้กลไกภายในแต่ละปุ่มแทนระบบไฟฟ้าหรือแม่เหล็กครับ หมายเหตุ: คำตอบนี้เป็นความรู้ทั่วไปของโมเดล ไม่ได้อ้างอิงจากฐานข้อมูล PSU Esports Studio - Phuket,pipeline:general_llm_fallback,general/detail,100.0,True,1.4558,1,general_llm,,
MB-1504-GL-179,general_llm,general_llm,GPU คืออะไรแบบเข้าใจง่าย เขียนเป็นภาษาไทยธรรมชาติ,GPU คือชิปประมวลผลกราฟิก ใช้จัดการภาพและเกมให้ไหลลื่นครับ หมายเหตุ: คำตอบนี้เป็นความรู้ทั่วไปของโมเดล ไม่ได้อ้างอิงจากฐานข้อมูล PSU Esports Studio - Phuket,pipeline:general_llm_fallback,general/general_knowledge_query,100.0,True,1.1084,1,general_llm,,
MB-1505-GL-180,general_llm,general_llm,server กับ client ต่างกันยังไง เขียนเป็นภาษาไทยธรรมชาติ,คำตอบ: Server เป็นเซิร์ฟเวอร์ ทำหน้าที่จัดการข้อมูลให้ Client ข้อดี: รองรับผู้ใช้งานหลายคนพร้อมกันได้ ข้อเสีย: ต้องใช้ทรัพยากรสูงและมีความเสี่ยงจากภัยคุกคามครับ หมายเหตุ: คำตอบนี้เป็นความรู้ทั่วไปของโมเดล ไม่ได้อ้างอิงจากฐานข้อมูล PSU Esports Studio - Phuket,pipeline:general_llm_fallback,general/detail,100.0,True,2.1323,1,general_llm,,
MB-1506-GL-181,general_llm,general_llm,อธิบายคำว่า latency ในระบบคอมพิวเตอร์แบบสั้น ๆ ขอแบบไม่เป็นทางการมาก,Latency คือเวลาที่ใช้ระหว่างทำอะไรบางอย่างแล้วได้ผลตอบแทนกลับมาครับ หมายเหตุ: คำตอบนี้เป็นความรู้ทั่วไปของโมเดล ไม่ได้อ้างอิงจากฐานข้อมูล PSU Esports Studio - Phuket,pipeline:general_llm_fallback,general/detail,100.0,True,1.0569,1,general_llm,,
MB-1507-GL-182,general_llm,general_llm,เฟรมเรตกับความละเอียดต่างกันยังไง ขอแบบไม่เป็นทางการมาก,คำตอบ: เฟรมเรตคือจำนวนเฟรมต่อวินาทีครับ ข้อดี: เล่นได้ลื่นไหลมากขึ้นครับ ข้อเสีย: ใช้ทรัพยากรสูงขึ้นครับ หมายเหตุ: คำตอบนี้เป็นความรู้ทั่วไปของโมเดล ไม่ได้อ้างอิงจากฐานข้อมูล PSU Esports Studio - Phuket,pipeline:general_llm_fallback,general/detail,100.0,True,1.6544,1,general_llm,,
MB-1508-GL-183,general_llm,general_llm,API คืออะไร ขอแบบไม่เป็นทางการมาก,API คือช่องทางที่แอปหรือเว็บหนึ่งสามารถสื่อสารกับอีกตัวหนึ่งได้โดยตรงครับ หมายเหตุ: คำตอบนี้เป็นความรู้ทั่วไปของโมเดล ไม่ได้อ้างอิงจากฐานข้อมูล PSU Esports Studio - Phuket,pipeline:general_llm_fallback,general/general_knowledge_query,100.0,True,1.2364,1,general_llm,,
MB-1509-GL-184,general_llm,general_llm,JSON คืออะไร ขอแบบไม่เป็นทางการมาก,JSON คือภาษาข้อมูลที่ใช้จัดเก็บและส่งข้อมูลระหว่างโปรแกรมต่าง ๆ โดยเขียนรูปแบบเหมือนเอกสารธรรมดาครับ หมายเหตุ: คำตอบนี้เป็นความรู้ทั่วไปของโมเดล ไม่ได้อ้างอิงจากฐานข้อมูล PSU Esports Studio - Phuket,pipeline:general_llm_fallback,general/general_knowledge_query,100.0,True,1.211,1,general_llm,,
MB-1510-GL-185,general_llm,general_llm,ช่วยสรุปวิธีพูดขอบคุณแบบสุภาพ 2 ประโยค ขอแบบไม่เป็นทางการมาก,ขอบคุณสำหรับความช่วยเหลือครับ มันทำให้รู้สึกดีใจมากเลยครับ หมายเหตุ: คำตอบนี้เป็นความรู้ทั่วไปของโมเดล ไม่ได้อ้างอิงจากฐานข้อมูล PSU Esports Studio - Phuket,pipeline:general_llm_fallback,general/general_knowledge_query,100.0,True,1.0577,1,general_llm,,
MB-1511-GL-186,general_llm,general_llm,แปลคำว่า reservation เป็นภาษาไทย ขอแบบไม่เป็นทางการมาก,การจองครับ หมายเหตุ: คำตอบนี้เป็นความรู้ทั่วไปของโมเดล ไม่ได้อ้างอิงจากฐานข้อมูล PSU Esports Studio - Phuket,pipeline:general_llm_fallback,general/detail,100.0,True,0.6175,1,general_llm,,
MB-1512-GL-187,general_llm,general_llm,เขียนประโยคประชาสัมพันธ์กิจกรรมแบบสุภาพหนึ่งประโยค ขอแบบไม่เป็นทางการมาก,มีกิจกรรมสนุก ๆ เตรียมไว้ให้ทุกคนได้ร่วมลุ้นรางวัลมากมายครับ หมายเหตุ: คำตอบนี้เป็นความรู้ทั่วไปของโมเดล ไม่ได้อ้างอิงจากฐานข้อมูล PSU Esports Studio - Phuket,pipeline:general_llm_fallback,general/detail,100.0,True,1.2311,1,general_llm,,
MB-1513-GL-188,general_llm,general_llm,คีย์บอร์ด mechanical คืออะไรแบบสั้น ขอแบบไม่เป็นทางการมาก,คีย์บอร์ด mechanical คือคีย์บอร์ดที่ใช้กลไกภายในแต่ละปุ่มแทนระบบไฟฟ้าแบบธรรมดาครับ หมายเหตุ: คำตอบนี้เป็นความรู้ทั่วไปของโมเดล ไม่ได้อ้างอิงจากฐานข้อมูล PSU Esports Studio - Phuket,pipeline:general_llm_fallback,general/detail,100.0,True,1.3469,1,general_llm,,
MB-1514-GL-189,general_llm,general_llm,GPU คืออะไรแบบเข้าใจง่าย ขอแบบไม่เป็นทางการมาก,GPU คือจอภาพในคอมพิวเตอร์ที่ช่วยให้เล่นเกมและดูภาพเคลื่อนไหวได้ไหลลื่นครับ หมายเหตุ: คำตอบนี้เป็นความรู้ทั่วไปของโมเดล ไม่ได้อ้างอิงจากฐานข้อมูล PSU Esports Studio - Phuket,pipeline:general_llm_fallback,general/general_knowledge_query,100.0,True,1.2586,1,general_llm,,
MB-1515-GL-190,general_llm,general_llm,server กับ client ต่างกันยังไง ขอแบบไม่เป็นทางการมาก,คำตอบ: Server เป็นเครื่องหลักให้บริการข้อมูล ขณะที่ Client เป็นอุปกรณ์ใช้งาน ข้อดี: Server เก็บข้อมูลไว้ได้มากและปลอดภัยกว่า ข้อเสีย: ต้องมีการตั้งค่าซับซ้อนและบำรุงรักษาเป็นระยะครับ หมายเหตุ: คำตอบนี้เป็นความรู้ทั่วไปของโมเดล ไม่ได้อ้างอิงจากฐานข้อมูล PSU Esports Studio - Phuket,pipeline:general_llm_fallback,general/detail,100.0,True,2.1363,1,general_llm,,
MB-1516-GL-191,general_llm,general_llm,อธิบายคำว่า latency ในระบบคอมพิวเตอร์แบบสั้น ๆ ขอแบบเป็นทางการ,Latency คือเวลาที่ใช้ในการตอบสนองระหว่างการส่งคำสั่งและได้รับผลลัพธ์กลับมาครับ หมายเหตุ: คำตอบนี้เป็นความรู้ทั่วไปของโมเดล ไม่ได้อ้างอิงจากฐานข้อมูล PSU Esports Studio - Phuket,pipeline:general_llm_fallback,general/detail,100.0,True,1.2555,1,general_llm,,
MB-1517-GL-192,general_llm,general_llm,เฟรมเรตกับความละเอียดต่างกันยังไง ขอแบบเป็นทางการ,คำตอบ: เฟรมเรตคือจำนวนเฟรมต่อวินาที ความละเอียดคือขนาดภาพครับ ข้อดี: เฟรมเรตส่งผลต่อความลื่นไหลของภาพครับ ข้อเสีย: ความละเอียดสูงอาจทำให้ใช้หน่วยความจำมากครับ หมายเหตุ: คำตอบนี้เป็นความรู้ทั่วไปของโมเดล ไม่ได้อ้างอิงจากฐานข้อมูล PSU Esports Studio - Phuket,pipeline:general_llm_fallback,general/detail,100.0,True,1.9496,1,general_llm,,
MB-1518-GL-193,general_llm,general_llm,API คืออะไร ขอแบบเป็นทางการ,API คือ Application Programming Interface ซึ่งเป็นช่องทางที่โปรแกรมหนึ่งสามารถสื่อสารและทำงานร่วมกับโปรแกรมอื่นได้ครับ หมายเหตุ: คำตอบนี้เป็นความรู้ทั่วไปของโมเดล ไม่ได้อ้างอิงจากฐานข้อมูล PSU Esports Studio - Phuket,pipeline:general_llm_fallback,general/general_knowledge_query,100.0,True,1.2286,1,general_llm,,
MB-1519-GL-194,general_llm,general_llm,JSON คืออะไร ขอแบบเป็นทางการ,JSON คือ JavaScript Object Notation เป็นมาตรฐานสำหรับการแลกเปลี่ยนข้อมูลในรูปแบบโครงสร้างข้อมูลครับ หมายเหตุ: คำตอบนี้เป็นความรู้ทั่วไปของโมเดล ไม่ได้อ้างอิงจากฐานข้อมูล PSU Esports Studio - Phuket,pipeline:general_llm_fallback,general/general_knowledge_query,100.0,True,1.1015,1,general_llm,,
MB-1520-GL-195,general_llm,general_llm,ช่วยสรุปวิธีพูดขอบคุณแบบสุภาพ 2 ประโยค ขอแบบเป็นทางการ,ขอบคุณสำหรับความช่วยเหลืออย่างยิ่งครับ ขอแสดงความนับถืออย่างสูงสุดครับ หมายเหตุ: คำตอบนี้เป็นความรู้ทั่วไปของโมเดล ไม่ได้อ้างอิงจากฐานข้อมูล PSU Esports Studio - Phuket,pipeline:general_llm_fallback,general/general_knowledge_query,100.0,True,1.1832,1,general_llm,,
MB-1521-GL-196,general_llm,general_llm,แปลคำว่า reservation เป็นภาษาไทย ขอแบบเป็นทางการ,การจองครับ หมายเหตุ: คำตอบนี้เป็นความรู้ทั่วไปของโมเดล ไม่ได้อ้างอิงจากฐานข้อมูล PSU Esports Studio - Phuket,pipeline:general_llm_fallback,general/detail,100.0,True,0.6321,1,general_llm,,
MB-1522-GL-197,general_llm,general_llm,เขียนประโยคประชาสัมพันธ์กิจกรรมแบบสุภาพหนึ่งประโยค ขอแบบเป็นทางการ,ขอเชิญร่วมกิจกรรมอย่างอบอุ่นและเป็นทางการครับ หมายเหตุ: คำตอบนี้เป็นความรู้ทั่วไปของโมเดล ไม่ได้อ้างอิงจากฐานข้อมูล PSU Esports Studio - Phuket,pipeline:general_llm_fallback,general/detail,100.0,True,1.0021,1,general_llm,,
MB-1523-GL-198,general_llm,general_llm,คีย์บอร์ด mechanical คืออะไรแบบสั้น ขอแบบเป็นทางการ,คีย์บอร์ด mechanical เป็นคีย์บอร์ดที่ใช้กลไกภายในแต่ละปุ่มในการตอบสนองแทนระบบแม่เหล็กไฟฟ้าครับ หมายเหตุ: คำตอบนี้เป็นความรู้ทั่วไปของโมเดล ไม่ได้อ้างอิงจากฐานข้อมูล PSU Esports Studio - Phuket,pipeline:general_llm_fallback,general/detail,100.0,True,1.3958,1,general_llm,,
MB-1524-GL-199,general_llm,general_llm,GPU คืออะไรแบบเข้าใจง่าย ขอแบบเป็นทางการ,GPU คือ Graphics Processing Unit หรือหน่วยประมวลผลกราฟิก ใช้จัดการการแสดงผลภาพและกราฟิกในคอมพิวเตอร์ครับ หมายเหตุ: คำตอบนี้เป็นความรู้ทั่วไปของโมเดล ไม่ได้อ้างอิงจากฐานข้อมูล PSU Esports Studio - Phuket,pipeline:general_llm_fallback,general/general_knowledge_query,100.0,True,1.2797,1,general_llm,,
MB-1525-GL-200,general_llm,general_llm,server กับ client ต่างกันยังไง ขอแบบเป็นทางการ,คำตอบ: Server และ Client มีหน้าที่แตกต่างกันชัดเจนครับ ข้อดี: Server จัดการข้อมูลหลักและให้บริการแก่ Client ได้อย่างมีประสิทธิภาพครับ ข้อเสีย: Client ต้องพึ่งพา Server หากเกิดปัญหาอาจส่งผลต่อการทำงานครับ หมายเหตุ: คำตอบนี้เป็นความรู้ทั่วไปของโมเดล ไม่ได้อ้างอิงจากฐานข้อมูล PSU Esports Studio - Phuket,pipeline:general_llm_fallback,general/detail,100.0,True,2.1569,1,general_llm,,
MB-1526-GL-201,general_llm,general_llm,อธิบายคำว่า latency ในระบบคอมพิวเตอร์แบบสั้น ๆ ช่วยสรุปใจความสำคัญ,Latency คือเวลาที่ใช้ในการตอบสนองระหว่างการกระทำกับผลลัพธ์ครับ หมายเหตุ: คำตอบนี้เป็นความรู้ทั่วไปของโมเดล ไม่ได้อ้างอิงจากฐานข้อมูล PSU Esports Studio - Phuket,pipeline:general_llm_fallback,general/detail,100.0,True,1.0386,1,general_llm,,
MB-1527-GL-202,general_llm,general_llm,เฟรมเรตกับความละเอียดต่างกันยังไง ช่วยสรุปใจความสำคัญ,คำตอบ: เฟรมเรตคือจำนวนเฟรมต่อวินาที ส่วนความละเอียดคือคุณภาพภาพ ข้อดี: เฟรมเรตสูงทำให้เคลื่อนไหวลื่นไหลมากขึ้นครับ ข้อเสีย: ความละเอียดสูงใช้หน่วยความจำมากกว่าครับ หมายเหตุ: คำตอบนี้เป็นความรู้ทั่วไปของโมเดล ไม่ได้อ้างอิงจากฐานข้อมูล PSU Esports Studio - Phuket,pipeline:general_llm_fallback,general/detail,100.0,True,2.0792,1,general_llm,,
MB-1528-GL-203,general_llm,general_llm,API คืออะไร ช่วยสรุปใจความสำคัญ,API คือ Application Programming Interface ซึ่งช่วยให้โปรแกรมต่าง ๆ สื่อสารและทำงานร่วมกันได้อย่างมีประสิทธิภาพครับ หมายเหตุ: คำตอบนี้เป็นความรู้ทั่วไปของโมเดล ไม่ได้อ้างอิงจากฐานข้อมูล PSU Esports Studio - Phuket,pipeline:general_llm_fallback,general/general_knowledge_query,100.0,True,1.2833,1,general_llm,,
MB-1529-GL-204,general_llm,general_llm,JSON คืออะไร ช่วยสรุปใจความสำคัญ,JSON คือภาษาข้อมูลโครงสร้างแบบพิมพ์ง่ายที่ใช้สื่อสารข้อมูลระหว่างระบบต่าง ๆ โดยมีรูปแบบชัดเจนและเข้าใจง่ายครับ หมายเหตุ: คำตอบนี้เป็นความรู้ทั่วไปของโมเดล ไม่ได้อ้างอิงจากฐานข้อมูล PSU Esports Studio - Phuket,pipeline:general_llm_fallback,general/general_knowledge_query,100.0,True,1.4271,1,general_llm,,
MB-1530-GL-205,general_llm,general_llm,ช่วยสรุปวิธีพูดขอบคุณแบบสุภาพ 2 ประโยค ช่วยสรุปใจความสำคัญ,ขอบคุณสำหรับความช่วยเหลือและความใส่ใจเสมอมาครับ ขอแสดงความชื่นชมและขอบคุณอีกครั้งครับ หมายเหตุ: คำตอบนี้เป็นความรู้ทั่วไปของโมเดล ไม่ได้อ้างอิงจากฐานข้อมูล PSU Esports Studio - Phuket,pipeline:general_llm_fallback,general/general_knowledge_query,100.0,True,1.3112,1,general_llm,,
MB-1531-GL-206,general_llm,general_llm,แปลคำว่า reservation เป็นภาษาไทย ช่วยสรุปใจความสำคัญ,การจองครับ หมายเหตุ: คำตอบนี้เป็นความรู้ทั่วไปของโมเดล ไม่ได้อ้างอิงจากฐานข้อมูล PSU Esports Studio - Phuket,pipeline:general_llm_fallback,general/detail,100.0,True,0.6307,1,general_llm,,
MB-1532-GL-207,general_llm,general_llm,เขียนประโยคประชาสัมพันธ์กิจกรรมแบบสุภาพหนึ่งประโยค ช่วยสรุปใจความสำคัญ,ขอเชิญร่วมกิจกรรมเพื่อสร้างสรรค์และแบ่งปันประสบการณ์ร่วมกันครับ หมายเหตุ: คำตอบนี้เป็นความรู้ทั่วไปของโมเดล ไม่ได้อ้างอิงจากฐานข้อมูล PSU Esports Studio - Phuket,pipeline:general_llm_fallback,general/detail,100.0,True,1.161,1,general_llm,,
MB-1533-GL-208,general_llm,general_llm,คีย์บอร์ด mechanical คืออะไรแบบสั้น ช่วยสรุปใจความสำคัญ,คีย์บอร์ด mechanical เป็นคีย์บอร์ดที่ใช้กลไกภายในแต่ละปุ่มแทนระบบแม่เหล็กหรือไฟฟ้า เพื่อให้ตอบสนองเร็วและแม่นยำกว่าครับ หมายเหตุ: คำตอบนี้เป็นความรู้ทั่วไปของโมเดล ไม่ได้อ้างอิงจากฐานข้อมูล PSU Esports Studio - Phuket,pipeline:general_llm_fallback,general/detail,100.0,True,1.7019,1,general_llm,,
MB-1534-GL-209,general_llm,general_llm,GPU คืออะไรแบบเข้าใจง่าย ช่วยสรุปใจความสำคัญ,GPU คือจอภาพแรงงานช่วยประมวลผลกราฟิกให้ภาพเคลื่อนไหวลื่นไหลครับ หมายเหตุ: คำตอบนี้เป็นความรู้ทั่วไปของโมเดล ไม่ได้อ้างอิงจากฐานข้อมูล PSU Esports Studio - Phuket,pipeline:general_llm_fallback,general/general_knowledge_query,100.0,True,1.0552,1,general_llm,,
MB-1535-GL-210,general_llm,general_llm,server กับ client ต่างกันยังไง ช่วยสรุปใจความสำคัญ,คำตอบ: Server เป็นเซิร์ฟเวอร์ จัดการข้อมูลให้ Client ข้อดี: เซิร์ฟเวอร์จัดเก็บข้อมูลและบริการได้ตลอดเวลา ข้อเสีย: ต้องใช้โครงสร้างพื้นฐานรองรับอย่างมั่นคงครับ หมายเหตุ: คำตอบนี้เป็นความรู้ทั่วไปของโมเดล ไม่ได้อ้างอิงจากฐานข้อมูล PSU Esports Studio - Phuket,pipeline:general_llm_fallback,general/detail,100.0,True,2.0475,1,general_llm,,
MB-1536-GL-211,general_llm,general_llm,อธิบายคำว่า latency ในระบบคอมพิวเตอร์แบบสั้น ๆ ตอบแบบ bullet สั้น ๆ,• Latency คือเวลาที่ใช้ในการตอบสนองต่อคำสั่งในระบบคอมพิวเตอร์ครับ • มีผลต่อประสิทธิภาพการทำงานโดยตรงครับ หมายเหตุ: คำตอบนี้เป็นความรู้ทั่วไปของโมเดล ไม่ได้อ้างอิงจากฐานข้อมูล PSU Esports Studio - Phuket,pipeline:general_llm_fallback,general/detail,100.0,True,1.3987,1,general_llm,,
MB-1537-GL-212,general_llm,general_llm,เฟรมเรตกับความละเอียดต่างกันยังไง ตอบแบบ bullet สั้น ๆ,คำตอบ: เฟรมเรตคือจำนวนเฟรมต่อวินาที ความละเอียดคือขนาดภาพครับ ข้อดี: เฟรมเรตสูงทำให้เคลื่อนไหวลื่นไหลครับ ข้อเสีย: ความละเอียดสูงใช้หน่วยความจำมากครับ หมายเหตุ: คำตอบนี้เป็นความรู้ทั่วไปของโมเดล ไม่ได้อ้างอิงจากฐานข้อมูล PSU Esports Studio - Phuket,pipeline:general_llm_fallback,general/detail,100.0,True,2.0022,1,general_llm,,
MB-1538-GL-213,general_llm,general_llm,API คืออะไร ตอบแบบ bullet สั้น ๆ,• API คือ Application Programming Interface ครับ • เป็นช่องทางให้โปรแกรมต่าง ๆ สื่อสารกันได้ครับ หมายเหตุ: คำตอบนี้เป็นความรู้ทั่วไปของโมเดล ไม่ได้อ้างอิงจากฐานข้อมูล PSU Esports Studio - Phuket,pipeline:general_llm_fallback,general/general_knowledge_query,100.0,True,1.0654,1,general_llm,,
MB-1539-GL-214,general_llm,general_llm,JSON คืออะไร ตอบแบบ bullet สั้น ๆ,• JSON เป็นรูปแบบข้อมูลที่ใช้แทนค่าต่าง ๆ ในโปรแกรมได้อย่างมีประสิทธิภาพครับ • มักใช้ในการสื่อสารข้อมูลระหว่างระบบต่าง ๆ ได้อย่างรวดเร็วและชัดเจนครับ หมายเหตุ: คำตอบนี้เป็นความรู้ทั่วไปของโมเดล ไม่ได้อ้างอิงจากฐานข้อมูล PSU Esports Studio - Phuket,pipeline:general_llm_fallback,general/general_knowledge_query,100.0,True,1.6748,1,general_llm,,
MB-1540-GL-215,general_llm,general_llm,ช่วยสรุปวิธีพูดขอบคุณแบบสุภาพ 2 ประโยค ตอบแบบ bullet สั้น ๆ,• ขอบคุณสำหรับความช่วยเหลืออย่างยิ่งครับ • ยินดีเป็นอย่างยิ่งที่ได้ร่วมงานกับคุณครับ หมายเหตุ: คำตอบนี้เป็นความรู้ทั่วไปของโมเดล ไม่ได้อ้างอิงจากฐานข้อมูล PSU Esports Studio - Phuket,pipeline:general_llm_fallback,general/general_knowledge_query,100.0,True,1.4162,1,general_llm,,
MB-1541-GL-216,general_llm,general_llm,แปลคำว่า reservation เป็นภาษาไทย ตอบแบบ bullet สั้น ๆ,การจองครับ หมายเหตุ: คำตอบนี้เป็นความรู้ทั่วไปของโมเดล ไม่ได้อ้างอิงจากฐานข้อมูล PSU Esports Studio - Phuket,pipeline:general_llm_fallback,general/detail,100.0,True,0.6543,1,general_llm,,
MB-1542-GL-217,general_llm,general_llm,เขียนประโยคประชาสัมพันธ์กิจกรรมแบบสุภาพหนึ่งประโยค ตอบแบบ bullet สั้น ๆ,มีกิจกรรมพิเศษกำลังจะจัดขึ้นอย่างยิ่งใหญ่ครับ หมายเหตุ: คำตอบนี้เป็นความรู้ทั่วไปของโมเดล ไม่ได้อ้างอิงจากฐานข้อมูล PSU Esports Studio - Phuket,pipeline:general_llm_fallback,general/detail,100.0,True,1.1435,1,general_llm,,
MB-1543-GL-218,general_llm,general_llm,คีย์บอร์ด mechanical คืออะไรแบบสั้น ตอบแบบ bullet สั้น ๆ,• คีย์บอร์ดกลไกใช้ลูกศรกลไกภายในแทนแป้นพิมพ์ธรรมดาครับ • เปลี่ยนเสียงกดให้ชัดเจน เสียงดัง และตอบสนองเร็วครับ หมายเหตุ: คำตอบนี้เป็นความรู้ทั่วไปของโมเดล ไม่ได้อ้างอิงจากฐานข้อมูล PSU Esports Studio - Phuket,pipeline:general_llm_fallback,general/detail,100.0,True,1.6702,1,general_llm,,
MB-1544-GL-219,general_llm,general_llm,GPU คืออะไรแบบเข้าใจง่าย ตอบแบบ bullet สั้น ๆ,• GPU คือชิปประมวลผลกราฟิก ใช้แสดงภาพบนหน้าจอ • เหมาะสำหรับเล่นเกมและงานออกแบบกราฟิกครับ หมายเหตุ: คำตอบนี้เป็นความรู้ทั่วไปของโมเดล ไม่ได้อ้างอิงจากฐานข้อมูล PSU Esports Studio - Phuket,pipeline:general_llm_fallback,general/general_knowledge_query,100.0,True,1.2789,1,general_llm,,
MB-1545-GL-220,general_llm,general_llm,server กับ client ต่างกันยังไง ตอบแบบ bullet สั้น ๆ,คำตอบ: Server เป็นเซิร์ฟเวอร์ รับคำสั่งจาก Client ข้อดี: จัดการข้อมูลได้ดี มีความเร็วสูง ข้อเสีย: ต้องใช้โครงสร้างพื้นฐานรองรับครับ หมายเหตุ: คำตอบนี้เป็นความรู้ทั่วไปของโมเดล ไม่ได้อ้างอิงจากฐานข้อมูล PSU Esports Studio - Phuket,pipeline:general_llm_fallback,general/detail,100.0,True,1.8497,1,general_llm,,
MB-1546-GL-221,general_llm,general_llm,อธิบายคำว่า latency ในระบบคอมพิวเตอร์แบบสั้น ๆ ตอบแบบประโยคเดียว,Latency คือเวลาที่ใช้ในการตอบสนองระหว่างคำสั่งกับระบบครับ หมายเหตุ: คำตอบนี้เป็นความรู้ทั่วไปของโมเดล ไม่ได้อ้างอิงจากฐานข้อมูล PSU Esports Studio - Phuket,pipeline:general_llm_fallback,general/detail,100.0,True,1.0451,1,general_llm,,
MB-1547-GL-222,general_llm,general_llm,เฟรมเรตกับความละเอียดต่างกันยังไง ตอบแบบประโยคเดียว,เฟรมเรตกำหนดจำนวนเฟรมต่อวินาที ส่วนความละเอียดคือขนาดภาพครับ ข้อดี: เฟรมเรตส่งผลต่อความลื่นไหลของภาพ ข้อเสีย: ความละเอียดสูงอาจทำให้ใช้หน่วยความจำมากครับ หมายเหตุ: คำตอบนี้เป็นความรู้ทั่วไปของโมเดล ไม่ได้อ้างอิงจากฐานข้อมูล PSU Esports Studio - Phuket,pipeline:general_llm_fallback,general/detail,100.0,True,1.9279,1,general_llm,,
MB-1548-GL-223,general_llm,general_llm,API คืออะไร ตอบแบบประโยคเดียว,API คือ Application Programming Interface ครับ หมายเหตุ: คำตอบนี้เป็นความรู้ทั่วไปของโมเดล ไม่ได้อ้างอิงจากฐานข้อมูล PSU Esports Studio - Phuket,pipeline:general_llm_fallback,general/general_knowledge_query,100.0,True,0.6603,1,general_llm,,
MB-1549-GL-224,general_llm,general_llm,JSON คืออะไร ตอบแบบประโยคเดียว,JSON คือภาษาสำหรับการแลกเปลี่ยนข้อมูลในรูปแบบโครงสร้างข้อมูลแบบพิมพ์ได้ครับ หมายเหตุ: คำตอบนี้เป็นความรู้ทั่วไปของโมเดล ไม่ได้อ้างอิงจากฐานข้อมูล PSU Esports Studio - Phuket,pipeline:general_llm_fallback,general/general_knowledge_query,100.0,True,1.2005,1,general_llm,,
MB-1550-GL-225,general_llm,general_llm,ช่วยสรุปวิธีพูดขอบคุณแบบสุภาพ 2 ประโยค ตอบแบบประโยคเดียว,ขอบคุณสำหรับความช่วยเหลืออย่างยิ่งครับ สุดยอดมากเลยครับ หมายเหตุ: คำตอบนี้เป็นความรู้ทั่วไปของโมเดล ไม่ได้อ้างอิงจากฐานข้อมูล PSU Esports Studio - Phuket,pipeline:general_llm_fallback,general/general_knowledge_query,100.0,True,1.0142,1,general_llm,,
MB-1551-GL-226,general_llm,general_llm,แปลคำว่า reservation เป็นภาษาไทย ตอบแบบประโยคเดียว,"คำว่า reservation ในภาษาไทยคือ ""การจองครับ"" หมายเหตุ: คำตอบนี้เป็นความรู้ทั่วไปของโมเดล ไม่ได้อ้างอิงจากฐานข้อมูล PSU Esports Studio - Phuket",pipeline:general_llm_fallback,general/detail,100.0,True,0.831,1,general_llm,,
MB-1552-GL-227,general_llm,general_llm,เขียนประโยคประชาสัมพันธ์กิจกรรมแบบสุภาพหนึ่งประโยค ตอบแบบประโยคเดียว,ขอเชิญร่วมกิจกรรมเพื่อสร้างสรรค์และแบ่งปันความสนุกสนานครับ หมายเหตุ: คำตอบนี้เป็นความรู้ทั่วไปของโมเดล ไม่ได้อ้างอิงจากฐานข้อมูล PSU Esports Studio - Phuket,pipeline:general_llm_fallback,general/detail,100.0,True,1.1342,1,general_llm,,
MB-1553-GL-228,general_llm,general_llm,คีย์บอร์ด mechanical คืออะไรแบบสั้น ตอบแบบประโยคเดียว,คีย์บอร์ด mechanical เป็นคีย์บอร์ดที่ใช้กลไกภายในแต่ละปุ่มแทนระบบแม่เหล็กครับ หมายเหตุ: คำตอบนี้เป็นความรู้ทั่วไปของโมเดล ไม่ได้อ้างอิงจากฐานข้อมูล PSU Esports Studio - Phuket,pipeline:general_llm_fallback,general/detail,100.0,True,1.2978,1,general_llm,,
MB-1554-GL-229,general_llm,general_llm,GPU คืออะไรแบบเข้าใจง่าย ตอบแบบประโยคเดียว,GPU คือชิปประมวลผลกราฟิกที่ใช้แสดงภาพและเคลื่อนไหวบนหน้าจอครับ หมายเหตุ: คำตอบนี้เป็นความรู้ทั่วไปของโมเดล ไม่ได้อ้างอิงจากฐานข้อมูล PSU Esports Studio - Phuket,pipeline:general_llm_fallback,general/general_knowledge_query,100.0,True,1.0719,1,general_llm,,
MB-1555-GL-230,general_llm,general_llm,server กับ client ต่างกันยังไง ตอบแบบประโยคเดียว,คำตอบ: Server เป็นเซิร์ฟเวอร์ที่ให้บริการข้อมูลแก่ Client ครับ ข้อดี: เซิร์ฟเวอร์จัดเก็บข้อมูลได้มากและมีความเสถียร ข้อเสีย: การเชื่อมต่ออาจช้าหากเครือข่ายไม่ดีครับ หมายเหตุ: คำตอบนี้เป็นความรู้ทั่วไปของโมเดล ไม่ได้อ้างอิงจากฐานข้อมูล PSU Esports Studio - Phuket,pipeline:general_llm_fallback,general/detail,100.0,True,2.0861,1,general_llm,,
MB-1556-GL-231,general_llm,general_llm,อธิบายคำว่า latency ในระบบคอมพิวเตอร์แบบสั้น ๆ อธิบายข้อดีข้อเสียสั้น ๆ,คำตอบ: Latency คือเวลาตอบสนองของระบบคอมพิวเตอร์ครับ ข้อดี: เพิ่มประสิทธิภาพการทำงานทันทีครับ ข้อเสีย: ส่งผลต่อความเร็วในการประมวลผลครับ หมายเหตุ: คำตอบนี้เป็นความรู้ทั่วไปของโมเดล ไม่ได้อ้างอิงจากฐานข้อมูล PSU Esports Studio - Phuket,pipeline:general_llm_fallback,general/detail,100.0,True,1.6424,1,general_llm,,
MB-1557-GL-232,general_llm,general_llm,เฟรมเรตกับความละเอียดต่างกันยังไง อธิบายข้อดีข้อเสียสั้น ๆ,คำตอบ: เฟรมเรตกำหนดความเร็วภาพ ส่วนความละเอียดคือความคมชัดของภาพครับ ข้อดี: เฟรมเรตสูงทำให้เคลื่อนไหวลื่นไหลมากขึ้นครับ ข้อเสีย: เฟรมเรตสูงอาจทำให้ใช้แบตเตอรี่เร็วขึ้นครับ หมายเหตุ: คำตอบนี้เป็นความรู้ทั่วไปของโมเดล ไม่ได้อ้างอิงจากฐานข้อมูล PSU Esports Studio - Phuket,pipeline:general_llm_fallback,general/detail,100.0,True,2.0932,1,general_llm,,
MB-1558-GL-233,general_llm,general_llm,API คืออะไร อธิบายข้อดีข้อเสียสั้น ๆ,คำตอบ: API คือ Application Programming Interface ที่ช่วยให้โปรแกรมต่าง ๆ สื่อสารกันได้ ข้อดี: เพิ่มประสิทธิภาพการทำงานและลดเวลาพัฒนาซอฟต์แวร์ ข้อเสีย: อาจเกิดปัญหาความปลอดภัยหากไม่มีการควบคุมอย่างเหมาะสมครับ หมายเหตุ: คำตอบนี้เป็นความรู้ทั่วไปของโมเดล ไม่ได้อ้างอิงจากฐานข้อมูล PSU Esports Studio - Phuket,pipeline:general_llm_fallback,general/detail,100.0,True,2.0514,1,general_llm,,
MB-1559-GL-234,general_llm,general_llm,JSON คืออะไร อธิบายข้อดีข้อเสียสั้น ๆ,คำตอบ: JSON เป็นรูปแบบข้อมูลที่ใช้แลกเปลี่ยนข้อมูลระหว่างระบบต่าง ๆ ข้อดี: อ่านเข้าใจง่าย เขียนง่าย มีมาตรฐานกว้างขวาง ข้อเสีย: ไม่รองรับตรรกะหรือฟังก์ชันได้ดีเท่าภาษาโปรแกรมครับ หมายเหตุ: คำตอบนี้เป็นความรู้ทั่วไปของโมเดล ไม่ได้อ้างอิงจากฐานข้อมูล PSU Esports Studio - Phuket,pipeline:general_llm_fallback,general/detail,100.0,True,2.0258,1,general_llm,,
MB-1560-GL-235,general_llm,general_llm,ช่วยสรุปวิธีพูดขอบคุณแบบสุภาพ 2 ประโยค อธิบายข้อดีข้อเสียสั้น ๆ,คำตอบ: พูดขอบคุณอย่างจริงใจและชัดเจน ข้อดี: สื่อถึงความเคารพและความประทับใจ ข้อเสีย: อาจรู้สึกไม่เพียงพอหากไม่ชัดเจนครับ หมายเหตุ: คำตอบนี้เป็นความรู้ทั่วไปของโมเดล ไม่ได้อ้างอิงจากฐานข้อมูล PSU Esports Studio - Phuket,pipeline:general_llm_fallback,general/detail,100.0,True,1.6262,1,general_llm,,
MB-1561-GL-236,general_llm,general_llm,แปลคำว่า reservation เป็นภาษาไทย อธิบายข้อดีข้อเสียสั้น ๆ,คำตอบ: การจองค่าใช้จ่ายล่วงหน้า ข้อดี: ได้รับส่วนลดและเวลาจองแน่นอน ข้อเสีย: อาจต้องชำระเงินล่วงหน้าครับ หมายเหตุ: คำตอบนี้เป็นความรู้ทั่วไปของโมเดล ไม่ได้อ้างอิงจากฐานข้อมูล PSU Esports Studio - Phuket,pipeline:general_llm_fallback,general/detail,100.0,True,1.5177,1,general_llm,,
MB-1562-GL-237,general_llm,general_llm,เขียนประโยคประชาสัมพันธ์กิจกรรมแบบสุภาพหนึ่งประโยค อธิบายข้อดีข้อเสียสั้น ๆ,ขอเชิญร่วมกิจกรรมเพื่อพบปะแลกเปลี่ยนความรู้และสร้างสรรค์ผลงานร่วมกันครับ โดยข้อดีคือได้เรียนรู้จากผู้อื่นและเสริมสร้างทักษะ ส่วนข้อเสียอาจต้องใช้เวลาเตรียมตัวและวางแผนล่วงหน้าครับ หมายเหตุ: คำตอบนี้เป็นความรู้ทั่วไปของโมเดล ไม่ได้อ้างอิงจากฐานข้อมูล PSU Esports Studio - Phuket,pipeline:general_llm_fallback,general/detail,100.0,True,2.2816,1,general_llm,,
MB-1563-GL-238,general_llm,general_llm,คีย์บอร์ด mechanical คืออะไรแบบสั้น อธิบายข้อดีข้อเสียสั้น ๆ,คำตอบ: คีย์บอร์ดมีชิปกลไกภายในที่ตอบสนองเร็วและแม่นยำ ข้อดี: เร็ว แม่นยำ มีเสียงตีชัดเจน ข้อเสีย: ราคาสูงกว่าแบบธรรมดาครับ หมายเหตุ: คำตอบนี้เป็นความรู้ทั่วไปของโมเดล ไม่ได้อ้างอิงจากฐานข้อมูล PSU Esports Studio - Phuket,pipeline:general_llm_fallback,general/detail,100.0,True,1.9781,1,general_llm,,
MB-1564-GL-239,general_llm,general_llm,GPU คืออะไรแบบเข้าใจง่าย อธิบายข้อดีข้อเสียสั้น ๆ,คำตอบ: GPU คือชิปประมวลผลกราฟิกใช้แสดงภาพจอครับ ข้อดี: เล่นเกมไหลลื่นและกราฟิกคมชัดมากครับ ข้อเสีย: ใช้พลังงานสูงและราคาแพงครับ หมายเหตุ: คำตอบนี้เป็นความรู้ทั่วไปของโมเดล ไม่ได้อ้างอิงจากฐานข้อมูล PSU Esports Studio - Phuket,pipeline:general_llm_fallback,general/detail,100.0,True,1.7044,1,general_llm,,
MB-1565-GL-240,general_llm,general_llm,server กับ client ต่างกันยังไง อธิบายข้อดีข้อเสียสั้น ๆ,คำตอบ: Server เป็นเซิร์ฟเวอร์ จัดการข้อมูลให้ Client ข้อดี: เซิร์ฟเวอร์ควบคุมระบบได้ดี มีความปลอดภัยสูง ข้อเสีย: ต้องใช้โครงสร้างพื้นฐานรองรับมากครับ หมายเหตุ: คำตอบนี้เป็นความรู้ทั่วไปของโมเดล ไม่ได้อ้างอิงจากฐานข้อมูล PSU Esports Studio - Phuket,pipeline:general_llm_fallback,general/detail,100.0,True,1.9492,1,general_llm,,
MB-1566-GL-241,general_llm,general_llm,อธิบายคำว่า latency ในระบบคอมพิวเตอร์แบบสั้น ๆ ให้คำจำกัดความแบบสั้น,Latency คือเวลาที่ใช้ในการตอบสนองระหว่างการส่งคำสั่งและได้รับผลลัพธ์กลับมาครับ หมายเหตุ: คำตอบนี้เป็นความรู้ทั่วไปของโมเดล ไม่ได้อ้างอิงจากฐานข้อมูล PSU Esports Studio - Phuket,pipeline:general_llm_fallback,general/detail,100.0,True,1.2372,1,general_llm,,
MB-1567-GL-242,general_llm,general_llm,เฟรมเรตกับความละเอียดต่างกันยังไง ให้คำจำกัดความแบบสั้น,คำตอบ: เฟรมเรตคือจำนวนเฟรมต่อวินาที ความละเอียดคือขนาดภาพครับ ข้อดี: เฟรมเรตสูงทำให้เคลื่อนไหวลื่นไหลมากขึ้นครับ ข้อเสีย: ความละเอียดสูงใช้หน่วยความจำมากกว่าครับ หมายเหตุ: คำตอบนี้เป็นความรู้ทั่วไปของโมเดล ไม่ได้อ้างอิงจากฐานข้อมูล PSU Esports Studio - Phuket,pipeline:general_llm_fallback,general/detail,100.0,True,2.0486,1,general_llm,,
MB-1568-GL-243,general_llm,general_llm,API คืออะไร ให้คำจำกัดความแบบสั้น,API คือ Application Programming Interface ซึ่งเป็นช่องทางที่โปรแกรมหนึ่งสามารถสื่อสารและใช้งานฟังก์ชันของโปรแกรมอีกโปรแกรมหนึ่งได้ครับ หมายเหตุ: คำตอบนี้เป็นความรู้ทั่วไปของโมเดล ไม่ได้อ้างอิงจากฐานข้อมูล PSU Esports Studio - Phuket,pipeline:general_llm_fallback,general/general_knowledge_query,100.0,True,1.4226,1,general_llm,,
MB-1569-GL-244,general_llm,general_llm,JSON คืออะไร ให้คำจำกัดความแบบสั้น,JSON คือ JavaScript Object Notation เป็นรูปแบบข้อมูลที่ใช้จัดเก็บและแลกเปลี่ยนข้อมูลในรูปแบบโครงสร้างต้นไม้ครับ หมายเหตุ: คำตอบนี้เป็นความรู้ทั่วไปของโมเดล ไม่ได้อ้างอิงจากฐานข้อมูล PSU Esports Studio - Phuket,pipeline:general_llm_fallback,general/general_knowledge_query,100.0,True,1.3394,1,general_llm,,
MB-1570-GL-245,general_llm,general_llm,ช่วยสรุปวิธีพูดขอบคุณแบบสุภาพ 2 ประโยค ให้คำจำกัดความแบบสั้น,ขอบคุณสำหรับการสนับสนุนและคำแนะนำที่ให้มาอย่างจริงใจครับ ขอแสดงความชื่นชมและความขอบคุณอีกครั้งครับ หมายเหตุ: คำตอบนี้เป็นความรู้ทั่วไปของโมเดล ไม่ได้อ้างอิงจากฐานข้อมูล PSU Esports Studio - Phuket,pipeline:general_llm_fallback,general/general_knowledge_query,100.0,True,1.3907,1,general_llm,,
MB-1571-GL-246,general_llm,general_llm,แปลคำว่า reservation เป็นภาษาไทย ให้คำจำกัดความแบบสั้น,การจองครับ หมายเหตุ: คำตอบนี้เป็นความรู้ทั่วไปของโมเดล ไม่ได้อ้างอิงจากฐานข้อมูล PSU Esports Studio - Phuket,pipeline:general_llm_fallback,general/detail,100.0,True,0.6853,1,general_llm,,
MB-1572-GL-247,general_llm,general_llm,เขียนประโยคประชาสัมพันธ์กิจกรรมแบบสุภาพหนึ่งประโยค ให้คำจำกัดความแบบสั้น,ขอเสนอแนะกิจกรรมน่าสนใจเพื่อเสริมสร้างทักษะและความร่วมมือครับ หมายเหตุ: คำตอบนี้เป็นความรู้ทั่วไปของโมเดล ไม่ได้อ้างอิงจากฐานข้อมูล PSU Esports Studio - Phuket,pipeline:general_llm_fallback,general/detail,100.0,True,1.1361,1,general_llm,,
MB-1573-GL-248,general_llm,general_llm,คีย์บอร์ด mechanical คืออะไรแบบสั้น ให้คำจำกัดความแบบสั้น,คีย์บอร์ด mechanical คือ คีย์บอร์ดที่ใช้กลไกภายในแต่ละปุ่มแทนระบบแม่เหล็กหรือไฟฟ้า เพื่อให้ตอบสนองเร็วและแม่นยำกว่าครับ หมายเหตุ: คำตอบนี้เป็นความรู้ทั่วไปของโมเดล ไม่ได้อ้างอิงจากฐานข้อมูล PSU Esports Studio - Phuket,pipeline:general_llm_fallback,general/detail,100.0,True,1.7805,1,general_llm,,
MB-1574-GL-249,general_llm,general_llm,GPU คืออะไรแบบเข้าใจง่าย ให้คำจำกัดความแบบสั้น,GPU คือชิปประมวลผลกราฟิกที่ใช้แสดงภาพเคลื่อนไหวและภาพกราฟิกบนหน้าจอได้อย่างลื่นไหลครับ หมายเหตุ: คำตอบนี้เป็นความรู้ทั่วไปของโมเดล ไม่ได้อ้างอิงจากฐานข้อมูล PSU Esports Studio - Phuket,pipeline:general_llm_fallback,general/general_knowledge_query,100.0,True,1.3674,1,general_llm,,
MB-1575-GL-250,general_llm,general_llm,server กับ client ต่างกันยังไง ให้คำจำกัดความแบบสั้น,คำตอบ: Server เป็นเซิร์ฟเวอร์ จัดการข้อมูลให้ Client ใช้งานครับ ข้อดี: เซิร์ฟเวอร์จัดเก็บข้อมูลได้มากและปลอดภัยครับ ข้อเสีย: ต้องพึ่งพาเครือข่ายและอาจล่าช้าครับ หมายเหตุ: คำตอบนี้เป็นความรู้ทั่วไปของโมเดล ไม่ได้อ้างอิงจากฐานข้อมูล PSU Esports Studio - Phuket,pipeline:general_llm_fallback,general/detail,100.0,True,2.1783,1,general_llm,,
MB-1576-GL-251,general_llm,general_llm,อธิบายคำว่า latency ในระบบคอมพิวเตอร์แบบสั้น ๆ อธิบายด้วยคำง่าย ๆ,Latency คือเวลาที่ใช้ระหว่างทำอะไรบางอย่างและได้ผลลัพธ์กลับมาครับ หมายเหตุ: คำตอบนี้เป็นความรู้ทั่วไปของโมเดล ไม่ได้อ้างอิงจากฐานข้อมูล PSU Esports Studio - Phuket,pipeline:general_llm_fallback,general/detail,100.0,True,1.2207,1,general_llm,,
MB-1577-GL-252,general_llm,general_llm,เฟรมเรตกับความละเอียดต่างกันยังไง อธิบายด้วยคำง่าย ๆ,คำตอบ: เฟรมเรตคือจำนวนเฟรมต่อวินาที ความละเอียดคือขนาดภาพครับ ข้อดี: เฟรมเรตสูงทำให้เคลื่อนไหวลื่นไหลมากขึ้นครับ ข้อเสีย: ความละเอียดสูงใช้หน่วยความจำมากกว่าครับ หมายเหตุ: คำตอบนี้เป็นความรู้ทั่วไปของโมเดล ไม่ได้อ้างอิงจากฐานข้อมูล PSU Esports Studio - Phuket,pipeline:general_llm_fallback,general/detail,100.0,True,2.1434,1,general_llm,,
MB-1578-GL-253,general_llm,general_llm,API คืออะไร อธิบายด้วยคำง่าย ๆ,API คือช่องทางที่แอปหรือเว็บหนึ่งสามารถสื่อสารกับอีกตัวหนึ่งได้โดยตรงครับ หมายเหตุ: คำตอบนี้เป็นความรู้ทั่วไปของโมเดล ไม่ได้อ้างอิงจากฐานข้อมูล PSU Esports Studio - Phuket,pipeline:general_llm_fallback,general/general_knowledge_query,100.0,True,1.3145,1,general_llm,,
MB-1579-GL-254,general_llm,general_llm,JSON คืออะไร อธิบายด้วยคำง่าย ๆ,JSON คือรูปแบบข้อมูลที่เขียนเป็นภาษาอังกฤษง่าย ๆ เพื่อส่งข้อมูลระหว่างโปรแกรมต่าง ๆ ครับ หมายเหตุ: คำตอบนี้เป็นความรู้ทั่วไปของโมเดล ไม่ได้อ้างอิงจากฐานข้อมูล PSU Esports Studio - Phuket,pipeline:general_llm_fallback,general/general_knowledge_query,100.0,True,1.1892,1,general_llm,,
MB-1580-GL-255,general_llm,general_llm,ช่วยสรุปวิธีพูดขอบคุณแบบสุภาพ 2 ประโยค อธิบายด้วยคำง่าย ๆ,ขอบคุณสำหรับความช่วยเหลือเสมอครับ ขอแสดงความชื่นชมและขอบคุณอีกครั้งครับ หมายเหตุ: คำตอบนี้เป็นความรู้ทั่วไปของโมเดล ไม่ได้อ้างอิงจากฐานข้อมูล PSU Esports Studio - Phuket,pipeline:general_llm_fallback,general/general_knowledge_query,100.0,True,1.1657,1,general_llm,,
MB-1581-GL-256,general_llm,general_llm,แปลคำว่า reservation เป็นภาษาไทย อธิบายด้วยคำง่าย ๆ,การจองครับ หมายเหตุ: คำตอบนี้เป็นความรู้ทั่วไปของโมเดล ไม่ได้อ้างอิงจากฐานข้อมูล PSU Esports Studio - Phuket,pipeline:general_llm_fallback,general/detail,100.0,True,0.639,1,general_llm,,
MB-1582-GL-257,general_llm,general_llm,เขียนประโยคประชาสัมพันธ์กิจกรรมแบบสุภาพหนึ่งประโยค อธิบายด้วยคำง่าย ๆ,ขอเชิญร่วมกิจกรรมเพื่อสร้างสรรค์และแบ่งปันความสนุกสนานครับ หมายเหตุ: คำตอบนี้เป็นความรู้ทั่วไปของโมเดล ไม่ได้อ้างอิงจากฐานข้อมูล PSU Esports Studio - Phuket,pipeline:general_llm_fallback,general/detail,100.0,True,1.1535,1,general_llm,,
MB-1583-GL-258,general_llm,general_llm,คีย์บอร์ด mechanical คืออะไรแบบสั้น อธิบายด้วยคำง่าย ๆ,คีย์บอร์ด mechanical คือคีย์บอร์ดที่แต่ละปุ่มใช้กลไกภายในเหมือนสวิตช์เล็ก ๆ เพื่อตอบสนองเมื่อกดครับ หมายเหตุ: คำตอบนี้เป็นความรู้ทั่วไปของโมเดล ไม่ได้อ้างอิงจากฐานข้อมูล PSU Esports Studio - Phuket,pipeline:general_llm_fallback,general/detail,100.0,True,1.5529,1,general_llm,,
MB-1584-GL-259,general_llm,general_llm,GPU คืออะไรแบบเข้าใจง่าย อธิบายด้วยคำง่าย ๆ,GPU คือชิปประมวลผลกราฟิก ใช้แสดงภาพบนหน้าจอให้เร็วและคมชัดครับ หมายเหตุ: คำตอบนี้เป็นความรู้ทั่วไปของโมเดล ไม่ได้อ้างอิงจากฐานข้อมูล PSU Esports Studio - Phuket,pipeline:general_llm_fallback,general/general_knowledge_query,100.0,True,1.1459,1,general_llm,,
MB-1585-GL-260,general_llm,general_llm,server กับ client ต่างกันยังไง อธิบายด้วยคำง่าย ๆ,คำตอบ: Server เป็นเครื่องหลักให้บริการ ขณะที่ Client เป็นเครื่องใช้งานบริการ ข้อดี: Server เก็บข้อมูลและจัดการได้ดีครับ ข้อเสีย: Client ต้องพึ่งพา Server ตลอดเวลาครับ หมายเหตุ: คำตอบนี้เป็นความรู้ทั่วไปของโมเดล ไม่ได้อ้างอิงจากฐานข้อมูล PSU Esports Studio - Phuket,pipeline:general_llm_fallback,general/detail,100.0,True,1.8588,1,general_llm,,
MB-1586-GL-261,general_llm,general_llm,อธิบายคำว่า latency ในระบบคอมพิวเตอร์แบบสั้น ๆ ตอบแบบไม่ต้องมีตัวอย่างยาว,Latency คือเวลาที่ใช้ในการตอบสนองระหว่างการกระทำกับผลลัพธ์ครับ หมายเหตุ: คำตอบนี้เป็นความรู้ทั่วไปของโมเดล ไม่ได้อ้างอิงจากฐานข้อมูล PSU Esports Studio - Phuket,pipeline:general_llm_fallback,general/detail,100.0,True,1.1159,1,general_llm,,
MB-1587-GL-262,general_llm,general_llm,เฟรมเรตกับความละเอียดต่างกันยังไง ตอบแบบไม่ต้องมีตัวอย่างยาว,คำตอบ: เฟรมเรตกำหนดความเร็วในการแสดงภาพครับ ข้อดี: ส่งผลต่อความลื่นไหลของเกมครับ ข้อเสีย: สูงเกินไปอาจทำให้ใช้ทรัพยากรมากครับ หมายเหตุ: คำตอบนี้เป็นความรู้ทั่วไปของโมเดล ไม่ได้อ้างอิงจากฐานข้อมูล PSU Esports Studio - Phuket,pipeline:general_llm_fallback,general/detail,100.0,True,1.6877,1,general_llm,,
MB-1588-GL-263,general_llm,general_llm,API คืออะไร ตอบแบบไม่ต้องมีตัวอย่างยาว,API คือ Application Programming Interface ซึ่งช่วยให้โปรแกรมต่าง ๆ สื่อสารกันได้ครับ หมายเหตุ: คำตอบนี้เป็นความรู้ทั่วไปของโมเดล ไม่ได้อ้างอิงจากฐานข้อมูล PSU Esports Studio - Phuket,pipeline:general_llm_fallback,general/general_knowledge_query,100.0,True,1.0375,1,general_llm,,
MB-1589-GL-264,general_llm,general_llm,JSON คืออะไร ตอบแบบไม่ต้องมีตัวอย่างยาว,JSON คือภาษาข้อมูลโครงสร้างแบบพิมพ์ง่ายที่ใช้ส่งข้อมูลระหว่างระบบต่าง ๆ ครับ หมายเหตุ: คำตอบนี้เป็นความรู้ทั่วไปของโมเดล ไม่ได้อ้างอิงจากฐานข้อมูล PSU Esports Studio - Phuket,pipeline:general_llm_fallback,general/general_knowledge_query,100.0,True,1.1244,1,general_llm,,
MB-1590-GL-265,general_llm,general_llm,ช่วยสรุปวิธีพูดขอบคุณแบบสุภาพ 2 ประโยค ตอบแบบไม่ต้องมีตัวอย่างยาว,ขอบคุณสำหรับความช่วยเหลือและความใส่ใจเสมอมาครับ ขอแสดงความชื่นชมและขอบคุณอีกครั้งครับ หมายเหตุ: คำตอบนี้เป็นความรู้ทั่วไปของโมเดล ไม่ได้อ้างอิงจากฐานข้อมูล PSU Esports Studio - Phuket,pipeline:general_llm_fallback,general/general_knowledge_query,100.0,True,1.2753,1,general_llm,,
MB-1591-GL-266,general_llm,general_llm,แปลคำว่า reservation เป็นภาษาไทย ตอบแบบไม่ต้องมีตัวอย่างยาว,การจองครับ หมายเหตุ: คำตอบนี้เป็นความรู้ทั่วไปของโมเดล ไม่ได้อ้างอิงจากฐานข้อมูล PSU Esports Studio - Phuket,pipeline:general_llm_fallback,general/detail,100.0,True,0.6662,1,general_llm,,
MB-1592-GL-267,general_llm,general_llm,เขียนประโยคประชาสัมพันธ์กิจกรรมแบบสุภาพหนึ่งประโยค ตอบแบบไม่ต้องมีตัวอย่างยาว,ขอเชิญร่วมกิจกรรมเพื่อสร้างสรรค์ความสนุกสนานและพัฒนาทักษะร่วมกันครับ หมายเหตุ: คำตอบนี้เป็นความรู้ทั่วไปของโมเดล ไม่ได้อ้างอิงจากฐานข้อมูล PSU Esports Studio - Phuket,pipeline:general_llm_fallback,general/detail,100.0,True,1.3121,1,general_llm,,
MB-1593-GL-268,general_llm,general_llm,คีย์บอร์ด mechanical คืออะไรแบบสั้น ตอบแบบไม่ต้องมีตัวอย่างยาว,คีย์บอร์ด mechanical เป็นคีย์บอร์ดที่ใช้กลไกภายในแต่ละปุ่มแทนระบบแม่เหล็กหรือไฟฟ้าครับ หมายเหตุ: คำตอบนี้เป็นความรู้ทั่วไปของโมเดล ไม่ได้อ้างอิงจากฐานข้อมูล PSU Esports Studio - Phuket,pipeline:general_llm_fallback,general/detail,100.0,True,1.4256,1,general_llm,,
MB-1594-GL-269,general_llm,general_llm,GPU คืออะไรแบบเข้าใจง่าย ตอบแบบไม่ต้องมีตัวอย่างยาว,GPU คือชิปประมวลผลกราฟิก ใช้แสดงภาพเคลื่อนไหวบนหน้าจอได้อย่างลื่นไหลครับ หมายเหตุ: คำตอบนี้เป็นความรู้ทั่วไปของโมเดล ไม่ได้อ้างอิงจากฐานข้อมูล PSU Esports Studio - Phuket,pipeline:general_llm_fallback,general/general_knowledge_query,100.0,True,1.2341,1,general_llm,,
MB-1595-GL-270,general_llm,general_llm,server กับ client ต่างกันยังไง ตอบแบบไม่ต้องมีตัวอย่างยาว,คำตอบ: Server เป็นเซิร์ฟเวอร์ จัดการข้อมูลให้ Client ข้อดี: เซิร์ฟเวอร์จัดเก็บข้อมูลได้มากและปลอดภัย ข้อเสีย: ต้องใช้โครงสร้างพื้นฐานรองรับอย่างมีประสิทธิภาพครับ หมายเหตุ: คำตอบนี้เป็นความรู้ทั่วไปของโมเดล ไม่ได้อ้างอิงจากฐานข้อมูล PSU Esports Studio - Phuket,pipeline:general_llm_fallback,general/detail,100.0,True,2.1569,1,general_llm,,
MB-1596-GL-271,general_llm,general_llm,อธิบายคำว่า latency ในระบบคอมพิวเตอร์แบบสั้น ๆ ขอแบบใช้พูดกับผู้ใช้บริการ,Latency คือเวลาที่ใช้ในการตอบสนองระหว่างสั่งงานกับผลลัพธ์ที่ได้รับครับ หมายเหตุ: คำตอบนี้เป็นความรู้ทั่วไปของโมเดล ไม่ได้อ้างอิงจากฐานข้อมูล PSU Esports Studio - Phuket,pipeline:general_llm_fallback,general/detail,100.0,True,1.2283,1,general_llm,,
MB-1597-GL-272,general_llm,general_llm,เฟรมเรตกับความละเอียดต่างกันยังไง ขอแบบใช้พูดกับผู้ใช้บริการ,คำตอบ: เฟรมเรตคือจำนวนเฟรมต่อวินาทีครับ ข้อดี: ส่งผลต่อความลื่นไหลในการเล่นเกมครับ ข้อเสีย: ความละเอียดสูงอาจทำให้เฟรมเรตลดลงครับ หมายเหตุ: คำตอบนี้เป็นความรู้ทั่วไปของโมเดล ไม่ได้อ้างอิงจากฐานข้อมูล PSU Esports Studio - Phuket,pipeline:general_llm_fallback,general/detail,100.0,True,1.8288,1,general_llm,,
MB-1598-GL-273,general_llm,general_llm,API คืออะไร ขอแบบใช้พูดกับผู้ใช้บริการ,API คือช่องทางให้แอปหรือระบบหนึ่งสื่อสารกับอีกระบบหนึ่งได้โดยตรงครับ หมายเหตุ: คำตอบนี้เป็นความรู้ทั่วไปของโมเดล ไม่ได้อ้างอิงจากฐานข้อมูล PSU Esports Studio - Phuket,pipeline:general_llm_fallback,general/general_knowledge_query,100.0,True,1.1635,1,general_llm,,
MB-1599-GL-274,general_llm,general_llm,JSON คืออะไร ขอแบบใช้พูดกับผู้ใช้บริการ,JSON คือภาษาข้อมูลที่ใช้ส่งข้อมูลระหว่างระบบต่าง ๆ กันได้ง่ายครับ หมายเหตุ: คำตอบนี้เป็นความรู้ทั่วไปของโมเดล ไม่ได้อ้างอิงจากฐานข้อมูล PSU Esports Studio - Phuket,pipeline:general_llm_fallback,general/general_knowledge_query,100.0,True,1.0188,1,general_llm,,
MB-1600-GL-275,general_llm,general_llm,ช่วยสรุปวิธีพูดขอบคุณแบบสุภาพ 2 ประโยค ขอแบบใช้พูดกับผู้ใช้บริการ,ขอบคุณสำหรับความช่วยเหลือที่ให้มาอย่างจริงใจครับ ขอแสดงความชื่นชมและขอบคุณอีกครั้งครับ หมายเหตุ: คำตอบนี้เป็นความรู้ทั่วไปของโมเดล ไม่ได้อ้างอิงจากฐานข้อมูล PSU Esports Studio - Phuket,pipeline:general_llm_fallback,general/general_knowledge_query,100.0,True,1.379,1,general_llm,,
