id,group,quality_bucket,question,answer_preview,mode,route,score,passed,wall_sec,llm_call_count,llm_kinds,errors,warnings
MB-0001-SF-001,service_fee,psu_fact,PC ราคาเท่าไหร่,ราคา PC 1 ชั่วโมง (1 คน) • PSU Student and Staff: 0 บาท • PSU Alumni and General Student / นักศึกษาหรือนักเรียนต่างสถาบัน: 25 บาท • General Adult / บุคคลทั่วไป: 70 บาท หมายเหตุข้อมูล PC: ราคา PC เพิ่มจาก local service fee update 2026-07-27 แหล่งข้อมูล: https://esports.computing.psu.ac.th/wp-content/uploads/2026/01/PSU-Esports-Studio-phuket-SERVICE-FEE-2026.png,pipeline:deterministic_calculator_fast,service_fee/service_fee_query,100.0,True,2.4699,0,,,
MB-0002-SF-002,service_fee,psu_fact,นักศึกษา PSU เล่น PC 30 นาที เสียกี่บาท,ระยะเวลาที่ถามคือ 30 นาที ใช้ 1 session ตามแพ็กเกจ PC 1 ชั่วโมง คำตอบราคา: 0 บาท สำหรับกลุ่ม PSU Student and Staff • คำนวณจาก 0 บาท/session x 1 session = 0 บาท กลุ่มผู้ใช้ที่ตรวจเจอ: PSU Student and Staff รายละเอียดจากตาราง: PC 1 ชั่วโมง (1 คน) • PSU Student and Staff: 0 บาท • PSU Alumni and General Student: 25 บาท • General Adult: 70 บาท หมายเหตุข้อมูล PC: ราคา PC เพิ่มจาก local service fee update 2026-07-27 แหล่งข้อมูล: https://esports.computing.psu.ac.th/wp-content/uploads/2026/01/PSU-Esports-Studio-phuket-SERVICE-FEE-2026.png,pipeline:deterministic_calculator_fast,service_fee/service_fee_query,100.0,True,0.4164,0,,,
MB-0003-SF-003,service_fee,psu_fact,นักศึกษา PSU เล่น PC 1 ชั่วโมง เสียกี่บาท,ระยะเวลาที่ถามคือ 1 ชั่วโมง ใช้ 1 session ตามแพ็กเกจ PC 1 ชั่วโมง คำตอบราคา: 0 บาท สำหรับกลุ่ม PSU Student and Staff • คำนวณจาก 0 บาท/session x 1 session = 0 บาท กลุ่มผู้ใช้ที่ตรวจเจอ: PSU Student and Staff รายละเอียดจากตาราง: PC 1 ชั่วโมง (1 คน) • PSU Student and Staff: 0 บาท • PSU Alumni and General Student: 25 บาท • General Adult: 70 บาท หมายเหตุข้อมูล PC: ราคา PC เพิ่มจาก local service fee update 2026-07-27 แหล่งข้อมูล: https://esports.computing.psu.ac.th/wp-content/uploads/2026/01/PSU-Esports-Studio-phuket-SERVICE-FEE-2026.png,pipeline:deterministic_calculator_fast,service_fee/service_fee_query,100.0,True,0.4157,0,,,
MB-0004-SF-004,service_fee,psu_fact,นักศึกษา PSU เล่น PC 2 ชั่วโมง เสียกี่บาท,ระยะเวลาที่ถามคือ 2 ชั่วโมง ใช้ 2 session ตามแพ็กเกจ PC 1 ชั่วโมง คำตอบราคา: 0 บาท สำหรับกลุ่ม PSU Student and Staff • คำนวณจาก 0 บาท/session x 2 session = 0 บาท กลุ่มผู้ใช้ที่ตรวจเจอ: PSU Student and Staff รายละเอียดจากตาราง: PC 1 ชั่วโมง (1 คน) • PSU Student and Staff: 0 บาท • PSU Alumni and General Student: 25 บาท • General Adult: 70 บาท หมายเหตุข้อมูล PC: ราคา PC เพิ่มจาก local service fee update 2026-07-27 แหล่งข้อมูล: https://esports.computing.psu.ac.th/wp-content/uploads/2026/01/PSU-Esports-Studio-phuket-SERVICE-FEE-2026.png,pipeline:deterministic_calculator_fast,service_fee/service_fee_query,100.0,True,0.3945,0,,,
MB-0005-SF-005,service_fee,psu_fact,นักศึกษาต่างมหาลัย เล่น PC 30 นาที เสียกี่บาท,ระยะเวลาที่ถามคือ 30 นาที ใช้ 1 session ตามแพ็กเกจ PC 1 ชั่วโมง คำตอบราคา: 25 บาท สำหรับกลุ่ม PSU Alumni and General Student / นักศึกษาหรือนักเรียนต่างสถาบัน • คำนวณจาก 25 บาท/session x 1 session = 25 บาท กลุ่มผู้ใช้ที่ตรวจเจอ: PSU Alumni and General Student / นักศึกษาหรือนักเรียนต่างสถาบัน / มหาลัยอื่น รายละเอียดจากตาราง: PC 1 ชั่วโมง (1 คน) • PSU Student and Staff: 0 บาท • PSU Alumni and General Student: 25 บาท • General Adult: 70 บาท หมายเหตุข้อมูล PC: ราคา PC เพิ่มจาก local service fee update 2026-07-27 แหล่งข้อมูล: https://esports.computing.psu.ac.th/wp-content/uploads/2026/01/PSU-Esports-Studio-phuket-SERVICE-FEE-2026.png,pipeline:deterministic_calculator_fast,service_fee/service_fee_query,100.0,True,0.3722,0,,,
MB-0006-SF-006,service_fee,psu_fact,นักศึกษาต่างมหาลัย เล่น PC 1 ชั่วโมง เสียกี่บาท,ระยะเวลาที่ถามคือ 1 ชั่วโมง ใช้ 1 session ตามแพ็กเกจ PC 1 ชั่วโมง คำตอบราคา: 25 บาท สำหรับกลุ่ม PSU Alumni and General Student / นักศึกษาหรือนักเรียนต่างสถาบัน • คำนวณจาก 25 บาท/session x 1 session = 25 บาท กลุ่มผู้ใช้ที่ตรวจเจอ: PSU Alumni and General Student / นักศึกษาหรือนักเรียนต่างสถาบัน / มหาลัยอื่น รายละเอียดจากตาราง: PC 1 ชั่วโมง (1 คน) • PSU Student and Staff: 0 บาท • PSU Alumni and General Student: 25 บาท • General Adult: 70 บาท หมายเหตุข้อมูล PC: ราคา PC เพิ่มจาก local service fee update 2026-07-27 แหล่งข้อมูล: https://esports.computing.psu.ac.th/wp-content/uploads/2026/01/PSU-Esports-Studio-phuket-SERVICE-FEE-2026.png,pipeline:deterministic_calculator_fast,service_fee/service_fee_query,100.0,True,0.4052,0,,,
MB-0007-SF-007,service_fee,psu_fact,นักศึกษาต่างมหาลัย เล่น PC 2 ชั่วโมง เสียกี่บาท,ระยะเวลาที่ถามคือ 2 ชั่วโมง ใช้ 2 session ตามแพ็กเกจ PC 1 ชั่วโมง คำตอบราคา: 50 บาท สำหรับกลุ่ม PSU Alumni and General Student / นักศึกษาหรือนักเรียนต่างสถาบัน • คำนวณจาก 25 บาท/session x 2 session = 50 บาท กลุ่มผู้ใช้ที่ตรวจเจอ: PSU Alumni and General Student / นักศึกษาหรือนักเรียนต่างสถาบัน / มหาลัยอื่น รายละเอียดจากตาราง: PC 1 ชั่วโมง (1 คน) • PSU Student and Staff: 0 บาท • PSU Alumni and General Student: 25 บาท • General Adult: 70 บาท หมายเหตุข้อมูล PC: ราคา PC เพิ่มจาก local service fee update 2026-07-27 แหล่งข้อมูล: https://esports.computing.psu.ac.th/wp-content/uploads/2026/01/PSU-Esports-Studio-phuket-SERVICE-FEE-2026.png,pipeline:deterministic_calculator_fast,service_fee/service_fee_query,100.0,True,0.3637,0,,,
MB-0008-SF-008,service_fee,psu_fact,บุคคลทั่วไป เล่น PC 30 นาที เสียกี่บาท,ระยะเวลาที่ถามคือ 30 นาที ใช้ 1 session ตามแพ็กเกจ PC 1 ชั่วโมง คำตอบราคา: 70 บาท สำหรับกลุ่ม General Adult / บุคคลทั่วไป • คำนวณจาก 70 บาท/session x 1 session = 70 บาท กลุ่มผู้ใช้ที่ตรวจเจอ: General Adult / บุคคลทั่วไป รายละเอียดจากตาราง: PC 1 ชั่วโมง (1 คน) • PSU Student and Staff: 0 บาท • PSU Alumni and General Student: 25 บาท • General Adult: 70 บาท หมายเหตุข้อมูล PC: ราคา PC เพิ่มจาก local service fee update 2026-07-27 แหล่งข้อมูล: https://esports.computing.psu.ac.th/wp-content/uploads/2026/01/PSU-Esports-Studio-phuket-SERVICE-FEE-2026.png,pipeline:deterministic_calculator_fast,service_fee/service_fee_query,100.0,True,0.3663,0,,,
MB-0009-SF-009,service_fee,psu_fact,บุคคลทั่วไป เล่น PC 1 ชั่วโมง เสียกี่บาท,ระยะเวลาที่ถามคือ 1 ชั่วโมง ใช้ 1 session ตามแพ็กเกจ PC 1 ชั่วโมง คำตอบราคา: 70 บาท สำหรับกลุ่ม General Adult / บุคคลทั่วไป • คำนวณจาก 70 บาท/session x 1 session = 70 บาท กลุ่มผู้ใช้ที่ตรวจเจอ: General Adult / บุคคลทั่วไป รายละเอียดจากตาราง: PC 1 ชั่วโมง (1 คน) • PSU Student and Staff: 0 บาท • PSU Alumni and General Student: 25 บาท • General Adult: 70 บาท หมายเหตุข้อมูล PC: ราคา PC เพิ่มจาก local service fee update 2026-07-27 แหล่งข้อมูล: https://esports.computing.psu.ac.th/wp-content/uploads/2026/01/PSU-Esports-Studio-phuket-SERVICE-FEE-2026.png,pipeline:deterministic_calculator_fast,service_fee/service_fee_query,100.0,True,0.3485,0,,,
MB-0010-SF-010,service_fee,psu_fact,บุคคลทั่วไป เล่น PC 2 ชั่วโมง เสียกี่บาท,ระยะเวลาที่ถามคือ 2 ชั่วโมง ใช้ 2 session ตามแพ็กเกจ PC 1 ชั่วโมง คำตอบราคา: 140 บาท สำหรับกลุ่ม General Adult / บุคคลทั่วไป • คำนวณจาก 70 บาท/session x 2 session = 140 บาท กลุ่มผู้ใช้ที่ตรวจเจอ: General Adult / บุคคลทั่วไป รายละเอียดจากตาราง: PC 1 ชั่วโมง (1 คน) • PSU Student and Staff: 0 บาท • PSU Alumni and General Student: 25 บาท • General Adult: 70 บาท หมายเหตุข้อมูล PC: ราคา PC เพิ่มจาก local service fee update 2026-07-27 แหล่งข้อมูล: https://esports.computing.psu.ac.th/wp-content/uploads/2026/01/PSU-Esports-Studio-phuket-SERVICE-FEE-2026.png,pipeline:deterministic_calculator_fast,service_fee/service_fee_query,100.0,True,0.3692,0,,,
MB-0011-SF-011,service_fee,psu_fact,PS5 ราคาเท่าไหร่,"PlayStation 5 60 นาที (1 ชั่วโมง, 1-2 คน) • PSU Student and Staff: 0 บาท • PSU Alumni and General Student: 50 บาท • General Adult: 150 บาท แหล่งข้อมูล: https://esports.computing.psu.ac.th/wp-content/uploads/2026/01/PSU-Esports-Studio-phuket-SERVICE-FEE-2026.png",pipeline:deterministic_calculator_fast,service_fee/service_fee_query,100.0,True,0.2457,0,,,
MB-0012-SF-012,service_fee,psu_fact,นักศึกษา PSU เล่น PS5 30 นาที เสียกี่บาท,"ระยะเวลาที่ถามคือ 30 นาที ใช้ 1 session ตามแพ็กเกจ PlayStation 5 60 นาที คำตอบราคา: 0 บาท สำหรับกลุ่ม PSU Student and Staff • คำนวณจาก 0 บาท/session x 1 session = 0 บาท กลุ่มผู้ใช้ที่ตรวจเจอ: PSU Student and Staff รายละเอียดจากตาราง: PlayStation 5 60 นาที (1 ชั่วโมง, 1-2 คน) • PSU Student and Staff: 0 บาท • PSU Alumni and General Student: 50 บาท • General Adult: 150 บาท แหล่งข้อมูล: https://esports.computing.psu.ac.th/wp-content/uploads/2026/01/PSU-Esports-Studio-phuket-SERVICE-FEE-2026.png",pipeline:deterministic_calculator_fast,service_fee/service_fee_query,100.0,True,0.3533,0,,,
MB-0013-SF-013,service_fee,psu_fact,นักศึกษา PSU เล่น PS5 1 ชั่วโมง เสียกี่บาท,"ระยะเวลาที่ถามคือ 1 ชั่วโมง ใช้ 1 session ตามแพ็กเกจ PlayStation 5 60 นาที คำตอบราคา: 0 บาท สำหรับกลุ่ม PSU Student and Staff • คำนวณจาก 0 บาท/session x 1 session = 0 บาท กลุ่มผู้ใช้ที่ตรวจเจอ: PSU Student and Staff รายละเอียดจากตาราง: PlayStation 5 60 นาที (1 ชั่วโมง, 1-2 คน) • PSU Student and Staff: 0 บาท • PSU Alumni and General Student: 50 บาท • General Adult: 150 บาท แหล่งข้อมูล: https://esports.computing.psu.ac.th/wp-content/uploads/2026/01/PSU-Esports-Studio-phuket-SERVICE-FEE-2026.png",pipeline:deterministic_calculator_fast,service_fee/service_fee_query,100.0,True,0.3643,0,,,
MB-0014-SF-014,service_fee,psu_fact,นักศึกษา PSU เล่น PS5 2 ชั่วโมง เสียกี่บาท,"ระยะเวลาที่ถามคือ 2 ชั่วโมง ใช้ 2 session ตามแพ็กเกจ PlayStation 5 60 นาที คำตอบราคา: 0 บาท สำหรับกลุ่ม PSU Student and Staff • คำนวณจาก 0 บาท/session x 2 session = 0 บาท กลุ่มผู้ใช้ที่ตรวจเจอ: PSU Student and Staff รายละเอียดจากตาราง: PlayStation 5 60 นาที (1 ชั่วโมง, 1-2 คน) • PSU Student and Staff: 0 บาท • PSU Alumni and General Student: 50 บาท • General Adult: 150 บาท แหล่งข้อมูล: https://esports.computing.psu.ac.th/wp-content/uploads/2026/01/PSU-Esports-Studio-phuket-SERVICE-FEE-2026.png",pipeline:deterministic_calculator_fast,service_fee/service_fee_query,100.0,True,0.3498,0,,,
MB-0015-SF-015,service_fee,psu_fact,นักศึกษาต่างมหาลัย เล่น PS5 30 นาที เสียกี่บาท,"ระยะเวลาที่ถามคือ 30 นาที ใช้ 1 session ตามแพ็กเกจ PlayStation 5 60 นาที คำตอบราคา: 50 บาท สำหรับกลุ่ม PSU Alumni and General Student / นักศึกษาหรือนักเรียนต่างสถาบัน • คำนวณจาก 50 บาท/session x 1 session = 50 บาท กลุ่มผู้ใช้ที่ตรวจเจอ: PSU Alumni and General Student / นักศึกษาหรือนักเรียนต่างสถาบัน / มหาลัยอื่น รายละเอียดจากตาราง: PlayStation 5 60 นาที (1 ชั่วโมง, 1-2 คน) • PSU Student and Staff: 0 บาท • PSU Alumni and General Student: 50 บาท • General Adult: 150 บาท แหล่งข้อมูล: https://esports.computing.psu.ac.th/wp-content/uploads/2026/01/PSU-Esports-Studio-phuket-SERVICE-FEE-2026.png",pipeline:deterministic_calculator_fast,service_fee/service_fee_query,100.0,True,0.3922,0,,,
MB-0016-SF-016,service_fee,psu_fact,นักศึกษาต่างมหาลัย เล่น PS5 1 ชั่วโมง เสียกี่บาท,"ระยะเวลาที่ถามคือ 1 ชั่วโมง ใช้ 1 session ตามแพ็กเกจ PlayStation 5 60 นาที คำตอบราคา: 50 บาท สำหรับกลุ่ม PSU Alumni and General Student / นักศึกษาหรือนักเรียนต่างสถาบัน • คำนวณจาก 50 บาท/session x 1 session = 50 บาท กลุ่มผู้ใช้ที่ตรวจเจอ: PSU Alumni and General Student / นักศึกษาหรือนักเรียนต่างสถาบัน / มหาลัยอื่น รายละเอียดจากตาราง: PlayStation 5 60 นาที (1 ชั่วโมง, 1-2 คน) • PSU Student and Staff: 0 บาท • PSU Alumni and General Student: 50 บาท • General Adult: 150 บาท แหล่งข้อมูล: https://esports.computing.psu.ac.th/wp-content/uploads/2026/01/PSU-Esports-Studio-phuket-SERVICE-FEE-2026.png",pipeline:deterministic_calculator_fast,service_fee/service_fee_query,100.0,True,0.3946,0,,,
MB-0017-SF-017,service_fee,psu_fact,นักศึกษาต่างมหาลัย เล่น PS5 2 ชั่วโมง เสียกี่บาท,"ระยะเวลาที่ถามคือ 2 ชั่วโมง ใช้ 2 session ตามแพ็กเกจ PlayStation 5 60 นาที คำตอบราคา: 100 บาท สำหรับกลุ่ม PSU Alumni and General Student / นักศึกษาหรือนักเรียนต่างสถาบัน • คำนวณจาก 50 บาท/session x 2 session = 100 บาท กลุ่มผู้ใช้ที่ตรวจเจอ: PSU Alumni and General Student / นักศึกษาหรือนักเรียนต่างสถาบัน / มหาลัยอื่น รายละเอียดจากตาราง: PlayStation 5 60 นาที (1 ชั่วโมง, 1-2 คน) • PSU Student and Staff: 0 บาท • PSU Alumni and General Student: 50 บาท • General Adult: 150 บาท แหล่งข้อมูล: https://esports.computing.psu.ac.th/wp-content/uploads/2026/01/PSU-Esports-Studio-phuket-SERVICE-FEE-2026.png",pipeline:deterministic_calculator_fast,service_fee/service_fee_query,100.0,True,0.3841,0,,,
MB-0018-SF-018,service_fee,psu_fact,บุคคลทั่วไป เล่น PS5 30 นาที เสียกี่บาท,"ระยะเวลาที่ถามคือ 30 นาที ใช้ 1 session ตามแพ็กเกจ PlayStation 5 60 นาที คำตอบราคา: 150 บาท สำหรับกลุ่ม General Adult / บุคคลทั่วไป • คำนวณจาก 150 บาท/session x 1 session = 150 บาท กลุ่มผู้ใช้ที่ตรวจเจอ: General Adult / บุคคลทั่วไป รายละเอียดจากตาราง: PlayStation 5 60 นาที (1 ชั่วโมง, 1-2 คน) • PSU Student and Staff: 0 บาท • PSU Alumni and General Student: 50 บาท • General Adult: 150 บาท แหล่งข้อมูล: https://esports.computing.psu.ac.th/wp-content/uploads/2026/01/PSU-Esports-Studio-phuket-SERVICE-FEE-2026.png",pipeline:deterministic_calculator_fast,service_fee/service_fee_query,100.0,True,0.37,0,,,
MB-0019-SF-019,service_fee,psu_fact,บุคคลทั่วไป เล่น PS5 1 ชั่วโมง เสียกี่บาท,"ระยะเวลาที่ถามคือ 1 ชั่วโมง ใช้ 1 session ตามแพ็กเกจ PlayStation 5 60 นาที คำตอบราคา: 150 บาท สำหรับกลุ่ม General Adult / บุคคลทั่วไป • คำนวณจาก 150 บาท/session x 1 session = 150 บาท กลุ่มผู้ใช้ที่ตรวจเจอ: General Adult / บุคคลทั่วไป รายละเอียดจากตาราง: PlayStation 5 60 นาที (1 ชั่วโมง, 1-2 คน) • PSU Student and Staff: 0 บาท • PSU Alumni and General Student: 50 บาท • General Adult: 150 บาท แหล่งข้อมูล: https://esports.computing.psu.ac.th/wp-content/uploads/2026/01/PSU-Esports-Studio-phuket-SERVICE-FEE-2026.png",pipeline:deterministic_calculator_fast,service_fee/service_fee_query,100.0,True,0.38,0,,,
MB-0020-SF-020,service_fee,psu_fact,บุคคลทั่วไป เล่น PS5 2 ชั่วโมง เสียกี่บาท,"ระยะเวลาที่ถามคือ 2 ชั่วโมง ใช้ 2 session ตามแพ็กเกจ PlayStation 5 60 นาที คำตอบราคา: 300 บาท สำหรับกลุ่ม General Adult / บุคคลทั่วไป • คำนวณจาก 150 บาท/session x 2 session = 300 บาท กลุ่มผู้ใช้ที่ตรวจเจอ: General Adult / บุคคลทั่วไป รายละเอียดจากตาราง: PlayStation 5 60 นาที (1 ชั่วโมง, 1-2 คน) • PSU Student and Staff: 0 บาท • PSU Alumni and General Student: 50 บาท • General Adult: 150 บาท แหล่งข้อมูล: https://esports.computing.psu.ac.th/wp-content/uploads/2026/01/PSU-Esports-Studio-phuket-SERVICE-FEE-2026.png",pipeline:deterministic_calculator_fast,service_fee/service_fee_query,100.0,True,0.3899,0,,,
MB-0021-SF-021,service_fee,psu_fact,Nintendo Switch ราคาเท่าไหร่,Nintendo Switch 1-2 คน 60 นาที (1 ชั่วโมง) • PSU Student and Staff: 0 บาท • PSU Alumni and General Student: 50 บาท • General Adult: 140 บาท Nintendo Switch 3-4 คน 60 นาที (1 ชั่วโมง) • PSU Student and Staff: 0 บาท • PSU Alumni and General Student: 100 บาท • General Adult: 280 บาท แหล่งข้อมูล: https://esports.computing.psu.ac.th/wp-content/uploads/2026/01/PSU-Esports-Studio-phuket-SERVICE-FEE-2026.png,pipeline:deterministic_calculator_fast,service_fee/service_fee_query,100.0,True,0.3099,0,,,
MB-0022-SF-022,service_fee,psu_fact,นักศึกษา PSU เล่น Nintendo Switch 30 นาที เสียกี่บาท,ราคา Nintendo Switch สำหรับกลุ่ม PSU Student and Staff • Nintendo Switch 1-2 คน: 0 บาท • Nintendo Switch 3-4 คน: 0 บาท กลุ่มผู้ใช้ที่ตรวจเจอ: PSU Student and Staff หมายเหตุ: คำถามยังไม่ระบุจำนวนผู้เล่น จึงแสดงทั้งราคา 1-2 คนและ 3-4 คน รายละเอียดจากตาราง: Nintendo Switch 1-2 คน 60 นาที (1 ชั่วโมง) • PSU Student and Staff: 0 บาท • PSU Alumni and General Student: 50 บาท • General Adult: 140 บาท Nintendo Switch 3-4 คน 60 นาที (1 ชั่วโมง) • PSU Student and Staff: 0 บาท • PSU Alumni and General Student: 100 บาท • General Adult: 280 บาท แหล่งข้อมูล: https://esports.computing.psu.ac.th/wp-content/uploads/2026/01/PSU-Esports-Studio-phuket-SERVICE-FEE-2026.png,pipeline:deterministic_calculator_fast,service_fee/service_fee_query,100.0,True,0.4198,0,,,
MB-0023-SF-023,service_fee,psu_fact,นักศึกษา PSU เล่น Nintendo Switch 1 ชั่วโมง เสียกี่บาท,ราคา Nintendo Switch สำหรับกลุ่ม PSU Student and Staff • Nintendo Switch 1-2 คน: 0 บาท • Nintendo Switch 3-4 คน: 0 บาท กลุ่มผู้ใช้ที่ตรวจเจอ: PSU Student and Staff หมายเหตุ: คำถามยังไม่ระบุจำนวนผู้เล่น จึงแสดงทั้งราคา 1-2 คนและ 3-4 คน รายละเอียดจากตาราง: Nintendo Switch 1-2 คน 60 นาที (1 ชั่วโมง) • PSU Student and Staff: 0 บาท • PSU Alumni and General Student: 50 บาท • General Adult: 140 บาท Nintendo Switch 3-4 คน 60 นาที (1 ชั่วโมง) • PSU Student and Staff: 0 บาท • PSU Alumni and General Student: 100 บาท • General Adult: 280 บาท แหล่งข้อมูล: https://esports.computing.psu.ac.th/wp-content/uploads/2026/01/PSU-Esports-Studio-phuket-SERVICE-FEE-2026.png,pipeline:deterministic_calculator_fast,service_fee/service_fee_query,100.0,True,0.4513,0,,,
MB-0024-SF-024,service_fee,psu_fact,นักศึกษา PSU เล่น Nintendo Switch 2 ชั่วโมง เสียกี่บาท,ราคา Nintendo Switch สำหรับกลุ่ม PSU Student and Staff • Nintendo Switch 1-2 คน: 0 บาท • Nintendo Switch 3-4 คน: 0 บาท กลุ่มผู้ใช้ที่ตรวจเจอ: PSU Student and Staff หมายเหตุ: คำถามยังไม่ระบุจำนวนผู้เล่น จึงแสดงทั้งราคา 1-2 คนและ 3-4 คน รายละเอียดจากตาราง: Nintendo Switch 1-2 คน 60 นาที (1 ชั่วโมง) • PSU Student and Staff: 0 บาท • PSU Alumni and General Student: 50 บาท • General Adult: 140 บาท Nintendo Switch 3-4 คน 60 นาที (1 ชั่วโมง) • PSU Student and Staff: 0 บาท • PSU Alumni and General Student: 100 บาท • General Adult: 280 บาท แหล่งข้อมูล: https://esports.computing.psu.ac.th/wp-content/uploads/2026/01/PSU-Esports-Studio-phuket-SERVICE-FEE-2026.png,pipeline:deterministic_calculator_fast,service_fee/service_fee_query,100.0,True,0.4411,0,,,
MB-0025-SF-025,service_fee,psu_fact,นักศึกษาต่างมหาลัย เล่น Nintendo Switch 30 นาที เสียกี่บาท,ราคา Nintendo Switch สำหรับกลุ่ม PSU Alumni and General Student / นักศึกษาหรือนักเรียนต่างสถาบัน • Nintendo Switch 1-2 คน: 50 บาท • Nintendo Switch 3-4 คน: 100 บาท กลุ่มผู้ใช้ที่ตรวจเจอ: PSU Alumni and General Student / นักศึกษาหรือนักเรียนต่างสถาบัน / มหาลัยอื่น หมายเหตุ: คำถามยังไม่ระบุจำนวนผู้เล่น จึงแสดงทั้งราคา 1-2 คนและ 3-4 คน รายละเอียดจากตาราง: Nintendo Switch 1-2 คน 60 นาที (1 ชั่วโมง) • PSU Student and Staff: 0 บาท • PSU Alumni and General Student: 50 บาท • General Adult: 140 บาท Nintendo Switch 3-4 คน 60 นาที (1 ชั่วโมง) • PSU Student and Staff: 0 บาท • PSU Alumni and General Student: 100 บาท • General Adult: 280 บาท แหล่งข้อมูล: https://esports.computing.psu.ac.th/wp-content/uplo,pipeline:deterministic_calculator_fast,service_fee/service_fee_query,100.0,True,0.4631,0,,,
MB-0026-SF-026,service_fee,psu_fact,นักศึกษาต่างมหาลัย เล่น Nintendo Switch 1 ชั่วโมง เสียกี่บาท,ราคา Nintendo Switch สำหรับกลุ่ม PSU Alumni and General Student / นักศึกษาหรือนักเรียนต่างสถาบัน • Nintendo Switch 1-2 คน: 50 บาท • Nintendo Switch 3-4 คน: 100 บาท กลุ่มผู้ใช้ที่ตรวจเจอ: PSU Alumni and General Student / นักศึกษาหรือนักเรียนต่างสถาบัน / มหาลัยอื่น หมายเหตุ: คำถามยังไม่ระบุจำนวนผู้เล่น จึงแสดงทั้งราคา 1-2 คนและ 3-4 คน รายละเอียดจากตาราง: Nintendo Switch 1-2 คน 60 นาที (1 ชั่วโมง) • PSU Student and Staff: 0 บาท • PSU Alumni and General Student: 50 บาท • General Adult: 140 บาท Nintendo Switch 3-4 คน 60 นาที (1 ชั่วโมง) • PSU Student and Staff: 0 บาท • PSU Alumni and General Student: 100 บาท • General Adult: 280 บาท แหล่งข้อมูล: https://esports.computing.psu.ac.th/wp-content/uplo,pipeline:deterministic_calculator_fast,service_fee/service_fee_query,100.0,True,0.457,0,,,
MB-0027-SF-027,service_fee,psu_fact,นักศึกษาต่างมหาลัย เล่น Nintendo Switch 2 ชั่วโมง เสียกี่บาท,ราคา Nintendo Switch สำหรับกลุ่ม PSU Alumni and General Student / นักศึกษาหรือนักเรียนต่างสถาบัน • Nintendo Switch 1-2 คน: 50 บาท • Nintendo Switch 3-4 คน: 100 บาท กลุ่มผู้ใช้ที่ตรวจเจอ: PSU Alumni and General Student / นักศึกษาหรือนักเรียนต่างสถาบัน / มหาลัยอื่น หมายเหตุ: คำถามยังไม่ระบุจำนวนผู้เล่น จึงแสดงทั้งราคา 1-2 คนและ 3-4 คน รายละเอียดจากตาราง: Nintendo Switch 1-2 คน 60 นาที (1 ชั่วโมง) • PSU Student and Staff: 0 บาท • PSU Alumni and General Student: 50 บาท • General Adult: 140 บาท Nintendo Switch 3-4 คน 60 นาที (1 ชั่วโมง) • PSU Student and Staff: 0 บาท • PSU Alumni and General Student: 100 บาท • General Adult: 280 บาท แหล่งข้อมูล: https://esports.computing.psu.ac.th/wp-content/uplo,pipeline:deterministic_calculator_fast,service_fee/service_fee_query,100.0,True,0.4735,0,,,
MB-0028-SF-028,service_fee,psu_fact,บุคคลทั่วไป เล่น Nintendo Switch 30 นาที เสียกี่บาท,ราคา Nintendo Switch สำหรับกลุ่ม General Adult / บุคคลทั่วไป • Nintendo Switch 1-2 คน: 140 บาท • Nintendo Switch 3-4 คน: 280 บาท กลุ่มผู้ใช้ที่ตรวจเจอ: General Adult / บุคคลทั่วไป หมายเหตุ: คำถามยังไม่ระบุจำนวนผู้เล่น จึงแสดงทั้งราคา 1-2 คนและ 3-4 คน รายละเอียดจากตาราง: Nintendo Switch 1-2 คน 60 นาที (1 ชั่วโมง) • PSU Student and Staff: 0 บาท • PSU Alumni and General Student: 50 บาท • General Adult: 140 บาท Nintendo Switch 3-4 คน 60 นาที (1 ชั่วโมง) • PSU Student and Staff: 0 บาท • PSU Alumni and General Student: 100 บาท • General Adult: 280 บาท แหล่งข้อมูล: https://esports.computing.psu.ac.th/wp-content/uploads/2026/01/PSU-Esports-Studio-phuket-SERVICE-FEE-2026.png,pipeline:deterministic_calculator_fast,service_fee/service_fee_query,100.0,True,0.4565,0,,,
MB-0029-SF-029,service_fee,psu_fact,บุคคลทั่วไป เล่น Nintendo Switch 1 ชั่วโมง เสียกี่บาท,ราคา Nintendo Switch สำหรับกลุ่ม General Adult / บุคคลทั่วไป • Nintendo Switch 1-2 คน: 140 บาท • Nintendo Switch 3-4 คน: 280 บาท กลุ่มผู้ใช้ที่ตรวจเจอ: General Adult / บุคคลทั่วไป หมายเหตุ: คำถามยังไม่ระบุจำนวนผู้เล่น จึงแสดงทั้งราคา 1-2 คนและ 3-4 คน รายละเอียดจากตาราง: Nintendo Switch 1-2 คน 60 นาที (1 ชั่วโมง) • PSU Student and Staff: 0 บาท • PSU Alumni and General Student: 50 บาท • General Adult: 140 บาท Nintendo Switch 3-4 คน 60 นาที (1 ชั่วโมง) • PSU Student and Staff: 0 บาท • PSU Alumni and General Student: 100 บาท • General Adult: 280 บาท แหล่งข้อมูล: https://esports.computing.psu.ac.th/wp-content/uploads/2026/01/PSU-Esports-Studio-phuket-SERVICE-FEE-2026.png,pipeline:deterministic_calculator_fast,service_fee/service_fee_query,100.0,True,0.4768,0,,,
MB-0030-SF-030,service_fee,psu_fact,บุคคลทั่วไป เล่น Nintendo Switch 2 ชั่วโมง เสียกี่บาท,ราคา Nintendo Switch สำหรับกลุ่ม General Adult / บุคคลทั่วไป • Nintendo Switch 1-2 คน: 140 บาท • Nintendo Switch 3-4 คน: 280 บาท กลุ่มผู้ใช้ที่ตรวจเจอ: General Adult / บุคคลทั่วไป หมายเหตุ: คำถามยังไม่ระบุจำนวนผู้เล่น จึงแสดงทั้งราคา 1-2 คนและ 3-4 คน รายละเอียดจากตาราง: Nintendo Switch 1-2 คน 60 นาที (1 ชั่วโมง) • PSU Student and Staff: 0 บาท • PSU Alumni and General Student: 50 บาท • General Adult: 140 บาท Nintendo Switch 3-4 คน 60 นาที (1 ชั่วโมง) • PSU Student and Staff: 0 บาท • PSU Alumni and General Student: 100 บาท • General Adult: 280 บาท แหล่งข้อมูล: https://esports.computing.psu.ac.th/wp-content/uploads/2026/01/PSU-Esports-Studio-phuket-SERVICE-FEE-2026.png,pipeline:deterministic_calculator_fast,service_fee/service_fee_query,100.0,True,0.474,0,,,
MB-0031-SF-031,service_fee,psu_fact,Cockpit ราคาเท่าไหร่,"Cockpit 60 นาที (1 ชั่วโมง, 1 คน) • PSU Student and Staff: 0 บาท • PSU Alumni and General Student: 65 บาท • General Adult: 200 บาท แหล่งข้อมูล: https://esports.computing.psu.ac.th/wp-content/uploads/2026/01/PSU-Esports-Studio-phuket-SERVICE-FEE-2026.png",pipeline:deterministic_calculator_fast,service_fee/service_fee_query,100.0,True,0.2829,0,,,
MB-0032-SF-032,service_fee,psu_fact,นักศึกษา PSU เล่น Cockpit 30 นาที เสียกี่บาท,"ระยะเวลาที่ถามคือ 30 นาที ใช้ 1 session ตามแพ็กเกจ Cockpit 60 นาที คำตอบราคา: 0 บาท สำหรับกลุ่ม PSU Student and Staff • คำนวณจาก 0 บาท/session x 1 session = 0 บาท กลุ่มผู้ใช้ที่ตรวจเจอ: PSU Student and Staff รายละเอียดจากตาราง: Cockpit 60 นาที (1 ชั่วโมง, 1 คน) • PSU Student and Staff: 0 บาท • PSU Alumni and General Student: 65 บาท • General Adult: 200 บาท แหล่งข้อมูล: https://esports.computing.psu.ac.th/wp-content/uploads/2026/01/PSU-Esports-Studio-phuket-SERVICE-FEE-2026.png",pipeline:deterministic_calculator_fast,service_fee/service_fee_query,100.0,True,0.3921,0,,,
MB-0033-SF-033,service_fee,psu_fact,นักศึกษา PSU เล่น Cockpit 1 ชั่วโมง เสียกี่บาท,"ระยะเวลาที่ถามคือ 1 ชั่วโมง ใช้ 1 session ตามแพ็กเกจ Cockpit 60 นาที คำตอบราคา: 0 บาท สำหรับกลุ่ม PSU Student and Staff • คำนวณจาก 0 บาท/session x 1 session = 0 บาท กลุ่มผู้ใช้ที่ตรวจเจอ: PSU Student and Staff รายละเอียดจากตาราง: Cockpit 60 นาที (1 ชั่วโมง, 1 คน) • PSU Student and Staff: 0 บาท • PSU Alumni and General Student: 65 บาท • General Adult: 200 บาท แหล่งข้อมูล: https://esports.computing.psu.ac.th/wp-content/uploads/2026/01/PSU-Esports-Studio-phuket-SERVICE-FEE-2026.png",pipeline:deterministic_calculator_fast,service_fee/service_fee_query,100.0,True,0.4187,0,,,
MB-0034-SF-034,service_fee,psu_fact,นักศึกษา PSU เล่น Cockpit 2 ชั่วโมง เสียกี่บาท,"ระยะเวลาที่ถามคือ 2 ชั่วโมง ใช้ 2 session ตามแพ็กเกจ Cockpit 60 นาที คำตอบราคา: 0 บาท สำหรับกลุ่ม PSU Student and Staff • คำนวณจาก 0 บาท/session x 2 session = 0 บาท กลุ่มผู้ใช้ที่ตรวจเจอ: PSU Student and Staff รายละเอียดจากตาราง: Cockpit 60 นาที (1 ชั่วโมง, 1 คน) • PSU Student and Staff: 0 บาท • PSU Alumni and General Student: 65 บาท • General Adult: 200 บาท แหล่งข้อมูล: https://esports.computing.psu.ac.th/wp-content/uploads/2026/01/PSU-Esports-Studio-phuket-SERVICE-FEE-2026.png",pipeline:deterministic_calculator_fast,service_fee/service_fee_query,100.0,True,0.4006,0,,,
MB-0035-SF-035,service_fee,psu_fact,นักศึกษาต่างมหาลัย เล่น Cockpit 30 นาที เสียกี่บาท,"ระยะเวลาที่ถามคือ 30 นาที ใช้ 1 session ตามแพ็กเกจ Cockpit 60 นาที คำตอบราคา: 65 บาท สำหรับกลุ่ม PSU Alumni and General Student / นักศึกษาหรือนักเรียนต่างสถาบัน • คำนวณจาก 65 บาท/session x 1 session = 65 บาท กลุ่มผู้ใช้ที่ตรวจเจอ: PSU Alumni and General Student / นักศึกษาหรือนักเรียนต่างสถาบัน / มหาลัยอื่น รายละเอียดจากตาราง: Cockpit 60 นาที (1 ชั่วโมง, 1 คน) • PSU Student and Staff: 0 บาท • PSU Alumni and General Student: 65 บาท • General Adult: 200 บาท แหล่งข้อมูล: https://esports.computing.psu.ac.th/wp-content/uploads/2026/01/PSU-Esports-Studio-phuket-SERVICE-FEE-2026.png",pipeline:deterministic_calculator_fast,service_fee/service_fee_query,100.0,True,0.4198,0,,,
MB-0036-SF-036,service_fee,psu_fact,นักศึกษาต่างมหาลัย เล่น Cockpit 1 ชั่วโมง เสียกี่บาท,"ระยะเวลาที่ถามคือ 1 ชั่วโมง ใช้ 1 session ตามแพ็กเกจ Cockpit 60 นาที คำตอบราคา: 65 บาท สำหรับกลุ่ม PSU Alumni and General Student / นักศึกษาหรือนักเรียนต่างสถาบัน • คำนวณจาก 65 บาท/session x 1 session = 65 บาท กลุ่มผู้ใช้ที่ตรวจเจอ: PSU Alumni and General Student / นักศึกษาหรือนักเรียนต่างสถาบัน / มหาลัยอื่น รายละเอียดจากตาราง: Cockpit 60 นาที (1 ชั่วโมง, 1 คน) • PSU Student and Staff: 0 บาท • PSU Alumni and General Student: 65 บาท • General Adult: 200 บาท แหล่งข้อมูล: https://esports.computing.psu.ac.th/wp-content/uploads/2026/01/PSU-Esports-Studio-phuket-SERVICE-FEE-2026.png",pipeline:deterministic_calculator_fast,service_fee/service_fee_query,100.0,True,0.4534,0,,,
MB-0037-SF-037,service_fee,psu_fact,นักศึกษาต่างมหาลัย เล่น Cockpit 2 ชั่วโมง เสียกี่บาท,"ระยะเวลาที่ถามคือ 2 ชั่วโมง ใช้ 2 session ตามแพ็กเกจ Cockpit 60 นาที คำตอบราคา: 130 บาท สำหรับกลุ่ม PSU Alumni and General Student / นักศึกษาหรือนักเรียนต่างสถาบัน • คำนวณจาก 65 บาท/session x 2 session = 130 บาท กลุ่มผู้ใช้ที่ตรวจเจอ: PSU Alumni and General Student / นักศึกษาหรือนักเรียนต่างสถาบัน / มหาลัยอื่น รายละเอียดจากตาราง: Cockpit 60 นาที (1 ชั่วโมง, 1 คน) • PSU Student and Staff: 0 บาท • PSU Alumni and General Student: 65 บาท • General Adult: 200 บาท แหล่งข้อมูล: https://esports.computing.psu.ac.th/wp-content/uploads/2026/01/PSU-Esports-Studio-phuket-SERVICE-FEE-2026.png",pipeline:deterministic_calculator_fast,service_fee/service_fee_query,100.0,True,0.4519,0,,,
MB-0038-SF-038,service_fee,psu_fact,บุคคลทั่วไป เล่น Cockpit 30 นาที เสียกี่บาท,"ระยะเวลาที่ถามคือ 30 นาที ใช้ 1 session ตามแพ็กเกจ Cockpit 60 นาที คำตอบราคา: 200 บาท สำหรับกลุ่ม General Adult / บุคคลทั่วไป • คำนวณจาก 200 บาท/session x 1 session = 200 บาท กลุ่มผู้ใช้ที่ตรวจเจอ: General Adult / บุคคลทั่วไป รายละเอียดจากตาราง: Cockpit 60 นาที (1 ชั่วโมง, 1 คน) • PSU Student and Staff: 0 บาท • PSU Alumni and General Student: 65 บาท • General Adult: 200 บาท แหล่งข้อมูล: https://esports.computing.psu.ac.th/wp-content/uploads/2026/01/PSU-Esports-Studio-phuket-SERVICE-FEE-2026.png",pipeline:deterministic_calculator_fast,service_fee/service_fee_query,100.0,True,0.4268,0,,,
MB-0039-SF-039,service_fee,psu_fact,บุคคลทั่วไป เล่น Cockpit 1 ชั่วโมง เสียกี่บาท,"ระยะเวลาที่ถามคือ 1 ชั่วโมง ใช้ 1 session ตามแพ็กเกจ Cockpit 60 นาที คำตอบราคา: 200 บาท สำหรับกลุ่ม General Adult / บุคคลทั่วไป • คำนวณจาก 200 บาท/session x 1 session = 200 บาท กลุ่มผู้ใช้ที่ตรวจเจอ: General Adult / บุคคลทั่วไป รายละเอียดจากตาราง: Cockpit 60 นาที (1 ชั่วโมง, 1 คน) • PSU Student and Staff: 0 บาท • PSU Alumni and General Student: 65 บาท • General Adult: 200 บาท แหล่งข้อมูล: https://esports.computing.psu.ac.th/wp-content/uploads/2026/01/PSU-Esports-Studio-phuket-SERVICE-FEE-2026.png",pipeline:deterministic_calculator_fast,service_fee/service_fee_query,100.0,True,0.4747,0,,,
MB-0040-SF-040,service_fee,psu_fact,บุคคลทั่วไป เล่น Cockpit 2 ชั่วโมง เสียกี่บาท,"ระยะเวลาที่ถามคือ 2 ชั่วโมง ใช้ 2 session ตามแพ็กเกจ Cockpit 60 นาที คำตอบราคา: 400 บาท สำหรับกลุ่ม General Adult / บุคคลทั่วไป • คำนวณจาก 200 บาท/session x 2 session = 400 บาท กลุ่มผู้ใช้ที่ตรวจเจอ: General Adult / บุคคลทั่วไป รายละเอียดจากตาราง: Cockpit 60 นาที (1 ชั่วโมง, 1 คน) • PSU Student and Staff: 0 บาท • PSU Alumni and General Student: 65 บาท • General Adult: 200 บาท แหล่งข้อมูล: https://esports.computing.psu.ac.th/wp-content/uploads/2026/01/PSU-Esports-Studio-phuket-SERVICE-FEE-2026.png",pipeline:deterministic_calculator_fast,service_fee/service_fee_query,100.0,True,0.4496,0,,,
MB-0041-SF-041,service_fee,psu_fact,VR ราคาเท่าไหร่,"VR 30 นาที (1-5 คน) • PSU Student and Staff: 0 บาท • PSU Alumni and General Student: 190 บาท • General Adult: 525 บาท VR 1 ชั่วโมง (60 นาที, 1-5 คน) • PSU Student and Staff: 0 บาท • PSU Alumni and General Student: 375 บาท • General Adult: 1,050 บาท แหล่งข้อมูล: https://esports.computing.psu.ac.th/wp-content/uploads/2026/01/PSU-Esports-Studio-phuket-SERVICE-FEE-2026.png",pipeline:deterministic_calculator_fast,service_fee/service_fee_query,100.0,True,0.2242,0,,,
MB-0042-SF-042,service_fee,psu_fact,นักศึกษา PSU เล่น VR 30 นาที เสียกี่บาท,ระยะเวลาที่ถามคือ 30 นาที ใช้ 1 session ตามแพ็กเกจ VR 30 นาที คำตอบราคา: 0 บาท สำหรับกลุ่ม PSU Student and Staff • คำนวณจาก 0 บาท/session x 1 session = 0 บาท กลุ่มผู้ใช้ที่ตรวจเจอ: PSU Student and Staff รายละเอียดจากตาราง: VR 30 นาที (1-5 คน) • PSU Student and Staff: 0 บาท • PSU Alumni and General Student: 190 บาท • General Adult: 525 บาท แหล่งข้อมูล: https://esports.computing.psu.ac.th/wp-content/uploads/2026/01/PSU-Esports-Studio-phuket-SERVICE-FEE-2026.png,pipeline:deterministic_calculator_fast,service_fee/service_fee_query,100.0,True,0.3687,0,,,
MB-0043-SF-043,service_fee,psu_fact,นักศึกษา PSU เล่น VR 1 ชั่วโมง เสียกี่บาท,"ระยะเวลาที่ถามคือ 1 ชั่วโมง ใช้ 1 session ตามแพ็กเกจ VR 1 ชั่วโมง คำตอบราคา: 0 บาท สำหรับกลุ่ม PSU Student and Staff • คำนวณจาก 0 บาท/session x 1 session = 0 บาท กลุ่มผู้ใช้ที่ตรวจเจอ: PSU Student and Staff รายละเอียดจากตาราง: VR 1 ชั่วโมง (60 นาที, 1-5 คน) • PSU Student and Staff: 0 บาท • PSU Alumni and General Student: 375 บาท • General Adult: 1,050 บาท แหล่งข้อมูล: https://esports.computing.psu.ac.th/wp-content/uploads/2026/01/PSU-Esports-Studio-phuket-SERVICE-FEE-2026.png",pipeline:deterministic_calculator_fast,service_fee/service_fee_query,100.0,True,0.3792,0,,,
MB-0044-SF-044,service_fee,psu_fact,นักศึกษา PSU เล่น VR 2 ชั่วโมง เสียกี่บาท,"ราคา VR สำหรับกลุ่ม PSU Student and Staff • VR 30 นาที: 0 บาท • VR 1 ชั่วโมง: 0 บาท กลุ่มผู้ใช้ที่ตรวจเจอ: PSU Student and Staff หมายเหตุ: คำถามยังไม่ระบุระยะเวลา จึงแสดงทั้งราคา 30 นาทีและ 1 ชั่วโมง รายละเอียดจากตาราง: VR 30 นาที (1-5 คน) • PSU Student and Staff: 0 บาท • PSU Alumni and General Student: 190 บาท • General Adult: 525 บาท VR 1 ชั่วโมง (60 นาที, 1-5 คน) • PSU Student and Staff: 0 บาท • PSU Alumni and General Student: 375 บาท • General Adult: 1,050 บาท แหล่งข้อมูล: https://esports.computing.psu.ac.th/wp-content/uploads/2026/01/PSU-Esports-Studio-phuket-SERVICE-FEE-2026.png",pipeline:deterministic_calculator_fast,service_fee/service_fee_query,100.0,True,0.3815,0,,,
MB-0045-SF-045,service_fee,psu_fact,นักศึกษาต่างมหาลัย เล่น VR 30 นาที เสียกี่บาท,ระยะเวลาที่ถามคือ 30 นาที ใช้ 1 session ตามแพ็กเกจ VR 30 นาที คำตอบราคา: 190 บาท สำหรับกลุ่ม PSU Alumni and General Student / นักศึกษาหรือนักเรียนต่างสถาบัน • คำนวณจาก 190 บาท/session x 1 session = 190 บาท กลุ่มผู้ใช้ที่ตรวจเจอ: PSU Alumni and General Student / นักศึกษาหรือนักเรียนต่างสถาบัน / มหาลัยอื่น รายละเอียดจากตาราง: VR 30 นาที (1-5 คน) • PSU Student and Staff: 0 บาท • PSU Alumni and General Student: 190 บาท • General Adult: 525 บาท แหล่งข้อมูล: https://esports.computing.psu.ac.th/wp-content/uploads/2026/01/PSU-Esports-Studio-phuket-SERVICE-FEE-2026.png,pipeline:deterministic_calculator_fast,service_fee/service_fee_query,100.0,True,0.3866,0,,,
MB-0046-SF-046,service_fee,psu_fact,นักศึกษาต่างมหาลัย เล่น VR 1 ชั่วโมง เสียกี่บาท,"ระยะเวลาที่ถามคือ 1 ชั่วโมง ใช้ 1 session ตามแพ็กเกจ VR 1 ชั่วโมง คำตอบราคา: 375 บาท สำหรับกลุ่ม PSU Alumni and General Student / นักศึกษาหรือนักเรียนต่างสถาบัน • คำนวณจาก 375 บาท/session x 1 session = 375 บาท กลุ่มผู้ใช้ที่ตรวจเจอ: PSU Alumni and General Student / นักศึกษาหรือนักเรียนต่างสถาบัน / มหาลัยอื่น รายละเอียดจากตาราง: VR 1 ชั่วโมง (60 นาที, 1-5 คน) • PSU Student and Staff: 0 บาท • PSU Alumni and General Student: 375 บาท • General Adult: 1,050 บาท แหล่งข้อมูล: https://esports.computing.psu.ac.th/wp-content/uploads/2026/01/PSU-Esports-Studio-phuket-SERVICE-FEE-2026.png",pipeline:deterministic_calculator_fast,service_fee/service_fee_query,100.0,True,0.3991,0,,,
MB-0047-SF-047,service_fee,psu_fact,นักศึกษาต่างมหาลัย เล่น VR 2 ชั่วโมง เสียกี่บาท,"ราคา VR สำหรับกลุ่ม PSU Alumni and General Student / นักศึกษาหรือนักเรียนต่างสถาบัน • VR 30 นาที: 190 บาท • VR 1 ชั่วโมง: 375 บาท กลุ่มผู้ใช้ที่ตรวจเจอ: PSU Alumni and General Student / นักศึกษาหรือนักเรียนต่างสถาบัน / มหาลัยอื่น หมายเหตุ: คำถามยังไม่ระบุระยะเวลา จึงแสดงทั้งราคา 30 นาทีและ 1 ชั่วโมง รายละเอียดจากตาราง: VR 30 นาที (1-5 คน) • PSU Student and Staff: 0 บาท • PSU Alumni and General Student: 190 บาท • General Adult: 525 บาท VR 1 ชั่วโมง (60 นาที, 1-5 คน) • PSU Student and Staff: 0 บาท • PSU Alumni and General Student: 375 บาท • General Adult: 1,050 บาท แหล่งข้อมูล: https://esports.computing.psu.ac.th/wp-content/uploads/2026/01/PSU-Esports-Studio-phuket-SERVICE-FEE-2026.png",pipeline:deterministic_calculator_fast,service_fee/service_fee_query,100.0,True,0.3955,0,,,
MB-0048-SF-048,service_fee,psu_fact,บุคคลทั่วไป เล่น VR 30 นาที เสียกี่บาท,ระยะเวลาที่ถามคือ 30 นาที ใช้ 1 session ตามแพ็กเกจ VR 30 นาที คำตอบราคา: 525 บาท สำหรับกลุ่ม General Adult / บุคคลทั่วไป • คำนวณจาก 525 บาท/session x 1 session = 525 บาท กลุ่มผู้ใช้ที่ตรวจเจอ: General Adult / บุคคลทั่วไป รายละเอียดจากตาราง: VR 30 นาที (1-5 คน) • PSU Student and Staff: 0 บาท • PSU Alumni and General Student: 190 บาท • General Adult: 525 บาท แหล่งข้อมูล: https://esports.computing.psu.ac.th/wp-content/uploads/2026/01/PSU-Esports-Studio-phuket-SERVICE-FEE-2026.png,pipeline:deterministic_calculator_fast,service_fee/service_fee_query,100.0,True,0.3914,0,,,
MB-0049-SF-049,service_fee,psu_fact,บุคคลทั่วไป เล่น VR 1 ชั่วโมง เสียกี่บาท,"ระยะเวลาที่ถามคือ 1 ชั่วโมง ใช้ 1 session ตามแพ็กเกจ VR 1 ชั่วโมง คำตอบราคา: 1050 บาท สำหรับกลุ่ม General Adult / บุคคลทั่วไป • คำนวณจาก 1050 บาท/session x 1 session = 1050 บาท กลุ่มผู้ใช้ที่ตรวจเจอ: General Adult / บุคคลทั่วไป รายละเอียดจากตาราง: VR 1 ชั่วโมง (60 นาที, 1-5 คน) • PSU Student and Staff: 0 บาท • PSU Alumni and General Student: 375 บาท • General Adult: 1,050 บาท แหล่งข้อมูล: https://esports.computing.psu.ac.th/wp-content/uploads/2026/01/PSU-Esports-Studio-phuket-SERVICE-FEE-2026.png",pipeline:deterministic_calculator_fast,service_fee/service_fee_query,100.0,True,0.4166,0,,,
MB-0050-SF-050,service_fee,psu_fact,บุคคลทั่วไป เล่น VR 2 ชั่วโมง เสียกี่บาท,"ราคา VR สำหรับกลุ่ม General Adult / บุคคลทั่วไป • VR 30 นาที: 525 บาท • VR 1 ชั่วโมง: 1,050 บาท กลุ่มผู้ใช้ที่ตรวจเจอ: General Adult / บุคคลทั่วไป หมายเหตุ: คำถามยังไม่ระบุระยะเวลา จึงแสดงทั้งราคา 30 นาทีและ 1 ชั่วโมง รายละเอียดจากตาราง: VR 30 นาที (1-5 คน) • PSU Student and Staff: 0 บาท • PSU Alumni and General Student: 190 บาท • General Adult: 525 บาท VR 1 ชั่วโมง (60 นาที, 1-5 คน) • PSU Student and Staff: 0 บาท • PSU Alumni and General Student: 375 บาท • General Adult: 1,050 บาท แหล่งข้อมูล: https://esports.computing.psu.ac.th/wp-content/uploads/2026/01/PSU-Esports-Studio-phuket-SERVICE-FEE-2026.png",pipeline:deterministic_calculator_fast,service_fee/service_fee_query,100.0,True,0.3837,0,,,
MB-0051-SF-051,service_fee,psu_fact,ราคา PC กับ PS5 ต่างกันเท่าไหร่,"ราคา PC 1 ชั่วโมง กับ PlayStation 5 60 นาที ต่างกันดังนี้: • PSU Student and Staff: ราคาเท่ากันที่ 0 บาท (PC 1 ชั่วโมง 0 บาท / PlayStation 5 60 นาที 0 บาท) • PSU Alumni and General Student / นักศึกษาหรือนักเรียนต่างสถาบัน: PlayStation 5 60 นาที แพงกว่า 25 บาท (PC 1 ชั่วโมง 25 บาท / PlayStation 5 60 นาที 50 บาท) • General Adult / บุคคลทั่วไป: PlayStation 5 60 นาที แพงกว่า 80 บาท (PC 1 ชั่วโมง 70 บาท / PlayStation 5 60 นาที 150 บาท) รายละเอียดจากตาราง: PC 1 ชั่วโมง (1 คน) • PSU Student and Staff: 0 บาท • PSU Alumni and General Student: 25 บาท • General Adult: 70 บาท หมายเหตุข้อมูล PC: ราคา PC เพิ่มจาก local service fee update 2026-07-27 PlayStation 5 60 นาที (1 ชั่วโมง, 1-2 คน) • PSU Student a",pipeline:deterministic_calculator_fast,service_fee/service_fee_query,100.0,True,0.3363,0,,,
MB-0052-SF-052,service_fee,psu_fact,PS5 กับ Nintendo ราคาอันไหนแพงกว่า,"PlayStation 5 60 นาที (1 ชั่วโมง, 1-2 คน) • PSU Student and Staff: 0 บาท • PSU Alumni and General Student: 50 บาท • General Adult: 150 บาท Nintendo Switch 1-2 คน 60 นาที (1 ชั่วโมง) • PSU Student and Staff: 0 บาท • PSU Alumni and General Student: 50 บาท • General Adult: 140 บาท Nintendo Switch 3-4 คน 60 นาที (1 ชั่วโมง) • PSU Student and Staff: 0 บาท • PSU Alumni and General Student: 100 บาท • General Adult: 280 บาท แหล่งข้อมูล: https://esports.computing.psu.ac.th/wp-content/uploads/2026/01/PSU-Esports-Studio-phuket-SERVICE-FEE-2026.png",pipeline:deterministic_calculator_fast,service_fee/service_fee_query,100.0,True,0.4001,0,,,
MB-0053-SF-053,service_fee,psu_fact,VR 30 นาทีกับ VR 1 ชั่วโมงต่างกันยังไง,"ยังไม่ทราบกลุ่มผู้ใช้ จึงแสดงราคา VR ทุกกลุ่มให้เทียบก่อน VR 30 นาที (1-5 คน) • นักศึกษา/นักเรียน/บุคลากร PSU: 0 บาท • ศิษย์เก่า PSU / นักศึกษา-นักเรียนต่างสถาบัน (General Student): 190 บาท • บุคคลทั่วไป (General Adult): 525 บาท VR 1 ชั่วโมง (1-5 คน) • นักศึกษา/นักเรียน/บุคลากร PSU: 0 บาท • ศิษย์เก่า PSU / นักศึกษา-นักเรียนต่างสถาบัน (General Student): 375 บาท • บุคคลทั่วไป (General Adult): 1,050 บาท หมายเหตุ: คำถามเปรียบเทียบ VR 30 นาทีและ 1 ชั่วโมง จึงแสดงทั้งสองแพ็กเกจ แหล่งข้อมูล: https://esports.computing.psu.ac.th/wp-content/uploads/2026/01/PSU-Esports-Studio-phuket-SERVICE-FEE-2026.png",pipeline:structured_service_fee,service_fee/service_fee_query,100.0,True,1.3682,0,,,
MB-0054-SF-054,service_fee,psu_fact,ถ้าเล่น PC 3 ชั่วโมง บุคคลทั่วไปต้องจ่ายเท่าไหร่,ระยะเวลาที่ถามคือ 3 ชั่วโมง ใช้ 3 session ตามแพ็กเกจ PC 1 ชั่วโมง คำตอบราคา: 210 บาท สำหรับกลุ่ม General Adult / บุคคลทั่วไป • คำนวณจาก 70 บาท/session x 3 session = 210 บาท กลุ่มผู้ใช้ที่ตรวจเจอ: General Adult / บุคคลทั่วไป รายละเอียดจากตาราง: PC 1 ชั่วโมง (1 คน) • PSU Student and Staff: 0 บาท • PSU Alumni and General Student: 25 บาท • General Adult: 70 บาท หมายเหตุข้อมูล PC: ราคา PC เพิ่มจาก local service fee update 2026-07-27 แหล่งข้อมูล: https://esports.computing.psu.ac.th/wp-content/uploads/2026/01/PSU-Esports-Studio-phuket-SERVICE-FEE-2026.png,pipeline:deterministic_calculator_fast,service_fee/service_fee_query,100.0,True,0.4363,0,,,
MB-0055-SF-055,service_fee,psu_fact,ต่างมหาลัยเล่น Cockpit 2 ชั่วโมงกี่บาท,"ระยะเวลาที่ถามคือ 2 ชั่วโมง ใช้ 2 session ตามแพ็กเกจ Cockpit 60 นาที คำตอบราคา: 130 บาท สำหรับกลุ่ม PSU Alumni and General Student / นักศึกษาหรือนักเรียนต่างสถาบัน • คำนวณจาก 65 บาท/session x 2 session = 130 บาท กลุ่มผู้ใช้ที่ตรวจเจอ: PSU Alumni and General Student / นักศึกษาหรือนักเรียนต่างสถาบัน / มหาลัยอื่น รายละเอียดจากตาราง: Cockpit 60 นาที (1 ชั่วโมง, 1 คน) • PSU Student and Staff: 0 บาท • PSU Alumni and General Student: 65 บาท • General Adult: 200 บาท แหล่งข้อมูล: https://esports.computing.psu.ac.th/wp-content/uploads/2026/01/PSU-Esports-Studio-phuket-SERVICE-FEE-2026.png",pipeline:deterministic_calculator_fast,service_fee/service_fee_query,100.0,True,0.3806,0,,,
MB-0056-SF-056,service_fee,psu_fact,เด็ก ม.อ. เล่น Nintendo 4 คนเสียเงินไหม,ราคา 0 บาท สำหรับกลุ่ม PSU Student and Staff • Nintendo Switch 3-4 คน 60 นาที: 0 บาท กลุ่มผู้ใช้ที่ตรวจเจอ: PSU Student and Staff รายละเอียดจากตาราง: Nintendo Switch 3-4 คน 60 นาที (1 ชั่วโมง) • PSU Student and Staff: 0 บาท • PSU Alumni and General Student: 100 บาท • General Adult: 280 บาท แหล่งข้อมูล: https://esports.computing.psu.ac.th/wp-content/uploads/2026/01/PSU-Esports-Studio-phuket-SERVICE-FEE-2026.png,pipeline:deterministic_calculator_fast,service_fee/service_fee_query,100.0,True,0.4181,0,,,
MB-0057-SF-057,service_fee,psu_fact,General Adult เล่น VR 1 ชั่วโมงกี่บาท,"ระยะเวลาที่ถามคือ 1 ชั่วโมง ใช้ 1 session ตามแพ็กเกจ VR 1 ชั่วโมง ยังไม่ทราบกลุ่มผู้ใช้ จึงแสดงราคาทุกกลุ่มให้เทียบก่อน: • PSU Student and Staff: 0 บาท/session x 1 = 0 บาท • PSU Alumni and General Student / นักศึกษาหรือนักเรียนต่างสถาบัน: 375 บาท/session x 1 = 375 บาท • General Adult / บุคคลทั่วไป: 1050 บาท/session x 1 = 1050 บาท รายละเอียดจากตาราง: VR 1 ชั่วโมง (60 นาที, 1-5 คน) • PSU Student and Staff: 0 บาท • PSU Alumni and General Student: 375 บาท • General Adult: 1,050 บาท แหล่งข้อมูล: https://esports.computing.psu.ac.th/wp-content/uploads/2026/01/PSU-Esports-Studio-phuket-SERVICE-FEE-2026.png",pipeline:deterministic_calculator_fast,service_fee/service_fee_query,100.0,True,0.3855,0,,,
MB-0058-SF-058,service_fee,psu_fact,PSU Staff เล่น PC ต้องเสียเงินไหม,ราคา PC 1 ชั่วโมง สำหรับ PSU Student and Staff: 0 บาท กลุ่มผู้ใช้ที่ตรวจเจอ: PSU Student and Staff หมายเหตุข้อมูล PC: ราคา PC เพิ่มจาก local service fee update 2026-07-27 แหล่งข้อมูล: https://esports.computing.psu.ac.th/wp-content/uploads/2026/01/PSU-Esports-Studio-phuket-SERVICE-FEE-2026.png,pipeline:deterministic_calculator_fast,service_fee/service_fee_query,100.0,True,0.3507,0,,,
MB-0059-SF-059,service_fee,psu_fact,VALORANT ราคาเท่าไหร่,VALORANT ไม่มีราคาแยกตามชื่อเกมครับ ต้องดูราคาตามโซน/บริการที่ใช้เล่นเกมนี้ PC Zone ยังไม่ทราบกลุ่มผู้ใช้ จึงแสดงราคาทุกกลุ่มให้เทียบก่อน PC 1 ชั่วโมง (1 คน) • นักศึกษา/นักเรียน/บุคลากร PSU: 0 บาท/1 ชั่วโมง • ศิษย์เก่า PSU / นักศึกษา-นักเรียนต่างสถาบัน (General Student): 25 บาท/1 ชั่วโมง • บุคคลทั่วไป (General Adult): 70 บาท/1 ชั่วโมง หมายเหตุข้อมูล PC: ราคา PC เพิ่มจาก local service fee update 2026-07-27 แหล่งข้อมูล: https://esports.computing.psu.ac.th/wp-content/uploads/2026/01/PSU-Esports-Studio-phuket-SERVICE-FEE-2026.png,pipeline:structured_service_fee_by_game,service_fee/service_fee_query,100.0,True,0.8387,0,,,
MB-0060-SF-060,service_fee,psu_fact,Counter-Strike 2 ราคาเท่าไหร่,Counter-Strike 2 ไม่มีราคาแยกตามชื่อเกมครับ ต้องดูราคาตามโซน/บริการที่ใช้เล่นเกมนี้ PC Zone ยังไม่ทราบกลุ่มผู้ใช้ จึงแสดงราคาทุกกลุ่มให้เทียบก่อน PC 1 ชั่วโมง (1 คน) • นักศึกษา/นักเรียน/บุคลากร PSU: 0 บาท/1 ชั่วโมง • ศิษย์เก่า PSU / นักศึกษา-นักเรียนต่างสถาบัน (General Student): 25 บาท/1 ชั่วโมง • บุคคลทั่วไป (General Adult): 70 บาท/1 ชั่วโมง หมายเหตุข้อมูล PC: ราคา PC เพิ่มจาก local service fee update 2026-07-27 แหล่งข้อมูล: https://esports.computing.psu.ac.th/wp-content/uploads/2026/01/PSU-Esports-Studio-phuket-SERVICE-FEE-2026.png,pipeline:structured_service_fee_by_game,service_fee/service_fee_query,100.0,True,0.527,0,,,
MB-0061-SF-061,service_fee,psu_fact,PUBG: BATTLEGROUNDS ราคาเท่าไหร่,PUBG: BATTLEGROUNDS ไม่มีราคาแยกตามชื่อเกมครับ ต้องดูราคาตามโซน/บริการที่ใช้เล่นเกมนี้ PC Zone ยังไม่ทราบกลุ่มผู้ใช้ จึงแสดงราคาทุกกลุ่มให้เทียบก่อน PC 1 ชั่วโมง (1 คน) • นักศึกษา/นักเรียน/บุคลากร PSU: 0 บาท/1 ชั่วโมง • ศิษย์เก่า PSU / นักศึกษา-นักเรียนต่างสถาบัน (General Student): 25 บาท/1 ชั่วโมง • บุคคลทั่วไป (General Adult): 70 บาท/1 ชั่วโมง หมายเหตุข้อมูล PC: ราคา PC เพิ่มจาก local service fee update 2026-07-27 แหล่งข้อมูล: https://esports.computing.psu.ac.th/wp-content/uploads/2026/01/PSU-Esports-Studio-phuket-SERVICE-FEE-2026.png,pipeline:structured_service_fee_by_game,service_fee/service_fee_query,100.0,True,0.6054,0,,,
MB-0062-SF-062,service_fee,psu_fact,Call of Duty: Warzone ราคาเท่าไหร่,Call of Duty: Warzone ไม่มีราคาแยกตามชื่อเกมครับ ต้องดูราคาตามโซน/บริการที่ใช้เล่นเกมนี้ PC Zone ยังไม่ทราบกลุ่มผู้ใช้ จึงแสดงราคาทุกกลุ่มให้เทียบก่อน PC 1 ชั่วโมง (1 คน) • นักศึกษา/นักเรียน/บุคลากร PSU: 0 บาท/1 ชั่วโมง • ศิษย์เก่า PSU / นักศึกษา-นักเรียนต่างสถาบัน (General Student): 25 บาท/1 ชั่วโมง • บุคคลทั่วไป (General Adult): 70 บาท/1 ชั่วโมง หมายเหตุข้อมูล PC: ราคา PC เพิ่มจาก local service fee update 2026-07-27 แหล่งข้อมูล: https://esports.computing.psu.ac.th/wp-content/uploads/2026/01/PSU-Esports-Studio-phuket-SERVICE-FEE-2026.png,pipeline:structured_service_fee_by_game,service_fee/service_fee_query,100.0,True,0.5943,0,,,
MB-0063-SF-063,service_fee,psu_fact,League of Legends ราคาเท่าไหร่,League of Legends ไม่มีราคาแยกตามชื่อเกมครับ ต้องดูราคาตามโซน/บริการที่ใช้เล่นเกมนี้ PC Zone ยังไม่ทราบกลุ่มผู้ใช้ จึงแสดงราคาทุกกลุ่มให้เทียบก่อน PC 1 ชั่วโมง (1 คน) • นักศึกษา/นักเรียน/บุคลากร PSU: 0 บาท/1 ชั่วโมง • ศิษย์เก่า PSU / นักศึกษา-นักเรียนต่างสถาบัน (General Student): 25 บาท/1 ชั่วโมง • บุคคลทั่วไป (General Adult): 70 บาท/1 ชั่วโมง หมายเหตุข้อมูล PC: ราคา PC เพิ่มจาก local service fee update 2026-07-27 แหล่งข้อมูล: https://esports.computing.psu.ac.th/wp-content/uploads/2026/01/PSU-Esports-Studio-phuket-SERVICE-FEE-2026.png,pipeline:structured_service_fee_by_game,service_fee/service_fee_query,100.0,True,0.5472,0,,,
MB-0064-SF-064,service_fee,psu_fact,TEKKEN 8 ราคาเท่าไหร่,TEKKEN 8 ไม่มีราคาแยกตามชื่อเกมครับ ต้องดูราคาตามโซน/บริการที่ใช้เล่นเกมนี้ PC Zone ยังไม่ทราบกลุ่มผู้ใช้ จึงแสดงราคาทุกกลุ่มให้เทียบก่อน PC 1 ชั่วโมง (1 คน) • นักศึกษา/นักเรียน/บุคลากร PSU: 0 บาท/1 ชั่วโมง • ศิษย์เก่า PSU / นักศึกษา-นักเรียนต่างสถาบัน (General Student): 25 บาท/1 ชั่วโมง • บุคคลทั่วไป (General Adult): 70 บาท/1 ชั่วโมง หมายเหตุข้อมูล PC: ราคา PC เพิ่มจาก local service fee update 2026-07-27 แหล่งข้อมูล: https://esports.computing.psu.ac.th/wp-content/uploads/2026/01/PSU-Esports-Studio-phuket-SERVICE-FEE-2026.png PlayStation 5 Zone ยังไม่ทราบกลุ่มผู้ใช้ จึงแสดงราคาทุกกลุ่มให้เทียบก่อน PlayStation 5 1 ชั่วโมง (1-2 คน) • นักศึกษา/นักเรียน/บุคลากร PSU: 0 บาท/1 ชั่วโมง • ศิษย์เก่า P,pipeline:structured_service_fee_by_game,service_fee/service_fee_query,100.0,True,0.5326,0,,,
MB-0065-SF-065,service_fee,psu_fact,Marvel's Spider-Man 2 ราคาเท่าไหร่,Marvel's Spider-Man 2 ไม่มีราคาแยกตามชื่อเกมครับ ต้องดูราคาตามโซน/บริการที่ใช้เล่นเกมนี้ PlayStation 5 Zone ยังไม่ทราบกลุ่มผู้ใช้ จึงแสดงราคาทุกกลุ่มให้เทียบก่อน PlayStation 5 1 ชั่วโมง (1-2 คน) • นักศึกษา/นักเรียน/บุคลากร PSU: 0 บาท/1 ชั่วโมง • ศิษย์เก่า PSU / นักศึกษา-นักเรียนต่างสถาบัน (General Student): 50 บาท/1 ชั่วโมง • บุคคลทั่วไป (General Adult): 150 บาท/1 ชั่วโมง แหล่งข้อมูล: https://esports.computing.psu.ac.th/wp-content/uploads/2026/01/PSU-Esports-Studio-phuket-SERVICE-FEE-2026.png,pipeline:structured_service_fee_by_game,service_fee/service_fee_query,100.0,True,0.5908,0,,,
MB-0066-SF-066,service_fee,psu_fact,Fortnite ราคาเท่าไหร่,Fortnite ไม่มีราคาแยกตามชื่อเกมครับ ต้องดูราคาตามโซน/บริการที่ใช้เล่นเกมนี้ PlayStation 5 Zone ยังไม่ทราบกลุ่มผู้ใช้ จึงแสดงราคาทุกกลุ่มให้เทียบก่อน PlayStation 5 1 ชั่วโมง (1-2 คน) • นักศึกษา/นักเรียน/บุคลากร PSU: 0 บาท/1 ชั่วโมง • ศิษย์เก่า PSU / นักศึกษา-นักเรียนต่างสถาบัน (General Student): 50 บาท/1 ชั่วโมง • บุคคลทั่วไป (General Adult): 150 บาท/1 ชั่วโมง แหล่งข้อมูล: https://esports.computing.psu.ac.th/wp-content/uploads/2026/01/PSU-Esports-Studio-phuket-SERVICE-FEE-2026.png,pipeline:structured_service_fee_by_game,service_fee/service_fee_query,100.0,True,0.4549,0,,,
MB-0067-SF-067,service_fee,psu_fact,God of War Ragnarok ราคาเท่าไหร่,God of War Ragnarok ไม่มีราคาแยกตามชื่อเกมครับ ต้องดูราคาตามโซน/บริการที่ใช้เล่นเกมนี้ PlayStation 5 Zone ยังไม่ทราบกลุ่มผู้ใช้ จึงแสดงราคาทุกกลุ่มให้เทียบก่อน PlayStation 5 1 ชั่วโมง (1-2 คน) • นักศึกษา/นักเรียน/บุคลากร PSU: 0 บาท/1 ชั่วโมง • ศิษย์เก่า PSU / นักศึกษา-นักเรียนต่างสถาบัน (General Student): 50 บาท/1 ชั่วโมง • บุคคลทั่วไป (General Adult): 150 บาท/1 ชั่วโมง แหล่งข้อมูล: https://esports.computing.psu.ac.th/wp-content/uploads/2026/01/PSU-Esports-Studio-phuket-SERVICE-FEE-2026.png,pipeline:structured_service_fee_by_game,service_fee/service_fee_query,100.0,True,0.5508,0,,,
MB-0068-SF-068,service_fee,psu_fact,Beat Saber ราคาเท่าไหร่,"Beat Saber ไม่มีราคาแยกตามชื่อเกมครับ ต้องดูราคาตามโซน/บริการที่ใช้เล่นเกมนี้ VR Zone ยังไม่ทราบกลุ่มผู้ใช้ จึงแสดงราคา VR ทุกกลุ่มให้เทียบก่อน VR 30 นาที (1-5 คน) • นักศึกษา/นักเรียน/บุคลากร PSU: 0 บาท • ศิษย์เก่า PSU / นักศึกษา-นักเรียนต่างสถาบัน (General Student): 190 บาท • บุคคลทั่วไป (General Adult): 525 บาท VR 1 ชั่วโมง (1-5 คน) • นักศึกษา/นักเรียน/บุคลากร PSU: 0 บาท • ศิษย์เก่า PSU / นักศึกษา-นักเรียนต่างสถาบัน (General Student): 375 บาท • บุคคลทั่วไป (General Adult): 1,050 บาท หมายเหตุ: คำถามยังไม่ระบุระยะเวลา จึงแสดงทั้งราคา 30 นาทีและ 1 ชั่วโมง แหล่งข้อมูล: https://esports.computing.psu.ac.th/wp-content/uploads/2026/01/PSU-Esports-Studio-phuket-SERVICE-FEE-2026.png",pipeline:structured_service_fee_by_game,service_fee/service_fee_query,100.0,True,0.4761,0,,,
MB-0069-SF-069,service_fee,psu_fact,Horizon Call of the Mountain ราคาเท่าไหร่,"Horizon Call of the Mountain ไม่มีราคาแยกตามชื่อเกมครับ ต้องดูราคาตามโซน/บริการที่ใช้เล่นเกมนี้ VR Zone ยังไม่ทราบกลุ่มผู้ใช้ จึงแสดงราคา VR ทุกกลุ่มให้เทียบก่อน VR 30 นาที (1-5 คน) • นักศึกษา/นักเรียน/บุคลากร PSU: 0 บาท • ศิษย์เก่า PSU / นักศึกษา-นักเรียนต่างสถาบัน (General Student): 190 บาท • บุคคลทั่วไป (General Adult): 525 บาท VR 1 ชั่วโมง (1-5 คน) • นักศึกษา/นักเรียน/บุคลากร PSU: 0 บาท • ศิษย์เก่า PSU / นักศึกษา-นักเรียนต่างสถาบัน (General Student): 375 บาท • บุคคลทั่วไป (General Adult): 1,050 บาท หมายเหตุ: คำถามยังไม่ระบุระยะเวลา จึงแสดงทั้งราคา 30 นาทีและ 1 ชั่วโมง แหล่งข้อมูล: https://esports.computing.psu.ac.th/wp-content/uploads/2026/01/PSU-Esports-Studio-phuket-SERVICE-FEE-2026.pn",pipeline:structured_service_fee_by_game,service_fee/service_fee_query,100.0,True,0.6605,0,,,
MB-0070-SF-070,service_fee,psu_fact,Gran Turismo 7 ราคาเท่าไหร่,Gran Turismo 7 ไม่มีราคาแยกตามชื่อเกมครับ ต้องดูราคาตามโซน/บริการที่ใช้เล่นเกมนี้ Cockpit Zone ราคา Cockpit 1 ชั่วโมง (1 คน) สำหรับ ศิษย์เก่า PSU / นักศึกษา-นักเรียนต่างสถาบัน (General Student) • 65 บาท แหล่งข้อมูล: https://esports.computing.psu.ac.th/wp-content/uploads/2026/01/PSU-Esports-Studio-phuket-SERVICE-FEE-2026.png,pipeline:structured_service_fee_by_game,service_fee/service_fee_query,100.0,True,0.5085,0,,,
MB-0071-SF-071,service_fee,psu_fact,Call of Duty: Modern Warfare III ราคาเท่าไหร่,Call of Duty: Modern Warfare III ไม่มีราคาแยกตามชื่อเกมครับ ต้องดูราคาตามโซน/บริการที่ใช้เล่นเกมนี้ PlayStation 5 Zone ยังไม่ทราบกลุ่มผู้ใช้ จึงแสดงราคาทุกกลุ่มให้เทียบก่อน PlayStation 5 1 ชั่วโมง (1-2 คน) • นักศึกษา/นักเรียน/บุคลากร PSU: 0 บาท/1 ชั่วโมง • ศิษย์เก่า PSU / นักศึกษา-นักเรียนต่างสถาบัน (General Student): 50 บาท/1 ชั่วโมง • บุคคลทั่วไป (General Adult): 150 บาท/1 ชั่วโมง แหล่งข้อมูล: https://esports.computing.psu.ac.th/wp-content/uploads/2026/01/PSU-Esports-Studio-phuket-SERVICE-FEE-2026.png,pipeline:structured_service_fee_by_game,service_fee/service_fee_query,100.0,True,0.6758,0,,,
MB-0072-SF-072,service_fee,psu_fact,EA Sports FC 24 ราคาเท่าไหร่,EA Sports FC 24 ไม่มีราคาแยกตามชื่อเกมครับ ต้องดูราคาตามโซน/บริการที่ใช้เล่นเกมนี้ PlayStation 5 Zone ยังไม่ทราบกลุ่มผู้ใช้ จึงแสดงราคาทุกกลุ่มให้เทียบก่อน PlayStation 5 1 ชั่วโมง (1-2 คน) • นักศึกษา/นักเรียน/บุคลากร PSU: 0 บาท/1 ชั่วโมง • ศิษย์เก่า PSU / นักศึกษา-นักเรียนต่างสถาบัน (General Student): 50 บาท/1 ชั่วโมง • บุคคลทั่วไป (General Adult): 150 บาท/1 ชั่วโมง แหล่งข้อมูล: https://esports.computing.psu.ac.th/wp-content/uploads/2026/01/PSU-Esports-Studio-phuket-SERVICE-FEE-2026.png,pipeline:structured_service_fee_by_game,service_fee/service_fee_query,100.0,True,0.4723,0,,,
MB-0073-SF-073,service_fee,psu_fact,FINAL FANTASY XVI ราคาเท่าไหร่,FINAL FANTASY XVI ไม่มีราคาแยกตามชื่อเกมครับ ต้องดูราคาตามโซน/บริการที่ใช้เล่นเกมนี้ PlayStation 5 Zone ยังไม่ทราบกลุ่มผู้ใช้ จึงแสดงราคาทุกกลุ่มให้เทียบก่อน PlayStation 5 1 ชั่วโมง (1-2 คน) • นักศึกษา/นักเรียน/บุคลากร PSU: 0 บาท/1 ชั่วโมง • ศิษย์เก่า PSU / นักศึกษา-นักเรียนต่างสถาบัน (General Student): 50 บาท/1 ชั่วโมง • บุคคลทั่วไป (General Adult): 150 บาท/1 ชั่วโมง แหล่งข้อมูล: https://esports.computing.psu.ac.th/wp-content/uploads/2026/01/PSU-Esports-Studio-phuket-SERVICE-FEE-2026.png,pipeline:structured_service_fee_by_game,service_fee/service_fee_query,100.0,True,0.5033,0,,,
MB-0074-SF-074,service_fee,psu_fact,Hogwarts Legacy ราคาเท่าไหร่,Hogwarts Legacy ไม่มีราคาแยกตามชื่อเกมครับ ต้องดูราคาตามโซน/บริการที่ใช้เล่นเกมนี้ PlayStation 5 Zone ยังไม่ทราบกลุ่มผู้ใช้ จึงแสดงราคาทุกกลุ่มให้เทียบก่อน PlayStation 5 1 ชั่วโมง (1-2 คน) • นักศึกษา/นักเรียน/บุคลากร PSU: 0 บาท/1 ชั่วโมง • ศิษย์เก่า PSU / นักศึกษา-นักเรียนต่างสถาบัน (General Student): 50 บาท/1 ชั่วโมง • บุคคลทั่วไป (General Adult): 150 บาท/1 ชั่วโมง แหล่งข้อมูล: https://esports.computing.psu.ac.th/wp-content/uploads/2026/01/PSU-Esports-Studio-phuket-SERVICE-FEE-2026.png,pipeline:structured_service_fee_by_game,service_fee/service_fee_query,100.0,True,0.4958,0,,,
MB-0075-SF-075,service_fee,psu_fact,Resident Evil 4 ราคาเท่าไหร่,Resident Evil 4 ไม่มีราคาแยกตามชื่อเกมครับ ต้องดูราคาตามโซน/บริการที่ใช้เล่นเกมนี้ PlayStation 5 Zone ยังไม่ทราบกลุ่มผู้ใช้ จึงแสดงราคาทุกกลุ่มให้เทียบก่อน PlayStation 5 1 ชั่วโมง (1-2 คน) • นักศึกษา/นักเรียน/บุคลากร PSU: 0 บาท/1 ชั่วโมง • ศิษย์เก่า PSU / นักศึกษา-นักเรียนต่างสถาบัน (General Student): 50 บาท/1 ชั่วโมง • บุคคลทั่วไป (General Adult): 150 บาท/1 ชั่วโมง แหล่งข้อมูล: https://esports.computing.psu.ac.th/wp-content/uploads/2026/01/PSU-Esports-Studio-phuket-SERVICE-FEE-2026.png VR Zone ยังไม่ทราบกลุ่มผู้ใช้ จึงแสดงราคา VR ทุกกลุ่มให้เทียบก่อน VR 30 นาที (1-5 คน) • นักศึกษา/นักเรียน/บุคลากร PSU: 0 บาท • ศิษย์เก่า PSU / นักศึกษา-นักเรียนต่างสถาบัน (General Student): 190 บาท • บุคคลทั่,pipeline:structured_service_fee_by_game,service_fee/service_fee_query,100.0,True,0.4889,0,,,
MB-0076-SF-076,service_fee,psu_fact,Resident Evil Village ราคาเท่าไหร่,Resident Evil Village ไม่มีราคาแยกตามชื่อเกมครับ ต้องดูราคาตามโซน/บริการที่ใช้เล่นเกมนี้ PlayStation 5 Zone ยังไม่ทราบกลุ่มผู้ใช้ จึงแสดงราคาทุกกลุ่มให้เทียบก่อน PlayStation 5 1 ชั่วโมง (1-2 คน) • นักศึกษา/นักเรียน/บุคลากร PSU: 0 บาท/1 ชั่วโมง • ศิษย์เก่า PSU / นักศึกษา-นักเรียนต่างสถาบัน (General Student): 50 บาท/1 ชั่วโมง • บุคคลทั่วไป (General Adult): 150 บาท/1 ชั่วโมง แหล่งข้อมูล: https://esports.computing.psu.ac.th/wp-content/uploads/2026/01/PSU-Esports-Studio-phuket-SERVICE-FEE-2026.png VR Zone ยังไม่ทราบกลุ่มผู้ใช้ จึงแสดงราคา VR ทุกกลุ่มให้เทียบก่อน VR 30 นาที (1-5 คน) • นักศึกษา/นักเรียน/บุคลากร PSU: 0 บาท • ศิษย์เก่า PSU / นักศึกษา-นักเรียนต่างสถาบัน (General Student): 190 บาท • บุ,pipeline:structured_service_fee_by_game,service_fee/service_fee_query,100.0,True,0.5514,0,,,
MB-0077-SF-077,service_fee,psu_fact,NARUTO X BORUTO Ultimate Ninja Storm Connections ราคาเท่าไหร่,NARUTO X BORUTO Ultimate Ninja Storm Connections ไม่มีราคาแยกตามชื่อเกมครับ ต้องดูราคาตามโซน/บริการที่ใช้เล่นเกมนี้ PlayStation 5 Zone ยังไม่ทราบกลุ่มผู้ใช้ จึงแสดงราคาทุกกลุ่มให้เทียบก่อน PlayStation 5 1 ชั่วโมง (1-2 คน) • นักศึกษา/นักเรียน/บุคลากร PSU: 0 บาท/1 ชั่วโมง • ศิษย์เก่า PSU / นักศึกษา-นักเรียนต่างสถาบัน (General Student): 50 บาท/1 ชั่วโมง • บุคคลทั่วไป (General Adult): 150 บาท/1 ชั่วโมง แหล่งข้อมูล: https://esports.computing.psu.ac.th/wp-content/uploads/2026/01/PSU-Esports-Studio-phuket-SERVICE-FEE-2026.png,pipeline:structured_service_fee_by_game,service_fee/service_fee_query,100.0,True,0.7908,0,,,
MB-0078-SF-078,service_fee,psu_fact,The Last of Us Part I / Part II ราคาเท่าไหร่,The Last of Us Part I ไม่มีราคาแยกตามชื่อเกมครับ ต้องดูราคาตามโซน/บริการที่ใช้เล่นเกมนี้ PlayStation 5 Zone ยังไม่ทราบกลุ่มผู้ใช้ จึงแสดงราคาทุกกลุ่มให้เทียบก่อน PlayStation 5 1 ชั่วโมง (1-2 คน) • นักศึกษา/นักเรียน/บุคลากร PSU: 0 บาท/1 ชั่วโมง • ศิษย์เก่า PSU / นักศึกษา-นักเรียนต่างสถาบัน (General Student): 50 บาท/1 ชั่วโมง • บุคคลทั่วไป (General Adult): 150 บาท/1 ชั่วโมง แหล่งข้อมูล: https://esports.computing.psu.ac.th/wp-content/uploads/2026/01/PSU-Esports-Studio-phuket-SERVICE-FEE-2026.png,pipeline:structured_service_fee_by_game,service_fee/service_fee_query,100.0,True,0.6091,0,,,
MB-0079-SF-079,service_fee,psu_fact,Uncharted: Legacy of Thieves Collection ราคาเท่าไหร่,Uncharted: Legacy of Thieves Collection ไม่มีราคาแยกตามชื่อเกมครับ ต้องดูราคาตามโซน/บริการที่ใช้เล่นเกมนี้ PlayStation 5 Zone ยังไม่ทราบกลุ่มผู้ใช้ จึงแสดงราคาทุกกลุ่มให้เทียบก่อน PlayStation 5 1 ชั่วโมง (1-2 คน) • นักศึกษา/นักเรียน/บุคลากร PSU: 0 บาท/1 ชั่วโมง • ศิษย์เก่า PSU / นักศึกษา-นักเรียนต่างสถาบัน (General Student): 50 บาท/1 ชั่วโมง • บุคคลทั่วไป (General Adult): 150 บาท/1 ชั่วโมง แหล่งข้อมูล: https://esports.computing.psu.ac.th/wp-content/uploads/2026/01/PSU-Esports-Studio-phuket-SERVICE-FEE-2026.png,pipeline:structured_service_fee_by_game,service_fee/service_fee_query,100.0,True,0.7006,0,,,
MB-0080-SF-080,service_fee,psu_fact,Mario Kart 8 Deluxe ราคาเท่าไหร่,Mario Kart 8 Deluxe ไม่มีราคาแยกตามชื่อเกมครับ ต้องดูราคาตามโซน/บริการที่ใช้เล่นเกมนี้ Nintendo Switch Zone ยังไม่ทราบกลุ่มผู้ใช้ จึงแสดงราคา Nintendo Switch ทุกกลุ่มให้เทียบก่อน Nintendo Switch 1 ชั่วโมง (1-2 คน) • นักศึกษา/นักเรียน/บุคลากร PSU: 0 บาท • ศิษย์เก่า PSU / นักศึกษา-นักเรียนต่างสถาบัน (General Student): 50 บาท • บุคคลทั่วไป (General Adult): 140 บาท Nintendo Switch 1 ชั่วโมง (3-4 คน) • นักศึกษา/นักเรียน/บุคลากร PSU: 0 บาท • ศิษย์เก่า PSU / นักศึกษา-นักเรียนต่างสถาบัน (General Student): 100 บาท • บุคคลทั่วไป (General Adult): 280 บาท หมายเหตุ: คำถามยังไม่ระบุจำนวนผู้เล่น จึงแสดงทั้งราคา 1-2 คนและ 3-4 คน แหล่งข้อมูล: https://esports.computing.psu.ac.th/wp-content/uploads/2026/01/PSU,pipeline:structured_service_fee_by_game,service_fee/service_fee_query,100.0,True,0.5266,0,,,
MB-0081-SF-081,service_fee,psu_fact,Overcooked 2 ราคาเท่าไหร่,Overcooked 2 / Overcooked! 2 ไม่มีราคาแยกตามชื่อเกมครับ ต้องดูราคาตามโซน/บริการที่ใช้เล่นเกมนี้ Nintendo Switch Zone ยังไม่ทราบกลุ่มผู้ใช้ จึงแสดงราคา Nintendo Switch ทุกกลุ่มให้เทียบก่อน Nintendo Switch 1 ชั่วโมง (1-2 คน) • นักศึกษา/นักเรียน/บุคลากร PSU: 0 บาท • ศิษย์เก่า PSU / นักศึกษา-นักเรียนต่างสถาบัน (General Student): 50 บาท • บุคคลทั่วไป (General Adult): 140 บาท Nintendo Switch 1 ชั่วโมง (3-4 คน) • นักศึกษา/นักเรียน/บุคลากร PSU: 0 บาท • ศิษย์เก่า PSU / นักศึกษา-นักเรียนต่างสถาบัน (General Student): 100 บาท • บุคคลทั่วไป (General Adult): 280 บาท หมายเหตุ: คำถามยังไม่ระบุจำนวนผู้เล่น จึงแสดงทั้งราคา 1-2 คนและ 3-4 คน แหล่งข้อมูล: https://esports.computing.psu.ac.th/wp-content/uploads/20,pipeline:structured_service_fee_by_game,service_fee/service_fee_query,100.0,True,0.4625,0,,,
MB-0082-SF-082,service_fee,psu_fact,Super Smash Bros Ultimate ราคาเท่าไหร่,Super Smash Bros Ultimate ไม่มีราคาแยกตามชื่อเกมครับ ต้องดูราคาตามโซน/บริการที่ใช้เล่นเกมนี้ Nintendo Switch Zone ยังไม่ทราบกลุ่มผู้ใช้ จึงแสดงราคา Nintendo Switch ทุกกลุ่มให้เทียบก่อน Nintendo Switch 1 ชั่วโมง (1-2 คน) • นักศึกษา/นักเรียน/บุคลากร PSU: 0 บาท • ศิษย์เก่า PSU / นักศึกษา-นักเรียนต่างสถาบัน (General Student): 50 บาท • บุคคลทั่วไป (General Adult): 140 บาท Nintendo Switch 1 ชั่วโมง (3-4 คน) • นักศึกษา/นักเรียน/บุคลากร PSU: 0 บาท • ศิษย์เก่า PSU / นักศึกษา-นักเรียนต่างสถาบัน (General Student): 100 บาท • บุคคลทั่วไป (General Adult): 280 บาท หมายเหตุ: คำถามยังไม่ระบุจำนวนผู้เล่น จึงแสดงทั้งราคา 1-2 คนและ 3-4 คน แหล่งข้อมูล: https://esports.computing.psu.ac.th/wp-content/uploads/2026/,pipeline:structured_service_fee_by_game,service_fee/service_fee_query,100.0,True,0.616,0,,,
MB-0083-SF-083,service_fee,psu_fact,Nintendo Switch Sports ราคาเท่าไหร่,Nintendo Switch Sports ไม่มีราคาแยกตามชื่อเกมครับ ต้องดูราคาตามโซน/บริการที่ใช้เล่นเกมนี้ Nintendo Switch Zone ยังไม่ทราบกลุ่มผู้ใช้ จึงแสดงราคา Nintendo Switch ทุกกลุ่มให้เทียบก่อน Nintendo Switch 1 ชั่วโมง (1-2 คน) • นักศึกษา/นักเรียน/บุคลากร PSU: 0 บาท • ศิษย์เก่า PSU / นักศึกษา-นักเรียนต่างสถาบัน (General Student): 50 บาท • บุคคลทั่วไป (General Adult): 140 บาท Nintendo Switch 1 ชั่วโมง (3-4 คน) • นักศึกษา/นักเรียน/บุคลากร PSU: 0 บาท • ศิษย์เก่า PSU / นักศึกษา-นักเรียนต่างสถาบัน (General Student): 100 บาท • บุคคลทั่วไป (General Adult): 280 บาท หมายเหตุ: คำถามยังไม่ระบุจำนวนผู้เล่น จึงแสดงทั้งราคา 1-2 คนและ 3-4 คน แหล่งข้อมูล: https://esports.computing.psu.ac.th/wp-content/uploads/2026/01/,pipeline:structured_service_fee_by_game,service_fee/service_fee_query,100.0,True,0.4819,0,,,
MB-0084-SF-084,service_fee,psu_fact,Animal Crossing: New Horizons ราคาเท่าไหร่,Animal Crossing: New Horizons ไม่มีราคาแยกตามชื่อเกมครับ ต้องดูราคาตามโซน/บริการที่ใช้เล่นเกมนี้ Nintendo Switch Zone ยังไม่ทราบกลุ่มผู้ใช้ จึงแสดงราคา Nintendo Switch ทุกกลุ่มให้เทียบก่อน Nintendo Switch 1 ชั่วโมง (1-2 คน) • นักศึกษา/นักเรียน/บุคลากร PSU: 0 บาท • ศิษย์เก่า PSU / นักศึกษา-นักเรียนต่างสถาบัน (General Student): 50 บาท • บุคคลทั่วไป (General Adult): 140 บาท Nintendo Switch 1 ชั่วโมง (3-4 คน) • นักศึกษา/นักเรียน/บุคลากร PSU: 0 บาท • ศิษย์เก่า PSU / นักศึกษา-นักเรียนต่างสถาบัน (General Student): 100 บาท • บุคคลทั่วไป (General Adult): 280 บาท หมายเหตุ: คำถามยังไม่ระบุจำนวนผู้เล่น จึงแสดงทั้งราคา 1-2 คนและ 3-4 คน แหล่งข้อมูล: https://esports.computing.psu.ac.th/wp-content/uploads/2,pipeline:structured_service_fee_by_game,service_fee/service_fee_query,100.0,True,0.6852,0,,,
MB-0085-SF-085,service_fee,psu_fact,It Takes Two ราคาเท่าไหร่,It Takes Two ไม่มีราคาแยกตามชื่อเกมครับ ต้องดูราคาตามโซน/บริการที่ใช้เล่นเกมนี้ Nintendo Switch Zone ยังไม่ทราบกลุ่มผู้ใช้ จึงแสดงราคา Nintendo Switch ทุกกลุ่มให้เทียบก่อน Nintendo Switch 1 ชั่วโมง (1-2 คน) • นักศึกษา/นักเรียน/บุคลากร PSU: 0 บาท • ศิษย์เก่า PSU / นักศึกษา-นักเรียนต่างสถาบัน (General Student): 50 บาท • บุคคลทั่วไป (General Adult): 140 บาท Nintendo Switch 1 ชั่วโมง (3-4 คน) • นักศึกษา/นักเรียน/บุคลากร PSU: 0 บาท • ศิษย์เก่า PSU / นักศึกษา-นักเรียนต่างสถาบัน (General Student): 100 บาท • บุคคลทั่วไป (General Adult): 280 บาท หมายเหตุ: คำถามยังไม่ระบุจำนวนผู้เล่น จึงแสดงทั้งราคา 1-2 คนและ 3-4 คน แหล่งข้อมูล: https://esports.computing.psu.ac.th/wp-content/uploads/2026/01/PSU-Esport,pipeline:structured_service_fee_by_game,service_fee/service_fee_query,100.0,True,0.4836,0,,,
MB-0086-SF-086,service_fee,psu_fact,Luigi's Mansion 3 ราคาเท่าไหร่,Luigi's Mansion 3 ไม่มีราคาแยกตามชื่อเกมครับ ต้องดูราคาตามโซน/บริการที่ใช้เล่นเกมนี้ Nintendo Switch Zone ยังไม่ทราบกลุ่มผู้ใช้ จึงแสดงราคา Nintendo Switch ทุกกลุ่มให้เทียบก่อน Nintendo Switch 1 ชั่วโมง (1-2 คน) • นักศึกษา/นักเรียน/บุคลากร PSU: 0 บาท • ศิษย์เก่า PSU / นักศึกษา-นักเรียนต่างสถาบัน (General Student): 50 บาท • บุคคลทั่วไป (General Adult): 140 บาท Nintendo Switch 1 ชั่วโมง (3-4 คน) • นักศึกษา/นักเรียน/บุคลากร PSU: 0 บาท • ศิษย์เก่า PSU / นักศึกษา-นักเรียนต่างสถาบัน (General Student): 100 บาท • บุคคลทั่วไป (General Adult): 280 บาท หมายเหตุ: คำถามยังไม่ระบุจำนวนผู้เล่น จึงแสดงทั้งราคา 1-2 คนและ 3-4 คน แหล่งข้อมูล: https://esports.computing.psu.ac.th/wp-content/uploads/2026/01/PSU-E,pipeline:structured_service_fee_by_game,service_fee/service_fee_query,100.0,True,0.4922,0,,,
MB-0087-SF-087,service_fee,psu_fact,Mario Party Superstars ราคาเท่าไหร่,Mario Party Superstars ไม่มีราคาแยกตามชื่อเกมครับ ต้องดูราคาตามโซน/บริการที่ใช้เล่นเกมนี้ Nintendo Switch Zone ยังไม่ทราบกลุ่มผู้ใช้ จึงแสดงราคา Nintendo Switch ทุกกลุ่มให้เทียบก่อน Nintendo Switch 1 ชั่วโมง (1-2 คน) • นักศึกษา/นักเรียน/บุคลากร PSU: 0 บาท • ศิษย์เก่า PSU / นักศึกษา-นักเรียนต่างสถาบัน (General Student): 50 บาท • บุคคลทั่วไป (General Adult): 140 บาท Nintendo Switch 1 ชั่วโมง (3-4 คน) • นักศึกษา/นักเรียน/บุคลากร PSU: 0 บาท • ศิษย์เก่า PSU / นักศึกษา-นักเรียนต่างสถาบัน (General Student): 100 บาท • บุคคลทั่วไป (General Adult): 280 บาท หมายเหตุ: คำถามยังไม่ระบุจำนวนผู้เล่น จึงแสดงทั้งราคา 1-2 คนและ 3-4 คน แหล่งข้อมูล: https://esports.computing.psu.ac.th/wp-content/uploads/2026/01/,pipeline:structured_service_fee_by_game,service_fee/service_fee_query,100.0,True,0.6022,0,,,
MB-0088-SF-088,service_fee,psu_fact,Monster Hunter Rise ราคาเท่าไหร่,Monster Hunter Rise ไม่มีราคาแยกตามชื่อเกมครับ ต้องดูราคาตามโซน/บริการที่ใช้เล่นเกมนี้ Nintendo Switch Zone ยังไม่ทราบกลุ่มผู้ใช้ จึงแสดงราคา Nintendo Switch ทุกกลุ่มให้เทียบก่อน Nintendo Switch 1 ชั่วโมง (1-2 คน) • นักศึกษา/นักเรียน/บุคลากร PSU: 0 บาท • ศิษย์เก่า PSU / นักศึกษา-นักเรียนต่างสถาบัน (General Student): 50 บาท • บุคคลทั่วไป (General Adult): 140 บาท Nintendo Switch 1 ชั่วโมง (3-4 คน) • นักศึกษา/นักเรียน/บุคลากร PSU: 0 บาท • ศิษย์เก่า PSU / นักศึกษา-นักเรียนต่างสถาบัน (General Student): 100 บาท • บุคคลทั่วไป (General Adult): 280 บาท หมายเหตุ: คำถามยังไม่ระบุจำนวนผู้เล่น จึงแสดงทั้งราคา 1-2 คนและ 3-4 คน แหล่งข้อมูล: https://esports.computing.psu.ac.th/wp-content/uploads/2026/01/PSU,pipeline:structured_service_fee_by_game,service_fee/service_fee_query,100.0,True,0.5306,0,,,
MB-0089-G-001,games,psu_fact,VALORANT คือเกมอะไร,VALORANT: VALORANT คือเกมยิงเชิงกลยุทธ์ที่ผู้เล่นเลือก Agent ที่มีสกิลเฉพาะ แล้วเล่นเป็นฝ่ายบุก/รับในแต่ละรอบ แนวเกม: เกมยิง Tactical FPS แบบทีม 5v5 วิธีเล่นโดยสรุป: ฝ่ายบุกต้องวาง Spike ส่วนฝ่ายรับต้องป้องกันพื้นที่หรือกู้ Spike การเล่นเน้นการเล็ง การสื่อสาร การใช้สกิล และการเล่นเป็นทีม เล่นได้ที่: PC Zone แหล่งข้อมูล: https://esports.computing.psu.ac.th/reservation,pipeline:structured_game_detail,games/game_availability_lookup,100.0,True,2.105,0,,,
MB-0090-G-002,games,psu_fact,VALORANT เล่นได้ที่ไหน,"ได้ครับ VALORANT เล่นได้ที่ PC Zone - PC #01-#02, PC Zone - PC #03-#10 แหล่งข้อมูล: https://esports.computing.psu.ac.th/",pipeline:structured_service_game_availability,games/game_availability_lookup,100.0,True,1.5485,0,,,
MB-0091-G-003,games,psu_fact,VALORANT เล่นยังไง,VALORANT: VALORANT คือเกมยิงเชิงกลยุทธ์ที่ผู้เล่นเลือก Agent ที่มีสกิลเฉพาะ แล้วเล่นเป็นฝ่ายบุก/รับในแต่ละรอบ แนวเกม: เกมยิง Tactical FPS แบบทีม 5v5 วิธีเล่นโดยสรุป: ฝ่ายบุกต้องวาง Spike ส่วนฝ่ายรับต้องป้องกันพื้นที่หรือกู้ Spike การเล่นเน้นการเล็ง การสื่อสาร การใช้สกิล และการเล่นเป็นทีม เล่นได้ที่: PC Zone แหล่งข้อมูล: https://esports.computing.psu.ac.th/reservation,pipeline:structured_game_detail,games/game_detail_lookup,100.0,True,1.447,0,,,
MB-0092-G-004,games,psu_fact,VALORANT เป็นเกมแนวไหน,VALORANT: VALORANT คือเกมยิงเชิงกลยุทธ์ที่ผู้เล่นเลือก Agent ที่มีสกิลเฉพาะ แล้วเล่นเป็นฝ่ายบุก/รับในแต่ละรอบ แนวเกม: เกมยิง Tactical FPS แบบทีม 5v5 วิธีเล่นโดยสรุป: ฝ่ายบุกต้องวาง Spike ส่วนฝ่ายรับต้องป้องกันพื้นที่หรือกู้ Spike การเล่นเน้นการเล็ง การสื่อสาร การใช้สกิล และการเล่นเป็นทีม เล่นได้ที่: PC Zone แหล่งข้อมูล: https://esports.computing.psu.ac.th/reservation,pipeline:structured_game_detail,games/game_detail_lookup,100.0,True,1.685,0,,,
MB-0093-G-005,games,psu_fact,Counter-Strike 2 คือเกมอะไร,Counter-Strike 2: Counter-Strike 2 คือเกมยิงแข่งขันแบบทีมที่แบ่งเป็นฝ่ายบุกและฝ่ายรับ โดยมีเป้าหมายหลักเกี่ยวกับการวาง/กู้ระเบิดหรือจัดการฝ่ายตรงข้าม แนวเกม: เกมยิง Tactical FPS วิธีเล่นโดยสรุป: เล่นเป็นรอบ ๆ ต้องซื้ออาวุธ วางแผนกับทีม คุมพื้นที่ และใช้การเล็งกับการสื่อสารเพื่อชนะรอบ เล่นได้ที่: PC Zone แหล่งข้อมูล: https://esports.computing.psu.ac.th/reservation,pipeline:structured_game_detail,games/game_detail_lookup,100.0,True,1.8333,0,,,
MB-0094-G-006,games,psu_fact,Counter-Strike 2 เล่นได้ที่ไหน,"ได้ครับ Counter-Strike 2 เล่นได้ที่ PC Zone - PC #01-#02, PC Zone - PC #03-#10 แหล่งข้อมูล: https://esports.computing.psu.ac.th/",pipeline:structured_service_game_availability,games/game_availability_lookup,100.0,True,1.6498,0,,,
MB-0095-G-007,games,psu_fact,Counter-Strike 2 เล่นยังไง,Counter-Strike 2: Counter-Strike 2 คือเกมยิงแข่งขันแบบทีมที่แบ่งเป็นฝ่ายบุกและฝ่ายรับ โดยมีเป้าหมายหลักเกี่ยวกับการวาง/กู้ระเบิดหรือจัดการฝ่ายตรงข้าม แนวเกม: เกมยิง Tactical FPS วิธีเล่นโดยสรุป: เล่นเป็นรอบ ๆ ต้องซื้ออาวุธ วางแผนกับทีม คุมพื้นที่ และใช้การเล็งกับการสื่อสารเพื่อชนะรอบ เล่นได้ที่: PC Zone แหล่งข้อมูล: https://esports.computing.psu.ac.th/reservation,pipeline:structured_game_detail,games/game_detail_lookup,100.0,True,1.5786,0,,,
MB-0096-G-008,games,psu_fact,Counter-Strike 2 เป็นเกมแนวไหน,Counter-Strike 2: Counter-Strike 2 คือเกมยิงแข่งขันแบบทีมที่แบ่งเป็นฝ่ายบุกและฝ่ายรับ โดยมีเป้าหมายหลักเกี่ยวกับการวาง/กู้ระเบิดหรือจัดการฝ่ายตรงข้าม แนวเกม: เกมยิง Tactical FPS วิธีเล่นโดยสรุป: เล่นเป็นรอบ ๆ ต้องซื้ออาวุธ วางแผนกับทีม คุมพื้นที่ และใช้การเล็งกับการสื่อสารเพื่อชนะรอบ เล่นได้ที่: PC Zone แหล่งข้อมูล: https://esports.computing.psu.ac.th/reservation,pipeline:structured_game_detail,games/game_detail_lookup,100.0,True,1.8681,0,,,
MB-0097-G-009,games,psu_fact,PUBG: BATTLEGROUNDS คือเกมอะไร,PUBG: BATTLEGROUNDS: PUBG: BATTLEGROUNDS คือเกมเอาชีวิตรอดที่ผู้เล่นลงสนาม ค้นหาอาวุธและอุปกรณ์ แล้วพยายามอยู่รอดเป็นคนหรือทีมสุดท้าย แนวเกม: เกม Battle Royale วิธีเล่นโดยสรุป: เลือกจุดลง หาอาวุธ เข้าโซนปลอดภัย วางตำแหน่ง และต่อสู้กับทีมอื่นจนเหลือผู้ชนะท้ายเกม เล่นได้ที่: PC Zone แหล่งข้อมูล: https://esports.computing.psu.ac.th/reservation,pipeline:structured_game_detail,games/game_availability_lookup,100.0,True,1.9088,0,,,
MB-0098-G-010,games,psu_fact,PUBG: BATTLEGROUNDS เล่นได้ที่ไหน,"ได้ครับ PUBG: BATTLEGROUNDS เล่นได้ที่ PC Zone - PC #01-#02, PC Zone - PC #03-#10 แหล่งข้อมูล: https://esports.computing.psu.ac.th/",pipeline:structured_service_game_availability,games/game_availability_lookup,100.0,True,1.687,0,,,
MB-0099-G-011,games,psu_fact,PUBG: BATTLEGROUNDS เล่นยังไง,PUBG: BATTLEGROUNDS: PUBG: BATTLEGROUNDS คือเกมเอาชีวิตรอดที่ผู้เล่นลงสนาม ค้นหาอาวุธและอุปกรณ์ แล้วพยายามอยู่รอดเป็นคนหรือทีมสุดท้าย แนวเกม: เกม Battle Royale วิธีเล่นโดยสรุป: เลือกจุดลง หาอาวุธ เข้าโซนปลอดภัย วางตำแหน่ง และต่อสู้กับทีมอื่นจนเหลือผู้ชนะท้ายเกม เล่นได้ที่: PC Zone แหล่งข้อมูล: https://esports.computing.psu.ac.th/reservation,pipeline:structured_game_detail,games/game_detail_lookup,100.0,True,1.5964,0,,,
MB-0100-G-012,games,psu_fact,PUBG: BATTLEGROUNDS เป็นเกมแนวไหน,PUBG: BATTLEGROUNDS: PUBG: BATTLEGROUNDS คือเกมเอาชีวิตรอดที่ผู้เล่นลงสนาม ค้นหาอาวุธและอุปกรณ์ แล้วพยายามอยู่รอดเป็นคนหรือทีมสุดท้าย แนวเกม: เกม Battle Royale วิธีเล่นโดยสรุป: เลือกจุดลง หาอาวุธ เข้าโซนปลอดภัย วางตำแหน่ง และต่อสู้กับทีมอื่นจนเหลือผู้ชนะท้ายเกม เล่นได้ที่: PC Zone แหล่งข้อมูล: https://esports.computing.psu.ac.th/reservation,pipeline:structured_game_detail,games/game_detail_lookup,100.0,True,1.9533,0,,,
MB-0101-G-013,games,psu_fact,Call of Duty: Warzone คือเกมอะไร,Call of Duty: Warzone: Call of Duty: Warzone คือเกมยิงแนว Battle Royale ที่เน้นการยิงรวดเร็ว การเก็บอุปกรณ์ และการเอาตัวรอดในแผนที่ขนาดใหญ่ แนวเกม: เกมยิง Battle Royale วิธีเล่นโดยสรุป: ลงพื้นที่ หาอาวุธ ใช้ loadout/อุปกรณ์ช่วยทีม เคลื่อนตามวง และพยายามอยู่รอดจนจบเกม เล่นได้ที่: PC Zone แหล่งข้อมูล: https://esports.computing.psu.ac.th/reservation,pipeline:structured_game_detail,games/game_availability_lookup,100.0,True,1.894,0,,,
MB-0102-G-014,games,psu_fact,Call of Duty: Warzone เล่นได้ที่ไหน,ได้ครับ Call of Duty: Warzone เล่นได้ที่ PC Zone - PC #03-#10 แหล่งข้อมูล: https://esports.computing.psu.ac.th/,pipeline:structured_service_game_availability,games/game_availability_lookup,100.0,True,1.6404,0,,,
MB-0103-G-015,games,psu_fact,Call of Duty: Warzone เล่นยังไง,Call of Duty: Warzone: Call of Duty: Warzone คือเกมยิงแนว Battle Royale ที่เน้นการยิงรวดเร็ว การเก็บอุปกรณ์ และการเอาตัวรอดในแผนที่ขนาดใหญ่ แนวเกม: เกมยิง Battle Royale วิธีเล่นโดยสรุป: ลงพื้นที่ หาอาวุธ ใช้ loadout/อุปกรณ์ช่วยทีม เคลื่อนตามวง และพยายามอยู่รอดจนจบเกม เล่นได้ที่: PC Zone แหล่งข้อมูล: https://esports.computing.psu.ac.th/reservation,pipeline:structured_game_detail,games/game_detail_lookup,100.0,True,1.5699,0,,,
MB-0104-G-016,games,psu_fact,Call of Duty: Warzone เป็นเกมแนวไหน,Call of Duty: Warzone: Call of Duty: Warzone คือเกมยิงแนว Battle Royale ที่เน้นการยิงรวดเร็ว การเก็บอุปกรณ์ และการเอาตัวรอดในแผนที่ขนาดใหญ่ แนวเกม: เกมยิง Battle Royale วิธีเล่นโดยสรุป: ลงพื้นที่ หาอาวุธ ใช้ loadout/อุปกรณ์ช่วยทีม เคลื่อนตามวง และพยายามอยู่รอดจนจบเกม เล่นได้ที่: PC Zone แหล่งข้อมูล: https://esports.computing.psu.ac.th/reservation,pipeline:structured_game_detail,games/game_detail_lookup,100.0,True,1.8752,0,,,
MB-0105-G-017,games,psu_fact,League of Legends คือเกมอะไร,League of Legends: League of Legends คือเกมวางแผนต่อสู้แบบทีม ผู้เล่นเลือก Champion และร่วมกันทำลายฐานหลักของฝ่ายตรงข้าม แนวเกม: เกม MOBA แบบทีม 5v5 วิธีเล่นโดยสรุป: แบ่งเลน ฟาร์มเงินและเลเวล คุม objective ช่วยทีมไฟต์ และดันเข้าไปทำลาย Nexus ของศัตรู เล่นได้ที่: PC Zone แหล่งข้อมูล: https://esports.computing.psu.ac.th/reservation,pipeline:structured_game_detail,games/game_availability_lookup,100.0,True,1.779,0,,,
MB-0106-G-018,games,psu_fact,League of Legends เล่นได้ที่ไหน,"ได้ครับ League of Legends เล่นได้ที่ PC Zone - PC #01-#02, PC Zone - PC #03-#10 แหล่งข้อมูล: https://esports.computing.psu.ac.th/",pipeline:structured_service_game_availability,games/game_availability_lookup,100.0,True,1.5413,0,,,
MB-0107-G-019,games,psu_fact,League of Legends เล่นยังไง,League of Legends: League of Legends คือเกมวางแผนต่อสู้แบบทีม ผู้เล่นเลือก Champion และร่วมกันทำลายฐานหลักของฝ่ายตรงข้าม แนวเกม: เกม MOBA แบบทีม 5v5 วิธีเล่นโดยสรุป: แบ่งเลน ฟาร์มเงินและเลเวล คุม objective ช่วยทีมไฟต์ และดันเข้าไปทำลาย Nexus ของศัตรู เล่นได้ที่: PC Zone แหล่งข้อมูล: https://esports.computing.psu.ac.th/reservation,pipeline:structured_game_detail,games/game_detail_lookup,100.0,True,1.4929,0,,,
MB-0108-G-020,games,psu_fact,League of Legends เป็นเกมแนวไหน,League of Legends: League of Legends คือเกมวางแผนต่อสู้แบบทีม ผู้เล่นเลือก Champion และร่วมกันทำลายฐานหลักของฝ่ายตรงข้าม แนวเกม: เกม MOBA แบบทีม 5v5 วิธีเล่นโดยสรุป: แบ่งเลน ฟาร์มเงินและเลเวล คุม objective ช่วยทีมไฟต์ และดันเข้าไปทำลาย Nexus ของศัตรู เล่นได้ที่: PC Zone แหล่งข้อมูล: https://esports.computing.psu.ac.th/reservation,pipeline:structured_game_detail,games/game_detail_lookup,100.0,True,1.8044,0,,,
MB-0109-G-021,games,psu_fact,TEKKEN 8 คือเกมอะไร,TEKKEN 8: TEKKEN 8 คือเกมต่อสู้แบบตัวต่อตัว ผู้เล่นเลือกตัวละครแล้วใช้คอมโบ การป้องกัน และจังหวะสวนกลับเพื่อชนะคู่แข่ง แนวเกม: เกมต่อสู้ 1v1 วิธีเล่นโดยสรุป: เล่นเป็นรอบ เลือกตัวละคร ฝึกท่าพื้นฐาน/คอมโบ อ่านจังหวะคู่ต่อสู้ และทำให้พลังชีวิตอีกฝ่ายหมดก่อน เล่นได้ที่: PC Zone และ PlayStation 5 Zone แหล่งข้อมูล: https://esports.phuket.psu.ac.th/Services/our-games,pipeline:structured_game_detail,games/game_availability_lookup,100.0,True,1.5741,0,,,
MB-0110-G-022,games,psu_fact,TEKKEN 8 เล่นได้ที่ไหน,"ได้ครับ TEKKEN 8 เล่นได้ที่ PC Zone - PC #01-#02, PlayStation 5 Zone - PlayStation 5 #01-#02 แหล่งข้อมูล: https://esports.computing.psu.ac.th/",pipeline:structured_service_game_availability,games/game_availability_lookup,100.0,True,1.4521,0,,,
MB-0111-G-023,games,psu_fact,TEKKEN 8 เล่นยังไง,TEKKEN 8: TEKKEN 8 คือเกมต่อสู้แบบตัวต่อตัว ผู้เล่นเลือกตัวละครแล้วใช้คอมโบ การป้องกัน และจังหวะสวนกลับเพื่อชนะคู่แข่ง แนวเกม: เกมต่อสู้ 1v1 วิธีเล่นโดยสรุป: เล่นเป็นรอบ เลือกตัวละคร ฝึกท่าพื้นฐาน/คอมโบ อ่านจังหวะคู่ต่อสู้ และทำให้พลังชีวิตอีกฝ่ายหมดก่อน เล่นได้ที่: PC Zone และ PlayStation 5 Zone แหล่งข้อมูล: https://esports.phuket.psu.ac.th/Services/our-games,pipeline:structured_game_detail,games/game_detail_lookup,100.0,True,1.4556,0,,,
MB-0112-G-024,games,psu_fact,TEKKEN 8 เป็นเกมแนวไหน,TEKKEN 8: TEKKEN 8 คือเกมต่อสู้แบบตัวต่อตัว ผู้เล่นเลือกตัวละครแล้วใช้คอมโบ การป้องกัน และจังหวะสวนกลับเพื่อชนะคู่แข่ง แนวเกม: เกมต่อสู้ 1v1 วิธีเล่นโดยสรุป: เล่นเป็นรอบ เลือกตัวละคร ฝึกท่าพื้นฐาน/คอมโบ อ่านจังหวะคู่ต่อสู้ และทำให้พลังชีวิตอีกฝ่ายหมดก่อน เล่นได้ที่: PC Zone และ PlayStation 5 Zone แหล่งข้อมูล: https://esports.phuket.psu.ac.th/Services/our-games,pipeline:structured_game_detail,games/game_detail_lookup,100.0,True,1.7257,0,,,
MB-0113-G-025,games,psu_fact,Marvel's Spider-Man 2 คือเกมอะไร,Marvel's Spider-Man 2: Marvel's Spider-Man 2 คือเกมแอ็กชันผจญภัยที่ผู้เล่นรับบท Spider-Man ต่อสู้กับศัตรูและสำรวจเมือง แนวเกม: เกม Action-Adventure วิธีเล่นโดยสรุป: โหนใยเดินทาง ทำภารกิจ ใช้การต่อสู้แบบคอมโบ หลบหลีก และอัปเกรดสกิลระหว่างเนื้อเรื่อง เล่นได้ที่: PlayStation 5 Zone แหล่งข้อมูล: https://esports.phuket.psu.ac.th/Services/our-games,pipeline:structured_game_detail,games/game_availability_lookup,100.0,True,1.8957,0,,,
MB-0114-G-026,games,psu_fact,Marvel's Spider-Man 2 เล่นได้ที่ไหน,ได้ครับ Marvel's Spider-Man 2 เล่นได้ที่ PlayStation 5 Zone - PlayStation 5 #01-#02 แหล่งข้อมูล: https://esports.computing.psu.ac.th/,pipeline:structured_service_game_availability,games/game_availability_lookup,100.0,True,1.6177,0,,,
MB-0115-G-027,games,psu_fact,Marvel's Spider-Man 2 เล่นยังไง,Marvel's Spider-Man 2: Marvel's Spider-Man 2 คือเกมแอ็กชันผจญภัยที่ผู้เล่นรับบท Spider-Man ต่อสู้กับศัตรูและสำรวจเมือง แนวเกม: เกม Action-Adventure วิธีเล่นโดยสรุป: โหนใยเดินทาง ทำภารกิจ ใช้การต่อสู้แบบคอมโบ หลบหลีก และอัปเกรดสกิลระหว่างเนื้อเรื่อง เล่นได้ที่: PlayStation 5 Zone แหล่งข้อมูล: https://esports.phuket.psu.ac.th/Services/our-games,pipeline:structured_game_detail,games/game_detail_lookup,100.0,True,1.6344,0,,,
MB-0116-G-028,games,psu_fact,Marvel's Spider-Man 2 เป็นเกมแนวไหน,Marvel's Spider-Man 2: Marvel's Spider-Man 2 คือเกมแอ็กชันผจญภัยที่ผู้เล่นรับบท Spider-Man ต่อสู้กับศัตรูและสำรวจเมือง แนวเกม: เกม Action-Adventure วิธีเล่นโดยสรุป: โหนใยเดินทาง ทำภารกิจ ใช้การต่อสู้แบบคอมโบ หลบหลีก และอัปเกรดสกิลระหว่างเนื้อเรื่อง เล่นได้ที่: PlayStation 5 Zone แหล่งข้อมูล: https://esports.phuket.psu.ac.th/Services/our-games,pipeline:structured_game_detail,games/game_detail_lookup,100.0,True,1.9551,0,,,
MB-0117-G-029,games,psu_fact,Fortnite คือเกมอะไร,Fortnite: Fortnite คือเกมต่อสู้เอาชีวิตรอดที่ผู้เล่นแข่งกันในแผนที่ขนาดใหญ่และพยายามอยู่เป็นคนสุดท้าย แนวเกม: เกม Battle Royale / Action วิธีเล่นโดยสรุป: เก็บอาวุธ เคลื่อนตามวง ต่อสู้กับผู้เล่นอื่น และใช้การสร้างหรือโหมดไม่สร้างตามรูปแบบที่เลือก เล่นได้ที่: PlayStation 5 Zone แหล่งข้อมูล: https://esports.computing.psu.ac.th/reservation,pipeline:structured_game_detail,games/game_availability_lookup,100.0,True,1.6386,0,,,
MB-0118-G-030,games,psu_fact,Fortnite เล่นได้ที่ไหน,ได้ครับ Fortnite เล่นได้ที่ PlayStation 5 Zone - PlayStation 5 #01-#02 แหล่งข้อมูล: https://esports.computing.psu.ac.th/,pipeline:structured_service_game_availability,games/game_availability_lookup,100.0,True,1.5454,0,,,
MB-0119-G-031,games,psu_fact,Fortnite เล่นยังไง,Fortnite: Fortnite คือเกมต่อสู้เอาชีวิตรอดที่ผู้เล่นแข่งกันในแผนที่ขนาดใหญ่และพยายามอยู่เป็นคนสุดท้าย แนวเกม: เกม Battle Royale / Action วิธีเล่นโดยสรุป: เก็บอาวุธ เคลื่อนตามวง ต่อสู้กับผู้เล่นอื่น และใช้การสร้างหรือโหมดไม่สร้างตามรูปแบบที่เลือก เล่นได้ที่: PlayStation 5 Zone แหล่งข้อมูล: https://esports.computing.psu.ac.th/reservation,pipeline:structured_game_detail,games/game_detail_lookup,100.0,True,1.5263,0,,,
MB-0120-G-032,games,psu_fact,Fortnite เป็นเกมแนวไหน,Fortnite: Fortnite คือเกมต่อสู้เอาชีวิตรอดที่ผู้เล่นแข่งกันในแผนที่ขนาดใหญ่และพยายามอยู่เป็นคนสุดท้าย แนวเกม: เกม Battle Royale / Action วิธีเล่นโดยสรุป: เก็บอาวุธ เคลื่อนตามวง ต่อสู้กับผู้เล่นอื่น และใช้การสร้างหรือโหมดไม่สร้างตามรูปแบบที่เลือก เล่นได้ที่: PlayStation 5 Zone แหล่งข้อมูล: https://esports.computing.psu.ac.th/reservation,pipeline:structured_game_detail,games/game_detail_lookup,100.0,True,1.7555,0,,,
MB-0121-G-033,games,psu_fact,God of War Ragnarok คือเกมอะไร,God of War Ragnarok: God of War Ragnarok คือเกมแอ็กชันผจญภัยที่เน้นเนื้อเรื่อง การต่อสู้ และการสำรวจในโลกตำนานนอร์ส แนวเกม: เกม Action-Adventure วิธีเล่นโดยสรุป: ควบคุมตัวละครหลัก ต่อสู้กับศัตรู แก้ปริศนา สำรวจพื้นที่ และพัฒนาอาวุธ/สกิลตามเนื้อเรื่อง เล่นได้ที่: PlayStation 5 Zone แหล่งข้อมูล: https://esports.phuket.psu.ac.th/Services/our-games,pipeline:structured_game_detail,games/game_availability_lookup,100.0,True,1.9036,0,,,
MB-0122-G-034,games,psu_fact,God of War Ragnarok เล่นได้ที่ไหน,ได้ครับ God of War Ragnarok เล่นได้ที่ PlayStation 5 Zone - PlayStation 5 #01-#02 แหล่งข้อมูล: https://esports.computing.psu.ac.th/,pipeline:structured_service_game_availability,games/game_availability_lookup,100.0,True,1.6777,0,,,
MB-0123-G-035,games,psu_fact,God of War Ragnarok เล่นยังไง,God of War Ragnarok: God of War Ragnarok คือเกมแอ็กชันผจญภัยที่เน้นเนื้อเรื่อง การต่อสู้ และการสำรวจในโลกตำนานนอร์ส แนวเกม: เกม Action-Adventure วิธีเล่นโดยสรุป: ควบคุมตัวละครหลัก ต่อสู้กับศัตรู แก้ปริศนา สำรวจพื้นที่ และพัฒนาอาวุธ/สกิลตามเนื้อเรื่อง เล่นได้ที่: PlayStation 5 Zone แหล่งข้อมูล: https://esports.phuket.psu.ac.th/Services/our-games,pipeline:structured_game_detail,games/game_detail_lookup,100.0,True,1.6144,0,,,
MB-0124-G-036,games,psu_fact,God of War Ragnarok เป็นเกมแนวไหน,God of War Ragnarok: God of War Ragnarok คือเกมแอ็กชันผจญภัยที่เน้นเนื้อเรื่อง การต่อสู้ และการสำรวจในโลกตำนานนอร์ส แนวเกม: เกม Action-Adventure วิธีเล่นโดยสรุป: ควบคุมตัวละครหลัก ต่อสู้กับศัตรู แก้ปริศนา สำรวจพื้นที่ และพัฒนาอาวุธ/สกิลตามเนื้อเรื่อง เล่นได้ที่: PlayStation 5 Zone แหล่งข้อมูล: https://esports.phuket.psu.ac.th/Services/our-games,pipeline:structured_game_detail,games/game_detail_lookup,100.0,True,1.8993,0,,,
MB-0125-G-037,games,psu_fact,Beat Saber คือเกมอะไร,Beat Saber: Beat Saber คือเกม VR จังหวะดนตรีที่ผู้เล่นใช้ดาบแสงฟันบล็อกตามจังหวะเพลง แนวเกม: เกม VR Rhythm วิธีเล่นโดยสรุป: สวมแว่น VR ถือคอนโทรลเลอร์ แล้วฟันบล็อกตามทิศทาง หลบสิ่งกีดขวาง และพยายามทำคะแนนตามจังหวะเพลง เล่นได้ที่: VR Zone แหล่งข้อมูล: https://esports.phuket.psu.ac.th/Services/our-games,pipeline:structured_game_detail,games/game_availability_lookup,100.0,True,1.6055,0,,,
MB-0126-G-038,games,psu_fact,Beat Saber เล่นได้ที่ไหน,"ได้ครับ Beat Saber เล่นได้ที่ VR Zone - VR Station 30 นาที, VR Zone - VR Station 1 ชั่วโมง แหล่งข้อมูล: https://esports.computing.psu.ac.th/",pipeline:structured_service_game_availability,games/game_availability_lookup,100.0,True,1.5212,0,,,
MB-0127-G-039,games,psu_fact,Beat Saber เล่นยังไง,Beat Saber: Beat Saber คือเกม VR จังหวะดนตรีที่ผู้เล่นใช้ดาบแสงฟันบล็อกตามจังหวะเพลง แนวเกม: เกม VR Rhythm วิธีเล่นโดยสรุป: สวมแว่น VR ถือคอนโทรลเลอร์ แล้วฟันบล็อกตามทิศทาง หลบสิ่งกีดขวาง และพยายามทำคะแนนตามจังหวะเพลง เล่นได้ที่: VR Zone แหล่งข้อมูล: https://esports.phuket.psu.ac.th/Services/our-games,pipeline:structured_game_detail,games/game_detail_lookup,100.0,True,1.4104,0,,,
MB-0128-G-040,games,psu_fact,Beat Saber เป็นเกมแนวไหน,Beat Saber: Beat Saber คือเกม VR จังหวะดนตรีที่ผู้เล่นใช้ดาบแสงฟันบล็อกตามจังหวะเพลง แนวเกม: เกม VR Rhythm วิธีเล่นโดยสรุป: สวมแว่น VR ถือคอนโทรลเลอร์ แล้วฟันบล็อกตามทิศทาง หลบสิ่งกีดขวาง และพยายามทำคะแนนตามจังหวะเพลง เล่นได้ที่: VR Zone แหล่งข้อมูล: https://esports.phuket.psu.ac.th/Services/our-games,pipeline:structured_game_detail,games/game_detail_lookup,100.0,True,1.6308,0,,,
MB-0129-G-041,games,psu_fact,Horizon Call of the Mountain คือเกมอะไร,Horizon Call of the Mountain: Horizon Call of the Mountain คือเกม VR ผจญภัยในโลก Horizon ที่เน้นการปีนป่าย สำรวจ และต่อสู้กับจักรกล แนวเกม: เกม VR Action-Adventure วิธีเล่นโดยสรุป: สวมแว่น VR ใช้คอนโทรลเลอร์ปีน เคลื่อนที่ เล็งธนู และทำภารกิจตามฉาก เล่นได้ที่: VR Zone แหล่งข้อมูล: https://esports.computing.psu.ac.th/reservation,pipeline:structured_game_detail,games/game_availability_lookup,100.0,True,1.9926,0,,,
MB-0130-G-042,games,psu_fact,Horizon Call of the Mountain เล่นได้ที่ไหน,"ได้ครับ Horizon Call of the Mountain เล่นได้ที่ VR Zone - VR Station 30 นาที, VR Zone - VR Station 1 ชั่วโมง แหล่งข้อมูล: https://esports.computing.psu.ac.th/",pipeline:structured_service_game_availability,games/game_availability_lookup,100.0,True,1.6661,0,,,
MB-0131-G-043,games,psu_fact,Horizon Call of the Mountain เล่นยังไง,Horizon Call of the Mountain: Horizon Call of the Mountain คือเกม VR ผจญภัยในโลก Horizon ที่เน้นการปีนป่าย สำรวจ และต่อสู้กับจักรกล แนวเกม: เกม VR Action-Adventure วิธีเล่นโดยสรุป: สวมแว่น VR ใช้คอนโทรลเลอร์ปีน เคลื่อนที่ เล็งธนู และทำภารกิจตามฉาก เล่นได้ที่: VR Zone แหล่งข้อมูล: https://esports.computing.psu.ac.th/reservation,pipeline:structured_game_detail,games/game_detail_lookup,100.0,True,1.6583,0,,,
MB-0132-G-044,games,psu_fact,Horizon Call of the Mountain เป็นเกมแนวไหน,Horizon Call of the Mountain: Horizon Call of the Mountain คือเกม VR ผจญภัยในโลก Horizon ที่เน้นการปีนป่าย สำรวจ และต่อสู้กับจักรกล แนวเกม: เกม VR Action-Adventure วิธีเล่นโดยสรุป: สวมแว่น VR ใช้คอนโทรลเลอร์ปีน เคลื่อนที่ เล็งธนู และทำภารกิจตามฉาก เล่นได้ที่: VR Zone แหล่งข้อมูล: https://esports.computing.psu.ac.th/reservation,pipeline:structured_game_detail,games/game_detail_lookup,100.0,True,2.0249,0,,,
MB-0133-G-045,games,psu_fact,Gran Turismo 7 คือเกมอะไร,Gran Turismo 7: Gran Turismo 7 คือเกมแข่งรถที่เน้นการขับรถสมจริง การเลือกสนาม รถ และการควบคุมจังหวะเข้าโค้ง แนวเกม: เกมแข่งรถ / Driving Simulator วิธีเล่นโดยสรุป: ใน Cockpit Zone เล่นโดยใช้พวงมาลัย คันเร่ง เบรก และชุดเบาะจำลองการขับรถ เป้าหมายคือขับให้เร็วและควบคุมรถให้แม่นในแต่ละสนาม เล่นได้ที่: Cockpit Zone แหล่งข้อมูล: https://esports.phuket.psu.ac.th/Services/our-games,pipeline:structured_game_detail,games/game_availability_lookup,100.0,True,1.7526,0,,,
MB-0134-G-046,games,psu_fact,Gran Turismo 7 เล่นได้ที่ไหน,ได้ครับ Gran Turismo 7 เล่นได้ที่ Cockpit Zone - Cockpit #01-#02 แหล่งข้อมูล: https://esports.computing.psu.ac.th/,pipeline:structured_service_game_availability,games/game_availability_lookup,100.0,True,1.5243,0,,,
MB-0135-G-047,games,psu_fact,Gran Turismo 7 เล่นยังไง,Gran Turismo 7: Gran Turismo 7 คือเกมแข่งรถที่เน้นการขับรถสมจริง การเลือกสนาม รถ และการควบคุมจังหวะเข้าโค้ง แนวเกม: เกมแข่งรถ / Driving Simulator วิธีเล่นโดยสรุป: ใน Cockpit Zone เล่นโดยใช้พวงมาลัย คันเร่ง เบรก และชุดเบาะจำลองการขับรถ เป้าหมายคือขับให้เร็วและควบคุมรถให้แม่นในแต่ละสนาม เล่นได้ที่: Cockpit Zone แหล่งข้อมูล: https://esports.phuket.psu.ac.th/Services/our-games,pipeline:structured_game_detail,games/game_detail_lookup,100.0,True,1.522,0,,,
MB-0136-G-048,games,psu_fact,Gran Turismo 7 เป็นเกมแนวไหน,Gran Turismo 7: Gran Turismo 7 คือเกมแข่งรถที่เน้นการขับรถสมจริง การเลือกสนาม รถ และการควบคุมจังหวะเข้าโค้ง แนวเกม: เกมแข่งรถ / Driving Simulator วิธีเล่นโดยสรุป: ใน Cockpit Zone เล่นโดยใช้พวงมาลัย คันเร่ง เบรก และชุดเบาะจำลองการขับรถ เป้าหมายคือขับให้เร็วและควบคุมรถให้แม่นในแต่ละสนาม เล่นได้ที่: Cockpit Zone แหล่งข้อมูล: https://esports.phuket.psu.ac.th/Services/our-games,pipeline:structured_game_detail,games/game_detail_lookup,100.0,True,1.7851,0,,,
MB-0137-G-049,games,psu_fact,Call of Duty: Modern Warfare III คือเกมอะไร,Call of Duty: Modern Warfare III: Call of Duty: Modern Warfare III คือเกมยิงมุมมองบุคคลที่หนึ่งที่เน้นภารกิจและการยิงต่อสู้แบบรวดเร็ว แนวเกม: เกมยิง FPS วิธีเล่นโดยสรุป: เล็ง ยิง เคลื่อนที่ ใช้อุปกรณ์ และทำ objective ของโหมดเกมหรือภารกิจให้สำเร็จ เล่นได้ที่: PlayStation 5 Zone แหล่งข้อมูล: https://esports.phuket.psu.ac.th/Services/our-games,pipeline:structured_game_detail,games/game_availability_lookup,100.0,True,2.0404,0,,,
MB-0138-G-050,games,psu_fact,Call of Duty: Modern Warfare III เล่นได้ที่ไหน,ได้ครับ Call of Duty: Modern Warfare III เล่นได้ที่ PlayStation 5 Zone - PlayStation 5 #01-#02 แหล่งข้อมูล: https://esports.computing.psu.ac.th/,pipeline:structured_service_game_availability,games/game_availability_lookup,100.0,True,1.692,0,,,
MB-0139-G-051,games,psu_fact,Call of Duty: Modern Warfare III เล่นยังไง,Call of Duty: Modern Warfare III: Call of Duty: Modern Warfare III คือเกมยิงมุมมองบุคคลที่หนึ่งที่เน้นภารกิจและการยิงต่อสู้แบบรวดเร็ว แนวเกม: เกมยิง FPS วิธีเล่นโดยสรุป: เล็ง ยิง เคลื่อนที่ ใช้อุปกรณ์ และทำ objective ของโหมดเกมหรือภารกิจให้สำเร็จ เล่นได้ที่: PlayStation 5 Zone แหล่งข้อมูล: https://esports.phuket.psu.ac.th/Services/our-games,pipeline:structured_game_detail,games/game_detail_lookup,100.0,True,1.8384,0,,,
MB-0140-G-052,games,psu_fact,Call of Duty: Modern Warfare III เป็นเกมแนวไหน,Call of Duty: Modern Warfare III: Call of Duty: Modern Warfare III คือเกมยิงมุมมองบุคคลที่หนึ่งที่เน้นภารกิจและการยิงต่อสู้แบบรวดเร็ว แนวเกม: เกมยิง FPS วิธีเล่นโดยสรุป: เล็ง ยิง เคลื่อนที่ ใช้อุปกรณ์ และทำ objective ของโหมดเกมหรือภารกิจให้สำเร็จ เล่นได้ที่: PlayStation 5 Zone แหล่งข้อมูล: https://esports.phuket.psu.ac.th/Services/our-games,pipeline:structured_game_detail,games/game_detail_lookup,100.0,True,2.0775,0,,,
MB-0141-G-053,games,psu_fact,EA Sports FC 24 คือเกมอะไร,EA Sports FC 24: EA Sports FC 24 คือเกมฟุตบอลที่ให้ผู้เล่นควบคุมทีม แข่งขัน ยิงประตู และวางแผนเกมเหมือนการแข่งขันฟุตบอล แนวเกม: เกมฟุตบอล วิธีเล่นโดยสรุป: เลือกทีม จัดตัว ควบคุมการส่งบอล เลี้ยง ยิง และตั้งรับเพื่อทำประตูให้มากกว่าคู่แข่ง เล่นได้ที่: PlayStation 5 Zone แหล่งข้อมูล: https://esports.phuket.psu.ac.th/Services/our-games,pipeline:structured_game_detail,games/game_availability_lookup,100.0,True,1.7653,0,,,
MB-0142-G-054,games,psu_fact,EA Sports FC 24 เล่นได้ที่ไหน,ได้ครับ EA Sports FC 24 เล่นได้ที่ PlayStation 5 Zone - PlayStation 5 #01-#02 แหล่งข้อมูล: https://esports.computing.psu.ac.th/,pipeline:structured_service_game_availability,games/game_availability_lookup,100.0,True,1.6179,0,,,
MB-0143-G-055,games,psu_fact,EA Sports FC 24 เล่นยังไง,EA Sports FC 24 ปุ่มที่ตรงกับคำถาม: PlayStation / PS5 • L1: เปลี่ยนตัวผู้เล่น - สลับการควบคุมไปยังนักเตะคนอื่นที่อยู่ใกล้บอล แหล่งข้อมูล: https://fifauteam.com/fc-24-controls/,pipeline:structured_game_controls,games/game_control_lookup,100.0,True,2.0896,0,,,
MB-0144-G-056,games,psu_fact,EA Sports FC 24 เป็นเกมแนวไหน,EA Sports FC 24: EA Sports FC 24 คือเกมฟุตบอลที่ให้ผู้เล่นควบคุมทีม แข่งขัน ยิงประตู และวางแผนเกมเหมือนการแข่งขันฟุตบอล แนวเกม: เกมฟุตบอล วิธีเล่นโดยสรุป: เลือกทีม จัดตัว ควบคุมการส่งบอล เลี้ยง ยิง และตั้งรับเพื่อทำประตูให้มากกว่าคู่แข่ง เล่นได้ที่: PlayStation 5 Zone แหล่งข้อมูล: https://esports.phuket.psu.ac.th/Services/our-games,pipeline:structured_game_detail,games/game_detail_lookup,100.0,True,1.7909,0,,,
MB-0145-G-057,games,psu_fact,FINAL FANTASY XVI คือเกมอะไร,FINAL FANTASY XVI: FINAL FANTASY XVI คือเกมแอ็กชัน RPG แฟนตาซีที่เน้นเนื้อเรื่อง การต่อสู้ และการพัฒนาตัวละคร แนวเกม: เกม Action RPG วิธีเล่นโดยสรุป: เล่นตามเนื้อเรื่อง ต่อสู้ด้วยสกิล/คอมโบ ทำภารกิจ และพัฒนาความสามารถของตัวละคร เล่นได้ที่: PlayStation 5 Zone แหล่งข้อมูล: https://esports.phuket.psu.ac.th/Services/our-games,pipeline:structured_game_detail,games/game_availability_lookup,100.0,True,1.8389,0,,,
MB-0146-G-058,games,psu_fact,FINAL FANTASY XVI เล่นได้ที่ไหน,ได้ครับ FINAL FANTASY XVI เล่นได้ที่ PlayStation 5 Zone - PlayStation 5 #01-#02 แหล่งข้อมูล: https://esports.computing.psu.ac.th/,pipeline:structured_service_game_availability,games/game_availability_lookup,100.0,True,1.6197,0,,,
MB-0147-G-059,games,psu_fact,FINAL FANTASY XVI เล่นยังไง,FINAL FANTASY XVI: FINAL FANTASY XVI คือเกมแอ็กชัน RPG แฟนตาซีที่เน้นเนื้อเรื่อง การต่อสู้ และการพัฒนาตัวละคร แนวเกม: เกม Action RPG วิธีเล่นโดยสรุป: เล่นตามเนื้อเรื่อง ต่อสู้ด้วยสกิล/คอมโบ ทำภารกิจ และพัฒนาความสามารถของตัวละคร เล่นได้ที่: PlayStation 5 Zone แหล่งข้อมูล: https://esports.phuket.psu.ac.th/Services/our-games,pipeline:structured_game_detail,games/game_detail_lookup,100.0,True,1.5302,0,,,
MB-0148-G-060,games,psu_fact,FINAL FANTASY XVI เป็นเกมแนวไหน,FINAL FANTASY XVI: FINAL FANTASY XVI คือเกมแอ็กชัน RPG แฟนตาซีที่เน้นเนื้อเรื่อง การต่อสู้ และการพัฒนาตัวละคร แนวเกม: เกม Action RPG วิธีเล่นโดยสรุป: เล่นตามเนื้อเรื่อง ต่อสู้ด้วยสกิล/คอมโบ ทำภารกิจ และพัฒนาความสามารถของตัวละคร เล่นได้ที่: PlayStation 5 Zone แหล่งข้อมูล: https://esports.phuket.psu.ac.th/Services/our-games,pipeline:structured_game_detail,games/game_detail_lookup,100.0,True,1.8612,0,,,
MB-0149-G-061,games,psu_fact,Hogwarts Legacy คือเกมอะไร,Hogwarts Legacy: Hogwarts Legacy คือเกมผจญภัยในโลกเวทมนตร์ ผู้เล่นเรียนคาถา สำรวจ และทำภารกิจในฮอกวอตส์และพื้นที่รอบ ๆ แนวเกม: เกม Open-world Action RPG วิธีเล่นโดยสรุป: สำรวจพื้นที่ ใช้คาถา ต่อสู้ แก้ปริศนา และทำเควสต์เพื่อพัฒนาตัวละคร เล่นได้ที่: PlayStation 5 Zone แหล่งข้อมูล: https://esports.phuket.psu.ac.th/Services/our-games,pipeline:structured_game_detail,games/game_availability_lookup,100.0,True,1.7441,0,,,
MB-0150-G-062,games,psu_fact,Hogwarts Legacy เล่นได้ที่ไหน,ได้ครับ Hogwarts Legacy เล่นได้ที่ PlayStation 5 Zone - PlayStation 5 #01-#02 แหล่งข้อมูล: https://esports.computing.psu.ac.th/,pipeline:structured_service_game_availability,games/game_availability_lookup,100.0,True,1.5458,0,,,
MB-0151-G-063,games,psu_fact,Hogwarts Legacy เล่นยังไง,Hogwarts Legacy: Hogwarts Legacy คือเกมผจญภัยในโลกเวทมนตร์ ผู้เล่นเรียนคาถา สำรวจ และทำภารกิจในฮอกวอตส์และพื้นที่รอบ ๆ แนวเกม: เกม Open-world Action RPG วิธีเล่นโดยสรุป: สำรวจพื้นที่ ใช้คาถา ต่อสู้ แก้ปริศนา และทำเควสต์เพื่อพัฒนาตัวละคร เล่นได้ที่: PlayStation 5 Zone แหล่งข้อมูล: https://esports.phuket.psu.ac.th/Services/our-games,pipeline:structured_game_detail,games/game_detail_lookup,100.0,True,1.4966,0,,,
MB-0152-G-064,games,psu_fact,Hogwarts Legacy เป็นเกมแนวไหน,Hogwarts Legacy: Hogwarts Legacy คือเกมผจญภัยในโลกเวทมนตร์ ผู้เล่นเรียนคาถา สำรวจ และทำภารกิจในฮอกวอตส์และพื้นที่รอบ ๆ แนวเกม: เกม Open-world Action RPG วิธีเล่นโดยสรุป: สำรวจพื้นที่ ใช้คาถา ต่อสู้ แก้ปริศนา และทำเควสต์เพื่อพัฒนาตัวละคร เล่นได้ที่: PlayStation 5 Zone แหล่งข้อมูล: https://esports.phuket.psu.ac.th/Services/our-games,pipeline:structured_game_detail,games/game_detail_lookup,100.0,True,1.8573,0,,,
MB-0153-G-065,games,psu_fact,Resident Evil 4 คือเกมอะไร,Resident Evil 4: Resident Evil 4 คือเกมเอาตัวรอดสยองขวัญที่เน้นการต่อสู้ การสำรวจ และการบริหารกระสุน/ไอเทม แนวเกม: เกม Survival Horror / Action วิธีเล่นโดยสรุป: สำรวจพื้นที่ เก็บทรัพยากร ต่อสู้กับศัตรู แก้ปริศนา และเอาตัวรอดตามเนื้อเรื่อง เล่นได้ที่: PlayStation 5 Zone และ VR Zone แหล่งข้อมูล: https://esports.phuket.psu.ac.th/Services/our-games,pipeline:structured_game_detail,games/game_availability_lookup,100.0,True,1.6996,0,,,
MB-0154-G-066,games,psu_fact,Resident Evil 4 เล่นได้ที่ไหน,"ได้ครับ Resident Evil 4 เล่นได้ที่ PlayStation 5 Zone - PlayStation 5 #01-#02, VR Zone - VR Station 30 นาที, VR Zone - VR Station 1 ชั่วโมง แหล่งข้อมูล: https://esports.computing.psu.ac.th/",pipeline:structured_service_game_availability,games/game_availability_lookup,100.0,True,1.55,0,,,
MB-0155-G-067,games,psu_fact,Resident Evil 4 เล่นยังไง,Resident Evil 4: Resident Evil 4 คือเกมเอาตัวรอดสยองขวัญที่เน้นการต่อสู้ การสำรวจ และการบริหารกระสุน/ไอเทม แนวเกม: เกม Survival Horror / Action วิธีเล่นโดยสรุป: สำรวจพื้นที่ เก็บทรัพยากร ต่อสู้กับศัตรู แก้ปริศนา และเอาตัวรอดตามเนื้อเรื่อง เล่นได้ที่: PlayStation 5 Zone และ VR Zone แหล่งข้อมูล: https://esports.phuket.psu.ac.th/Services/our-games,pipeline:structured_game_detail,games/game_detail_lookup,100.0,True,1.5348,0,,,
MB-0156-G-068,games,psu_fact,Resident Evil 4 เป็นเกมแนวไหน,Resident Evil 4: Resident Evil 4 คือเกมเอาตัวรอดสยองขวัญที่เน้นการต่อสู้ การสำรวจ และการบริหารกระสุน/ไอเทม แนวเกม: เกม Survival Horror / Action วิธีเล่นโดยสรุป: สำรวจพื้นที่ เก็บทรัพยากร ต่อสู้กับศัตรู แก้ปริศนา และเอาตัวรอดตามเนื้อเรื่อง เล่นได้ที่: PlayStation 5 Zone และ VR Zone แหล่งข้อมูล: https://esports.phuket.psu.ac.th/Services/our-games,pipeline:structured_game_detail,games/game_detail_lookup,100.0,True,1.745,0,,,
MB-0157-G-069,games,psu_fact,Resident Evil Village คือเกมอะไร,Resident Evil Village: Resident Evil Village คือเกมสยองขวัญเอาตัวรอดที่เน้นบรรยากาศ การสำรวจ และการต่อสู้กับศัตรูหลากหลายรูปแบบ แนวเกม: เกม Survival Horror วิธีเล่นโดยสรุป: สำรวจฉาก เก็บไอเทม จัดการทรัพยากร ต่อสู้ และแก้ปริศนาเพื่อดำเนินเรื่อง เล่นได้ที่: PlayStation 5 Zone และ VR Zone แหล่งข้อมูล: https://esports.phuket.psu.ac.th/Services/our-games,pipeline:structured_game_detail,games/game_availability_lookup,100.0,True,1.9067,0,,,
MB-0158-G-070,games,psu_fact,Resident Evil Village เล่นได้ที่ไหน,"ได้ครับ Resident Evil Village เล่นได้ที่ PlayStation 5 Zone - PlayStation 5 #01-#02, VR Zone - VR Station 30 นาที, VR Zone - VR Station 1 ชั่วโมง แหล่งข้อมูล: https://esports.computing.psu.ac.th/",pipeline:structured_service_game_availability,games/game_availability_lookup,100.0,True,1.6193,0,,,
MB-0159-G-071,games,psu_fact,Resident Evil Village เล่นยังไง,Resident Evil Village: Resident Evil Village คือเกมสยองขวัญเอาตัวรอดที่เน้นบรรยากาศ การสำรวจ และการต่อสู้กับศัตรูหลากหลายรูปแบบ แนวเกม: เกม Survival Horror วิธีเล่นโดยสรุป: สำรวจฉาก เก็บไอเทม จัดการทรัพยากร ต่อสู้ และแก้ปริศนาเพื่อดำเนินเรื่อง เล่นได้ที่: PlayStation 5 Zone และ VR Zone แหล่งข้อมูล: https://esports.phuket.psu.ac.th/Services/our-games,pipeline:structured_game_detail,games/game_detail_lookup,100.0,True,1.6798,0,,,
MB-0160-G-072,games,psu_fact,Resident Evil Village เป็นเกมแนวไหน,Resident Evil Village: Resident Evil Village คือเกมสยองขวัญเอาตัวรอดที่เน้นบรรยากาศ การสำรวจ และการต่อสู้กับศัตรูหลากหลายรูปแบบ แนวเกม: เกม Survival Horror วิธีเล่นโดยสรุป: สำรวจฉาก เก็บไอเทม จัดการทรัพยากร ต่อสู้ และแก้ปริศนาเพื่อดำเนินเรื่อง เล่นได้ที่: PlayStation 5 Zone และ VR Zone แหล่งข้อมูล: https://esports.phuket.psu.ac.th/Services/our-games,pipeline:structured_game_detail,games/game_detail_lookup,100.0,True,1.9166,0,,,
MB-0161-G-073,games,psu_fact,NARUTO X BORUTO Ultimate Ninja Storm Connections คือเกมอะไร,NARUTO X BORUTO Ultimate Ninja Storm Connections: NARUTO X BORUTO Ultimate Ninja Storm Connections คือเกมต่อสู้ที่ใช้ตัวละครจากจักรวาล Naruto/Boruto แนวเกม: เกมต่อสู้จากอนิเมะ วิธีเล่นโดยสรุป: เลือกตัวละคร ใช้คอมโบ สกิลนินจา และจังหวะหลบ/สวนกลับเพื่อเอาชนะคู่ต่อสู้ เล่นได้ที่: PlayStation 5 Zone แหล่งข้อมูล: https://esports.phuket.psu.ac.th/Services/our-games,pipeline:structured_game_detail,games/game_availability_lookup,100.0,True,2.4463,0,,,
MB-0162-G-074,games,psu_fact,NARUTO X BORUTO Ultimate Ninja Storm Connections เล่นได้ที่ไหน,ได้ครับ NARUTO X BORUTO Ultimate Ninja Storm Connections เล่นได้ที่ PlayStation 5 Zone - PlayStation 5 #01-#02 แหล่งข้อมูล: https://esports.computing.psu.ac.th/,pipeline:structured_service_game_availability,games/game_availability_lookup,100.0,True,2.1943,0,,,
MB-0163-G-075,games,psu_fact,NARUTO X BORUTO Ultimate Ninja Storm Connections เล่นยังไง,NARUTO X BORUTO Ultimate Ninja Storm Connections: NARUTO X BORUTO Ultimate Ninja Storm Connections คือเกมต่อสู้ที่ใช้ตัวละครจากจักรวาล Naruto/Boruto แนวเกม: เกมต่อสู้จากอนิเมะ วิธีเล่นโดยสรุป: เลือกตัวละคร ใช้คอมโบ สกิลนินจา และจังหวะหลบ/สวนกลับเพื่อเอาชนะคู่ต่อสู้ เล่นได้ที่: PlayStation 5 Zone แหล่งข้อมูล: https://esports.phuket.psu.ac.th/Services/our-games,pipeline:structured_game_detail,games/game_detail_lookup,100.0,True,2.1118,0,,,
MB-0164-G-076,games,psu_fact,NARUTO X BORUTO Ultimate Ninja Storm Connections เป็นเกมแนวไหน,NARUTO X BORUTO Ultimate Ninja Storm Connections: NARUTO X BORUTO Ultimate Ninja Storm Connections คือเกมต่อสู้ที่ใช้ตัวละครจากจักรวาล Naruto/Boruto แนวเกม: เกมต่อสู้จากอนิเมะ วิธีเล่นโดยสรุป: เลือกตัวละคร ใช้คอมโบ สกิลนินจา และจังหวะหลบ/สวนกลับเพื่อเอาชนะคู่ต่อสู้ เล่นได้ที่: PlayStation 5 Zone แหล่งข้อมูล: https://esports.phuket.psu.ac.th/Services/our-games,pipeline:structured_game_detail,games/game_detail_lookup,100.0,True,2.6373,0,,,
MB-0165-G-077,games,psu_fact,The Last of Us Part I / Part II คือเกมอะไร,"The Last of Us Part I / Part II: The Last of Us คือเกมผจญภัยเอาตัวรอดที่เน้นเนื้อเรื่อง การลอบเร้น และการจัดการทรัพยากร แนวเกม: เกม Action-Adventure / Survival วิธีเล่นโดยสรุป: สำรวจ ฉวยโอกาสลอบเร้น ต่อสู้ เก็บทรัพยากร และดำเนินเรื่องผ่านภารกิจต่าง ๆ เล่นได้ที่: PlayStation 5 Zone รายการปัจจุบันในระบบจอง: The Last of Us Part I, The Last of Us Part II (Remastered) แหล่งข้อมูล: https://esports.phuket.psu.ac.th/Services/our-games",pipeline:structured_game_detail,games/game_availability_lookup,100.0,True,2.0867,0,,,
MB-0166-G-078,games,psu_fact,The Last of Us Part I / Part II เล่นได้ที่ไหน,ได้ครับ The Last of Us Part I เล่นได้ที่ PlayStation 5 Zone - PlayStation 5 #01-#02 แหล่งข้อมูล: https://esports.computing.psu.ac.th/,pipeline:structured_service_game_availability,games/game_availability_lookup,100.0,True,1.7568,0,,,
MB-0167-G-079,games,psu_fact,The Last of Us Part I / Part II เล่นยังไง,"The Last of Us Part I / Part II: The Last of Us คือเกมผจญภัยเอาตัวรอดที่เน้นเนื้อเรื่อง การลอบเร้น และการจัดการทรัพยากร แนวเกม: เกม Action-Adventure / Survival วิธีเล่นโดยสรุป: สำรวจ ฉวยโอกาสลอบเร้น ต่อสู้ เก็บทรัพยากร และดำเนินเรื่องผ่านภารกิจต่าง ๆ เล่นได้ที่: PlayStation 5 Zone รายการปัจจุบันในระบบจอง: The Last of Us Part I, The Last of Us Part II (Remastered) แหล่งข้อมูล: https://esports.phuket.psu.ac.th/Services/our-games",pipeline:structured_game_detail,games/game_detail_lookup,100.0,True,1.5817,0,,,
MB-0168-G-080,games,psu_fact,The Last of Us Part I / Part II เป็นเกมแนวไหน,"The Last of Us Part I / Part II: The Last of Us คือเกมผจญภัยเอาตัวรอดที่เน้นเนื้อเรื่อง การลอบเร้น และการจัดการทรัพยากร แนวเกม: เกม Action-Adventure / Survival วิธีเล่นโดยสรุป: สำรวจ ฉวยโอกาสลอบเร้น ต่อสู้ เก็บทรัพยากร และดำเนินเรื่องผ่านภารกิจต่าง ๆ เล่นได้ที่: PlayStation 5 Zone รายการปัจจุบันในระบบจอง: The Last of Us Part I, The Last of Us Part II (Remastered) แหล่งข้อมูล: https://esports.phuket.psu.ac.th/Services/our-games",pipeline:structured_game_detail,games/game_detail_lookup,100.0,True,1.8101,0,,,
MB-0169-G-081,games,psu_fact,Uncharted: Legacy of Thieves Collection คือเกมอะไร,Uncharted: Legacy of Thieves Collection: Uncharted คือเกมผจญภัยแนวล่าสมบัติที่เน้นปีนป่าย สำรวจ แก้ปริศนา และฉากแอ็กชัน แนวเกม: เกม Action-Adventure วิธีเล่นโดยสรุป: สำรวจฉาก ปีนป่าย แก้ปริศนา ยิงต่อสู้ และดำเนินเรื่องผ่านภารกิจ เล่นได้ที่: PlayStation 5 Zone แหล่งข้อมูล: https://esports.phuket.psu.ac.th/Services/our-games,pipeline:structured_game_detail,games/game_availability_lookup,100.0,True,2.2665,0,,,
MB-0170-G-082,games,psu_fact,Uncharted: Legacy of Thieves Collection เล่นได้ที่ไหน,ได้ครับ Uncharted: Legacy of Thieves Collection เล่นได้ที่ PlayStation 5 Zone - PlayStation 5 #01-#02 แหล่งข้อมูล: https://esports.computing.psu.ac.th/,pipeline:structured_service_game_availability,games/game_availability_lookup,100.0,True,2.0523,0,,,
MB-0171-G-083,games,psu_fact,Uncharted: Legacy of Thieves Collection เล่นยังไง,Uncharted: Legacy of Thieves Collection: Uncharted คือเกมผจญภัยแนวล่าสมบัติที่เน้นปีนป่าย สำรวจ แก้ปริศนา และฉากแอ็กชัน แนวเกม: เกม Action-Adventure วิธีเล่นโดยสรุป: สำรวจฉาก ปีนป่าย แก้ปริศนา ยิงต่อสู้ และดำเนินเรื่องผ่านภารกิจ เล่นได้ที่: PlayStation 5 Zone แหล่งข้อมูล: https://esports.phuket.psu.ac.th/Services/our-games,pipeline:structured_game_detail,games/game_detail_lookup,100.0,True,1.9218,0,,,
MB-0172-G-084,games,psu_fact,Uncharted: Legacy of Thieves Collection เป็นเกมแนวไหน,Uncharted: Legacy of Thieves Collection: Uncharted คือเกมผจญภัยแนวล่าสมบัติที่เน้นปีนป่าย สำรวจ แก้ปริศนา และฉากแอ็กชัน แนวเกม: เกม Action-Adventure วิธีเล่นโดยสรุป: สำรวจฉาก ปีนป่าย แก้ปริศนา ยิงต่อสู้ และดำเนินเรื่องผ่านภารกิจ เล่นได้ที่: PlayStation 5 Zone แหล่งข้อมูล: https://esports.phuket.psu.ac.th/Services/our-games,pipeline:structured_game_detail,games/game_detail_lookup,100.0,True,2.3121,0,,,
MB-0173-G-085,games,psu_fact,Mario Kart 8 Deluxe คือเกมอะไร,Mario Kart 8 Deluxe: Mario Kart 8 Deluxe คือเกมแข่งรถสไตล์ปาร์ตี้ที่ใช้ตัวละคร Nintendo ขับรถแข่งกันในสนามหลากหลายแบบ แนวเกม: เกมแข่งรถ Party Racing วิธีเล่นโดยสรุป: เลือกตัวละครและรถ ขับเข้าเส้นชัย ใช้ไอเทมช่วยโจมตี/ป้องกัน และเล่นสนุกได้หลายคน เล่นได้ที่: Nintendo Switch Zone แหล่งข้อมูล: https://esports.phuket.psu.ac.th/Services/our-games,pipeline:structured_game_detail,games/game_availability_lookup,100.0,True,1.928,0,,,
MB-0174-G-086,games,psu_fact,Mario Kart 8 Deluxe เล่นได้ที่ไหน,"ได้ครับ Mario Kart 8 Deluxe เล่นได้ที่ Nintendo Switch Zone - Nintendo Switch (1-2 Persons), Nintendo Switch Zone - Nintendo Switch (1-4 Persons) แหล่งข้อมูล: https://esports.computing.psu.ac.th/",pipeline:structured_service_game_availability,games/game_availability_lookup,100.0,True,1.6005,0,,,
MB-0175-G-087,games,psu_fact,Mario Kart 8 Deluxe เล่นยังไง,Mario Kart 8 Deluxe: Mario Kart 8 Deluxe คือเกมแข่งรถสไตล์ปาร์ตี้ที่ใช้ตัวละคร Nintendo ขับรถแข่งกันในสนามหลากหลายแบบ แนวเกม: เกมแข่งรถ Party Racing วิธีเล่นโดยสรุป: เลือกตัวละครและรถ ขับเข้าเส้นชัย ใช้ไอเทมช่วยโจมตี/ป้องกัน และเล่นสนุกได้หลายคน เล่นได้ที่: Nintendo Switch Zone แหล่งข้อมูล: https://esports.phuket.psu.ac.th/Services/our-games,pipeline:structured_game_detail,games/game_detail_lookup,100.0,True,1.9011,0,,,
MB-0176-G-088,games,psu_fact,Mario Kart 8 Deluxe เป็นเกมแนวไหน,Mario Kart 8 Deluxe: Mario Kart 8 Deluxe คือเกมแข่งรถสไตล์ปาร์ตี้ที่ใช้ตัวละคร Nintendo ขับรถแข่งกันในสนามหลากหลายแบบ แนวเกม: เกมแข่งรถ Party Racing วิธีเล่นโดยสรุป: เลือกตัวละครและรถ ขับเข้าเส้นชัย ใช้ไอเทมช่วยโจมตี/ป้องกัน และเล่นสนุกได้หลายคน เล่นได้ที่: Nintendo Switch Zone แหล่งข้อมูล: https://esports.phuket.psu.ac.th/Services/our-games,pipeline:structured_game_detail,games/game_detail_lookup,100.0,True,1.857,0,,,
MB-0177-G-089,games,psu_fact,Overcooked 2 คือเกมอะไร,Overcooked! 2: Overcooked 2 คือเกมทำอาหารแบบร่วมมือกัน ผู้เล่นต้องแบ่งหน้าที่ เตรียมอาหาร เสิร์ฟ และจัดการครัวที่วุ่นวาย แนวเกม: เกม Co-op ทำอาหาร วิธีเล่นโดยสรุป: ช่วยกันหั่นวัตถุดิบ ปรุง เสิร์ฟ ล้างจาน และสื่อสารกับทีมให้ทันเวลา เล่นได้ที่: Nintendo Switch Zone แหล่งข้อมูล: https://esports.phuket.psu.ac.th/Services/our-games,pipeline:structured_game_detail,games/game_availability_lookup,100.0,True,1.6581,0,,,
MB-0178-G-090,games,psu_fact,Overcooked 2 เล่นได้ที่ไหน,"ได้ครับ Overcooked! 2 เล่นได้ที่ Nintendo Switch Zone - Nintendo Switch (1-2 Persons), Nintendo Switch Zone - Nintendo Switch (1-4 Persons) แหล่งข้อมูล: https://esports.computing.psu.ac.th/",pipeline:structured_service_game_availability,games/game_availability_lookup,100.0,True,1.5066,0,,,
MB-0179-G-091,games,psu_fact,Overcooked 2 เล่นยังไง,Overcooked! 2: Overcooked 2 คือเกมทำอาหารแบบร่วมมือกัน ผู้เล่นต้องแบ่งหน้าที่ เตรียมอาหาร เสิร์ฟ และจัดการครัวที่วุ่นวาย แนวเกม: เกม Co-op ทำอาหาร วิธีเล่นโดยสรุป: ช่วยกันหั่นวัตถุดิบ ปรุง เสิร์ฟ ล้างจาน และสื่อสารกับทีมให้ทันเวลา เล่นได้ที่: Nintendo Switch Zone แหล่งข้อมูล: https://esports.phuket.psu.ac.th/Services/our-games,pipeline:structured_game_detail,games/game_detail_lookup,100.0,True,1.4152,0,,,
MB-0180-G-092,games,psu_fact,Overcooked 2 เป็นเกมแนวไหน,Overcooked! 2: Overcooked 2 คือเกมทำอาหารแบบร่วมมือกัน ผู้เล่นต้องแบ่งหน้าที่ เตรียมอาหาร เสิร์ฟ และจัดการครัวที่วุ่นวาย แนวเกม: เกม Co-op ทำอาหาร วิธีเล่นโดยสรุป: ช่วยกันหั่นวัตถุดิบ ปรุง เสิร์ฟ ล้างจาน และสื่อสารกับทีมให้ทันเวลา เล่นได้ที่: Nintendo Switch Zone แหล่งข้อมูล: https://esports.phuket.psu.ac.th/Services/our-games,pipeline:structured_game_detail,games/game_detail_lookup,100.0,True,1.6556,0,,,
MB-0181-G-093,games,psu_fact,Super Smash Bros Ultimate คือเกมอะไร,Super Smash Bros Ultimate: Super Smash Bros Ultimate คือเกมต่อสู้ที่ใช้ตัวละครจากหลายเกม ผลักคู่ต่อสู้ออกจากฉากเพื่อทำคะแนน แนวเกม: เกมต่อสู้แบบ Platform Fighter วิธีเล่นโดยสรุป: เลือกตัวละคร ใช้ท่าโจมตี หลบ กระโดด และพยายามทำให้คู่แข่งกระเด็นออกนอกสนาม เล่นได้ที่: Nintendo Switch Zone แหล่งข้อมูล: https://esports.phuket.psu.ac.th/Services/our-games,pipeline:structured_game_detail,games/game_availability_lookup,100.0,True,1.9598,0,,,
MB-0182-G-094,games,psu_fact,Super Smash Bros Ultimate เล่นได้ที่ไหน,"ได้ครับ Super Smash Bros Ultimate เล่นได้ที่ Nintendo Switch Zone - Nintendo Switch (1-2 Persons), Nintendo Switch Zone - Nintendo Switch (1-4 Persons) แหล่งข้อมูล: https://esports.computing.psu.ac.th/",pipeline:structured_service_game_availability,games/game_availability_lookup,100.0,True,1.6269,0,,,
MB-0183-G-095,games,psu_fact,Super Smash Bros Ultimate เล่นยังไง,Super Smash Bros Ultimate: Super Smash Bros Ultimate คือเกมต่อสู้ที่ใช้ตัวละครจากหลายเกม ผลักคู่ต่อสู้ออกจากฉากเพื่อทำคะแนน แนวเกม: เกมต่อสู้แบบ Platform Fighter วิธีเล่นโดยสรุป: เลือกตัวละคร ใช้ท่าโจมตี หลบ กระโดด และพยายามทำให้คู่แข่งกระเด็นออกนอกสนาม เล่นได้ที่: Nintendo Switch Zone แหล่งข้อมูล: https://esports.phuket.psu.ac.th/Services/our-games,pipeline:structured_game_detail,games/game_detail_lookup,100.0,True,1.596,0,,,
MB-0184-G-096,games,psu_fact,Super Smash Bros Ultimate เป็นเกมแนวไหน,Super Smash Bros Ultimate: Super Smash Bros Ultimate คือเกมต่อสู้ที่ใช้ตัวละครจากหลายเกม ผลักคู่ต่อสู้ออกจากฉากเพื่อทำคะแนน แนวเกม: เกมต่อสู้แบบ Platform Fighter วิธีเล่นโดยสรุป: เลือกตัวละคร ใช้ท่าโจมตี หลบ กระโดด และพยายามทำให้คู่แข่งกระเด็นออกนอกสนาม เล่นได้ที่: Nintendo Switch Zone แหล่งข้อมูล: https://esports.phuket.psu.ac.th/Services/our-games,pipeline:structured_game_detail,games/game_detail_lookup,100.0,True,2.0393,0,,,
MB-0185-G-097,games,psu_fact,Nintendo Switch Sports คือเกมอะไร,Nintendo Switch Sports: Nintendo Switch Sports คือเกมกีฬาที่ใช้การขยับ Joy-Con จำลองการเล่นกีฬาหลายประเภท แนวเกม: เกมกีฬา Motion Control วิธีเล่นโดยสรุป: ถือ Joy-Con แล้วขยับตามกีฬาที่เลือก เช่น ตี โยน หรือแกว่งตามท่าทางในเกม เล่นได้ที่: Nintendo Switch Zone แหล่งข้อมูล: https://esports.phuket.psu.ac.th/Services/our-games,pipeline:structured_game_detail,games/game_availability_lookup,100.0,True,1.6144,0,,,
MB-0186-G-098,games,psu_fact,Nintendo Switch Sports เล่นได้ที่ไหน,"ได้ครับ Nintendo Switch Sports เล่นได้ที่ Nintendo Switch Zone - Nintendo Switch (1-2 Persons), Nintendo Switch Zone - Nintendo Switch (1-4 Persons) แหล่งข้อมูล: https://esports.computing.psu.ac.th/",pipeline:structured_service_game_availability,games/game_availability_lookup,100.0,True,1.5204,0,,,
MB-0187-G-099,games,psu_fact,Nintendo Switch Sports เล่นยังไง,Nintendo Switch Sports ปุ่มที่ตรงกับคำถาม: Nintendo Switch • Joy-Con motion: เล่นท่ากีฬาด้วยการขยับ Joy-Con - เกมใช้ Joy-Con หรือ Joy-Con 2 ตามชนิดกีฬาที่เลือก โดยการออกท่าจะขึ้นกับกีฬานั้น ๆ • + Button on controller-holding screen: เลือกโหมดสายรัดขาใน Soccer ตอนเล่น Local/Friends - ในหน้าวิธีถือ Joy-Con ให้กด + เพื่อเปลี่ยนเป็น Leg-Strap Mode แหล่งข้อมูล: https://en-americas-support.nintendo.com/app/answers/detail/a_id/58596/~/nintendo-switch-sports-faq,pipeline:structured_game_controls,games/game_control_lookup,100.0,True,1.4513,0,,,
MB-0188-G-100,games,psu_fact,Nintendo Switch Sports เป็นเกมแนวไหน,Nintendo Switch Sports: Nintendo Switch Sports คือเกมกีฬาที่ใช้การขยับ Joy-Con จำลองการเล่นกีฬาหลายประเภท แนวเกม: เกมกีฬา Motion Control วิธีเล่นโดยสรุป: ถือ Joy-Con แล้วขยับตามกีฬาที่เลือก เช่น ตี โยน หรือแกว่งตามท่าทางในเกม เล่นได้ที่: Nintendo Switch Zone แหล่งข้อมูล: https://esports.phuket.psu.ac.th/Services/our-games,pipeline:structured_game_detail,games/game_detail_lookup,100.0,True,1.6546,0,,,
MB-0189-G-101,games,psu_fact,Animal Crossing: New Horizons คือเกมอะไร,คำถามนี้มีได้หลายความหมายครับ ขอระบุเพิ่มนิดหนึ่งว่าต้องการถามเรื่องไหน: รายชื่อเกม/ข้อมูลเกม,pipeline:ambiguity_clarification,clarification/ambiguity_gate_clarification,70.0,False,1.2776,1,universal_intent,category_mismatch:clarification | missing:Animal Crossing,
MB-0190-G-102,games,psu_fact,Animal Crossing: New Horizons เล่นได้ที่ไหน,"ได้ครับ Animal Crossing: New Horizons เล่นได้ที่ Nintendo Switch Zone - Nintendo Switch (1-2 Persons), Nintendo Switch Zone - Nintendo Switch (1-4 Persons) แหล่งข้อมูล: https://esports.computing.psu.ac.th/",pipeline:structured_service_game_availability,games/game_availability_lookup,100.0,True,1.7567,0,,,
MB-0191-G-103,games,psu_fact,Animal Crossing: New Horizons เล่นยังไง,Animal Crossing: New Horizons: Animal Crossing: New Horizons คือเกมใช้ชีวิตบนเกาะ ผู้เล่นตกแต่งบ้าน เก็บของ สร้างพื้นที่ และพูดคุยกับชาวเกาะ แนวเกม: เกม Life Simulation วิธีเล่นโดยสรุป: เล่นแบบสบาย ๆ โดยเก็บทรัพยากร ตกปลา จับแมลง ตกแต่งเกาะ และทำกิจกรรมประจำวัน เล่นได้ที่: Nintendo Switch Zone แหล่งข้อมูล: https://esports.phuket.psu.ac.th/Services/our-games,pipeline:structured_game_detail,games/game_detail_lookup,100.0,True,1.747,0,,,
MB-0192-G-104,games,psu_fact,Animal Crossing: New Horizons เป็นเกมแนวไหน,Animal Crossing: New Horizons: Animal Crossing: New Horizons คือเกมใช้ชีวิตบนเกาะ ผู้เล่นตกแต่งบ้าน เก็บของ สร้างพื้นที่ และพูดคุยกับชาวเกาะ แนวเกม: เกม Life Simulation วิธีเล่นโดยสรุป: เล่นแบบสบาย ๆ โดยเก็บทรัพยากร ตกปลา จับแมลง ตกแต่งเกาะ และทำกิจกรรมประจำวัน เล่นได้ที่: Nintendo Switch Zone แหล่งข้อมูล: https://esports.phuket.psu.ac.th/Services/our-games,pipeline:structured_game_detail,games/game_detail_lookup,100.0,True,2.0663,0,,,
MB-0193-G-105,games,psu_fact,It Takes Two คือเกมอะไร,It Takes Two: It Takes Two คือเกมผจญภัยสำหรับเล่นร่วมกันสองคน ที่ต้องช่วยกันแก้ปริศนาและผ่านด่าน แนวเกม: เกม Co-op Adventure วิธีเล่นโดยสรุป: ผู้เล่นสองคนต้องสื่อสาร แบ่งหน้าที่ ใช้ความสามารถของตัวละคร และช่วยกันผ่านอุปสรรค เล่นได้ที่: Nintendo Switch Zone แหล่งข้อมูล: https://esports.phuket.psu.ac.th/Services/our-games,pipeline:structured_game_detail,games/game_availability_lookup,100.0,True,1.8268,0,,,
MB-0194-G-106,games,psu_fact,It Takes Two เล่นได้ที่ไหน,"ได้ครับ It Takes Two เล่นได้ที่ Nintendo Switch Zone - Nintendo Switch (1-2 Persons), Nintendo Switch Zone - Nintendo Switch (1-4 Persons) แหล่งข้อมูล: https://esports.computing.psu.ac.th/",pipeline:structured_service_game_availability,games/game_availability_lookup,100.0,True,1.5379,0,,,
MB-0195-G-107,games,psu_fact,It Takes Two เล่นยังไง,It Takes Two: It Takes Two คือเกมผจญภัยสำหรับเล่นร่วมกันสองคน ที่ต้องช่วยกันแก้ปริศนาและผ่านด่าน แนวเกม: เกม Co-op Adventure วิธีเล่นโดยสรุป: ผู้เล่นสองคนต้องสื่อสาร แบ่งหน้าที่ ใช้ความสามารถของตัวละคร และช่วยกันผ่านอุปสรรค เล่นได้ที่: Nintendo Switch Zone แหล่งข้อมูล: https://esports.phuket.psu.ac.th/Services/our-games,pipeline:structured_game_detail,games/game_detail_lookup,100.0,True,1.5828,0,,,
MB-0196-G-108,games,psu_fact,It Takes Two เป็นเกมแนวไหน,It Takes Two: It Takes Two คือเกมผจญภัยสำหรับเล่นร่วมกันสองคน ที่ต้องช่วยกันแก้ปริศนาและผ่านด่าน แนวเกม: เกม Co-op Adventure วิธีเล่นโดยสรุป: ผู้เล่นสองคนต้องสื่อสาร แบ่งหน้าที่ ใช้ความสามารถของตัวละคร และช่วยกันผ่านอุปสรรค เล่นได้ที่: Nintendo Switch Zone แหล่งข้อมูล: https://esports.phuket.psu.ac.th/Services/our-games,pipeline:structured_game_detail,games/game_detail_lookup,100.0,True,1.8345,0,,,
MB-0197-G-109,games,psu_fact,Luigi's Mansion 3 คือเกมอะไร,Luigi's Mansion 3: Luigi's Mansion 3 คือเกมผจญภัยจับผีที่ผู้เล่นสำรวจโรงแรมและแก้ปริศนา แนวเกม: เกม Action Puzzle วิธีเล่นโดยสรุป: ใช้เครื่องดูดผี สำรวจห้อง แก้ปริศนา และจับผีเพื่อผ่านด่าน เล่นได้ที่: Nintendo Switch Zone แหล่งข้อมูล: https://esports.phuket.psu.ac.th/Services/our-games,pipeline:structured_game_detail,games/game_availability_lookup,100.0,True,1.8101,0,,,
MB-0198-G-110,games,psu_fact,Luigi's Mansion 3 เล่นได้ที่ไหน,"ได้ครับ Luigi's Mansion 3 เล่นได้ที่ Nintendo Switch Zone - Nintendo Switch (1-2 Persons), Nintendo Switch Zone - Nintendo Switch (1-4 Persons) แหล่งข้อมูล: https://esports.computing.psu.ac.th/",pipeline:structured_service_game_availability,games/game_availability_lookup,100.0,True,1.6867,0,,,
MB-0199-G-111,games,psu_fact,Luigi's Mansion 3 เล่นยังไง,Luigi's Mansion 3: Luigi's Mansion 3 คือเกมผจญภัยจับผีที่ผู้เล่นสำรวจโรงแรมและแก้ปริศนา แนวเกม: เกม Action Puzzle วิธีเล่นโดยสรุป: ใช้เครื่องดูดผี สำรวจห้อง แก้ปริศนา และจับผีเพื่อผ่านด่าน เล่นได้ที่: Nintendo Switch Zone แหล่งข้อมูล: https://esports.phuket.psu.ac.th/Services/our-games,pipeline:structured_game_detail,games/game_detail_lookup,100.0,True,1.6013,0,,,
MB-0200-G-112,games,psu_fact,Luigi's Mansion 3 เป็นเกมแนวไหน,Luigi's Mansion 3: Luigi's Mansion 3 คือเกมผจญภัยจับผีที่ผู้เล่นสำรวจโรงแรมและแก้ปริศนา แนวเกม: เกม Action Puzzle วิธีเล่นโดยสรุป: ใช้เครื่องดูดผี สำรวจห้อง แก้ปริศนา และจับผีเพื่อผ่านด่าน เล่นได้ที่: Nintendo Switch Zone แหล่งข้อมูล: https://esports.phuket.psu.ac.th/Services/our-games,pipeline:structured_game_detail,games/game_detail_lookup,100.0,True,1.8066,0,,,
MB-0201-G-113,games,psu_fact,Mario Party Superstars คือเกมอะไร,Mario Party Superstars: Mario Party Superstars คือเกมปาร์ตี้ที่เล่นบนกระดานและแข่งมินิเกมกับเพื่อน แนวเกม: เกม Party / Mini-games วิธีเล่นโดยสรุป: ทอยลูกเต๋าเดินบนกระดาน เก็บดาว และเล่นมินิเกมเพื่อทำคะแนน เล่นได้ที่: Nintendo Switch Zone แหล่งข้อมูล: https://esports.phuket.psu.ac.th/Services/our-games,pipeline:structured_game_detail,games/game_availability_lookup,100.0,True,1.9919,0,,,
MB-0202-G-114,games,psu_fact,Mario Party Superstars เล่นได้ที่ไหน,"ได้ครับ Mario Party Superstars เล่นได้ที่ Nintendo Switch Zone - Nintendo Switch (1-2 Persons), Nintendo Switch Zone - Nintendo Switch (1-4 Persons) แหล่งข้อมูล: https://esports.computing.psu.ac.th/",pipeline:structured_service_game_availability,games/game_availability_lookup,100.0,True,1.7885,0,,,
MB-0203-G-115,games,psu_fact,Mario Party Superstars เล่นยังไง,"Mario Party Superstars มีข้อมูลปุ่มควบคุมดังนี้: Nintendo Switch • Button controls: เล่นบอร์ดและมินิเกมด้วยปุ่ม - แหล่งทางการยืนยันว่า 100 มินิเกมรองรับ button controls และเล่นได้ด้วย Joy-Con หรือ Nintendo Switch Pro Controller • Single Joy-Con / Joy-Con grip / Pro Controller: รูปแบบคอนโทรลเลอร์ที่รองรับ - สามารถเล่นด้วย Joy-Con เดี่ยว, Joy-Con grip, Nintendo Switch Pro Controller หรือ Nintendo Switch Lite ตามข้อมูล Play Nintendo แหล่งข้อมูล: https://play.nintendo.com/news-tips/game-releases/mario-party-superstars-game-announcement/",pipeline:structured_game_controls,games/game_control_lookup,100.0,True,1.7395,0,,,
MB-0204-G-116,games,psu_fact,Mario Party Superstars เป็นเกมแนวไหน,Mario Party Superstars: Mario Party Superstars คือเกมปาร์ตี้ที่เล่นบนกระดานและแข่งมินิเกมกับเพื่อน แนวเกม: เกม Party / Mini-games วิธีเล่นโดยสรุป: ทอยลูกเต๋าเดินบนกระดาน เก็บดาว และเล่นมินิเกมเพื่อทำคะแนน เล่นได้ที่: Nintendo Switch Zone แหล่งข้อมูล: https://esports.phuket.psu.ac.th/Services/our-games,pipeline:structured_game_detail,games/game_detail_lookup,100.0,True,2.0292,0,,,
MB-0205-G-117,games,psu_fact,Monster Hunter Rise คือเกมอะไร,Monster Hunter Rise: Monster Hunter Rise คือเกมล่ามอนสเตอร์ที่ผู้เล่นเลือกอาวุธ ทำภารกิจ และเก็บวัตถุดิบมาสร้างอุปกรณ์ แนวเกม: เกม Action RPG ล่ามอนสเตอร์ วิธีเล่นโดยสรุป: เลือกอาวุธ รับเควสต์ ตามหามอนสเตอร์ หลบ/โจมตีให้ถูกจังหวะ และคราฟต์อุปกรณ์จากวัตถุดิบ เล่นได้ที่: Nintendo Switch Zone แหล่งข้อมูล: https://esports.phuket.psu.ac.th/Services/our-games,pipeline:structured_game_detail,games/game_availability_lookup,100.0,True,2.117,0,,,
MB-0206-G-118,games,psu_fact,Monster Hunter Rise เล่นได้ที่ไหน,"ได้ครับ Monster Hunter Rise เล่นได้ที่ Nintendo Switch Zone - Nintendo Switch (1-2 Persons), Nintendo Switch Zone - Nintendo Switch (1-4 Persons) แหล่งข้อมูล: https://esports.computing.psu.ac.th/",pipeline:structured_service_game_availability,games/game_availability_lookup,100.0,True,1.9212,0,,,
MB-0207-G-119,games,psu_fact,Monster Hunter Rise เล่นยังไง,Monster Hunter Rise: Monster Hunter Rise คือเกมล่ามอนสเตอร์ที่ผู้เล่นเลือกอาวุธ ทำภารกิจ และเก็บวัตถุดิบมาสร้างอุปกรณ์ แนวเกม: เกม Action RPG ล่ามอนสเตอร์ วิธีเล่นโดยสรุป: เลือกอาวุธ รับเควสต์ ตามหามอนสเตอร์ หลบ/โจมตีให้ถูกจังหวะ และคราฟต์อุปกรณ์จากวัตถุดิบ เล่นได้ที่: Nintendo Switch Zone แหล่งข้อมูล: https://esports.phuket.psu.ac.th/Services/our-games,pipeline:structured_game_detail,games/game_detail_lookup,100.0,True,1.7839,0,,,
MB-0208-G-120,games,psu_fact,Monster Hunter Rise เป็นเกมแนวไหน,Monster Hunter Rise: Monster Hunter Rise คือเกมล่ามอนสเตอร์ที่ผู้เล่นเลือกอาวุธ ทำภารกิจ และเก็บวัตถุดิบมาสร้างอุปกรณ์ แนวเกม: เกม Action RPG ล่ามอนสเตอร์ วิธีเล่นโดยสรุป: เลือกอาวุธ รับเควสต์ ตามหามอนสเตอร์ หลบ/โจมตีให้ถูกจังหวะ และคราฟต์อุปกรณ์จากวัตถุดิบ เล่นได้ที่: Nintendo Switch Zone แหล่งข้อมูล: https://esports.phuket.psu.ac.th/Services/our-games,pipeline:structured_game_detail,games/game_detail_lookup,100.0,True,1.8995,0,,,
MB-0209-G-121,games,psu_fact,Moving Out 2 คือเกมอะไร,Moving Out 2: Moving Out 2 คือเกมย้ายของแบบร่วมมือกันที่ต้องช่วยกันขนของผ่านฉากวุ่น ๆ แนวเกม: เกม Co-op Puzzle / Party วิธีเล่นโดยสรุป: ช่วยกันยก โยน วางแผนเส้นทาง และขนของให้เสร็จภายในเวลา เล่นได้ที่: Nintendo Switch Zone แหล่งข้อมูล: https://esports.phuket.psu.ac.th/Services/our-games,pipeline:structured_game_detail,games/game_availability_lookup,100.0,True,1.7945,0,,,
MB-0210-G-122,games,psu_fact,Moving Out 2 เล่นได้ที่ไหน,"ได้ครับ Moving Out 2 เล่นได้ที่ Nintendo Switch Zone - Nintendo Switch (1-2 Persons), Nintendo Switch Zone - Nintendo Switch (1-4 Persons) แหล่งข้อมูล: https://esports.computing.psu.ac.th/",pipeline:structured_service_game_availability,games/game_availability_lookup,100.0,True,1.4225,0,,,
MB-0211-G-123,games,psu_fact,Moving Out 2 เล่นยังไง,Moving Out 2: Moving Out 2 คือเกมย้ายของแบบร่วมมือกันที่ต้องช่วยกันขนของผ่านฉากวุ่น ๆ แนวเกม: เกม Co-op Puzzle / Party วิธีเล่นโดยสรุป: ช่วยกันยก โยน วางแผนเส้นทาง และขนของให้เสร็จภายในเวลา เล่นได้ที่: Nintendo Switch Zone แหล่งข้อมูล: https://esports.phuket.psu.ac.th/Services/our-games,pipeline:structured_game_detail,games/game_detail_lookup,100.0,True,1.4233,0,,,
MB-0212-G-124,games,psu_fact,Moving Out 2 เป็นเกมแนวไหน,Moving Out 2: Moving Out 2 คือเกมย้ายของแบบร่วมมือกันที่ต้องช่วยกันขนของผ่านฉากวุ่น ๆ แนวเกม: เกม Co-op Puzzle / Party วิธีเล่นโดยสรุป: ช่วยกันยก โยน วางแผนเส้นทาง และขนของให้เสร็จภายในเวลา เล่นได้ที่: Nintendo Switch Zone แหล่งข้อมูล: https://esports.phuket.psu.ac.th/Services/our-games,pipeline:structured_game_detail,games/game_detail_lookup,100.0,True,1.6956,0,,,
MB-0213-G-125,games,psu_fact,New Super Mario Bros. U Deluxe คือเกมอะไร,New Super Mario Bros. U Deluxe: New Super Mario Bros. U Deluxe คือเกมมาริโอแบบเดินลุยด่าน กระโดด หลบศัตรู และเก็บเหรียญ แนวเกม: เกม Platformer 2D วิธีเล่นโดยสรุป: วิ่ง กระโดด ใช้ power-up ผ่านด่าน และร่วมมือกับเพื่อนได้หลายคน เล่นได้ที่: Nintendo Switch Zone แหล่งข้อมูล: https://esports.phuket.psu.ac.th/Services/our-games,pipeline:structured_game_detail,games/game_availability_lookup,100.0,True,2.035,0,,,
MB-0214-G-126,games,psu_fact,New Super Mario Bros. U Deluxe เล่นได้ที่ไหน,"ได้ครับ New Super Mario Bros. U Deluxe เล่นได้ที่ Nintendo Switch Zone - Nintendo Switch (1-2 Persons), Nintendo Switch Zone - Nintendo Switch (1-4 Persons) แหล่งข้อมูล: https://esports.computing.psu.ac.th/",pipeline:structured_service_game_availability,games/game_availability_lookup,100.0,True,1.6879,0,,,
MB-0215-G-127,games,psu_fact,New Super Mario Bros. U Deluxe เล่นยังไง,New Super Mario Bros. U Deluxe: New Super Mario Bros. U Deluxe คือเกมมาริโอแบบเดินลุยด่าน กระโดด หลบศัตรู และเก็บเหรียญ แนวเกม: เกม Platformer 2D วิธีเล่นโดยสรุป: วิ่ง กระโดด ใช้ power-up ผ่านด่าน และร่วมมือกับเพื่อนได้หลายคน เล่นได้ที่: Nintendo Switch Zone แหล่งข้อมูล: https://esports.phuket.psu.ac.th/Services/our-games,pipeline:structured_game_detail,games/game_detail_lookup,100.0,True,1.7755,0,,,
MB-0216-G-128,games,psu_fact,New Super Mario Bros. U Deluxe เป็นเกมแนวไหน,New Super Mario Bros. U Deluxe: New Super Mario Bros. U Deluxe คือเกมมาริโอแบบเดินลุยด่าน กระโดด หลบศัตรู และเก็บเหรียญ แนวเกม: เกม Platformer 2D วิธีเล่นโดยสรุป: วิ่ง กระโดด ใช้ power-up ผ่านด่าน และร่วมมือกับเพื่อนได้หลายคน เล่นได้ที่: Nintendo Switch Zone แหล่งข้อมูล: https://esports.phuket.psu.ac.th/Services/our-games,pipeline:structured_game_detail,games/game_detail_lookup,100.0,True,1.9581,0,,,
MB-0217-G-129,games,psu_fact,Ring Fit Adventure คือเกมอะไร,Ring Fit Adventure: Ring Fit Adventure คือเกมออกกำลังกายที่ใช้ Ring-Con และท่าทางร่างกายเพื่อผจญภัยในเกม แนวเกม: เกมออกกำลังกาย Adventure วิธีเล่นโดยสรุป: ใส่ Joy-Con กับ Ring-Con แล้วทำท่าออกกำลังกาย เช่น วิ่ง บีบ ดัน หรือยืด เพื่อโจมตีและผ่านด่าน เล่นได้ที่: Nintendo Switch Zone แหล่งข้อมูล: https://esports.phuket.psu.ac.th/Services/our-games,pipeline:structured_game_detail,games/game_availability_lookup,100.0,True,1.7646,0,,,
MB-0218-G-130,games,psu_fact,Ring Fit Adventure เล่นได้ที่ไหน,"ได้ครับ Ring Fit Adventure เล่นได้ที่ Nintendo Switch Zone - Nintendo Switch (1-2 Persons), Nintendo Switch Zone - Nintendo Switch (1-4 Persons) แหล่งข้อมูล: https://esports.computing.psu.ac.th/",pipeline:structured_service_game_availability,games/game_availability_lookup,100.0,True,1.6093,0,,,
MB-0219-G-131,games,psu_fact,Ring Fit Adventure เล่นยังไง,Ring Fit Adventure: Ring Fit Adventure คือเกมออกกำลังกายที่ใช้ Ring-Con และท่าทางร่างกายเพื่อผจญภัยในเกม แนวเกม: เกมออกกำลังกาย Adventure วิธีเล่นโดยสรุป: ใส่ Joy-Con กับ Ring-Con แล้วทำท่าออกกำลังกาย เช่น วิ่ง บีบ ดัน หรือยืด เพื่อโจมตีและผ่านด่าน เล่นได้ที่: Nintendo Switch Zone แหล่งข้อมูล: https://esports.phuket.psu.ac.th/Services/our-games,pipeline:structured_game_detail,games/game_detail_lookup,100.0,True,1.9951,0,,,
MB-0220-G-132,games,psu_fact,Ring Fit Adventure เป็นเกมแนวไหน,Ring Fit Adventure: Ring Fit Adventure คือเกมออกกำลังกายที่ใช้ Ring-Con และท่าทางร่างกายเพื่อผจญภัยในเกม แนวเกม: เกมออกกำลังกาย Adventure วิธีเล่นโดยสรุป: ใส่ Joy-Con กับ Ring-Con แล้วทำท่าออกกำลังกาย เช่น วิ่ง บีบ ดัน หรือยืด เพื่อโจมตีและผ่านด่าน เล่นได้ที่: Nintendo Switch Zone แหล่งข้อมูล: https://esports.phuket.psu.ac.th/Services/our-games,pipeline:structured_game_detail,games/game_detail_lookup,100.0,True,1.7496,0,,,
MB-0221-G-133,games,psu_fact,Super Mario Odyssey คือเกมอะไร,Super Mario Odyssey: Super Mario Odyssey คือเกมผจญภัย 3D ที่ Mario สำรวจโลกต่าง ๆ และเก็บ Power Moon แนวเกม: เกม Platformer 3D วิธีเล่นโดยสรุป: วิ่ง กระโดด ใช้หมวก Cappy จับ/ควบคุมบางสิ่ง และสำรวจฉากเพื่อเก็บเป้าหมาย เล่นได้ที่: Nintendo Switch Zone แหล่งข้อมูล: https://esports.phuket.psu.ac.th/Services/our-games,pipeline:structured_game_detail,games/game_availability_lookup,100.0,True,1.6093,0,,,
MB-0222-G-134,games,psu_fact,Super Mario Odyssey เล่นได้ที่ไหน,"ได้ครับ Super Mario Odyssey เล่นได้ที่ Nintendo Switch Zone - Nintendo Switch (1-2 Persons), Nintendo Switch Zone - Nintendo Switch (1-4 Persons) แหล่งข้อมูล: https://esports.computing.psu.ac.th/",pipeline:structured_service_game_availability,games/game_availability_lookup,100.0,True,1.403,0,,,
MB-0223-G-135,games,psu_fact,Super Mario Odyssey เล่นยังไง,Super Mario Odyssey: Super Mario Odyssey คือเกมผจญภัย 3D ที่ Mario สำรวจโลกต่าง ๆ และเก็บ Power Moon แนวเกม: เกม Platformer 3D วิธีเล่นโดยสรุป: วิ่ง กระโดด ใช้หมวก Cappy จับ/ควบคุมบางสิ่ง และสำรวจฉากเพื่อเก็บเป้าหมาย เล่นได้ที่: Nintendo Switch Zone แหล่งข้อมูล: https://esports.phuket.psu.ac.th/Services/our-games,pipeline:structured_game_detail,games/game_detail_lookup,100.0,True,1.336,0,,,
MB-0224-G-136,games,psu_fact,Super Mario Odyssey เป็นเกมแนวไหน,Super Mario Odyssey: Super Mario Odyssey คือเกมผจญภัย 3D ที่ Mario สำรวจโลกต่าง ๆ และเก็บ Power Moon แนวเกม: เกม Platformer 3D วิธีเล่นโดยสรุป: วิ่ง กระโดด ใช้หมวก Cappy จับ/ควบคุมบางสิ่ง และสำรวจฉากเพื่อเก็บเป้าหมาย เล่นได้ที่: Nintendo Switch Zone แหล่งข้อมูล: https://esports.phuket.psu.ac.th/Services/our-games,pipeline:structured_game_detail,games/game_detail_lookup,100.0,True,1.6088,0,,,
MB-0225-G-137,games,psu_fact,The Legend of Zelda: Breath of the Wild คือเกมอะไร,The Legend of Zelda: Breath of The Wild: The Legend of Zelda: Breath of the Wild คือเกมผจญภัยโลกเปิดที่ให้ผู้เล่นสำรวจ ต่อสู้ แก้ปริศนา และทดลองวิธีผ่านสถานการณ์ต่าง ๆ แนวเกม: เกม Open-world Adventure วิธีเล่นโดยสรุป: สำรวจแผนที่ เก็บอาวุธ/อาหาร แก้ shrine ต่อสู้ และเลือกเส้นทางการผจญภัยเองได้มาก เล่นได้ที่: Nintendo Switch Zone แหล่งข้อมูล: https://esports.phuket.psu.ac.th/Services/our-games,pipeline:structured_game_detail,games/game_availability_lookup,100.0,True,2.0315,0,,,
MB-0226-G-138,games,psu_fact,The Legend of Zelda: Breath of the Wild เล่นได้ที่ไหน,"ได้ครับ The Legend of Zelda: Breath of The Wild เล่นได้ที่ Nintendo Switch Zone - Nintendo Switch (1-2 Persons), Nintendo Switch Zone - Nintendo Switch (1-4 Persons) แหล่งข้อมูล: https://esports.computing.psu.ac.th/",pipeline:structured_service_game_availability,games/game_availability_lookup,100.0,True,1.9182,0,,,
MB-0227-G-139,games,psu_fact,The Legend of Zelda: Breath of the Wild เล่นยังไง,The Legend of Zelda: Breath of The Wild: The Legend of Zelda: Breath of the Wild คือเกมผจญภัยโลกเปิดที่ให้ผู้เล่นสำรวจ ต่อสู้ แก้ปริศนา และทดลองวิธีผ่านสถานการณ์ต่าง ๆ แนวเกม: เกม Open-world Adventure วิธีเล่นโดยสรุป: สำรวจแผนที่ เก็บอาวุธ/อาหาร แก้ shrine ต่อสู้ และเลือกเส้นทางการผจญภัยเองได้มาก เล่นได้ที่: Nintendo Switch Zone แหล่งข้อมูล: https://esports.phuket.psu.ac.th/Services/our-games,pipeline:structured_game_detail,games/game_detail_lookup,100.0,True,1.7494,0,,,
MB-0228-G-140,games,psu_fact,The Legend of Zelda: Breath of the Wild เป็นเกมแนวไหน,The Legend of Zelda: Breath of The Wild: The Legend of Zelda: Breath of the Wild คือเกมผจญภัยโลกเปิดที่ให้ผู้เล่นสำรวจ ต่อสู้ แก้ปริศนา และทดลองวิธีผ่านสถานการณ์ต่าง ๆ แนวเกม: เกม Open-world Adventure วิธีเล่นโดยสรุป: สำรวจแผนที่ เก็บอาวุธ/อาหาร แก้ shrine ต่อสู้ และเลือกเส้นทางการผจญภัยเองได้มาก เล่นได้ที่: Nintendo Switch Zone แหล่งข้อมูล: https://esports.phuket.psu.ac.th/Services/our-games,pipeline:structured_game_detail,games/game_detail_lookup,100.0,True,2.0878,0,,,
MB-0229-G-141,games,psu_fact,Little Nightmares II คือเกมอะไร,Little Nightmares II: Little Nightmares II คือเกมผจญภัยบรรยากาศสยองที่เน้นการหลบหนี แก้ปริศนา และผ่านฉากอันตราย แนวเกม: เกม Puzzle Platform / Horror วิธีเล่นโดยสรุป: เดิน สำรวจ หลบศัตรู ใช้สิ่งของในฉากแก้ปริศนา และหาจังหวะผ่านอุปสรรค เล่นได้ที่: Nintendo Switch Zone แหล่งข้อมูล: https://esports.phuket.psu.ac.th/Services/our-games,pipeline:structured_game_detail,games/game_availability_lookup,100.0,True,1.8224,0,,,
MB-0230-G-142,games,psu_fact,Little Nightmares II เล่นได้ที่ไหน,"ได้ครับ Little Nightmares II เล่นได้ที่ Nintendo Switch Zone - Nintendo Switch (1-2 Persons), Nintendo Switch Zone - Nintendo Switch (1-4 Persons) แหล่งข้อมูล: https://esports.computing.psu.ac.th/",pipeline:structured_service_game_availability,games/game_availability_lookup,100.0,True,1.6021,0,,,
MB-0231-G-143,games,psu_fact,Little Nightmares II เล่นยังไง,Little Nightmares II: Little Nightmares II คือเกมผจญภัยบรรยากาศสยองที่เน้นการหลบหนี แก้ปริศนา และผ่านฉากอันตราย แนวเกม: เกม Puzzle Platform / Horror วิธีเล่นโดยสรุป: เดิน สำรวจ หลบศัตรู ใช้สิ่งของในฉากแก้ปริศนา และหาจังหวะผ่านอุปสรรค เล่นได้ที่: Nintendo Switch Zone แหล่งข้อมูล: https://esports.phuket.psu.ac.th/Services/our-games,pipeline:structured_game_detail,games/game_detail_lookup,100.0,True,1.457,0,,,
MB-0232-G-144,games,psu_fact,Little Nightmares II เป็นเกมแนวไหน,Little Nightmares II: Little Nightmares II คือเกมผจญภัยบรรยากาศสยองที่เน้นการหลบหนี แก้ปริศนา และผ่านฉากอันตราย แนวเกม: เกม Puzzle Platform / Horror วิธีเล่นโดยสรุป: เดิน สำรวจ หลบศัตรู ใช้สิ่งของในฉากแก้ปริศนา และหาจังหวะผ่านอุปสรรค เล่นได้ที่: Nintendo Switch Zone แหล่งข้อมูล: https://esports.phuket.psu.ac.th/Services/our-games,pipeline:structured_game_detail,games/game_detail_lookup,100.0,True,1.6178,0,,,
MB-0233-G-145,games,psu_fact,มีเกมทั้งหมดกี่เกม,ตอนนี้มีเกมที่ยืนยันได้ทั้งหมด 42 เกมครับ PC Zone (6 เกม) • Call of Duty: Warzone • Counter-Strike 2 • League of Legends • PUBG: BATTLEGROUNDS • TEKKEN 8 • VALORANT PlayStation 5 Zone (17 เกม) • Call of Duty: Modern Warfare III • Delta Force • EA Sports FC 24 • eFootball • FINAL FANTASY XVI • Fortnite • God of War Ragnarok • Hogwarts Legacy • Marvel's Spider-Man 2 • NARUTO X BORUTO Ultimate Ninja Storm Connections • Resident Evil 4 • Resident Evil Village • TEKKEN 8 • THE FINALS • The Last of Us Part I • The Last of Us Part II (Remastered) • Uncharted: Legacy of Thieves Collection Nintendo Switch Zone (17 เกม) • Animal Crossing: New Horizons • It Takes Two • Little Nightmares II • Luigi's Ma,pipeline:structured_games_catalog,games/list,100.0,True,1.2531,0,,,
MB-0234-G-146,games,psu_fact,ตอนนี้มีเกมอะไรบ้าง,ตอนนี้มีเกมที่ยืนยันได้ทั้งหมด 42 เกมครับ PC Zone (6 เกม) • Call of Duty: Warzone • Counter-Strike 2 • League of Legends • PUBG: BATTLEGROUNDS • TEKKEN 8 • VALORANT PlayStation 5 Zone (17 เกม) • Call of Duty: Modern Warfare III • Delta Force • EA Sports FC 24 • eFootball • FINAL FANTASY XVI • Fortnite • God of War Ragnarok • Hogwarts Legacy • Marvel's Spider-Man 2 • NARUTO X BORUTO Ultimate Ninja Storm Connections • Resident Evil 4 • Resident Evil Village • TEKKEN 8 • THE FINALS • The Last of Us Part I • The Last of Us Part II (Remastered) • Uncharted: Legacy of Thieves Collection Nintendo Switch Zone (17 เกม) • Animal Crossing: New Horizons • It Takes Two • Little Nightmares II • Luigi's Ma,pipeline:structured_games_catalog,games/list,100.0,True,1.4672,0,,,
MB-0235-G-147,games,psu_fact,PC มีเกมอะไรบ้าง,"PC Zone แยกรายการเกมตามเลขเครื่องดังนี้ PC #01-#02 (60 นาที, 1 คน) • TEKKEN 8 • Counter-Strike 2 • League of Legends • PUBG: BATTLEGROUNDS • VALORANT หมายเหตุ: PC #01-#02 มี TEKKEN 8 แต่ไม่มี Call of Duty: Warzone หมายเหตุ: PC #01-#02 และ PC #03-#10 มี Counter-Strike 2, League of Legends, PUBG: BATTLEGROUNDS, VALORANT เหมือนกัน PC #03-#10 (60 นาที, 1 คน) • Call of Duty: Warzone • Counter-Strike 2 • League of Legends • PUBG: BATTLEGROUNDS • VALORANT หมายเหตุ: PC #03-#10 มี Call of Duty: Warzone แต่ไม่มี TEKKEN 8 หมายเหตุ: PC #01-#02 และ PC #03-#10 มี Counter-Strike 2, League of Legends, PUBG: BATTLEGROUNDS, VALORANT เหมือนกัน แหล่งข้อมูล: https://esports.computing.psu.ac.th/",pipeline:structured_service_game_availability,games/list,100.0,True,0.2393,0,,,
MB-0236-G-148,games,psu_fact,PS5 มีเกมอะไรบ้าง,"PlayStation 5 Zone มีเกมที่ยืนยันได้ดังนี้ PlayStation 5 #01-#02 (60 นาที, 1-2 คน) • Call of Duty: Modern Warfare III • Delta Force • EA Sports FC 24 • eFootball • FINAL FANTASY XVI • Fortnite • God of War Ragnarok • Hogwarts Legacy • Marvel's Spider-Man 2 • NARUTO X BORUTO Ultimate Ninja Storm Connections • Resident Evil 4 • Resident Evil Village • TEKKEN 8 • THE FINALS • The Last of Us Part I • The Last of Us Part II (Remastered) • Uncharted: Legacy of Thieves Collection หมายเหตุ: PlayStation 5 #01 และ #02 ใช้รายการเกมเดียวกัน แหล่งข้อมูล: https://esports.computing.psu.ac.th/",pipeline:structured_service_game_availability,games/list,100.0,True,0.2657,0,,,
MB-0237-G-149,games,psu_fact,Nintendo Switch มีเกมอะไรบ้าง,"Nintendo Switch Zone มีเกมที่ยืนยันได้ดังนี้ Nintendo Switch (1-2 Persons) (60 นาที, 1-2 คน) • Pokémon Champions • Animal Crossing: New Horizons • It Takes Two • Little Nightmares II • Luigi's Mansion 3 • Mario Kart 8 Deluxe • Mario Party Superstars • Monster Hunter Rise • Moving Out 2 • New Super Mario Bros. U Deluxe • Nintendo Switch Sports • Overcooked! • Overcooked! 2 • Ring Fit Adventure • Super Mario Odyssey • Super Smash Bros Ultimate • The Legend of Zelda: Breath of The Wild หมายเหตุ: Nintendo Switch แบบ 1-2 Persons และ 1-4 Persons ใช้รายการเกมเดียวกัน Nintendo Switch (1-4 Persons) (60 นาที, 1-4 คน) • Pokémon Champions • Animal Crossing: New Horizons • It Takes Two • Little Nightmare",pipeline:structured_service_game_availability,games/list,100.0,True,0.3436,0,,,
MB-0238-G-150,games,psu_fact,VR มีเกมอะไรบ้าง,"VR Station มีเกมที่ยืนยันได้ดังนี้ (รอบ 30 นาทีและ 1 ชั่วโมงใช้รายการเกมเดียวกัน) VR Station 30 นาที (30 นาที, 1-5 คน) • Beat Saber • Horizon Call of the Mountain • Resident Evil 4 • Resident Evil Village หมายเหตุ: VR Station แบบ 30 นาทีและ 1 ชั่วโมงใช้รายการเกมเดียวกัน แหล่งข้อมูล: https://esports.computing.psu.ac.th/",pipeline:structured_service_game_availability,games/list,100.0,True,0.2547,0,,,
MB-0239-G-151,games,psu_fact,Cockpit มีเกมอะไรบ้าง,"Cockpit Zone มีเกมที่ยืนยันได้ดังนี้ Cockpit #01-#02 (60 นาที, 1 คน) • Gran Turismo 7 หมายเหตุ: Cockpit มี 2 เครื่อง และใช้รายการเกมเดียวกัน แหล่งข้อมูล: https://esports.computing.psu.ac.th/",pipeline:structured_service_game_availability,games/list,100.0,True,0.3125,0,,,
MB-0240-G-152,games,psu_fact,อุปกรณ์ไหนเกมเยอะสุด,ยังไม่พบข้อมูลที่ยืนยันได้ในฐานข้อมูลของ PSU Esports Studio - Phuket สำหรับหมวด equipment ตอนนี้ครับ,pipeline:no_answer,equipment/list,56.0,False,20.4899,0,,category_mismatch:equipment | missing_any:เกม|Zone|TEKKEN|Mario|Gran Turismo,
MB-0241-G-153,games,psu_fact,เกมไหนเล่นได้หลายโซน,"บริการที่ถาม มีเกมที่ยืนยันได้ดังนี้ PC #01-#02 (60 นาที, 1 คน) • TEKKEN 8 • Counter-Strike 2 • League of Legends • PUBG: BATTLEGROUNDS • VALORANT หมายเหตุ: PC #01-#02 มี TEKKEN 8 แต่ไม่มี Call of Duty: Warzone หมายเหตุ: PC #01-#02 และ PC #03-#10 มี Counter-Strike 2, League of Legends, PUBG: BATTLEGROUNDS, VALORANT เหมือนกัน PC #03-#10 (60 นาที, 1 คน) • Call of Duty: Warzone • Counter-Strike 2 • League of Legends • PUBG: BATTLEGROUNDS • VALORANT หมายเหตุ: PC #03-#10 มี Call of Duty: Warzone แต่ไม่มี TEKKEN 8 หมายเหตุ: PC #01-#02 และ PC #03-#10 มี Counter-Strike 2, League of Legends, PUBG: BATTLEGROUNDS, VALORANT เหมือนกัน PlayStation 5 #01-#02 (60 นาที, 1-2 คน) • Call of Duty: Modern Warfare",pipeline:structured_service_game_availability,games/list,100.0,True,1.629,0,,,
MB-0242-G-154,games,psu_fact,เกมแข่งรถมีอะไรบ้าง,เกมแนว Racing / เกมแข่งรถ ที่พบในรายการเกมที่ยืนยันได้: Gran Turismo 7 • แนวเกม: เกมแข่งรถ / Driving Simulator • เล่นได้ที่: Cockpit Zone Mario Kart 8 Deluxe • แนวเกม: เกมแข่งรถ Party Racing • เล่นได้ที่: Nintendo Switch Zone แหล่งข้อมูล: https://esports.phuket.psu.ac.th/Services/our-games,pipeline:structured_games_genre_list,games/list,100.0,True,1.2831,0,,,
MB-0243-G-155,games,psu_fact,เกมยิงมีอะไรบ้าง,เกมแนว FPS / เกมยิง ที่พบในรายการเกมที่ยืนยันได้: Call of Duty: Modern Warfare III • แนวเกม: เกมยิง FPS • เล่นได้ที่: PlayStation 5 Zone Call of Duty: Warzone • แนวเกม: เกมยิง Battle Royale • เล่นได้ที่: PC Zone Counter-Strike 2 • แนวเกม: เกมยิง Tactical FPS • เล่นได้ที่: PC Zone VALORANT • แนวเกม: เกมยิง Tactical FPS แบบทีม 5v5 • เล่นได้ที่: PC Zone แหล่งข้อมูล: https://esports.phuket.psu.ac.th/Services/our-games,pipeline:structured_games_genre_list,games/list,100.0,True,1.1953,0,,,
MB-0244-G-156,games,psu_fact,เกมปาร์ตี้มีอะไรบ้าง,เกมแนว Party / Co-op ที่พบในรายการเกมที่ยืนยันได้: It Takes Two • แนวเกม: เกม Co-op Adventure • เล่นได้ที่: Nintendo Switch Zone Mario Kart 8 Deluxe • แนวเกม: เกมแข่งรถ Party Racing • เล่นได้ที่: Nintendo Switch Zone Mario Party Superstars • แนวเกม: เกม Party / Mini-games • เล่นได้ที่: Nintendo Switch Zone Moving Out 2 • แนวเกม: เกม Co-op Puzzle / Party • เล่นได้ที่: Nintendo Switch Zone Overcooked! 2 • แนวเกม: เกม Co-op ทำอาหาร • เล่นได้ที่: Nintendo Switch Zone แหล่งข้อมูล: https://esports.phuket.psu.ac.th/Services/our-games,pipeline:structured_games_genre_list,games/list,100.0,True,1.2173,0,,,
MB-0245-G-157,games,psu_fact,Over cook มีเกมไหม,พบเกมที่เกี่ยวข้องกับ Overcooked ในรายการที่ยืนยันได้ครับ • Overcooked!: เล่นได้ที่ Nintendo Switch Zone • Overcooked! 2: เล่นได้ที่ Nintendo Switch Zone แหล่งข้อมูล: https://esports.phuket.psu.ac.th/Services/our-games,pipeline:structured_games_family,games/list,100.0,True,1.2548,0,,,
MB-0246-G-158,games,psu_fact,Tekken 8 มีในเครื่องไหน,"ได้ครับ TEKKEN 8 เล่นได้ที่ PC Zone - PC #01-#02, PlayStation 5 Zone - PlayStation 5 #01-#02 แหล่งข้อมูล: https://esports.computing.psu.ac.th/",pipeline:structured_service_game_availability,games/game_availability_lookup,100.0,True,1.3614,0,,,
MB-0247-GC-001,game_controls,psu_fact,Animal Crossing: New Horizons ปุ่มทั้งหมดมีอะไรบ้าง,Animal Crossing: New Horizons มีข้อมูลปุ่มควบคุมดังนี้: Nintendo Switch • L (Left Stick): เคลื่อนที่ - บังคับทิศทางการเดินของตัวละคร • R (Right Stick): มุมกล้อง - ปรับมุมมองกล้อง ขึ้นหรือลง • A: โต้ตอบ / ใช้ไอเทม / ย้ายเฟอร์นิเจอร์ (กดค้าง) - โต้ตอบกับสิ่งแวดล้อม คุยกับ NPC ใช้ไอเทม และกดค้างเพื่อย้ายเฟอร์นิเจอร์ • B: ยกเลิก - ยกเลิกคำสั่งหรือออกจากเมนู • X: กระเป๋าช่องเก็บของ - เปิดหน้าต่างช่องเก็บของที่พกติดตัว • Y: หยิบไอเทม - หยิบไอเทมที่อยู่บนพื้น • D-Pad Up: วงล้อเครื่องมือ - เปิดเมนูวงล้อเพื่อเลือกหยิบเครื่องมืออย่างรวดเร็ว • D-Pad Left / Right: สลับเครื่องมือ - สลับไปถือเครื่องมือชิ้นอื่นในกระเป๋าซ้ายหรือขวา • D-Pad Down: เก็บเครื่องมือ - เก็บเครื่องมือในมือลงกระเป๋าทันที • ZL: สมาร์,pipeline:structured_game_controls,games/game_control_lookup,100.0,True,3.7343,0,,,
MB-0248-GC-002,game_controls,psu_fact,Animal Crossing: New Horizons ใช้จอยยังไง,Animal Crossing: New Horizons มีข้อมูลปุ่มควบคุมดังนี้: Nintendo Switch • L (Left Stick): เคลื่อนที่ - บังคับทิศทางการเดินของตัวละคร • R (Right Stick): มุมกล้อง - ปรับมุมมองกล้อง ขึ้นหรือลง • A: โต้ตอบ / ใช้ไอเทม / ย้ายเฟอร์นิเจอร์ (กดค้าง) - โต้ตอบกับสิ่งแวดล้อม คุยกับ NPC ใช้ไอเทม และกดค้างเพื่อย้ายเฟอร์นิเจอร์ • B: ยกเลิก - ยกเลิกคำสั่งหรือออกจากเมนู • X: กระเป๋าช่องเก็บของ - เปิดหน้าต่างช่องเก็บของที่พกติดตัว • Y: หยิบไอเทม - หยิบไอเทมที่อยู่บนพื้น • D-Pad Up: วงล้อเครื่องมือ - เปิดเมนูวงล้อเพื่อเลือกหยิบเครื่องมืออย่างรวดเร็ว • D-Pad Left / Right: สลับเครื่องมือ - สลับไปถือเครื่องมือชิ้นอื่นในกระเป๋าซ้ายหรือขวา • D-Pad Down: เก็บเครื่องมือ - เก็บเครื่องมือในมือลงกระเป๋าทันที • ZL: สมาร์,pipeline:structured_game_controls,games/game_control_lookup,100.0,True,0.3605,0,,,
MB-0249-GC-003,game_controls,psu_fact,Animal Crossing: New Horizons ปุ่มเคลื่อนที่กดอะไร,Animal Crossing: New Horizons ปุ่มที่ตรงกับคำถาม: Nintendo Switch • L (Left Stick): เคลื่อนที่ - บังคับทิศทางการเดินของตัวละคร แหล่งข้อมูล: https://gameinputdatabase.com/game/66,pipeline:structured_game_controls,games/game_control_lookup,100.0,True,0.4719,0,,,
MB-0250-GC-004,game_controls,psu_fact,Animal Crossing: New Horizons ปุ่มมุมกล้องกดอะไร,Animal Crossing: New Horizons ปุ่มที่ตรงกับคำถาม: Nintendo Switch • R (Right Stick): มุมกล้อง - ปรับมุมมองกล้อง ขึ้นหรือลง แหล่งข้อมูล: https://gameinputdatabase.com/game/66,pipeline:structured_game_controls,games/game_control_lookup,100.0,True,0.4262,0,,,
MB-0251-GC-005,game_controls,psu_fact,Beat Saber ปุ่มทั้งหมดมีอะไรบ้าง,Beat Saber มีข้อมูลปุ่มควบคุมดังนี้: PlayStation VR2 / PS5 • Left PS VR2 Sense controller motion: ฟันบล็อกด้วยดาบมือซ้าย - ใช้การขยับคอนโทรลเลอร์ฝั่งซ้ายเพื่อฟันบล็อกตามจังหวะเพลง โดยอิงจากหลักการเล่น Beat Saber ที่ให้ผู้เล่นฟัน beat ใน VR • Right PS VR2 Sense controller motion: ฟันบล็อกด้วยดาบมือขวา - ใช้การขยับคอนโทรลเลอร์ฝั่งขวาเพื่อฟันบล็อกตามจังหวะเพลง โดยอิงจากหลักการเล่น Beat Saber ที่ให้ผู้เล่นฟัน beat ใน VR • Head/body movement: หลบและจัดตำแหน่งร่างกาย - เป็นข้อมูลวิธีเล่นระดับภาพรวมจากแหล่งทางการ ไม่ใช่ผังคีย์ละเอียดรายปุ่ม แหล่งข้อมูล: https://www.playstation.com/en-us/games/beat-saber/,pipeline:structured_game_controls,games/game_control_lookup,100.0,True,3.4817,0,,,
MB-0252-GC-006,game_controls,psu_fact,Beat Saber ใช้จอยยังไง,Beat Saber มีข้อมูลปุ่มควบคุมดังนี้: PlayStation VR2 / PS5 • Left PS VR2 Sense controller motion: ฟันบล็อกด้วยดาบมือซ้าย - ใช้การขยับคอนโทรลเลอร์ฝั่งซ้ายเพื่อฟันบล็อกตามจังหวะเพลง โดยอิงจากหลักการเล่น Beat Saber ที่ให้ผู้เล่นฟัน beat ใน VR • Right PS VR2 Sense controller motion: ฟันบล็อกด้วยดาบมือขวา - ใช้การขยับคอนโทรลเลอร์ฝั่งขวาเพื่อฟันบล็อกตามจังหวะเพลง โดยอิงจากหลักการเล่น Beat Saber ที่ให้ผู้เล่นฟัน beat ใน VR • Head/body movement: หลบและจัดตำแหน่งร่างกาย - เป็นข้อมูลวิธีเล่นระดับภาพรวมจากแหล่งทางการ ไม่ใช่ผังคีย์ละเอียดรายปุ่ม แหล่งข้อมูล: https://www.playstation.com/en-us/games/beat-saber/,pipeline:structured_game_controls,games/game_control_lookup,100.0,True,0.2637,0,,,
MB-0253-GC-007,game_controls,psu_fact,Beat Saber ปุ่มฟันบล็อกด้วยดาบมือซ้ายกดอะไร,Beat Saber ปุ่มที่ตรงกับคำถาม: PlayStation VR2 / PS5 • Left PS VR2 Sense controller motion: ฟันบล็อกด้วยดาบมือซ้าย - ใช้การขยับคอนโทรลเลอร์ฝั่งซ้ายเพื่อฟันบล็อกตามจังหวะเพลง โดยอิงจากหลักการเล่น Beat Saber ที่ให้ผู้เล่นฟัน beat ใน VR • Right PS VR2 Sense controller motion: ฟันบล็อกด้วยดาบมือขวา - ใช้การขยับคอนโทรลเลอร์ฝั่งขวาเพื่อฟันบล็อกตามจังหวะเพลง โดยอิงจากหลักการเล่น Beat Saber ที่ให้ผู้เล่นฟัน beat ใน VR แหล่งข้อมูล: https://www.playstation.com/en-us/games/beat-saber/,pipeline:structured_game_controls,games/game_control_lookup,100.0,True,0.4586,0,,,
MB-0254-GC-008,game_controls,psu_fact,Beat Saber ปุ่มฟันบล็อกด้วยดาบมือขวากดอะไร,Beat Saber ปุ่มที่ตรงกับคำถาม: PlayStation VR2 / PS5 • Left PS VR2 Sense controller motion: ฟันบล็อกด้วยดาบมือซ้าย - ใช้การขยับคอนโทรลเลอร์ฝั่งซ้ายเพื่อฟันบล็อกตามจังหวะเพลง โดยอิงจากหลักการเล่น Beat Saber ที่ให้ผู้เล่นฟัน beat ใน VR • Right PS VR2 Sense controller motion: ฟันบล็อกด้วยดาบมือขวา - ใช้การขยับคอนโทรลเลอร์ฝั่งขวาเพื่อฟันบล็อกตามจังหวะเพลง โดยอิงจากหลักการเล่น Beat Saber ที่ให้ผู้เล่นฟัน beat ใน VR แหล่งข้อมูล: https://www.playstation.com/en-us/games/beat-saber/,pipeline:structured_game_controls,games/game_control_lookup,100.0,True,0.4318,0,,,
MB-0255-GC-009,game_controls,psu_fact,Call of Duty: Modern Warfare III ปุ่มทั้งหมดมีอะไรบ้าง,Call of Duty: Modern Warfare III มีข้อมูลปุ่มควบคุมดังนี้: PlayStation / PS5 • L1: กระโดด / ปีนป่าย - กระโดดข้ามสิ่งกีดขวาง (จุดเด่นของ Bumper Jumper) • R3: เปลี่ยนท่า / สไลด์ / พุ่งหลบ - กดหรือกดค้างขณะวิ่งเพื่อสไลด์หรือพุ่ง (จุดเด่นของ Tactical) • Cross: ใช้อุปกรณ์ยุทธวิธี - ปาระเบิดแฟลชหรือสตัน • Circle: โจมตีประชิด - ใช้มีดฟันหรือพานท้ายปืนทุบศัตรู • L2: เล็งผ่านศูนย์เล็ง - กดค้างเพื่อยกปืนเล็ง • R2: ยิงอาวุธ - กดยิงปืน • R1: ใช้อุปกรณ์ทำลายล้าง - ขว้างระเบิดมือ ระเบิดเพลิง หรือมีดขว้าง • Square: โต้ตอบ / รีโหลด - เปลี่ยนกระสุนปืนหรือเก็บไอเทม • Triangle: สลับอาวุธ - สลับปืนหลักและปืนรอง • L3: วิ่ง / กลั้นหายใจ - กดเพื่อวิ่งเร็วขึ้น หรือกลั้นหายใจนิ่ง ๆ ตอนเล็งสไนเปอร์ แหล่งข้อมูล: https,pipeline:structured_game_controls,games/game_control_lookup,100.0,True,0.4721,0,,,
MB-0256-GC-010,game_controls,psu_fact,Call of Duty: Modern Warfare III ใช้จอยยังไง,Call of Duty: Modern Warfare III มีข้อมูลปุ่มควบคุมดังนี้: PlayStation / PS5 • L1: กระโดด / ปีนป่าย - กระโดดข้ามสิ่งกีดขวาง (จุดเด่นของ Bumper Jumper) • R3: เปลี่ยนท่า / สไลด์ / พุ่งหลบ - กดหรือกดค้างขณะวิ่งเพื่อสไลด์หรือพุ่ง (จุดเด่นของ Tactical) • Cross: ใช้อุปกรณ์ยุทธวิธี - ปาระเบิดแฟลชหรือสตัน • Circle: โจมตีประชิด - ใช้มีดฟันหรือพานท้ายปืนทุบศัตรู • L2: เล็งผ่านศูนย์เล็ง - กดค้างเพื่อยกปืนเล็ง • R2: ยิงอาวุธ - กดยิงปืน • R1: ใช้อุปกรณ์ทำลายล้าง - ขว้างระเบิดมือ ระเบิดเพลิง หรือมีดขว้าง • Square: โต้ตอบ / รีโหลด - เปลี่ยนกระสุนปืนหรือเก็บไอเทม • Triangle: สลับอาวุธ - สลับปืนหลักและปืนรอง • L3: วิ่ง / กลั้นหายใจ - กดเพื่อวิ่งเร็วขึ้น หรือกลั้นหายใจนิ่ง ๆ ตอนเล็งสไนเปอร์ แหล่งข้อมูล: https,pipeline:structured_game_controls,games/game_control_lookup,100.0,True,0.4339,0,,,
MB-0257-GC-011,game_controls,psu_fact,Call of Duty: Modern Warfare III ปุ่มกระโดด / ปีนป่ายกดอะไร,Call of Duty: Modern Warfare III ปุ่มที่ตรงกับคำถาม: PlayStation / PS5 • L1: กระโดด / ปีนป่าย - กระโดดข้ามสิ่งกีดขวาง (จุดเด่นของ Bumper Jumper) แหล่งข้อมูล: https://www.gamepur.com/guides/best-modern-warfare-3-controller-settings-aim-assist-deadzones-button-layout,pipeline:structured_game_controls,games/game_control_lookup,100.0,True,0.4718,0,,,
MB-0258-GC-012,game_controls,psu_fact,Call of Duty: Modern Warfare III ปุ่มเปลี่ยนท่า / สไลด์ / พุ่งหลบกดอะไร,Call of Duty: Modern Warfare III ปุ่มที่ตรงกับคำถาม: PlayStation / PS5 • R3: เปลี่ยนท่า / สไลด์ / พุ่งหลบ - กดหรือกดค้างขณะวิ่งเพื่อสไลด์หรือพุ่ง (จุดเด่นของ Tactical) แหล่งข้อมูล: https://www.gamepur.com/guides/best-modern-warfare-3-controller-settings-aim-assist-deadzones-button-layout,pipeline:structured_game_controls,games/game_control_lookup,100.0,True,0.5791,0,,,
MB-0259-GC-013,game_controls,psu_fact,Call of Duty: Warzone ปุ่มทั้งหมดมีอะไรบ้าง,Call of Duty: Warzone มีข้อมูลปุ่มควบคุมดังนี้: PlayStation / PS5 • Cross: กระโดด / ปีนป่าย - กระโดด หรือปีนข้ามสิ่งกีดขวาง • Circle: ย่อตัว / หมอบ / สไลด์ - กดเปลี่ยนท่าทาง หรือกดขณะวิ่งเพื่อสไลด์เข่า • Square: โต้ตอบ / รีโหลด - เก็บของ เปิดกล่อง ฟาร์มไอเทม หรือรีโหลดกระสุน • Triangle: สลับอาวุธ - สลับเปลี่ยนปืน • D-Pad: คำสั่งเฉพาะโหมด - คำสั่งเสริมตามโหมดการเล่น เช่น ปิง หรือ คิลสตรีค • Touch Pad: ตารางคะแนน / แผนที่ - เปิดตารางคะแนนและแผนที่ยุทธวิธี • Options: เมนูหลัก - เปิดเมนูตั้งค่าและหยุดเกม • L1: ใช้อุปกรณ์ยุทธวิธี - ใช้งานระเบิดควัน แฟลช หรืออุปกรณ์สายสนับสนุน • R1: ใช้อุปกรณ์ทำลายล้าง - ใช้งานระเบิดทำลายล้างต่าง ๆ • L2: เล็งปืน (ADS) - ยกปืนเล็งศูนย์ • R2: ยิง - ลั่นไกปืน • L3: ว,pipeline:structured_game_controls,games/game_control_lookup,100.0,True,0.3981,0,,,
MB-0260-GC-014,game_controls,psu_fact,Call of Duty: Warzone ใช้จอยยังไง,Call of Duty: Warzone มีข้อมูลปุ่มควบคุมดังนี้: PlayStation / PS5 • Cross: กระโดด / ปีนป่าย - กระโดด หรือปีนข้ามสิ่งกีดขวาง • Circle: ย่อตัว / หมอบ / สไลด์ - กดเปลี่ยนท่าทาง หรือกดขณะวิ่งเพื่อสไลด์เข่า • Square: โต้ตอบ / รีโหลด - เก็บของ เปิดกล่อง ฟาร์มไอเทม หรือรีโหลดกระสุน • Triangle: สลับอาวุธ - สลับเปลี่ยนปืน • D-Pad: คำสั่งเฉพาะโหมด - คำสั่งเสริมตามโหมดการเล่น เช่น ปิง หรือ คิลสตรีค • Touch Pad: ตารางคะแนน / แผนที่ - เปิดตารางคะแนนและแผนที่ยุทธวิธี • Options: เมนูหลัก - เปิดเมนูตั้งค่าและหยุดเกม • L1: ใช้อุปกรณ์ยุทธวิธี - ใช้งานระเบิดควัน แฟลช หรืออุปกรณ์สายสนับสนุน • R1: ใช้อุปกรณ์ทำลายล้าง - ใช้งานระเบิดทำลายล้างต่าง ๆ • L2: เล็งปืน (ADS) - ยกปืนเล็งศูนย์ • R2: ยิง - ลั่นไกปืน • L3: ว,pipeline:structured_game_controls,games/game_control_lookup,100.0,True,0.327,0,,,
MB-0261-GC-015,game_controls,psu_fact,Call of Duty: Warzone ปุ่มกระโดด / ปีนป่ายกดอะไร,Call of Duty: Warzone ปุ่มที่ตรงกับคำถาม: PlayStation / PS5 • Cross: กระโดด / ปีนป่าย - กระโดด หรือปีนข้ามสิ่งกีดขวาง แหล่งข้อมูล: https://gameaccess.info/call-of-duty-warzone-battle-royale-mode-controls/,pipeline:structured_game_controls,games/game_control_lookup,100.0,True,0.4214,0,,,
MB-0262-GC-016,game_controls,psu_fact,Call of Duty: Warzone ปุ่มย่อตัว / หมอบ / สไลด์กดอะไร,Call of Duty: Warzone ปุ่มที่ตรงกับคำถาม: PlayStation / PS5 • Circle: ย่อตัว / หมอบ / สไลด์ - กดเปลี่ยนท่าทาง หรือกดขณะวิ่งเพื่อสไลด์เข่า แหล่งข้อมูล: https://gameaccess.info/call-of-duty-warzone-battle-royale-mode-controls/,pipeline:structured_game_controls,games/game_control_lookup,100.0,True,0.4519,0,,,
MB-0263-GC-017,game_controls,psu_fact,Counter-Strike 2 ปุ่มทั้งหมดมีอะไรบ้าง,"Counter-Strike 2 มีข้อมูลปุ่มควบคุมดังนี้: PC • W / A / S / D: เคลื่อนที่ - W เดินหน้า, A ไปซ้าย, S ถอยหลัง, D ไปขวา • Left Shift: เดินช้า - เดินแบบลดเสียงเท้า • Left Ctrl: ย่อตัว - ย่อตัว/ก้ม • Spacebar: กระโดด - กระโดด • E: ใช้งาน/โต้ตอบ - ใช้โต้ตอบ เช่น กู้ระเบิดหรือใช้งานวัตถุ • Left Mouse Button: ยิง - ยิงอาวุธ • Right Mouse Button: ยิง/เล็งแบบรอง - โหมดรองของอาวุธตามชนิดอาวุธ • R: รีโหลด - เปลี่ยนกระสุน • Q: สลับกลับอาวุธล่าสุด - กลับไปอาวุธที่ใช้ก่อนหน้า • G: ทิ้งอาวุธ - โยนอาวุธที่ถืออยู่ลงพื้น • B: เปิดเมนูซื้อของ - เปิดเมนูซื้ออาวุธ/อุปกรณ์ • 1 / 2 / 3: เลือกอาวุธ - 1 อาวุธหลัก, 2 อาวุธรอง, 3 มีด • 4: เลือก/วนระเบิด - เลือกกลุ่มระเบิด • Tab: ดูตารางคะแนน - เปิด scoreboard • Y / U: ",pipeline:structured_game_controls,games/game_control_lookup,100.0,True,0.3988,0,,,
MB-0264-GC-018,game_controls,psu_fact,Counter-Strike 2 ใช้จอยยังไง,"Counter-Strike 2 มีข้อมูลปุ่มควบคุมดังนี้: PC • W / A / S / D: เคลื่อนที่ - W เดินหน้า, A ไปซ้าย, S ถอยหลัง, D ไปขวา • Left Shift: เดินช้า - เดินแบบลดเสียงเท้า • Left Ctrl: ย่อตัว - ย่อตัว/ก้ม • Spacebar: กระโดด - กระโดด • E: ใช้งาน/โต้ตอบ - ใช้โต้ตอบ เช่น กู้ระเบิดหรือใช้งานวัตถุ • Left Mouse Button: ยิง - ยิงอาวุธ • Right Mouse Button: ยิง/เล็งแบบรอง - โหมดรองของอาวุธตามชนิดอาวุธ • R: รีโหลด - เปลี่ยนกระสุน • Q: สลับกลับอาวุธล่าสุด - กลับไปอาวุธที่ใช้ก่อนหน้า • G: ทิ้งอาวุธ - โยนอาวุธที่ถืออยู่ลงพื้น • B: เปิดเมนูซื้อของ - เปิดเมนูซื้ออาวุธ/อุปกรณ์ • 1 / 2 / 3: เลือกอาวุธ - 1 อาวุธหลัก, 2 อาวุธรอง, 3 มีด • 4: เลือก/วนระเบิด - เลือกกลุ่มระเบิด • Tab: ดูตารางคะแนน - เปิด scoreboard • Y / U: ",pipeline:structured_game_controls,games/game_control_lookup,100.0,True,0.3042,0,,,
MB-0265-GC-019,game_controls,psu_fact,Counter-Strike 2 ปุ่มเคลื่อนที่กดอะไร,"Counter-Strike 2 ปุ่มที่ตรงกับคำถาม: PC • W / A / S / D: เคลื่อนที่ - W เดินหน้า, A ไปซ้าย, S ถอยหลัง, D ไปขวา แหล่งข้อมูล: https://www.holy.gg/en/post/counter-strike-2-keyboard-mouse-controls-pc",pipeline:structured_game_controls,games/game_control_lookup,100.0,True,0.4975,0,,,
MB-0266-GC-020,game_controls,psu_fact,Counter-Strike 2 ปุ่มเดินช้ากดอะไร,Counter-Strike 2 ปุ่มที่ตรงกับคำถาม: PC • Left Shift: เดินช้า - เดินแบบลดเสียงเท้า แหล่งข้อมูล: https://www.holy.gg/en/post/counter-strike-2-keyboard-mouse-controls-pc,pipeline:structured_game_controls,games/game_control_lookup,100.0,True,0.4593,0,,,
MB-0267-GC-021,game_controls,psu_fact,EA Sports FC 24 ปุ่มทั้งหมดมีอะไรบ้าง,EA Sports FC 24 มีข้อมูลปุ่มควบคุมดังนี้: PlayStation / PS5 • Cross: ส่งบอลเลียด / โหม่ง - ส่งบอลสั้นเรียบไปกับพื้นให้เพื่อนร่วมทีม หรือใช้โหม่งส่งบอล • Square: ส่งบอลโด่ง / เปิดบอล / โหม่ง - โยนบอลยาวข้ามหัว เปิดบอลจากริมเส้น หรือโหม่งเคลียร์บอล • Triangle: จ่ายบอลทะลุช่อง - จ่ายบอลไปในพื้นที่ว่างให้เพื่อนวิ่งสอดขึ้นไปรับ • Circle: ยิงประตู / วอลเลย์ / โหม่ง - ง้างเท้ายิงประตู โหม่งทำประตู หรือวอลเลย์ • R1 + Cross: ส่งเลียดแบบพุ่งแรง - ส่งบอลเลียดพื้นด้วยความแรงและรวดเร็วกว่าปกติทะลุช่องว่าง • R1 + Circle: ยิงปั่นโค้ง - ยิงด้วยข้างเท้าด้านในเน้นทิศทางให้บอลไซด์โค้ง • L1 + Triangle: ยกบอลทะลุช่อง - ชิพบอลข้ามหัวกองหลังให้เพื่อนวิ่งไปเอาบอล • L1: เปลี่ยนตัวผู้เล่น - สลับการควบคุมไปยังนักเตะคน,pipeline:structured_game_controls,games/game_control_lookup,100.0,True,0.4826,0,,,
MB-0268-GC-022,game_controls,psu_fact,EA Sports FC 24 ใช้จอยยังไง,EA Sports FC 24 มีข้อมูลปุ่มควบคุมดังนี้: PlayStation / PS5 • Cross: ส่งบอลเลียด / โหม่ง - ส่งบอลสั้นเรียบไปกับพื้นให้เพื่อนร่วมทีม หรือใช้โหม่งส่งบอล • Square: ส่งบอลโด่ง / เปิดบอล / โหม่ง - โยนบอลยาวข้ามหัว เปิดบอลจากริมเส้น หรือโหม่งเคลียร์บอล • Triangle: จ่ายบอลทะลุช่อง - จ่ายบอลไปในพื้นที่ว่างให้เพื่อนวิ่งสอดขึ้นไปรับ • Circle: ยิงประตู / วอลเลย์ / โหม่ง - ง้างเท้ายิงประตู โหม่งทำประตู หรือวอลเลย์ • R1 + Cross: ส่งเลียดแบบพุ่งแรง - ส่งบอลเลียดพื้นด้วยความแรงและรวดเร็วกว่าปกติทะลุช่องว่าง • R1 + Circle: ยิงปั่นโค้ง - ยิงด้วยข้างเท้าด้านในเน้นทิศทางให้บอลไซด์โค้ง • L1 + Triangle: ยกบอลทะลุช่อง - ชิพบอลข้ามหัวกองหลังให้เพื่อนวิ่งไปเอาบอล • L1: เปลี่ยนตัวผู้เล่น - สลับการควบคุมไปยังนักเตะคน,pipeline:structured_game_controls,games/game_control_lookup,100.0,True,0.354,0,,,
MB-0269-GC-023,game_controls,psu_fact,EA Sports FC 24 ปุ่มส่งบอลเลียด / โหม่งกดอะไร,EA Sports FC 24 ปุ่มที่ตรงกับคำถาม: PlayStation / PS5 • Cross: ส่งบอลเลียด / โหม่ง - ส่งบอลสั้นเรียบไปกับพื้นให้เพื่อนร่วมทีม หรือใช้โหม่งส่งบอล • Square: ส่งบอลโด่ง / เปิดบอล / โหม่ง - โยนบอลยาวข้ามหัว เปิดบอลจากริมเส้น หรือโหม่งเคลียร์บอล • Circle: ยิงประตู / วอลเลย์ / โหม่ง - ง้างเท้ายิงประตู โหม่งทำประตู หรือวอลเลย์ • R1 + Cross: ส่งเลียดแบบพุ่งแรง - ส่งบอลเลียดพื้นด้วยความแรงและรวดเร็วกว่าปกติทะลุช่องว่าง • L2: บังบอล - หันหลังพิงและใช้ร่างกายบังบอลจากคู่ต่อสู้ • L2 (hold) + Direction: บังบอล / คุมเชิง - กดค้างเพื่อย่อตัวคุมเชิงในเกมรับ หรือพิงบังบอลขณะเลี้ยง แหล่งข้อมูล: https://fifauteam.com/fc-24-controls/,pipeline:structured_game_controls,games/game_control_lookup,100.0,True,0.5031,0,,,
MB-0270-GC-024,game_controls,psu_fact,EA Sports FC 24 ปุ่มส่งบอลโด่ง / เปิดบอล / โหม่งกดอะไร,EA Sports FC 24 ปุ่มที่ตรงกับคำถาม: PlayStation / PS5 • Cross: ส่งบอลเลียด / โหม่ง - ส่งบอลสั้นเรียบไปกับพื้นให้เพื่อนร่วมทีม หรือใช้โหม่งส่งบอล • Square: ส่งบอลโด่ง / เปิดบอล / โหม่ง - โยนบอลยาวข้ามหัว เปิดบอลจากริมเส้น หรือโหม่งเคลียร์บอล • Circle: ยิงประตู / วอลเลย์ / โหม่ง - ง้างเท้ายิงประตู โหม่งทำประตู หรือวอลเลย์ • L2: บังบอล - หันหลังพิงและใช้ร่างกายบังบอลจากคู่ต่อสู้ • L2 (hold) + Direction: บังบอล / คุมเชิง - กดค้างเพื่อย่อตัวคุมเชิงในเกมรับ หรือพิงบังบอลขณะเลี้ยง แหล่งข้อมูล: https://fifauteam.com/fc-24-controls/,pipeline:structured_game_controls,games/game_control_lookup,100.0,True,0.4698,0,,,
MB-0271-GC-025,game_controls,psu_fact,FINAL FANTASY XVI ปุ่มทั้งหมดมีอะไรบ้าง,FINAL FANTASY XVI มีข้อมูลปุ่มควบคุมดังนี้: PlayStation / PS5 • Left Stick: เคลื่อนที่ • Right Stick: ควบคุมมุมกล้อง • Square: โจมตีด้วยดาบ / โจมตีระยะประชิด • Triangle: โจมตีเวทมนตร์ • Cross: กระโดด • Circle: ใช้ Eikonic Feat • R1: หลบหลีก • R2: เปิดชุด Eikonic Abilities • R2 + Square / Triangle / Cross / Circle: ใช้ Eikonic Ability ที่ผูกไว้ • L1: ล็อกเป้าหมาย • L2: สลับ Eikon • L3: Animal Instinct • R3: รีเซ็ตมุมกล้อง • L3 + R3: ใช้ Limit Break • Directional Buttons Up / Right / Down: ทางลัดไอเทมหรือคำสั่ง Torgal • Directional Button Left: สลับระหว่างไอเทมกับคำสั่ง Torgal • Options: เปิดเมนูหลัก / หยุดเกม • R2 + Touch Pad: ยั่วยุ แหล่งข้อมูล: https://gamewith.net/final-fantasy-16/article/,pipeline:structured_game_controls,games/game_control_lookup,100.0,True,0.4182,0,,,
MB-0272-GC-026,game_controls,psu_fact,FINAL FANTASY XVI ใช้จอยยังไง,FINAL FANTASY XVI มีข้อมูลปุ่มควบคุมดังนี้: PlayStation / PS5 • Left Stick: เคลื่อนที่ • Right Stick: ควบคุมมุมกล้อง • Square: โจมตีด้วยดาบ / โจมตีระยะประชิด • Triangle: โจมตีเวทมนตร์ • Cross: กระโดด • Circle: ใช้ Eikonic Feat • R1: หลบหลีก • R2: เปิดชุด Eikonic Abilities • R2 + Square / Triangle / Cross / Circle: ใช้ Eikonic Ability ที่ผูกไว้ • L1: ล็อกเป้าหมาย • L2: สลับ Eikon • L3: Animal Instinct • R3: รีเซ็ตมุมกล้อง • L3 + R3: ใช้ Limit Break • Directional Buttons Up / Right / Down: ทางลัดไอเทมหรือคำสั่ง Torgal • Directional Button Left: สลับระหว่างไอเทมกับคำสั่ง Torgal • Options: เปิดเมนูหลัก / หยุดเกม • R2 + Touch Pad: ยั่วยุ แหล่งข้อมูล: https://gamewith.net/final-fantasy-16/article/,pipeline:structured_game_controls,games/game_control_lookup,100.0,True,0.3306,0,,,
MB-0273-GC-027,game_controls,psu_fact,FINAL FANTASY XVI ปุ่มเคลื่อนที่กดอะไร,FINAL FANTASY XVI ปุ่มที่ตรงกับคำถาม: PlayStation / PS5 • Left Stick: เคลื่อนที่ แหล่งข้อมูล: https://gamewith.net/final-fantasy-16/article/show/39644,pipeline:structured_game_controls,games/game_control_lookup,100.0,True,0.4844,0,,,
MB-0274-GC-028,game_controls,psu_fact,FINAL FANTASY XVI ปุ่มควบคุมมุมกล้องกดอะไร,FINAL FANTASY XVI ปุ่มที่ตรงกับคำถาม: PlayStation / PS5 • Right Stick: ควบคุมมุมกล้อง • R3: รีเซ็ตมุมกล้อง แหล่งข้อมูล: https://gamewith.net/final-fantasy-16/article/show/39644,pipeline:structured_game_controls,games/game_control_lookup,100.0,True,0.4361,0,,,
MB-0275-GC-029,game_controls,psu_fact,Fortnite ปุ่มทั้งหมดมีอะไรบ้าง,"Fortnite มีข้อมูลปุ่มควบคุมดังนี้: PlayStation / PS5 • Options: เปิดเมนูเกม - บน PlayStation ให้กด Options เพื่อเปิดเมนู แล้วเข้า Settings เพื่อดู/แก้ controls • Controller Mapping page: เปลี่ยน preset จอย - Epic ระบุว่าหน้า Controller Mapping มี preset เช่น Old School, Quick Builder, Combat Pro, Builder Pro และ Custom • Builder Pro / Combat Pro / Custom: ชุดปุ่มควบคุม - ข้อมูลนี้เป็น preset ที่ Epic ระบุ ไม่ใช่ผังปุ่มละเอียดของแต่ละ preset แหล่งข้อมูล: https://www.epicgames.com/help/c-202300000001636/c-202300000001719/how-can-i-change-my-fortnite-controls-on-pc-or-console-a202300000014546",pipeline:structured_game_controls,games/game_control_lookup,100.0,True,0.3669,0,,,
MB-0276-GC-030,game_controls,psu_fact,Fortnite ใช้จอยยังไง,"Fortnite มีข้อมูลปุ่มควบคุมดังนี้: PlayStation / PS5 • Options: เปิดเมนูเกม - บน PlayStation ให้กด Options เพื่อเปิดเมนู แล้วเข้า Settings เพื่อดู/แก้ controls • Controller Mapping page: เปลี่ยน preset จอย - Epic ระบุว่าหน้า Controller Mapping มี preset เช่น Old School, Quick Builder, Combat Pro, Builder Pro และ Custom • Builder Pro / Combat Pro / Custom: ชุดปุ่มควบคุม - ข้อมูลนี้เป็น preset ที่ Epic ระบุ ไม่ใช่ผังปุ่มละเอียดของแต่ละ preset แหล่งข้อมูล: https://www.epicgames.com/help/c-202300000001636/c-202300000001719/how-can-i-change-my-fortnite-controls-on-pc-or-console-a202300000014546",pipeline:structured_game_controls,games/game_control_lookup,100.0,True,0.2732,0,,,
MB-0277-GC-031,game_controls,psu_fact,Fortnite ปุ่มเปิดเมนูเกมกดอะไร,Fortnite ปุ่มที่ตรงกับคำถาม: PlayStation / PS5 • Options: เปิดเมนูเกม - บน PlayStation ให้กด Options เพื่อเปิดเมนู แล้วเข้า Settings เพื่อดู/แก้ controls แหล่งข้อมูล: https://www.epicgames.com/help/c-202300000001636/c-202300000001719/how-can-i-change-my-fortnite-controls-on-pc-or-console-a202300000014546,pipeline:structured_game_controls,games/game_control_lookup,100.0,True,0.3686,0,,,
MB-0278-GC-032,game_controls,psu_fact,Fortnite ปุ่มเปลี่ยน preset จอยกดอะไร,"Fortnite ปุ่มที่ตรงกับคำถาม: PlayStation / PS5 • Controller Mapping page: เปลี่ยน preset จอย - Epic ระบุว่าหน้า Controller Mapping มี preset เช่น Old School, Quick Builder, Combat Pro, Builder Pro และ Custom • Builder Pro / Combat Pro / Custom: ชุดปุ่มควบคุม - ข้อมูลนี้เป็น preset ที่ Epic ระบุ ไม่ใช่ผังปุ่มละเอียดของแต่ละ preset แหล่งข้อมูล: https://www.epicgames.com/help/c-202300000001636/c-202300000001719/how-can-i-change-my-fortnite-controls-on-pc-or-console-a202300000014546",pipeline:structured_game_controls,games/game_control_lookup,100.0,True,0.4578,0,,,
MB-0279-GC-033,game_controls,psu_fact,God of War Ragnarök ปุ่มทั้งหมดมีอะไรบ้าง,"God of War Ragnarök มีข้อมูลปุ่มควบคุมดังนี้: PlayStation / PS5 • L: เคลื่อนที่ - บังคับทิศทางการเดิน • L3: วิ่งสปรินต์ - กดเพื่อวิ่ง • L3 + R3: พลังสปาร์ตัน - ระเบิดความโกรธของเครโทสเพื่อเพิ่มพลังโจมตีและฟื้นฟูพลังชีวิต • R: มุมกล้อง - ควบคุมการหมุนมุมกล้อง • R3: ล็อกเป้าหมาย - ล็อกเป้าหมายศัตรู • L2 (Hold): เล็ง (กดค้าง) - ง้างอาวุธเตรียมขว้าง • L1 (Hold): ป้องกัน (กดค้าง) - ยกโล่ขึ้นป้องกันการโจมตี และใช้เป็นปุ่มร่วมสำหรับคำสั่ง Runic/Relic • R1: โจมตีเบา / รูนเบา / ขว้าง - โจมตีปกติเบา, ขว้างอาวุธเมื่อกดเล็ง, หรือใช้ท่ารูนเบาเมื่อกดค้าง L1 • R2: โจมตีหนัก / รูนหนัก - โจมตีปกติหนัก หรือใช้ท่ารูนหนักเมื่อกดค้าง L1 • Triangle: เรียกขวานกลับ / ชาร์จพลังอาวุธ - เรียกขวานกลับเข้ามือ หรือชาร์จพ",pipeline:structured_game_controls,games/game_control_lookup,100.0,True,0.3809,0,,,
MB-0280-GC-034,game_controls,psu_fact,God of War Ragnarök ใช้จอยยังไง,"God of War Ragnarök มีข้อมูลปุ่มควบคุมดังนี้: PlayStation / PS5 • L: เคลื่อนที่ - บังคับทิศทางการเดิน • L3: วิ่งสปรินต์ - กดเพื่อวิ่ง • L3 + R3: พลังสปาร์ตัน - ระเบิดความโกรธของเครโทสเพื่อเพิ่มพลังโจมตีและฟื้นฟูพลังชีวิต • R: มุมกล้อง - ควบคุมการหมุนมุมกล้อง • R3: ล็อกเป้าหมาย - ล็อกเป้าหมายศัตรู • L2 (Hold): เล็ง (กดค้าง) - ง้างอาวุธเตรียมขว้าง • L1 (Hold): ป้องกัน (กดค้าง) - ยกโล่ขึ้นป้องกันการโจมตี และใช้เป็นปุ่มร่วมสำหรับคำสั่ง Runic/Relic • R1: โจมตีเบา / รูนเบา / ขว้าง - โจมตีปกติเบา, ขว้างอาวุธเมื่อกดเล็ง, หรือใช้ท่ารูนเบาเมื่อกดค้าง L1 • R2: โจมตีหนัก / รูนหนัก - โจมตีปกติหนัก หรือใช้ท่ารูนหนักเมื่อกดค้าง L1 • Triangle: เรียกขวานกลับ / ชาร์จพลังอาวุธ - เรียกขวานกลับเข้ามือ หรือชาร์จพ",pipeline:structured_game_controls,games/game_control_lookup,100.0,True,0.3243,0,,,
MB-0281-GC-035,game_controls,psu_fact,God of War Ragnarök ปุ่มเคลื่อนที่กดอะไร,God of War Ragnarök ปุ่มที่ตรงกับคำถาม: PlayStation / PS5 • L: เคลื่อนที่ - บังคับทิศทางการเดิน • Touch Pad: แผนที่ - เปิดแผนที่โลก แหล่งข้อมูล: https://gameinputdatabase.com/game/14,pipeline:structured_game_controls,games/game_control_lookup,100.0,True,0.4915,0,,,
MB-0282-GC-036,game_controls,psu_fact,God of War Ragnarök ปุ่มวิ่งสปรินต์กดอะไร,God of War Ragnarök ปุ่มที่ตรงกับคำถาม: PlayStation / PS5 • L3: วิ่งสปรินต์ - กดเพื่อวิ่ง แหล่งข้อมูล: https://gameinputdatabase.com/game/14,pipeline:structured_game_controls,games/game_control_lookup,100.0,True,0.4425,0,,,
MB-0283-GC-037,game_controls,psu_fact,Gran Turismo 7 ปุ่มทั้งหมดมีอะไรบ้าง,Gran Turismo 7 มีข้อมูลปุ่มควบคุมดังนี้: PlayStation / PS5 • L (Left Stick): เลี้ยว / ควบคุมพวงมาลัย - บังคับทิศทางรถ • R2: คันเร่ง - กดเพื่อเร่งเครื่อง • L2: เบรก - กดเพื่อชะลอความเร็วรถ • Cross: เพิ่มเกียร์ - เปลี่ยนเกียร์สูงขึ้น (โหมดเกียร์ธรรมดา) • Square: ลดเกียร์ - เปลี่ยนเกียร์ต่ำลง (โหมดเกียร์ธรรมดา) • Circle: เบรกมือ - ดึงเบรกมือเพื่อสไลด์หรือดริฟต์ • Triangle: ถอยหลัง - เข้าเกียร์ถอยรถ • D-Pad: ควบคุมจอ MFD - สลับและปรับค่า Multi-Function Display เช่น Traction Control หรือ Fuel Map • R1: เปลี่ยนมุมมอง - สลับมุมกล้องในการขับขี่ • L1: มองหลัง - สลับมุมกล้องไปมองด้านหลังชั่วคราว • R3: ไนตรัส / เร่งแซง - ใช้งานระบบเพิ่มความเร็วพิเศษที่มีติดตั้งในรถบางรุ่น • L3: ไฟหน้า - เปิด/ปิด หรือกะ,pipeline:structured_game_controls,games/game_control_lookup,100.0,True,0.3952,0,,,
MB-0284-GC-038,game_controls,psu_fact,Gran Turismo 7 ใช้จอยยังไง,Gran Turismo 7 มีข้อมูลปุ่มควบคุมดังนี้: PlayStation / PS5 • L (Left Stick): เลี้ยว / ควบคุมพวงมาลัย - บังคับทิศทางรถ • R2: คันเร่ง - กดเพื่อเร่งเครื่อง • L2: เบรก - กดเพื่อชะลอความเร็วรถ • Cross: เพิ่มเกียร์ - เปลี่ยนเกียร์สูงขึ้น (โหมดเกียร์ธรรมดา) • Square: ลดเกียร์ - เปลี่ยนเกียร์ต่ำลง (โหมดเกียร์ธรรมดา) • Circle: เบรกมือ - ดึงเบรกมือเพื่อสไลด์หรือดริฟต์ • Triangle: ถอยหลัง - เข้าเกียร์ถอยรถ • D-Pad: ควบคุมจอ MFD - สลับและปรับค่า Multi-Function Display เช่น Traction Control หรือ Fuel Map • R1: เปลี่ยนมุมมอง - สลับมุมกล้องในการขับขี่ • L1: มองหลัง - สลับมุมกล้องไปมองด้านหลังชั่วคราว • R3: ไนตรัส / เร่งแซง - ใช้งานระบบเพิ่มความเร็วพิเศษที่มีติดตั้งในรถบางรุ่น • L3: ไฟหน้า - เปิด/ปิด หรือกะ,pipeline:structured_game_controls,games/game_control_lookup,100.0,True,0.3073,0,,,
MB-0285-GC-039,game_controls,psu_fact,Gran Turismo 7 ปุ่มเลี้ยว / ควบคุมพวงมาลัยกดอะไร,Gran Turismo 7 ปุ่มที่ตรงกับคำถาม: PlayStation / PS5 • L (Left Stick): เลี้ยว / ควบคุมพวงมาลัย - บังคับทิศทางรถ • D-Pad: ควบคุมจอ MFD - สลับและปรับค่า Multi-Function Display เช่น Traction Control หรือ Fuel Map แหล่งข้อมูล: https://gameinputdatabase.com/game/135,pipeline:structured_game_controls,games/game_control_lookup,100.0,True,0.3853,0,,,
MB-0286-GC-040,game_controls,psu_fact,Gran Turismo 7 ปุ่มคันเร่งกดอะไร,Gran Turismo 7 ปุ่มที่ตรงกับคำถาม: PlayStation / PS5 • R2: คันเร่ง - กดเพื่อเร่งเครื่อง • R3: ไนตรัส / เร่งแซง - ใช้งานระบบเพิ่มความเร็วพิเศษที่มีติดตั้งในรถบางรุ่น แหล่งข้อมูล: https://gameinputdatabase.com/game/135,pipeline:structured_game_controls,games/game_control_lookup,100.0,True,0.3546,0,,,
MB-0287-GC-041,game_controls,psu_fact,Hogwarts Legacy ปุ่มทั้งหมดมีอะไรบ้าง,Hogwarts Legacy มีข้อมูลปุ่มควบคุมดังนี้: PlayStation / PS5 • L (Left Stick): เคลื่อนที่ - บังคับทิศทางการเดิน • L3: วิ่งสปรินต์ - กดเพื่อวิ่งเร็ว • R (Right Stick): มุมกล้อง - หมุนและควบคุมมุมกล้อง • R3: ล็อกเป้าหมาย - ล็อกเป้าศัตรู • L2 (Hold): เล็งเป้าหมาย - กดค้างเพื่อซูมและเล็ง • L1: ใช้ไอเทม / วงล้อเครื่องมือ - กดใช้ไอเทมที่เซ็ตไว้ หรือกดค้างเพื่อเลือกน้ำยา/พืชพรรณ • R2: โจมตีพื้นฐาน / เปิดชุดคาถา - กดยิงคาถาทั่วไป หรือกดค้างเพื่อใช้ร่วมกับปุ่ม △/O/X/□ ในการร่ายคาถาที่เซ็ตไว้ • R1: ขว้างเวทมนตร์โบราณ - ดึงวัตถุในฉากมาขว้างใส่ศัตรู • Triangle: ป้องกัน / บล็อกคาถา - กางโล่ Protego ป้องกันการโจมตี หากกดค้างจะสวนกลับด้วย Stupefy • Circle: กลิ้งหลบ - กลิ้งหลบการโจมตีที่ไม่สามารถปัดป้องได้ (,pipeline:structured_game_controls,games/game_control_lookup,100.0,True,0.3971,0,,,
MB-0288-GC-042,game_controls,psu_fact,Hogwarts Legacy ใช้จอยยังไง,Hogwarts Legacy มีข้อมูลปุ่มควบคุมดังนี้: PlayStation / PS5 • L (Left Stick): เคลื่อนที่ - บังคับทิศทางการเดิน • L3: วิ่งสปรินต์ - กดเพื่อวิ่งเร็ว • R (Right Stick): มุมกล้อง - หมุนและควบคุมมุมกล้อง • R3: ล็อกเป้าหมาย - ล็อกเป้าศัตรู • L2 (Hold): เล็งเป้าหมาย - กดค้างเพื่อซูมและเล็ง • L1: ใช้ไอเทม / วงล้อเครื่องมือ - กดใช้ไอเทมที่เซ็ตไว้ หรือกดค้างเพื่อเลือกน้ำยา/พืชพรรณ • R2: โจมตีพื้นฐาน / เปิดชุดคาถา - กดยิงคาถาทั่วไป หรือกดค้างเพื่อใช้ร่วมกับปุ่ม △/O/X/□ ในการร่ายคาถาที่เซ็ตไว้ • R1: ขว้างเวทมนตร์โบราณ - ดึงวัตถุในฉากมาขว้างใส่ศัตรู • Triangle: ป้องกัน / บล็อกคาถา - กางโล่ Protego ป้องกันการโจมตี หากกดค้างจะสวนกลับด้วย Stupefy • Circle: กลิ้งหลบ - กลิ้งหลบการโจมตีที่ไม่สามารถปัดป้องได้ (,pipeline:structured_game_controls,games/game_control_lookup,100.0,True,0.3065,0,,,
MB-0289-GC-043,game_controls,psu_fact,Hogwarts Legacy ปุ่มเคลื่อนที่กดอะไร,Hogwarts Legacy ปุ่มที่ตรงกับคำถาม: PlayStation / PS5 • L (Left Stick): เคลื่อนที่ - บังคับทิศทางการเดิน • Touch Pad: แผนที่ - เปิดแผนที่โลกและฮอกวอตส์ แหล่งข้อมูล: https://gameinputdatabase.com/game/204,pipeline:structured_game_controls,games/game_control_lookup,100.0,True,0.449,0,,,
MB-0290-GC-044,game_controls,psu_fact,Hogwarts Legacy ปุ่มวิ่งสปรินต์กดอะไร,Hogwarts Legacy ปุ่มที่ตรงกับคำถาม: PlayStation / PS5 • L3: วิ่งสปรินต์ - กดเพื่อวิ่งเร็ว แหล่งข้อมูล: https://gameinputdatabase.com/game/204,pipeline:structured_game_controls,games/game_control_lookup,100.0,True,0.4541,0,,,
MB-0291-GC-045,game_controls,psu_fact,Horizon Call of the Mountain ปุ่มทั้งหมดมีอะไรบ้าง,Horizon Call of the Mountain มีข้อมูลปุ่มควบคุมดังนี้: PlayStation VR2 / PS5 • Gesture control scheme: เคลื่อนที่ด้วยท่าทางร่างกาย - โหมด Gesture ให้ผู้เล่นเคลื่อนที่ในโลกของเกมผ่านการขยับร่างกาย • Analogue control scheme: เคลื่อนที่ด้วยอนาล็อก - โหมด Analogue ใช้ sticks บน PS VR2 Sense controllers เพื่อเคลื่อนที่ในเกม • PS VR2 Sense grip button: จับวัตถุในเกม - หน้าเกมทางการระบุว่า PS VR2 Sense controllers มี grip button สำหรับจับวัตถุในเกม แหล่งข้อมูล: https://www.playstation.com/en-us/support/games/horizon-call-of-the-mountain/,pipeline:structured_game_controls,games/game_control_lookup,100.0,True,0.4613,0,,,
MB-0292-GC-046,game_controls,psu_fact,Horizon Call of the Mountain ใช้จอยยังไง,Horizon Call of the Mountain มีข้อมูลปุ่มควบคุมดังนี้: PlayStation VR2 / PS5 • Gesture control scheme: เคลื่อนที่ด้วยท่าทางร่างกาย - โหมด Gesture ให้ผู้เล่นเคลื่อนที่ในโลกของเกมผ่านการขยับร่างกาย • Analogue control scheme: เคลื่อนที่ด้วยอนาล็อก - โหมด Analogue ใช้ sticks บน PS VR2 Sense controllers เพื่อเคลื่อนที่ในเกม • PS VR2 Sense grip button: จับวัตถุในเกม - หน้าเกมทางการระบุว่า PS VR2 Sense controllers มี grip button สำหรับจับวัตถุในเกม แหล่งข้อมูล: https://www.playstation.com/en-us/support/games/horizon-call-of-the-mountain/,pipeline:structured_game_controls,games/game_control_lookup,100.0,True,0.3504,0,,,
MB-0293-GC-047,game_controls,psu_fact,Horizon Call of the Mountain ปุ่มเคลื่อนที่ด้วยท่าทางร่างกายกดอะไร,Horizon Call of the Mountain ปุ่มที่ตรงกับคำถาม: PlayStation VR2 / PS5 • Gesture control scheme: เคลื่อนที่ด้วยท่าทางร่างกาย - โหมด Gesture ให้ผู้เล่นเคลื่อนที่ในโลกของเกมผ่านการขยับร่างกาย • Analogue control scheme: เคลื่อนที่ด้วยอนาล็อก - โหมด Analogue ใช้ sticks บน PS VR2 Sense controllers เพื่อเคลื่อนที่ในเกม แหล่งข้อมูล: https://www.playstation.com/en-us/support/games/horizon-call-of-the-mountain/,pipeline:structured_game_controls,games/game_control_lookup,100.0,True,0.7325,0,,,
MB-0294-GC-048,game_controls,psu_fact,Horizon Call of the Mountain ปุ่มเคลื่อนที่ด้วยอนาล็อกกดอะไร,Horizon Call of the Mountain ปุ่มที่ตรงกับคำถาม: PlayStation VR2 / PS5 • Gesture control scheme: เคลื่อนที่ด้วยท่าทางร่างกาย - โหมด Gesture ให้ผู้เล่นเคลื่อนที่ในโลกของเกมผ่านการขยับร่างกาย • Analogue control scheme: เคลื่อนที่ด้วยอนาล็อก - โหมด Analogue ใช้ sticks บน PS VR2 Sense controllers เพื่อเคลื่อนที่ในเกม แหล่งข้อมูล: https://www.playstation.com/en-us/support/games/horizon-call-of-the-mountain/,pipeline:structured_game_controls,games/game_control_lookup,100.0,True,0.5627,0,,,
MB-0295-GC-049,game_controls,psu_fact,It Takes Two ปุ่มทั้งหมดมีอะไรบ้าง,"It Takes Two มีข้อมูลปุ่มควบคุมดังนี้: PlayStation / PS5 • L (Left Stick): เคลื่อนที่ - บังคับทิศทางการเคลื่อนที่และการเดินของตัวละคร • L3 (Click Left Stick): วิ่งสปรินต์ - กดก้านอนาล็อกซ้ายลงไปเพื่อวิ่งสปรินต์ เพิ่มความเร็วในการเคลื่อนที่ • R (Right Stick): มุมกล้อง - หมุนและปรับมุมกล้องเพื่อดูสภาพแวดล้อมรอบตัว • R3 (Click Right Stick): ค้นหาผู้เล่นอื่น - แสดงตำแหน่งของผู้เล่นอีกคน (คู่หู) บนหน้าจอ เมื่ออยู่ห่างกันหรือหลงทาง • Cross (กากบาท): กระโดด - ใช้กระโดดข้ามสิ่งกีดขวาง (สามารถประยุกต์ใช้เพื่อ Double Jump ได้) • Square (สี่เหลี่ยม): พุ่งตัว - พุ่งตัวไปข้างหน้าอย่างรวดเร็วเพื่อหลบการโจมตี หรือพุ่งข้ามเหวที่กว้าง • Triangle (สามเหลี่ยม): โต้ตอบ - ใช้โต้ตอบกับสิ่งแวดล้อม เช่น ดึงคันโยก, ",pipeline:structured_game_controls,games/game_control_lookup,100.0,True,0.3582,0,,,
MB-0296-GC-050,game_controls,psu_fact,It Takes Two ใช้จอยยังไง,"It Takes Two มีข้อมูลปุ่มควบคุมดังนี้: PlayStation / PS5 • L (Left Stick): เคลื่อนที่ - บังคับทิศทางการเคลื่อนที่และการเดินของตัวละคร • L3 (Click Left Stick): วิ่งสปรินต์ - กดก้านอนาล็อกซ้ายลงไปเพื่อวิ่งสปรินต์ เพิ่มความเร็วในการเคลื่อนที่ • R (Right Stick): มุมกล้อง - หมุนและปรับมุมกล้องเพื่อดูสภาพแวดล้อมรอบตัว • R3 (Click Right Stick): ค้นหาผู้เล่นอื่น - แสดงตำแหน่งของผู้เล่นอีกคน (คู่หู) บนหน้าจอ เมื่ออยู่ห่างกันหรือหลงทาง • Cross (กากบาท): กระโดด - ใช้กระโดดข้ามสิ่งกีดขวาง (สามารถประยุกต์ใช้เพื่อ Double Jump ได้) • Square (สี่เหลี่ยม): พุ่งตัว - พุ่งตัวไปข้างหน้าอย่างรวดเร็วเพื่อหลบการโจมตี หรือพุ่งข้ามเหวที่กว้าง • Triangle (สามเหลี่ยม): โต้ตอบ - ใช้โต้ตอบกับสิ่งแวดล้อม เช่น ดึงคันโยก, ",pipeline:structured_game_controls,games/game_control_lookup,100.0,True,0.3274,0,,,
MB-0297-GC-051,game_controls,psu_fact,It Takes Two ปุ่มเคลื่อนที่กดอะไร,It Takes Two ปุ่มที่ตรงกับคำถาม: PlayStation / PS5 • L (Left Stick): เคลื่อนที่ - บังคับทิศทางการเคลื่อนที่และการเดินของตัวละคร แหล่งข้อมูล: https://gameinputdatabase.com/game/90,pipeline:structured_game_controls,games/game_control_lookup,100.0,True,0.4894,0,,,
MB-0298-GC-052,game_controls,psu_fact,It Takes Two ปุ่มวิ่งสปรินต์กดอะไร,It Takes Two ปุ่มที่ตรงกับคำถาม: PlayStation / PS5 • L3 (Click Left Stick): วิ่งสปรินต์ - กดก้านอนาล็อกซ้ายลงไปเพื่อวิ่งสปรินต์ เพิ่มความเร็วในการเคลื่อนที่ แหล่งข้อมูล: https://gameinputdatabase.com/game/90,pipeline:structured_game_controls,games/game_control_lookup,100.0,True,0.4696,0,,,
MB-0299-GC-053,game_controls,psu_fact,League of Legends ปุ่มทั้งหมดมีอะไรบ้าง,League of Legends มีข้อมูลปุ่มควบคุมดังนี้: PC • Right Mouse Button: เดิน / โจมตีเป้าหมาย - คลิกขวาเพื่อเดินหรือสั่งโจมตีเป้าหมาย • Q / W / E / R: ใช้สกิล - ปุ่มสกิลหลักของ champion • Shift + Q / W / E / R: ใช้สกิลแบบ quick cast - ค่า default ที่แหล่งอ้างอิงระบุว่า Shift+Q/W/E/R ใช้ quick cast • Alt + Q / W / E / R: ใช้สกิลใส่ตัวเอง - ใช้ self-cast กับสกิลที่สามารถกดใส่ตัวเองได้ • D / F: ใช้ Summoner Spell - ปุ่ม Summoner Spell สองช่อง • 1 / 2 / 3 / 4 / 5 / 6 / 7: ใช้ไอเทมหรือ trinket - ปุ่มช่องไอเทมและ trinket ตามการตั้งค่าในเกม • B: กลับฐาน - เริ่ม Recall กลับฐาน • Spacebar: ล็อก/ดึงกล้องกลับมาตัวเอง - กดค้างเพื่อให้กล้องตาม champion ตัวเอง • Y: สลับล็อกกล้อง - สลับกล้องล็อก/ไม่ล็อก • F1 /,pipeline:structured_game_controls,games/game_control_lookup,100.0,True,0.4194,0,,,
MB-0300-GC-054,game_controls,psu_fact,League of Legends ใช้จอยยังไง,League of Legends มีข้อมูลปุ่มควบคุมดังนี้: PC • Right Mouse Button: เดิน / โจมตีเป้าหมาย - คลิกขวาเพื่อเดินหรือสั่งโจมตีเป้าหมาย • Q / W / E / R: ใช้สกิล - ปุ่มสกิลหลักของ champion • Shift + Q / W / E / R: ใช้สกิลแบบ quick cast - ค่า default ที่แหล่งอ้างอิงระบุว่า Shift+Q/W/E/R ใช้ quick cast • Alt + Q / W / E / R: ใช้สกิลใส่ตัวเอง - ใช้ self-cast กับสกิลที่สามารถกดใส่ตัวเองได้ • D / F: ใช้ Summoner Spell - ปุ่ม Summoner Spell สองช่อง • 1 / 2 / 3 / 4 / 5 / 6 / 7: ใช้ไอเทมหรือ trinket - ปุ่มช่องไอเทมและ trinket ตามการตั้งค่าในเกม • B: กลับฐาน - เริ่ม Recall กลับฐาน • Spacebar: ล็อก/ดึงกล้องกลับมาตัวเอง - กดค้างเพื่อให้กล้องตาม champion ตัวเอง • Y: สลับล็อกกล้อง - สลับกล้องล็อก/ไม่ล็อก • F1 /,pipeline:structured_game_controls,games/game_control_lookup,100.0,True,0.3219,0,,,
MB-0301-GC-055,game_controls,psu_fact,League of Legends ปุ่มเดิน / โจมตีเป้าหมายกดอะไร,League of Legends ปุ่มที่ตรงกับคำถาม: PC • Right Mouse Button: เดิน / โจมตีเป้าหมาย - คลิกขวาเพื่อเดินหรือสั่งโจมตีเป้าหมาย แหล่งข้อมูล: https://dignitas.gg/articles/blogs/Unknown/8721/improving-inputs-effective-keybinds-for-lol,pipeline:structured_game_controls,games/game_control_lookup,100.0,True,0.4607,0,,,
MB-0302-GC-056,game_controls,psu_fact,League of Legends ปุ่มใช้สกิลกดอะไร,League of Legends ปุ่มที่ตรงกับคำถาม: PC • Q / W / E / R: ใช้สกิล - ปุ่มสกิลหลักของ champion • Shift + Q / W / E / R: ใช้สกิลแบบ quick cast - ค่า default ที่แหล่งอ้างอิงระบุว่า Shift+Q/W/E/R ใช้ quick cast • Alt + Q / W / E / R: ใช้สกิลใส่ตัวเอง - ใช้ self-cast กับสกิลที่สามารถกดใส่ตัวเองได้ แหล่งข้อมูล: https://dignitas.gg/articles/blogs/Unknown/8721/improving-inputs-effective-keybinds-for-lol,pipeline:structured_game_controls,games/game_control_lookup,100.0,True,0.3794,0,,,
MB-0303-GC-057,game_controls,psu_fact,Little Nightmares II ปุ่มทั้งหมดมีอะไรบ้าง,Little Nightmares II มีข้อมูลปุ่มควบคุมดังนี้: PlayStation / PS5 • L (Left Stick): เคลื่อนที่ - บังคับทิศทางการเดินและเคลื่อนที่ของตัวละคร • R (Right Stick): มุมกล้อง - แพนมุมกล้องเพื่อดูสภาพแวดล้อม และใช้ควบคุมทิศทางของไฟฉาย • Cross: กระโดด / ขว้าง / โจมตี - ใช้สำหรับกระโดด ขว้างไอเทม หรือใช้เหวี่ยงอาวุธโจมตี • Square: วิ่งเร็ว - กดเพื่อวิ่งสปรินต์ ใช้เพิ่มความเร็วในการเคลื่อนที่หรือวิ่งหนี • Circle: ไฟฉาย / รีโมท - ใช้เปิดหรือปิดไฟฉายพกพา และใช้กดรีโมททีวี • Triangle: เรียก - ส่งเสียงเรียกตะโกนหา Six หรือใช้เพื่อจูงมือ • L1 / L2: ย่อตัว / สไลด์ - กดค้างเพื่อย่อตัวเดินย่อง หรือกดระหว่างวิ่งเพื่อสไลด์ลอดช่องแคบ • R1 / R2: จับ - กดค้างเพื่อจับสิ่งของ ปีนบันได ลากสิ่งของ หรือจับมือ Six • Optio,pipeline:structured_game_controls,games/game_control_lookup,100.0,True,0.3972,0,,,
MB-0304-GC-058,game_controls,psu_fact,Little Nightmares II ใช้จอยยังไง,Little Nightmares II มีข้อมูลปุ่มควบคุมดังนี้: PlayStation / PS5 • L (Left Stick): เคลื่อนที่ - บังคับทิศทางการเดินและเคลื่อนที่ของตัวละคร • R (Right Stick): มุมกล้อง - แพนมุมกล้องเพื่อดูสภาพแวดล้อม และใช้ควบคุมทิศทางของไฟฉาย • Cross: กระโดด / ขว้าง / โจมตี - ใช้สำหรับกระโดด ขว้างไอเทม หรือใช้เหวี่ยงอาวุธโจมตี • Square: วิ่งเร็ว - กดเพื่อวิ่งสปรินต์ ใช้เพิ่มความเร็วในการเคลื่อนที่หรือวิ่งหนี • Circle: ไฟฉาย / รีโมท - ใช้เปิดหรือปิดไฟฉายพกพา และใช้กดรีโมททีวี • Triangle: เรียก - ส่งเสียงเรียกตะโกนหา Six หรือใช้เพื่อจูงมือ • L1 / L2: ย่อตัว / สไลด์ - กดค้างเพื่อย่อตัวเดินย่อง หรือกดระหว่างวิ่งเพื่อสไลด์ลอดช่องแคบ • R1 / R2: จับ - กดค้างเพื่อจับสิ่งของ ปีนบันได ลากสิ่งของ หรือจับมือ Six • Optio,pipeline:structured_game_controls,games/game_control_lookup,100.0,True,0.2997,0,,,
MB-0305-GC-059,game_controls,psu_fact,Little Nightmares II ปุ่มเคลื่อนที่กดอะไร,Little Nightmares II ปุ่มที่ตรงกับคำถาม: PlayStation / PS5 • L (Left Stick): เคลื่อนที่ - บังคับทิศทางการเดินและเคลื่อนที่ของตัวละคร • Circle: ไฟฉาย / รีโมท - ใช้เปิดหรือปิดไฟฉายพกพา และใช้กดรีโมททีวี แหล่งข้อมูล: https://gameinputdatabase.com/game/304,pipeline:structured_game_controls,games/game_control_lookup,100.0,True,0.4135,0,,,
MB-0306-GC-060,game_controls,psu_fact,Little Nightmares II ปุ่มมุมกล้องกดอะไร,Little Nightmares II ปุ่มที่ตรงกับคำถาม: PlayStation / PS5 • R (Right Stick): มุมกล้อง - แพนมุมกล้องเพื่อดูสภาพแวดล้อม และใช้ควบคุมทิศทางของไฟฉาย • Circle: ไฟฉาย / รีโมท - ใช้เปิดหรือปิดไฟฉายพกพา และใช้กดรีโมททีวี แหล่งข้อมูล: https://gameinputdatabase.com/game/304,pipeline:structured_game_controls,games/game_control_lookup,100.0,True,0.4103,0,,,
MB-0307-GC-061,game_controls,psu_fact,Luigi's Mansion 3 ปุ่มทั้งหมดมีอะไรบ้าง,Luigi's Mansion 3 มีข้อมูลปุ่มควบคุมดังนี้: Nintendo Switch • L (Left Stick): เคลื่อนที่ - บังคับทิศทางการเดินของตัวละครในฉาก • R (Right Stick): หันหน้า / เล็ง - หันทิศทางของตัวละครเพื่อเล็งไฟฉายหรือทิศทางของเครื่องดูดฝุ่น • R3 (Click Right Stick): ระบบกูอิจิ - เรียก สลับตัว หรือเก็บกูอิจิ (Gooigi) ซึ่งเป็นคู่หูร่างเยลลี่สำหรับช่วยแก้ปริศนา • A: ฟาดผี - ฟาดผีลงกับพื้นเพื่อทำความเสียหาย เมื่อเกจการดูดเต็ม • B: เปลี่ยนการเคลื่อนที่ - ใช้สำหรับปรับเปลี่ยนหรือยกเลิกรูปแบบการเคลื่อนไหว • X: ไฟดาร์กไลต์ - ฉายแสงพิเศษเพื่อเปิดเผยสิ่งของที่ซ่อนอยู่ ล่องหน หรือถูกคำสาป • Y: ยิงจุกยาง - ยิงจุกยางติดสิ่งของหรือโล่ผี เพื่อใช้เครื่องดูดดึงทำลายสิ่งกีดขวาง • D-Pad Up: แผนที่ - เปิดหน้าจอแผนที่ของโรงแรม • ,pipeline:structured_game_controls,games/game_control_lookup,100.0,True,0.4174,0,,,
MB-0308-GC-062,game_controls,psu_fact,Luigi's Mansion 3 ใช้จอยยังไง,Luigi's Mansion 3 มีข้อมูลปุ่มควบคุมดังนี้: Nintendo Switch • L (Left Stick): เคลื่อนที่ - บังคับทิศทางการเดินของตัวละครในฉาก • R (Right Stick): หันหน้า / เล็ง - หันทิศทางของตัวละครเพื่อเล็งไฟฉายหรือทิศทางของเครื่องดูดฝุ่น • R3 (Click Right Stick): ระบบกูอิจิ - เรียก สลับตัว หรือเก็บกูอิจิ (Gooigi) ซึ่งเป็นคู่หูร่างเยลลี่สำหรับช่วยแก้ปริศนา • A: ฟาดผี - ฟาดผีลงกับพื้นเพื่อทำความเสียหาย เมื่อเกจการดูดเต็ม • B: เปลี่ยนการเคลื่อนที่ - ใช้สำหรับปรับเปลี่ยนหรือยกเลิกรูปแบบการเคลื่อนไหว • X: ไฟดาร์กไลต์ - ฉายแสงพิเศษเพื่อเปิดเผยสิ่งของที่ซ่อนอยู่ ล่องหน หรือถูกคำสาป • Y: ยิงจุกยาง - ยิงจุกยางติดสิ่งของหรือโล่ผี เพื่อใช้เครื่องดูดดึงทำลายสิ่งกีดขวาง • D-Pad Up: แผนที่ - เปิดหน้าจอแผนที่ของโรงแรม • ,pipeline:structured_game_controls,games/game_control_lookup,100.0,True,0.3196,0,,,
MB-0309-GC-063,game_controls,psu_fact,Luigi's Mansion 3 ปุ่มเคลื่อนที่กดอะไร,Luigi's Mansion 3 ปุ่มที่ตรงกับคำถาม: Nintendo Switch • L (Left Stick): เคลื่อนที่ - บังคับทิศทางการเดินของตัวละครในฉาก • B: เปลี่ยนการเคลื่อนที่ - ใช้สำหรับปรับเปลี่ยนหรือยกเลิกรูปแบบการเคลื่อนไหว • D-Pad Up: แผนที่ - เปิดหน้าจอแผนที่ของโรงแรม แหล่งข้อมูล: https://gameinputdatabase.com/game/179,pipeline:structured_game_controls,games/game_control_lookup,100.0,True,0.4399,0,,,
MB-0310-GC-064,game_controls,psu_fact,Luigi's Mansion 3 ปุ่มหันหน้า / เล็งกดอะไร,Luigi's Mansion 3 ปุ่มที่ตรงกับคำถาม: Nintendo Switch • R (Right Stick): หันหน้า / เล็ง - หันทิศทางของตัวละครเพื่อเล็งไฟฉายหรือทิศทางของเครื่องดูดฝุ่น แหล่งข้อมูล: https://gameinputdatabase.com/game/179,pipeline:structured_game_controls,games/game_control_lookup,100.0,True,0.3796,0,,,
MB-0311-GC-065,game_controls,psu_fact,Mario Kart 8 Deluxe ปุ่มทั้งหมดมีอะไรบ้าง,Mario Kart 8 Deluxe มีข้อมูลปุ่มควบคุมดังนี้: Nintendo Switch • L (Left Stick): เลี้ยว / ควบคุมทิศทาง - บังคับพวงมาลัยรถให้เลี้ยวไปทางซ้ายหรือขวา • A: เร่งเครื่อง - กดค้างไว้ตลอดเพื่อเร่งเครื่องยนต์ให้รถวิ่งไปข้างหน้า • B: เบรก / ถอยหลัง - แตะเพื่อเบรกชะลอความเร็ว หรือกดค้างไว้เมื่อรถหยุดนิ่งเพื่อขับถอยหลัง • X: มองหลัง - หันมุมกล้องไปมองด้านหลังเพื่อเช็กระยะห่างของคู่แข่งหรือไอเทมที่ตามมา • ZL: ใช้ไอเทม / บีบแตร - ใช้ไอเทมที่เก็บมาจากกล่องสุ่ม หากไม่มีไอเทมจะเป็นการบีบแตรรถ • ZR: ดริฟต์ - ใช้กระโดดและดริฟต์ขณะเข้าโค้งเพื่อทำความเร็ว หรือใช้ทำท่าผาดโผนเมื่อกระโดดออกจากเนินเร่งความเร็ว • + (Plus): หยุดเกม - หยุดเกมชั่วคราวเพื่อเข้าสู่เมนูหลักหรือตั้งค่าระบบช่วยเหลือ แหล่งข้อมูล: https://gamei,pipeline:structured_game_controls,games/game_control_lookup,100.0,True,0.4192,0,,,
MB-0312-GC-066,game_controls,psu_fact,Mario Kart 8 Deluxe ใช้จอยยังไง,Mario Kart 8 Deluxe มีข้อมูลปุ่มควบคุมดังนี้: Nintendo Switch • L (Left Stick): เลี้ยว / ควบคุมทิศทาง - บังคับพวงมาลัยรถให้เลี้ยวไปทางซ้ายหรือขวา • A: เร่งเครื่อง - กดค้างไว้ตลอดเพื่อเร่งเครื่องยนต์ให้รถวิ่งไปข้างหน้า • B: เบรก / ถอยหลัง - แตะเพื่อเบรกชะลอความเร็ว หรือกดค้างไว้เมื่อรถหยุดนิ่งเพื่อขับถอยหลัง • X: มองหลัง - หันมุมกล้องไปมองด้านหลังเพื่อเช็กระยะห่างของคู่แข่งหรือไอเทมที่ตามมา • ZL: ใช้ไอเทม / บีบแตร - ใช้ไอเทมที่เก็บมาจากกล่องสุ่ม หากไม่มีไอเทมจะเป็นการบีบแตรรถ • ZR: ดริฟต์ - ใช้กระโดดและดริฟต์ขณะเข้าโค้งเพื่อทำความเร็ว หรือใช้ทำท่าผาดโผนเมื่อกระโดดออกจากเนินเร่งความเร็ว • + (Plus): หยุดเกม - หยุดเกมชั่วคราวเพื่อเข้าสู่เมนูหลักหรือตั้งค่าระบบช่วยเหลือ แหล่งข้อมูล: https://gamei,pipeline:structured_game_controls,games/game_control_lookup,100.0,True,0.3328,0,,,
MB-0313-GC-067,game_controls,psu_fact,Mario Kart 8 Deluxe ปุ่มเลี้ยว / ควบคุมทิศทางกดอะไร,Mario Kart 8 Deluxe ปุ่มที่ตรงกับคำถาม: Nintendo Switch • L (Left Stick): เลี้ยว / ควบคุมทิศทาง - บังคับพวงมาลัยรถให้เลี้ยวไปทางซ้ายหรือขวา แหล่งข้อมูล: https://gameinputdatabase.com/game/57,pipeline:structured_game_controls,games/game_control_lookup,100.0,True,0.495,0,,,
MB-0314-GC-068,game_controls,psu_fact,Mario Kart 8 Deluxe ปุ่มเร่งเครื่องกดอะไร,Mario Kart 8 Deluxe ปุ่มที่ตรงกับคำถาม: Nintendo Switch • A: เร่งเครื่อง - กดค้างไว้ตลอดเพื่อเร่งเครื่องยนต์ให้รถวิ่งไปข้างหน้า แหล่งข้อมูล: https://gameinputdatabase.com/game/57,pipeline:structured_game_controls,games/game_control_lookup,100.0,True,0.4164,0,,,
MB-0315-GC-069,game_controls,psu_fact,Mario Party Superstars ปุ่มทั้งหมดมีอะไรบ้าง,"Mario Party Superstars มีข้อมูลปุ่มควบคุมดังนี้: Nintendo Switch • Button controls: เล่นบอร์ดและมินิเกมด้วยปุ่ม - แหล่งทางการยืนยันว่า 100 มินิเกมรองรับ button controls และเล่นได้ด้วย Joy-Con หรือ Nintendo Switch Pro Controller • Single Joy-Con / Joy-Con grip / Pro Controller: รูปแบบคอนโทรลเลอร์ที่รองรับ - สามารถเล่นด้วย Joy-Con เดี่ยว, Joy-Con grip, Nintendo Switch Pro Controller หรือ Nintendo Switch Lite ตามข้อมูล Play Nintendo แหล่งข้อมูล: https://play.nintendo.com/news-tips/game-releases/mario-party-superstars-game-announcement/",pipeline:structured_game_controls,games/game_control_lookup,100.0,True,0.434,0,,,
MB-0316-GC-070,game_controls,psu_fact,Mario Party Superstars ใช้จอยยังไง,"Mario Party Superstars มีข้อมูลปุ่มควบคุมดังนี้: Nintendo Switch • Button controls: เล่นบอร์ดและมินิเกมด้วยปุ่ม - แหล่งทางการยืนยันว่า 100 มินิเกมรองรับ button controls และเล่นได้ด้วย Joy-Con หรือ Nintendo Switch Pro Controller • Single Joy-Con / Joy-Con grip / Pro Controller: รูปแบบคอนโทรลเลอร์ที่รองรับ - สามารถเล่นด้วย Joy-Con เดี่ยว, Joy-Con grip, Nintendo Switch Pro Controller หรือ Nintendo Switch Lite ตามข้อมูล Play Nintendo แหล่งข้อมูล: https://play.nintendo.com/news-tips/game-releases/mario-party-superstars-game-announcement/",pipeline:structured_game_controls,games/game_control_lookup,100.0,True,0.379,0,,,
MB-0317-GC-071,game_controls,psu_fact,Mario Party Superstars ปุ่มเล่นบอร์ดและมินิเกมด้วยปุ่มกดอะไร,"Mario Party Superstars มีข้อมูลปุ่มควบคุมดังนี้: Nintendo Switch • Button controls: เล่นบอร์ดและมินิเกมด้วยปุ่ม - แหล่งทางการยืนยันว่า 100 มินิเกมรองรับ button controls และเล่นได้ด้วย Joy-Con หรือ Nintendo Switch Pro Controller • Single Joy-Con / Joy-Con grip / Pro Controller: รูปแบบคอนโทรลเลอร์ที่รองรับ - สามารถเล่นด้วย Joy-Con เดี่ยว, Joy-Con grip, Nintendo Switch Pro Controller หรือ Nintendo Switch Lite ตามข้อมูล Play Nintendo แหล่งข้อมูล: https://play.nintendo.com/news-tips/game-releases/mario-party-superstars-game-announcement/",pipeline:structured_game_controls,games/game_control_lookup,100.0,True,0.5585,0,,,
MB-0318-GC-072,game_controls,psu_fact,Mario Party Superstars ปุ่มรูปแบบคอนโทรลเลอร์ที่รองรับกดอะไร,"Mario Party Superstars ปุ่มที่ตรงกับคำถาม: Nintendo Switch • Single Joy-Con / Joy-Con grip / Pro Controller: รูปแบบคอนโทรลเลอร์ที่รองรับ - สามารถเล่นด้วย Joy-Con เดี่ยว, Joy-Con grip, Nintendo Switch Pro Controller หรือ Nintendo Switch Lite ตามข้อมูล Play Nintendo แหล่งข้อมูล: https://play.nintendo.com/news-tips/game-releases/mario-party-superstars-game-announcement/",pipeline:structured_game_controls,games/game_control_lookup,100.0,True,0.6002,0,,,
MB-0319-GC-073,game_controls,psu_fact,Marvel's Spider-Man 2 ปุ่มทั้งหมดมีอะไรบ้าง,Marvel's Spider-Man 2 มีข้อมูลปุ่มควบคุมดังนี้: PlayStation / PS5 • L (Left Stick): เคลื่อนที่ - บังคับทิศทางตัวละคร • L3: เกาะคอน / พุ่งหลาว - เกาะบนจุดแคบ ๆ หรือพุ่งตัวดิ่งลงพื้นขณะอยู่กลางอากาศ • R (Right Stick): มุมกล้อง - ควบคุมมุมกล้อง • R3: แสดงเป้าหมาย / สแกนพื้นที่ - ใช้สแกนหาตำแหน่งศัตรูและวัตถุต่าง ๆ รอบตัว • L2 (Hold): เล็ง - ซูมมุมกล้องเพื่อเล็งเป้า • L1: หลบหลีก(ปัดป้อง) / สกิล - กดเพื่อปัดป้อง (Parry) หรือกดค้างไว้เพื่อใช้เป็นปุ่มร่วมสำหรับปล่อยสกิลพิเศษ • R2 (Hold): โหนใย / ปากัวร์ - กดค้างเพื่อโหนใยไปตามตึก หรือวิ่งไต่กำแพง/กระโดดข้ามสิ่งกีดขวาง • R1: ยิงใย / อุปกรณ์แก็ดเจ็ต - กดเพื่อยิงใยใส่ศัตรู หรือกดค้างไว้เพื่อเปิดหน้าต่างเลือกใช้แก็ดเจ็ต • Triangle: ดึงตัวพุ่งโจมตี / ป,pipeline:structured_game_controls,games/game_control_lookup,100.0,True,0.3839,0,,,
MB-0320-GC-074,game_controls,psu_fact,Marvel's Spider-Man 2 ใช้จอยยังไง,Marvel's Spider-Man 2 มีข้อมูลปุ่มควบคุมดังนี้: PlayStation / PS5 • L (Left Stick): เคลื่อนที่ - บังคับทิศทางตัวละคร • L3: เกาะคอน / พุ่งหลาว - เกาะบนจุดแคบ ๆ หรือพุ่งตัวดิ่งลงพื้นขณะอยู่กลางอากาศ • R (Right Stick): มุมกล้อง - ควบคุมมุมกล้อง • R3: แสดงเป้าหมาย / สแกนพื้นที่ - ใช้สแกนหาตำแหน่งศัตรูและวัตถุต่าง ๆ รอบตัว • L2 (Hold): เล็ง - ซูมมุมกล้องเพื่อเล็งเป้า • L1: หลบหลีก(ปัดป้อง) / สกิล - กดเพื่อปัดป้อง (Parry) หรือกดค้างไว้เพื่อใช้เป็นปุ่มร่วมสำหรับปล่อยสกิลพิเศษ • R2 (Hold): โหนใย / ปากัวร์ - กดค้างเพื่อโหนใยไปตามตึก หรือวิ่งไต่กำแพง/กระโดดข้ามสิ่งกีดขวาง • R1: ยิงใย / อุปกรณ์แก็ดเจ็ต - กดเพื่อยิงใยใส่ศัตรู หรือกดค้างไว้เพื่อเปิดหน้าต่างเลือกใช้แก็ดเจ็ต • Triangle: ดึงตัวพุ่งโจมตี / ป,pipeline:structured_game_controls,games/game_control_lookup,100.0,True,0.3347,0,,,
MB-0321-GC-075,game_controls,psu_fact,Marvel's Spider-Man 2 ปุ่มเคลื่อนที่กดอะไร,Marvel's Spider-Man 2 ปุ่มที่ตรงกับคำถาม: PlayStation / PS5 • L (Left Stick): เคลื่อนที่ - บังคับทิศทางตัวละคร • R3: แสดงเป้าหมาย / สแกนพื้นที่ - ใช้สแกนหาตำแหน่งศัตรูและวัตถุต่าง ๆ รอบตัว • Touch Pad: แผนที่ / แอป FNSM - กดเพื่อดูแผนที่ หรือปัดนิ้วเพื่อเปิดแอปดูภารกิจ แหล่งข้อมูล: https://gameinputdatabase.com/game/69,pipeline:structured_game_controls,games/game_control_lookup,100.0,True,0.4334,0,,,
MB-0322-GC-076,game_controls,psu_fact,Marvel's Spider-Man 2 ปุ่มเกาะคอน / พุ่งหลาวกดอะไร,Marvel's Spider-Man 2 ปุ่มที่ตรงกับคำถาม: PlayStation / PS5 • L3: เกาะคอน / พุ่งหลาว - เกาะบนจุดแคบ ๆ หรือพุ่งตัวดิ่งลงพื้นขณะอยู่กลางอากาศ • Triangle: ดึงตัวพุ่งโจมตี / ปีกใยแมงมุม - พุ่งโจมตีศัตรู หรือกดตอนอยู่กลางอากาศเพื่อกางปีกร่อน แหล่งข้อมูล: https://gameinputdatabase.com/game/69,pipeline:structured_game_controls,games/game_control_lookup,100.0,True,0.4906,0,,,
MB-0323-GC-077,game_controls,psu_fact,Monster Hunter Rise ปุ่มทั้งหมดมีอะไรบ้าง,"Monster Hunter Rise มีข้อมูลปุ่มควบคุมดังนี้: PlayStation / PS5 • L (Left Stick): เคลื่อนที่ - บังคับทิศทางการเดินและเคลื่อนที่ของตัวละคร • R (Right Stick): มุมกล้อง - แพนมุมกล้องเพื่อดูสภาพแวดล้อมและมอนสเตอร์ • R3 (Click Right Stick): ล็อกเป้าหมาย - ล็อกเป้าหมายมอนสเตอร์เพื่อให้มุมกล้องหันตาม • L1: รีเซ็ตมุมกล้อง / เมนูลัด (กดค้าง) - กดเพื่อรีเซ็ตมุมกล้อง หรือกดค้างเพื่อเปิดวงล้อเมนูไอเทม • R1: วิ่งเร็ว (กดค้าง) - กดค้างเพื่อวิ่งสปรินต์ (ทำได้เมื่อเก็บอาวุธอยู่) • Cross: ย่อตัว / กลิ้งหลบ / กระโดด - ใช้เพื่อย่อตัว กลิ้งหลบการโจมตี หรือกระโดด • Circle: โต้ตอบ - เก็บของ, คุยกับ NPC, หรือแล่ชิ้นส่วน • Square: ใช้ไอเทม - กดเพื่อใช้ไอเทมที่เลือกไว้ หรือกดเพื่อเก็บอาวุธเข้าฝัก • Triangle: ชักอาวุ",pipeline:structured_game_controls,games/game_control_lookup,100.0,True,0.4043,0,,,
MB-0324-GC-078,game_controls,psu_fact,Monster Hunter Rise ใช้จอยยังไง,"Monster Hunter Rise มีข้อมูลปุ่มควบคุมดังนี้: PlayStation / PS5 • L (Left Stick): เคลื่อนที่ - บังคับทิศทางการเดินและเคลื่อนที่ของตัวละคร • R (Right Stick): มุมกล้อง - แพนมุมกล้องเพื่อดูสภาพแวดล้อมและมอนสเตอร์ • R3 (Click Right Stick): ล็อกเป้าหมาย - ล็อกเป้าหมายมอนสเตอร์เพื่อให้มุมกล้องหันตาม • L1: รีเซ็ตมุมกล้อง / เมนูลัด (กดค้าง) - กดเพื่อรีเซ็ตมุมกล้อง หรือกดค้างเพื่อเปิดวงล้อเมนูไอเทม • R1: วิ่งเร็ว (กดค้าง) - กดค้างเพื่อวิ่งสปรินต์ (ทำได้เมื่อเก็บอาวุธอยู่) • Cross: ย่อตัว / กลิ้งหลบ / กระโดด - ใช้เพื่อย่อตัว กลิ้งหลบการโจมตี หรือกระโดด • Circle: โต้ตอบ - เก็บของ, คุยกับ NPC, หรือแล่ชิ้นส่วน • Square: ใช้ไอเทม - กดเพื่อใช้ไอเทมที่เลือกไว้ หรือกดเพื่อเก็บอาวุธเข้าฝัก • Triangle: ชักอาวุ",pipeline:structured_game_controls,games/game_control_lookup,100.0,True,0.3078,0,,,
MB-0325-GC-079,game_controls,psu_fact,Monster Hunter Rise ปุ่มเคลื่อนที่กดอะไร,"Monster Hunter Rise ปุ่มที่ตรงกับคำถาม: PlayStation / PS5 • L (Left Stick): เคลื่อนที่ - บังคับทิศทางการเดินและเคลื่อนที่ของตัวละคร • Circle: โต้ตอบ - เก็บของ, คุยกับ NPC, หรือแล่ชิ้นส่วน • D-Pad Left / Right: แถบแอคชั่น: เลื่อนซ้าย/ขวา - เลื่อนเปลี่ยนคำสั่งในแถบ Action Bar ไปทางซ้ายหรือขวา • Touch Pad: แผนที่ - เปิดดูแผนที่แบบเต็มจอ แหล่งข้อมูล: https://gameinputdatabase.com/game/103",pipeline:structured_game_controls,games/game_control_lookup,100.0,True,0.4228,0,,,
MB-0326-GC-080,game_controls,psu_fact,Monster Hunter Rise ปุ่มมุมกล้องกดอะไร,"Monster Hunter Rise ปุ่มที่ตรงกับคำถาม: PlayStation / PS5 • R (Right Stick): มุมกล้อง - แพนมุมกล้องเพื่อดูสภาพแวดล้อมและมอนสเตอร์ • L1: รีเซ็ตมุมกล้อง / เมนูลัด (กดค้าง) - กดเพื่อรีเซ็ตมุมกล้อง หรือกดค้างเพื่อเปิดวงล้อเมนูไอเทม • Circle: โต้ตอบ - เก็บของ, คุยกับ NPC, หรือแล่ชิ้นส่วน แหล่งข้อมูล: https://gameinputdatabase.com/game/103",pipeline:structured_game_controls,games/game_control_lookup,100.0,True,0.3795,0,,,
MB-0327-GC-081,game_controls,psu_fact,Moving Out 2 ปุ่มทั้งหมดมีอะไรบ้าง,Moving Out 2 มีข้อมูลปุ่มควบคุมดังนี้: Nintendo Switch • L / ZL / R / ZR: จับ / ยก - ใช้สำหรับจับหรือยกเฟอร์นิเจอร์ สามารถกดปุ่มบ่าปุ่มใดก็ได้จากทั้ง 4 ปุ่ม • Left Stick: เคลื่อนที่ - บังคับการเดินและทิศทางของตัวละคร • D-Pad: แสดงอารมณ์ - แสดงท่าทางเต้นหรืออารมณ์ต่าง ๆ • + (Plus): หยุดเกม - หยุดเกมเพื่อเข้าสู่เมนูระบบ • X: คำใบ้ - เรียกดูคำใบ้ช่วยเหลือในการเล่น • A: กระโดด - กระโดดข้ามสิ่งกีดขวาง • Y / B: ขว้าง / ตบ - ขว้างสิ่งของที่ถืออยู่ หรือตบสิ่งแวดล้อม/เพื่อนร่วมทีม สามารถใช้ได้ทั้งปุ่ม Y และ B แหล่งข้อมูล: https://gameaccess.info/moving-out-controls-walkthrough/,pipeline:structured_game_controls,games/game_control_lookup,100.0,True,0.3675,0,,,
MB-0328-GC-082,game_controls,psu_fact,Moving Out 2 ใช้จอยยังไง,Moving Out 2 มีข้อมูลปุ่มควบคุมดังนี้: Nintendo Switch • L / ZL / R / ZR: จับ / ยก - ใช้สำหรับจับหรือยกเฟอร์นิเจอร์ สามารถกดปุ่มบ่าปุ่มใดก็ได้จากทั้ง 4 ปุ่ม • Left Stick: เคลื่อนที่ - บังคับการเดินและทิศทางของตัวละคร • D-Pad: แสดงอารมณ์ - แสดงท่าทางเต้นหรืออารมณ์ต่าง ๆ • + (Plus): หยุดเกม - หยุดเกมเพื่อเข้าสู่เมนูระบบ • X: คำใบ้ - เรียกดูคำใบ้ช่วยเหลือในการเล่น • A: กระโดด - กระโดดข้ามสิ่งกีดขวาง • Y / B: ขว้าง / ตบ - ขว้างสิ่งของที่ถืออยู่ หรือตบสิ่งแวดล้อม/เพื่อนร่วมทีม สามารถใช้ได้ทั้งปุ่ม Y และ B แหล่งข้อมูล: https://gameaccess.info/moving-out-controls-walkthrough/,pipeline:structured_game_controls,games/game_control_lookup,100.0,True,0.3143,0,,,
MB-0329-GC-083,game_controls,psu_fact,Moving Out 2 ปุ่มจับ / ยกกดอะไร,Moving Out 2 ปุ่มที่ตรงกับคำถาม: Nintendo Switch • L / ZL / R / ZR: จับ / ยก - ใช้สำหรับจับหรือยกเฟอร์นิเจอร์ สามารถกดปุ่มบ่าปุ่มใดก็ได้จากทั้ง 4 ปุ่ม แหล่งข้อมูล: https://gameaccess.info/moving-out-controls-walkthrough/,pipeline:structured_game_controls,games/game_control_lookup,100.0,True,0.3622,0,,,
MB-0330-GC-084,game_controls,psu_fact,Moving Out 2 ปุ่มเคลื่อนที่กดอะไร,Moving Out 2 ปุ่มที่ตรงกับคำถาม: Nintendo Switch • Left Stick: เคลื่อนที่ - บังคับการเดินและทิศทางของตัวละคร แหล่งข้อมูล: https://gameaccess.info/moving-out-controls-walkthrough/,pipeline:structured_game_controls,games/game_control_lookup,100.0,True,0.4,0,,,
MB-0331-GC-085,game_controls,psu_fact,NARUTO X BORUTO Ultimate Ninja STORM CONNECTIONS ปุ่มทั้งหมดมีอะไรบ้าง,NARUTO X BORUTO Ultimate Ninja STORM CONNECTIONS มีข้อมูลปุ่มควบคุมดังนี้: PlayStation / PS5 • LS (Left Stick): เคลื่อนที่ - บังคับทิศทางของตัวละคร • RS (Right Stick) Left/Right: เปลี่ยนตัวละครหลัก - ดันซ้ายหรือขวาเพื่อสลับบังคับเพื่อนร่วมทีมทันที • Circle: โจมตีระยะประชิด - ต่อย/เตะ ทำคอมโบกระบวนท่า • Triangle: คาถานินจา / จักระ - รีดเร้นจักระเพื่อใช้คาถาหรือท่าไม้ตายลับ (Secret Technique) • Square: ดาวกระจาย - ปาดาวกระจายโจมตีระยะไกล • Cross: กระโดด - กระโดด หรือพุ่งตัวเข้าหาศัตรู • L2: คาถาสลับร่าง - สลับร่างหลบการโจมตี (ใช้เกจหลบหลีก) • R2: ป้องกัน - ตั้งการ์ดบล็อกการโจมตี • L1: กำลังเสริม 1 - เรียกตัวละครซัพพอร์ตคนที่ 1 • R1: กำลังเสริม 2 - เรียกตัวละครซัพพอร์ตคนที่ 2 • D-Pad: ใช้อุปกรณ,pipeline:structured_game_controls,games/game_control_lookup,100.0,True,0.6093,0,,,
MB-0332-GC-086,game_controls,psu_fact,NARUTO X BORUTO Ultimate Ninja STORM CONNECTIONS ใช้จอยยังไง,NARUTO X BORUTO Ultimate Ninja STORM CONNECTIONS มีข้อมูลปุ่มควบคุมดังนี้: PlayStation / PS5 • LS (Left Stick): เคลื่อนที่ - บังคับทิศทางของตัวละคร • RS (Right Stick) Left/Right: เปลี่ยนตัวละครหลัก - ดันซ้ายหรือขวาเพื่อสลับบังคับเพื่อนร่วมทีมทันที • Circle: โจมตีระยะประชิด - ต่อย/เตะ ทำคอมโบกระบวนท่า • Triangle: คาถานินจา / จักระ - รีดเร้นจักระเพื่อใช้คาถาหรือท่าไม้ตายลับ (Secret Technique) • Square: ดาวกระจาย - ปาดาวกระจายโจมตีระยะไกล • Cross: กระโดด - กระโดด หรือพุ่งตัวเข้าหาศัตรู • L2: คาถาสลับร่าง - สลับร่างหลบการโจมตี (ใช้เกจหลบหลีก) • R2: ป้องกัน - ตั้งการ์ดบล็อกการโจมตี • L1: กำลังเสริม 1 - เรียกตัวละครซัพพอร์ตคนที่ 1 • R1: กำลังเสริม 2 - เรียกตัวละครซัพพอร์ตคนที่ 2 • D-Pad: ใช้อุปกรณ,pipeline:structured_game_controls,games/game_control_lookup,100.0,True,0.5097,0,,,
MB-0333-GC-087,game_controls,psu_fact,NARUTO X BORUTO Ultimate Ninja STORM CONNECTIONS ปุ่มเคลื่อนที่กดอะไร,NARUTO X BORUTO Ultimate Ninja STORM CONNECTIONS ปุ่มที่ตรงกับคำถาม: PlayStation / PS5 • LS (Left Stick): เคลื่อนที่ - บังคับทิศทางของตัวละคร • Triangle: คาถานินจา / จักระ - รีดเร้นจักระเพื่อใช้คาถาหรือท่าไม้ตายลับ (Secret Technique) • L2: คาถาสลับร่าง - สลับร่างหลบการโจมตี (ใช้เกจหลบหลีก) • D-Pad: ใช้อุปกรณ์นินจา - ใช้งานไอเทม 4 ทิศทาง แหล่งข้อมูล: https://en.bandainamcoent.eu/naruto/news/5-tips-you-should-know-playing-naruto-x-boruto-ultimate-ninja-storm-connections,pipeline:structured_game_controls,games/game_control_lookup,100.0,True,0.6217,0,,,
MB-0334-GC-088,game_controls,psu_fact,NARUTO X BORUTO Ultimate Ninja STORM CONNECTIONS ปุ่มเปลี่ยนตัวละครหลักกดอะไร,NARUTO X BORUTO Ultimate Ninja STORM CONNECTIONS ปุ่มที่ตรงกับคำถาม: PlayStation / PS5 • RS (Right Stick) Left/Right: เปลี่ยนตัวละครหลัก - ดันซ้ายหรือขวาเพื่อสลับบังคับเพื่อนร่วมทีมทันที • Triangle: คาถานินจา / จักระ - รีดเร้นจักระเพื่อใช้คาถาหรือท่าไม้ตายลับ (Secret Technique) • L2: คาถาสลับร่าง - สลับร่างหลบการโจมตี (ใช้เกจหลบหลีก) • D-Pad: ใช้อุปกรณ์นินจา - ใช้งานไอเทม 4 ทิศทาง แหล่งข้อมูล: https://en.bandainamcoent.eu/naruto/news/5-tips-you-should-know-playing-naruto-x-boruto-ultimate-ninja-storm-connections,pipeline:structured_game_controls,games/game_control_lookup,100.0,True,0.6951,0,,,
MB-0335-GC-089,game_controls,psu_fact,New Super Mario Bros. U Deluxe ปุ่มทั้งหมดมีอะไรบ้าง,New Super Mario Bros. U Deluxe มีข้อมูลปุ่มควบคุมดังนี้: Nintendo Switch • One Joy-Con: ควบคุมตัวละครด้วย Joy-Con เดี่ยว - หน้า Nintendo ระบุว่าใช้ Joy-Con เพียงหนึ่งข้างก็เล่นได้ เหมาะกับการเล่นหลายคน • Simple controls: วิ่ง กระโดด และเหยียบศัตรู - หน้า Nintendo อธิบายการเล่นเป็นเกม 2D side-scrolling ที่ใช้การวิ่ง กระโดด และเหยียบศัตรู แต่ไม่ได้ให้ปุ่มละเอียดรายปุ่ม แหล่งข้อมูล: https://www.nintendo.com/sg/switch/adal/index.html,pipeline:structured_game_controls,games/game_control_lookup,100.0,True,0.4266,0,,,
MB-0336-GC-090,game_controls,psu_fact,New Super Mario Bros. U Deluxe ใช้จอยยังไง,New Super Mario Bros. U Deluxe มีข้อมูลปุ่มควบคุมดังนี้: Nintendo Switch • One Joy-Con: ควบคุมตัวละครด้วย Joy-Con เดี่ยว - หน้า Nintendo ระบุว่าใช้ Joy-Con เพียงหนึ่งข้างก็เล่นได้ เหมาะกับการเล่นหลายคน • Simple controls: วิ่ง กระโดด และเหยียบศัตรู - หน้า Nintendo อธิบายการเล่นเป็นเกม 2D side-scrolling ที่ใช้การวิ่ง กระโดด และเหยียบศัตรู แต่ไม่ได้ให้ปุ่มละเอียดรายปุ่ม แหล่งข้อมูล: https://www.nintendo.com/sg/switch/adal/index.html,pipeline:structured_game_controls,games/game_control_lookup,100.0,True,0.3745,0,,,
MB-0337-GC-091,game_controls,psu_fact,New Super Mario Bros. U Deluxe ปุ่มควบคุมตัวละครด้วย Joy-Con เดี่ยวกดอะไร,New Super Mario Bros. U Deluxe ปุ่มที่ตรงกับคำถาม: Nintendo Switch • One Joy-Con: ควบคุมตัวละครด้วย Joy-Con เดี่ยว - หน้า Nintendo ระบุว่าใช้ Joy-Con เพียงหนึ่งข้างก็เล่นได้ เหมาะกับการเล่นหลายคน แหล่งข้อมูล: https://www.nintendo.com/sg/switch/adal/index.html,pipeline:structured_game_controls,games/game_control_lookup,100.0,True,0.6488,0,,,
MB-0338-GC-092,game_controls,psu_fact,New Super Mario Bros. U Deluxe ปุ่มวิ่ง กระโดด และเหยียบศัตรูกดอะไร,New Super Mario Bros. U Deluxe ปุ่มที่ตรงกับคำถาม: Nintendo Switch • Simple controls: วิ่ง กระโดด และเหยียบศัตรู - หน้า Nintendo อธิบายการเล่นเป็นเกม 2D side-scrolling ที่ใช้การวิ่ง กระโดด และเหยียบศัตรู แต่ไม่ได้ให้ปุ่มละเอียดรายปุ่ม แหล่งข้อมูล: https://www.nintendo.com/sg/switch/adal/index.html,pipeline:structured_game_controls,games/game_control_lookup,100.0,True,0.6079,0,,,
MB-0339-GC-093,game_controls,psu_fact,Nintendo Switch Sports ปุ่มทั้งหมดมีอะไรบ้าง,Nintendo Switch Sports มีข้อมูลปุ่มควบคุมดังนี้: Nintendo Switch • Joy-Con motion: เล่นท่ากีฬาด้วยการขยับ Joy-Con - เกมใช้ Joy-Con หรือ Joy-Con 2 ตามชนิดกีฬาที่เลือก โดยการออกท่าจะขึ้นกับกีฬานั้น ๆ • X Button on sport-selection screen: เลือกโหมดสายรัดขาใน Soccer ตอน Play Globally - ในหน้าเลือกกีฬา ให้เลือก Soccer แล้วกด X เพื่อเปลี่ยนเป็น Leg-Strap Mode • + Button on controller-holding screen: เลือกโหมดสายรัดขาใน Soccer ตอนเล่น Local/Friends - ในหน้าวิธีถือ Joy-Con ให้กด + เพื่อเปลี่ยนเป็น Leg-Strap Mode แหล่งข้อมูล: https://en-americas-support.nintendo.com/app/answers/detail/a_id/58596/~/nintendo-switch-sports-faq,pipeline:structured_game_controls,games/game_control_lookup,100.0,True,0.3317,0,,,
MB-0340-GC-094,game_controls,psu_fact,Nintendo Switch Sports ใช้จอยยังไง,Nintendo Switch Sports มีข้อมูลปุ่มควบคุมดังนี้: Nintendo Switch • Joy-Con motion: เล่นท่ากีฬาด้วยการขยับ Joy-Con - เกมใช้ Joy-Con หรือ Joy-Con 2 ตามชนิดกีฬาที่เลือก โดยการออกท่าจะขึ้นกับกีฬานั้น ๆ • X Button on sport-selection screen: เลือกโหมดสายรัดขาใน Soccer ตอน Play Globally - ในหน้าเลือกกีฬา ให้เลือก Soccer แล้วกด X เพื่อเปลี่ยนเป็น Leg-Strap Mode • + Button on controller-holding screen: เลือกโหมดสายรัดขาใน Soccer ตอนเล่น Local/Friends - ในหน้าวิธีถือ Joy-Con ให้กด + เพื่อเปลี่ยนเป็น Leg-Strap Mode แหล่งข้อมูล: https://en-americas-support.nintendo.com/app/answers/detail/a_id/58596/~/nintendo-switch-sports-faq,pipeline:structured_game_controls,games/game_control_lookup,100.0,True,0.2659,0,,,
MB-0341-GC-095,game_controls,psu_fact,Nintendo Switch Sports ปุ่มเล่นท่ากีฬาด้วยการขยับ Joy-Conกดอะไร,Nintendo Switch Sports ปุ่มที่ตรงกับคำถาม: Nintendo Switch • Joy-Con motion: เล่นท่ากีฬาด้วยการขยับ Joy-Con - เกมใช้ Joy-Con หรือ Joy-Con 2 ตามชนิดกีฬาที่เลือก โดยการออกท่าจะขึ้นกับกีฬานั้น ๆ • + Button on controller-holding screen: เลือกโหมดสายรัดขาใน Soccer ตอนเล่น Local/Friends - ในหน้าวิธีถือ Joy-Con ให้กด + เพื่อเปลี่ยนเป็น Leg-Strap Mode แหล่งข้อมูล: https://en-americas-support.nintendo.com/app/answers/detail/a_id/58596/~/nintendo-switch-sports-faq,pipeline:structured_game_controls,games/game_control_lookup,100.0,True,0.4357,0,,,
MB-0342-GC-096,game_controls,psu_fact,Nintendo Switch Sports ปุ่มเลือกโหมดสายรัดขาใน Soccer ตอน Play Globallyกดอะไร,Nintendo Switch Sports มีข้อมูลปุ่มควบคุมดังนี้: Nintendo Switch • Joy-Con motion: เล่นท่ากีฬาด้วยการขยับ Joy-Con - เกมใช้ Joy-Con หรือ Joy-Con 2 ตามชนิดกีฬาที่เลือก โดยการออกท่าจะขึ้นกับกีฬานั้น ๆ • X Button on sport-selection screen: เลือกโหมดสายรัดขาใน Soccer ตอน Play Globally - ในหน้าเลือกกีฬา ให้เลือก Soccer แล้วกด X เพื่อเปลี่ยนเป็น Leg-Strap Mode • + Button on controller-holding screen: เลือกโหมดสายรัดขาใน Soccer ตอนเล่น Local/Friends - ในหน้าวิธีถือ Joy-Con ให้กด + เพื่อเปลี่ยนเป็น Leg-Strap Mode แหล่งข้อมูล: https://en-americas-support.nintendo.com/app/answers/detail/a_id/58596/~/nintendo-switch-sports-faq,pipeline:structured_game_controls,games/game_control_lookup,100.0,True,0.5014,0,,,
MB-0343-GC-097,game_controls,psu_fact,Overcooked 2 ปุ่มทั้งหมดมีอะไรบ้าง,Overcooked! 2 มีอยู่ในรายการเกมที่ยืนยันได้ของ PSU Esports Studio - Phuket ครับ Overcooked 2 คือเกมทำอาหารแบบร่วมมือกัน ผู้เล่นต้องแบ่งหน้าที่ เตรียมอาหาร เสิร์ฟ และจัดการครัวที่วุ่นวาย แนวเกม: เกม Co-op ทำอาหาร วิธีเล่นโดยสรุป: ช่วยกันหั่นวัตถุดิบ ปรุง เสิร์ฟ ล้างจาน และสื่อสารกับทีมให้ทันเวลา เล่นได้ที่: Nintendo Switch Zone ยังไม่พบข้อมูลปุ่มควบคุมของ Overcooked! 2 ที่ยืนยันได้ในฐานข้อมูลตอนนี้ครับ แหล่งข้อมูล: https://esports.phuket.psu.ac.th/Services/our-games,pipeline:structured_game_controls_no_data,games/game_control_lookup,100.0,True,0.3548,0,,,
MB-0344-GC-098,game_controls,psu_fact,Overcooked 2 ใช้จอยยังไง,Overcooked! 2 มีอยู่ในรายการเกมที่ยืนยันได้ของ PSU Esports Studio - Phuket ครับ Overcooked 2 คือเกมทำอาหารแบบร่วมมือกัน ผู้เล่นต้องแบ่งหน้าที่ เตรียมอาหาร เสิร์ฟ และจัดการครัวที่วุ่นวาย แนวเกม: เกม Co-op ทำอาหาร วิธีเล่นโดยสรุป: ช่วยกันหั่นวัตถุดิบ ปรุง เสิร์ฟ ล้างจาน และสื่อสารกับทีมให้ทันเวลา เล่นได้ที่: Nintendo Switch Zone ยังไม่พบข้อมูลปุ่มควบคุมของ Overcooked! 2 ที่ยืนยันได้ในฐานข้อมูลตอนนี้ครับ แหล่งข้อมูล: https://esports.phuket.psu.ac.th/Services/our-games,pipeline:structured_game_controls_no_data,games/game_control_lookup,100.0,True,0.2563,0,,,
MB-0345-GC-099,game_controls,psu_fact,Overcooked 2 ปุ่มเคลื่อนที่กดอะไร,Overcooked! 2 มีอยู่ในรายการเกมที่ยืนยันได้ของ PSU Esports Studio - Phuket ครับ Overcooked 2 คือเกมทำอาหารแบบร่วมมือกัน ผู้เล่นต้องแบ่งหน้าที่ เตรียมอาหาร เสิร์ฟ และจัดการครัวที่วุ่นวาย แนวเกม: เกม Co-op ทำอาหาร วิธีเล่นโดยสรุป: ช่วยกันหั่นวัตถุดิบ ปรุง เสิร์ฟ ล้างจาน และสื่อสารกับทีมให้ทันเวลา เล่นได้ที่: Nintendo Switch Zone ยังไม่พบข้อมูลปุ่มควบคุมของ Overcooked! 2 ที่ยืนยันได้ในฐานข้อมูลตอนนี้ครับ แหล่งข้อมูล: https://esports.phuket.psu.ac.th/Services/our-games,pipeline:structured_game_controls_no_data,games/game_control_lookup,100.0,True,0.3677,0,,,
MB-0346-GC-100,game_controls,psu_fact,Overcooked 2 ปุ่มหยิบ / วางกดอะไร,Overcooked! 2 มีอยู่ในรายการเกมที่ยืนยันได้ของ PSU Esports Studio - Phuket ครับ Overcooked 2 คือเกมทำอาหารแบบร่วมมือกัน ผู้เล่นต้องแบ่งหน้าที่ เตรียมอาหาร เสิร์ฟ และจัดการครัวที่วุ่นวาย แนวเกม: เกม Co-op ทำอาหาร วิธีเล่นโดยสรุป: ช่วยกันหั่นวัตถุดิบ ปรุง เสิร์ฟ ล้างจาน และสื่อสารกับทีมให้ทันเวลา เล่นได้ที่: Nintendo Switch Zone ยังไม่พบข้อมูลปุ่มควบคุมของ Overcooked! 2 ที่ยืนยันได้ในฐานข้อมูลตอนนี้ครับ แหล่งข้อมูล: https://esports.phuket.psu.ac.th/Services/our-games,pipeline:structured_game_controls_no_data,games/game_control_lookup,100.0,True,0.3344,0,,,
MB-0347-GC-101,game_controls,psu_fact,PUBG: BATTLEGROUNDS ปุ่มทั้งหมดมีอะไรบ้าง,PUBG: BATTLEGROUNDS มีข้อมูลปุ่มควบคุมดังนี้: PC • W / A / S / D: เคลื่อนที่ - เคลื่อนที่ตัวละคร • F: โต้ตอบ - เก็บของ เปิดประตู หรือใช้งานวัตถุ • C: ย่อตัว - ย่อตัว • Z: หมอบ - นอนหมอบ • Shift: วิ่ง / กลั้นหายใจ - วิ่งเร็ว และใช้กลั้นหายใจตอนเล็ง ADS • Ctrl: เดิน - เดินช้า • Space: กระโดด - กระโดด • Tab / I: เปิดกระเป๋า - เปิด inventory • M: เปิดแผนที่ - เปิดแผนที่ • Alt: มองอิสระ - มองรอบตัวโดยไม่เปลี่ยนทิศทางเดิน • Q / E: เอียงซ้าย / เอียงขวา - เอียงตัวเพื่อ peek • R: รีโหลด - เปลี่ยนกระสุน • B: เปลี่ยนโหมดยิง - สลับโหมดยิงของอาวุธ • X: เก็บ/ถอดอาวุธ - เก็บอาวุธที่ถืออยู่ • Left Mouse Button: ยิง - ยิงอาวุธ • Right Mouse Button: เล็ง - เล็งแบบ soft aim หรือ ADS ตาม setting • 1 / 2 / 3 / 4,pipeline:structured_game_controls,games/game_control_lookup,100.0,True,0.4082,0,,,
MB-0348-GC-102,game_controls,psu_fact,PUBG: BATTLEGROUNDS ใช้จอยยังไง,PUBG: BATTLEGROUNDS มีข้อมูลปุ่มควบคุมดังนี้: PC • W / A / S / D: เคลื่อนที่ - เคลื่อนที่ตัวละคร • F: โต้ตอบ - เก็บของ เปิดประตู หรือใช้งานวัตถุ • C: ย่อตัว - ย่อตัว • Z: หมอบ - นอนหมอบ • Shift: วิ่ง / กลั้นหายใจ - วิ่งเร็ว และใช้กลั้นหายใจตอนเล็ง ADS • Ctrl: เดิน - เดินช้า • Space: กระโดด - กระโดด • Tab / I: เปิดกระเป๋า - เปิด inventory • M: เปิดแผนที่ - เปิดแผนที่ • Alt: มองอิสระ - มองรอบตัวโดยไม่เปลี่ยนทิศทางเดิน • Q / E: เอียงซ้าย / เอียงขวา - เอียงตัวเพื่อ peek • R: รีโหลด - เปลี่ยนกระสุน • B: เปลี่ยนโหมดยิง - สลับโหมดยิงของอาวุธ • X: เก็บ/ถอดอาวุธ - เก็บอาวุธที่ถืออยู่ • Left Mouse Button: ยิง - ยิงอาวุธ • Right Mouse Button: เล็ง - เล็งแบบ soft aim หรือ ADS ตาม setting • 1 / 2 / 3 / 4,pipeline:structured_game_controls,games/game_control_lookup,100.0,True,0.3268,0,,,
MB-0349-GC-103,game_controls,psu_fact,PUBG: BATTLEGROUNDS ปุ่มเคลื่อนที่กดอะไร,PUBG: BATTLEGROUNDS ปุ่มที่ตรงกับคำถาม: PC • W / A / S / D: เคลื่อนที่ - เคลื่อนที่ตัวละคร • M: เปิดแผนที่ - เปิดแผนที่ แหล่งข้อมูล: https://gamefaqs.gamespot.com/pc/206545-playerunknowns-battlegrounds/faqs/76480/controls,pipeline:structured_game_controls,games/game_control_lookup,100.0,True,0.4409,0,,,
MB-0350-GC-104,game_controls,psu_fact,PUBG: BATTLEGROUNDS ปุ่มโต้ตอบกดอะไร,PUBG: BATTLEGROUNDS ปุ่มที่ตรงกับคำถาม: PC • F: โต้ตอบ - เก็บของ เปิดประตู หรือใช้งานวัตถุ แหล่งข้อมูล: https://gamefaqs.gamespot.com/pc/206545-playerunknowns-battlegrounds/faqs/76480/controls,pipeline:structured_game_controls,games/game_control_lookup,100.0,True,0.3661,0,,,
MB-0351-GC-105,game_controls,psu_fact,Resident Evil 4 (Remake) ปุ่มทั้งหมดมีอะไรบ้าง,Resident Evil 4 (Remake) มีข้อมูลปุ่มควบคุมดังนี้: PlayStation / PS5 • L (Left Stick): เคลื่อนที่ • L3: วิ่งสปรินต์ • R (Right Stick): มุมกล้อง • L2 (Hold): เล็ง • L1: ปัดป้อง • R1: วิ่ง / กลับหลังหัน • R2: ยิง / โจมตีด้วยมีด • Triangle: คลังไอเทม • Circle: ย่อตัว • Square: รีโหลด • Cross: โต้ตอบ • D-Pad: เปลี่ยนอาวุธ • Options: หยุดเกม • Touch Pad: แผนที่ แหล่งข้อมูล: https://gameinputdatabase.com/game/45,pipeline:structured_game_controls,games/game_control_lookup,100.0,True,0.3776,0,,,
MB-0352-GC-106,game_controls,psu_fact,Resident Evil 4 (Remake) ใช้จอยยังไง,Resident Evil 4 (Remake) มีข้อมูลปุ่มควบคุมดังนี้: PlayStation / PS5 • L (Left Stick): เคลื่อนที่ • L3: วิ่งสปรินต์ • R (Right Stick): มุมกล้อง • L2 (Hold): เล็ง • L1: ปัดป้อง • R1: วิ่ง / กลับหลังหัน • R2: ยิง / โจมตีด้วยมีด • Triangle: คลังไอเทม • Circle: ย่อตัว • Square: รีโหลด • Cross: โต้ตอบ • D-Pad: เปลี่ยนอาวุธ • Options: หยุดเกม • Touch Pad: แผนที่ แหล่งข้อมูล: https://gameinputdatabase.com/game/45,pipeline:structured_game_controls,games/game_control_lookup,100.0,True,0.3157,0,,,
MB-0353-GC-107,game_controls,psu_fact,Resident Evil 4 (Remake) ปุ่มเคลื่อนที่กดอะไร,Resident Evil 4 (Remake) ปุ่มที่ตรงกับคำถาม: PlayStation / PS5 • L (Left Stick): เคลื่อนที่ • Touch Pad: แผนที่ แหล่งข้อมูล: https://gameinputdatabase.com/game/45,pipeline:structured_game_controls,games/game_control_lookup,100.0,True,0.4148,0,,,
MB-0354-GC-108,game_controls,psu_fact,Resident Evil 4 (Remake) ปุ่มวิ่งสปรินต์กดอะไร,Resident Evil 4 (Remake) ปุ่มที่ตรงกับคำถาม: PlayStation / PS5 • L3: วิ่งสปรินต์ • R1: วิ่ง / กลับหลังหัน แหล่งข้อมูล: https://gameinputdatabase.com/game/45,pipeline:structured_game_controls,games/game_control_lookup,100.0,True,0.4385,0,,,
MB-0355-GC-109,game_controls,psu_fact,Resident Evil Village ปุ่มทั้งหมดมีอะไรบ้าง,Resident Evil Village มีข้อมูลปุ่มควบคุมดังนี้: PlayStation / PS5 • L (Left Stick): เคลื่อนที่ - บังคับทิศทางการเดินและการเคลื่อนไหวของตัวละคร Ethan Winters • L3 (Click Left Stick): วิ่งเร็ว / สปรินต์ - กดลงไปในขณะเคลื่อนที่เพื่อเร่งความเร็วในการวิ่งหนีหรือเข้าหาที่กำบัง • R (Right Stick): ควบคุมมุมมอง / หันกล้อง - หมุนเพื่อกวาดสายตา หันหัวตัวละคร มองรอบ ๆ หรือใช้ในการเล็งเป้า • R3 (Click Right Stick): ย่อตัว - กดเพื่อย่อตัวลงต่ำ ใช้สำหรับลอดช่องแคบ ซ่อนตัว หรือหลบการโจมตีระดับสายตา • L2: เล็งเป้า / เล็งปืน - ยกอาวุธปืนขึ้นมาเล็งเพื่อบีบเป้าให้แคบลงและเพิ่มความแม่นยำในการยิง • L1: ยกการ์ด / ป้องกัน - ยกแขนขึ้นมาตั้งการ์ดบังการโจมตีของศัตรูเพื่อลดความเสียหาย (หากกดถูกจังหวะจะสามารถผลักศัตรูให,pipeline:structured_game_controls,games/game_control_lookup,100.0,True,0.4336,0,,,
MB-0356-GC-110,game_controls,psu_fact,Resident Evil Village ใช้จอยยังไง,Resident Evil Village มีข้อมูลปุ่มควบคุมดังนี้: PlayStation / PS5 • L (Left Stick): เคลื่อนที่ - บังคับทิศทางการเดินและการเคลื่อนไหวของตัวละคร Ethan Winters • L3 (Click Left Stick): วิ่งเร็ว / สปรินต์ - กดลงไปในขณะเคลื่อนที่เพื่อเร่งความเร็วในการวิ่งหนีหรือเข้าหาที่กำบัง • R (Right Stick): ควบคุมมุมมอง / หันกล้อง - หมุนเพื่อกวาดสายตา หันหัวตัวละคร มองรอบ ๆ หรือใช้ในการเล็งเป้า • R3 (Click Right Stick): ย่อตัว - กดเพื่อย่อตัวลงต่ำ ใช้สำหรับลอดช่องแคบ ซ่อนตัว หรือหลบการโจมตีระดับสายตา • L2: เล็งเป้า / เล็งปืน - ยกอาวุธปืนขึ้นมาเล็งเพื่อบีบเป้าให้แคบลงและเพิ่มความแม่นยำในการยิง • L1: ยกการ์ด / ป้องกัน - ยกแขนขึ้นมาตั้งการ์ดบังการโจมตีของศัตรูเพื่อลดความเสียหาย (หากกดถูกจังหวะจะสามารถผลักศัตรูให,pipeline:structured_game_controls,games/game_control_lookup,100.0,True,0.3247,0,,,
MB-0357-GC-111,game_controls,psu_fact,Resident Evil Village ปุ่มเคลื่อนที่กดอะไร,Resident Evil Village ปุ่มที่ตรงกับคำถาม: PlayStation / PS5 • L (Left Stick): เคลื่อนที่ - บังคับทิศทางการเดินและการเคลื่อนไหวของตัวละคร Ethan Winters • Touch Pad: แผนที่ - เปิดดูแผนที่จำลองของพื้นที่หรือหมู่บ้าน เพื่อเช็กเส้นทางและห้องที่ยังสำรวจไม่ครบ แหล่งข้อมูล: https://gameinputdatabase.com/game/234,pipeline:structured_game_controls,games/game_control_lookup,100.0,True,0.4662,0,,,
MB-0358-GC-112,game_controls,psu_fact,Resident Evil Village ปุ่มวิ่งเร็ว / สปรินต์กดอะไร,Resident Evil Village ปุ่มที่ตรงกับคำถาม: PlayStation / PS5 • L3 (Click Left Stick): วิ่งเร็ว / สปรินต์ - กดลงไปในขณะเคลื่อนที่เพื่อเร่งความเร็วในการวิ่งหนีหรือเข้าหาที่กำบัง แหล่งข้อมูล: https://gameinputdatabase.com/game/234,pipeline:structured_game_controls,games/game_control_lookup,100.0,True,0.5103,0,,,
MB-0359-GC-113,game_controls,psu_fact,Ring Fit Adventure ปุ่มทั้งหมดมีอะไรบ้าง,Ring Fit Adventure มีข้อมูลปุ่มควบคุมดังนี้: Nintendo Switch • Joy-Con (R) Control Stick: เลื่อนเคอร์เซอร์ - ใช้เลื่อนเคอร์เซอร์ในเมนู โดย Joy-Con (R) คือจอยที่ใส่กับ Ring-Con • X Button: ยืนยันการเลือก - ใช้ยืนยันการเลือกในเมนู • A Button: ยกเลิกการเลือก - ใช้ยกเลิกหรือย้อนกลับจากการเลือกในเมนู • Ring-Con tilt: เลื่อนเคอร์เซอร์ด้วย Ring-Con - ถือ Ring-Con เหมือนพวงมาลัย แล้วเอียงซ้ายขวาหรือยกขึ้นลงเพื่อเลื่อนเคอร์เซอร์ • Press Ring-Con inward: ยืนยันด้วย Ring-Con - กด Ring-Con เข้าด้านในเพื่อยืนยันการเลือก • Pull Ring-Con outward: ยกเลิกด้วย Ring-Con - ดึง Ring-Con ออกด้านนอกเพื่อยกเลิกการเลือก แหล่งข้อมูล: https://en-americas-support.nintendo.com/app/answers/detail/a_id/47833/~/how-do-i-co,pipeline:structured_game_controls,games/game_control_lookup,100.0,True,0.3826,0,,,
MB-0360-GC-114,game_controls,psu_fact,Ring Fit Adventure ใช้จอยยังไง,Ring Fit Adventure มีข้อมูลปุ่มควบคุมดังนี้: Nintendo Switch • Joy-Con (R) Control Stick: เลื่อนเคอร์เซอร์ - ใช้เลื่อนเคอร์เซอร์ในเมนู โดย Joy-Con (R) คือจอยที่ใส่กับ Ring-Con • X Button: ยืนยันการเลือก - ใช้ยืนยันการเลือกในเมนู • A Button: ยกเลิกการเลือก - ใช้ยกเลิกหรือย้อนกลับจากการเลือกในเมนู • Ring-Con tilt: เลื่อนเคอร์เซอร์ด้วย Ring-Con - ถือ Ring-Con เหมือนพวงมาลัย แล้วเอียงซ้ายขวาหรือยกขึ้นลงเพื่อเลื่อนเคอร์เซอร์ • Press Ring-Con inward: ยืนยันด้วย Ring-Con - กด Ring-Con เข้าด้านในเพื่อยืนยันการเลือก • Pull Ring-Con outward: ยกเลิกด้วย Ring-Con - ดึง Ring-Con ออกด้านนอกเพื่อยกเลิกการเลือก แหล่งข้อมูล: https://en-americas-support.nintendo.com/app/answers/detail/a_id/47833/~/how-do-i-co,pipeline:structured_game_controls,games/game_control_lookup,100.0,True,0.3011,0,,,
MB-0361-GC-115,game_controls,psu_fact,Ring Fit Adventure ปุ่มเลื่อนเคอร์เซอร์กดอะไร,Ring Fit Adventure ปุ่มที่ตรงกับคำถาม: Nintendo Switch • Joy-Con (R) Control Stick: เลื่อนเคอร์เซอร์ - ใช้เลื่อนเคอร์เซอร์ในเมนู โดย Joy-Con (R) คือจอยที่ใส่กับ Ring-Con • Ring-Con tilt: เลื่อนเคอร์เซอร์ด้วย Ring-Con - ถือ Ring-Con เหมือนพวงมาลัย แล้วเอียงซ้ายขวาหรือยกขึ้นลงเพื่อเลื่อนเคอร์เซอร์ • Press Ring-Con inward: ยืนยันด้วย Ring-Con - กด Ring-Con เข้าด้านในเพื่อยืนยันการเลือก • Pull Ring-Con outward: ยกเลิกด้วย Ring-Con - ดึง Ring-Con ออกด้านนอกเพื่อยกเลิกการเลือก แหล่งข้อมูล: https://en-americas-support.nintendo.com/app/answers/detail/a_id/47833/~/how-do-i-control-the-game%3F-%28ring-fit-adventure%29,pipeline:structured_game_controls,games/game_control_lookup,100.0,True,0.4863,0,,,
MB-0362-GC-116,game_controls,psu_fact,Ring Fit Adventure ปุ่มยืนยันการเลือกกดอะไร,Ring Fit Adventure ปุ่มที่ตรงกับคำถาม: Nintendo Switch • X Button: ยืนยันการเลือก - ใช้ยืนยันการเลือกในเมนู • A Button: ยกเลิกการเลือก - ใช้ยกเลิกหรือย้อนกลับจากการเลือกในเมนู • Ring-Con tilt: เลื่อนเคอร์เซอร์ด้วย Ring-Con - ถือ Ring-Con เหมือนพวงมาลัย แล้วเอียงซ้ายขวาหรือยกขึ้นลงเพื่อเลื่อนเคอร์เซอร์ • Press Ring-Con inward: ยืนยันด้วย Ring-Con - กด Ring-Con เข้าด้านในเพื่อยืนยันการเลือก • Pull Ring-Con outward: ยกเลิกด้วย Ring-Con - ดึง Ring-Con ออกด้านนอกเพื่อยกเลิกการเลือก แหล่งข้อมูล: https://en-americas-support.nintendo.com/app/answers/detail/a_id/47833/~/how-do-i-control-the-game%3F-%28ring-fit-adventure%29,pipeline:structured_game_controls,games/game_control_lookup,100.0,True,0.4212,0,,,
MB-0363-GC-117,game_controls,psu_fact,Super Mario Odyssey ปุ่มทั้งหมดมีอะไรบ้าง,Super Mario Odyssey มีข้อมูลปุ่มควบคุมดังนี้: Nintendo Switch • L (Left Stick): เคลื่อนที่ - บังคับทิศทางการเดินและวิ่งของมาริโอ • R (Right Stick): มุมกล้อง - หมุนและแพนมุมกล้องเพื่อดูสภาพแวดล้อม • R3 (Click Right Stick): มุมมองบุคคลที่หนึ่ง - กดเพื่อเปลี่ยนเป็นมุมมองบุคคลที่หนึ่งสำหรับส่องดูรายละเอียด • A / B: กระโดด - ใช้กระโดด สามารถใช้ปุ่ม A หรือ B ก็ได้ • X / Y: ขว้างหมวก / วิ่งเร็ว - กดเพื่อขว้างหมวก Cappy หรือกดค้างไว้พร้อมบังคับทิศทางเพื่อวิ่งเร็ว • ZL: ย่อตัว - ย่อตัวลงเพื่อม้วนตัว หรือใช้ทำท่ากระแทกพื้น (Ground Pound) • R: รีเซ็ตกล้อง - รีเซ็ตมุมกล้องให้หันไปทางเดียวกับที่มาริโอกำลังมองอยู่ • D-Pad Down: โหมดถ่ายภาพ - เข้าสู่โหมดถ่ายภาพเพื่อตกแต่งและบันทึกหน้าจอ • D-Pad Right: สแกน,pipeline:structured_game_controls,games/game_control_lookup,100.0,True,0.4093,0,,,
MB-0364-GC-118,game_controls,psu_fact,Super Mario Odyssey ใช้จอยยังไง,Super Mario Odyssey มีข้อมูลปุ่มควบคุมดังนี้: Nintendo Switch • L (Left Stick): เคลื่อนที่ - บังคับทิศทางการเดินและวิ่งของมาริโอ • R (Right Stick): มุมกล้อง - หมุนและแพนมุมกล้องเพื่อดูสภาพแวดล้อม • R3 (Click Right Stick): มุมมองบุคคลที่หนึ่ง - กดเพื่อเปลี่ยนเป็นมุมมองบุคคลที่หนึ่งสำหรับส่องดูรายละเอียด • A / B: กระโดด - ใช้กระโดด สามารถใช้ปุ่ม A หรือ B ก็ได้ • X / Y: ขว้างหมวก / วิ่งเร็ว - กดเพื่อขว้างหมวก Cappy หรือกดค้างไว้พร้อมบังคับทิศทางเพื่อวิ่งเร็ว • ZL: ย่อตัว - ย่อตัวลงเพื่อม้วนตัว หรือใช้ทำท่ากระแทกพื้น (Ground Pound) • R: รีเซ็ตกล้อง - รีเซ็ตมุมกล้องให้หันไปทางเดียวกับที่มาริโอกำลังมองอยู่ • D-Pad Down: โหมดถ่ายภาพ - เข้าสู่โหมดถ่ายภาพเพื่อตกแต่งและบันทึกหน้าจอ • D-Pad Right: สแกน,pipeline:structured_game_controls,games/game_control_lookup,100.0,True,0.3375,0,,,
MB-0365-GC-119,game_controls,psu_fact,Super Mario Odyssey ปุ่มเคลื่อนที่กดอะไร,Super Mario Odyssey ปุ่มที่ตรงกับคำถาม: Nintendo Switch • L (Left Stick): เคลื่อนที่ - บังคับทิศทางการเดินและวิ่งของมาริโอ • - (Minus): แผนที่ - เปิดแผนที่เพื่อดูข้อมูลอาณาจักรหรือใช้วาร์ป แหล่งข้อมูล: https://gameinputdatabase.com/game/32,pipeline:structured_game_controls,games/game_control_lookup,100.0,True,0.4413,0,,,
MB-0366-GC-120,game_controls,psu_fact,Super Mario Odyssey ปุ่มมุมกล้องกดอะไร,Super Mario Odyssey ปุ่มที่ตรงกับคำถาม: Nintendo Switch • R (Right Stick): มุมกล้อง - หมุนและแพนมุมกล้องเพื่อดูสภาพแวดล้อม • R: รีเซ็ตกล้อง - รีเซ็ตมุมกล้องให้หันไปทางเดียวกับที่มาริโอกำลังมองอยู่ แหล่งข้อมูล: https://gameinputdatabase.com/game/32,pipeline:structured_game_controls,games/game_control_lookup,100.0,True,0.3661,0,,,
MB-0367-GC-121,game_controls,psu_fact,Super Smash Bros. Ultimate ปุ่มทั้งหมดมีอะไรบ้าง,Super Smash Bros. Ultimate มีข้อมูลปุ่มควบคุมดังนี้: Nintendo Switch • L (Left Stick): เคลื่อนที่ - ใช้เดิน วิ่ง หรือย่อตัว รวมถึงกำหนดทิศทางการโจมตีท่าต่าง ๆ • R (Right Stick): โจมตีสแมช - ก้านอนาล็อกขวาใช้สำหรับปล่อยท่า Smash Attack ไปตามทิศทางที่ดันอย่างรวดเร็ว • A: โจมตีปกติ - การโจมตีพื้นฐาน (Jab/Tilt/Aerial) ขึ้นอยู่กับทิศทางของอนาล็อกซ้าย • B: โจมตีพิเศษ - ท่าไม้ตายของตัวละคร (Special Moves) สามารถเปลี่ยนท่าได้ตามทิศทางอนาล็อกซ้าย • X / Y: กระโดด - ใช้กระโดด สามารถกดพร้อมปุ่มโจมตีเพื่อทำ Aerial Attack ได้ • ZL / ZR: โล่ป้องกัน - กางโล่เพื่อป้องกันการโจมตี สามารถกดพร้อมอนาล็อกซ้ายเพื่อกลิ้งหลบได้ • L / R: จับทุ่ม - จับคู่ต่อสู้เพื่อทุ่ม ใช้แก้ทางคู่ต่อสู้ที่กำลังกางโล่ได้ดี • D-Pad (Up,pipeline:structured_game_controls,games/game_control_lookup,100.0,True,0.4303,0,,,
MB-0368-GC-122,game_controls,psu_fact,Super Smash Bros. Ultimate ใช้จอยยังไง,Super Smash Bros. Ultimate มีข้อมูลปุ่มควบคุมดังนี้: Nintendo Switch • L (Left Stick): เคลื่อนที่ - ใช้เดิน วิ่ง หรือย่อตัว รวมถึงกำหนดทิศทางการโจมตีท่าต่าง ๆ • R (Right Stick): โจมตีสแมช - ก้านอนาล็อกขวาใช้สำหรับปล่อยท่า Smash Attack ไปตามทิศทางที่ดันอย่างรวดเร็ว • A: โจมตีปกติ - การโจมตีพื้นฐาน (Jab/Tilt/Aerial) ขึ้นอยู่กับทิศทางของอนาล็อกซ้าย • B: โจมตีพิเศษ - ท่าไม้ตายของตัวละคร (Special Moves) สามารถเปลี่ยนท่าได้ตามทิศทางอนาล็อกซ้าย • X / Y: กระโดด - ใช้กระโดด สามารถกดพร้อมปุ่มโจมตีเพื่อทำ Aerial Attack ได้ • ZL / ZR: โล่ป้องกัน - กางโล่เพื่อป้องกันการโจมตี สามารถกดพร้อมอนาล็อกซ้ายเพื่อกลิ้งหลบได้ • L / R: จับทุ่ม - จับคู่ต่อสู้เพื่อทุ่ม ใช้แก้ทางคู่ต่อสู้ที่กำลังกางโล่ได้ดี • D-Pad (Up,pipeline:structured_game_controls,games/game_control_lookup,100.0,True,0.3598,0,,,
MB-0369-GC-123,game_controls,psu_fact,Super Smash Bros. Ultimate ปุ่มเคลื่อนที่กดอะไร,Super Smash Bros. Ultimate ปุ่มที่ตรงกับคำถาม: Nintendo Switch • L (Left Stick): เคลื่อนที่ - ใช้เดิน วิ่ง หรือย่อตัว รวมถึงกำหนดทิศทางการโจมตีท่าต่าง ๆ • R (Right Stick): โจมตีสแมช - ก้านอนาล็อกขวาใช้สำหรับปล่อยท่า Smash Attack ไปตามทิศทางที่ดันอย่างรวดเร็ว แหล่งข้อมูล: https://gameinputdatabase.com/game/46,pipeline:structured_game_controls,games/game_control_lookup,100.0,True,0.4672,0,,,
MB-0370-GC-124,game_controls,psu_fact,Super Smash Bros. Ultimate ปุ่มโจมตีสแมชกดอะไร,Super Smash Bros. Ultimate ปุ่มที่ตรงกับคำถาม: Nintendo Switch • R (Right Stick): โจมตีสแมช - ก้านอนาล็อกขวาใช้สำหรับปล่อยท่า Smash Attack ไปตามทิศทางที่ดันอย่างรวดเร็ว • A: โจมตีปกติ - การโจมตีพื้นฐาน (Jab/Tilt/Aerial) ขึ้นอยู่กับทิศทางของอนาล็อกซ้าย • B: โจมตีพิเศษ - ท่าไม้ตายของตัวละคร (Special Moves) สามารถเปลี่ยนท่าได้ตามทิศทางอนาล็อกซ้าย แหล่งข้อมูล: https://gameinputdatabase.com/game/46,pipeline:structured_game_controls,games/game_control_lookup,100.0,True,0.4354,0,,,
MB-0371-GC-125,game_controls,psu_fact,TEKKEN 8 ปุ่มทั้งหมดมีอะไรบ้าง,"TEKKEN 8 มีข้อมูลปุ่มควบคุมดังนี้: PlayStation / PS5 • Square: หมัดซ้าย / ต่อยซ้าย - ออกหมัดแย็บหรือโจมตีด้วยมือซ้าย เป็นปุ่มหลักในการเริ่มต้นเฟรมคอมโบที่รวดเร็ว • Triangle: หมัดขวา / ต่อยขวา - ออกหมัดหนักหรือโจมตีด้วยมือขวา มักใช้ทำดาเมจแรงหรือสวนกลับ (Counter) • Cross: ลูกเตะซ้าย - ใช้ขาซ้ายเตะสกัดหรือโจมตีเพื่อเปิดช่องว่างของศัตรู • Circle: ลูกเตะขวา - ใช้ขาขวาหวดเตะอย่างรุนแรง มักเป็นท่าเคลียร์ระยะหรือตัดขาที่ทำดาเมจสูง • D-Pad Up: กระโดด - ควบคุมให้ตัวละครกระโดดขึ้นด้านบนเพื่อหลบการโจมตีล่าง หรือใช้กดร่วมกับปุ่มโจมตีกลางอากาศ • D-Pad Left: ถอยหลัง / บล็อก - บังคับตัวละครให้เดินถอยหลังเพื่อรักษาระยะ หรือใช้กดค้างเพื่อ ""บล็อก (Guard)"" การโจมตีระดับสูงและระดับกลางของศัตรู • D-Pad Down: ย่อ",pipeline:structured_game_controls,games/game_control_lookup,100.0,True,0.5073,0,,,
MB-0372-GC-126,game_controls,psu_fact,TEKKEN 8 ใช้จอยยังไง,"TEKKEN 8 มีข้อมูลปุ่มควบคุมดังนี้: PlayStation / PS5 • Square: หมัดซ้าย / ต่อยซ้าย - ออกหมัดแย็บหรือโจมตีด้วยมือซ้าย เป็นปุ่มหลักในการเริ่มต้นเฟรมคอมโบที่รวดเร็ว • Triangle: หมัดขวา / ต่อยขวา - ออกหมัดหนักหรือโจมตีด้วยมือขวา มักใช้ทำดาเมจแรงหรือสวนกลับ (Counter) • Cross: ลูกเตะซ้าย - ใช้ขาซ้ายเตะสกัดหรือโจมตีเพื่อเปิดช่องว่างของศัตรู • Circle: ลูกเตะขวา - ใช้ขาขวาหวดเตะอย่างรุนแรง มักเป็นท่าเคลียร์ระยะหรือตัดขาที่ทำดาเมจสูง • D-Pad Up: กระโดด - ควบคุมให้ตัวละครกระโดดขึ้นด้านบนเพื่อหลบการโจมตีล่าง หรือใช้กดร่วมกับปุ่มโจมตีกลางอากาศ • D-Pad Left: ถอยหลัง / บล็อก - บังคับตัวละครให้เดินถอยหลังเพื่อรักษาระยะ หรือใช้กดค้างเพื่อ ""บล็อก (Guard)"" การโจมตีระดับสูงและระดับกลางของศัตรู • D-Pad Down: ย่อ",pipeline:structured_game_controls,games/game_control_lookup,100.0,True,0.2968,0,,,
MB-0373-GC-127,game_controls,psu_fact,TEKKEN 8 ปุ่มหมัดซ้าย / ต่อยซ้ายกดอะไร,TEKKEN 8 ปุ่มที่ตรงกับคำถาม: PlayStation / PS5 • Square: หมัดซ้าย / ต่อยซ้าย - ออกหมัดแย็บหรือโจมตีด้วยมือซ้าย เป็นปุ่มหลักในการเริ่มต้นเฟรมคอมโบที่รวดเร็ว • Triangle: หมัดขวา / ต่อยขวา - ออกหมัดหนักหรือโจมตีด้วยมือขวา มักใช้ทำดาเมจแรงหรือสวนกลับ (Counter) • Cross: ลูกเตะซ้าย - ใช้ขาซ้ายเตะสกัดหรือโจมตีเพื่อเปิดช่องว่างของศัตรู แหล่งข้อมูล: https://gameinputdatabase.com/game/83,pipeline:structured_game_controls,games/game_control_lookup,100.0,True,0.4766,0,,,
MB-0374-GC-128,game_controls,psu_fact,TEKKEN 8 ปุ่มหมัดขวา / ต่อยขวากดอะไร,TEKKEN 8 ปุ่มที่ตรงกับคำถาม: PlayStation / PS5 • Square: หมัดซ้าย / ต่อยซ้าย - ออกหมัดแย็บหรือโจมตีด้วยมือซ้าย เป็นปุ่มหลักในการเริ่มต้นเฟรมคอมโบที่รวดเร็ว • Triangle: หมัดขวา / ต่อยขวา - ออกหมัดหนักหรือโจมตีด้วยมือขวา มักใช้ทำดาเมจแรงหรือสวนกลับ (Counter) แหล่งข้อมูล: https://gameinputdatabase.com/game/83,pipeline:structured_game_controls,games/game_control_lookup,100.0,True,0.4937,0,,,
MB-0375-GC-129,game_controls,psu_fact,The Last of Us Part I ปุ่มทั้งหมดมีอะไรบ้าง,The Last of Us Part I มีข้อมูลปุ่มควบคุมดังนี้: PlayStation / PS5 • L (Left Stick): เคลื่อนที่ - บังคับทิศทางการเดินและการย่องเคลื่อนที่ของตัวละคร • L3 (Click Left Stick): หันมองจุดสนใจ - กดเพื่อหันมุมกล้องไปยังวัตถุ เหตุการณ์ หรือจุดสำคัญในฉากที่เกมแนะนำทันที • R (Right Stick): มุมกล้อง - หมุนเพื่อกวาดสายตาและควบคุมทิศทางมุมกล้อง • R3 (Click Right Stick): ไฟฉาย - กดคลิกลงไปตรง ๆ เพื่อเปิดหรือปิดไฟฉายในพื้นที่มืด (และใช้เขย่าจอยเมื่อไฟฉายดับ) • L1: วิ่งสปรินต์ (กดค้าง) - กดค้างไว้ในขณะเคลื่อนเพื่อวิ่งหนีหรือเร่งความเร็วสลัดการตามล่า • L2: เล็งเป้า (กดค้าง) - กดค้างไว้เพื่อยกอาวุธปืนหรือไอเทมขว้างขึ้นมาเตรียมเล็งยิง • R1: สลับอาวุธด่วน / โหมดฟังเสียง (กดค้าง) - แตะเพื่อสลับอาวุธล่าสุด หรือกดค,pipeline:structured_game_controls,games/game_control_lookup,100.0,True,0.3986,0,,,
MB-0376-GC-130,game_controls,psu_fact,The Last of Us Part I ใช้จอยยังไง,The Last of Us Part I มีข้อมูลปุ่มควบคุมดังนี้: PlayStation / PS5 • L (Left Stick): เคลื่อนที่ - บังคับทิศทางการเดินและการย่องเคลื่อนที่ของตัวละคร • L3 (Click Left Stick): หันมองจุดสนใจ - กดเพื่อหันมุมกล้องไปยังวัตถุ เหตุการณ์ หรือจุดสำคัญในฉากที่เกมแนะนำทันที • R (Right Stick): มุมกล้อง - หมุนเพื่อกวาดสายตาและควบคุมทิศทางมุมกล้อง • R3 (Click Right Stick): ไฟฉาย - กดคลิกลงไปตรง ๆ เพื่อเปิดหรือปิดไฟฉายในพื้นที่มืด (และใช้เขย่าจอยเมื่อไฟฉายดับ) • L1: วิ่งสปรินต์ (กดค้าง) - กดค้างไว้ในขณะเคลื่อนเพื่อวิ่งหนีหรือเร่งความเร็วสลัดการตามล่า • L2: เล็งเป้า (กดค้าง) - กดค้างไว้เพื่อยกอาวุธปืนหรือไอเทมขว้างขึ้นมาเตรียมเล็งยิง • R1: สลับอาวุธด่วน / โหมดฟังเสียง (กดค้าง) - แตะเพื่อสลับอาวุธล่าสุด หรือกดค,pipeline:structured_game_controls,games/game_control_lookup,100.0,True,0.3118,0,,,
MB-0377-GC-131,game_controls,psu_fact,The Last of Us Part I ปุ่มเคลื่อนที่กดอะไร,The Last of Us Part I ปุ่มที่ตรงกับคำถาม: PlayStation / PS5 • L (Left Stick): เคลื่อนที่ - บังคับทิศทางการเดินและการย่องเคลื่อนที่ของตัวละคร แหล่งข้อมูล: https://gameinputdatabase.com/game/101,pipeline:structured_game_controls,games/game_control_lookup,100.0,True,0.4037,0,,,
MB-0378-GC-132,game_controls,psu_fact,The Last of Us Part I ปุ่มหันมองจุดสนใจกดอะไร,The Last of Us Part I ปุ่มที่ตรงกับคำถาม: PlayStation / PS5 • L3 (Click Left Stick): หันมองจุดสนใจ - กดเพื่อหันมุมกล้องไปยังวัตถุ เหตุการณ์ หรือจุดสำคัญในฉากที่เกมแนะนำทันที แหล่งข้อมูล: https://gameinputdatabase.com/game/101,pipeline:structured_game_controls,games/game_control_lookup,100.0,True,0.3908,0,,,
MB-0379-GC-133,game_controls,psu_fact,The Last of Us Part II ปุ่มทั้งหมดมีอะไรบ้าง,The Last of Us Part II มีข้อมูลปุ่มควบคุมดังนี้: PlayStation / PS5 • L (Left Stick): เคลื่อนที่ - บังคับทิศทางการเดิน การย่อง หรือการวิ่งของตัวละครไปตามฉาก • L3 (Click Left Stick): หันมองจุดสนใจ - กดคลิกลงไปเพื่อหันมุมกล้องล็อกไปยังวัตถุ เบาะแส หรือเหตุการณ์สำคัญที่เกมต้องการให้สังเกตทันที • R (Right Stick): มุมกล้อง - หมุนอนาล็อกเพื่อหันมุมมอง กวาดสายตาดูรอบ ๆ ตัว หรือใช้ควบคุมทิศทางเป้าปืน • R3 (Click Right Stick): ไฟฉาย - กดคลิกลงไปตรง ๆ เพื่อเปิดหรือปิดไฟฉายเมื่อต้องลุยในตึกร้างหรือพื้นที่มืดสนิท • L1: หลบหลีก - กดในจังหวะที่ศัตรูเหวี่ยงอาวุธหรือพุ่งเข้ามาต่อย เพื่อเอี้ยวตัวหรือฉากหลบการโจมตีระยะประชิดทันที • L2: เล็งเป้า (กดค้าง) - กดค้างไว้เพื่อยกอาวุธปืน คันธนู หรือไอเทมประเภทระเบิดขว,pipeline:structured_game_controls,games/game_control_lookup,100.0,True,0.3955,0,,,
MB-0380-GC-134,game_controls,psu_fact,The Last of Us Part II ใช้จอยยังไง,The Last of Us Part II มีข้อมูลปุ่มควบคุมดังนี้: PlayStation / PS5 • L (Left Stick): เคลื่อนที่ - บังคับทิศทางการเดิน การย่อง หรือการวิ่งของตัวละครไปตามฉาก • L3 (Click Left Stick): หันมองจุดสนใจ - กดคลิกลงไปเพื่อหันมุมกล้องล็อกไปยังวัตถุ เบาะแส หรือเหตุการณ์สำคัญที่เกมต้องการให้สังเกตทันที • R (Right Stick): มุมกล้อง - หมุนอนาล็อกเพื่อหันมุมมอง กวาดสายตาดูรอบ ๆ ตัว หรือใช้ควบคุมทิศทางเป้าปืน • R3 (Click Right Stick): ไฟฉาย - กดคลิกลงไปตรง ๆ เพื่อเปิดหรือปิดไฟฉายเมื่อต้องลุยในตึกร้างหรือพื้นที่มืดสนิท • L1: หลบหลีก - กดในจังหวะที่ศัตรูเหวี่ยงอาวุธหรือพุ่งเข้ามาต่อย เพื่อเอี้ยวตัวหรือฉากหลบการโจมตีระยะประชิดทันที • L2: เล็งเป้า (กดค้าง) - กดค้างไว้เพื่อยกอาวุธปืน คันธนู หรือไอเทมประเภทระเบิดขว,pipeline:structured_game_controls,games/game_control_lookup,100.0,True,0.3343,0,,,
MB-0381-GC-135,game_controls,psu_fact,The Last of Us Part II ปุ่มเคลื่อนที่กดอะไร,The Last of Us Part II ปุ่มที่ตรงกับคำถาม: PlayStation / PS5 • L (Left Stick): เคลื่อนที่ - บังคับทิศทางการเดิน การย่อง หรือการวิ่งของตัวละครไปตามฉาก แหล่งข้อมูล: https://gameinputdatabase.com/game/16,pipeline:structured_game_controls,games/game_control_lookup,100.0,True,0.4257,0,,,
MB-0382-GC-136,game_controls,psu_fact,The Last of Us Part II ปุ่มหันมองจุดสนใจกดอะไร,The Last of Us Part II ปุ่มที่ตรงกับคำถาม: PlayStation / PS5 • L3 (Click Left Stick): หันมองจุดสนใจ - กดคลิกลงไปเพื่อหันมุมกล้องล็อกไปยังวัตถุ เบาะแส หรือเหตุการณ์สำคัญที่เกมต้องการให้สังเกตทันที แหล่งข้อมูล: https://gameinputdatabase.com/game/16,pipeline:structured_game_controls,games/game_control_lookup,100.0,True,0.4118,0,,,
MB-0383-GC-137,game_controls,psu_fact,The Legend of Zelda: Breath of the Wild ปุ่มทั้งหมดมีอะไรบ้าง,The Legend of Zelda: Breath of the Wild มีข้อมูลปุ่มควบคุมดังนี้: Nintendo Switch • L (Left Stick): เคลื่อนที่ / เดินสไลด์ข้าง - บังคับการเดิน หรือเดินสไลด์หลบเมื่อกดล็อกเป้าหมาย • L3 (Click Left Stick): ย่อตัว - ย่อตัวเพื่อลอบเร้นหรือลดเสียงฝีเท้า • R (Right Stick): มุมกล้อง - ปรับมุมมองกล้องรอบตัวลิงก์ • R3 (Click Right Stick): กล้องส่องทางไกล - ส่องดูศัตรูหรือสถานที่ในระยะไกลและปักหมุดแผนที่ได้ • A: ปัดป้อง - กดปัดป้องการโจมตีเมื่อกางโล่และล็อกเป้าหมายอยู่ • B: เก็บอาวุธ / วิ่งเร็ว - กดเก็บอาวุธ หรือกดค้างเพื่อวิ่งโดยใช้หลอดสตามิน่า • X: กระโดด / หลบหลีก - กระโดดข้ามสิ่งกีดขวาง หรือกระโดดหลบเมื่อล็อกเป้าศัตรู • Y: โจมตี - ใช้อาวุธหลักโจมตีศัตรู • D-Pad Up: เปลี่ยนรูน - เลือกเปลี่ยนอุปกรณ์,pipeline:structured_game_controls,games/game_control_lookup,100.0,True,0.4806,0,,,
MB-0384-GC-138,game_controls,psu_fact,The Legend of Zelda: Breath of the Wild ใช้จอยยังไง,The Legend of Zelda: Breath of the Wild มีข้อมูลปุ่มควบคุมดังนี้: Nintendo Switch • L (Left Stick): เคลื่อนที่ / เดินสไลด์ข้าง - บังคับการเดิน หรือเดินสไลด์หลบเมื่อกดล็อกเป้าหมาย • L3 (Click Left Stick): ย่อตัว - ย่อตัวเพื่อลอบเร้นหรือลดเสียงฝีเท้า • R (Right Stick): มุมกล้อง - ปรับมุมมองกล้องรอบตัวลิงก์ • R3 (Click Right Stick): กล้องส่องทางไกล - ส่องดูศัตรูหรือสถานที่ในระยะไกลและปักหมุดแผนที่ได้ • A: ปัดป้อง - กดปัดป้องการโจมตีเมื่อกางโล่และล็อกเป้าหมายอยู่ • B: เก็บอาวุธ / วิ่งเร็ว - กดเก็บอาวุธ หรือกดค้างเพื่อวิ่งโดยใช้หลอดสตามิน่า • X: กระโดด / หลบหลีก - กระโดดข้ามสิ่งกีดขวาง หรือกระโดดหลบเมื่อล็อกเป้าศัตรู • Y: โจมตี - ใช้อาวุธหลักโจมตีศัตรู • D-Pad Up: เปลี่ยนรูน - เลือกเปลี่ยนอุปกรณ์,pipeline:structured_game_controls,games/game_control_lookup,100.0,True,0.3762,0,,,
MB-0385-GC-139,game_controls,psu_fact,The Legend of Zelda: Breath of the Wild ปุ่มเคลื่อนที่ / เดินสไลด์ข้างกดอะไร,The Legend of Zelda: Breath of the Wild ปุ่มที่ตรงกับคำถาม: Nintendo Switch • L (Left Stick): เคลื่อนที่ / เดินสไลด์ข้าง - บังคับการเดิน หรือเดินสไลด์หลบเมื่อกดล็อกเป้าหมาย • D-Pad Left / Right: เปลี่ยนอุปกรณ์สวมใส่ - เปลี่ยนอาวุธ โล่ และธนูแบบรวดเร็วโดยไม่ต้องเข้าเมนูหลัก • - (Minus): แผนที่ - เปิดแผนที่ชีคาห์เพื่อดูเส้นทาง แหล่งข้อมูล: https://gameinputdatabase.com/game/31,pipeline:structured_game_controls,games/game_control_lookup,100.0,True,0.6005,0,,,
MB-0386-GC-140,game_controls,psu_fact,The Legend of Zelda: Breath of the Wild ปุ่มย่อตัวกดอะไร,The Legend of Zelda: Breath of the Wild ปุ่มที่ตรงกับคำถาม: Nintendo Switch • L3 (Click Left Stick): ย่อตัว - ย่อตัวเพื่อลอบเร้นหรือลดเสียงฝีเท้า • D-Pad Left / Right: เปลี่ยนอุปกรณ์สวมใส่ - เปลี่ยนอาวุธ โล่ และธนูแบบรวดเร็วโดยไม่ต้องเข้าเมนูหลัก แหล่งข้อมูล: https://gameinputdatabase.com/game/31,pipeline:structured_game_controls,games/game_control_lookup,100.0,True,0.433,0,,,
MB-0387-GC-141,game_controls,psu_fact,Uncharted: Legacy of Thieves Collection ปุ่มทั้งหมดมีอะไรบ้าง,Uncharted: Legacy of Thieves Collection มีข้อมูลปุ่มควบคุมดังนี้: PlayStation / PS5 • L (Left Stick): เคลื่อนที่ - บังคับทิศทางการเดิน การวิ่ง ของตัวละคร หรือใช้ควบคุมทิศทางพวงมาลัยเมื่อขับรถ • L3 (Click Left Stick): มาร์กตำแหน่งศัตรู - กดคลิกลงไปเพื่อล็อกเป้าหมายและทำเครื่องหมายหัวศัตรู ช่วยให้มองเห็นตำแหน่งได้ง่ายขึ้น • R (Right Stick): มุมกล้อง - หมุนอนาล็อกเพื่อหันมุมมองกล้อง กวาดสายตา หรือใช้ควบคุมเป้าเล็งปืน • R3 (Click Right Stick): ซูมกล้องเล็ง - กดคลิกลงไปในขณะเล็งปืนสไนเปอร์เพื่อส่องกล้องซูมขยายระยะมองเห็นให้ชัดขึ้น • L2: เล็งเป้า / เบรกรถ - กดค้างเพื่อยกปืนขึ้นเล็ง หรือใช้เป็นปุ่มเหยียบเบรกชะลอความเร็ว/ถอยหลังเมื่อขับรถ • L1: ใช้เชือกสลิง / โหนสลิง - กดโยนเชือกตะขอเกี่ยวเพื่อโหนตั,pipeline:structured_game_controls,games/game_control_lookup,100.0,True,0.5139,0,,,
MB-0388-GC-142,game_controls,psu_fact,Uncharted: Legacy of Thieves Collection ใช้จอยยังไง,Uncharted: Legacy of Thieves Collection มีข้อมูลปุ่มควบคุมดังนี้: PlayStation / PS5 • L (Left Stick): เคลื่อนที่ - บังคับทิศทางการเดิน การวิ่ง ของตัวละคร หรือใช้ควบคุมทิศทางพวงมาลัยเมื่อขับรถ • L3 (Click Left Stick): มาร์กตำแหน่งศัตรู - กดคลิกลงไปเพื่อล็อกเป้าหมายและทำเครื่องหมายหัวศัตรู ช่วยให้มองเห็นตำแหน่งได้ง่ายขึ้น • R (Right Stick): มุมกล้อง - หมุนอนาล็อกเพื่อหันมุมมองกล้อง กวาดสายตา หรือใช้ควบคุมเป้าเล็งปืน • R3 (Click Right Stick): ซูมกล้องเล็ง - กดคลิกลงไปในขณะเล็งปืนสไนเปอร์เพื่อส่องกล้องซูมขยายระยะมองเห็นให้ชัดขึ้น • L2: เล็งเป้า / เบรกรถ - กดค้างเพื่อยกปืนขึ้นเล็ง หรือใช้เป็นปุ่มเหยียบเบรกชะลอความเร็ว/ถอยหลังเมื่อขับรถ • L1: ใช้เชือกสลิง / โหนสลิง - กดโยนเชือกตะขอเกี่ยวเพื่อโหนตั,pipeline:structured_game_controls,games/game_control_lookup,100.0,True,0.4213,0,,,
MB-0389-GC-143,game_controls,psu_fact,Uncharted: Legacy of Thieves Collection ปุ่มเคลื่อนที่กดอะไร,Uncharted: Legacy of Thieves Collection ปุ่มที่ตรงกับคำถาม: PlayStation / PS5 • L (Left Stick): เคลื่อนที่ - บังคับทิศทางการเดิน การวิ่ง ของตัวละคร หรือใช้ควบคุมทิศทางพวงมาลัยเมื่อขับรถ • Circle: กลิ้งหลบ / เข้าที่กำบัง - กดตอนเคลื่อนที่เพื่อม้วนตัวกลิ้งหลบ หรือกดเมื่ออยู่ใกล้สิ่งกีดขวางเพื่อเอาตัวเข้าพิงกำแพงหลบกระสุน • D-Pad (Up / Left / Right): เลือกอาวุธ - กดปุ่มทิศทางเพื่อสลับเปลี่ยนไปใช้งานปืนพก ปืนยาว หรืออาวุธหนักที่พกพามา แหล่งข้อมูล: https://gameaccess.info/uncharted-4-a-thiefs-end-controls-walkthrough/,pipeline:structured_game_controls,games/game_control_lookup,100.0,True,0.5011,0,,,
MB-0390-GC-144,game_controls,psu_fact,Uncharted: Legacy of Thieves Collection ปุ่มมาร์กตำแหน่งศัตรูกดอะไร,Uncharted: Legacy of Thieves Collection ปุ่มที่ตรงกับคำถาม: PlayStation / PS5 • L3 (Click Left Stick): มาร์กตำแหน่งศัตรู - กดคลิกลงไปเพื่อล็อกเป้าหมายและทำเครื่องหมายหัวศัตรู ช่วยให้มองเห็นตำแหน่งได้ง่ายขึ้น • Circle: กลิ้งหลบ / เข้าที่กำบัง - กดตอนเคลื่อนที่เพื่อม้วนตัวกลิ้งหลบ หรือกดเมื่ออยู่ใกล้สิ่งกีดขวางเพื่อเอาตัวเข้าพิงกำแพงหลบกระสุน • D-Pad (Up / Left / Right): เลือกอาวุธ - กดปุ่มทิศทางเพื่อสลับเปลี่ยนไปใช้งานปืนพก ปืนยาว หรืออาวุธหนักที่พกพามา • D-Pad Down: ตรวจสอบตำแหน่งรถ - กดเพื่อสแกนหรือระบุตำแหน่งพิกัดของยานพาหนะ (เช่น รถจี๊ป) ว่าจอดอยู่ตรงไหนของแผนที่ แหล่งข้อมูล: https://gameaccess.info/uncharted-4-a-thiefs-end-controls-walkthrough/,pipeline:structured_game_controls,games/game_control_lookup,100.0,True,0.753,0,,,
MB-0391-GC-145,game_controls,psu_fact,VALORANT ปุ่มทั้งหมดมีอะไรบ้าง,"VALORANT มีข้อมูลปุ่มควบคุมดังนี้: PC • W / A / S / D: เคลื่อนที่ - W เดินหน้า, A ไปซ้าย, S ถอยหลัง, D ไปขวา • Left Shift: เดินช้า - ใช้เดินเงียบหรือเดินแบบควบคุมเสียง • Space Bar: กระโดด - กระโดด • Left Ctrl: ย่อตัว - ย่อตัวเพื่อลดระดับตัวละคร • Left Mouse Button: ยิง - ยิงอาวุธหลัก • Right Mouse Button: ยิง/เล็งแบบรอง - ใช้งานโหมดรองของอาวุธหรือเล็งตามชนิดอาวุธ • R: รีโหลด - เปลี่ยนกระสุน • 1 / 2 / 3: เลือกอาวุธ - 1 อาวุธหลัก, 2 อาวุธรอง, 3 อาวุธระยะประชิด • 4: หยิบ/ใช้ Spike - ใช้กับ Spike เช่น วางหรือกู้ตามสถานการณ์ • Q / E / C / X: ใช้สกิล Agent - Q/E/C คือสกิลทั่วไป และ X คือ Ultimate • F: โต้ตอบกับวัตถุ - ใช้โต้ตอบกับวัตถุในเกม • B: เปิดร้านซื้ออาวุธ - เปิดหน้า Armory ในช่วงซื้อของ • ",pipeline:structured_game_controls,games/game_control_lookup,100.0,True,0.3683,0,,,
MB-0392-GC-146,game_controls,psu_fact,VALORANT ใช้จอยยังไง,"VALORANT มีข้อมูลปุ่มควบคุมดังนี้: PC • W / A / S / D: เคลื่อนที่ - W เดินหน้า, A ไปซ้าย, S ถอยหลัง, D ไปขวา • Left Shift: เดินช้า - ใช้เดินเงียบหรือเดินแบบควบคุมเสียง • Space Bar: กระโดด - กระโดด • Left Ctrl: ย่อตัว - ย่อตัวเพื่อลดระดับตัวละคร • Left Mouse Button: ยิง - ยิงอาวุธหลัก • Right Mouse Button: ยิง/เล็งแบบรอง - ใช้งานโหมดรองของอาวุธหรือเล็งตามชนิดอาวุธ • R: รีโหลด - เปลี่ยนกระสุน • 1 / 2 / 3: เลือกอาวุธ - 1 อาวุธหลัก, 2 อาวุธรอง, 3 อาวุธระยะประชิด • 4: หยิบ/ใช้ Spike - ใช้กับ Spike เช่น วางหรือกู้ตามสถานการณ์ • Q / E / C / X: ใช้สกิล Agent - Q/E/C คือสกิลทั่วไป และ X คือ Ultimate • F: โต้ตอบกับวัตถุ - ใช้โต้ตอบกับวัตถุในเกม • B: เปิดร้านซื้ออาวุธ - เปิดหน้า Armory ในช่วงซื้อของ • ",pipeline:structured_game_controls,games/game_control_lookup,100.0,True,0.2837,0,,,
MB-0393-GC-147,game_controls,psu_fact,VALORANT ปุ่มเคลื่อนที่กดอะไร,"VALORANT ปุ่มที่ตรงกับคำถาม: PC • W / A / S / D: เคลื่อนที่ - W เดินหน้า, A ไปซ้าย, S ถอยหลัง, D ไปขวา • M: เปิดแผนที่ - เปิด/ปิดแผนที่ แหล่งข้อมูล: https://www.shacknews.com/article/117434/valorant-pc-controls-and-keybindings",pipeline:structured_game_controls,games/game_control_lookup,100.0,True,0.3739,0,,,
MB-0394-GC-148,game_controls,psu_fact,VALORANT ปุ่มเดินช้ากดอะไร,VALORANT ปุ่มที่ตรงกับคำถาม: PC • Left Shift: เดินช้า - ใช้เดินเงียบหรือเดินแบบควบคุมเสียง แหล่งข้อมูล: https://www.shacknews.com/article/117434/valorant-pc-controls-and-keybindings,pipeline:structured_game_controls,games/game_control_lookup,100.0,True,0.3702,0,,,
MB-0395-GC-149,game_controls,psu_fact,เกมนี้มีปุ่มอะไรบ้าง,"ขอชื่อเกมก่อนครับ ยังไม่แน่ใจว่าหมายถึงเกมไหน จึงไม่ขอดึงปุ่มหรือวิธีเล่นของเกมอื่นมาตอบแทน ตัวอย่างเกมที่มีข้อมูลปุ่มแล้ว: TEKKEN 8, Mario Kart 8 Deluxe, Call of Duty: Modern Warfare III เช่น `TEKKEN 8 มีปุ่มอะไรบ้าง` หรือ `Mario Kart 8 Deluxe กดอะไร`",pipeline:game_control_missing_game_context,games/game_control_lookup,100.0,True,0.0819,0,,,
MB-0396-GC-150,game_controls,psu_fact,ปุ่ม,"ขอชื่อเกมก่อนครับ ยังไม่แน่ใจว่าหมายถึงเกมไหน จึงไม่ขอดึงปุ่มหรือวิธีเล่นของเกมอื่นมาตอบแทน ตัวอย่างเกมที่มีข้อมูลปุ่มแล้ว: TEKKEN 8, Mario Kart 8 Deluxe, Call of Duty: Modern Warfare III เช่น `TEKKEN 8 มีปุ่มอะไรบ้าง` หรือ `Mario Kart 8 Deluxe กดอะไร`",pipeline:game_control_missing_game_context,games/game_control_lookup,100.0,True,0.0331,1,universal_intent,,
MB-0397-GC-151,game_controls,psu_fact,เล่นยังไง,"ยังไม่แน่ใจว่าหมายถึงเกมไหนครับ หรือหมายถึงวิธีเล่นเกมไหน/วิธีเข้าใช้บริการ/จอง ตัวอย่างเกมที่มีข้อมูลปุ่มแล้ว: TEKKEN 8, Mario Kart 8 Deluxe, Call of Duty: Modern Warfare III ถ้าถามวิธีเล่น/ปุ่ม ให้พิมพ์ชื่อเกมมาด้วย เช่น `TEKKEN 8 เล่นยังไง` หรือ `Mario Kart 8 Deluxe เล่นยังไง`",pipeline:game_control_missing_game_context,games/game_control_lookup,100.0,True,0.0473,1,universal_intent,,
MB-0398-GC-152,game_controls,psu_fact,ปุ่มยิงกดอะไร,"ขอชื่อเกมก่อนครับ ยังไม่แน่ใจว่าหมายถึงเกมไหน จึงไม่ขอดึงปุ่มหรือวิธีเล่นของเกมอื่นมาตอบแทน ตัวอย่างเกมที่มีข้อมูลปุ่มแล้ว: TEKKEN 8, Mario Kart 8 Deluxe, Call of Duty: Modern Warfare III เช่น `TEKKEN 8 มีปุ่มอะไรบ้าง` หรือ `Mario Kart 8 Deluxe กดอะไร`",pipeline:game_control_missing_game_context,games/game_control_lookup,100.0,True,0.0647,1,universal_intent,,
MB-0399-GC-153,game_controls,psu_fact,Minecraft มีปุ่มอะไรบ้างในศูนย์,"ขอชื่อเกมก่อนครับ ยังไม่แน่ใจว่าหมายถึงเกมไหน จึงไม่ขอดึงปุ่มหรือวิธีเล่นของเกมอื่นมาตอบแทน ตัวอย่างเกมที่มีข้อมูลปุ่มแล้ว: TEKKEN 8, Mario Kart 8 Deluxe, Call of Duty: Modern Warfare III เช่น `TEKKEN 8 มีปุ่มอะไรบ้าง` หรือ `Mario Kart 8 Deluxe กดอะไร`",pipeline:game_control_missing_game_context,games/game_control_lookup,100.0,True,0.2286,0,,,
MB-0400-GC-154,game_controls,psu_fact,ROV มีปุ่มให้เล่นในศูนย์ไหม,"ขอชื่อเกมก่อนครับ ยังไม่แน่ใจว่าหมายถึงเกมไหน จึงไม่ขอดึงปุ่มหรือวิธีเล่นของเกมอื่นมาตอบแทน ตัวอย่างเกมที่มีข้อมูลปุ่มแล้ว: TEKKEN 8, Mario Kart 8 Deluxe, Call of Duty: Modern Warfare III เช่น `TEKKEN 8 มีปุ่มอะไรบ้าง` หรือ `Mario Kart 8 Deluxe กดอะไร`",pipeline:game_control_missing_game_context,games/game_control_lookup,100.0,True,0.2088,1,universal_intent,,
MB-0401-GC-155,game_controls,psu_fact,GTA V ปุ่มอะไร,"ขอชื่อเกมก่อนครับ ยังไม่แน่ใจว่าหมายถึงเกมไหน จึงไม่ขอดึงปุ่มหรือวิธีเล่นของเกมอื่นมาตอบแทน ตัวอย่างเกมที่มีข้อมูลปุ่มแล้ว: TEKKEN 8, Mario Kart 8 Deluxe, Call of Duty: Modern Warfare III เช่น `TEKKEN 8 มีปุ่มอะไรบ้าง` หรือ `Mario Kart 8 Deluxe กดอะไร`",pipeline:game_control_missing_game_context,games/game_control_lookup,100.0,True,0.1012,0,,,
MB-0402-E-001,equipment,psu_fact,PC Zone มีอุปกรณ์อะไรบ้าง,อุปกรณ์ใน PC Zone: PC Zone • Gaming PC รุ่น MSI MAG Infinite S3 14th (10 Units) • Gaming Monitor (10 Units) • Gaming Keyboard • Gaming Mouse • Gaming Headset • Gaming Chair (10 Units) แหล่งข้อมูล: https://esports.phuket.psu.ac.th/home,pipeline:structured_equipment_catalog,equipment/list,100.0,True,0.2864,0,,,
MB-0403-E-002,equipment,psu_fact,PC Zone มีอะไรให้ใช้บ้าง,"คำถามนี้ยังตีได้หลายทางครับ หมายถึงเรื่องไหนของ PC Zone? ข้อมูลย่อที่ยืนยันได้ตอนนี้: • เกม: มี 6 เกม เช่น Call of Duty: Warzone, Counter-Strike 2, League of Legends, PUBG: BATTLEGROUNDS และอื่น ๆ | พิมพ์ `PC มีเกมอะไรบ้าง` • อุปกรณ์: มี 6 รายการ เช่น Gaming PC รุ่น MSI MAG Infinite S3 14th, Gaming Monitor, Gaming Keyboard, Gaming Mouse, Gaming Headset และอื่น ๆ | พิมพ์ `PC มีอุปกรณ์อะไรบ้าง` • ราคา: PC 1 ชั่วโมง (1 คน): PSU 0 บาท, General Student 25 บาท, General Adult 70 บาท | พิมพ์ `PC ราคาเท่าไหร่` • จอง: ต้องจองผ่านระบบก่อนเข้าใช้ | พิมพ์ `PC จองยังไง` พิมพ์ต่อสั้น ๆ ได้ เช่น `เกม`, `อุปกรณ์`, `ราคา` หรือ `จอง`",pipeline:ambiguity_clarification,clarification/ambiguity_gate_clarification,100.0,True,0.2422,1,universal_intent,,
MB-0404-E-003,equipment,psu_fact,PlayStation 5 Zone มีอุปกรณ์อะไรบ้าง,อุปกรณ์ใน PlayStation 5 Zone: PlayStation 5 Zone / VR Zone • PlayStation 5 Slim With Ultra HD Blu-Ray Disc Drive (2 Units in PlayStation 5 Zone and 1 Unit in VR Zone) แหล่งข้อมูล: https://esports.phuket.psu.ac.th/home,pipeline:structured_equipment_catalog,equipment/list,100.0,True,0.291,0,,,
MB-0405-E-004,equipment,psu_fact,PlayStation 5 Zone มีอะไรให้ใช้บ้าง,"คำถามนี้ยังตีได้หลายทางครับ หมายถึงเรื่องไหนของ PlayStation 5 Zone? ข้อมูลย่อที่ยืนยันได้ตอนนี้: • เกม: มี 24 เกม เช่น Beat Saber, Call of Duty: Modern Warfare III, Call of Duty: Warzone, EA Sports FC 24 และอื่น ๆ | พิมพ์ `PS5 มีเกมอะไรบ้าง` • อุปกรณ์: มี 1 รายการ เช่น PlayStation 5 Slim With Ultra HD Blu-Ray Disc Drive | พิมพ์ `PS5 มีอุปกรณ์อะไรบ้าง` • ราคา: PlayStation 5 1 ชั่วโมง (1-2 คน): PSU 0 บาท, General Student 50 บาท, General Adult 150 บาท | พิมพ์ `PS5 ราคาเท่าไหร่` • จอง: ต้องจองผ่านระบบก่อนเข้าใช้ | พิมพ์ `PS5 จองยังไง` พิมพ์ต่อสั้น ๆ ได้ เช่น `เกม`, `อุปกรณ์`, `ราคา` หรือ `จอง`",pipeline:ambiguity_clarification,clarification/ambiguity_gate_clarification,100.0,True,0.1056,1,universal_intent,,
MB-0406-E-005,equipment,psu_fact,Nintendo Switch Zone มีอุปกรณ์อะไรบ้าง,อุปกรณ์ใน Nintendo Switch Zone: Nintendo Switch Zone • Nintendo Switch OLED (1 Unit) • TV 86 นิ้ว (1 Unit) • Sofa 2 seats (2 Sets) แหล่งข้อมูล: https://esports.phuket.psu.ac.th/home,pipeline:structured_equipment_catalog,equipment/list,100.0,True,0.2809,0,,,
MB-0407-E-006,equipment,psu_fact,Nintendo Switch Zone มีอะไรให้ใช้บ้าง,Nintendo Switch OLED: เครื่องเกม Nintendo Switch รุ่น OLED สำหรับเล่นเกมคอนโซลแบบกลุ่มหรือครอบครัว จำนวน: 1 Unit อยู่ที่: Nintendo Switch Zone ใช้สำหรับ: • เล่น Mario Kart 8 Deluxe • เล่น Overcooked 2 • เล่น Super Smash Bros Ultimate • เล่น Nintendo Switch Sports แหล่งข้อมูล: https://esports.phuket.psu.ac.th/home,pipeline:structured_equipment_item,equipment/equipment_item_lookup,100.0,True,0.3357,0,,,
MB-0408-E-007,equipment,psu_fact,VR Zone มีอุปกรณ์อะไรบ้าง,อุปกรณ์ใน PlayStation 5 Zone: PlayStation 5 Zone / VR Zone • PlayStation 5 Slim With Ultra HD Blu-Ray Disc Drive (2 Units in PlayStation 5 Zone and 1 Unit in VR Zone) แหล่งข้อมูล: https://esports.phuket.psu.ac.th/home,pipeline:structured_equipment_catalog,equipment/list,100.0,True,0.222,0,,,
MB-0409-E-008,equipment,psu_fact,VR Zone มีอะไรให้ใช้บ้าง,"คำถามนี้ยังตีได้หลายทางครับ หมายถึงเรื่องไหนของ VR Zone? ข้อมูลย่อที่ยืนยันได้ตอนนี้: • เกม: มี 2 เกม เช่น Beat Saber, Horizon Call of the Mountain | พิมพ์ `VR มีเกมอะไรบ้าง` • อุปกรณ์: มี 1 รายการ เช่น Sony PlayStation VR2 | พิมพ์ `VR มีอุปกรณ์อะไรบ้าง` • ราคา: มีหลายแพ็กเกจตามเวลา/จำนวนผู้เล่น: VR 30 นาที (1-5 คน), VR 1 ชั่วโมง (1-5 คน) | พิมพ์ `VR ราคาเท่าไหร่` • จอง: ต้องจองผ่านระบบก่อนเข้าใช้ | พิมพ์ `VR จองยังไง` พิมพ์ต่อสั้น ๆ ได้ เช่น `เกม`, `อุปกรณ์`, `ราคา` หรือ `จอง`",pipeline:ambiguity_clarification,clarification/ambiguity_gate_clarification,100.0,True,0.09,1,universal_intent,,
MB-0410-E-009,equipment,psu_fact,Cockpit Zone มีอุปกรณ์อะไรบ้าง,อุปกรณ์ใน Cockpit Zone: Cockpit Zone • Logitech G923 TRUEFORCE Racing Wheel (2 Units with Driving Force Shifter) • Driving Force Shifter (2 Units with Logitech G923) • Racezone Full Cockpit V3 (2 Units) • Pulse Elite Wireless Headset (2 Units) • TV 65 นิ้ว (2 Units) แหล่งข้อมูล: https://esports.phuket.psu.ac.th/home,pipeline:structured_equipment_catalog,equipment/list,100.0,True,0.241,0,,,
MB-0411-E-010,equipment,psu_fact,Cockpit Zone มีอะไรให้ใช้บ้าง,"คำถามนี้ยังตีได้หลายทางครับ หมายถึงเรื่องไหนของ Cockpit Zone? ข้อมูลย่อที่ยืนยันได้ตอนนี้: • เกม: มี 1 เกม เช่น Gran Turismo 7 | พิมพ์ `Cockpit มีเกมอะไรบ้าง` • อุปกรณ์: มี 5 รายการ เช่น Logitech G923 TRUEFORCE Racing Wheel, Driving Force Shifter, Racezone Full Cockpit V3, Pulse Elite Wireless Headset, TV 65 นิ้ว | พิมพ์ `Cockpit มีอุปกรณ์อะไรบ้าง` • ราคา: Cockpit 1 ชั่วโมง (1 คน): PSU 0 บาท, General Student 65 บาท, General Adult 200 บาท | พิมพ์ `Cockpit ราคาเท่าไหร่` • จอง: ต้องจองผ่านระบบก่อนเข้าใช้ | พิมพ์ `Cockpit จองยังไง` พิมพ์ต่อสั้น ๆ ได้ เช่น `เกม`, `อุปกรณ์`, `ราคา` หรือ `จอง`",pipeline:ambiguity_clarification,clarification/ambiguity_gate_clarification,100.0,True,0.1381,1,universal_intent,,
MB-0412-E-011,equipment,psu_fact,Gaming PC รุ่น MSI MAG Infinite S3 14th คืออะไร,"Gaming PC รุ่น MSI MAG Infinite S3 14th: เครื่องคอมพิวเตอร์เกมมิ่งของ PC Zone สำหรับเล่นเกมบนคอมและฝึกซ้อมอีสปอร์ต จำนวน: 10 Units อยู่ที่: PC Zone ใช้สำหรับ: • เล่น VALORANT • เล่น Counter-Strike 2 • เล่น PUBG: BATTLEGROUNDS • เล่น Call of Duty: Warzone • เล่น TEKKEN 8 • เล่น League of Legends หมายเหตุ: สเปกที่บันทึกไว้ในโปรเจกต์: Intel Core i5-14400, RAM DDR5 32GB, NVIDIA GeForce RTX 5060 8GB แหล่งข้อมูล: https://esports.phuket.psu.ac.th/home",pipeline:structured_equipment_item,equipment/equipment_item_lookup,100.0,True,0.3216,0,,,
MB-0413-E-012,equipment,psu_fact,Gaming PC รุ่น MSI MAG Infinite S3 14th อยู่โซนไหน,"Gaming PC รุ่น MSI MAG Infinite S3 14th: เครื่องคอมพิวเตอร์เกมมิ่งของ PC Zone สำหรับเล่นเกมบนคอมและฝึกซ้อมอีสปอร์ต จำนวน: 10 Units อยู่ที่: PC Zone ใช้สำหรับ: • เล่น VALORANT • เล่น Counter-Strike 2 • เล่น PUBG: BATTLEGROUNDS • เล่น Call of Duty: Warzone • เล่น TEKKEN 8 • เล่น League of Legends หมายเหตุ: สเปกที่บันทึกไว้ในโปรเจกต์: Intel Core i5-14400, RAM DDR5 32GB, NVIDIA GeForce RTX 5060 8GB แหล่งข้อมูล: https://esports.phuket.psu.ac.th/home",pipeline:structured_equipment_item,equipment/equipment_item_lookup,100.0,True,0.3312,0,,,
MB-0414-E-013,equipment,psu_fact,Gaming PC รุ่น MSI MAG Infinite S3 14th ใช้ทำอะไร,"Gaming PC รุ่น MSI MAG Infinite S3 14th: เครื่องคอมพิวเตอร์เกมมิ่งของ PC Zone สำหรับเล่นเกมบนคอมและฝึกซ้อมอีสปอร์ต จำนวน: 10 Units อยู่ที่: PC Zone ใช้สำหรับ: • เล่น VALORANT • เล่น Counter-Strike 2 • เล่น PUBG: BATTLEGROUNDS • เล่น Call of Duty: Warzone • เล่น TEKKEN 8 • เล่น League of Legends หมายเหตุ: สเปกที่บันทึกไว้ในโปรเจกต์: Intel Core i5-14400, RAM DDR5 32GB, NVIDIA GeForce RTX 5060 8GB แหล่งข้อมูล: https://esports.phuket.psu.ac.th/home",pipeline:structured_equipment_item,equipment/equipment_item_lookup,100.0,True,0.4054,0,,,
MB-0415-E-014,equipment,psu_fact,Gaming Monitor คืออะไร,Gaming Monitor: จอภาพสำหรับใช้คู่กับ Gaming PC ใน PC Zone จำนวน: 10 Units อยู่ที่: PC Zone ใช้สำหรับ: • แสดงผลเกมและโปรแกรมบน PC Zone แหล่งข้อมูล: https://esports.phuket.psu.ac.th/home,pipeline:structured_equipment_item,equipment/equipment_item_lookup,100.0,True,0.2432,0,,,
MB-0416-E-015,equipment,psu_fact,Gaming Monitor อยู่โซนไหน,Gaming Monitor: จอภาพสำหรับใช้คู่กับ Gaming PC ใน PC Zone จำนวน: 10 Units อยู่ที่: PC Zone ใช้สำหรับ: • แสดงผลเกมและโปรแกรมบน PC Zone แหล่งข้อมูล: https://esports.phuket.psu.ac.th/home,pipeline:structured_equipment_item,equipment/equipment_item_lookup,100.0,True,0.2574,0,,,
MB-0417-E-016,equipment,psu_fact,Gaming Monitor ใช้ทำอะไร,Gaming Monitor: จอภาพสำหรับใช้คู่กับ Gaming PC ใน PC Zone จำนวน: 10 Units อยู่ที่: PC Zone ใช้สำหรับ: • แสดงผลเกมและโปรแกรมบน PC Zone แหล่งข้อมูล: https://esports.phuket.psu.ac.th/home,pipeline:structured_equipment_item,equipment/equipment_item_lookup,100.0,True,0.2447,0,,,
MB-0418-E-017,equipment,psu_fact,Gaming Keyboard คืออะไร,Gaming Keyboard: คีย์บอร์ดสำหรับควบคุมเกมและพิมพ์บน Gaming PC อยู่ที่: PC Zone ใช้สำหรับ: • ควบคุมเกม PC • พิมพ์ข้อมูล แหล่งข้อมูล: https://esports.phuket.psu.ac.th/home,pipeline:structured_equipment_item,equipment/equipment_item_lookup,100.0,True,0.2889,0,,,
MB-0419-E-018,equipment,psu_fact,Gaming Keyboard อยู่โซนไหน,Gaming Keyboard: คีย์บอร์ดสำหรับควบคุมเกมและพิมพ์บน Gaming PC อยู่ที่: PC Zone ใช้สำหรับ: • ควบคุมเกม PC • พิมพ์ข้อมูล แหล่งข้อมูล: https://esports.phuket.psu.ac.th/home,pipeline:structured_equipment_item,equipment/equipment_item_lookup,100.0,True,0.2639,0,,,
MB-0420-E-019,equipment,psu_fact,Gaming Keyboard ใช้ทำอะไร,Gaming Keyboard: คีย์บอร์ดสำหรับควบคุมเกมและพิมพ์บน Gaming PC อยู่ที่: PC Zone ใช้สำหรับ: • ควบคุมเกม PC • พิมพ์ข้อมูล แหล่งข้อมูล: https://esports.phuket.psu.ac.th/home,pipeline:structured_equipment_item,equipment/equipment_item_lookup,100.0,True,0.251,0,,,
MB-0421-E-020,equipment,psu_fact,Gaming Mouse คืออะไร,Gaming Mouse: เมาส์สำหรับเล่นเกมบน Gaming PC อยู่ที่: PC Zone ใช้สำหรับ: • ควบคุมเกม PC โดยเฉพาะเกม FPS/MOBA แหล่งข้อมูล: https://esports.phuket.psu.ac.th/home,pipeline:structured_equipment_item,equipment/equipment_item_lookup,100.0,True,0.2249,0,,,
MB-0422-E-021,equipment,psu_fact,Gaming Mouse อยู่โซนไหน,Gaming Mouse: เมาส์สำหรับเล่นเกมบน Gaming PC อยู่ที่: PC Zone ใช้สำหรับ: • ควบคุมเกม PC โดยเฉพาะเกม FPS/MOBA แหล่งข้อมูล: https://esports.phuket.psu.ac.th/home,pipeline:structured_equipment_item,equipment/equipment_item_lookup,100.0,True,0.2452,0,,,
MB-0423-E-022,equipment,psu_fact,Gaming Mouse ใช้ทำอะไร,Gaming Mouse: เมาส์สำหรับเล่นเกมบน Gaming PC อยู่ที่: PC Zone ใช้สำหรับ: • ควบคุมเกม PC โดยเฉพาะเกม FPS/MOBA แหล่งข้อมูล: https://esports.phuket.psu.ac.th/home,pipeline:structured_equipment_item,equipment/equipment_item_lookup,100.0,True,0.2235,0,,,
MB-0424-E-023,equipment,psu_fact,Gaming Headset คืออะไร,Gaming Headset: หูฟังเกมมิ่งสำหรับฟังเสียงเกมและสื่อสารระหว่างเล่น อยู่ที่: PC Zone ใช้สำหรับ: • ฟังเสียงเกม • สื่อสารในเกมหรือกิจกรรมอีสปอร์ต แหล่งข้อมูล: https://esports.phuket.psu.ac.th/home,pipeline:structured_equipment_item,equipment/equipment_item_lookup,100.0,True,0.2384,0,,,
MB-0425-E-024,equipment,psu_fact,Gaming Headset อยู่โซนไหน,Gaming Headset: หูฟังเกมมิ่งสำหรับฟังเสียงเกมและสื่อสารระหว่างเล่น อยู่ที่: PC Zone ใช้สำหรับ: • ฟังเสียงเกม • สื่อสารในเกมหรือกิจกรรมอีสปอร์ต แหล่งข้อมูล: https://esports.phuket.psu.ac.th/home,pipeline:structured_equipment_item,equipment/equipment_item_lookup,100.0,True,0.241,0,,,
MB-0426-E-025,equipment,psu_fact,Gaming Headset ใช้ทำอะไร,Gaming Headset: หูฟังเกมมิ่งสำหรับฟังเสียงเกมและสื่อสารระหว่างเล่น อยู่ที่: PC Zone ใช้สำหรับ: • ฟังเสียงเกม • สื่อสารในเกมหรือกิจกรรมอีสปอร์ต แหล่งข้อมูล: https://esports.phuket.psu.ac.th/home,pipeline:structured_equipment_item,equipment/equipment_item_lookup,100.0,True,0.2168,0,,,
MB-0427-E-026,equipment,psu_fact,Gaming Chair คืออะไร,Gaming Chair: เก้าอี้เกมมิ่งสำหรับนั่งใช้งาน PC Zone จำนวน: 10 Units อยู่ที่: PC Zone ใช้สำหรับ: • รองรับการนั่งเล่น PC Zone เป็นรอบเวลา แหล่งข้อมูล: https://esports.phuket.psu.ac.th/home,pipeline:structured_equipment_item,equipment/equipment_item_lookup,100.0,True,0.1998,0,,,
MB-0428-E-027,equipment,psu_fact,Gaming Chair อยู่โซนไหน,Gaming Chair: เก้าอี้เกมมิ่งสำหรับนั่งใช้งาน PC Zone จำนวน: 10 Units อยู่ที่: PC Zone ใช้สำหรับ: • รองรับการนั่งเล่น PC Zone เป็นรอบเวลา แหล่งข้อมูล: https://esports.phuket.psu.ac.th/home,pipeline:structured_equipment_item,equipment/equipment_item_lookup,100.0,True,0.2448,0,,,
MB-0429-E-028,equipment,psu_fact,Gaming Chair ใช้ทำอะไร,Gaming Chair: เก้าอี้เกมมิ่งสำหรับนั่งใช้งาน PC Zone จำนวน: 10 Units อยู่ที่: PC Zone ใช้สำหรับ: • รองรับการนั่งเล่น PC Zone เป็นรอบเวลา แหล่งข้อมูล: https://esports.phuket.psu.ac.th/home,pipeline:structured_equipment_item,equipment/equipment_item_lookup,100.0,True,0.2189,0,,,
MB-0430-E-029,equipment,psu_fact,Logitech G923 TRUEFORCE Racing Wheel คืออะไร,Logitech G923 TRUEFORCE Racing Wheel: ชุดพวงมาลัยแข่งรถสำหรับเล่นเกมขับรถใน Cockpit Zone จำนวน: 2 Units with Driving Force Shifter อยู่ที่: Cockpit Zone ใช้สำหรับ: • เล่น Gran Turismo 7 ร่วมกับชุด Cockpit และ TV 65 นิ้ว แหล่งข้อมูล: https://esports.phuket.psu.ac.th/home,pipeline:structured_equipment_item,equipment/equipment_item_lookup,100.0,True,0.252,0,,,
MB-0431-E-030,equipment,psu_fact,Logitech G923 TRUEFORCE Racing Wheel อยู่โซนไหน,Logitech G923 TRUEFORCE Racing Wheel: ชุดพวงมาลัยแข่งรถสำหรับเล่นเกมขับรถใน Cockpit Zone จำนวน: 2 Units with Driving Force Shifter อยู่ที่: Cockpit Zone ใช้สำหรับ: • เล่น Gran Turismo 7 ร่วมกับชุด Cockpit และ TV 65 นิ้ว แหล่งข้อมูล: https://esports.phuket.psu.ac.th/home,pipeline:structured_equipment_item,equipment/equipment_item_lookup,100.0,True,0.2533,0,,,
MB-0432-E-031,equipment,psu_fact,Logitech G923 TRUEFORCE Racing Wheel ใช้ทำอะไร,Logitech G923 TRUEFORCE Racing Wheel: ชุดพวงมาลัยแข่งรถสำหรับเล่นเกมขับรถใน Cockpit Zone จำนวน: 2 Units with Driving Force Shifter อยู่ที่: Cockpit Zone ใช้สำหรับ: • เล่น Gran Turismo 7 ร่วมกับชุด Cockpit และ TV 65 นิ้ว แหล่งข้อมูล: https://esports.phuket.psu.ac.th/home,pipeline:structured_equipment_item,equipment/equipment_item_lookup,100.0,True,0.2571,0,,,
MB-0433-E-032,equipment,psu_fact,Driving Force Shifter คืออะไร,Driving Force Shifter: คันเกียร์เสริมสำหรับชุดพวงมาลัยขับรถ จำนวน: 2 Units with Logitech G923 อยู่ที่: Cockpit Zone ใช้สำหรับ: • เพิ่มความสมจริงให้เกมขับรถ เช่น Gran Turismo 7 แหล่งข้อมูล: https://esports.phuket.psu.ac.th/home,pipeline:structured_equipment_item,equipment/equipment_item_lookup,100.0,True,0.2515,0,,,
MB-0434-E-033,equipment,psu_fact,Driving Force Shifter อยู่โซนไหน,Driving Force Shifter: คันเกียร์เสริมสำหรับชุดพวงมาลัยขับรถ จำนวน: 2 Units with Logitech G923 อยู่ที่: Cockpit Zone ใช้สำหรับ: • เพิ่มความสมจริงให้เกมขับรถ เช่น Gran Turismo 7 แหล่งข้อมูล: https://esports.phuket.psu.ac.th/home,pipeline:structured_equipment_item,equipment/equipment_item_lookup,100.0,True,0.2715,0,,,
MB-0435-E-034,equipment,psu_fact,Driving Force Shifter ใช้ทำอะไร,Driving Force Shifter: คันเกียร์เสริมสำหรับชุดพวงมาลัยขับรถ จำนวน: 2 Units with Logitech G923 อยู่ที่: Cockpit Zone ใช้สำหรับ: • เพิ่มความสมจริงให้เกมขับรถ เช่น Gran Turismo 7 แหล่งข้อมูล: https://esports.phuket.psu.ac.th/home,pipeline:structured_equipment_item,equipment/equipment_item_lookup,100.0,True,0.2592,0,,,
MB-0436-E-035,equipment,psu_fact,Racezone Full Cockpit V3 คืออะไร,Racezone Full Cockpit V3: ชุดเบาะและโครงจำลองการขับรถสำหรับเกมแข่งรถ จำนวน: 2 Units อยู่ที่: Cockpit Zone ใช้สำหรับ: • เล่น Gran Turismo 7 แบบจำลองการขับจริงมากขึ้น แหล่งข้อมูล: https://esports.phuket.psu.ac.th/home,pipeline:structured_equipment_item,equipment/equipment_item_lookup,100.0,True,0.2112,0,,,
MB-0437-E-036,equipment,psu_fact,Racezone Full Cockpit V3 อยู่โซนไหน,Racezone Full Cockpit V3: ชุดเบาะและโครงจำลองการขับรถสำหรับเกมแข่งรถ จำนวน: 2 Units อยู่ที่: Cockpit Zone ใช้สำหรับ: • เล่น Gran Turismo 7 แบบจำลองการขับจริงมากขึ้น แหล่งข้อมูล: https://esports.phuket.psu.ac.th/home,pipeline:structured_equipment_item,equipment/equipment_item_lookup,100.0,True,0.2145,0,,,
MB-0438-E-037,equipment,psu_fact,Racezone Full Cockpit V3 ใช้ทำอะไร,Racezone Full Cockpit V3: ชุดเบาะและโครงจำลองการขับรถสำหรับเกมแข่งรถ จำนวน: 2 Units อยู่ที่: Cockpit Zone ใช้สำหรับ: • เล่น Gran Turismo 7 แบบจำลองการขับจริงมากขึ้น แหล่งข้อมูล: https://esports.phuket.psu.ac.th/home,pipeline:structured_equipment_item,equipment/equipment_item_lookup,100.0,True,0.2332,0,,,
MB-0439-E-038,equipment,psu_fact,Pulse Elite Wireless Headset คืออะไร,Pulse Elite Wireless Headset: หูฟังไร้สายสำหรับใช้งานกับชุดเกมใน Cockpit Zone จำนวน: 2 Units อยู่ที่: Cockpit Zone ใช้สำหรับ: • ฟังเสียงเกมขับรถและเพิ่มความสมจริงระหว่างเล่น แหล่งข้อมูล: https://esports.phuket.psu.ac.th/home,pipeline:structured_equipment_item,equipment/equipment_item_lookup,100.0,True,0.2893,0,,,
MB-0440-E-039,equipment,psu_fact,Pulse Elite Wireless Headset อยู่โซนไหน,Pulse Elite Wireless Headset: หูฟังไร้สายสำหรับใช้งานกับชุดเกมใน Cockpit Zone จำนวน: 2 Units อยู่ที่: Cockpit Zone ใช้สำหรับ: • ฟังเสียงเกมขับรถและเพิ่มความสมจริงระหว่างเล่น แหล่งข้อมูล: https://esports.phuket.psu.ac.th/home,pipeline:structured_equipment_item,equipment/equipment_item_lookup,100.0,True,0.2774,0,,,
MB-0441-E-040,equipment,psu_fact,Pulse Elite Wireless Headset ใช้ทำอะไร,Pulse Elite Wireless Headset: หูฟังไร้สายสำหรับใช้งานกับชุดเกมใน Cockpit Zone จำนวน: 2 Units อยู่ที่: Cockpit Zone ใช้สำหรับ: • ฟังเสียงเกมขับรถและเพิ่มความสมจริงระหว่างเล่น แหล่งข้อมูล: https://esports.phuket.psu.ac.th/home,pipeline:structured_equipment_item,equipment/equipment_item_lookup,100.0,True,0.2872,0,,,
MB-0442-E-041,equipment,psu_fact,Nintendo Switch OLED คืออะไร,Nintendo Switch OLED: เครื่องเกม Nintendo Switch รุ่น OLED สำหรับเล่นเกมคอนโซลแบบกลุ่มหรือครอบครัว จำนวน: 1 Unit อยู่ที่: Nintendo Switch Zone ใช้สำหรับ: • เล่น Mario Kart 8 Deluxe • เล่น Overcooked 2 • เล่น Super Smash Bros Ultimate • เล่น Nintendo Switch Sports แหล่งข้อมูล: https://esports.phuket.psu.ac.th/home,pipeline:structured_equipment_item,equipment/equipment_item_lookup,100.0,True,0.1979,0,,,
MB-0443-E-042,equipment,psu_fact,Nintendo Switch OLED อยู่โซนไหน,Nintendo Switch OLED: เครื่องเกม Nintendo Switch รุ่น OLED สำหรับเล่นเกมคอนโซลแบบกลุ่มหรือครอบครัว จำนวน: 1 Unit อยู่ที่: Nintendo Switch Zone ใช้สำหรับ: • เล่น Mario Kart 8 Deluxe • เล่น Overcooked 2 • เล่น Super Smash Bros Ultimate • เล่น Nintendo Switch Sports แหล่งข้อมูล: https://esports.phuket.psu.ac.th/home,pipeline:structured_equipment_item,equipment/equipment_item_lookup,100.0,True,0.2217,0,,,
MB-0444-E-043,equipment,psu_fact,Nintendo Switch OLED ใช้ทำอะไร,Nintendo Switch OLED: เครื่องเกม Nintendo Switch รุ่น OLED สำหรับเล่นเกมคอนโซลแบบกลุ่มหรือครอบครัว จำนวน: 1 Unit อยู่ที่: Nintendo Switch Zone ใช้สำหรับ: • เล่น Mario Kart 8 Deluxe • เล่น Overcooked 2 • เล่น Super Smash Bros Ultimate • เล่น Nintendo Switch Sports แหล่งข้อมูล: https://esports.phuket.psu.ac.th/home,pipeline:structured_equipment_item,equipment/equipment_item_lookup,100.0,True,0.198,0,,,
MB-0445-E-044,equipment,psu_fact,PlayStation 5 Slim With Ultra HD Blu-Ray Disc Drive คืออะไร,PlayStation 5 Slim With Ultra HD Blu-Ray Disc Drive: เครื่องเกม PlayStation 5 สำหรับเล่นเกมคอนโซล และใช้เป็นฐานสำหรับ VR Zone บางชุด จำนวน: 2 Units in PlayStation 5 Zone and 1 Unit in VR Zone อยู่ที่: PlayStation 5 Zone / VR Zone ใช้สำหรับ: • เล่น Marvel's Spider-Man 2 • เล่น TEKKEN 8 • เล่น Fortnite • เล่น God of War Ragnarok • รองรับ VR Zone ที่ใช้ PlayStation VR2 แหล่งข้อมูล: https://esports.phuket.psu.ac.th/home,pipeline:structured_equipment_item,equipment/equipment_item_lookup,100.0,True,0.2716,0,,,
MB-0446-E-045,equipment,psu_fact,PlayStation 5 Slim With Ultra HD Blu-Ray Disc Drive อยู่โซนไหน,PlayStation 5 Slim With Ultra HD Blu-Ray Disc Drive: เครื่องเกม PlayStation 5 สำหรับเล่นเกมคอนโซล และใช้เป็นฐานสำหรับ VR Zone บางชุด จำนวน: 2 Units in PlayStation 5 Zone and 1 Unit in VR Zone อยู่ที่: PlayStation 5 Zone / VR Zone ใช้สำหรับ: • เล่น Marvel's Spider-Man 2 • เล่น TEKKEN 8 • เล่น Fortnite • เล่น God of War Ragnarok • รองรับ VR Zone ที่ใช้ PlayStation VR2 แหล่งข้อมูล: https://esports.phuket.psu.ac.th/home,pipeline:structured_equipment_item,equipment/equipment_item_lookup,100.0,True,0.2896,0,,,
MB-0447-E-046,equipment,psu_fact,PlayStation 5 Slim With Ultra HD Blu-Ray Disc Drive ใช้ทำอะไร,PlayStation 5 Slim With Ultra HD Blu-Ray Disc Drive: เครื่องเกม PlayStation 5 สำหรับเล่นเกมคอนโซล และใช้เป็นฐานสำหรับ VR Zone บางชุด จำนวน: 2 Units in PlayStation 5 Zone and 1 Unit in VR Zone อยู่ที่: PlayStation 5 Zone / VR Zone ใช้สำหรับ: • เล่น Marvel's Spider-Man 2 • เล่น TEKKEN 8 • เล่น Fortnite • เล่น God of War Ragnarok • รองรับ VR Zone ที่ใช้ PlayStation VR2 แหล่งข้อมูล: https://esports.phuket.psu.ac.th/home,pipeline:structured_equipment_item,equipment/equipment_item_lookup,100.0,True,0.2902,0,,,
MB-0448-E-047,equipment,psu_fact,Sony PlayStation VR2 คืออะไร,Sony PlayStation VR2: ชุดแว่น VR สำหรับเล่นเกมเสมือนจริงใน VR Zone จำนวน: 1 Unit อยู่ที่: VR Zone ใช้สำหรับ: • เล่น Beat Saber • เล่น Horizon Call of the Mountain แหล่งข้อมูล: https://esports.phuket.psu.ac.th/home,pipeline:structured_equipment_item,equipment/equipment_item_lookup,100.0,True,0.2141,0,,,
MB-0449-E-048,equipment,psu_fact,Sony PlayStation VR2 อยู่โซนไหน,Sony PlayStation VR2: ชุดแว่น VR สำหรับเล่นเกมเสมือนจริงใน VR Zone จำนวน: 1 Unit อยู่ที่: VR Zone ใช้สำหรับ: • เล่น Beat Saber • เล่น Horizon Call of the Mountain แหล่งข้อมูล: https://esports.phuket.psu.ac.th/home,pipeline:structured_equipment_item,equipment/equipment_item_lookup,100.0,True,0.2028,0,,,
MB-0450-E-049,equipment,psu_fact,Sony PlayStation VR2 ใช้ทำอะไร,Sony PlayStation VR2: ชุดแว่น VR สำหรับเล่นเกมเสมือนจริงใน VR Zone จำนวน: 1 Unit อยู่ที่: VR Zone ใช้สำหรับ: • เล่น Beat Saber • เล่น Horizon Call of the Mountain แหล่งข้อมูล: https://esports.phuket.psu.ac.th/home,pipeline:structured_equipment_item,equipment/equipment_item_lookup,100.0,True,0.1917,0,,,
MB-0451-E-050,equipment,psu_fact,TV 65 นิ้ว คืออะไร,TV 65 นิ้ว: จอทีวีขนาด 65 นิ้วสำหรับแสดงภาพเกมขับรถใน Cockpit Zone จำนวน: 2 Units อยู่ที่: Cockpit Zone ใช้สำหรับ: • แสดงผลเกม Gran Turismo 7 ใน Cockpit Zone แหล่งข้อมูล: https://esports.phuket.psu.ac.th/home,pipeline:structured_equipment_item,equipment/equipment_item_lookup,100.0,True,0.2283,0,,,
MB-0452-E-051,equipment,psu_fact,TV 65 นิ้ว อยู่โซนไหน,TV 65 นิ้ว: จอทีวีขนาด 65 นิ้วสำหรับแสดงภาพเกมขับรถใน Cockpit Zone จำนวน: 2 Units อยู่ที่: Cockpit Zone ใช้สำหรับ: • แสดงผลเกม Gran Turismo 7 ใน Cockpit Zone แหล่งข้อมูล: https://esports.phuket.psu.ac.th/home,pipeline:structured_equipment_item,equipment/equipment_item_lookup,100.0,True,0.1915,0,,,
MB-0453-E-052,equipment,psu_fact,TV 65 นิ้ว ใช้ทำอะไร,TV 65 นิ้ว: จอทีวีขนาด 65 นิ้วสำหรับแสดงภาพเกมขับรถใน Cockpit Zone จำนวน: 2 Units อยู่ที่: Cockpit Zone ใช้สำหรับ: • แสดงผลเกม Gran Turismo 7 ใน Cockpit Zone แหล่งข้อมูล: https://esports.phuket.psu.ac.th/home,pipeline:structured_equipment_item,equipment/equipment_item_lookup,100.0,True,0.1867,0,,,
MB-0454-E-053,equipment,psu_fact,TV 86 นิ้ว คืออะไร,"TV 86 นิ้ว: จอทีวีขนาด 86 นิ้วสำหรับเล่นเกม Nintendo Switch เป็นกลุ่ม จำนวน: 1 Unit อยู่ที่: Nintendo Switch Zone ใช้สำหรับ: • แสดงผลเกม Nintendo Switch เช่น Mario Kart, Overcooked, Super Smash Bros และ Switch Sports แหล่งข้อมูล: https://esports.phuket.psu.ac.th/home",pipeline:structured_equipment_item,equipment/equipment_item_lookup,100.0,True,0.1877,0,,,
MB-0455-E-054,equipment,psu_fact,TV 86 นิ้ว อยู่โซนไหน,"TV 86 นิ้ว: จอทีวีขนาด 86 นิ้วสำหรับเล่นเกม Nintendo Switch เป็นกลุ่ม จำนวน: 1 Unit อยู่ที่: Nintendo Switch Zone ใช้สำหรับ: • แสดงผลเกม Nintendo Switch เช่น Mario Kart, Overcooked, Super Smash Bros และ Switch Sports แหล่งข้อมูล: https://esports.phuket.psu.ac.th/home",pipeline:structured_equipment_item,equipment/equipment_item_lookup,100.0,True,0.2006,0,,,
MB-0456-E-055,equipment,psu_fact,TV 86 นิ้ว ใช้ทำอะไร,"TV 86 นิ้ว: จอทีวีขนาด 86 นิ้วสำหรับเล่นเกม Nintendo Switch เป็นกลุ่ม จำนวน: 1 Unit อยู่ที่: Nintendo Switch Zone ใช้สำหรับ: • แสดงผลเกม Nintendo Switch เช่น Mario Kart, Overcooked, Super Smash Bros และ Switch Sports แหล่งข้อมูล: https://esports.phuket.psu.ac.th/home",pipeline:structured_equipment_item,equipment/equipment_item_lookup,100.0,True,0.1943,0,,,
MB-0457-E-056,equipment,psu_fact,Sofa 2 seats คืออะไร,Sofa 2 seats: โซฟาสำหรับนั่งเล่นเกมใน Nintendo Switch Zone จำนวน: 2 Sets อยู่ที่: Nintendo Switch Zone ใช้สำหรับ: • รองรับการเล่นเกมเป็นกลุ่มใน Nintendo Switch Zone แหล่งข้อมูล: https://esports.phuket.psu.ac.th/home,pipeline:structured_equipment_item,equipment/equipment_item_lookup,100.0,True,0.2046,0,,,
MB-0458-E-057,equipment,psu_fact,Sofa 2 seats อยู่โซนไหน,Sofa 2 seats: โซฟาสำหรับนั่งเล่นเกมใน Nintendo Switch Zone จำนวน: 2 Sets อยู่ที่: Nintendo Switch Zone ใช้สำหรับ: • รองรับการเล่นเกมเป็นกลุ่มใน Nintendo Switch Zone แหล่งข้อมูล: https://esports.phuket.psu.ac.th/home,pipeline:structured_equipment_item,equipment/equipment_item_lookup,100.0,True,0.2436,0,,,
MB-0459-E-058,equipment,psu_fact,Sofa 2 seats ใช้ทำอะไร,Sofa 2 seats: โซฟาสำหรับนั่งเล่นเกมใน Nintendo Switch Zone จำนวน: 2 Sets อยู่ที่: Nintendo Switch Zone ใช้สำหรับ: • รองรับการเล่นเกมเป็นกลุ่มใน Nintendo Switch Zone แหล่งข้อมูล: https://esports.phuket.psu.ac.th/home,pipeline:structured_equipment_item,equipment/equipment_item_lookup,100.0,True,0.2179,0,,,
MB-0460-R-001,reservation,psu_fact,จองยังไง,"ขั้นตอนจองโดยสรุป: • เลือกบริการหรือโซนที่ต้องการใช้ • เลือกวันและรอบเวลาที่ต้องการ • กรอก Student ID/Staff ID/National ID, ชื่อ, นามสกุล, อีเมล และเบอร์โทรศัพท์ • ตรวจสอบข้อมูลและชำระเงินโดยโอนเข้าบัญชีที่ระบบแจ้ง • หลังจองต้องชำระเงินภายใน 10 นาที • แนบสลิปและยืนยันการจอง แหล่งข้อมูล: https://esports.computing.psu.ac.th/",pipeline:structured_reservation_fact,reservation/booking_policy,100.0,True,0.537,0,,,
MB-0461-R-002,reservation,psu_fact,สรุปขั้นตอนจองให้หน่อย,"ขั้นตอนจองโดยสรุป: • เลือกบริการหรือโซนที่ต้องการใช้ • เลือกวันและรอบเวลาที่ต้องการ • กรอก Student ID/Staff ID/National ID, ชื่อ, นามสกุล, อีเมล และเบอร์โทรศัพท์ • ตรวจสอบข้อมูลและชำระเงินโดยโอนเข้าบัญชีที่ระบบแจ้ง • หลังจองต้องชำระเงินภายใน 10 นาที • แนบสลิปและยืนยันการจอง แหล่งข้อมูล: https://esports.computing.psu.ac.th/",pipeline:structured_reservation_fact,reservation/booking_policy,100.0,True,3.7934,0,,,
MB-0462-R-003,reservation,psu_fact,จอง PS5 ต้องทำยังไง,จอง PlayStation 5 ต้องเลือกบริการ PlayStation 5 และเลือกรอบเวลาที่ต้องการครับ • ข้อมูลค่าบริการที่มีระบุ PlayStation 5 ต่อ 60 นาที สำหรับ 1-2 คน • จากนั้นกรอกข้อมูลผู้ใช้บริการ ชำระเงิน และแนบสลิปเพื่อยืนยันการจอง แหล่งข้อมูล: https://esports.computing.psu.ac.th/,pipeline:structured_booking_selection,reservation/booking_policy,100.0,True,0.9718,0,,,
MB-0463-R-004,reservation,psu_fact,จอง Nintendo Switch ต้องทำยังไง,จอง Nintendo Switch ต้องเลือกบริการตามจำนวนผู้เล่นครับ • ถ้าเล่น 1-2 คน ให้เลือก Nintendo Switch แบบ 1-2 Persons • ถ้าเล่น 3-4 คน ให้เลือก Nintendo Switch แบบ 3-4 Persons • จากนั้นเลือกวัน รอบเวลา กรอกข้อมูลผู้ใช้บริการ ชำระเงิน และแนบสลิปเพื่อยืนยันการจอง แหล่งข้อมูล: https://esports.computing.psu.ac.th/,pipeline:structured_booking_selection,reservation/booking_policy,100.0,True,2.1875,0,,,
MB-0464-R-005,reservation,psu_fact,จอง VR ต้องทำยังไง,จองคิวเล่นเกม/ใช้อุปกรณ์ได้ผ่านระบบจองออนไลน์ครับ ถ้าต้องการจอง VR ให้เลือกบริการ VR Station และเลือกรอบ 30 นาทีหรือ 1 ชั่วโมงตามที่ระบบมีให้เลือก ขั้นตอนโดยสรุปคือ 1) เลือกบริการหรือโซนที่ต้องการใช้ 2) เลือกวันและรอบเวลา 3) กรอก Student ID/Staff ID/National ID ชื่อ นามสกุล อีเมล และเบอร์โทรศัพท์ 4) ตรวจสอบข้อมูลและชำระเงินโดยโอนเข้าบัญชีที่ระบบแจ้ง 5) แนบสลิปและยืนยันการจอง ต้องจองล่วงหน้าอย่างน้อย 1 ชั่วโมง และหลังจองต้องชำระเงินภายใน 10 นาทีครับ แหล่งข้อมูล: https://esports.computing.psu.ac.th/reservation,pipeline:booking_howto_fast_path,reservation/booking_policy,100.0,True,0.8863,0,,,
MB-0465-R-006,reservation,psu_fact,จอง Cockpit ต้องทำยังไง,ถ้าอยากเล่นเกมขับรถหรือใช้พวงมาลัย ให้จอง Cockpit Zone / Cockpit ครับ • โซนนี้ใช้กับชุด Racezone Full Cockpit V3 และ Logitech G923 TRUEFORCE Racing Wheel • เกมที่ยืนยันได้คือ Gran Turismo 7 แหล่งข้อมูล: https://esports.computing.psu.ac.th/,pipeline:structured_booking_selection,reservation/booking_policy,100.0,True,1.4537,0,,,
MB-0466-R-007,reservation,psu_fact,จอง PC ต้องทำยังไง,"สำหรับ PC ให้เลือกบริการ/โซน PC ในระบบจอง แล้วทำตามขั้นตอนนี้ครับ ขั้นตอนจองโดยสรุป: • เลือกบริการหรือโซนที่ต้องการใช้ • เลือกวันและรอบเวลาที่ต้องการ • กรอก Student ID/Staff ID/National ID, ชื่อ, นามสกุล, อีเมล และเบอร์โทรศัพท์ • ตรวจสอบข้อมูลและชำระเงินโดยโอนเข้าบัญชีที่ระบบแจ้ง • หลังจองต้องชำระเงินภายใน 10 นาที • แนบสลิปและยืนยันการจอง แหล่งข้อมูล: https://esports.computing.psu.ac.th/",pipeline:structured_reservation_fact,reservation/booking_policy,100.0,True,2.2866,0,,,
MB-0467-R-008,reservation,psu_fact,ต้องจองล่วงหน้ากี่ชั่วโมง,ต้องจองล่วงหน้าผ่านระบบออนไลน์ก่อนเวลาใช้งานอย่างน้อย 1 ชั่วโมง แหล่งข้อมูล: https://esports.computing.psu.ac.th/,pipeline:structured_reservation_fact,reservation/booking_policy,100.0,True,3.0162,0,,,
MB-0468-R-009,reservation,psu_fact,จองได้สูงสุดกี่ session,การจอง 1 ครั้งสามารถจองได้สูงสุด 3 Sessions สำหรับ PlayStation 5: 1 session = 1 ชั่วโมง ดังนั้น 3 sessions = สูงสุด 3 ชั่วโมงต่อการจอง 1 ครั้ง แหล่งข้อมูล: https://esports.computing.psu.ac.th/,pipeline:structured_reservation_fact,reservation/booking_policy,100.0,True,2.5736,0,,,
MB-0469-R-010,reservation,psu_fact,หลังจองต้องจ่ายภายในกี่นาที,หลังจองต้องชำระเงินทันที หากไม่ชำระภายใน 10 นาที การจองจะถูกยกเลิกและต้องจองใหม่ แหล่งข้อมูล: https://esports.computing.psu.ac.th/,pipeline:structured_reservation_fact,reservation/booking_policy,100.0,True,3.395,0,,,
MB-0470-R-011,reservation,psu_fact,จองแล้วแก้ไขได้ไหม,เมื่อกดจองแล้วจะไม่สามารถแก้ไขข้อมูลได้ หากต้องการแก้ไขต้องยกเลิกผ่านอีเมลก่อนเวลาใช้งานอย่างน้อย 1 ชั่วโมง แล้วจองใหม่ พร้อมแนบสลิปการโอนเงินเดิม แหล่งข้อมูล: https://esports.computing.psu.ac.th/reservation,pipeline:booking_fast_path,reservation/how_to,100.0,True,3.0251,0,,,
MB-0471-R-012,reservation,psu_fact,จองแล้วโอนสิทธิ์ให้เพื่อนได้ไหม,ไม่สามารถโอนสิทธิ์การจองให้ผู้อื่นได้ แหล่งข้อมูล: https://esports.computing.psu.ac.th/,pipeline:structured_reservation_fact,reservation/booking_policy,100.0,True,8.3466,0,,,
MB-0472-R-013,reservation,psu_fact,เช็คอินล่วงหน้าได้กี่นาที,"เช็คอินได้ล่วงหน้าสูงสุด 30 นาที หรือ 1,800 วินาที และต้องเช็คอินก่อนเวลาเริ่มต้นของรอบที่จอง แหล่งข้อมูล: https://esports.computing.psu.ac.th/reservation",pipeline:checkin_fast_path,reservation/count,100.0,True,3.0633,0,,,
MB-0473-R-014,reservation,psu_fact,ถ้ายกเลิกต้องทำยังไง,"ขั้นตอนจองโดยสรุป: • เลือกบริการหรือโซนที่ต้องการใช้ • เลือกวันและรอบเวลาที่ต้องการ • กรอก Student ID/Staff ID/National ID, ชื่อ, นามสกุล, อีเมล และเบอร์โทรศัพท์ • ตรวจสอบข้อมูลและชำระเงินโดยโอนเข้าบัญชีที่ระบบแจ้ง • หลังจองต้องชำระเงินภายใน 10 นาที • แนบสลิปและยืนยันการจอง แหล่งข้อมูล: https://esports.computing.psu.ac.th/",pipeline:structured_reservation_fact,reservation/booking_policy,100.0,True,1.4372,0,,,
MB-0474-R-015,reservation,psu_fact,ถ้าไปช้าจะเป็นอะไรไหม,ถ้าไม่เช็คอินก่อนเวลาเริ่มต้นของรอบ ระบบจะยกเลิกการจองทันที และไม่มีการคืนเงิน แหล่งข้อมูล: https://esports.computing.psu.ac.th/,pipeline:structured_reservation_fact,reservation/booking_policy,100.0,True,2.6558,0,,,
MB-0475-R-016,reservation,psu_fact,walk in ได้ไหม,ผู้ใช้งานต้องจองล่วงหน้าผ่านระบบออนไลน์ก่อนเวลาใช้งานอย่างน้อย 1 ชั่วโมง จึงไม่ควร walk in โดยไม่จองก่อน แหล่งข้อมูล: https://esports.computing.psu.ac.th/,pipeline:structured_reservation_fact,reservation/booking_policy,100.0,True,1.5065,0,,,
MB-0476-R-017,reservation,psu_fact,ต้องแนบสลิปไหม,ตอนจองต้องกรอก Student ID/Staff ID/National ID ชื่อ นามสกุล อีเมล เบอร์โทรศัพท์ และชำระโดยโอนเงินพร้อมแนบสลิป แหล่งข้อมูล: https://esports.computing.psu.ac.th/reservation,pipeline:mixed_reservation_fast,reservation/competition_rules_lookup,100.0,True,0.7674,0,,,
MB-0477-R-018,reservation,psu_fact,จองแล้วไม่สามารถยกเลิกได้ใช่ไหม,เมื่อกดจองแล้วจะไม่สามารถแก้ไขข้อมูลได้ หากต้องการแก้ไขต้องยกเลิกการจองผ่านทางอีเมลก่อนเวลาใช้งานอย่างน้อย 1 ชั่วโมง แล้วจองใหม่อีกครั้ง พร้อมแนบสลิปการโอนเงินเดิม แหล่งข้อมูล: https://esports.computing.psu.ac.th/,pipeline:rag_direct_curated,reservation/how_to,100.0,True,8.867,0,,,
MB-0478-R-019,reservation,psu_fact,ถ้าจองผิดข้อมูลต้องทำยังไง,"ขั้นตอนจองโดยสรุป: • เลือกบริการหรือโซนที่ต้องการใช้ • เลือกวันและรอบเวลาที่ต้องการ • กรอก Student ID/Staff ID/National ID, ชื่อ, นามสกุล, อีเมล และเบอร์โทรศัพท์ • ตรวจสอบข้อมูลและชำระเงินโดยโอนเข้าบัญชีที่ระบบแจ้ง • หลังจองต้องชำระเงินภายใน 10 นาที • แนบสลิปและยืนยันการจอง แหล่งข้อมูล: https://esports.computing.psu.ac.th/",pipeline:structured_reservation_fact,reservation/booking_policy,100.0,True,6.2698,0,,,
MB-0479-R-020,reservation,psu_fact,จ่ายเงินผ่านช่องทางไหน,ชำระเงินโดยโอนผ่านธนาคารไทยพาณิชย์ ชื่อบัญชี PSU Esports Studio - Phuket เลขบัญชี 795-276244-1 และต้องแนบสลิปการโอนเงิน แหล่งข้อมูล: https://esports.computing.psu.ac.th/,pipeline:structured_reservation_fact,reservation/booking_policy,100.0,True,2.6667,0,,,
MB-0480-S-001,schedule,psu_fact,เปิดกี่โมง,"เวลาบริการตามตารางคือ Morning 09:00-12:00 และ Afternoon 13:00-16:00 รายละเอียดจากตาราง: • วันจันทร์: Morning 09:00-12:00 = maintenance, Afternoon 13:00-16:00 = open • วันอังคาร: Morning 09:00-12:00 = open, Afternoon 13:00-16:00 = open • วันพุธ: Morning 09:00-12:00 = open, Afternoon 13:00-16:00 = open • วันพฤหัสบดี: Morning 09:00-12:00 = open, Afternoon 13:00-16:00 = open • วันศุกร์: Morning 09:00-12:00 = open, Afternoon 13:00-16:00 = maintenance แหล่งข้อมูล: https://esports.computing.psu.ac.th/",pipeline:structured_schedule,schedule/schedule_query,100.0,True,0.1492,0,,,
MB-0481-S-002,schedule,psu_fact,ปิดกี่โมง,"เวลาบริการตามตารางคือ Morning 09:00-12:00 และ Afternoon 13:00-16:00 รายละเอียดจากตาราง: • วันจันทร์: Morning 09:00-12:00 = maintenance, Afternoon 13:00-16:00 = open • วันอังคาร: Morning 09:00-12:00 = open, Afternoon 13:00-16:00 = open • วันพุธ: Morning 09:00-12:00 = open, Afternoon 13:00-16:00 = open • วันพฤหัสบดี: Morning 09:00-12:00 = open, Afternoon 13:00-16:00 = open • วันศุกร์: Morning 09:00-12:00 = open, Afternoon 13:00-16:00 = maintenance แหล่งข้อมูล: https://esports.computing.psu.ac.th/",pipeline:structured_schedule,schedule/schedule_query,100.0,True,0.1296,0,,,
MB-0482-S-003,schedule,psu_fact,วันนี้เปิดไหม,วันนี้ 23/08/2026 (วันอาทิตย์): วันอาทิตย์ยังไม่พบช่วงให้บริการในตารางประจำที่มีอยู่ จึงควรตรวจสอบกับศูนย์ก่อนเดินทาง วันที่อ้างอิงของระบบ: วันนี้คือ 23/08/2026 (วันอาทิตย์) ตามเวลาไทย ปฏิทินไทยของวันที่นี้: ไม่พบวันหยุดไทยหรือเทศกาลในปฏิทินที่บันทึกไว้สำหรับวันที่นี้ รายละเอียดจากตาราง: • วันจันทร์ช่วงเช้า 09:00-12:00 เป็น Maintenance* และเปิดช่วงบ่าย 13:00-16:00 • วันอังคาร-พฤหัสบดีเปิด 09:00-12:00 และ 13:00-16:00 • วันศุกร์เปิดช่วงเช้า 09:00-12:00 และช่วงบ่าย 13:00-16:00 เป็น Maintenance • วันหยุดราชการ/วันปิดพิเศษในไฟล์ปฏิทินจะมีผลก่อนตารางปกติ แหล่งข้อมูลตารางบริการ: https://esports.computing.psu.ac.th/reservation,pipeline:calendar_schedule_fast_path,schedule/schedule_query,100.0,True,1.1482,0,,,
MB-0483-S-004,schedule,psu_fact,วันจันทร์เปิดกี่โมง,"วันจันทร์: เปิดให้เล่นช่วง 13:00-16:00 ส่วน 09:00-12:00 เป็น Maintenance* รายละเอียดจากตาราง: • วันจันทร์: Morning 09:00-12:00 = maintenance, Afternoon 13:00-16:00 = open แหล่งข้อมูล: https://esports.computing.psu.ac.th/",pipeline:structured_schedule,schedule/schedule_query,100.0,True,0.2024,0,,,
MB-0484-S-005,schedule,psu_fact,วันอาทิตย์เปิดไหม,"เวลาบริการตามตารางคือ Morning 09:00-12:00 และ Afternoon 13:00-16:00 รายละเอียดจากตาราง: • วันจันทร์: Morning 09:00-12:00 = maintenance, Afternoon 13:00-16:00 = open • วันอังคาร: Morning 09:00-12:00 = open, Afternoon 13:00-16:00 = open • วันพุธ: Morning 09:00-12:00 = open, Afternoon 13:00-16:00 = open • วันพฤหัสบดี: Morning 09:00-12:00 = open, Afternoon 13:00-16:00 = open • วันศุกร์: Morning 09:00-12:00 = open, Afternoon 13:00-16:00 = maintenance แหล่งข้อมูล: https://esports.computing.psu.ac.th/",pipeline:structured_schedule,schedule/schedule_query,100.0,True,0.1846,0,,,
MB-0485-S-006,schedule,psu_fact,ช่วงเช้าเล่นได้ไหม,"รอบเช้า Morning คือ 09:00-12:00 แต่วันจันทร์ช่วงนี้เป็น Maintenance* รายละเอียดจากตาราง: • วันจันทร์: Morning 09:00-12:00 = maintenance, Afternoon 13:00-16:00 = open • วันอังคาร: Morning 09:00-12:00 = open, Afternoon 13:00-16:00 = open • วันพุธ: Morning 09:00-12:00 = open, Afternoon 13:00-16:00 = open • วันพฤหัสบดี: Morning 09:00-12:00 = open, Afternoon 13:00-16:00 = open • วันศุกร์: Morning 09:00-12:00 = open, Afternoon 13:00-16:00 = maintenance แหล่งข้อมูล: https://esports.computing.psu.ac.th/",pipeline:structured_schedule,schedule/schedule_query,100.0,True,1.2453,0,,,
MB-0486-S-007,schedule,psu_fact,ตอนเย็นเปิดถึงกี่โมง,"เวลาบริการตามตารางคือ Morning 09:00-12:00 และ Afternoon 13:00-16:00 รายละเอียดจากตาราง: • วันจันทร์: Morning 09:00-12:00 = maintenance, Afternoon 13:00-16:00 = open • วันอังคาร: Morning 09:00-12:00 = open, Afternoon 13:00-16:00 = open • วันพุธ: Morning 09:00-12:00 = open, Afternoon 13:00-16:00 = open • วันพฤหัสบดี: Morning 09:00-12:00 = open, Afternoon 13:00-16:00 = open • วันศุกร์: Morning 09:00-12:00 = open, Afternoon 13:00-16:00 = maintenance แหล่งข้อมูล: https://esports.computing.psu.ac.th/",pipeline:structured_schedule,schedule/schedule_query,100.0,True,0.2063,0,,,
MB-0487-S-008,schedule,psu_fact,พรุ่งนี้เปิดไหม,พรุ่งนี้ 24/08/2026 (วันจันทร์): วันจันทร์เปิดให้เล่นช่วง 13:00-16:00 ส่วนช่วงเช้า 09:00-12:00 เป็น Maintenance* วันที่อ้างอิงของระบบ: วันนี้คือ 23/08/2026 (วันอาทิตย์) ตามเวลาไทย ปฏิทินไทยของวันที่นี้: ไม่พบวันหยุดไทยหรือเทศกาลในปฏิทินที่บันทึกไว้สำหรับวันที่นี้ รายละเอียดจากตาราง: • วันจันทร์ช่วงเช้า 09:00-12:00 เป็น Maintenance* และเปิดช่วงบ่าย 13:00-16:00 • วันอังคาร-พฤหัสบดีเปิด 09:00-12:00 และ 13:00-16:00 • วันศุกร์เปิดช่วงเช้า 09:00-12:00 และช่วงบ่าย 13:00-16:00 เป็น Maintenance • วันหยุดราชการ/วันปิดพิเศษในไฟล์ปฏิทินจะมีผลก่อนตารางปกติ แหล่งข้อมูลตารางบริการ: https://esports.computing.psu.ac.th/reservation,pipeline:calendar_schedule_fast_path,schedule/schedule_query,100.0,True,1.2993,0,,,
MB-0488-S-009,schedule,psu_fact,วันหยุดเปิดไหม,วันหยุดไทย/เทศกาลถัดไปที่มีในปฏิทิน: • 24/09/2026 (วันพฤหัสบดี): วันมหิดล (observance) • 13/10/2026 (วันอังคาร): วันนวมินทรมหาราช (national_holiday) • 16/10/2026 (วันศุกร์): วันหยุดพิเศษของสถาบันการเงินในกรุงเทพฯ (bank_holiday_bangkok) • 23/10/2026 (วันศุกร์): วันปิยมหาราช (national_holiday) • 31/10/2026 (วันเสาร์): วันฮาโลวีน (observance) หมายเหตุ: รายการนี้เป็นข้อมูลปฏิทินไทยประกอบ ไม่ได้แปลว่าศูนย์ปิดโดยอัตโนมัติ แหล่งข้อมูลปฏิทินไทย: https://www.timeanddate.com/holidays/thailand,pipeline:calendar_upcoming_holidays_fast_path,schedule/schedule_query,100.0,True,1.5711,0,,,
MB-0489-S-010,schedule,psu_fact,ตารางเวลาให้บริการเป็นยังไง,"เวลาบริการตามตารางคือ Morning 09:00-12:00 และ Afternoon 13:00-16:00 รายละเอียดจากตาราง: • วันจันทร์: Morning 09:00-12:00 = maintenance, Afternoon 13:00-16:00 = open • วันอังคาร: Morning 09:00-12:00 = open, Afternoon 13:00-16:00 = open • วันพุธ: Morning 09:00-12:00 = open, Afternoon 13:00-16:00 = open • วันพฤหัสบดี: Morning 09:00-12:00 = open, Afternoon 13:00-16:00 = open • วันศุกร์: Morning 09:00-12:00 = open, Afternoon 13:00-16:00 = maintenance แหล่งข้อมูล: https://esports.computing.psu.ac.th/",pipeline:structured_schedule,schedule/schedule_query,100.0,True,1.3892,0,,,
MB-0490-M-001,members,psu_fact,สมาชิกมีใครบ้าง,สมาชิกจากหน้า Members แยกตามหมวด รวม 25 คน: Members (7 คน): • ผศ.ดร.นิวัติ แก้วประดับ: อธิการบดี • รศ.ดร.พันธ์ ทองชุมนุม: รองอธิการบดี • รศ.ดร.อซีส นันทอมรพงศ์: คณบดี • ผศ.ดร.ณัฐพงศ์ ทองเทพ: ผู้ช่วยอธิการบดีฝ่ายวิชาการ • นายพฤทธิ์ เกษตรสมบูรณ์: นักวิชาการคอมพิวเตอร์ • นายณัฐวัฒน์ นิธิคุณานนต์: นักวิชาการคอมพิวเตอร์ • นายชนะชัย สิริพันธ์วราภรณ์: ผู้จัดการ cooperative education and Internship student (5 คน): • นายณภัทร เชื้อเหล่าวานิช: นักศึกษาสหกิจ Game and 3D Developer • Mr. Amine Abidellaoui: Internship Student • นายสุพศิน อะนะฝรั่ง: นักศึกษาสหกิจ Web & AI Developer • Mr. Yanis Igoudjil: Internship Student • นายภาสวุฒิ ชูติประชากิจ: นักศึกษาฝึกงานโครงการ Super AI SS6 ตำแหน่ง AI Chat Bot Dev,pipeline:structured_members_group_list,overview/list,100.0,True,1.0796,0,,,
MB-0491-M-002,members,psu_fact,สมาชิก PSU Esports มีกี่คน,สมาชิกในหน้า Members แบ่งเป็น 3 หมวดครับ • Members: 7 คน • cooperative education and Internship student: 5 คน • PSU Phuket Esports Club - PSU Phuket: 13 คน รวมทั้งหมด 25 คน แหล่งข้อมูล: https://esports.phuket.psu.ac.th/about-us/Members,pipeline:structured_members_group_count,overview/group_count,100.0,True,1.2807,0,,,
MB-0492-M-003,members,psu_fact,สมาชิกแบ่งเป็นกี่หมวด,สมาชิกในหน้า Members แบ่งเป็น 3 หมวดครับ • Members: 7 คน • cooperative education and Internship student: 5 คน • PSU Phuket Esports Club - PSU Phuket: 13 คน รวมทั้งหมด 25 คน แหล่งข้อมูล: https://esports.phuket.psu.ac.th/about-us/Members,pipeline:structured_members_group_count,overview/group_count,100.0,True,0.2769,0,,,
MB-0493-M-004,members,psu_fact,แต่ละหมวดมีใครบ้าง,สมาชิกจากหน้า Members แยกตามหมวด รวม 25 คน: Members (7 คน): • ผศ.ดร.นิวัติ แก้วประดับ: อธิการบดี • รศ.ดร.พันธ์ ทองชุมนุม: รองอธิการบดี • รศ.ดร.อซีส นันทอมรพงศ์: คณบดี • ผศ.ดร.ณัฐพงศ์ ทองเทพ: ผู้ช่วยอธิการบดีฝ่ายวิชาการ • นายพฤทธิ์ เกษตรสมบูรณ์: นักวิชาการคอมพิวเตอร์ • นายณัฐวัฒน์ นิธิคุณานนต์: นักวิชาการคอมพิวเตอร์ • นายชนะชัย สิริพันธ์วราภรณ์: ผู้จัดการ cooperative education and Internship student (5 คน): • นายณภัทร เชื้อเหล่าวานิช: นักศึกษาสหกิจ Game and 3D Developer • Mr. Amine Abidellaoui: Internship Student • นายสุพศิน อะนะฝรั่ง: นักศึกษาสหกิจ Web & AI Developer • Mr. Yanis Igoudjil: Internship Student • นายภาสวุฒิ ชูติประชากิจ: นักศึกษาฝึกงานโครงการ Super AI SS6 ตำแหน่ง AI Chat Bot Dev,pipeline:structured_members_group_list,overview/list,100.0,True,1.0911,0,,,
MB-0494-M-005,members,psu_fact,cooperative education มีใครบ้าง,"สมาชิกในหมวด cooperative education and Internship student: cooperative education and Internship student (5 คน): • นายณภัทร เชื้อเหล่าวานิช: นักศึกษาสหกิจ Game and 3D Developer (วิทยาลัยการคอมพิวเตอร์ มหาวิทยาลัยสงขลานครินทร์ วิทยาเขตภูเก็ต; ระยะเวลา: 6/1/2025 - 30/4/2025) • Mr. Amine Abidellaoui: Internship Student (High School Bristol Cannes, France; ระยะเวลา: 10/11/2025 - 19/12/2025) • นายสุพศิน อะนะฝรั่ง: นักศึกษาสหกิจ Web & AI Developer (วิทยาลัยการคอมพิวเตอร์ มหาวิทยาลัยสงขลานครินทร์ วิทยาเขตภูเก็ต; ระยะเวลา: 12/1/2026 - 8/5/2026) • Mr. Yanis Igoudjil: Internship Student (Industrial Engineering and Information Systems, EPF Graduate School of Engineering, Cachan Val-De-Marne, France; ระย",pipeline:structured_members_group_list,overview/list,100.0,True,1.391,0,,,
MB-0495-M-006,members,psu_fact,PSU Phuket Esports Club มีใครบ้าง,สมาชิกในหมวด PSU Phuket Esports Club - PSU Phuket: PSU Phuket Esports Club - PSU Phuket (13 คน): • นายษุภากรณ์ จิราจินดากุล: ประธาน • นายนพัทธ์ ฝอยทอง: รองประธาน • นายปัณณวิชญ์ หนูเรือง: เลขานุการ • นายภูจิตร จิรวิริยาภรณ์: เหรัญญิก • นายธนชาติ เอ่งฉ้วน: ประชาสัมพันธ์ • นางสาวกมลวรรณ นวลสาย: กรรมการ • นางสาวชญาภา จันทร์เอิบ: กรรมการ • นางสาวณัฐธิดา คำทะเนตร์: กรรมการ • นางสาวสุภาสินี ธนภพ: กรรมการ • นางสาวอาทิตยา แดงประดับ: กรรมการ • นายณัฐพนธ์ อินทรสังขนาวิน: กรรมการ • นายอภิวิชญ์ เลิศกมลรักษ์: กรรมการ • นายอรรถนนท์ สุขแก้ว: กรรมการ แหล่งข้อมูล: https://esports.phuket.psu.ac.th/about-us/Members,pipeline:structured_members_group_list,overview/list,100.0,True,1.3274,0,,,
MB-0496-M-007,members,psu_fact,ผศ.ดร.นิวัติ แก้วประดับ ทำตำแหน่งอะไร,ผศ.ดร.นิวัติ แก้วประดับ: อธิการบดี หมวด: Members สังกัด/รายละเอียด: มหาวิทยาลัยสงขลานครินทร์ แหล่งข้อมูล: https://esports.phuket.psu.ac.th/about-us/Members,pipeline:structured_members_person_lookup,overview/members_lookup,100.0,True,0.4269,0,,,
MB-0497-M-008,members,psu_fact,ใครเป็นอธิการบดี,ตำแหน่ง อธิการบดี มี 1 คนครับ • ผศ.ดร.นิวัติ แก้วประดับ: อธิการบดี (มหาวิทยาลัยสงขลานครินทร์) ◦ หมวด: Members แหล่งข้อมูล: https://esports.phuket.psu.ac.th/about-us/Members,pipeline:structured_members_role_lookup,overview/members_lookup,100.0,True,0.3265,0,,,
MB-0498-M-009,members,psu_fact,รศ.ดร.พันธ์ ทองชุมนุม ทำตำแหน่งอะไร,รศ.ดร.พันธ์ ทองชุมนุม: รองอธิการบดี หมวด: Members สังกัด/รายละเอียด: มหาวิทยาลัยสงขลานครินทร์ วิทยาเขตภูเก็ต แหล่งข้อมูล: https://esports.phuket.psu.ac.th/about-us/Members,pipeline:structured_members_person_lookup,overview/members_lookup,100.0,True,0.4064,0,,,
MB-0499-M-010,members,psu_fact,ใครเป็นรองอธิการบดี,ตำแหน่ง รองอธิการบดี มี 1 คนครับ • รศ.ดร.พันธ์ ทองชุมนุม: รองอธิการบดี (มหาวิทยาลัยสงขลานครินทร์ วิทยาเขตภูเก็ต) ◦ หมวด: Members แหล่งข้อมูล: https://esports.phuket.psu.ac.th/about-us/Members,pipeline:structured_members_role_lookup,overview/members_lookup,100.0,True,0.2834,0,,,
MB-0500-M-011,members,psu_fact,รศ.ดร.อซีส นันทอมรพงศ์ ทำตำแหน่งอะไร,รศ.ดร.อซีส นันทอมรพงศ์: คณบดี หมวด: Members สังกัด/รายละเอียด: วิทยาลัยการคอมพิวเตอร์ มหาวิทยาลัยสงขลานครินทร์ วิทยาเขตภูเก็ต แหล่งข้อมูล: https://esports.phuket.psu.ac.th/about-us/Members,pipeline:structured_members_person_lookup,overview/members_lookup,100.0,True,0.3809,0,,,
MB-0501-M-012,members,psu_fact,ใครเป็นคณบดี,ตำแหน่ง คณบดี มี 1 คนครับ • รศ.ดร.อซีส นันทอมรพงศ์: คณบดี (วิทยาลัยการคอมพิวเตอร์ มหาวิทยาลัยสงขลานครินทร์ วิทยาเขตภูเก็ต) ◦ หมวด: Members แหล่งข้อมูล: https://esports.phuket.psu.ac.th/about-us/Members,pipeline:structured_members_role_lookup,overview/members_lookup,100.0,True,0.1864,0,,,
MB-0502-M-013,members,psu_fact,ผศ.ดร.ณัฐพงศ์ ทองเทพ ทำตำแหน่งอะไร,ผศ.ดร.ณัฐพงศ์ ทองเทพ: ผู้ช่วยอธิการบดีฝ่ายวิชาการ หมวด: Members สังกัด/รายละเอียด: มหาวิทยาลัยสงขลานครินทร์ วิทยาเขตภูเก็ต แหล่งข้อมูล: https://esports.phuket.psu.ac.th/about-us/Members,pipeline:structured_members_person_lookup,overview/members_lookup,100.0,True,0.352,0,,,
MB-0503-M-014,members,psu_fact,ใครเป็นผู้ช่วยอธิการบดีฝ่ายวิชาการ,ตำแหน่ง ผู้ช่วยอธิการบดีฝ่ายวิชาการ มี 1 คนครับ • ผศ.ดร.ณัฐพงศ์ ทองเทพ: ผู้ช่วยอธิการบดีฝ่ายวิชาการ (มหาวิทยาลัยสงขลานครินทร์ วิทยาเขตภูเก็ต) ◦ หมวด: Members แหล่งข้อมูล: https://esports.phuket.psu.ac.th/about-us/Members,pipeline:structured_members_role_lookup,overview/members_lookup,100.0,True,0.3519,0,,,
MB-0504-M-015,members,psu_fact,นายพฤทธิ์ เกษตรสมบูรณ์ ทำตำแหน่งอะไร,นายพฤทธิ์ เกษตรสมบูรณ์: นักวิชาการคอมพิวเตอร์ หมวด: Members สังกัด/รายละเอียด: วิทยาลัยการคอมพิวเตอร์ มหาวิทยาลัยสงขลานครินทร์ วิทยาเขตภูเก็ต แหล่งข้อมูล: https://esports.phuket.psu.ac.th/about-us/Members,pipeline:structured_members_person_lookup,overview/members_lookup,100.0,True,0.3472,0,,,
MB-0505-M-016,members,psu_fact,ใครเป็นนักวิชาการคอมพิวเตอร์,ตำแหน่ง นักวิชาการคอมพิวเตอร์ มี 2 คนครับ • นายพฤทธิ์ เกษตรสมบูรณ์: นักวิชาการคอมพิวเตอร์ (วิทยาลัยการคอมพิวเตอร์ มหาวิทยาลัยสงขลานครินทร์ วิทยาเขตภูเก็ต) ◦ หมวด: Members • นายณัฐวัฒน์ นิธิคุณานนต์: นักวิชาการคอมพิวเตอร์ (วิทยาลัยการคอมพิวเตอร์ มหาวิทยาลัยสงขลานครินทร์ วิทยาเขตภูเก็ต) ◦ หมวด: Members แหล่งข้อมูล: https://esports.phuket.psu.ac.th/about-us/Members,pipeline:structured_members_role_lookup,overview/members_lookup,100.0,True,0.2261,0,,,
MB-0506-M-017,members,psu_fact,นายณัฐวัฒน์ นิธิคุณานนต์ ทำตำแหน่งอะไร,นายณัฐวัฒน์ นิธิคุณานนต์: นักวิชาการคอมพิวเตอร์ หมวด: Members สังกัด/รายละเอียด: วิทยาลัยการคอมพิวเตอร์ มหาวิทยาลัยสงขลานครินทร์ วิทยาเขตภูเก็ต แหล่งข้อมูล: https://esports.phuket.psu.ac.th/about-us/Members,pipeline:structured_members_person_lookup,overview/members_lookup,100.0,True,0.3215,0,,,
MB-0507-M-018,members,psu_fact,นายชนะชัย สิริพันธ์วราภรณ์ ทำตำแหน่งอะไร,นายชนะชัย สิริพันธ์วราภรณ์: ผู้จัดการ หมวด: Members สังกัด/รายละเอียด: PSU Esports Studio - Phuket วิทยาลัยการคอมพิวเตอร์ มหาวิทยาลัยสงขลานครินทร์ วิทยาเขตภูเก็ต แหล่งข้อมูล: https://esports.phuket.psu.ac.th/about-us/Members,pipeline:structured_members_person_lookup,overview/members_lookup,100.0,True,0.3569,0,,,
MB-0508-M-019,members,psu_fact,ใครเป็นผู้จัดการ,ตำแหน่ง ผู้จัดการ มี 1 คนครับ • นายชนะชัย สิริพันธ์วราภรณ์: ผู้จัดการ (PSU Esports Studio - Phuket วิทยาลัยการคอมพิวเตอร์ มหาวิทยาลัยสงขลานครินทร์ วิทยาเขตภูเก็ต) ◦ หมวด: Members แหล่งข้อมูล: https://esports.phuket.psu.ac.th/about-us/Members,pipeline:structured_members_role_lookup,overview/members_lookup,100.0,True,0.2176,0,,,
MB-0509-M-020,members,psu_fact,นายณภัทร เชื้อเหล่าวานิช ทำตำแหน่งอะไร,นายณภัทร เชื้อเหล่าวานิช: นักศึกษาสหกิจ Game and 3D Developer หมวด: cooperative education and Internship student สังกัด/รายละเอียด: วิทยาลัยการคอมพิวเตอร์ มหาวิทยาลัยสงขลานครินทร์ วิทยาเขตภูเก็ต ระยะเวลา: 6/1/2025 - 30/4/2025 แหล่งข้อมูล: https://esports.phuket.psu.ac.th/about-us/Members,pipeline:structured_members_person_lookup,overview/members_lookup,100.0,True,0.3422,0,,,
MB-0510-M-021,members,psu_fact,ใครเป็นนักศึกษาสหกิจ Game and 3D Developer,ตำแหน่ง นักศึกษาสหกิจ Game and 3D Developer มี 1 คนครับ • นายณภัทร เชื้อเหล่าวานิช: นักศึกษาสหกิจ Game and 3D Developer (วิทยาลัยการคอมพิวเตอร์ มหาวิทยาลัยสงขลานครินทร์ วิทยาเขตภูเก็ต; ระยะเวลา: 6/1/2025 - 30/4/2025) ◦ หมวด: cooperative education and Internship student แหล่งข้อมูล: https://esports.phuket.psu.ac.th/about-us/Members,pipeline:structured_members_role_lookup,overview/members_lookup,100.0,True,0.4164,0,,,
MB-0511-M-022,members,psu_fact,Mr. Amine Abidellaoui ทำตำแหน่งอะไร,"Mr. Amine Abidellaoui: Internship Student หมวด: cooperative education and Internship student สังกัด/รายละเอียด: High School Bristol Cannes, France ระยะเวลา: 10/11/2025 - 19/12/2025 แหล่งข้อมูล: https://esports.phuket.psu.ac.th/about-us/Members",pipeline:structured_members_person_lookup,overview/members_lookup,100.0,True,0.4554,0,,,
MB-0512-M-023,members,psu_fact,ใครเป็นInternship Student,"ตำแหน่ง Internship Student มี 2 คนครับ • Mr. Amine Abidellaoui: Internship Student (High School Bristol Cannes, France; ระยะเวลา: 10/11/2025 - 19/12/2025) ◦ หมวด: cooperative education and Internship student • Mr. Yanis Igoudjil: Internship Student (Industrial Engineering and Information Systems, EPF Graduate School of Engineering, Cachan Val-De-Marne, France; ระยะเวลา: 29/06/2026 - 18/09/2026) ◦ หมวด: cooperative education and Internship student แหล่งข้อมูล: https://esports.phuket.psu.ac.th/about-us/Members",pipeline:structured_members_role_lookup,overview/members_lookup,100.0,True,0.2867,0,,,
MB-0513-M-024,members,psu_fact,นายสุพศิน อะนะฝรั่ง ทำตำแหน่งอะไร,นายสุพศิน อะนะฝรั่ง: นักศึกษาสหกิจ Web & AI Developer หมวด: cooperative education and Internship student สังกัด/รายละเอียด: วิทยาลัยการคอมพิวเตอร์ มหาวิทยาลัยสงขลานครินทร์ วิทยาเขตภูเก็ต ระยะเวลา: 12/1/2026 - 8/5/2026 แหล่งข้อมูล: https://esports.phuket.psu.ac.th/about-us/Members,pipeline:structured_members_person_lookup,overview/members_lookup,100.0,True,0.2694,0,,,
MB-0514-M-025,members,psu_fact,ใครเป็นนักศึกษาสหกิจ Web & AI Developer,ตำแหน่ง นักศึกษาสหกิจ Web & AI Developer มี 1 คนครับ • นายสุพศิน อะนะฝรั่ง: นักศึกษาสหกิจ Web & AI Developer (วิทยาลัยการคอมพิวเตอร์ มหาวิทยาลัยสงขลานครินทร์ วิทยาเขตภูเก็ต; ระยะเวลา: 12/1/2026 - 8/5/2026) ◦ หมวด: cooperative education and Internship student แหล่งข้อมูล: https://esports.phuket.psu.ac.th/about-us/Members,pipeline:structured_members_role_lookup,overview/members_lookup,100.0,True,0.4653,0,,,
MB-0515-M-026,members,psu_fact,Mr. Yanis Igoudjil ทำตำแหน่งอะไร,"Mr. Yanis Igoudjil: Internship Student หมวด: cooperative education and Internship student สังกัด/รายละเอียด: Industrial Engineering and Information Systems, EPF Graduate School of Engineering, Cachan Val-De-Marne, France ระยะเวลา: 29/06/2026 - 18/09/2026 แหล่งข้อมูล: https://esports.phuket.psu.ac.th/about-us/Members",pipeline:structured_members_person_lookup,overview/members_lookup,100.0,True,0.3176,0,,,
MB-0516-M-027,members,psu_fact,นายภาสวุฒิ ชูติประชากิจ ทำตำแหน่งอะไร,นายภาสวุฒิ ชูติประชากิจ: นักศึกษาฝึกงานโครงการ Super AI SS6 ตำแหน่ง AI Chat Bot Developer หมวด: cooperative education and Internship student สังกัด/รายละเอียด: วิศวกรรมระบบไอโอทีและสารสนเทศ สถาบันเทคโนโลยีพระจอมเกล้าเจ้าคุณทหารลาดกระบัง ระยะเวลา: 07/2026 - 08/2026 แหล่งข้อมูล: https://esports.phuket.psu.ac.th/about-us/Members,pipeline:structured_members_person_lookup,overview/members_lookup,100.0,True,0.3737,0,,,
MB-0517-M-028,members,psu_fact,ใครเป็นนักศึกษาฝึกงานโครงการ Super AI SS6 ตำแหน่ง AI Chat Bot Developer,ตำแหน่ง นักศึกษาฝึกงานโครงการ Super AI SS6 ตำแหน่ง AI Chat Bot Developer มี 1 คนครับ • นายภาสวุฒิ ชูติประชากิจ: นักศึกษาฝึกงานโครงการ Super AI SS6 ตำแหน่ง AI Chat Bot Developer (วิศวกรรมระบบไอโอทีและสารสนเทศ สถาบันเทคโนโลยีพระจอมเกล้าเจ้าคุณทหารลาดกระบัง; ระยะเวลา: 07/2026 - 08/2026) ◦ หมวด: cooperative education and Internship student แหล่งข้อมูล: https://esports.phuket.psu.ac.th/about-us/Members,pipeline:structured_members_role_lookup,overview/members_lookup,100.0,True,1.8429,0,,,
MB-0518-M-029,members,psu_fact,นายษุภากรณ์ จิราจินดากุล ทำตำแหน่งอะไร,นายษุภากรณ์ จิราจินดากุล: ประธาน หมวด: PSU Phuket Esports Club - PSU Phuket แหล่งข้อมูล: https://esports.phuket.psu.ac.th/about-us/Members,pipeline:structured_members_person_lookup,overview/members_lookup,100.0,True,0.3098,0,,,
MB-0519-M-030,members,psu_fact,ใครเป็นประธาน,ตำแหน่ง ประธาน มี 1 คนครับ • นายษุภากรณ์ จิราจินดากุล: ประธาน ◦ หมวด: PSU Phuket Esports Club - PSU Phuket แหล่งข้อมูล: https://esports.phuket.psu.ac.th/about-us/Members,pipeline:structured_members_role_lookup,overview/members_lookup,100.0,True,0.1617,0,,,
MB-0520-M-031,members,psu_fact,นายนพัทธ์ ฝอยทอง ทำตำแหน่งอะไร,นายนพัทธ์ ฝอยทอง: รองประธาน หมวด: PSU Phuket Esports Club - PSU Phuket แหล่งข้อมูล: https://esports.phuket.psu.ac.th/about-us/Members,pipeline:structured_members_person_lookup,overview/members_lookup,100.0,True,0.2575,0,,,
MB-0521-M-032,members,psu_fact,ใครเป็นรองประธาน,ตำแหน่ง รองประธาน มี 1 คนครับ • นายนพัทธ์ ฝอยทอง: รองประธาน ◦ หมวด: PSU Phuket Esports Club - PSU Phuket แหล่งข้อมูล: https://esports.phuket.psu.ac.th/about-us/Members,pipeline:structured_members_role_lookup,overview/members_lookup,100.0,True,0.2164,0,,,
MB-0522-M-033,members,psu_fact,นายปัณณวิชญ์ หนูเรือง ทำตำแหน่งอะไร,นายปัณณวิชญ์ หนูเรือง: เลขานุการ หมวด: PSU Phuket Esports Club - PSU Phuket แหล่งข้อมูล: https://esports.phuket.psu.ac.th/about-us/Members,pipeline:structured_members_person_lookup,overview/members_lookup,100.0,True,0.2911,0,,,
MB-0523-M-034,members,psu_fact,ใครเป็นเลขานุการ,ตำแหน่ง เลขานุการ มี 1 คนครับ • นายปัณณวิชญ์ หนูเรือง: เลขานุการ ◦ หมวด: PSU Phuket Esports Club - PSU Phuket แหล่งข้อมูล: https://esports.phuket.psu.ac.th/about-us/Members,pipeline:structured_members_role_lookup,overview/members_lookup,100.0,True,0.2032,0,,,
MB-0524-M-035,members,psu_fact,นายภูจิตร จิรวิริยาภรณ์ ทำตำแหน่งอะไร,นายภูจิตร จิรวิริยาภรณ์: เหรัญญิก หมวด: PSU Phuket Esports Club - PSU Phuket แหล่งข้อมูล: https://esports.phuket.psu.ac.th/about-us/Members,pipeline:structured_members_person_lookup,overview/members_lookup,100.0,True,0.31,0,,,
MB-0525-M-036,members,psu_fact,ใครเป็นเหรัญญิก,ตำแหน่ง เหรัญญิก มี 1 คนครับ • นายภูจิตร จิรวิริยาภรณ์: เหรัญญิก ◦ หมวด: PSU Phuket Esports Club - PSU Phuket แหล่งข้อมูล: https://esports.phuket.psu.ac.th/about-us/Members,pipeline:structured_members_role_lookup,overview/members_lookup,100.0,True,0.2106,0,,,
MB-0526-M-037,members,psu_fact,นายธนชาติ เอ่งฉ้วน ทำตำแหน่งอะไร,นายธนชาติ เอ่งฉ้วน: ประชาสัมพันธ์ หมวด: PSU Phuket Esports Club - PSU Phuket แหล่งข้อมูล: https://esports.phuket.psu.ac.th/about-us/Members,pipeline:structured_members_person_lookup,overview/members_lookup,100.0,True,0.3007,0,,,
MB-0527-M-038,members,psu_fact,ใครเป็นประชาสัมพันธ์,ตำแหน่ง ประชาสัมพันธ์ มี 1 คนครับ • นายธนชาติ เอ่งฉ้วน: ประชาสัมพันธ์ ◦ หมวด: PSU Phuket Esports Club - PSU Phuket แหล่งข้อมูล: https://esports.phuket.psu.ac.th/about-us/Members,pipeline:structured_members_role_lookup,overview/members_lookup,100.0,True,0.2067,0,,,
MB-0528-M-039,members,psu_fact,นางสาวกมลวรรณ นวลสาย ทำตำแหน่งอะไร,นางสาวกมลวรรณ นวลสาย: กรรมการ หมวด: PSU Phuket Esports Club - PSU Phuket แหล่งข้อมูล: https://esports.phuket.psu.ac.th/about-us/Members,pipeline:structured_members_person_lookup,overview/members_lookup,100.0,True,0.3166,0,,,
MB-0529-M-040,members,psu_fact,ใครเป็นกรรมการ,ตำแหน่ง กรรมการ มี 8 คนครับ • นางสาวกมลวรรณ นวลสาย: กรรมการ ◦ หมวด: PSU Phuket Esports Club - PSU Phuket • นางสาวชญาภา จันทร์เอิบ: กรรมการ ◦ หมวด: PSU Phuket Esports Club - PSU Phuket • นางสาวณัฐธิดา คำทะเนตร์: กรรมการ ◦ หมวด: PSU Phuket Esports Club - PSU Phuket • นางสาวสุภาสินี ธนภพ: กรรมการ ◦ หมวด: PSU Phuket Esports Club - PSU Phuket • นางสาวอาทิตยา แดงประดับ: กรรมการ ◦ หมวด: PSU Phuket Esports Club - PSU Phuket • นายณัฐพนธ์ อินทรสังขนาวิน: กรรมการ ◦ หมวด: PSU Phuket Esports Club - PSU Phuket • นายอภิวิชญ์ เลิศกมลรักษ์: กรรมการ ◦ หมวด: PSU Phuket Esports Club - PSU Phuket • นายอรรถนนท์ สุขแก้ว: กรรมการ ◦ หมวด: PSU Phuket Esports Club - PSU Phuket แหล่งข้อมูล: https://esports.phuket.psu.a,pipeline:structured_members_role_lookup,overview/members_lookup,100.0,True,0.1889,0,,,
MB-0530-M-041,members,psu_fact,นางสาวชญาภา จันทร์เอิบ ทำตำแหน่งอะไร,นางสาวชญาภา จันทร์เอิบ: กรรมการ หมวด: PSU Phuket Esports Club - PSU Phuket แหล่งข้อมูล: https://esports.phuket.psu.ac.th/about-us/Members,pipeline:structured_members_person_lookup,overview/members_lookup,100.0,True,0.3173,0,,,
MB-0531-M-042,members,psu_fact,นางสาวณัฐธิดา คำทะเนตร์ ทำตำแหน่งอะไร,นางสาวณัฐธิดา คำทะเนตร์: กรรมการ หมวด: PSU Phuket Esports Club - PSU Phuket แหล่งข้อมูล: https://esports.phuket.psu.ac.th/about-us/Members,pipeline:structured_members_person_lookup,overview/members_lookup,100.0,True,0.3096,0,,,
MB-0532-M-043,members,psu_fact,นางสาวสุภาสินี ธนภพ ทำตำแหน่งอะไร,นางสาวสุภาสินี ธนภพ: กรรมการ หมวด: PSU Phuket Esports Club - PSU Phuket แหล่งข้อมูล: https://esports.phuket.psu.ac.th/about-us/Members,pipeline:structured_members_person_lookup,overview/members_lookup,100.0,True,0.2824,0,,,
MB-0533-M-044,members,psu_fact,นางสาวอาทิตยา แดงประดับ ทำตำแหน่งอะไร,นางสาวอาทิตยา แดงประดับ: กรรมการ หมวด: PSU Phuket Esports Club - PSU Phuket แหล่งข้อมูล: https://esports.phuket.psu.ac.th/about-us/Members,pipeline:structured_members_person_lookup,overview/members_lookup,100.0,True,0.3174,0,,,
MB-0534-M-045,members,psu_fact,นายณัฐพนธ์ อินทรสังขนาวิน ทำตำแหน่งอะไร,นายณัฐพนธ์ อินทรสังขนาวิน: กรรมการ หมวด: PSU Phuket Esports Club - PSU Phuket แหล่งข้อมูล: https://esports.phuket.psu.ac.th/about-us/Members,pipeline:structured_members_person_lookup,overview/members_lookup,100.0,True,0.3225,0,,,
MB-0535-M-046,members,psu_fact,นายอภิวิชญ์ เลิศกมลรักษ์ ทำตำแหน่งอะไร,นายอภิวิชญ์ เลิศกมลรักษ์: กรรมการ หมวด: PSU Phuket Esports Club - PSU Phuket แหล่งข้อมูล: https://esports.phuket.psu.ac.th/about-us/Members,pipeline:structured_members_person_lookup,overview/members_lookup,100.0,True,0.3139,0,,,
MB-0536-M-047,members,psu_fact,นายอรรถนนท์ สุขแก้ว ทำตำแหน่งอะไร,นายอรรถนนท์ สุขแก้ว: กรรมการ หมวด: PSU Phuket Esports Club - PSU Phuket แหล่งข้อมูล: https://esports.phuket.psu.ac.th/about-us/Members,pipeline:structured_members_person_lookup,overview/members_lookup,100.0,True,0.3105,0,,,
MB-0537-CR-001,competition_rules,psu_fact,VALORANT กติกาการแข่งขันคืออะไร,คำตอบ: VALORANT จำกัดคอนเทนต์ใหม่: Agent ใหม่ต้องรอประมาณ 2 สัปดาห์ และแผนที่ใหม่ต้องรอประมาณ 4 สัปดาห์ก่อนใช้แข่ง หลักฐานจากกติกา: • เอกสารระบุข้อจำกัด Agent ใหม่ประมาณ 2 สัปดาห์ และแผนที่ใหม่ประมาณ 4 สัปดาห์ อ้างอิงจากกติกา: VALORANT / PSU Phuket VALORANT 2026 Tournament แหล่งข้อมูล: local://competition_rules/competition_rules_valorant_psu_phuket_2026,pipeline:competition_fact_card,competition_rules/competition_rules_lookup,100.0,True,2.1181,0,,,
MB-0538-CR-002,competition_rules,psu_fact,VALORANT ใช้ผู้เล่นกี่คน,คำตอบ: VALORANT แต่ละทีมมีผู้เล่นตัวจริง 5 คน หลักฐานจากกติกา: • เอกสารการแข่งขัน VALORANT ระบุการแข่งขันแบบทีม 5 คนต่อทีม อ้างอิงจากกติกา: VALORANT / PSU Phuket VALORANT 2026 Tournament แหล่งข้อมูล: local://competition_rules/competition_rules_valorant_psu_phuket_2026,pipeline:competition_fact_card,competition_rules/competition_rules_lookup,100.0,True,0.375,0,,,
MB-0539-CR-003,competition_rules,psu_fact,VALORANT มาสายจะโดนอะไร,"คำตอบ: * อุปกรณ์ที่นำมาเองได้ คีย์บอร์ด (มีสาย/ไร้สาย), เมาส์(มีสาย/ไร้สาย), ตัวยึดสายเมาส์ (mouse bungee), แผ่นรองเมาส์ หูฟังแบบ In-ear (มีสาย), Headset (มีสาย) รายละเอียดที่เกี่ยวข้อง: • เมื่อเข้าสู่ช่วงต่อเวลา (Overtime) จะได้เพิ่มอีกทีมละ 1 ครั้ง โดยที่โควตาจากรอบปกติจะไม่ถูกนำมาทบ • Play Through Bug บั๊กที่ไม่ส่งผลกระทบต่อความยุติธรรมอย่างมีนัยสำคัญ ผู้เล่นต้องเล่นต่อไปและไม่สามารถขอ Challenge ได้ • รายการ PSU Phuket VALORANT 2026 Tournament • เทคโนโลยีคีย์บอร์ด อนุญาตให้ใช้ Snap Tap, SOCD หรือเทคโนโลยีที่เทียบเท่าได้ เว้นแต่เจ้าหน้าที่จะสั่งเป็นอย่างอื่น • Major Bug บั๊กที่ส่งผลกระทบต่อการเล่นหรือกลไกเกมอย่างมากและไม่มีทางแก้ไขเฉพาะหน้า ทีมสามารถขอ Challenge เพื่อตรวจสอบได้ อ้างอิงจากก",pipeline:rag_direct_curated,competition_rules/competition_rules_lookup,100.0,True,0.6349,0,,,
MB-0540-CR-004,competition_rules,psu_fact,VALORANT pause ได้ไหม,คำตอบ: VALORANT Emergency/Technical Pause ขอได้ทีมละ 1 ครั้งต่อแผนที่ และเวลาหยุดรวมสูงสุด 10 นาที หลักฐานจากกติกา: • เอกสารระบุแต่ละทีมมี Emergency Pause ได้ 1 ครั้งต่อแผนที่ และเวลาหยุดรวมสูงสุด 10 นาที อ้างอิงจากกติกา: VALORANT / PSU Phuket VALORANT 2026 Tournament แหล่งข้อมูล: local://competition_rules/competition_rules_valorant_psu_phuket_2026,pipeline:competition_fact_card,competition_rules/competition_rules_lookup,100.0,True,1.3301,0,,,
MB-0541-CR-005,competition_rules,psu_fact,VALORANT ถ้าเกมหลุดทำยังไง,คำตอบ: VALORANT Emergency/Technical Pause ขอได้ทีมละ 1 ครั้งต่อแผนที่ และเวลาหยุดรวมสูงสุด 10 นาที หลักฐานจากกติกา: • เอกสารระบุแต่ละทีมมี Emergency Pause ได้ 1 ครั้งต่อแผนที่ และเวลาหยุดรวมสูงสุด 10 นาที อ้างอิงจากกติกา: VALORANT / PSU Phuket VALORANT 2026 Tournament แหล่งข้อมูล: local://competition_rules/competition_rules_valorant_psu_phuket_2026,pipeline:competition_fact_card,competition_rules/competition_rules_lookup,100.0,True,0.2558,0,,,
MB-0542-CR-006,competition_rules,psu_fact,VALORANT ขอ restart ได้ไหม,คำตอบ: VALORANT Emergency/Technical Pause ขอได้ทีมละ 1 ครั้งต่อแผนที่ และเวลาหยุดรวมสูงสุด 10 นาที หลักฐานจากกติกา: • เอกสารระบุแต่ละทีมมี Emergency Pause ได้ 1 ครั้งต่อแผนที่ และเวลาหยุดรวมสูงสุด 10 นาที อ้างอิงจากกติกา: VALORANT / PSU Phuket VALORANT 2026 Tournament แหล่งข้อมูล: local://competition_rules/competition_rules_valorant_psu_phuket_2026,pipeline:competition_fact_card,competition_rules/competition_rules_lookup,100.0,True,0.2766,0,,,
MB-0543-CR-007,competition_rules,psu_fact,VALORANT รูปแบบการแข่งขันเป็นยังไง,"คำตอบ: กฎระเบียบและรูปแบบการแข่งขัน VALORANT รายละเอียดที่เกี่ยวข้อง: • ในการแข่งขันแบบ LAN ผู้เล่นต้องปฏิบัติตามข้อกำหนดเรื่องอุปกรณ์อย่างเคร่งครัดเพื่อความเท่าเทียม • พื้นที่การแข่งขันและกฎระเบียบ • เวลาการรายงานตัว ต้องมาถึงสนามแข่งไม่น้อยกว่า 30 นาที ก่อนเวลาแข่ง • ห้ามแสดงกราฟ FPS หรือ Latency ระหว่างการแข่งขัน • เทคโนโลยีคีย์บอร์ด อนุญาตให้ใช้ Snap Tap, SOCD หรือเทคโนโลยีที่เทียบเท่าได้ เว้นแต่เจ้าหน้าที่จะสั่งเป็นอย่างอื่น อ้างอิงจากกติกา: VALORANT / PSU Phuket VALORANT 2026 Tournament แหล่งข้อมูล: local://competition_rules/competition_rules_valorant_psu_phuket_2026",pipeline:rag_direct_curated,competition_rules/competition_rules_lookup,100.0,True,1.295,0,,,
MB-0544-CR-008,competition_rules,psu_fact,VALORANT รอบชิงเล่นกี่เกม,คำตอบ: * จำนวนบุคลากร ในช่วงเตรียมตัว (Match Prep) มีผู้เล่นได้ไม่เกิน 6 คน รายละเอียดที่เกี่ยวข้อง: • รวมเวลาทั้งหมดไม่เกิน 10 นาที ต่อหนึ่งแมตช์ หากเกินเวลาผู้เล่นรายนั้นอาจหมดสิทธิ์แข่งต่อและต้องใช้ตัวสำรองแทน • Play Through Bug บั๊กที่ไม่ส่งผลกระทบต่อความยุติธรรมอย่างมีนัยสำคัญ ผู้เล่นต้องเล่นต่อไปและไม่สามารถขอ Challenge ได้ • ขอได้ 1 ครั้งต่อแผนที่ • รายการ PSU Phuket VALORANT 2026 Tournament • Update: 17/02/2026 อ้างอิงจากกติกา: VALORANT / PSU Phuket VALORANT 2026 Tournament แหล่งข้อมูล: local://competition_rules/competition_rules_valorant_psu_phuket_2026,pipeline:rag_direct_curated,competition_rules/competition_rules_lookup,100.0,True,1.4139,0,,,
MB-0545-CR-009,competition_rules,psu_fact,VALORANT มีตัวสำรองได้ไหม,คำตอบ: VALORANT แต่ละทีมมีผู้เล่นตัวจริง 5 คน หลักฐานจากกติกา: • เอกสารการแข่งขัน VALORANT ระบุการแข่งขันแบบทีม 5 คนต่อทีม อ้างอิงจากกติกา: VALORANT / PSU Phuket VALORANT 2026 Tournament แหล่งข้อมูล: local://competition_rules/competition_rules_valorant_psu_phuket_2026,pipeline:competition_fact_card,competition_rules/competition_rules_lookup,100.0,True,0.3385,0,,,
MB-0546-CR-010,competition_rules,psu_fact,VALORANT มีข้อห้ามอะไรบ้าง,"คำตอบ: VALORANT ใช้แผนที่ Abyss, Ascent, Bind, Corrode, Haven, Lotus และ Sunset หลักฐานจากกติกา: • เอกสารระบุ map pool ของ VALORANT ได้แก่ Abyss, Ascent, Bind, Corrode, Haven, Lotus และ Sunset อ้างอิงจากกติกา: VALORANT / PSU Phuket VALORANT 2026 Tournament แหล่งข้อมูล: local://competition_rules/competition_rules_valorant_psu_phuket_2026",pipeline:competition_fact_card,competition_rules/list,100.0,True,1.51,0,,,
MB-0547-CR-011,competition_rules,psu_fact,VALORANT ถ้าใช้ bug จะโดนอะไร,"คำตอบ: * Play Through Bug บั๊กที่ไม่ส่งผลกระทบต่อความยุติธรรมอย่างมีนัยสำคัญ ผู้เล่นต้องเล่นต่อไปและไม่สามารถขอ Challenge ได้ รายละเอียดที่เกี่ยวข้อง: • Major Bug บั๊กที่ส่งผลกระทบต่อการเล่นหรือกลไกเกมอย่างมากและไม่มีทางแก้ไขเฉพาะหน้า ทีมสามารถขอ Challenge เพื่อตรวจสอบได้ • Game Breaking Bug บั๊กที่ทำลายความยุติธรรมของรอบนั้นจนไม่สามารถตัดสินผลแพ้ชนะได้ • หากเป็น Game Breaking Bug เจ้าหน้าที่จะสั่งย้อนรอบไปยังจุดเริ่มต้นของรอบนั้นทันที • การใช้ช่องโหว่ (Exploit Adjudication) • เทคโนโลยีคีย์บอร์ด อนุญาตให้ใช้ Snap Tap, SOCD หรือเทคโนโลยีที่เทียบเท่าได้ เว้นแต่เจ้าหน้าที่จะสั่งเป็นอย่างอื่น อ้างอิงจากกติกา: VALORANT / PSU Phuket VALORANT 2026 Tournament แหล่งข้อมูล: local://competition_rules/c",pipeline:rag_direct_curated,competition_rules/competition_rules_lookup,100.0,True,0.3361,0,,,
MB-0548-CR-012,competition_rules,psu_fact,VALORANT ต้องเช็คอินก่อนแข่งไหม,คำตอบ: VALORANT จำกัดคอนเทนต์ใหม่: Agent ใหม่ต้องรอประมาณ 2 สัปดาห์ และแผนที่ใหม่ต้องรอประมาณ 4 สัปดาห์ก่อนใช้แข่ง หลักฐานจากกติกา: • เอกสารระบุข้อจำกัด Agent ใหม่ประมาณ 2 สัปดาห์ และแผนที่ใหม่ประมาณ 4 สัปดาห์ อ้างอิงจากกติกา: VALORANT / PSU Phuket VALORANT 2026 Tournament แหล่งข้อมูล: local://competition_rules/competition_rules_valorant_psu_phuket_2026,pipeline:competition_fact_card,competition_rules/competition_rules_lookup,100.0,True,1.2322,0,,,
MB-0549-CR-013,competition_rules,psu_fact,VALORANT ใช้บัญชีอะไรแข่ง,"คำตอบ: VALORANT ใช้แผนที่ Abyss, Ascent, Bind, Corrode, Haven, Lotus และ Sunset หลักฐานจากกติกา: • เอกสารระบุ map pool ของ VALORANT ได้แก่ Abyss, Ascent, Bind, Corrode, Haven, Lotus และ Sunset อ้างอิงจากกติกา: VALORANT / PSU Phuket VALORANT 2026 Tournament แหล่งข้อมูล: local://competition_rules/competition_rules_valorant_psu_phuket_2026",pipeline:competition_fact_card,competition_rules/competition_rules_lookup,100.0,True,0.2754,0,,,
MB-0550-CR-014,competition_rules,psu_fact,VALORANT แผนที่มีอะไรบ้าง,"คำตอบ: VALORANT ใช้แผนที่ Abyss, Ascent, Bind, Corrode, Haven, Lotus และ Sunset หลักฐานจากกติกา: • เอกสารระบุ map pool ของ VALORANT ได้แก่ Abyss, Ascent, Bind, Corrode, Haven, Lotus และ Sunset อ้างอิงจากกติกา: VALORANT / PSU Phuket VALORANT 2026 Tournament แหล่งข้อมูล: local://competition_rules/competition_rules_valorant_psu_phuket_2026",pipeline:competition_fact_card,competition_rules/list,100.0,True,1.2729,0,,,
MB-0551-CR-015,competition_rules,psu_fact,VALORANT สรุปกติกาสั้นๆ,คำตอบ: VALORANT ขอ Tactical Timeout ได้ทีมละ 2 ครั้งต่อแผนที่ ครั้งละ 60 วินาที และถ้าเข้า Overtime จะได้เพิ่มอีก 1 ครั้ง แหล่งข้อมูล: local://competition_rules/competition_rules_valorant_psu_phuket_2026,pipeline:competition_fact_card,competition_rules/competition_rules_lookup,100.0,True,1.1853,0,,,
MB-0552-CR-016,competition_rules,psu_fact,CS2 กติกาการแข่งขันคืออะไร,"คำตอบ: Counter-Strike 2: CS2 ใช้แผนที่ Ancient, Anubis, Dust 2, Inferno, Mirage, Nuke และ Train หลักฐานจากกติกา: • เอกสารระบุ map pool สำหรับการแข่งขัน CS2 ได้แก่ Ancient, Anubis, Dust 2, Inferno, Mirage, Nuke และ Train อ้างอิงจากกติกา: Counter-Strike 2 / PSU Phuket CS2 2026 Tournament แหล่งข้อมูล: local://competition_rules/competition_rules_cs2_psu_phuket_2026",pipeline:competition_fact_card,competition_rules/competition_rules_lookup,100.0,True,1.4019,0,,,
MB-0553-CR-017,competition_rules,psu_fact,CS2 ใช้ผู้เล่นกี่คน,คำตอบ: Counter-Strike 2: CS2 แต่ละทีมประกอบด้วยผู้เล่น 5 คน หลักฐานจากกติกา: • เอกสารระบุว่าองค์ประกอบทีมแต่ละทีมประกอบด้วยผู้เล่น 5 คน อ้างอิงจากกติกา: Counter-Strike 2 / PSU Phuket CS2 2026 Tournament แหล่งข้อมูล: local://competition_rules/competition_rules_cs2_psu_phuket_2026,pipeline:competition_fact_card,competition_rules/competition_rules_lookup,100.0,True,0.2287,0,,,
MB-0554-CR-018,competition_rules,psu_fact,CS2 มาสายจะโดนอะไร,"คำตอบ: 7. เวลาการแข่งขัน สายการแข่งขันจะประกาศล่วงหน้าอย่างน้อย 1 วัน ต้องยืนยันการเข้าแข่งขันก่อนเริ่มแมตช์ การมาสายอาจถูกตัดสิทธิ์ รายละเอียดที่เกี่ยวข้อง: • 1. ผู้เล่นสามารถนำคีย์บอร์ด (มีสาย/ไร้สาย), เมาส์(มีสาย/ไร้สาย), ตัวยึดสายเมาส์ (mouse bungee), แผ่นรองเมาส์ หูฟังแบบ In-ear (มีสาย), Headset (มีสาย) มาเองได้ • 2. การประท้วง ต้องยื่นเรื่องภายใน 15 นาทีหลังจากจบแมตช์ โดยกัปตันทีมหรือโค้ชเท่านั้น อ้างอิงจากกติกา: Counter-Strike 2 / PSU Phuket CS2 2026 Tournament แหล่งข้อมูล: local://competition_rules/competition_rules_cs2_psu_phuket_2026",pipeline:rag_direct_curated,competition_rules/competition_rules_lookup,100.0,True,0.4342,0,,,
MB-0555-CR-019,competition_rules,psu_fact,CS2 pause ได้ไหม,คำตอบ: Counter-Strike 2: ต่างกันคือ CS2 Technical Pause ขอได้ทีมละ 2 ครั้ง รวมไม่เกิน 10 นาที ส่วน Tactical Timeout ขอได้ทีมละ 4 ครั้ง ครั้งละ 30 วินาที หลักฐานจากกติกา: • เอกสารระบุ Technical Pause ได้ทีมละ 2 ครั้ง ระยะเวลารวมไม่เกิน 10 นาที และ Tactical Timeout ได้ทีมละ 4 ครั้ง ครั้งละ 30 วินาที อ้างอิงจากกติกา: Counter-Strike 2 / PSU Phuket CS2 2026 Tournament แหล่งข้อมูล: local://competition_rules/competition_rules_cs2_psu_phuket_2026,pipeline:competition_fact_card,competition_rules/competition_rules_lookup,100.0,True,1.1096,0,,,
MB-0556-CR-020,competition_rules,psu_fact,CS2 ถ้าเกมหลุดทำยังไง,คำตอบ: Counter-Strike 2: ต่างกันคือ CS2 Technical Pause ขอได้ทีมละ 2 ครั้ง รวมไม่เกิน 10 นาที ส่วน Tactical Timeout ขอได้ทีมละ 4 ครั้ง ครั้งละ 30 วินาที หลักฐานจากกติกา: • เอกสารระบุ Technical Pause ได้ทีมละ 2 ครั้ง ระยะเวลารวมไม่เกิน 10 นาที และ Tactical Timeout ได้ทีมละ 4 ครั้ง ครั้งละ 30 วินาที อ้างอิงจากกติกา: Counter-Strike 2 / PSU Phuket CS2 2026 Tournament แหล่งข้อมูล: local://competition_rules/competition_rules_cs2_psu_phuket_2026,pipeline:competition_fact_card,competition_rules/competition_rules_lookup,100.0,True,0.3062,0,,,
MB-0557-CR-021,competition_rules,psu_fact,CS2 ขอ restart ได้ไหม,คำตอบ: Counter-Strike 2: ต่างกันคือ CS2 Technical Pause ขอได้ทีมละ 2 ครั้ง รวมไม่เกิน 10 นาที ส่วน Tactical Timeout ขอได้ทีมละ 4 ครั้ง ครั้งละ 30 วินาที หลักฐานจากกติกา: • เอกสารระบุ Technical Pause ได้ทีมละ 2 ครั้ง ระยะเวลารวมไม่เกิน 10 นาที และ Tactical Timeout ได้ทีมละ 4 ครั้ง ครั้งละ 30 วินาที อ้างอิงจากกติกา: Counter-Strike 2 / PSU Phuket CS2 2026 Tournament แหล่งข้อมูล: local://competition_rules/competition_rules_cs2_psu_phuket_2026,pipeline:competition_fact_card,competition_rules/competition_rules_lookup,100.0,True,0.2428,0,,,
MB-0558-CR-022,competition_rules,psu_fact,CS2 รูปแบบการแข่งขันเป็นยังไง,คำตอบ: Counter-Strike 2: CS2 เป็น Single Elimination และรอบรองชนะเลิศ/รอบชิงชนะเลิศเป็น Best of 3 (BO3) หลักฐานจากกติกา: • เอกสารระบุรูปแบบทัวร์นาเมนต์ Single Elimination และกำหนดรอบรอง/รอบชิงเป็น BO3 อ้างอิงจากกติกา: Counter-Strike 2 / PSU Phuket CS2 2026 Tournament แหล่งข้อมูล: local://competition_rules/competition_rules_cs2_psu_phuket_2026,pipeline:competition_fact_card,competition_rules/competition_rules_lookup,100.0,True,1.2305,0,,,
MB-0559-CR-023,competition_rules,psu_fact,CS2 รอบชิงเล่นกี่เกม,คำตอบ: Counter-Strike 2: CS2 เป็น Single Elimination และรอบรองชนะเลิศ/รอบชิงชนะเลิศเป็น Best of 3 (BO3) หลักฐานจากกติกา: • เอกสารระบุรูปแบบทัวร์นาเมนต์ Single Elimination และกำหนดรอบรอง/รอบชิงเป็น BO3 อ้างอิงจากกติกา: Counter-Strike 2 / PSU Phuket CS2 2026 Tournament แหล่งข้อมูล: local://competition_rules/competition_rules_cs2_psu_phuket_2026,pipeline:competition_fact_card,competition_rules/competition_rules_lookup,100.0,True,1.1427,0,,,
MB-0560-CR-024,competition_rules,psu_fact,CS2 มีตัวสำรองได้ไหม,คำตอบ: Counter-Strike 2: CS2 แต่ละทีมประกอบด้วยผู้เล่น 5 คน หลักฐานจากกติกา: • เอกสารระบุว่าองค์ประกอบทีมแต่ละทีมประกอบด้วยผู้เล่น 5 คน อ้างอิงจากกติกา: Counter-Strike 2 / PSU Phuket CS2 2026 Tournament แหล่งข้อมูล: local://competition_rules/competition_rules_cs2_psu_phuket_2026,pipeline:competition_fact_card,competition_rules/competition_rules_lookup,100.0,True,0.2472,0,,,
MB-0561-CR-025,competition_rules,psu_fact,CS2 มีข้อห้ามอะไรบ้าง,"คำตอบ: Counter-Strike 2: CS2 ใช้แผนที่ Ancient, Anubis, Dust 2, Inferno, Mirage, Nuke และ Train หลักฐานจากกติกา: • เอกสารระบุ map pool สำหรับการแข่งขัน CS2 ได้แก่ Ancient, Anubis, Dust 2, Inferno, Mirage, Nuke และ Train อ้างอิงจากกติกา: Counter-Strike 2 / PSU Phuket CS2 2026 Tournament แหล่งข้อมูล: local://competition_rules/competition_rules_cs2_psu_phuket_2026",pipeline:competition_fact_card,competition_rules/list,100.0,True,1.2264,0,,,
MB-0562-CR-026,competition_rules,psu_fact,CS2 ถ้าใช้ bug จะโดนอะไร,คำตอบ: 1. ขอบเขตการบังคับใช้ กฎระเบียบนี้ใช้กับผู้เล่น ทีม และเจ้าหน้าที่ทุกคนที่เข้าร่วมการแข่งขัน CS2 อย่างเป็นทางการที่จัดโดย PSU Esports Studio - Phuket รายละเอียดที่เกี่ยวข้อง: • 3. ภาษา ภาษาทางการของการแข่งขันคือ ภาษาไทย การสื่อสาร การประท้วง และการรายงานผลทั้งหมดต้องใช้ภาษาไทย เว้นแต่จะระบุไว้เป็นอย่างอื่น • 3. ห้ามใช้สคริปต์ หรือมาโคร โดยเด็ดขาด อ้างอิงจากกติกา: Counter-Strike 2 / PSU Phuket CS2 2026 Tournament แหล่งข้อมูล: local://competition_rules/competition_rules_cs2_psu_phuket_2026,pipeline:rag_direct_curated,competition_rules/competition_rules_lookup,100.0,True,0.2588,0,,,
MB-0563-CR-027,competition_rules,psu_fact,CS2 ต้องเช็คอินก่อนแข่งไหม,คำตอบ: Counter-Strike 2: CS2 แต่ละทีมประกอบด้วยผู้เล่น 5 คน หลักฐานจากกติกา: • เอกสารระบุว่าองค์ประกอบทีมแต่ละทีมประกอบด้วยผู้เล่น 5 คน อ้างอิงจากกติกา: Counter-Strike 2 / PSU Phuket CS2 2026 Tournament แหล่งข้อมูล: local://competition_rules/competition_rules_cs2_psu_phuket_2026,pipeline:competition_fact_card,competition_rules/competition_rules_lookup,100.0,True,1.1746,0,,,
MB-0564-CR-028,competition_rules,psu_fact,CS2 ใช้บัญชีอะไรแข่ง,"คำตอบ: Counter-Strike 2: CS2 ใช้แผนที่ Ancient, Anubis, Dust 2, Inferno, Mirage, Nuke และ Train หลักฐานจากกติกา: • เอกสารระบุ map pool สำหรับการแข่งขัน CS2 ได้แก่ Ancient, Anubis, Dust 2, Inferno, Mirage, Nuke และ Train อ้างอิงจากกติกา: Counter-Strike 2 / PSU Phuket CS2 2026 Tournament แหล่งข้อมูล: local://competition_rules/competition_rules_cs2_psu_phuket_2026",pipeline:competition_fact_card,competition_rules/competition_rules_lookup,100.0,True,0.2959,0,,,
MB-0565-CR-029,competition_rules,psu_fact,CS2 แผนที่มีอะไรบ้าง,"คำตอบ: Counter-Strike 2: CS2 ใช้แผนที่ Ancient, Anubis, Dust 2, Inferno, Mirage, Nuke และ Train หลักฐานจากกติกา: • เอกสารระบุ map pool สำหรับการแข่งขัน CS2 ได้แก่ Ancient, Anubis, Dust 2, Inferno, Mirage, Nuke และ Train อ้างอิงจากกติกา: Counter-Strike 2 / PSU Phuket CS2 2026 Tournament แหล่งข้อมูล: local://competition_rules/competition_rules_cs2_psu_phuket_2026",pipeline:competition_fact_card,competition_rules/list,100.0,True,1.2053,0,,,
MB-0566-CR-030,competition_rules,psu_fact,CS2 สรุปกติกาสั้นๆ,คำตอบ: Counter-Strike 2: ต่างกันคือ CS2 Technical Pause ขอได้ทีมละ 2 ครั้ง รวมไม่เกิน 10 นาที ส่วน Tactical Timeout ขอได้ทีมละ 4 ครั้ง ครั้งละ 30 วินาที แหล่งข้อมูล: local://competition_rules/competition_rules_cs2_psu_phuket_2026,pipeline:competition_fact_card,competition_rules/competition_rules_lookup,100.0,True,1.2475,0,,,
MB-0567-CR-031,competition_rules,psu_fact,Counter-Strike 2 กติกาการแข่งขันคืออะไร,"คำตอบ: Counter-Strike 2: CS2 ใช้แผนที่ Ancient, Anubis, Dust 2, Inferno, Mirage, Nuke และ Train หลักฐานจากกติกา: • เอกสารระบุ map pool สำหรับการแข่งขัน CS2 ได้แก่ Ancient, Anubis, Dust 2, Inferno, Mirage, Nuke และ Train อ้างอิงจากกติกา: Counter-Strike 2 / PSU Phuket CS2 2026 Tournament แหล่งข้อมูล: local://competition_rules/competition_rules_cs2_psu_phuket_2026",pipeline:competition_fact_card,competition_rules/competition_rules_lookup,100.0,True,0.3222,0,,,
MB-0568-CR-032,competition_rules,psu_fact,Counter-Strike 2 ใช้ผู้เล่นกี่คน,คำตอบ: Counter-Strike 2: CS2 แต่ละทีมประกอบด้วยผู้เล่น 5 คน หลักฐานจากกติกา: • เอกสารระบุว่าองค์ประกอบทีมแต่ละทีมประกอบด้วยผู้เล่น 5 คน อ้างอิงจากกติกา: Counter-Strike 2 / PSU Phuket CS2 2026 Tournament แหล่งข้อมูล: local://competition_rules/competition_rules_cs2_psu_phuket_2026,pipeline:competition_fact_card,competition_rules/competition_rules_lookup,100.0,True,0.2711,0,,,
MB-0569-CR-033,competition_rules,psu_fact,Counter-Strike 2 มาสายจะโดนอะไร,"คำตอบ: 7. เวลาการแข่งขัน สายการแข่งขันจะประกาศล่วงหน้าอย่างน้อย 1 วัน ต้องยืนยันการเข้าแข่งขันก่อนเริ่มแมตช์ การมาสายอาจถูกตัดสิทธิ์ รายละเอียดที่เกี่ยวข้อง: • 1. ผู้เล่นสามารถนำคีย์บอร์ด (มีสาย/ไร้สาย), เมาส์(มีสาย/ไร้สาย), ตัวยึดสายเมาส์ (mouse bungee), แผ่นรองเมาส์ หูฟังแบบ In-ear (มีสาย), Headset (มีสาย) มาเองได้ • 2. การประท้วง ต้องยื่นเรื่องภายใน 15 นาทีหลังจากจบแมตช์ โดยกัปตันทีมหรือโค้ชเท่านั้น อ้างอิงจากกติกา: Counter-Strike 2 / PSU Phuket CS2 2026 Tournament แหล่งข้อมูล: local://competition_rules/competition_rules_cs2_psu_phuket_2026",pipeline:rag_direct_curated,competition_rules/competition_rules_lookup,100.0,True,0.2934,0,,,
MB-0570-CR-034,competition_rules,psu_fact,Counter-Strike 2 pause ได้ไหม,คำตอบ: Counter-Strike 2: ต่างกันคือ CS2 Technical Pause ขอได้ทีมละ 2 ครั้ง รวมไม่เกิน 10 นาที ส่วน Tactical Timeout ขอได้ทีมละ 4 ครั้ง ครั้งละ 30 วินาที หลักฐานจากกติกา: • เอกสารระบุ Technical Pause ได้ทีมละ 2 ครั้ง ระยะเวลารวมไม่เกิน 10 นาที และ Tactical Timeout ได้ทีมละ 4 ครั้ง ครั้งละ 30 วินาที อ้างอิงจากกติกา: Counter-Strike 2 / PSU Phuket CS2 2026 Tournament แหล่งข้อมูล: local://competition_rules/competition_rules_cs2_psu_phuket_2026,pipeline:competition_fact_card,competition_rules/competition_rules_lookup,100.0,True,0.2275,0,,,
MB-0571-CR-035,competition_rules,psu_fact,Counter-Strike 2 ถ้าเกมหลุดทำยังไง,คำตอบ: Counter-Strike 2: ต่างกันคือ CS2 Technical Pause ขอได้ทีมละ 2 ครั้ง รวมไม่เกิน 10 นาที ส่วน Tactical Timeout ขอได้ทีมละ 4 ครั้ง ครั้งละ 30 วินาที หลักฐานจากกติกา: • เอกสารระบุ Technical Pause ได้ทีมละ 2 ครั้ง ระยะเวลารวมไม่เกิน 10 นาที และ Tactical Timeout ได้ทีมละ 4 ครั้ง ครั้งละ 30 วินาที อ้างอิงจากกติกา: Counter-Strike 2 / PSU Phuket CS2 2026 Tournament แหล่งข้อมูล: local://competition_rules/competition_rules_cs2_psu_phuket_2026,pipeline:competition_fact_card,competition_rules/competition_rules_lookup,100.0,True,0.2821,0,,,
MB-0572-CR-036,competition_rules,psu_fact,Counter-Strike 2 ขอ restart ได้ไหม,คำตอบ: Counter-Strike 2: ต่างกันคือ CS2 Technical Pause ขอได้ทีมละ 2 ครั้ง รวมไม่เกิน 10 นาที ส่วน Tactical Timeout ขอได้ทีมละ 4 ครั้ง ครั้งละ 30 วินาที หลักฐานจากกติกา: • เอกสารระบุ Technical Pause ได้ทีมละ 2 ครั้ง ระยะเวลารวมไม่เกิน 10 นาที และ Tactical Timeout ได้ทีมละ 4 ครั้ง ครั้งละ 30 วินาที อ้างอิงจากกติกา: Counter-Strike 2 / PSU Phuket CS2 2026 Tournament แหล่งข้อมูล: local://competition_rules/competition_rules_cs2_psu_phuket_2026,pipeline:competition_fact_card,competition_rules/competition_rules_lookup,100.0,True,0.3407,0,,,
MB-0573-CR-037,competition_rules,psu_fact,Counter-Strike 2 รูปแบบการแข่งขันเป็นยังไง,คำตอบ: Counter-Strike 2: CS2 เป็น Single Elimination และรอบรองชนะเลิศ/รอบชิงชนะเลิศเป็น Best of 3 (BO3) หลักฐานจากกติกา: • เอกสารระบุรูปแบบทัวร์นาเมนต์ Single Elimination และกำหนดรอบรอง/รอบชิงเป็น BO3 อ้างอิงจากกติกา: Counter-Strike 2 / PSU Phuket CS2 2026 Tournament แหล่งข้อมูล: local://competition_rules/competition_rules_cs2_psu_phuket_2026,pipeline:competition_fact_card,competition_rules/competition_rules_lookup,100.0,True,0.4168,0,,,
MB-0574-CR-038,competition_rules,psu_fact,Counter-Strike 2 รอบชิงเล่นกี่เกม,คำตอบ: Counter-Strike 2: CS2 เป็น Single Elimination และรอบรองชนะเลิศ/รอบชิงชนะเลิศเป็น Best of 3 (BO3) หลักฐานจากกติกา: • เอกสารระบุรูปแบบทัวร์นาเมนต์ Single Elimination และกำหนดรอบรอง/รอบชิงเป็น BO3 อ้างอิงจากกติกา: Counter-Strike 2 / PSU Phuket CS2 2026 Tournament แหล่งข้อมูล: local://competition_rules/competition_rules_cs2_psu_phuket_2026,pipeline:competition_fact_card,competition_rules/competition_rules_lookup,100.0,True,1.4869,0,,,
MB-0575-CR-039,competition_rules,psu_fact,Counter-Strike 2 มีตัวสำรองได้ไหม,คำตอบ: Counter-Strike 2: CS2 แต่ละทีมประกอบด้วยผู้เล่น 5 คน หลักฐานจากกติกา: • เอกสารระบุว่าองค์ประกอบทีมแต่ละทีมประกอบด้วยผู้เล่น 5 คน อ้างอิงจากกติกา: Counter-Strike 2 / PSU Phuket CS2 2026 Tournament แหล่งข้อมูล: local://competition_rules/competition_rules_cs2_psu_phuket_2026,pipeline:competition_fact_card,competition_rules/competition_rules_lookup,100.0,True,0.3228,0,,,
MB-0576-CR-040,competition_rules,psu_fact,Counter-Strike 2 มีข้อห้ามอะไรบ้าง,"คำตอบ: Counter-Strike 2: CS2 ใช้แผนที่ Ancient, Anubis, Dust 2, Inferno, Mirage, Nuke และ Train หลักฐานจากกติกา: • เอกสารระบุ map pool สำหรับการแข่งขัน CS2 ได้แก่ Ancient, Anubis, Dust 2, Inferno, Mirage, Nuke และ Train อ้างอิงจากกติกา: Counter-Strike 2 / PSU Phuket CS2 2026 Tournament แหล่งข้อมูล: local://competition_rules/competition_rules_cs2_psu_phuket_2026",pipeline:competition_fact_card,competition_rules/competition_rules_lookup,100.0,True,0.3083,0,,,
MB-0577-CR-041,competition_rules,psu_fact,Counter-Strike 2 ถ้าใช้ bug จะโดนอะไร,คำตอบ: 1. ขอบเขตการบังคับใช้ กฎระเบียบนี้ใช้กับผู้เล่น ทีม และเจ้าหน้าที่ทุกคนที่เข้าร่วมการแข่งขัน CS2 อย่างเป็นทางการที่จัดโดย PSU Esports Studio - Phuket รายละเอียดที่เกี่ยวข้อง: • 3. ภาษา ภาษาทางการของการแข่งขันคือ ภาษาไทย การสื่อสาร การประท้วง และการรายงานผลทั้งหมดต้องใช้ภาษาไทย เว้นแต่จะระบุไว้เป็นอย่างอื่น • 3. ห้ามใช้สคริปต์ หรือมาโคร โดยเด็ดขาด อ้างอิงจากกติกา: Counter-Strike 2 / PSU Phuket CS2 2026 Tournament แหล่งข้อมูล: local://competition_rules/competition_rules_cs2_psu_phuket_2026,pipeline:rag_direct_curated,competition_rules/competition_rules_lookup,100.0,True,0.2755,0,,,
MB-0578-CR-042,competition_rules,psu_fact,Counter-Strike 2 ต้องเช็คอินก่อนแข่งไหม,คำตอบ: Counter-Strike 2: CS2 แต่ละทีมประกอบด้วยผู้เล่น 5 คน หลักฐานจากกติกา: • เอกสารระบุว่าองค์ประกอบทีมแต่ละทีมประกอบด้วยผู้เล่น 5 คน อ้างอิงจากกติกา: Counter-Strike 2 / PSU Phuket CS2 2026 Tournament แหล่งข้อมูล: local://competition_rules/competition_rules_cs2_psu_phuket_2026,pipeline:competition_fact_card,competition_rules/competition_rules_lookup,100.0,True,0.3197,0,,,
MB-0579-CR-043,competition_rules,psu_fact,Counter-Strike 2 ใช้บัญชีอะไรแข่ง,"คำตอบ: Counter-Strike 2: CS2 ใช้แผนที่ Ancient, Anubis, Dust 2, Inferno, Mirage, Nuke และ Train หลักฐานจากกติกา: • เอกสารระบุ map pool สำหรับการแข่งขัน CS2 ได้แก่ Ancient, Anubis, Dust 2, Inferno, Mirage, Nuke และ Train อ้างอิงจากกติกา: Counter-Strike 2 / PSU Phuket CS2 2026 Tournament แหล่งข้อมูล: local://competition_rules/competition_rules_cs2_psu_phuket_2026",pipeline:competition_fact_card,competition_rules/competition_rules_lookup,100.0,True,0.2969,0,,,
MB-0580-CR-044,competition_rules,psu_fact,Counter-Strike 2 แผนที่มีอะไรบ้าง,"คำตอบ: Counter-Strike 2: CS2 ใช้แผนที่ Ancient, Anubis, Dust 2, Inferno, Mirage, Nuke และ Train หลักฐานจากกติกา: • เอกสารระบุ map pool สำหรับการแข่งขัน CS2 ได้แก่ Ancient, Anubis, Dust 2, Inferno, Mirage, Nuke และ Train อ้างอิงจากกติกา: Counter-Strike 2 / PSU Phuket CS2 2026 Tournament แหล่งข้อมูล: local://competition_rules/competition_rules_cs2_psu_phuket_2026",pipeline:competition_fact_card,competition_rules/competition_rules_lookup,100.0,True,0.2976,0,,,
MB-0581-CR-045,competition_rules,psu_fact,Counter-Strike 2 สรุปกติกาสั้นๆ,คำตอบ: Counter-Strike 2: ต่างกันคือ CS2 Technical Pause ขอได้ทีมละ 2 ครั้ง รวมไม่เกิน 10 นาที ส่วน Tactical Timeout ขอได้ทีมละ 4 ครั้ง ครั้งละ 30 วินาที แหล่งข้อมูล: local://competition_rules/competition_rules_cs2_psu_phuket_2026,pipeline:competition_fact_card,competition_rules/competition_rules_lookup,100.0,True,0.299,0,,,
MB-0582-CR-046,competition_rules,psu_fact,TEKKEN 8 กติกาการแข่งขันคืออะไร,"คำตอบ: Tekken 8 เป็นการแข่งขันออฟไลน์แบบ 1v1 บน PlayStation 5 ใช้รูปแบบ First to 2 (FT2), Round 3 และเวลา 60 วินาที หลักฐานจากกติกา: • เอกสารระบุแข่งขันแบบ Offline, Platform PlayStation 5, 1v1, FT2, R3 และตั้งเวลา 60 วินาที อ้างอิงจากกติกา: Tekken 8 / PSU Esports ปะทะมันส์ สนั่นจอ แหล่งข้อมูล: local://competition_rules/competition_rules_tekken8_psu_esports",pipeline:competition_fact_card,competition_rules/competition_rules_lookup,100.0,True,1.7357,0,,,
MB-0583-CR-047,competition_rules,psu_fact,TEKKEN 8 ใช้ผู้เล่นกี่คน,คำตอบ: การหยุดเกม อ้างอิงจากกติกา: Tekken 8 / PSU Esports ปะทะมันส์ สนั่นจอ แหล่งข้อมูล: local://competition_rules/competition_rules_tekken8_psu_esports,pipeline:rag_direct_curated,competition_rules/competition_rules_lookup,100.0,True,0.3569,0,,,
MB-0584-CR-048,competition_rules,psu_fact,TEKKEN 8 มาสายจะโดนอะไร,กฎระเบียบและรูปแบบการแข่งขัน Tekken 8 รายการ PSU Esports ปะทะมันส์ สนั่นจอ แหล่งข้อมูล: local://competition_rules/competition_rules_tekken8_psu_esports,pipeline:guarded_vector_direct,competition_rules/competition_rules_lookup,100.0,True,4.4663,0,,,
MB-0585-CR-049,competition_rules,psu_fact,TEKKEN 8 pause ได้ไหม,คำตอบ: Tekken 8 ไม่อนุญาตให้ Pause หลังเริ่มเกม หากตั้งใจกดหยุดเกมจะถูกปรับแพ้ 1 Round เว้นแต่ทั้งสองฝ่ายยินยอมและมีเหตุผลสมควร หลักฐานจากกติกา: • เอกสารระบุห้ามหยุดเกมหลังเริ่มแข่งขัน การ Pause โดยตั้งใจทำให้แพ้ 1 Round และ Pause ได้เฉพาะกรณีทั้งสองฝ่ายยินยอม/มีเหตุผลสมควร อ้างอิงจากกติกา: Tekken 8 / PSU Esports ปะทะมันส์ สนั่นจอ แหล่งข้อมูล: local://competition_rules/competition_rules_tekken8_psu_esports,pipeline:competition_fact_card,competition_rules/competition_rules_lookup,100.0,True,1.4304,0,,,
MB-0586-CR-050,competition_rules,psu_fact,TEKKEN 8 ถ้าเกมหลุดทำยังไง,คำตอบ: Tekken 8 ไม่อนุญาตให้ Pause หลังเริ่มเกม หากตั้งใจกดหยุดเกมจะถูกปรับแพ้ 1 Round เว้นแต่ทั้งสองฝ่ายยินยอมและมีเหตุผลสมควร หลักฐานจากกติกา: • เอกสารระบุห้ามหยุดเกมหลังเริ่มแข่งขัน การ Pause โดยตั้งใจทำให้แพ้ 1 Round และ Pause ได้เฉพาะกรณีทั้งสองฝ่ายยินยอม/มีเหตุผลสมควร อ้างอิงจากกติกา: Tekken 8 / PSU Esports ปะทะมันส์ สนั่นจอ แหล่งข้อมูล: local://competition_rules/competition_rules_tekken8_psu_esports,pipeline:competition_fact_card,competition_rules/competition_rules_lookup,100.0,True,0.2801,0,,,
MB-0587-CR-051,competition_rules,psu_fact,TEKKEN 8 ขอ restart ได้ไหม,คำตอบ: Tekken 8 ไม่อนุญาตให้ Pause หลังเริ่มเกม หากตั้งใจกดหยุดเกมจะถูกปรับแพ้ 1 Round เว้นแต่ทั้งสองฝ่ายยินยอมและมีเหตุผลสมควร หลักฐานจากกติกา: • เอกสารระบุห้ามหยุดเกมหลังเริ่มแข่งขัน การ Pause โดยตั้งใจทำให้แพ้ 1 Round และ Pause ได้เฉพาะกรณีทั้งสองฝ่ายยินยอม/มีเหตุผลสมควร อ้างอิงจากกติกา: Tekken 8 / PSU Esports ปะทะมันส์ สนั่นจอ แหล่งข้อมูล: local://competition_rules/competition_rules_tekken8_psu_esports,pipeline:competition_fact_card,competition_rules/competition_rules_lookup,100.0,True,0.2407,0,,,
MB-0588-CR-052,competition_rules,psu_fact,TEKKEN 8 รูปแบบการแข่งขันเป็นยังไง,"คำตอบ: Tekken 8 เป็นการแข่งขันออฟไลน์แบบ 1v1 บน PlayStation 5 ใช้รูปแบบ First to 2 (FT2), Round 3 และเวลา 60 วินาที หลักฐานจากกติกา: • เอกสารระบุแข่งขันแบบ Offline, Platform PlayStation 5, 1v1, FT2, R3 และตั้งเวลา 60 วินาที อ้างอิงจากกติกา: Tekken 8 / PSU Esports ปะทะมันส์ สนั่นจอ แหล่งข้อมูล: local://competition_rules/competition_rules_tekken8_psu_esports",pipeline:competition_fact_card,competition_rules/competition_rules_lookup,100.0,True,1.318,0,,,
MB-0589-CR-053,competition_rules,psu_fact,TEKKEN 8 รอบชิงเล่นกี่เกม,"คำตอบ: Tekken 8 เป็นการแข่งขันออฟไลน์แบบ 1v1 บน PlayStation 5 ใช้รูปแบบ First to 2 (FT2), Round 3 และเวลา 60 วินาที หลักฐานจากกติกา: • เอกสารระบุแข่งขันแบบ Offline, Platform PlayStation 5, 1v1, FT2, R3 และตั้งเวลา 60 วินาที อ้างอิงจากกติกา: Tekken 8 / PSU Esports ปะทะมันส์ สนั่นจอ แหล่งข้อมูล: local://competition_rules/competition_rules_tekken8_psu_esports",pipeline:competition_fact_card,competition_rules/competition_rules_lookup,100.0,True,1.2082,0,,,
MB-0590-CR-054,competition_rules,psu_fact,TEKKEN 8 มีตัวสำรองได้ไหม,คำตอบ: กติกาการแข่งขัน รายละเอียดที่เกี่ยวข้อง: • แข่งขันแบบ ออฟไลน์ (Offline) • ใช้เครื่องเกม PlayStation 5 • แข่งขันแบบ เดี่ยว (1v1) • รูปแบบการแข่งขัน: อ้างอิงจากกติกา: Tekken 8 / PSU Esports ปะทะมันส์ สนั่นจอ แหล่งข้อมูล: local://competition_rules/competition_rules_tekken8_psu_esports,pipeline:rag_direct_curated,competition_rules/competition_rules_lookup,100.0,True,0.2826,0,,,
MB-0591-CR-055,competition_rules,psu_fact,TEKKEN 8 มีข้อห้ามอะไรบ้าง,คำตอบ: Tekken 8 เลือกตัวละครได้ทุกตัว ยกเว้นตัวละคร DLC และห้ามใช้ customization โดยให้ใช้ชุด/สกินมาตรฐาน หลักฐานจากกติกา: • เอกสารระบุอนุญาตให้ใช้ตัวละครทุกตัว ยกเว้น DLC Character และไม่อนุญาตให้ใช้ Customization อ้างอิงจากกติกา: Tekken 8 / PSU Esports ปะทะมันส์ สนั่นจอ แหล่งข้อมูล: local://competition_rules/competition_rules_tekken8_psu_esports,pipeline:competition_fact_card,competition_rules/list,100.0,True,1.2176,0,,,
MB-0592-CR-056,competition_rules,psu_fact,TEKKEN 8 ถ้าใช้ bug จะโดนอะไร,คำตอบ: * ห้ามใช้ Bug หรือ Glitch ที่ส่งผลให้เกิดความได้เปรียบ รายละเอียดที่เกี่ยวข้อง: • ใช้เครื่องเกม PlayStation 5 • ในแต่ละเกมใช้กติกา R3 (แข่ง 3 รอบต่อเกม) และ 60S (จำกัดเวลา 60 วินาทีต่อรอบ) • ต้องใช้ สกินมาตรฐาน เท่านั้น • อนุญาตให้ใช้ ปุ่ม Assist หรือระบบช่วยเหลือพิเศษ • หากมีการกดหยุดเกมโดยเจตนา จะถูก ปรับแพ้ 1 รอบทันที อ้างอิงจากกติกา: Tekken 8 / PSU Esports ปะทะมันส์ สนั่นจอ แหล่งข้อมูล: local://competition_rules/competition_rules_tekken8_psu_esports,pipeline:rag_direct_curated,competition_rules/competition_rules_lookup,100.0,True,0.3211,0,,,
MB-0593-CR-057,competition_rules,psu_fact,TEKKEN 8 ต้องเช็คอินก่อนแข่งไหม,คำตอบ: Tekken 8 แข่งขันบนเครื่อง PlayStation 5 หลักฐานจากกติกา: • เอกสารระบุ Platform การแข่งขันเป็น PlayStation 5 อ้างอิงจากกติกา: Tekken 8 / PSU Esports ปะทะมันส์ สนั่นจอ แหล่งข้อมูล: local://competition_rules/competition_rules_tekken8_psu_esports,pipeline:competition_fact_card,competition_rules/competition_rules_lookup,100.0,True,1.2887,0,,,
MB-0594-CR-058,competition_rules,psu_fact,TEKKEN 8 ใช้บัญชีอะไรแข่ง,คำตอบ: Tekken 8 แข่งขันบนเครื่อง PlayStation 5 หลักฐานจากกติกา: • เอกสารระบุ Platform การแข่งขันเป็น PlayStation 5 อ้างอิงจากกติกา: Tekken 8 / PSU Esports ปะทะมันส์ สนั่นจอ แหล่งข้อมูล: local://competition_rules/competition_rules_tekken8_psu_esports,pipeline:competition_fact_card,competition_rules/competition_rules_lookup,100.0,True,0.2781,0,,,
MB-0595-CR-059,competition_rules,psu_fact,TEKKEN 8 แผนที่มีอะไรบ้าง,คำตอบ: * คำตัดสินของกรรมการถือเป็นที่สิ้นสุด รายละเอียดที่เกี่ยวข้อง: • หากเสมอกันที่ 1-1 จะต้องแข่งขัน เกมตัดสิน • ผู้เข้าแข่งขันต้องยอมรับและปฏิบัติตามกฎ กติกา และคำตัดสินของกรรมการโดยไม่มีเงื่อนไข • FT2: ผู้ชนะคือผู้ที่ชนะครบ 2 เกมก่อน • หากเกิดปัญหาใด ๆ ต้องแจ้งผู้จัดการแข่งขันทันที • แข่งขันแบบ เดี่ยว (1v1) อ้างอิงจากกติกา: Tekken 8 / PSU Esports ปะทะมันส์ สนั่นจอ แหล่งข้อมูล: local://competition_rules/competition_rules_tekken8_psu_esports,pipeline:rag_direct_curated,competition_rules/list,100.0,True,1.2528,0,,,
MB-0596-CR-060,competition_rules,psu_fact,TEKKEN 8 สรุปกติกาสั้นๆ,"คำตอบ: Tekken 8 เป็นการแข่งขันออฟไลน์แบบ 1v1 บน PlayStation 5 ใช้รูปแบบ First to 2 (FT2), Round 3 และเวลา 60 วินาที แหล่งข้อมูล: local://competition_rules/competition_rules_tekken8_psu_esports",pipeline:competition_fact_card,competition_rules/competition_rules_lookup,100.0,True,1.1547,0,,,
MB-0597-CR-061,competition_rules,psu_fact,ROV กติกาการแข่งขันคืออะไร,คำตอบ: Arena of Valor (RoV): ไฟล์กติกา RoV ระบุว่าแข่งขันในโหมด 5v5 จึงยืนยันได้ว่าลงแข่งพร้อมกันฝ่ายละ 5 คน แต่ยังไม่พบจำนวนสมาชิกทีมรวมหรือตัวสำรองที่ระบุชัดเจนในไฟล์นี้ หลักฐานจากกติกา: • เอกสารระบุการเข้าแข่งขันในโหมดการแข่งขัน 5v5 แต่ไม่ได้ระบุจำนวน roster รวม/ตัวสำรองแบบชัดเจน หมายเหตุ: คำตอบนี้เป็นการสรุปจากข้อมูลที่มีในไฟล์กติกา ไม่ใช่ข้อมูล roster/ตัวสำรองที่ระบุเป็นตัวเลขแยกไว้ อ้างอิงจากกติกา: Arena of Valor (RoV) / Blueket Games 2025 ประเภททีมชาย แหล่งข้อมูล: local://competition_rules/competition_rules_rov_blueket_2025_men,pipeline:competition_fact_card,competition_rules/competition_rules_lookup,100.0,True,1.5076,0,,,
MB-0598-CR-062,competition_rules,psu_fact,ROV ใช้ผู้เล่นกี่คน,คำตอบ: Arena of Valor (RoV): ไฟล์กติกา RoV ระบุว่าแข่งขันในโหมด 5v5 จึงยืนยันได้ว่าลงแข่งพร้อมกันฝ่ายละ 5 คน แต่ยังไม่พบจำนวนสมาชิกทีมรวมหรือตัวสำรองที่ระบุชัดเจนในไฟล์นี้ หลักฐานจากกติกา: • เอกสารระบุการเข้าแข่งขันในโหมดการแข่งขัน 5v5 แต่ไม่ได้ระบุจำนวน roster รวม/ตัวสำรองแบบชัดเจน หมายเหตุ: คำตอบนี้เป็นการสรุปจากข้อมูลที่มีในไฟล์กติกา ไม่ใช่ข้อมูล roster/ตัวสำรองที่ระบุเป็นตัวเลขแยกไว้ อ้างอิงจากกติกา: Arena of Valor (RoV) / Blueket Games 2025 ประเภททีมชาย แหล่งข้อมูล: local://competition_rules/competition_rules_rov_blueket_2025_men,pipeline:competition_fact_card,competition_rules/competition_rules_lookup,100.0,True,0.2503,0,,,
MB-0599-CR-063,competition_rules,psu_fact,ROV มาสายจะโดนอะไร,คำตอบ: Arena of Valor (RoV): RoV ถ้าเริ่มแข่งล่าช้าเกิน 15 นาที จะถูกปรับแพ้ในรอบนั้น หลักฐานจากกติกา: • เอกสารระบุว่าหากเริ่มการแข่งขันล่าช้าเกิน 15 นาที ทีมที่ทำให้เกิดความล่าช้าจะถูกปรับแพ้ อ้างอิงจากกติกา: Arena of Valor (RoV) / Blueket Games 2025 ประเภททีมชาย แหล่งข้อมูล: local://competition_rules/competition_rules_rov_blueket_2025_men,pipeline:competition_fact_card,competition_rules/competition_rules_lookup,100.0,True,0.2445,0,,,
MB-0600-CR-064,competition_rules,psu_fact,ROV pause ได้ไหม,คำตอบ: Arena of Valor (RoV): RoV แต่ละทีมสามารถหยุดเกมได้สูงสุด 5 ครั้ง ครั้งละไม่เกิน 1 นาที และเมื่อครบเวลาต้องกลับเข้าแข่งขันต่อ หลักฐานจากกติกา: • เอกสารระบุแต่ละทีมมีสิทธิ์ขอหยุดเกม 5 ครั้ง ครั้งละไม่เกิน 1 นาที กรณีเกิดปัญหาเช่นหลุดเกมหรือขัดข้อง อ้างอิงจากกติกา: Arena of Valor (RoV) / Blueket Games 2025 ประเภททีมชาย แหล่งข้อมูล: local://competition_rules/competition_rules_rov_blueket_2025_men,pipeline:competition_fact_card,competition_rules/competition_rules_lookup,100.0,True,1.0947,0,,,
MB-0601-CR-065,competition_rules,psu_fact,ROV ถ้าเกมหลุดทำยังไง,คำตอบ: Arena of Valor (RoV): RoV แต่ละทีมสามารถหยุดเกมได้สูงสุด 5 ครั้ง ครั้งละไม่เกิน 1 นาที และเมื่อครบเวลาต้องกลับเข้าแข่งขันต่อ หลักฐานจากกติกา: • เอกสารระบุแต่ละทีมมีสิทธิ์ขอหยุดเกม 5 ครั้ง ครั้งละไม่เกิน 1 นาที กรณีเกิดปัญหาเช่นหลุดเกมหรือขัดข้อง อ้างอิงจากกติกา: Arena of Valor (RoV) / Blueket Games 2025 ประเภททีมชาย แหล่งข้อมูล: local://competition_rules/competition_rules_rov_blueket_2025_men,pipeline:competition_fact_card,competition_rules/competition_rules_lookup,100.0,True,0.3054,0,,,
MB-0602-CR-066,competition_rules,psu_fact,ROV ขอ restart ได้ไหม,คำตอบ: Arena of Valor (RoV): RoV ขอแข่งใหม่ได้เฉพาะก่อนเกิด First Blood และก่อนเวลาเกม 2 นาที หากเกิด First Blood แล้วหรือเกิน 2 นาที ต้องได้รับความยินยอมจากฝ่ายตรงข้ามหรือผู้ตัดสิน หลักฐานจากกติกา: • เอกสารระบุเงื่อนไขการขอแข่งขันใหม่ก่อน First Blood และก่อน 2 นาที พร้อมข้อยกเว้นโดยฝ่ายตรงข้าม/ผู้ตัดสิน อ้างอิงจากกติกา: Arena of Valor (RoV) / Blueket Games 2025 ประเภททีมชาย แหล่งข้อมูล: local://competition_rules/competition_rules_rov_blueket_2025_men,pipeline:competition_fact_card,competition_rules/competition_rules_lookup,100.0,True,0.2409,0,,,
MB-0603-CR-067,competition_rules,psu_fact,ROV รูปแบบการแข่งขันเป็นยังไง,คำตอบ: Arena of Valor (RoV): RoV รายการ Blueket Games 2025 ประเภททีมชาย แข่ง Best of 3 (BO3) ทุกรอบ หลักฐานจากกติกา: • เอกสารหัวข้อ 3. รูปแบบการแข่งขัน ระบุว่าแข่งแบบออฟไลน์ และแข่ง Best of 3 (BO3) ทุกรอบ อ้างอิงจากกติกา: Arena of Valor (RoV) / Blueket Games 2025 ประเภททีมชาย แหล่งข้อมูล: local://competition_rules/competition_rules_rov_blueket_2025_men,pipeline:competition_fact_card,competition_rules/competition_rules_lookup,100.0,True,1.2089,0,,,
MB-0604-CR-068,competition_rules,psu_fact,ROV รอบชิงเล่นกี่เกม,คำตอบ: Arena of Valor (RoV): RoV รายการ Blueket Games 2025 ประเภททีมชาย แข่ง Best of 3 (BO3) ทุกรอบ หลักฐานจากกติกา: • เอกสารหัวข้อ 3. รูปแบบการแข่งขัน ระบุว่าแข่งแบบออฟไลน์ และแข่ง Best of 3 (BO3) ทุกรอบ อ้างอิงจากกติกา: Arena of Valor (RoV) / Blueket Games 2025 ประเภททีมชาย แหล่งข้อมูล: local://competition_rules/competition_rules_rov_blueket_2025_men,pipeline:competition_fact_card,competition_rules/competition_rules_lookup,100.0,True,1.1732,0,,,
MB-0605-CR-069,competition_rules,psu_fact,ROV มีตัวสำรองได้ไหม,คำตอบ: Arena of Valor (RoV): ไฟล์กติกา RoV ระบุว่าแข่งขันในโหมด 5v5 จึงยืนยันได้ว่าลงแข่งพร้อมกันฝ่ายละ 5 คน แต่ยังไม่พบจำนวนสมาชิกทีมรวมหรือตัวสำรองที่ระบุชัดเจนในไฟล์นี้ หลักฐานจากกติกา: • เอกสารระบุการเข้าแข่งขันในโหมดการแข่งขัน 5v5 แต่ไม่ได้ระบุจำนวน roster รวม/ตัวสำรองแบบชัดเจน หมายเหตุ: คำตอบนี้เป็นการสรุปจากข้อมูลที่มีในไฟล์กติกา ไม่ใช่ข้อมูล roster/ตัวสำรองที่ระบุเป็นตัวเลขแยกไว้ อ้างอิงจากกติกา: Arena of Valor (RoV) / Blueket Games 2025 ประเภททีมชาย แหล่งข้อมูล: local://competition_rules/competition_rules_rov_blueket_2025_men,pipeline:competition_fact_card,competition_rules/competition_rules_lookup,100.0,True,0.2686,0,,,
MB-0606-CR-070,competition_rules,psu_fact,ROV มีข้อห้ามอะไรบ้าง,คำตอบ: Arena of Valor (RoV): RoV ถ้าเริ่มแข่งล่าช้าเกิน 15 นาที จะถูกปรับแพ้ในรอบนั้น หลักฐานจากกติกา: • เอกสารระบุว่าหากเริ่มการแข่งขันล่าช้าเกิน 15 นาที ทีมที่ทำให้เกิดความล่าช้าจะถูกปรับแพ้ อ้างอิงจากกติกา: Arena of Valor (RoV) / Blueket Games 2025 ประเภททีมชาย แหล่งข้อมูล: local://competition_rules/competition_rules_rov_blueket_2025_men,pipeline:competition_fact_card,competition_rules/list,100.0,True,1.2787,0,,,
MB-0607-CR-071,competition_rules,psu_fact,ROV ถ้าใช้ bug จะโดนอะไร,,exception,/,0.0,False,0.4354,0,,exception:UnboundLocalError,cannot access local variable 'rag_llm_attempted' where it is not associated with a value
MB-0608-CR-072,competition_rules,psu_fact,ROV ต้องเช็คอินก่อนแข่งไหม,คำตอบ: Arena of Valor (RoV): RoV ขอแข่งใหม่ได้เฉพาะก่อนเกิด First Blood และก่อนเวลาเกม 2 นาที หากเกิด First Blood แล้วหรือเกิน 2 นาที ต้องได้รับความยินยอมจากฝ่ายตรงข้ามหรือผู้ตัดสิน หลักฐานจากกติกา: • เอกสารระบุเงื่อนไขการขอแข่งขันใหม่ก่อน First Blood และก่อน 2 นาที พร้อมข้อยกเว้นโดยฝ่ายตรงข้าม/ผู้ตัดสิน อ้างอิงจากกติกา: Arena of Valor (RoV) / Blueket Games 2025 ประเภททีมชาย แหล่งข้อมูล: local://competition_rules/competition_rules_rov_blueket_2025_men,pipeline:competition_fact_card,competition_rules/competition_rules_lookup,100.0,True,1.2391,0,,,
MB-0609-CR-073,competition_rules,psu_fact,ROV ใช้บัญชีอะไรแข่ง,คำตอบ: Arena of Valor (RoV): RoV ใช้โทรศัพท์มือถือในการแข่งขัน ไม่อนุญาตให้ใช้ Tablet หรือ iPad หลักฐานจากกติกา: • เอกสารระบุให้ใช้โทรศัพท์มือถือ และไม่อนุญาตให้ใช้ Tablet/iPad ในการแข่งขัน อ้างอิงจากกติกา: Arena of Valor (RoV) / Blueket Games 2025 ประเภททีมชาย แหล่งข้อมูล: local://competition_rules/competition_rules_rov_blueket_2025_men,pipeline:competition_fact_card,competition_rules/competition_rules_lookup,100.0,True,0.2353,0,,,
MB-0610-CR-074,competition_rules,psu_fact,ROV แผนที่มีอะไรบ้าง,คำตอบ: 4.3.1.ในกรณีที่มีผู้เข้าแข่งขันหลุดออกจากเกม ให้ทำการหยุดเกมชั่วคราว โดยแต่ละทีมสามารถกดหยุดเกมได้ทีมละ 5 ครั้ง ครั้งละไม่เกิน 1 นาที ถ้าหากเกินเวลาดังกล่าว อีกทีมสามารถกด Resume ได้ทันทีและทำการแข่งขันต่อตามปกติ รายละเอียดที่เกี่ยวข้อง: • 1.1. แข่งขันออฟไลน์ วันที่ 11 กันยายน 2568 • 4.5.2.หากเกมหยุดลงเป็นเวลาเกินกว่า 10 นาที ทางทีมงานมีสิทธิสั่งให้เริ่มเกมใหม่ เว้นแต่ทีมผู้เข้าร่วมแข่งขันทีมใดทีมหนึ่งมีคะแนนมากกว่าอีกทีมเป็นจำนวนมาก ทางทีมงานอาจใช้ดุลยพินิจในการสั่งให้ทีมที่มีคะแนนมากกว่าดังกล่าวเป็นผู้ชนะในเกมที่หยุดลงนั้นตามที่เห็นควร • 4.5.5.1. หากผู้เข้าแข่งขันรายใดตกอยู่ในสภาวะที่เป็นอันตรายต่อชีวิต กล่าวคือ ไม่มีความปลอดภัยในการบริเวณการแข่งขัน หรือตกอยู่ในสถานการณ์อื่นใดที่ทำใ,pipeline:rag_direct_curated,competition_rules/list,100.0,True,1.3006,0,,,
MB-0611-CR-075,competition_rules,psu_fact,ROV สรุปกติกาสั้นๆ,คำตอบ: Arena of Valor (RoV): ไฟล์กติกา RoV ระบุว่าแข่งขันในโหมด 5v5 จึงยืนยันได้ว่าลงแข่งพร้อมกันฝ่ายละ 5 คน แต่ยังไม่พบจำนวนสมาชิกทีมรวมหรือตัวสำรองที่ระบุชัดเจนในไฟล์นี้ แหล่งข้อมูล: local://competition_rules/competition_rules_rov_blueket_2025_men,pipeline:competition_fact_card,competition_rules/competition_rules_lookup,100.0,True,1.1484,0,,,
MB-0612-C-001,compound,psu_fact,Tekken 8 ปุ่มอะไร แล้ว PC ราคาเท่าไหร่,คำถามนี้มีหลายเรื่อง ขอแยกตอบเป็นข้อ ๆ: คำถามที่ 1: Tekken 8 ปุ่มอะไร TEKKEN 8 มีข้อมูลปุ่มควบคุมดังนี้: PlayStation / PS5 • Square: หมัดซ้าย / ต่อยซ้าย - ออกหมัดแย็บหรือโจมตีด้วยมือซ้าย เป็นปุ่มหลักในการเริ่มต้นเฟรมคอมโบที่รวดเร็ว • Triangle: หมัดขวา / ต่อยขวา - ออกหมัดหนักหรือโจมตีด้วยมือขวา มักใช้ทำดาเมจแรงหรือสวนกลับ (Counter) • Cross: ลูกเตะซ้าย - ใช้ขาซ้ายเตะสกัดหรือโจมตีเพื่อเปิดช่องว่างของศัตรู • Circle: ลูกเตะขวา - ใช้ขาขวาหวดเตะอย่างรุนแรง มักเป็นท่าเคลียร์ระยะหรือตัดขาที่ทำดาเมจสูง • D-Pad Up: กระโดด - ควบคุมให้ตัวละครกระโดดขึ้นด้านบนเพื่อหลบการโจมตีล่าง หรือใช้กดร่วมกับปุ่มโจมตีกลางอากาศ • D-Pad Left: ถอยหลัง / บล็อก - บังคับตัวละครให้เดินถอยหลังเพื่อรักษาระยะ หรือใช้กดค้างเพื่อ ,pipeline:multi_question_splitter,multi_question/multi_question_split,100.0,True,0.4741,0,,,
MB-0613-C-002,compound,psu_fact,PS5 มีเกมอะไรกับราคาเท่าไหร่,"คำถามนี้มีหลายเรื่อง ขอแยกตอบเป็นข้อ ๆ: คำถามที่ 1: PS5 มีเกมอะไร PlayStation 5 Zone มีเกมที่ยืนยันได้ดังนี้ PlayStation 5 #01-#02 (60 นาที, 1-2 คน) • Call of Duty: Modern Warfare III • Delta Force • EA Sports FC 24 • eFootball • FINAL FANTASY XVI • Fortnite • God of War Ragnarok • Hogwarts Legacy • Marvel's Spider-Man 2 • NARUTO X BORUTO Ultimate Ninja Storm Connections • Resident Evil 4 • Resident Evil Village • TEKKEN 8 • THE FINALS • The Last of Us Part I • The Last of Us Part II (Remastered) • Uncharted: Legacy of Thieves Collection หมายเหตุ: PlayStation 5 #01 และ #02 ใช้รายการเกมเดียวกัน แหล่งข้อมูล: https://esports.computing.psu.ac.th/ คำถามที่ 2: PS5 ราคาเท่าไหร่ PlayStation 5 60 นาท",pipeline:multi_question_splitter,multi_question/multi_question_split,100.0,True,0.3616,0,,,
MB-0614-C-003,compound,psu_fact,PC มีอุปกรณ์อะไร แล้วมีเกมอะไรบ้าง,"คำถามนี้มีหลายเรื่อง ขอแยกตอบเป็นข้อ ๆ: คำถามที่ 1: PC มีอุปกรณ์อะไร อุปกรณ์ใน PC Zone: PC Zone • Gaming PC รุ่น MSI MAG Infinite S3 14th (10 Units) • Gaming Monitor (10 Units) • Gaming Keyboard • Gaming Mouse • Gaming Headset • Gaming Chair (10 Units) แหล่งข้อมูล: https://esports.phuket.psu.ac.th/home คำถามที่ 2: PC มีเกมอะไรบ้าง PC Zone แยกรายการเกมตามเลขเครื่องดังนี้ PC #01-#02 (60 นาที, 1 คน) • TEKKEN 8 • Counter-Strike 2 • League of Legends • PUBG: BATTLEGROUNDS • VALORANT หมายเหตุ: PC #01-#02 มี TEKKEN 8 แต่ไม่มี Call of Duty: Warzone หมายเหตุ: PC #01-#02 และ PC #03-#10 มี Counter-Strike 2, League of Legends, PUBG: BATTLEGROUNDS, VALORANT เหมือนกัน PC #03-#10 (60 นาที, 1 คน) • Call of ",pipeline:multi_question_splitter,multi_question/multi_question_split,100.0,True,0.5083,0,,,
MB-0615-C-004,compound,psu_fact,Gran Turismo 7 เล่นยังไง แล้วปุ่มเร่งกดอะไร,คำถามนี้มีหลายเรื่อง ขอแยกตอบเป็นข้อ ๆ: คำถามที่ 1: Gran Turismo 7 เล่นยังไง Gran Turismo 7: Gran Turismo 7 คือเกมแข่งรถที่เน้นการขับรถสมจริง การเลือกสนาม รถ และการควบคุมจังหวะเข้าโค้ง แนวเกม: เกมแข่งรถ / Driving Simulator วิธีเล่นโดยสรุป: ใน Cockpit Zone เล่นโดยใช้พวงมาลัย คันเร่ง เบรก และชุดเบาะจำลองการขับรถ เป้าหมายคือขับให้เร็วและควบคุมรถให้แม่นในแต่ละสนาม เล่นได้ที่: Cockpit Zone แหล่งข้อมูล: https://esports.phuket.psu.ac.th/Services/our-games คำถามที่ 2: Gran Turismo 7 ปุ่มเร่งกดอะไร Gran Turismo 7 ปุ่มที่ตรงกับคำถาม: PlayStation / PS5 • R2: คันเร่ง - กดเพื่อเร่งเครื่อง • R3: ไนตรัส / เร่งแซง - ใช้งานระบบเพิ่มความเร็วพิเศษที่มีติดตั้งในรถบางรุ่น แหล่งข้อมูล: https://gameinputdatabase.c,pipeline:multi_question_splitter,multi_question/multi_question_split,100.0,True,1.053,0,,,
MB-0616-C-005,compound,psu_fact,Nintendo Switch ราคาเท่าไหร่ แล้วมีเกมอะไรบ้าง,"คำถามนี้มีหลายเรื่อง ขอแยกตอบเป็นข้อ ๆ: คำถามที่ 1: Nintendo Switch ราคาเท่าไหร่ Nintendo Switch 1-2 คน 60 นาที (1 ชั่วโมง) • PSU Student and Staff: 0 บาท • PSU Alumni and General Student: 50 บาท • General Adult: 140 บาท Nintendo Switch 3-4 คน 60 นาที (1 ชั่วโมง) • PSU Student and Staff: 0 บาท • PSU Alumni and General Student: 100 บาท • General Adult: 280 บาท แหล่งข้อมูล: https://esports.computing.psu.ac.th/wp-content/uploads/2026/01/PSU-Esports-Studio-phuket-SERVICE-FEE-2026.png คำถามที่ 2: Nintendo Switch มีเกมอะไรบ้าง Nintendo Switch Zone มีเกมที่ยืนยันได้ดังนี้ Nintendo Switch (1-2 Persons) (60 นาที, 1-2 คน) • Pokémon Champions • Animal Crossing: New Horizons • It Takes Two • Little Nigh",pipeline:multi_question_splitter,multi_question/multi_question_split,100.0,True,0.6368,0,,,
MB-0617-C-006,compound,psu_fact,VR ราคาเท่าไหร่ แล้วจองยังไง,"คำถามนี้มีหลายเรื่อง ขอแยกตอบเป็นข้อ ๆ: คำถามที่ 1: VR ราคาเท่าไหร่ VR 30 นาที (1-5 คน) • PSU Student and Staff: 0 บาท • PSU Alumni and General Student: 190 บาท • General Adult: 525 บาท VR 1 ชั่วโมง (60 นาที, 1-5 คน) • PSU Student and Staff: 0 บาท • PSU Alumni and General Student: 375 บาท • General Adult: 1,050 บาท แหล่งข้อมูล: https://esports.computing.psu.ac.th/wp-content/uploads/2026/01/PSU-Esports-Studio-phuket-SERVICE-FEE-2026.png คำถามที่ 2: จะเล่น VR จองยังไง จองคิวเล่นเกม/ใช้อุปกรณ์ได้ผ่านระบบจองออนไลน์ครับ ถ้าต้องการจอง VR ให้เลือกบริการ VR Station และเลือกรอบ 30 นาทีหรือ 1 ชั่วโมงตามที่ระบบมีให้เลือก ขั้นตอนโดยสรุปคือ 1) เลือกบริการหรือโซนที่ต้องการใช้ 2) เลือกวันและรอบเวลา 3) กรอก",pipeline:multi_question_splitter,multi_question/multi_question_split,100.0,True,1.4131,0,,,
MB-0618-C-007,compound,psu_fact,สมาชิกมีกี่คน แล้วใครเป็นอธิการบดี,คำถามนี้มีหลายเรื่อง ขอแยกตอบเป็นข้อ ๆ: คำถามที่ 1: สมาชิกมีกี่คน สมาชิกในหน้า Members แบ่งเป็น 3 หมวดครับ • Members: 7 คน • cooperative education and Internship student: 5 คน • PSU Phuket Esports Club - PSU Phuket: 13 คน รวมทั้งหมด 25 คน แหล่งข้อมูล: https://esports.phuket.psu.ac.th/about-us/Members คำถามที่ 2: สมาชิก ใครเป็นอธิการบดี ตำแหน่ง อธิการบดี มี 1 คนครับ • ผศ.ดร.นิวัติ แก้วประดับ: อธิการบดี (มหาวิทยาลัยสงขลานครินทร์) ◦ หมวด: Members แหล่งข้อมูล: https://esports.phuket.psu.ac.th/about-us/Members,pipeline:multi_question_splitter,multi_question/multi_question_split,100.0,True,1.473,0,,,
MB-0619-C-008,compound,psu_fact,Tekken 8 กับ Mario Kart 8 Deluxe มีปุ่มอะไรบ้าง,คำถามนี้มีหลายเรื่อง ขอแยกตอบเป็นข้อ ๆ: คำถามที่ 1: Tekken 8 มีปุ่มอะไรบ้าง TEKKEN 8 มีข้อมูลปุ่มควบคุมดังนี้: PlayStation / PS5 • Square: หมัดซ้าย / ต่อยซ้าย - ออกหมัดแย็บหรือโจมตีด้วยมือซ้าย เป็นปุ่มหลักในการเริ่มต้นเฟรมคอมโบที่รวดเร็ว • Triangle: หมัดขวา / ต่อยขวา - ออกหมัดหนักหรือโจมตีด้วยมือขวา มักใช้ทำดาเมจแรงหรือสวนกลับ (Counter) • Cross: ลูกเตะซ้าย - ใช้ขาซ้ายเตะสกัดหรือโจมตีเพื่อเปิดช่องว่างของศัตรู • Circle: ลูกเตะขวา - ใช้ขาขวาหวดเตะอย่างรุนแรง มักเป็นท่าเคลียร์ระยะหรือตัดขาที่ทำดาเมจสูง • D-Pad Up: กระโดด - ควบคุมให้ตัวละครกระโดดขึ้นด้านบนเพื่อหลบการโจมตีล่าง หรือใช้กดร่วมกับปุ่มโจมตีกลางอากาศ • D-Pad Left: ถอยหลัง / บล็อก - บังคับตัวละครให้เดินถอยหลังเพื่อรักษาระยะ หรือใช้กดค้าง,pipeline:multi_question_splitter,multi_question/multi_question_split,100.0,True,0.8065,0,,,
MB-0620-C-009,compound,psu_fact,PS5 กับ Nintendo Switch มีเกมอะไรบ้าง,"คำถามนี้มีหลายเรื่อง ขอแยกตอบเป็นข้อ ๆ: คำถามที่ 1: PS5 มีเกมอะไรบ้าง PlayStation 5 Zone มีเกมที่ยืนยันได้ดังนี้ PlayStation 5 #01-#02 (60 นาที, 1-2 คน) • Call of Duty: Modern Warfare III • Delta Force • EA Sports FC 24 • eFootball • FINAL FANTASY XVI • Fortnite • God of War Ragnarok • Hogwarts Legacy • Marvel's Spider-Man 2 • NARUTO X BORUTO Ultimate Ninja Storm Connections • Resident Evil 4 • Resident Evil Village • TEKKEN 8 • THE FINALS • The Last of Us Part I • The Last of Us Part II (Remastered) • Uncharted: Legacy of Thieves Collection หมายเหตุ: PlayStation 5 #01 และ #02 ใช้รายการเกมเดียวกัน แหล่งข้อมูล: https://esports.computing.psu.ac.th/ คำถามที่ 2: Nintendo Switch มีเกมอะไรบ้าง Nin",pipeline:multi_question_splitter,multi_question/multi_question_split,100.0,True,0.5224,0,,,
MB-0621-C-010,compound,psu_fact,Cockpit มีอุปกรณ์อะไร แล้ว Gran Turismo ปุ่มอะไร,คำถามนี้มีหลายเรื่อง ขอแยกตอบเป็นข้อ ๆ: คำถามที่ 1: Cockpit มีอุปกรณ์อะไร อุปกรณ์ใน Cockpit Zone: Cockpit Zone • Logitech G923 TRUEFORCE Racing Wheel (2 Units with Driving Force Shifter) • Driving Force Shifter (2 Units with Logitech G923) • Racezone Full Cockpit V3 (2 Units) • Pulse Elite Wireless Headset (2 Units) • TV 65 นิ้ว (2 Units) แหล่งข้อมูล: https://esports.phuket.psu.ac.th/home คำถามที่ 2: Gran Turismo ปุ่มอะไร Gran Turismo 7 มีข้อมูลปุ่มควบคุมดังนี้: PlayStation / PS5 • L (Left Stick): เลี้ยว / ควบคุมพวงมาลัย - บังคับทิศทางรถ • R2: คันเร่ง - กดเพื่อเร่งเครื่อง • L2: เบรก - กดเพื่อชะลอความเร็วรถ • Cross: เพิ่มเกียร์ - เปลี่ยนเกียร์สูงขึ้น (โหมดเกียร์ธรรมดา) • Square: ลดเกียร์ - เป,pipeline:multi_question_splitter,multi_question/multi_question_split,100.0,True,0.4964,0,,,
MB-0622-C-011,compound,psu_fact,Call of Duty ปุ่มยิงอะไร แล้วเล่นได้ที่ไหน,คำถามนี้มีหลายเรื่อง ขอแยกตอบเป็นข้อ ๆ: คำถามที่ 1: Call of Duty ปุ่มยิงอะไร Call of Duty มีหลายเกมในรายการปัจจุบันครับ คำถามนี้จึงยังไม่ชัดว่าหมายถึงเกมไหน ถ้าต้องการถามเรื่องปุ่ม/วิธีควบคุม ขอเลือกเกมก่อน: • Call of Duty: Modern Warfare III (PlayStation 5 Zone) • Call of Duty: Warzone (PC Zone) พิมพ์ต่อได้ เช่น `Call of Duty: Modern Warfare III ปุ่มอะไร` หรือ `Call of Duty: Warzone ปุ่มอะไร` คำถามที่ 2: Call of Duty เล่นได้ที่ไหน พบเกมที่เกี่ยวข้องกับ Call of Duty ในรายการที่ยืนยันได้ครับ • Call of Duty: Modern Warfare III: เล่นได้ที่ PlayStation 5 Zone • Call of Duty: Warzone: เล่นได้ที่ PC Zone แหล่งข้อมูล: https://esports.phuket.psu.ac.th/Services/our-games,pipeline:multi_question_splitter,multi_question/multi_question_split,100.0,True,0.5432,0,,,
MB-0623-C-012,compound,psu_fact,PC ราคาเท่าไหร่ แล้วจองได้กี่ session,คำถามนี้มีหลายเรื่อง ขอแยกตอบเป็นข้อ ๆ: คำถามที่ 1: PC ราคาเท่าไหร่ ราคา PC 1 ชั่วโมง (1 คน) • PSU Student and Staff: 0 บาท • PSU Alumni and General Student / นักศึกษาหรือนักเรียนต่างสถาบัน: 25 บาท • General Adult / บุคคลทั่วไป: 70 บาท หมายเหตุข้อมูล PC: ราคา PC เพิ่มจาก local service fee update 2026-07-27 แหล่งข้อมูล: https://esports.computing.psu.ac.th/wp-content/uploads/2026/01/PSU-Esports-Studio-phuket-SERVICE-FEE-2026.png คำถามที่ 2: จองได้กี่ session การจอง 1 ครั้งสามารถจองได้สูงสุด 3 Sessions สำหรับ PlayStation 5: 1 session = 1 ชั่วโมง ดังนั้น 3 sessions = สูงสุด 3 ชั่วโมงต่อการจอง 1 ครั้ง แหล่งข้อมูล: https://esports.computing.psu.ac.th/,pipeline:multi_question_splitter,multi_question/multi_question_split,100.0,True,1.4935,0,,,
MB-0624-C-013,compound,psu_fact,วันนี้เปิดไหม แล้วจอง PS5 ยังไง,คำถามนี้มีหลายเรื่อง ขอแยกตอบเป็นข้อ ๆ: คำถามที่ 1: วันนี้เปิดไหม วันนี้ 23/08/2026 (วันอาทิตย์): วันอาทิตย์ยังไม่พบช่วงให้บริการในตารางประจำที่มีอยู่ จึงควรตรวจสอบกับศูนย์ก่อนเดินทาง วันที่อ้างอิงของระบบ: วันนี้คือ 23/08/2026 (วันอาทิตย์) ตามเวลาไทย ปฏิทินไทยของวันที่นี้: ไม่พบวันหยุดไทยหรือเทศกาลในปฏิทินที่บันทึกไว้สำหรับวันที่นี้ รายละเอียดจากตาราง: • วันจันทร์ช่วงเช้า 09:00-12:00 เป็น Maintenance* และเปิดช่วงบ่าย 13:00-16:00 • วันอังคาร-พฤหัสบดีเปิด 09:00-12:00 และ 13:00-16:00 • วันศุกร์เปิดช่วงเช้า 09:00-12:00 และช่วงบ่าย 13:00-16:00 เป็น Maintenance • วันหยุดราชการ/วันปิดพิเศษในไฟล์ปฏิทินจะมีผลก่อนตารางปกติ แหล่งข้อมูลตารางบริการ: https://esports.computing.psu.ac.th/reservation คำถามที,pipeline:multi_question_splitter,multi_question/multi_question_split,100.0,True,1.6535,0,,,
MB-0625-C-014,compound,psu_fact,VR 30 นาทีราคาเท่าไหร่ แล้ว 1 ชั่วโมงราคาเท่าไหร่,คำถามนี้มีหลายเรื่อง ขอแยกตอบเป็นข้อ ๆ: คำถามที่ 1: VR 30 นาทีราคาเท่าไหร่ ระยะเวลาที่ถามคือ 30 นาที ใช้ 1 session ตามแพ็กเกจ VR 30 นาที ยังไม่ทราบกลุ่มผู้ใช้ จึงแสดงราคาทุกกลุ่มให้เทียบก่อน: • PSU Student and Staff: 0 บาท/session x 1 = 0 บาท • PSU Alumni and General Student / นักศึกษาหรือนักเรียนต่างสถาบัน: 190 บาท/session x 1 = 190 บาท • General Adult / บุคคลทั่วไป: 525 บาท/session x 1 = 525 บาท รายละเอียดจากตาราง: VR 30 นาที (1-5 คน) • PSU Student and Staff: 0 บาท • PSU Alumni and General Student: 190 บาท • General Adult: 525 บาท แหล่งข้อมูล: https://esports.computing.psu.ac.th/wp-content/uploads/2026/01/PSU-Esports-Studio-phuket-SERVICE-FEE-2026.png คำถามที่ 2: 1 ชั่วโมงราคาเท่าไหร่ ขอรู,pipeline:multi_question_splitter,multi_question/multi_question_split,100.0,True,0.3938,0,,,
MB-0626-C-015,compound,psu_fact,Tekken 8 ราคาเท่าไหร่ แล้วมีปุ่มอะไรบ้าง,คำถามนี้มีหลายเรื่อง ขอแยกตอบเป็นข้อ ๆ: คำถามที่ 1: Tekken 8 ราคาเท่าไหร่ TEKKEN 8 ไม่มีราคาแยกตามชื่อเกมครับ ต้องดูราคาตามโซน/บริการที่ใช้เล่นเกมนี้ PC Zone ยังไม่ทราบกลุ่มผู้ใช้ จึงแสดงราคาทุกกลุ่มให้เทียบก่อน PC 1 ชั่วโมง (1 คน) • นักศึกษา/นักเรียน/บุคลากร PSU: 0 บาท/1 ชั่วโมง • ศิษย์เก่า PSU / นักศึกษา-นักเรียนต่างสถาบัน (General Student): 25 บาท/1 ชั่วโมง • บุคคลทั่วไป (General Adult): 70 บาท/1 ชั่วโมง หมายเหตุข้อมูล PC: ราคา PC เพิ่มจาก local service fee update 2026-07-27 แหล่งข้อมูล: https://esports.computing.psu.ac.th/wp-content/uploads/2026/01/PSU-Esports-Studio-phuket-SERVICE-FEE-2026.png PlayStation 5 Zone ยังไม่ทราบกลุ่มผู้ใช้ จึงแสดงราคาทุกกลุ่มให้เทียบก่อน PlayStation 5 1 ชั่วโ,pipeline:multi_question_splitter,multi_question/multi_question_split,100.0,True,1.0587,0,,,
MB-0627-ANA-001,ambiguity_no_answer,psu_fact,PC มีอะไรบ้าง,"คำถามนี้ยังตีได้หลายทางครับ หมายถึงเรื่องไหนของ PC Zone? ข้อมูลย่อที่ยืนยันได้ตอนนี้: • เกม: มี 6 เกม เช่น Call of Duty: Warzone, Counter-Strike 2, League of Legends, PUBG: BATTLEGROUNDS และอื่น ๆ | พิมพ์ `PC มีเกมอะไรบ้าง` • อุปกรณ์: มี 6 รายการ เช่น Gaming PC รุ่น MSI MAG Infinite S3 14th, Gaming Monitor, Gaming Keyboard, Gaming Mouse, Gaming Headset และอื่น ๆ | พิมพ์ `PC มีอุปกรณ์อะไรบ้าง` • ราคา: PC 1 ชั่วโมง (1 คน): PSU 0 บาท, General Student 25 บาท, General Adult 70 บาท | พิมพ์ `PC ราคาเท่าไหร่` • จอง: ต้องจองผ่านระบบก่อนเข้าใช้ | พิมพ์ `PC จองยังไง` พิมพ์ต่อสั้น ๆ ได้ เช่น `เกม`, `อุปกรณ์`, `ราคา` หรือ `จอง`",pipeline:ambiguity_clarification,clarification/ambiguity_gate_clarification,100.0,True,1.0338,1,universal_intent,,
MB-0628-ANA-002,ambiguity_no_answer,psu_fact,PS5 มีอะไรบ้าง,"คำถามนี้ยังตีได้หลายทางครับ หมายถึงเรื่องไหนของ PlayStation 5 Zone? ข้อมูลย่อที่ยืนยันได้ตอนนี้: • เกม: มี 24 เกม เช่น Beat Saber, Call of Duty: Modern Warfare III, Call of Duty: Warzone, EA Sports FC 24 และอื่น ๆ | พิมพ์ `PS5 มีเกมอะไรบ้าง` • อุปกรณ์: มี 1 รายการ เช่น PlayStation 5 Slim With Ultra HD Blu-Ray Disc Drive | พิมพ์ `PS5 มีอุปกรณ์อะไรบ้าง` • ราคา: PlayStation 5 1 ชั่วโมง (1-2 คน): PSU 0 บาท, General Student 50 บาท, General Adult 150 บาท | พิมพ์ `PS5 ราคาเท่าไหร่` • จอง: ต้องจองผ่านระบบก่อนเข้าใช้ | พิมพ์ `PS5 จองยังไง` พิมพ์ต่อสั้น ๆ ได้ เช่น `เกม`, `อุปกรณ์`, `ราคา` หรือ `จอง`",pipeline:ambiguity_clarification,clarification/ambiguity_gate_clarification,100.0,True,0.9237,1,universal_intent,,
MB-0629-ANA-003,ambiguity_no_answer,psu_fact,Nintendo มีอะไรบ้าง,"คำถามนี้ยังตีได้หลายทางครับ หมายถึงเรื่องไหนของ Nintendo Switch Zone? ข้อมูลย่อที่ยืนยันได้ตอนนี้: • เกม: มี 17 เกม เช่น Animal Crossing: New Horizons, It Takes Two, Little Nightmares II, Luigi's Mansion 3 และอื่น ๆ | พิมพ์ `Nintendo Switch มีเกมอะไรบ้าง` • อุปกรณ์: มี 3 รายการ เช่น Nintendo Switch OLED, TV 86 นิ้ว, Sofa 2 seats | พิมพ์ `Nintendo Switch มีอุปกรณ์อะไรบ้าง` • ราคา: มีหลายแพ็กเกจตามเวลา/จำนวนผู้เล่น: Nintendo Switch 1 ชั่วโมง (1-2 คน), Nintendo Switch 1 ชั่วโมง (3-4 คน) | พิมพ์ `Nintendo Switch ราคาเท่าไหร่` • จอง: ต้องจองผ่านระบบก่อนเข้าใช้ | พิมพ์ `Nintendo Switch จองยังไง` พิมพ์ต่อสั้น ๆ ได้ เช่น `เกม`, `อุปกรณ์`, `ราคา` หรือ `จอง`",pipeline:ambiguity_clarification,clarification/ambiguity_gate_clarification,100.0,True,0.9084,1,universal_intent,,
MB-0630-ANA-004,ambiguity_no_answer,psu_fact,VR มีอะไรบ้าง,"คำถามนี้ยังตีได้หลายทางครับ หมายถึงเรื่องไหนของ VR Zone? ข้อมูลย่อที่ยืนยันได้ตอนนี้: • เกม: มี 2 เกม เช่น Beat Saber, Horizon Call of the Mountain | พิมพ์ `VR มีเกมอะไรบ้าง` • อุปกรณ์: มี 1 รายการ เช่น Sony PlayStation VR2 | พิมพ์ `VR มีอุปกรณ์อะไรบ้าง` • ราคา: มีหลายแพ็กเกจตามเวลา/จำนวนผู้เล่น: VR 30 นาที (1-5 คน), VR 1 ชั่วโมง (1-5 คน) | พิมพ์ `VR ราคาเท่าไหร่` • จอง: ต้องจองผ่านระบบก่อนเข้าใช้ | พิมพ์ `VR จองยังไง` พิมพ์ต่อสั้น ๆ ได้ เช่น `เกม`, `อุปกรณ์`, `ราคา` หรือ `จอง`",pipeline:ambiguity_clarification,clarification/ambiguity_gate_clarification,100.0,True,0.907,1,universal_intent,,
MB-0631-ANA-005,ambiguity_no_answer,psu_fact,Cockpit มีอะไรบ้าง,"คำถามนี้ยังตีได้หลายทางครับ หมายถึงเรื่องไหนของ Cockpit Zone? ข้อมูลย่อที่ยืนยันได้ตอนนี้: • เกม: มี 1 เกม เช่น Gran Turismo 7 | พิมพ์ `Cockpit มีเกมอะไรบ้าง` • อุปกรณ์: มี 5 รายการ เช่น Logitech G923 TRUEFORCE Racing Wheel, Driving Force Shifter, Racezone Full Cockpit V3, Pulse Elite Wireless Headset, TV 65 นิ้ว | พิมพ์ `Cockpit มีอุปกรณ์อะไรบ้าง` • ราคา: Cockpit 1 ชั่วโมง (1 คน): PSU 0 บาท, General Student 65 บาท, General Adult 200 บาท | พิมพ์ `Cockpit ราคาเท่าไหร่` • จอง: ต้องจองผ่านระบบก่อนเข้าใช้ | พิมพ์ `Cockpit จองยังไง` พิมพ์ต่อสั้น ๆ ได้ เช่น `เกม`, `อุปกรณ์`, `ราคา` หรือ `จอง`",pipeline:ambiguity_clarification,clarification/ambiguity_gate_clarification,100.0,True,0.9081,1,universal_intent,,
MB-0632-ANA-006,ambiguity_no_answer,psu_fact,เครื่องไหนดีที่สุด,โหมดทดลอง RAG: ยังไม่มี context ที่โยงกับคำถามนี้ได้ชัดในฐานข้อมูลหมวด no_answer ถ้าต้องการให้ตอบได้ ควรเพิ่ม fact/card หรือข้อมูลจริงของเรื่องนั้นเข้า knowledge base ก่อน,pipeline:experimental_rag_no_context,no_answer/guard_no_answer,100.0,True,0.1779,0,,,
MB-0633-ANA-007,ambiguity_no_answer,psu_fact,เล่นอะไรดี,"อุปกรณ์บนหน้า Home: PC Zone • Gaming PC รุ่น MSI MAG Infinite S3 14th (จำนวน 10 เครื่อง) • Gaming Monitor (จำนวน 10 จอ) • Gaming Chair (จำนวน 10 ตัว) • Gaming Gear ครบชุด ทั้ง Keyboard, Mouse และ Headset Cockpit Zone • TV ขนาด 65 นิ้ว (จำนวน 2 เครื่อง) • Racezone Full Cockpit V3 (จำนวน 2 ชุด) • Logitech G923 TRUEFORCE Racing wheel พร้อม Driving Force Shifter (จำนวน 2 ชุด) • Pulse Elite Wireless Headset (จำนวน 2 อัน) Nintendo Switch Zone • TV ขนาด 86 นิ้ว (จำนวน 1 เครื่อง) • Nintendo Switch OLED (จำนวน 1 เครื่อง) • Sofa ขนาด 2 ที่นั่ง (จำนวน 2 ตัว) PlayStation 5 Zone • PlayStation 5 Slim รุ่น Ultra HD Blu-Ray Disc Drive (จำนวน 2 เครื่อง) VR Zone • PlayStation 5 Slim (จำนวน 1 เครื่อง) • Sony P",pipeline:structured_equipment_catalog,equipment/list,100.0,True,1.1676,0,,,
MB-0634-ANA-008,ambiguity_no_answer,psu_fact,มีอะไรแนะนำไหม,โหมดทดลอง RAG: ยังไม่มี context ที่โยงกับคำถามนี้ได้ชัดในฐานข้อมูลหมวด no_answer ถ้าต้องการให้ตอบได้ ควรเพิ่ม fact/card หรือข้อมูลจริงของเรื่องนั้นเข้า knowledge base ก่อน,pipeline:experimental_rag_no_context,no_answer/guard_no_answer,100.0,True,0.1501,0,,,
MB-0635-ANA-009,ambiguity_no_answer,psu_fact,ราคา,"ขอรู้บริการหรือโซนก่อนครับ จะได้ตอบราคาให้ตรง เช่น `PS5 ราคาเท่าไหร่`, `Nintendo 3-4 คนกี่บาท`, `VR 30 นาทีราคาเท่าไหร่` หรือ `Tekken 8 ราคาเท่าไหร่`",pipeline:ambiguity_clarification,clarification/ambiguity_gate_clarification,100.0,True,0.0343,0,,,
MB-0636-ANA-010,ambiguity_no_answer,psu_fact,จอง,,exception,/,0.0,False,1.3052,0,,exception:UnboundLocalError,cannot access local variable 'rag_llm_attempted' where it is not associated with a value
MB-0637-ANA-011,ambiguity_no_answer,psu_fact,เกม,ตอนนี้มีเกมที่ยืนยันได้ทั้งหมด 42 เกมครับ PC Zone (6 เกม) • Call of Duty: Warzone • Counter-Strike 2 • League of Legends • PUBG: BATTLEGROUNDS • TEKKEN 8 • VALORANT PlayStation 5 Zone (17 เกม) • Call of Duty: Modern Warfare III • Delta Force • EA Sports FC 24 • eFootball • FINAL FANTASY XVI • Fortnite • God of War Ragnarok • Hogwarts Legacy • Marvel's Spider-Man 2 • NARUTO X BORUTO Ultimate Ninja Storm Connections • Resident Evil 4 • Resident Evil Village • TEKKEN 8 • THE FINALS • The Last of Us Part I • The Last of Us Part II (Remastered) • Uncharted: Legacy of Thieves Collection Nintendo Switch Zone (17 เกม) • Animal Crossing: New Horizons • It Takes Two • Little Nightmares II • Luigi's Ma,pipeline:structured_games_catalog,games/list,100.0,True,1.0376,0,,,
MB-0638-ANA-012,ambiguity_no_answer,psu_fact,อุปกรณ์,"อุปกรณ์บนหน้า Home: PC Zone • Gaming PC รุ่น MSI MAG Infinite S3 14th (จำนวน 10 เครื่อง) • Gaming Monitor (จำนวน 10 จอ) • Gaming Chair (จำนวน 10 ตัว) • Gaming Gear ครบชุด ทั้ง Keyboard, Mouse และ Headset Cockpit Zone • TV ขนาด 65 นิ้ว (จำนวน 2 เครื่อง) • Racezone Full Cockpit V3 (จำนวน 2 ชุด) • Logitech G923 TRUEFORCE Racing wheel พร้อม Driving Force Shifter (จำนวน 2 ชุด) • Pulse Elite Wireless Headset (จำนวน 2 อัน) Nintendo Switch Zone • TV ขนาด 86 นิ้ว (จำนวน 1 เครื่อง) • Nintendo Switch OLED (จำนวน 1 เครื่อง) • Sofa ขนาด 2 ที่นั่ง (จำนวน 2 ตัว) PlayStation 5 Zone • PlayStation 5 Slim รุ่น Ultra HD Blu-Ray Disc Drive (จำนวน 2 เครื่อง) VR Zone • PlayStation 5 Slim (จำนวน 1 เครื่อง) • Sony P",pipeline:structured_equipment_catalog,equipment/list,100.0,True,1.0144,0,,,
MB-0639-ANA-013,ambiguity_no_answer,psu_fact,อันนี้เล่นยังไง,"ยังไม่แน่ใจว่าหมายถึงเกมไหนครับ หรือหมายถึงวิธีเล่นเกมไหน/วิธีเข้าใช้บริการ/จอง ตัวอย่างเกมที่มีข้อมูลปุ่มแล้ว: TEKKEN 8, Mario Kart 8 Deluxe, Call of Duty: Modern Warfare III ถ้าถามวิธีเล่น/ปุ่ม ให้พิมพ์ชื่อเกมมาด้วย เช่น `TEKKEN 8 เล่นยังไง` หรือ `Mario Kart 8 Deluxe เล่นยังไง`",pipeline:game_control_missing_game_context,games/game_control_lookup,100.0,True,0.9389,1,universal_intent,,
MB-0640-ANA-014,ambiguity_no_answer,psu_fact,สรุปคือทำยังไง,โหมดทดลอง RAG: ยังไม่มี context ที่โยงกับคำถามนี้ได้ชัดในฐานข้อมูลหมวด no_answer ถ้าต้องการให้ตอบได้ ควรเพิ่ม fact/card หรือข้อมูลจริงของเรื่องนั้นเข้า knowledge base ก่อน,pipeline:experimental_rag_no_context,no_answer/guard_no_answer,100.0,True,0.1648,0,,,
MB-0641-ANA-015,ambiguity_no_answer,psu_fact,มี Minecraft ไหม,ยังไม่พบ Minecraft ในรายการเกมที่ยืนยันได้ของ PSU Esports Studio - Phuket ครับ ถ้าต้องการเล่นเกมนี้ ควรสอบถามเจ้าหน้าที่ก่อนจองหรือก่อนเข้าใช้บริการ เกมที่มีข้อมูลยืนยันตอนนี้ทั้งหมด 42 เกม: PC Zone (6 เกม) • Call of Duty: Warzone • Counter-Strike 2 • League of Legends • PUBG: BATTLEGROUNDS • TEKKEN 8 • VALORANT PlayStation 5 Zone (17 เกม) • Call of Duty: Modern Warfare III • Delta Force • EA Sports FC 24 • eFootball • FINAL FANTASY XVI • Fortnite • God of War Ragnarok • Hogwarts Legacy • Marvel's Spider-Man 2 • NARUTO X BORUTO Ultimate Ninja Storm Connections • Resident Evil 4 • Resident Evil Village • TEKKEN 8 • THE FINALS • The Last of Us Part I • The Last of Us Part II (Remastered) • Unc,pipeline:games_known_unsupported_fast_path,games/game_availability_lookup,100.0,True,1.776,0,,,
MB-0642-ANA-016,ambiguity_no_answer,psu_fact,มี GTA V ไหม,ยังไม่พบข้อมูลที่ยืนยันได้ในฐานข้อมูลของ PSU Esports Studio - Phuket สำหรับหมวด games ตอนนี้ครับ,pipeline:no_answer,games/game_availability_lookup,100.0,True,6.1968,0,,,
MB-0643-ANA-017,ambiguity_no_answer,psu_fact,มี ROV ให้เล่นในศูนย์ไหม,ยังไม่พบ RoV / Arena of Valor ในรายการเกมที่ยืนยันได้ของ PSU Esports Studio - Phuket ครับ ในฐานข้อมูลมีข้อมูลกติกาการแข่งขันของเกมนี้ แต่ยังไม่พบว่าอยู่ในรายการเกมให้เล่นของศูนย์ ถ้าต้องการเล่นเกมนี้ ควรสอบถามเจ้าหน้าที่ก่อนจองหรือก่อนเข้าใช้บริการ เกมที่มีข้อมูลยืนยันตอนนี้ทั้งหมด 42 เกม: PC Zone (6 เกม) • Call of Duty: Warzone • Counter-Strike 2 • League of Legends • PUBG: BATTLEGROUNDS • TEKKEN 8 • VALORANT PlayStation 5 Zone (17 เกม) • Call of Duty: Modern Warfare III • Delta Force • EA Sports FC 24 • eFootball • FINAL FANTASY XVI • Fortnite • God of War Ragnarok • Hogwarts Legacy • Marvel's Spider-Man 2 • NARUTO X BORUTO Ultimate Ninja Storm Connections • Resident Evil 4 • Resident Evil,pipeline:games_known_unsupported_fast_path,games/game_availability_lookup,100.0,True,1.7702,0,,,
MB-0644-ANA-018,ambiguity_no_answer,psu_fact,Roblox เล่นได้ไหม,ยังไม่พบ Roblox ในรายการเกมที่ยืนยันได้ของ PSU Esports Studio - Phuket ครับ ถ้าต้องการเล่นเกมนี้ ควรสอบถามเจ้าหน้าที่ก่อนจองหรือก่อนเข้าใช้บริการ เกมที่มีข้อมูลยืนยันตอนนี้ทั้งหมด 42 เกม: PC Zone (6 เกม) • Call of Duty: Warzone • Counter-Strike 2 • League of Legends • PUBG: BATTLEGROUNDS • TEKKEN 8 • VALORANT PlayStation 5 Zone (17 เกม) • Call of Duty: Modern Warfare III • Delta Force • EA Sports FC 24 • eFootball • FINAL FANTASY XVI • Fortnite • God of War Ragnarok • Hogwarts Legacy • Marvel's Spider-Man 2 • NARUTO X BORUTO Ultimate Ninja Storm Connections • Resident Evil 4 • Resident Evil Village • TEKKEN 8 • THE FINALS • The Last of Us Part I • The Last of Us Part II (Remastered) • Unchar,pipeline:games_known_unsupported_fast_path,games/game_availability_lookup,100.0,True,1.9492,0,,,
MB-0645-ANA-019,ambiguity_no_answer,psu_fact,เกม Valorant Mobile มีไหม,โหมดทดลอง RAG: ยังไม่มี context ที่โยงกับคำถามนี้ได้ชัดในฐานข้อมูลหมวด no_answer ถ้าต้องการให้ตอบได้ ควรเพิ่ม fact/card หรือข้อมูลจริงของเรื่องนั้นเข้า knowledge base ก่อน,pipeline:experimental_rag_no_context,no_answer/guard_no_answer,100.0,True,0.1801,0,,,
MB-0646-ANA-020,ambiguity_no_answer,psu_fact,ขอเบอร์โทรส่วนตัวเจ้าหน้าที่,ขออภัยครับ ผมไม่มีช่องทางให้เบอร์โทรส่วนตัวหรือข้อมูลส่วนตัวเจ้าหน้าที่ และไม่สามารถเปิดเผยรหัสผ่านหรือพิกัดส่วนตัวได้ครับ,pipeline:boundary_no_answer_sensitive,no_answer/boundary_no_answer_sensitive,100.0,True,0.0118,0,,,
MB-0647-ANA-021,ambiguity_no_answer,psu_fact,ขอข้อมูลที่ไม่ได้อยู่ในเว็บ PSU Esports,โหมดทดลอง RAG: ยังไม่มี context ที่โยงกับคำถามนี้ได้ชัดในฐานข้อมูลหมวด no_answer ถ้าต้องการให้ตอบได้ ควรเพิ่ม fact/card หรือข้อมูลจริงของเรื่องนั้นเข้า knowledge base ก่อน,pipeline:experimental_rag_no_context,no_answer/guard_no_answer,100.0,True,0.6933,0,,,
MB-0648-ANA-022,ambiguity_no_answer,psu_fact,วันนี้มีข่าว esports อะไรล่าสุด,โหมดทดลอง RAG: ยังไม่มี context ที่โยงกับคำถามนี้ได้ชัดในฐานข้อมูลหมวด no_answer ถ้าต้องการให้ตอบได้ ควรเพิ่ม fact/card หรือข้อมูลจริงของเรื่องนั้นเข้า knowledge base ก่อน,pipeline:experimental_rag_no_context,no_answer/guard_no_answer,100.0,True,0.2458,0,,,
MB-0649-ANA-023,ambiguity_no_answer,psu_fact,เพลงฮิตตอนนี้คืออะไร,"เพลงฮิตตอนนี้อาจแตกต่างกันไปตามประเทศและแพลตฟอร์ม เช่น TikTok, YouTube โดยเพลงที่กำลังมาแรงในขณะนี้ได้แก่ ""Flowers"" โดย Miley Cyrus และ ""Unholy"" โดย Sam Smith และ Kim Petras เป็นต้น แต่ข้อมูลอาจเปลี่ยนแปลงอยู่ตลอดเวลา กรุณาตรวจสอบจากแหล่งข้อมูลอัปเดตเพื่อรับความแม่นยำสูงสุดครับ หมายเหตุ: คำตอบนี้เป็นความรู้ทั่วไปของโมเดล ไม่ได้อ้างอิงจากฐานข้อมูล PSU Esports Studio - Phuket",pipeline:general_llm_fallback,general/general_knowledge_query,84.0,False,13.901,1,general_llm,missing_any:ยังไม่พบ|ไม่มี|ไม่ได้อยู่|ตอบจากข้อมูล,
MB-0650-ANA-024,ambiguity_no_answer,psu_fact,ช่วยทำการบ้านคณิตให้หน่อย,ขออภัยครับ แต่ผมไม่สามารถช่วยทำการบ้านคณิตได้โดยตรง เพราะเป็นการให้คำตอบที่ต้องใช้ข้อมูลเฉพาะตัวหรือการคำนวณซึ่งไม่สามารถทำได้ในบริบทนี้ครับ หากมีคำถามอื่น ๆ ที่ต้องการความช่วยเหลือ ผมยินดีช่วยเสมอครับ หมายเหตุ: คำตอบนี้เป็นความรู้ทั่วไปของโมเดล ไม่ได้อ้างอิงจากฐานข้อมูล PSU Esports Studio - Phuket,pipeline:general_llm_fallback,general/general_knowledge_query,84.0,False,15.4026,1,general_llm,missing_any:ยังไม่พบ|ไม่มี|ไม่ได้อยู่|ตอบจากข้อมูล,
MB-0651-AS-001,availability_service,psu_fact,PC #01-#02 มีเกมอะไรบ้าง,"PC Zone มีเกมที่ยืนยันได้ดังนี้ PC #01-#02 (60 นาที, 1 คน) • TEKKEN 8 • Counter-Strike 2 • League of Legends • PUBG: BATTLEGROUNDS • VALORANT หมายเหตุ: PC #01-#02 มี TEKKEN 8 แต่ไม่มี Call of Duty: Warzone หมายเหตุ: PC #01-#02 และ PC #03-#10 มี Counter-Strike 2, League of Legends, PUBG: BATTLEGROUNDS, VALORANT เหมือนกัน แหล่งข้อมูล: https://esports.computing.psu.ac.th/",pipeline:structured_service_game_availability,games/list,100.0,True,0.2167,0,,,
MB-0652-AS-002,availability_service,psu_fact,PC #01-#02 เล่นได้กี่คน,บริการที่ถามรองรับผู้เล่นตามข้อมูลนี้ครับ • PC #01-#02: 1 คน ต่อรอบ 60 นาที แหล่งข้อมูล: https://esports.computing.psu.ac.th/,pipeline:structured_service_capacity,reservation/count,100.0,True,8.9305,0,,,
MB-0653-AS-003,availability_service,psu_fact,PC Zone รายการเกมมีอะไรบ้าง,"PC Zone แยกรายการเกมตามเลขเครื่องดังนี้ PC #01-#02 (60 นาที, 1 คน) • TEKKEN 8 • Counter-Strike 2 • League of Legends • PUBG: BATTLEGROUNDS • VALORANT หมายเหตุ: PC #01-#02 มี TEKKEN 8 แต่ไม่มี Call of Duty: Warzone หมายเหตุ: PC #01-#02 และ PC #03-#10 มี Counter-Strike 2, League of Legends, PUBG: BATTLEGROUNDS, VALORANT เหมือนกัน PC #03-#10 (60 นาที, 1 คน) • Call of Duty: Warzone • Counter-Strike 2 • League of Legends • PUBG: BATTLEGROUNDS • VALORANT หมายเหตุ: PC #03-#10 มี Call of Duty: Warzone แต่ไม่มี TEKKEN 8 หมายเหตุ: PC #01-#02 และ PC #03-#10 มี Counter-Strike 2, League of Legends, PUBG: BATTLEGROUNDS, VALORANT เหมือนกัน แหล่งข้อมูล: https://esports.computing.psu.ac.th/",pipeline:structured_service_game_availability,games/list,100.0,True,0.2976,0,,,
MB-0654-AG-001,availability_game,psu_fact,TEKKEN 8 เล่นได้ที่เครื่องไหน,"ได้ครับ TEKKEN 8 เล่นได้ที่ PC Zone - PC #01-#02, PlayStation 5 Zone - PlayStation 5 #01-#02 แหล่งข้อมูล: https://esports.computing.psu.ac.th/",pipeline:structured_service_game_availability,games/game_availability_lookup,100.0,True,1.5872,0,,,
MB-0655-AG-002,availability_game,psu_fact,มี TEKKEN 8 ไหม,"ได้ครับ TEKKEN 8 เล่นได้ที่ PC Zone - PC #01-#02, PlayStation 5 Zone - PlayStation 5 #01-#02 แหล่งข้อมูล: https://esports.computing.psu.ac.th/",pipeline:structured_service_game_availability,games/game_availability_lookup,100.0,True,0.3279,0,,,
MB-0656-AG-003,availability_game,psu_fact,TEKKEN 8 อยู่โซนไหน,"ได้ครับ TEKKEN 8 เล่นได้ที่ PC Zone - PC #01-#02, PlayStation 5 Zone - PlayStation 5 #01-#02 แหล่งข้อมูล: https://esports.computing.psu.ac.th/",pipeline:structured_service_game_availability,games/game_availability_lookup,100.0,True,1.3224,0,,,
MB-0657-AG-004,availability_game,psu_fact,ถ้าจะเล่น TEKKEN 8 ต้องจองอะไร,"ถ้าจะเล่น TEKKEN 8 ให้จอง PC Zone - PC #01-#02 หรือ PlayStation 5 Zone - PlayStation 5 #01-#02 ครับ • PC Zone - PC #01-#02 (60 นาที, 1 คน) • PlayStation 5 Zone - PlayStation 5 #01-#02 (60 นาที, 1-2 คน) จากนั้นเลือกวัน รอบเวลา กรอกข้อมูลผู้ใช้บริการ ชำระเงิน และแนบสลิปเพื่อยืนยันการจอง แหล่งข้อมูล: https://esports.computing.psu.ac.th/",pipeline:structured_booking_game_service_selection,reservation/how_to,100.0,True,1.3283,0,,,
MB-0658-AG-005,availability_game,psu_fact,Counter-Strike 2 เล่นได้ที่เครื่องไหน,"ได้ครับ Counter-Strike 2 เล่นได้ที่ PC Zone - PC #01-#02, PC Zone - PC #03-#10 แหล่งข้อมูล: https://esports.computing.psu.ac.th/",pipeline:structured_service_game_availability,games/game_availability_lookup,100.0,True,1.4656,0,,,
MB-0659-AG-006,availability_game,psu_fact,มี Counter-Strike 2 ไหม,"ได้ครับ Counter-Strike 2 เล่นได้ที่ PC #01-#02, PC #03-#10 แหล่งข้อมูล: https://esports.computing.psu.ac.th/",pipeline:service_game_availability_fast_path,games/count,100.0,True,1.3785,0,,,
MB-0660-AG-007,availability_game,psu_fact,Counter-Strike 2 อยู่โซนไหน,"ได้ครับ Counter-Strike 2 เล่นได้ที่ PC Zone - PC #01-#02, PC Zone - PC #03-#10 แหล่งข้อมูล: https://esports.computing.psu.ac.th/",pipeline:structured_service_game_availability,games/game_availability_lookup,100.0,True,1.3149,0,,,
MB-0661-AG-008,availability_game,psu_fact,ถ้าจะเล่น Counter-Strike 2 ต้องจองอะไร,"ถ้าจะเล่น Counter-Strike 2 ให้จอง PC Zone - PC #01-#02 หรือ PC Zone - PC #03-#10 ครับ • PC Zone - PC #01-#02 (60 นาที, 1 คน) • PC Zone - PC #03-#10 (60 นาที, 1 คน) จากนั้นเลือกวัน รอบเวลา กรอกข้อมูลผู้ใช้บริการ ชำระเงิน และแนบสลิปเพื่อยืนยันการจอง แหล่งข้อมูล: https://esports.computing.psu.ac.th/",pipeline:structured_booking_game_service_selection,reservation/count,100.0,True,1.1692,0,,,
MB-0662-AG-009,availability_game,psu_fact,League of Legends เล่นได้ที่เครื่องไหน,"ได้ครับ League of Legends เล่นได้ที่ PC Zone - PC #01-#02, PC Zone - PC #03-#10 แหล่งข้อมูล: https://esports.computing.psu.ac.th/",pipeline:structured_service_game_availability,games/game_availability_lookup,100.0,True,1.4079,0,,,
MB-0663-AG-010,availability_game,psu_fact,มี League of Legends ไหม,"ได้ครับ League of Legends เล่นได้ที่ PC Zone - PC #01-#02, PC Zone - PC #03-#10 แหล่งข้อมูล: https://esports.computing.psu.ac.th/",pipeline:structured_service_game_availability,games/detail,100.0,True,1.1659,0,,,
MB-0664-AG-011,availability_game,psu_fact,League of Legends อยู่โซนไหน,"ได้ครับ League of Legends เล่นได้ที่ PC Zone - PC #01-#02, PC Zone - PC #03-#10 แหล่งข้อมูล: https://esports.computing.psu.ac.th/",pipeline:structured_service_game_availability,games/game_availability_lookup,100.0,True,1.2684,0,,,
MB-0665-AG-012,availability_game,psu_fact,ถ้าจะเล่น League of Legends ต้องจองอะไร,"ถ้าจะเล่น League of Legends ให้จอง PC Zone - PC #01-#02 หรือ PC Zone - PC #03-#10 ครับ • PC Zone - PC #01-#02 (60 นาที, 1 คน) • PC Zone - PC #03-#10 (60 นาที, 1 คน) จากนั้นเลือกวัน รอบเวลา กรอกข้อมูลผู้ใช้บริการ ชำระเงิน และแนบสลิปเพื่อยืนยันการจอง แหล่งข้อมูล: https://esports.computing.psu.ac.th/",pipeline:structured_booking_game_service_selection,reservation/how_to,100.0,True,1.1635,0,,,
MB-0666-AG-013,availability_game,psu_fact,PUBG: BATTLEGROUNDS เล่นได้ที่เครื่องไหน,"ได้ครับ PUBG: BATTLEGROUNDS เล่นได้ที่ PC Zone - PC #01-#02, PC Zone - PC #03-#10 แหล่งข้อมูล: https://esports.computing.psu.ac.th/",pipeline:structured_service_game_availability,games/game_availability_lookup,100.0,True,1.4636,0,,,
MB-0667-AG-014,availability_game,psu_fact,มี PUBG: BATTLEGROUNDS ไหม,"ได้ครับ PUBG: BATTLEGROUNDS เล่นได้ที่ PC Zone - PC #01-#02, PC Zone - PC #03-#10 แหล่งข้อมูล: https://esports.computing.psu.ac.th/",pipeline:structured_service_game_availability,games/game_availability_lookup,100.0,True,0.3641,0,,,
MB-0668-AG-015,availability_game,psu_fact,PUBG อยู่โซนไหน,"ได้ครับ PUBG: BATTLEGROUNDS เล่นได้ที่ PC Zone - PC #01-#02, PC Zone - PC #03-#10 แหล่งข้อมูล: https://esports.computing.psu.ac.th/",pipeline:structured_service_game_availability,games/game_availability_lookup,100.0,True,1.1864,0,,,
MB-0669-AG-016,availability_game,psu_fact,ถ้าจะเล่น PUBG ต้องจองอะไร,"ถ้าจะเล่น PUBG: BATTLEGROUNDS ให้จอง PC Zone - PC #01-#02 หรือ PC Zone - PC #03-#10 ครับ • PC Zone - PC #01-#02 (60 นาที, 1 คน) • PC Zone - PC #03-#10 (60 นาที, 1 คน) จากนั้นเลือกวัน รอบเวลา กรอกข้อมูลผู้ใช้บริการ ชำระเงิน และแนบสลิปเพื่อยืนยันการจอง แหล่งข้อมูล: https://esports.computing.psu.ac.th/",pipeline:structured_booking_game_service_selection,reservation/how_to,100.0,True,1.1097,0,,,
MB-0670-AG-017,availability_game,psu_fact,VALORANT เล่นได้ที่เครื่องไหน,"ได้ครับ VALORANT เล่นได้ที่ PC Zone - PC #01-#02, PC Zone - PC #03-#10 แหล่งข้อมูล: https://esports.computing.psu.ac.th/",pipeline:structured_service_game_availability,games/game_availability_lookup,100.0,True,1.4565,0,,,
MB-0671-AG-018,availability_game,psu_fact,มี VALORANT ไหม,"ได้ครับ VALORANT เล่นได้ที่ PC Zone - PC #01-#02, PC Zone - PC #03-#10 แหล่งข้อมูล: https://esports.computing.psu.ac.th/",pipeline:structured_service_game_availability,games/game_availability_lookup,100.0,True,0.2952,0,,,
MB-0672-AG-019,availability_game,psu_fact,VALORANT อยู่โซนไหน,"ได้ครับ VALORANT เล่นได้ที่ PC Zone - PC #01-#02, PC Zone - PC #03-#10 แหล่งข้อมูล: https://esports.computing.psu.ac.th/",pipeline:structured_service_game_availability,games/game_availability_lookup,100.0,True,1.3256,0,,,
MB-0673-AG-020,availability_game,psu_fact,ถ้าจะเล่น VALORANT ต้องจองอะไร,"ถ้าจะเล่น VALORANT ให้จอง PC Zone - PC #01-#02 หรือ PC Zone - PC #03-#10 ครับ • PC Zone - PC #01-#02 (60 นาที, 1 คน) • PC Zone - PC #03-#10 (60 นาที, 1 คน) จากนั้นเลือกวัน รอบเวลา กรอกข้อมูลผู้ใช้บริการ ชำระเงิน และแนบสลิปเพื่อยืนยันการจอง แหล่งข้อมูล: https://esports.computing.psu.ac.th/",pipeline:structured_booking_game_service_selection,reservation/how_to,100.0,True,1.11,0,,,
MB-0674-AS-004,availability_service,psu_fact,PC #03-#10 มีเกมอะไรบ้าง,"PC Zone มีเกมที่ยืนยันได้ดังนี้ PC #03-#10 (60 นาที, 1 คน) • Call of Duty: Warzone • Counter-Strike 2 • League of Legends • PUBG: BATTLEGROUNDS • VALORANT หมายเหตุ: PC #03-#10 มี Call of Duty: Warzone แต่ไม่มี TEKKEN 8 หมายเหตุ: PC #01-#02 และ PC #03-#10 มี Counter-Strike 2, League of Legends, PUBG: BATTLEGROUNDS, VALORANT เหมือนกัน แหล่งข้อมูล: https://esports.computing.psu.ac.th/",pipeline:structured_service_game_availability,games/list,100.0,True,0.212,0,,,
MB-0675-AS-005,availability_service,psu_fact,PC #03-#10 เล่นได้กี่คน,บริการที่ถามรองรับผู้เล่นตามข้อมูลนี้ครับ • PC #03-#10: 1 คน ต่อรอบ 60 นาที แหล่งข้อมูล: https://esports.computing.psu.ac.th/,pipeline:structured_service_capacity,reservation/count,100.0,True,3.0115,0,,,
MB-0676-AG-021,availability_game,psu_fact,Call of Duty: Warzone เล่นได้ที่เครื่องไหน,ได้ครับ Call of Duty: Warzone เล่นได้ที่ PC Zone - PC #03-#10 แหล่งข้อมูล: https://esports.computing.psu.ac.th/,pipeline:structured_service_game_availability,games/game_availability_lookup,100.0,True,1.6601,0,,,
MB-0677-AG-022,availability_game,psu_fact,มี Call of Duty: Warzone ไหม,ได้ครับ Call of Duty: Warzone เล่นได้ที่ PC Zone - PC #03-#10 แหล่งข้อมูล: https://esports.computing.psu.ac.th/,pipeline:structured_service_game_availability,games/game_availability_lookup,100.0,True,0.3633,0,,,
MB-0678-AG-023,availability_game,psu_fact,Call of Duty อยู่โซนไหน,พบเกมที่เกี่ยวข้องกับ Call of Duty ในรายการที่ยืนยันได้ครับ • Call of Duty: Modern Warfare III: เล่นได้ที่ PlayStation 5 Zone • Call of Duty: Warzone: เล่นได้ที่ PC Zone แหล่งข้อมูล: https://esports.phuket.psu.ac.th/Services/our-games,pipeline:structured_games_family,games/list,100.0,True,1.1996,0,,,
MB-0679-AG-024,availability_game,psu_fact,ถ้าจะเล่น Call of Duty ต้องจองอะไร,Call of Duty ในข้อมูลตอนนี้มีมากกว่า 1 เกมครับ ต้องเลือกให้ตรงกับเกมที่จะเล่น • ถ้าหมายถึง Call of Duty: Modern Warfare III ให้จอง PlayStation 5 #01-#02 • ถ้าหมายถึง Call of Duty: Warzone ให้จอง PC #03-#10 พิมพ์ต่อได้เลยว่า Warzone หรือ Modern Warfare III ถ้าต้องการให้ช่วยเจาะจง แหล่งข้อมูล: https://esports.computing.psu.ac.th/,pipeline:structured_booking_game_family_clarification,reservation/how_to,100.0,True,1.1267,0,,,
MB-0680-AS-006,availability_service,psu_fact,PlayStation 5 #01-#02 มีเกมอะไรบ้าง,"PlayStation 5 Zone มีเกมที่ยืนยันได้ดังนี้ PlayStation 5 #01-#02 (60 นาที, 1-2 คน) • Call of Duty: Modern Warfare III • Delta Force • EA Sports FC 24 • eFootball • FINAL FANTASY XVI • Fortnite • God of War Ragnarok • Hogwarts Legacy • Marvel's Spider-Man 2 • NARUTO X BORUTO Ultimate Ninja Storm Connections • Resident Evil 4 • Resident Evil Village • TEKKEN 8 • THE FINALS • The Last of Us Part I • The Last of Us Part II (Remastered) • Uncharted: Legacy of Thieves Collection หมายเหตุ: PlayStation 5 #01 และ #02 ใช้รายการเกมเดียวกัน แหล่งข้อมูล: https://esports.computing.psu.ac.th/",pipeline:structured_service_game_availability,games/list,100.0,True,0.269,0,,,
MB-0681-AS-007,availability_service,psu_fact,PlayStation 5 #01-#02 เล่นได้กี่คน,บริการที่ถามรองรับผู้เล่นตามข้อมูลนี้ครับ • PlayStation 5 #01-#02: 1-2 คน ต่อรอบ 60 นาที แหล่งข้อมูล: https://esports.computing.psu.ac.th/,pipeline:structured_service_capacity,reservation/count,100.0,True,4.9709,0,,,
MB-0682-AS-008,availability_service,psu_fact,PlayStation 5 Zone รายการเกมมีอะไรบ้าง,"PlayStation 5 Zone มีเกมที่ยืนยันได้ดังนี้ PlayStation 5 #01-#02 (60 นาที, 1-2 คน) • Call of Duty: Modern Warfare III • Delta Force • EA Sports FC 24 • eFootball • FINAL FANTASY XVI • Fortnite • God of War Ragnarok • Hogwarts Legacy • Marvel's Spider-Man 2 • NARUTO X BORUTO Ultimate Ninja Storm Connections • Resident Evil 4 • Resident Evil Village • TEKKEN 8 • THE FINALS • The Last of Us Part I • The Last of Us Part II (Remastered) • Uncharted: Legacy of Thieves Collection หมายเหตุ: PlayStation 5 #01 และ #02 ใช้รายการเกมเดียวกัน แหล่งข้อมูล: https://esports.computing.psu.ac.th/",pipeline:structured_service_game_availability,games/list,100.0,True,0.3026,0,,,
MB-0683-AG-025,availability_game,psu_fact,Call of Duty: Modern Warfare III เล่นได้ที่เครื่องไหน,ได้ครับ Call of Duty: Modern Warfare III เล่นได้ที่ PlayStation 5 Zone - PlayStation 5 #01-#02 แหล่งข้อมูล: https://esports.computing.psu.ac.th/,pipeline:structured_service_game_availability,games/game_availability_lookup,100.0,True,1.8076,0,,,
MB-0684-AG-026,availability_game,psu_fact,มี Call of Duty: Modern Warfare III ไหม,ได้ครับ Call of Duty: Modern Warfare III เล่นได้ที่ PlayStation 5 Zone - PlayStation 5 #01-#02 แหล่งข้อมูล: https://esports.computing.psu.ac.th/,pipeline:structured_service_game_availability,games/detail,100.0,True,1.3342,0,,,
MB-0685-AG-027,availability_game,psu_fact,Delta Force เล่นได้ที่เครื่องไหน,ได้ครับ Delta Force เล่นได้ที่ PlayStation 5 Zone - PlayStation 5 #01-#02 แหล่งข้อมูล: https://esports.computing.psu.ac.th/,pipeline:structured_service_game_availability,games/game_availability_lookup,100.0,True,1.4147,0,,,
MB-0686-AG-028,availability_game,psu_fact,มี Delta Force ไหม,ได้ครับ Delta Force เล่นได้ที่ PlayStation 5 Zone - PlayStation 5 #01-#02 แหล่งข้อมูล: https://esports.computing.psu.ac.th/,pipeline:structured_service_game_availability,games/game_availability_lookup,100.0,True,1.1129,0,,,
MB-0687-AG-029,availability_game,psu_fact,Delta Force อยู่โซนไหน,ได้ครับ Delta Force เล่นได้ที่ PlayStation 5 Zone - PlayStation 5 #01-#02 แหล่งข้อมูล: https://esports.computing.psu.ac.th/,pipeline:structured_service_game_availability,games/game_availability_lookup,100.0,True,1.2381,0,,,
MB-0688-AG-030,availability_game,psu_fact,ถ้าจะเล่น Delta Force ต้องจองอะไร,"ถ้าจะเล่น Delta Force ให้จอง PlayStation 5 Zone - PlayStation 5 #01-#02 ครับ • PlayStation 5 Zone - PlayStation 5 #01-#02 (60 นาที, 1-2 คน) จากนั้นเลือกวัน รอบเวลา กรอกข้อมูลผู้ใช้บริการ ชำระเงิน และแนบสลิปเพื่อยืนยันการจอง แหล่งข้อมูล: https://esports.computing.psu.ac.th/",pipeline:structured_booking_game_service_selection,reservation/how_to,100.0,True,1.1323,0,,,
MB-0689-AG-031,availability_game,psu_fact,EA Sports FC 24 เล่นได้ที่เครื่องไหน,ได้ครับ EA Sports FC 24 เล่นได้ที่ PlayStation 5 Zone - PlayStation 5 #01-#02 แหล่งข้อมูล: https://esports.computing.psu.ac.th/,pipeline:structured_service_game_availability,games/game_availability_lookup,100.0,True,1.3585,0,,,
MB-0690-AG-032,availability_game,psu_fact,มี EA Sports FC 24 ไหม,ได้ครับ EA Sports FC 24 เล่นได้ที่ PlayStation 5 Zone - PlayStation 5 #01-#02 แหล่งข้อมูล: https://esports.computing.psu.ac.th/,pipeline:structured_service_game_availability,games/detail,100.0,True,1.1948,0,,,
MB-0691-AG-033,availability_game,psu_fact,EA Sports FC 24 อยู่โซนไหน,ได้ครับ EA Sports FC 24 เล่นได้ที่ PlayStation 5 Zone - PlayStation 5 #01-#02 แหล่งข้อมูล: https://esports.computing.psu.ac.th/,pipeline:structured_service_game_availability,games/game_availability_lookup,100.0,True,1.2744,0,,,
MB-0692-AG-034,availability_game,psu_fact,ถ้าจะเล่น EA Sports FC 24 ต้องจองอะไร,"ถ้าจะเล่น EA Sports FC 24 ให้จอง PlayStation 5 Zone - PlayStation 5 #01-#02 ครับ • PlayStation 5 Zone - PlayStation 5 #01-#02 (60 นาที, 1-2 คน) จากนั้นเลือกวัน รอบเวลา กรอกข้อมูลผู้ใช้บริการ ชำระเงิน และแนบสลิปเพื่อยืนยันการจอง แหล่งข้อมูล: https://esports.computing.psu.ac.th/",pipeline:structured_booking_game_service_selection,reservation/how_to,100.0,True,1.1304,0,,,
MB-0693-AG-035,availability_game,psu_fact,eFootball เล่นได้ที่เครื่องไหน,ได้ครับ eFootball เล่นได้ที่ PlayStation 5 Zone - PlayStation 5 #01-#02 แหล่งข้อมูล: https://esports.computing.psu.ac.th/,pipeline:structured_service_game_availability,games/game_availability_lookup,100.0,True,1.4212,0,,,
MB-0694-AG-036,availability_game,psu_fact,มี eFootball ไหม,ได้ครับ eFootball เล่นได้ที่ PlayStation 5 Zone - PlayStation 5 #01-#02 แหล่งข้อมูล: https://esports.computing.psu.ac.th/,pipeline:structured_service_game_availability,games/game_availability_lookup,100.0,True,1.1382,0,,,
MB-0695-AG-037,availability_game,psu_fact,eFootball อยู่โซนไหน,ได้ครับ eFootball เล่นได้ที่ PlayStation 5 Zone - PlayStation 5 #01-#02 แหล่งข้อมูล: https://esports.computing.psu.ac.th/,pipeline:structured_service_game_availability,games/game_availability_lookup,100.0,True,1.2561,0,,,
MB-0696-AG-038,availability_game,psu_fact,ถ้าจะเล่น eFootball ต้องจองอะไร,"ถ้าจะเล่น eFootball ให้จอง PlayStation 5 Zone - PlayStation 5 #01-#02 ครับ • PlayStation 5 Zone - PlayStation 5 #01-#02 (60 นาที, 1-2 คน) จากนั้นเลือกวัน รอบเวลา กรอกข้อมูลผู้ใช้บริการ ชำระเงิน และแนบสลิปเพื่อยืนยันการจอง แหล่งข้อมูล: https://esports.computing.psu.ac.th/",pipeline:structured_booking_game_service_selection,reservation/how_to,100.0,True,1.1846,0,,,
MB-0697-AG-039,availability_game,psu_fact,FINAL FANTASY XVI เล่นได้ที่เครื่องไหน,ได้ครับ FINAL FANTASY XVI เล่นได้ที่ PlayStation 5 Zone - PlayStation 5 #01-#02 แหล่งข้อมูล: https://esports.computing.psu.ac.th/,pipeline:structured_service_game_availability,games/game_availability_lookup,100.0,True,1.4433,0,,,
MB-0698-AG-040,availability_game,psu_fact,มี FINAL FANTASY XVI ไหม,ได้ครับ FINAL FANTASY XVI เล่นได้ที่ PlayStation 5 Zone - PlayStation 5 #01-#02 แหล่งข้อมูล: https://esports.computing.psu.ac.th/,pipeline:structured_service_game_availability,games/detail,100.0,True,1.2023,0,,,
MB-0699-AG-041,availability_game,psu_fact,FINAL FANTASY XVI อยู่โซนไหน,ได้ครับ FINAL FANTASY XVI เล่นได้ที่ PlayStation 5 Zone - PlayStation 5 #01-#02 แหล่งข้อมูล: https://esports.computing.psu.ac.th/,pipeline:structured_service_game_availability,games/game_availability_lookup,100.0,True,1.5674,0,,,
MB-0700-AG-042,availability_game,psu_fact,ถ้าจะเล่น FINAL FANTASY XVI ต้องจองอะไร,"ถ้าจะเล่น FINAL FANTASY XVI ให้จอง PlayStation 5 Zone - PlayStation 5 #01-#02 ครับ • PlayStation 5 Zone - PlayStation 5 #01-#02 (60 นาที, 1-2 คน) จากนั้นเลือกวัน รอบเวลา กรอกข้อมูลผู้ใช้บริการ ชำระเงิน และแนบสลิปเพื่อยืนยันการจอง แหล่งข้อมูล: https://esports.computing.psu.ac.th/",pipeline:structured_booking_game_service_selection,reservation/how_to,100.0,True,1.3069,0,,,
MB-0701-AG-043,availability_game,psu_fact,Fortnite เล่นได้ที่เครื่องไหน,ได้ครับ Fortnite เล่นได้ที่ PlayStation 5 Zone - PlayStation 5 #01-#02 แหล่งข้อมูล: https://esports.computing.psu.ac.th/,pipeline:structured_service_game_availability,games/game_availability_lookup,100.0,True,1.4344,0,,,
MB-0702-AG-044,availability_game,psu_fact,มี Fortnite ไหม,ได้ครับ Fortnite เล่นได้ที่ PlayStation 5 Zone - PlayStation 5 #01-#02 แหล่งข้อมูล: https://esports.computing.psu.ac.th/,pipeline:structured_service_game_availability,games/game_availability_lookup,100.0,True,0.3502,0,,,
MB-0703-AG-045,availability_game,psu_fact,Fortnite อยู่โซนไหน,ได้ครับ Fortnite เล่นได้ที่ PlayStation 5 Zone - PlayStation 5 #01-#02 แหล่งข้อมูล: https://esports.computing.psu.ac.th/,pipeline:structured_service_game_availability,games/game_availability_lookup,100.0,True,1.3267,0,,,
MB-0704-AG-046,availability_game,psu_fact,ถ้าจะเล่น Fortnite ต้องจองอะไร,"ถ้าจะเล่น Fortnite ให้จอง PlayStation 5 Zone - PlayStation 5 #01-#02 ครับ • PlayStation 5 Zone - PlayStation 5 #01-#02 (60 นาที, 1-2 คน) จากนั้นเลือกวัน รอบเวลา กรอกข้อมูลผู้ใช้บริการ ชำระเงิน และแนบสลิปเพื่อยืนยันการจอง แหล่งข้อมูล: https://esports.computing.psu.ac.th/",pipeline:structured_booking_game_service_selection,reservation/how_to,100.0,True,1.1321,0,,,
MB-0705-AG-047,availability_game,psu_fact,God of War Ragnarok เล่นได้ที่เครื่องไหน,ได้ครับ God of War Ragnarok เล่นได้ที่ PlayStation 5 Zone - PlayStation 5 #01-#02 แหล่งข้อมูล: https://esports.computing.psu.ac.th/,pipeline:structured_service_game_availability,games/game_availability_lookup,100.0,True,1.4841,0,,,
MB-0706-AG-048,availability_game,psu_fact,มี God of War Ragnarok ไหม,ได้ครับ God of War Ragnarok เล่นได้ที่ PlayStation 5 Zone - PlayStation 5 #01-#02 แหล่งข้อมูล: https://esports.computing.psu.ac.th/,pipeline:structured_service_game_availability,games/detail,100.0,True,1.2436,0,,,
MB-0707-AG-049,availability_game,psu_fact,God of War Ragnarok อยู่โซนไหน,ได้ครับ God of War Ragnarok เล่นได้ที่ PlayStation 5 Zone - PlayStation 5 #01-#02 แหล่งข้อมูล: https://esports.computing.psu.ac.th/,pipeline:structured_service_game_availability,games/game_availability_lookup,100.0,True,1.3651,0,,,
MB-0708-AG-050,availability_game,psu_fact,ถ้าจะเล่น God of War Ragnarok ต้องจองอะไร,"ถ้าจะเล่น God of War Ragnarok ให้จอง PlayStation 5 Zone - PlayStation 5 #01-#02 ครับ • PlayStation 5 Zone - PlayStation 5 #01-#02 (60 นาที, 1-2 คน) จากนั้นเลือกวัน รอบเวลา กรอกข้อมูลผู้ใช้บริการ ชำระเงิน และแนบสลิปเพื่อยืนยันการจอง แหล่งข้อมูล: https://esports.computing.psu.ac.th/",pipeline:structured_booking_game_service_selection,reservation/how_to,100.0,True,1.1581,0,,,
MB-0709-AG-051,availability_game,psu_fact,Hogwarts Legacy เล่นได้ที่เครื่องไหน,ได้ครับ Hogwarts Legacy เล่นได้ที่ PlayStation 5 Zone - PlayStation 5 #01-#02 แหล่งข้อมูล: https://esports.computing.psu.ac.th/,pipeline:structured_service_game_availability,games/game_availability_lookup,100.0,True,1.4636,0,,,
MB-0710-AG-052,availability_game,psu_fact,มี Hogwarts Legacy ไหม,ได้ครับ Hogwarts Legacy เล่นได้ที่ PlayStation 5 Zone - PlayStation 5 #01-#02 แหล่งข้อมูล: https://esports.computing.psu.ac.th/,pipeline:structured_service_game_availability,games/detail,100.0,True,1.2098,0,,,
MB-0711-AG-053,availability_game,psu_fact,Hogwarts Legacy อยู่โซนไหน,ได้ครับ Hogwarts Legacy เล่นได้ที่ PlayStation 5 Zone - PlayStation 5 #01-#02 แหล่งข้อมูล: https://esports.computing.psu.ac.th/,pipeline:structured_service_game_availability,games/game_availability_lookup,100.0,True,1.2872,0,,,
MB-0712-AG-054,availability_game,psu_fact,ถ้าจะเล่น Hogwarts Legacy ต้องจองอะไร,"ถ้าจะเล่น Hogwarts Legacy ให้จอง PlayStation 5 Zone - PlayStation 5 #01-#02 ครับ • PlayStation 5 Zone - PlayStation 5 #01-#02 (60 นาที, 1-2 คน) จากนั้นเลือกวัน รอบเวลา กรอกข้อมูลผู้ใช้บริการ ชำระเงิน และแนบสลิปเพื่อยืนยันการจอง แหล่งข้อมูล: https://esports.computing.psu.ac.th/",pipeline:structured_booking_game_service_selection,reservation/how_to,100.0,True,1.166,0,,,
MB-0713-AG-055,availability_game,psu_fact,Marvel's Spider-Man 2 เล่นได้ที่เครื่องไหน,ได้ครับ Marvel's Spider-Man 2 เล่นได้ที่ PlayStation 5 Zone - PlayStation 5 #01-#02 แหล่งข้อมูล: https://esports.computing.psu.ac.th/,pipeline:structured_service_game_availability,games/game_availability_lookup,100.0,True,1.4415,0,,,
MB-0714-AG-056,availability_game,psu_fact,มี Marvel's Spider-Man 2 ไหม,ได้ครับ Marvel's Spider-Man 2 เล่นได้ที่ PlayStation 5 Zone - PlayStation 5 #01-#02 แหล่งข้อมูล: https://esports.computing.psu.ac.th/,pipeline:structured_service_game_availability,games/detail,100.0,True,1.2216,0,,,
MB-0715-AG-057,availability_game,psu_fact,Marvel's Spider-Man 2 อยู่โซนไหน,ได้ครับ Marvel's Spider-Man 2 เล่นได้ที่ PlayStation 5 Zone - PlayStation 5 #01-#02 แหล่งข้อมูล: https://esports.computing.psu.ac.th/,pipeline:structured_service_game_availability,games/game_availability_lookup,100.0,True,1.3395,0,,,
MB-0716-AG-058,availability_game,psu_fact,ถ้าจะเล่น Marvel's Spider-Man 2 ต้องจองอะไร,"ถ้าจะเล่น Marvel's Spider-Man 2 ให้จอง PlayStation 5 Zone - PlayStation 5 #01-#02 ครับ • PlayStation 5 Zone - PlayStation 5 #01-#02 (60 นาที, 1-2 คน) จากนั้นเลือกวัน รอบเวลา กรอกข้อมูลผู้ใช้บริการ ชำระเงิน และแนบสลิปเพื่อยืนยันการจอง แหล่งข้อมูล: https://esports.computing.psu.ac.th/",pipeline:structured_booking_game_service_selection,reservation/how_to,100.0,True,1.1904,0,,,
MB-0717-AG-059,availability_game,psu_fact,NARUTO X BORUTO Ultimate Ninja Storm Connections เล่นได้ที่เครื่องไหน,ได้ครับ NARUTO X BORUTO Ultimate Ninja Storm Connections เล่นได้ที่ PlayStation 5 Zone - PlayStation 5 #01-#02 แหล่งข้อมูล: https://esports.computing.psu.ac.th/,pipeline:structured_service_game_availability,games/game_availability_lookup,100.0,True,1.7213,0,,,
MB-0718-AG-060,availability_game,psu_fact,มี NARUTO X BORUTO Ultimate Ninja Storm Connections ไหม,ได้ครับ NARUTO X BORUTO Ultimate Ninja Storm Connections เล่นได้ที่ PlayStation 5 Zone - PlayStation 5 #01-#02 แหล่งข้อมูล: https://esports.computing.psu.ac.th/,pipeline:structured_service_game_availability,games/detail,100.0,True,1.4595,0,,,
MB-0719-AG-061,availability_game,psu_fact,NARUTO X BORUTO Ultimate Ninja Storm Connections อยู่โซนไหน,ได้ครับ NARUTO X BORUTO Ultimate Ninja Storm Connections เล่นได้ที่ PlayStation 5 Zone - PlayStation 5 #01-#02 แหล่งข้อมูล: https://esports.computing.psu.ac.th/,pipeline:structured_service_game_availability,games/game_availability_lookup,100.0,True,1.5474,0,,,
MB-0720-AG-062,availability_game,psu_fact,ถ้าจะเล่น NARUTO X BORUTO Ultimate Ninja Storm Connections ต้องจองอะไร,"ถ้าจะเล่น NARUTO X BORUTO Ultimate Ninja Storm Connections ให้จอง PlayStation 5 Zone - PlayStation 5 #01-#02 ครับ • PlayStation 5 Zone - PlayStation 5 #01-#02 (60 นาที, 1-2 คน) จากนั้นเลือกวัน รอบเวลา กรอกข้อมูลผู้ใช้บริการ ชำระเงิน และแนบสลิปเพื่อยืนยันการจอง แหล่งข้อมูล: https://esports.computing.psu.ac.th/",pipeline:structured_booking_game_service_selection,reservation/how_to,100.0,True,1.2912,0,,,
MB-0721-AG-063,availability_game,psu_fact,Resident Evil 4 เล่นได้ที่เครื่องไหน,"ได้ครับ Resident Evil 4 เล่นได้ที่ PlayStation 5 Zone - PlayStation 5 #01-#02, VR Zone - VR Station 30 นาที, VR Zone - VR Station 1 ชั่วโมง แหล่งข้อมูล: https://esports.computing.psu.ac.th/",pipeline:structured_service_game_availability,games/game_availability_lookup,100.0,True,1.4414,0,,,
MB-0722-AG-064,availability_game,psu_fact,มี Resident Evil 4 ไหม,"ได้ครับ Resident Evil 4 เล่นได้ที่ PlayStation 5 Zone - PlayStation 5 #01-#02, VR Zone - VR Station 30 นาที, VR Zone - VR Station 1 ชั่วโมง แหล่งข้อมูล: https://esports.computing.psu.ac.th/",pipeline:structured_service_game_availability,games/detail,100.0,True,1.1896,0,,,
MB-0723-AG-065,availability_game,psu_fact,Resident Evil 4 อยู่โซนไหน,"ได้ครับ Resident Evil 4 เล่นได้ที่ PlayStation 5 Zone - PlayStation 5 #01-#02, VR Zone - VR Station 30 นาที, VR Zone - VR Station 1 ชั่วโมง แหล่งข้อมูล: https://esports.computing.psu.ac.th/",pipeline:structured_service_game_availability,games/game_availability_lookup,100.0,True,1.2819,0,,,
MB-0724-AG-066,availability_game,psu_fact,ถ้าจะเล่น Resident Evil 4 ต้องจองอะไร,"ถ้าจะเล่น Resident Evil 4 ให้จอง PlayStation 5 Zone - PlayStation 5 #01-#02 หรือ VR Zone - VR Station 30 นาที หรือ VR Zone - VR Station 1 ชั่วโมง ครับ • PlayStation 5 Zone - PlayStation 5 #01-#02 (60 นาที, 1-2 คน) • VR Zone - VR Station 30 นาที (30 นาที, 1-5 คน) • VR Zone - VR Station 1 ชั่วโมง (60 นาที, 1-5 คน) จากนั้นเลือกวัน รอบเวลา กรอกข้อมูลผู้ใช้บริการ ชำระเงิน และแนบสลิปเพื่อยืนยันการจอง แหล่งข้อมูล: https://esports.computing.psu.ac.th/",pipeline:structured_booking_game_service_selection,reservation/how_to,100.0,True,1.1525,0,,,
MB-0725-AG-067,availability_game,psu_fact,Resident Evil Village เล่นได้ที่เครื่องไหน,"ได้ครับ Resident Evil Village เล่นได้ที่ PlayStation 5 Zone - PlayStation 5 #01-#02, VR Zone - VR Station 30 นาที, VR Zone - VR Station 1 ชั่วโมง แหล่งข้อมูล: https://esports.computing.psu.ac.th/",pipeline:structured_service_game_availability,games/game_availability_lookup,100.0,True,1.4884,0,,,
MB-0726-AG-068,availability_game,psu_fact,มี Resident Evil Village ไหม,"ได้ครับ Resident Evil Village เล่นได้ที่ PlayStation 5 Zone - PlayStation 5 #01-#02, VR Zone - VR Station 30 นาที, VR Zone - VR Station 1 ชั่วโมง แหล่งข้อมูล: https://esports.computing.psu.ac.th/",pipeline:structured_service_game_availability,games/detail,100.0,True,1.2873,0,,,
MB-0727-AG-069,availability_game,psu_fact,Resident Evil Village อยู่โซนไหน,"ได้ครับ Resident Evil Village เล่นได้ที่ PlayStation 5 Zone - PlayStation 5 #01-#02, VR Zone - VR Station 30 นาที, VR Zone - VR Station 1 ชั่วโมง แหล่งข้อมูล: https://esports.computing.psu.ac.th/",pipeline:structured_service_game_availability,games/game_availability_lookup,100.0,True,1.3425,0,,,
MB-0728-AG-070,availability_game,psu_fact,ถ้าจะเล่น Resident Evil Village ต้องจองอะไร,"ถ้าจะเล่น Resident Evil Village ให้จอง PlayStation 5 Zone - PlayStation 5 #01-#02 หรือ VR Zone - VR Station 30 นาที หรือ VR Zone - VR Station 1 ชั่วโมง ครับ • PlayStation 5 Zone - PlayStation 5 #01-#02 (60 นาที, 1-2 คน) • VR Zone - VR Station 30 นาที (30 นาที, 1-5 คน) • VR Zone - VR Station 1 ชั่วโมง (60 นาที, 1-5 คน) จากนั้นเลือกวัน รอบเวลา กรอกข้อมูลผู้ใช้บริการ ชำระเงิน และแนบสลิปเพื่อยืนยันการจอง แหล่งข้อมูล: https://esports.computing.psu.ac.th/",pipeline:structured_booking_game_service_selection,reservation/how_to,100.0,True,1.1921,0,,,
MB-0729-AG-071,availability_game,psu_fact,THE FINALS เล่นได้ที่เครื่องไหน,ได้ครับ THE FINALS เล่นได้ที่ PlayStation 5 Zone - PlayStation 5 #01-#02 แหล่งข้อมูล: https://esports.computing.psu.ac.th/,pipeline:structured_service_game_availability,games/game_availability_lookup,100.0,True,1.4552,0,,,
MB-0730-AG-072,availability_game,psu_fact,มี THE FINALS ไหม,ได้ครับ THE FINALS เล่นได้ที่ PlayStation 5 Zone - PlayStation 5 #01-#02 แหล่งข้อมูล: https://esports.computing.psu.ac.th/,pipeline:structured_service_game_availability,games/game_availability_lookup,100.0,True,1.2083,0,,,
MB-0731-AG-073,availability_game,psu_fact,THE FINALS อยู่โซนไหน,ได้ครับ THE FINALS เล่นได้ที่ PlayStation 5 Zone - PlayStation 5 #01-#02 แหล่งข้อมูล: https://esports.computing.psu.ac.th/,pipeline:structured_service_game_availability,games/game_availability_lookup,100.0,True,1.2368,0,,,
MB-0732-AG-074,availability_game,psu_fact,ถ้าจะเล่น THE FINALS ต้องจองอะไร,"ถ้าจะเล่น THE FINALS ให้จอง PlayStation 5 Zone - PlayStation 5 #01-#02 ครับ • PlayStation 5 Zone - PlayStation 5 #01-#02 (60 นาที, 1-2 คน) จากนั้นเลือกวัน รอบเวลา กรอกข้อมูลผู้ใช้บริการ ชำระเงิน และแนบสลิปเพื่อยืนยันการจอง แหล่งข้อมูล: https://esports.computing.psu.ac.th/",pipeline:structured_booking_game_service_selection,reservation/how_to,100.0,True,1.1725,0,,,
MB-0733-AG-075,availability_game,psu_fact,The Last of Us Part I เล่นได้ที่เครื่องไหน,ได้ครับ The Last of Us Part I เล่นได้ที่ PlayStation 5 Zone - PlayStation 5 #01-#02 แหล่งข้อมูล: https://esports.computing.psu.ac.th/,pipeline:structured_service_game_availability,games/game_availability_lookup,100.0,True,1.4211,0,,,
MB-0734-AG-076,availability_game,psu_fact,มี The Last of Us Part I ไหม,ได้ครับ The Last of Us Part I เล่นได้ที่ PlayStation 5 Zone - PlayStation 5 #01-#02 แหล่งข้อมูล: https://esports.computing.psu.ac.th/,pipeline:structured_service_game_availability,games/detail,100.0,True,1.2232,0,,,
MB-0735-AG-077,availability_game,psu_fact,The Last of Us Part I อยู่โซนไหน,ได้ครับ The Last of Us Part I เล่นได้ที่ PlayStation 5 Zone - PlayStation 5 #01-#02 แหล่งข้อมูล: https://esports.computing.psu.ac.th/,pipeline:structured_service_game_availability,games/game_availability_lookup,100.0,True,1.3365,0,,,
MB-0736-AG-078,availability_game,psu_fact,ถ้าจะเล่น The Last of Us Part I ต้องจองอะไร,"ถ้าจะเล่น The Last of Us Part I ให้จอง PlayStation 5 Zone - PlayStation 5 #01-#02 ครับ • PlayStation 5 Zone - PlayStation 5 #01-#02 (60 นาที, 1-2 คน) จากนั้นเลือกวัน รอบเวลา กรอกข้อมูลผู้ใช้บริการ ชำระเงิน และแนบสลิปเพื่อยืนยันการจอง แหล่งข้อมูล: https://esports.computing.psu.ac.th/",pipeline:structured_booking_game_service_selection,reservation/how_to,100.0,True,1.2055,0,,,
MB-0737-AG-079,availability_game,psu_fact,The Last of Us Part II (Remastered) เล่นได้ที่เครื่องไหน,ได้ครับ The Last of Us Part II (Remastered) เล่นได้ที่ PlayStation 5 Zone - PlayStation 5 #01-#02 แหล่งข้อมูล: https://esports.computing.psu.ac.th/,pipeline:structured_service_game_availability,games/game_availability_lookup,100.0,True,1.5686,0,,,
MB-0738-AG-080,availability_game,psu_fact,มี The Last of Us Part II (Remastered) ไหม,ได้ครับ The Last of Us Part II (Remastered) เล่นได้ที่ PlayStation 5 Zone - PlayStation 5 #01-#02 แหล่งข้อมูล: https://esports.computing.psu.ac.th/,pipeline:structured_service_game_availability,games/detail,100.0,True,1.3175,0,,,
MB-0739-AG-081,availability_game,psu_fact,The Last of Us Part II อยู่โซนไหน,ได้ครับ The Last of Us Part II (Remastered) เล่นได้ที่ PlayStation 5 Zone - PlayStation 5 #01-#02 แหล่งข้อมูล: https://esports.computing.psu.ac.th/,pipeline:structured_service_game_availability,games/game_availability_lookup,100.0,True,1.3143,0,,,
MB-0740-AG-082,availability_game,psu_fact,ถ้าจะเล่น The Last of Us Part II ต้องจองอะไร,"ถ้าจะเล่น The Last of Us Part II (Remastered) ให้จอง PlayStation 5 Zone - PlayStation 5 #01-#02 ครับ • PlayStation 5 Zone - PlayStation 5 #01-#02 (60 นาที, 1-2 คน) จากนั้นเลือกวัน รอบเวลา กรอกข้อมูลผู้ใช้บริการ ชำระเงิน และแนบสลิปเพื่อยืนยันการจอง แหล่งข้อมูล: https://esports.computing.psu.ac.th/",pipeline:structured_booking_game_service_selection,reservation/how_to,100.0,True,1.1415,0,,,
MB-0741-AG-083,availability_game,psu_fact,Uncharted: Legacy of Thieves Collection เล่นได้ที่เครื่องไหน,ได้ครับ Uncharted: Legacy of Thieves Collection เล่นได้ที่ PlayStation 5 Zone - PlayStation 5 #01-#02 แหล่งข้อมูล: https://esports.computing.psu.ac.th/,pipeline:structured_service_game_availability,games/game_availability_lookup,100.0,True,1.567,0,,,
MB-0742-AG-084,availability_game,psu_fact,มี Uncharted: Legacy of Thieves Collection ไหม,ได้ครับ Uncharted: Legacy of Thieves Collection เล่นได้ที่ PlayStation 5 Zone - PlayStation 5 #01-#02 แหล่งข้อมูล: https://esports.computing.psu.ac.th/,pipeline:structured_service_game_availability,games/detail,100.0,True,1.3835,0,,,
MB-0743-AG-085,availability_game,psu_fact,Uncharted อยู่โซนไหน,ได้ครับ Uncharted: Legacy of Thieves Collection เล่นได้ที่ PlayStation 5 Zone - PlayStation 5 #01-#02 แหล่งข้อมูล: https://esports.computing.psu.ac.th/,pipeline:structured_service_game_availability,games/game_availability_lookup,100.0,True,1.2723,0,,,
MB-0744-AG-086,availability_game,psu_fact,ถ้าจะเล่น Uncharted ต้องจองอะไร,"ถ้าจะเล่น Uncharted: Legacy of Thieves Collection ให้จอง PlayStation 5 Zone - PlayStation 5 #01-#02 ครับ • PlayStation 5 Zone - PlayStation 5 #01-#02 (60 นาที, 1-2 คน) จากนั้นเลือกวัน รอบเวลา กรอกข้อมูลผู้ใช้บริการ ชำระเงิน และแนบสลิปเพื่อยืนยันการจอง แหล่งข้อมูล: https://esports.computing.psu.ac.th/",pipeline:structured_booking_game_service_selection,reservation/how_to,100.0,True,1.1002,0,,,
MB-0745-AS-009,availability_service,psu_fact,Nintendo Switch (1-2 Persons) มีเกมอะไรบ้าง,"Nintendo Switch Zone มีเกมที่ยืนยันได้ดังนี้ Nintendo Switch (1-2 Persons) (60 นาที, 1-2 คน) • Pokémon Champions • Animal Crossing: New Horizons • It Takes Two • Little Nightmares II • Luigi's Mansion 3 • Mario Kart 8 Deluxe • Mario Party Superstars • Monster Hunter Rise • Moving Out 2 • New Super Mario Bros. U Deluxe • Nintendo Switch Sports • Overcooked! • Overcooked! 2 • Ring Fit Adventure • Super Mario Odyssey • Super Smash Bros Ultimate • The Legend of Zelda: Breath of The Wild หมายเหตุ: Nintendo Switch แบบ 1-2 Persons และ 1-4 Persons ใช้รายการเกมเดียวกัน แหล่งข้อมูล: https://esports.computing.psu.ac.th/",pipeline:structured_service_game_availability,games/list,100.0,True,0.3032,0,,,
MB-0746-AS-010,availability_service,psu_fact,Nintendo Switch (1-2 Persons) เล่นได้กี่คน,บริการที่ถามรองรับผู้เล่นตามข้อมูลนี้ครับ • Nintendo Switch (1-2 Persons): 1-2 คน ต่อรอบ 60 นาที • Nintendo Switch (1-4 Persons): 1-4 คน ต่อรอบ 60 นาที แหล่งข้อมูล: https://esports.computing.psu.ac.th/,pipeline:structured_service_capacity,reservation/count,100.0,True,1.1446,0,,,
MB-0747-AS-011,availability_service,psu_fact,Nintendo Switch Zone รายการเกมมีอะไรบ้าง,"Nintendo Switch Zone มีเกมที่ยืนยันได้ดังนี้ Nintendo Switch (1-2 Persons) (60 นาที, 1-2 คน) • Pokémon Champions • Animal Crossing: New Horizons • It Takes Two • Little Nightmares II • Luigi's Mansion 3 • Mario Kart 8 Deluxe • Mario Party Superstars • Monster Hunter Rise • Moving Out 2 • New Super Mario Bros. U Deluxe • Nintendo Switch Sports • Overcooked! • Overcooked! 2 • Ring Fit Adventure • Super Mario Odyssey • Super Smash Bros Ultimate • The Legend of Zelda: Breath of The Wild หมายเหตุ: Nintendo Switch แบบ 1-2 Persons และ 1-4 Persons ใช้รายการเกมเดียวกัน Nintendo Switch (1-4 Persons) (60 นาที, 1-4 คน) • Pokémon Champions • Animal Crossing: New Horizons • It Takes Two • Little Nightmare",pipeline:structured_service_game_availability,games/list,100.0,True,0.3241,0,,,
MB-0748-AG-087,availability_game,psu_fact,Pokémon Champions เล่นได้ที่เครื่องไหน,"ได้ครับ Pokémon Champions เล่นได้ที่ Nintendo Switch Zone - Nintendo Switch (1-2 Persons), Nintendo Switch Zone - Nintendo Switch (1-4 Persons) แหล่งข้อมูล: https://esports.computing.psu.ac.th/",pipeline:structured_service_game_availability,games/game_availability_lookup,100.0,True,1.4955,0,,,
MB-0749-AG-088,availability_game,psu_fact,มี Pokémon Champions ไหม,"ได้ครับ Pokémon Champions เล่นได้ที่ Nintendo Switch Zone - Nintendo Switch (1-2 Persons), Nintendo Switch Zone - Nintendo Switch (1-4 Persons) แหล่งข้อมูล: https://esports.computing.psu.ac.th/",pipeline:structured_service_game_availability,games/game_availability_lookup,100.0,True,1.2225,0,,,
MB-0750-AG-089,availability_game,psu_fact,Pokémon Champions อยู่โซนไหน,"ได้ครับ Pokémon Champions เล่นได้ที่ Nintendo Switch Zone - Nintendo Switch (1-2 Persons), Nintendo Switch Zone - Nintendo Switch (1-4 Persons) แหล่งข้อมูล: https://esports.computing.psu.ac.th/",pipeline:structured_service_game_availability,games/game_availability_lookup,100.0,True,1.3613,0,,,
MB-0751-AG-090,availability_game,psu_fact,ถ้าจะเล่น Pokémon Champions ต้องจองอะไร,"ถ้าจะเล่น Pokémon Champions ให้จอง Nintendo Switch Zone - Nintendo Switch (1-2 Persons) หรือ Nintendo Switch Zone - Nintendo Switch (1-4 Persons) ครับ • Nintendo Switch Zone - Nintendo Switch (1-2 Persons) (60 นาที, 1-2 คน) • Nintendo Switch Zone - Nintendo Switch (1-4 Persons) (60 นาที, 1-4 คน) จากนั้นเลือกวัน รอบเวลา กรอกข้อมูลผู้ใช้บริการ ชำระเงิน และแนบสลิปเพื่อยืนยันการจอง แหล่งข้อมูล: https://esports.computing.psu.ac.th/",pipeline:structured_booking_game_service_selection,reservation/how_to,100.0,True,1.2442,0,,,
MB-0752-AG-091,availability_game,psu_fact,Animal Crossing: New Horizons เล่นได้ที่เครื่องไหน,"ได้ครับ Animal Crossing: New Horizons เล่นได้ที่ Nintendo Switch Zone - Nintendo Switch (1-2 Persons), Nintendo Switch Zone - Nintendo Switch (1-4 Persons) แหล่งข้อมูล: https://esports.computing.psu.ac.th/",pipeline:structured_service_game_availability,games/game_availability_lookup,100.0,True,1.5437,0,,,
MB-0753-AG-092,availability_game,psu_fact,มี Animal Crossing: New Horizons ไหม,"ได้ครับ Animal Crossing: New Horizons เล่นได้ที่ Nintendo Switch Zone - Nintendo Switch (1-2 Persons), Nintendo Switch Zone - Nintendo Switch (1-4 Persons) แหล่งข้อมูล: https://esports.computing.psu.ac.th/",pipeline:structured_service_game_availability,games/detail,100.0,True,1.2758,0,,,
MB-0754-AG-093,availability_game,psu_fact,Animal Crossing อยู่โซนไหน,"ได้ครับ Animal Crossing: New Horizons เล่นได้ที่ Nintendo Switch Zone - Nintendo Switch (1-2 Persons), Nintendo Switch Zone - Nintendo Switch (1-4 Persons) แหล่งข้อมูล: https://esports.computing.psu.ac.th/",pipeline:structured_service_game_availability,games/game_availability_lookup,100.0,True,1.3439,0,,,
MB-0755-AG-094,availability_game,psu_fact,ถ้าจะเล่น Animal Crossing ต้องจองอะไร,"ถ้าจะเล่น Animal Crossing: New Horizons ให้จอง Nintendo Switch Zone - Nintendo Switch (1-2 Persons) หรือ Nintendo Switch Zone - Nintendo Switch (1-4 Persons) ครับ • Nintendo Switch Zone - Nintendo Switch (1-2 Persons) (60 นาที, 1-2 คน) • Nintendo Switch Zone - Nintendo Switch (1-4 Persons) (60 นาที, 1-4 คน) จากนั้นเลือกวัน รอบเวลา กรอกข้อมูลผู้ใช้บริการ ชำระเงิน และแนบสลิปเพื่อยืนยันการจอง แหล่งข้อมูล: https://esports.computing.psu.ac.th/",pipeline:structured_booking_game_service_selection,reservation/how_to,100.0,True,1.1939,0,,,
MB-0756-AG-095,availability_game,psu_fact,It Takes Two เล่นได้ที่เครื่องไหน,"ได้ครับ It Takes Two เล่นได้ที่ Nintendo Switch Zone - Nintendo Switch (1-2 Persons), Nintendo Switch Zone - Nintendo Switch (1-4 Persons) แหล่งข้อมูล: https://esports.computing.psu.ac.th/",pipeline:structured_service_game_availability,games/game_availability_lookup,100.0,True,1.4561,0,,,
MB-0757-AG-096,availability_game,psu_fact,มี It Takes Two ไหม,"ได้ครับ It Takes Two เล่นได้ที่ Nintendo Switch Zone - Nintendo Switch (1-2 Persons), Nintendo Switch Zone - Nintendo Switch (1-4 Persons) แหล่งข้อมูล: https://esports.computing.psu.ac.th/",pipeline:structured_service_game_availability,games/detail,100.0,True,1.2413,0,,,
MB-0758-AG-097,availability_game,psu_fact,It Takes Two อยู่โซนไหน,"ได้ครับ It Takes Two เล่นได้ที่ Nintendo Switch Zone - Nintendo Switch (1-2 Persons), Nintendo Switch Zone - Nintendo Switch (1-4 Persons) แหล่งข้อมูล: https://esports.computing.psu.ac.th/",pipeline:structured_service_game_availability,games/game_availability_lookup,100.0,True,1.3685,0,,,
MB-0759-AG-098,availability_game,psu_fact,ถ้าจะเล่น It Takes Two ต้องจองอะไร,"ถ้าจะเล่น It Takes Two ให้จอง Nintendo Switch Zone - Nintendo Switch (1-2 Persons) หรือ Nintendo Switch Zone - Nintendo Switch (1-4 Persons) ครับ • Nintendo Switch Zone - Nintendo Switch (1-2 Persons) (60 นาที, 1-2 คน) • Nintendo Switch Zone - Nintendo Switch (1-4 Persons) (60 นาที, 1-4 คน) จากนั้นเลือกวัน รอบเวลา กรอกข้อมูลผู้ใช้บริการ ชำระเงิน และแนบสลิปเพื่อยืนยันการจอง แหล่งข้อมูล: https://esports.computing.psu.ac.th/",pipeline:structured_booking_game_service_selection,reservation/how_to,100.0,True,1.2214,0,,,
MB-0760-AG-099,availability_game,psu_fact,Little Nightmares II เล่นได้ที่เครื่องไหน,"ได้ครับ Little Nightmares II เล่นได้ที่ Nintendo Switch Zone - Nintendo Switch (1-2 Persons), Nintendo Switch Zone - Nintendo Switch (1-4 Persons) แหล่งข้อมูล: https://esports.computing.psu.ac.th/",pipeline:structured_service_game_availability,games/game_availability_lookup,100.0,True,1.4617,0,,,
MB-0761-AG-100,availability_game,psu_fact,มี Little Nightmares II ไหม,"ได้ครับ Little Nightmares II เล่นได้ที่ Nintendo Switch Zone - Nintendo Switch (1-2 Persons), Nintendo Switch Zone - Nintendo Switch (1-4 Persons) แหล่งข้อมูล: https://esports.computing.psu.ac.th/",pipeline:structured_service_game_availability,games/detail,100.0,True,1.2593,0,,,
MB-0762-AG-101,availability_game,psu_fact,Little Nightmares II อยู่โซนไหน,"ได้ครับ Little Nightmares II เล่นได้ที่ Nintendo Switch Zone - Nintendo Switch (1-2 Persons), Nintendo Switch Zone - Nintendo Switch (1-4 Persons) แหล่งข้อมูล: https://esports.computing.psu.ac.th/",pipeline:structured_service_game_availability,games/game_availability_lookup,100.0,True,1.3154,0,,,
MB-0763-AG-102,availability_game,psu_fact,ถ้าจะเล่น Little Nightmares II ต้องจองอะไร,"ถ้าจะเล่น Little Nightmares II ให้จอง Nintendo Switch Zone - Nintendo Switch (1-2 Persons) หรือ Nintendo Switch Zone - Nintendo Switch (1-4 Persons) ครับ • Nintendo Switch Zone - Nintendo Switch (1-2 Persons) (60 นาที, 1-2 คน) • Nintendo Switch Zone - Nintendo Switch (1-4 Persons) (60 นาที, 1-4 คน) จากนั้นเลือกวัน รอบเวลา กรอกข้อมูลผู้ใช้บริการ ชำระเงิน และแนบสลิปเพื่อยืนยันการจอง แหล่งข้อมูล: https://esports.computing.psu.ac.th/",pipeline:structured_booking_game_service_selection,reservation/how_to,100.0,True,1.2136,0,,,
MB-0764-AG-103,availability_game,psu_fact,Luigi's Mansion 3 เล่นได้ที่เครื่องไหน,"ได้ครับ Luigi's Mansion 3 เล่นได้ที่ Nintendo Switch Zone - Nintendo Switch (1-2 Persons), Nintendo Switch Zone - Nintendo Switch (1-4 Persons) แหล่งข้อมูล: https://esports.computing.psu.ac.th/",pipeline:structured_service_game_availability,games/game_availability_lookup,100.0,True,1.4241,0,,,
MB-0765-AG-104,availability_game,psu_fact,มี Luigi's Mansion 3 ไหม,"ได้ครับ Luigi's Mansion 3 เล่นได้ที่ Nintendo Switch Zone - Nintendo Switch (1-2 Persons), Nintendo Switch Zone - Nintendo Switch (1-4 Persons) แหล่งข้อมูล: https://esports.computing.psu.ac.th/",pipeline:structured_service_game_availability,games/detail,100.0,True,1.2707,0,,,
MB-0766-AG-105,availability_game,psu_fact,Luigi's Mansion 3 อยู่โซนไหน,"ได้ครับ Luigi's Mansion 3 เล่นได้ที่ Nintendo Switch Zone - Nintendo Switch (1-2 Persons), Nintendo Switch Zone - Nintendo Switch (1-4 Persons) แหล่งข้อมูล: https://esports.computing.psu.ac.th/",pipeline:structured_service_game_availability,games/game_availability_lookup,100.0,True,1.298,0,,,
MB-0767-AG-106,availability_game,psu_fact,ถ้าจะเล่น Luigi's Mansion 3 ต้องจองอะไร,"ถ้าจะเล่น Luigi's Mansion 3 ให้จอง Nintendo Switch Zone - Nintendo Switch (1-2 Persons) หรือ Nintendo Switch Zone - Nintendo Switch (1-4 Persons) ครับ • Nintendo Switch Zone - Nintendo Switch (1-2 Persons) (60 นาที, 1-2 คน) • Nintendo Switch Zone - Nintendo Switch (1-4 Persons) (60 นาที, 1-4 คน) จากนั้นเลือกวัน รอบเวลา กรอกข้อมูลผู้ใช้บริการ ชำระเงิน และแนบสลิปเพื่อยืนยันการจอง แหล่งข้อมูล: https://esports.computing.psu.ac.th/",pipeline:structured_booking_game_service_selection,reservation/how_to,100.0,True,1.1779,0,,,
MB-0768-AG-107,availability_game,psu_fact,Mario Kart 8 Deluxe เล่นได้ที่เครื่องไหน,"ได้ครับ Mario Kart 8 Deluxe เล่นได้ที่ Nintendo Switch Zone - Nintendo Switch (1-2 Persons), Nintendo Switch Zone - Nintendo Switch (1-4 Persons) แหล่งข้อมูล: https://esports.computing.psu.ac.th/",pipeline:structured_service_game_availability,games/game_availability_lookup,100.0,True,1.4502,0,,,
MB-0769-AG-108,availability_game,psu_fact,มี Mario Kart 8 Deluxe ไหม,"ได้ครับ Mario Kart 8 Deluxe เล่นได้ที่ Nintendo Switch Zone - Nintendo Switch (1-2 Persons), Nintendo Switch Zone - Nintendo Switch (1-4 Persons) แหล่งข้อมูล: https://esports.computing.psu.ac.th/",pipeline:structured_service_game_availability,games/game_availability_lookup,100.0,True,0.3631,0,,,
MB-0770-AG-109,availability_game,psu_fact,Mario Kart 8 Deluxe อยู่โซนไหน,"ได้ครับ Mario Kart 8 Deluxe เล่นได้ที่ Nintendo Switch Zone - Nintendo Switch (1-2 Persons), Nintendo Switch Zone - Nintendo Switch (1-4 Persons) แหล่งข้อมูล: https://esports.computing.psu.ac.th/",pipeline:structured_service_game_availability,games/game_availability_lookup,100.0,True,1.2959,0,,,
MB-0771-AG-110,availability_game,psu_fact,ถ้าจะเล่น Mario Kart 8 Deluxe ต้องจองอะไร,"ถ้าจะเล่น Mario Kart 8 Deluxe ให้จอง Nintendo Switch Zone - Nintendo Switch (1-2 Persons) หรือ Nintendo Switch Zone - Nintendo Switch (1-4 Persons) ครับ • Nintendo Switch Zone - Nintendo Switch (1-2 Persons) (60 นาที, 1-2 คน) • Nintendo Switch Zone - Nintendo Switch (1-4 Persons) (60 นาที, 1-4 คน) จากนั้นเลือกวัน รอบเวลา กรอกข้อมูลผู้ใช้บริการ ชำระเงิน และแนบสลิปเพื่อยืนยันการจอง แหล่งข้อมูล: https://esports.computing.psu.ac.th/",pipeline:structured_booking_game_service_selection,reservation/how_to,100.0,True,1.2108,0,,,
MB-0772-AG-111,availability_game,psu_fact,Mario Party Superstars เล่นได้ที่เครื่องไหน,"ได้ครับ Mario Party Superstars เล่นได้ที่ Nintendo Switch Zone - Nintendo Switch (1-2 Persons), Nintendo Switch Zone - Nintendo Switch (1-4 Persons) แหล่งข้อมูล: https://esports.computing.psu.ac.th/",pipeline:structured_service_game_availability,games/game_availability_lookup,100.0,True,1.5995,0,,,
MB-0773-AG-112,availability_game,psu_fact,มี Mario Party Superstars ไหม,"ได้ครับ Mario Party Superstars เล่นได้ที่ Nintendo Switch Zone - Nintendo Switch (1-2 Persons), Nintendo Switch Zone - Nintendo Switch (1-4 Persons) แหล่งข้อมูล: https://esports.computing.psu.ac.th/",pipeline:structured_service_game_availability,games/game_availability_lookup,100.0,True,0.3998,0,,,
MB-0774-AG-113,availability_game,psu_fact,Mario Party Superstars อยู่โซนไหน,"ได้ครับ Mario Party Superstars เล่นได้ที่ Nintendo Switch Zone - Nintendo Switch (1-2 Persons), Nintendo Switch Zone - Nintendo Switch (1-4 Persons) แหล่งข้อมูล: https://esports.computing.psu.ac.th/",pipeline:structured_service_game_availability,games/game_availability_lookup,100.0,True,1.456,0,,,
MB-0775-AG-114,availability_game,psu_fact,ถ้าจะเล่น Mario Party Superstars ต้องจองอะไร,"ถ้าจะเล่น Mario Party Superstars ให้จอง Nintendo Switch Zone - Nintendo Switch (1-2 Persons) หรือ Nintendo Switch Zone - Nintendo Switch (1-4 Persons) ครับ • Nintendo Switch Zone - Nintendo Switch (1-2 Persons) (60 นาที, 1-2 คน) • Nintendo Switch Zone - Nintendo Switch (1-4 Persons) (60 นาที, 1-4 คน) จากนั้นเลือกวัน รอบเวลา กรอกข้อมูลผู้ใช้บริการ ชำระเงิน และแนบสลิปเพื่อยืนยันการจอง แหล่งข้อมูล: https://esports.computing.psu.ac.th/",pipeline:structured_booking_game_service_selection,reservation/how_to,100.0,True,1.3374,0,,,
MB-0776-AG-115,availability_game,psu_fact,Monster Hunter Rise เล่นได้ที่เครื่องไหน,"ได้ครับ Monster Hunter Rise เล่นได้ที่ Nintendo Switch Zone - Nintendo Switch (1-2 Persons), Nintendo Switch Zone - Nintendo Switch (1-4 Persons) แหล่งข้อมูล: https://esports.computing.psu.ac.th/",pipeline:structured_service_game_availability,games/game_availability_lookup,100.0,True,1.4503,0,,,
MB-0777-AG-116,availability_game,psu_fact,มี Monster Hunter Rise ไหม,"ได้ครับ Monster Hunter Rise เล่นได้ที่ Nintendo Switch Zone - Nintendo Switch (1-2 Persons), Nintendo Switch Zone - Nintendo Switch (1-4 Persons) แหล่งข้อมูล: https://esports.computing.psu.ac.th/",pipeline:structured_service_game_availability,games/detail,100.0,True,1.2855,0,,,
MB-0778-AG-117,availability_game,psu_fact,Monster Hunter Rise อยู่โซนไหน,"ได้ครับ Monster Hunter Rise เล่นได้ที่ Nintendo Switch Zone - Nintendo Switch (1-2 Persons), Nintendo Switch Zone - Nintendo Switch (1-4 Persons) แหล่งข้อมูล: https://esports.computing.psu.ac.th/",pipeline:structured_service_game_availability,games/game_availability_lookup,100.0,True,1.3593,0,,,
MB-0779-AG-118,availability_game,psu_fact,ถ้าจะเล่น Monster Hunter Rise ต้องจองอะไร,"ถ้าจะเล่น Monster Hunter Rise ให้จอง Nintendo Switch Zone - Nintendo Switch (1-2 Persons) หรือ Nintendo Switch Zone - Nintendo Switch (1-4 Persons) ครับ • Nintendo Switch Zone - Nintendo Switch (1-2 Persons) (60 นาที, 1-2 คน) • Nintendo Switch Zone - Nintendo Switch (1-4 Persons) (60 นาที, 1-4 คน) จากนั้นเลือกวัน รอบเวลา กรอกข้อมูลผู้ใช้บริการ ชำระเงิน และแนบสลิปเพื่อยืนยันการจอง แหล่งข้อมูล: https://esports.computing.psu.ac.th/",pipeline:structured_booking_game_service_selection,reservation/how_to,100.0,True,1.2471,0,,,
MB-0780-AG-119,availability_game,psu_fact,Moving Out 2 เล่นได้ที่เครื่องไหน,"ได้ครับ Moving Out 2 เล่นได้ที่ Nintendo Switch Zone - Nintendo Switch (1-2 Persons), Nintendo Switch Zone - Nintendo Switch (1-4 Persons) แหล่งข้อมูล: https://esports.computing.psu.ac.th/",pipeline:structured_service_game_availability,games/game_availability_lookup,100.0,True,1.4194,0,,,
MB-0781-AG-120,availability_game,psu_fact,มี Moving Out 2 ไหม,"ได้ครับ Moving Out 2 เล่นได้ที่ Nintendo Switch Zone - Nintendo Switch (1-2 Persons), Nintendo Switch Zone - Nintendo Switch (1-4 Persons) แหล่งข้อมูล: https://esports.computing.psu.ac.th/",pipeline:structured_service_game_availability,games/detail,100.0,True,1.2107,0,,,
MB-0782-AG-121,availability_game,psu_fact,Moving Out 2 อยู่โซนไหน,"ได้ครับ Moving Out 2 เล่นได้ที่ Nintendo Switch Zone - Nintendo Switch (1-2 Persons), Nintendo Switch Zone - Nintendo Switch (1-4 Persons) แหล่งข้อมูล: https://esports.computing.psu.ac.th/",pipeline:structured_service_game_availability,games/game_availability_lookup,100.0,True,1.2485,0,,,
MB-0783-AG-122,availability_game,psu_fact,ถ้าจะเล่น Moving Out 2 ต้องจองอะไร,"ถ้าจะเล่น Moving Out 2 ให้จอง Nintendo Switch Zone - Nintendo Switch (1-2 Persons) หรือ Nintendo Switch Zone - Nintendo Switch (1-4 Persons) ครับ • Nintendo Switch Zone - Nintendo Switch (1-2 Persons) (60 นาที, 1-2 คน) • Nintendo Switch Zone - Nintendo Switch (1-4 Persons) (60 นาที, 1-4 คน) จากนั้นเลือกวัน รอบเวลา กรอกข้อมูลผู้ใช้บริการ ชำระเงิน และแนบสลิปเพื่อยืนยันการจอง แหล่งข้อมูล: https://esports.computing.psu.ac.th/",pipeline:structured_booking_game_service_selection,reservation/how_to,100.0,True,1.138,0,,,
MB-0784-AG-123,availability_game,psu_fact,New Super Mario Bros. U Deluxe เล่นได้ที่เครื่องไหน,"ได้ครับ New Super Mario Bros. U Deluxe เล่นได้ที่ Nintendo Switch Zone - Nintendo Switch (1-2 Persons), Nintendo Switch Zone - Nintendo Switch (1-4 Persons) แหล่งข้อมูล: https://esports.computing.psu.ac.th/",pipeline:structured_service_game_availability,games/game_availability_lookup,100.0,True,1.532,0,,,
MB-0785-AG-124,availability_game,psu_fact,มี New Super Mario Bros. U Deluxe ไหม,"ได้ครับ New Super Mario Bros. U Deluxe เล่นได้ที่ Nintendo Switch Zone - Nintendo Switch (1-2 Persons), Nintendo Switch Zone - Nintendo Switch (1-4 Persons) แหล่งข้อมูล: https://esports.computing.psu.ac.th/",pipeline:structured_service_game_availability,games/game_availability_lookup,100.0,True,0.488,0,,,
MB-0786-AG-125,availability_game,psu_fact,New Super Mario Bros. U Deluxe อยู่โซนไหน,"ได้ครับ New Super Mario Bros. U Deluxe เล่นได้ที่ Nintendo Switch Zone - Nintendo Switch (1-2 Persons), Nintendo Switch Zone - Nintendo Switch (1-4 Persons) แหล่งข้อมูล: https://esports.computing.psu.ac.th/",pipeline:structured_service_game_availability,games/game_availability_lookup,100.0,True,1.4909,0,,,
MB-0787-AG-126,availability_game,psu_fact,ถ้าจะเล่น New Super Mario Bros. U Deluxe ต้องจองอะไร,"ถ้าจะเล่น New Super Mario Bros. U Deluxe ให้จอง Nintendo Switch Zone - Nintendo Switch (1-2 Persons) หรือ Nintendo Switch Zone - Nintendo Switch (1-4 Persons) ครับ • Nintendo Switch Zone - Nintendo Switch (1-2 Persons) (60 นาที, 1-2 คน) • Nintendo Switch Zone - Nintendo Switch (1-4 Persons) (60 นาที, 1-4 คน) จากนั้นเลือกวัน รอบเวลา กรอกข้อมูลผู้ใช้บริการ ชำระเงิน และแนบสลิปเพื่อยืนยันการจอง แหล่งข้อมูล: https://esports.computing.psu.ac.th/",pipeline:structured_booking_game_service_selection,reservation/how_to,100.0,True,1.3144,0,,,
MB-0788-AG-127,availability_game,psu_fact,Nintendo Switch Sports เล่นได้ที่เครื่องไหน,"ได้ครับ Nintendo Switch Sports เล่นได้ที่ Nintendo Switch Zone - Nintendo Switch (1-2 Persons), Nintendo Switch Zone - Nintendo Switch (1-4 Persons) แหล่งข้อมูล: https://esports.computing.psu.ac.th/",pipeline:structured_service_game_availability,games/game_availability_lookup,100.0,True,1.4719,0,,,
MB-0789-AG-128,availability_game,psu_fact,มี Nintendo Switch Sports ไหม,"ได้ครับ Nintendo Switch Sports เล่นได้ที่ Nintendo Switch Zone - Nintendo Switch (1-2 Persons), Nintendo Switch Zone - Nintendo Switch (1-4 Persons) แหล่งข้อมูล: https://esports.computing.psu.ac.th/",pipeline:structured_service_game_availability,games/detail,100.0,True,1.2039,0,,,
MB-0790-AG-129,availability_game,psu_fact,Nintendo Switch Sports อยู่โซนไหน,"ได้ครับ Nintendo Switch Sports เล่นได้ที่ Nintendo Switch Zone - Nintendo Switch (1-2 Persons), Nintendo Switch Zone - Nintendo Switch (1-4 Persons) แหล่งข้อมูล: https://esports.computing.psu.ac.th/",pipeline:structured_service_game_availability,games/game_availability_lookup,100.0,True,1.3487,0,,,
MB-0791-AG-130,availability_game,psu_fact,ถ้าจะเล่น Nintendo Switch Sports ต้องจองอะไร,"ถ้าจะเล่น Nintendo Switch Sports ให้จอง Nintendo Switch Zone - Nintendo Switch (1-2 Persons) หรือ Nintendo Switch Zone - Nintendo Switch (1-4 Persons) ครับ • Nintendo Switch Zone - Nintendo Switch (1-2 Persons) (60 นาที, 1-2 คน) • Nintendo Switch Zone - Nintendo Switch (1-4 Persons) (60 นาที, 1-4 คน) จากนั้นเลือกวัน รอบเวลา กรอกข้อมูลผู้ใช้บริการ ชำระเงิน และแนบสลิปเพื่อยืนยันการจอง แหล่งข้อมูล: https://esports.computing.psu.ac.th/",pipeline:structured_booking_game_service_selection,reservation/how_to,100.0,True,1.1407,0,,,
MB-0792-AG-131,availability_game,psu_fact,Overcooked! เล่นได้ที่เครื่องไหน,"ได้ครับ Overcooked! เล่นได้ที่ Nintendo Switch Zone - Nintendo Switch (1-2 Persons), Nintendo Switch Zone - Nintendo Switch (1-4 Persons) แหล่งข้อมูล: https://esports.computing.psu.ac.th/",pipeline:structured_service_game_availability,games/game_availability_lookup,100.0,True,1.4229,0,,,
MB-0793-AG-132,availability_game,psu_fact,มี Overcooked! ไหม,"ได้ครับ Overcooked! เล่นได้ที่ Nintendo Switch Zone - Nintendo Switch (1-2 Persons), Nintendo Switch Zone - Nintendo Switch (1-4 Persons) แหล่งข้อมูล: https://esports.computing.psu.ac.th/",pipeline:structured_service_game_availability,games/detail,100.0,True,1.1885,0,,,
MB-0794-AG-133,availability_game,psu_fact,Overcooked! อยู่โซนไหน,"ได้ครับ Overcooked! เล่นได้ที่ Nintendo Switch Zone - Nintendo Switch (1-2 Persons), Nintendo Switch Zone - Nintendo Switch (1-4 Persons) แหล่งข้อมูล: https://esports.computing.psu.ac.th/",pipeline:structured_service_game_availability,games/game_availability_lookup,100.0,True,1.2469,0,,,
MB-0795-AG-134,availability_game,psu_fact,ถ้าจะเล่น Overcooked! ต้องจองอะไร,"ถ้าจะเล่น Overcooked! ให้จอง Nintendo Switch Zone - Nintendo Switch (1-2 Persons) หรือ Nintendo Switch Zone - Nintendo Switch (1-4 Persons) ครับ • Nintendo Switch Zone - Nintendo Switch (1-2 Persons) (60 นาที, 1-2 คน) • Nintendo Switch Zone - Nintendo Switch (1-4 Persons) (60 นาที, 1-4 คน) จากนั้นเลือกวัน รอบเวลา กรอกข้อมูลผู้ใช้บริการ ชำระเงิน และแนบสลิปเพื่อยืนยันการจอง แหล่งข้อมูล: https://esports.computing.psu.ac.th/",pipeline:structured_booking_game_service_selection,reservation/how_to,100.0,True,1.1411,0,,,
MB-0796-AG-135,availability_game,psu_fact,Overcooked! 2 เล่นได้ที่เครื่องไหน,"ได้ครับ Overcooked! 2 เล่นได้ที่ Nintendo Switch Zone - Nintendo Switch (1-2 Persons), Nintendo Switch Zone - Nintendo Switch (1-4 Persons) แหล่งข้อมูล: https://esports.computing.psu.ac.th/",pipeline:structured_service_game_availability,games/game_availability_lookup,100.0,True,1.4096,0,,,
MB-0797-AG-136,availability_game,psu_fact,มี Overcooked! 2 ไหม,"ได้ครับ Overcooked! 2 เล่นได้ที่ Nintendo Switch Zone - Nintendo Switch (1-2 Persons), Nintendo Switch Zone - Nintendo Switch (1-4 Persons) แหล่งข้อมูล: https://esports.computing.psu.ac.th/",pipeline:structured_service_game_availability,games/detail,100.0,True,1.2102,0,,,
MB-0798-AG-137,availability_game,psu_fact,Overcooked! 2 อยู่โซนไหน,"ได้ครับ Overcooked! 2 เล่นได้ที่ Nintendo Switch Zone - Nintendo Switch (1-2 Persons), Nintendo Switch Zone - Nintendo Switch (1-4 Persons) แหล่งข้อมูล: https://esports.computing.psu.ac.th/",pipeline:structured_service_game_availability,games/game_availability_lookup,100.0,True,1.3263,0,,,
MB-0799-AG-138,availability_game,psu_fact,ถ้าจะเล่น Overcooked! 2 ต้องจองอะไร,"ถ้าจะเล่น Overcooked! 2 ให้จอง Nintendo Switch Zone - Nintendo Switch (1-2 Persons) หรือ Nintendo Switch Zone - Nintendo Switch (1-4 Persons) ครับ • Nintendo Switch Zone - Nintendo Switch (1-2 Persons) (60 นาที, 1-2 คน) • Nintendo Switch Zone - Nintendo Switch (1-4 Persons) (60 นาที, 1-4 คน) จากนั้นเลือกวัน รอบเวลา กรอกข้อมูลผู้ใช้บริการ ชำระเงิน และแนบสลิปเพื่อยืนยันการจอง แหล่งข้อมูล: https://esports.computing.psu.ac.th/",pipeline:structured_booking_game_service_selection,reservation/how_to,100.0,True,1.1982,0,,,
MB-0800-AG-139,availability_game,psu_fact,Ring Fit Adventure เล่นได้ที่เครื่องไหน,"ได้ครับ Ring Fit Adventure เล่นได้ที่ Nintendo Switch Zone - Nintendo Switch (1-2 Persons), Nintendo Switch Zone - Nintendo Switch (1-4 Persons) แหล่งข้อมูล: https://esports.computing.psu.ac.th/",pipeline:structured_service_game_availability,games/game_availability_lookup,100.0,True,1.5004,0,,,
MB-0801-AG-140,availability_game,psu_fact,มี Ring Fit Adventure ไหม,"ได้ครับ Ring Fit Adventure เล่นได้ที่ Nintendo Switch Zone - Nintendo Switch (1-2 Persons), Nintendo Switch Zone - Nintendo Switch (1-4 Persons) แหล่งข้อมูล: https://esports.computing.psu.ac.th/",pipeline:structured_service_game_availability,games/detail,100.0,True,1.2126,0,,,
MB-0802-AG-141,availability_game,psu_fact,Ring Fit Adventure อยู่โซนไหน,"ได้ครับ Ring Fit Adventure เล่นได้ที่ Nintendo Switch Zone - Nintendo Switch (1-2 Persons), Nintendo Switch Zone - Nintendo Switch (1-4 Persons) แหล่งข้อมูล: https://esports.computing.psu.ac.th/",pipeline:structured_service_game_availability,games/game_availability_lookup,100.0,True,1.3806,0,,,
MB-0803-AG-142,availability_game,psu_fact,ถ้าจะเล่น Ring Fit Adventure ต้องจองอะไร,"ถ้าจะเล่น Ring Fit Adventure ให้จอง Nintendo Switch Zone - Nintendo Switch (1-2 Persons) หรือ Nintendo Switch Zone - Nintendo Switch (1-4 Persons) ครับ • Nintendo Switch Zone - Nintendo Switch (1-2 Persons) (60 นาที, 1-2 คน) • Nintendo Switch Zone - Nintendo Switch (1-4 Persons) (60 นาที, 1-4 คน) จากนั้นเลือกวัน รอบเวลา กรอกข้อมูลผู้ใช้บริการ ชำระเงิน และแนบสลิปเพื่อยืนยันการจอง แหล่งข้อมูล: https://esports.computing.psu.ac.th/",pipeline:structured_booking_game_service_selection,reservation/how_to,100.0,True,1.2679,0,,,
MB-0804-AG-143,availability_game,psu_fact,Super Mario Odyssey เล่นได้ที่เครื่องไหน,"ได้ครับ Super Mario Odyssey เล่นได้ที่ Nintendo Switch Zone - Nintendo Switch (1-2 Persons), Nintendo Switch Zone - Nintendo Switch (1-4 Persons) แหล่งข้อมูล: https://esports.computing.psu.ac.th/",pipeline:structured_service_game_availability,games/game_availability_lookup,100.0,True,1.5753,0,,,
MB-0805-AG-144,availability_game,psu_fact,มี Super Mario Odyssey ไหม,"ได้ครับ Super Mario Odyssey เล่นได้ที่ Nintendo Switch Zone - Nintendo Switch (1-2 Persons), Nintendo Switch Zone - Nintendo Switch (1-4 Persons) แหล่งข้อมูล: https://esports.computing.psu.ac.th/",pipeline:structured_service_game_availability,games/game_availability_lookup,100.0,True,0.4399,0,,,
MB-0806-AG-145,availability_game,psu_fact,Super Mario Odyssey อยู่โซนไหน,"ได้ครับ Super Mario Odyssey เล่นได้ที่ Nintendo Switch Zone - Nintendo Switch (1-2 Persons), Nintendo Switch Zone - Nintendo Switch (1-4 Persons) แหล่งข้อมูล: https://esports.computing.psu.ac.th/",pipeline:structured_service_game_availability,games/game_availability_lookup,100.0,True,1.4503,0,,,
MB-0807-AG-146,availability_game,psu_fact,ถ้าจะเล่น Super Mario Odyssey ต้องจองอะไร,"ถ้าจะเล่น Super Mario Odyssey ให้จอง Nintendo Switch Zone - Nintendo Switch (1-2 Persons) หรือ Nintendo Switch Zone - Nintendo Switch (1-4 Persons) ครับ • Nintendo Switch Zone - Nintendo Switch (1-2 Persons) (60 นาที, 1-2 คน) • Nintendo Switch Zone - Nintendo Switch (1-4 Persons) (60 นาที, 1-4 คน) จากนั้นเลือกวัน รอบเวลา กรอกข้อมูลผู้ใช้บริการ ชำระเงิน และแนบสลิปเพื่อยืนยันการจอง แหล่งข้อมูล: https://esports.computing.psu.ac.th/",pipeline:structured_booking_game_service_selection,reservation/how_to,100.0,True,1.3006,0,,,
MB-0808-AG-147,availability_game,psu_fact,Super Smash Bros Ultimate เล่นได้ที่เครื่องไหน,"ได้ครับ Super Smash Bros Ultimate เล่นได้ที่ Nintendo Switch Zone - Nintendo Switch (1-2 Persons), Nintendo Switch Zone - Nintendo Switch (1-4 Persons) แหล่งข้อมูล: https://esports.computing.psu.ac.th/",pipeline:structured_service_game_availability,games/game_availability_lookup,100.0,True,1.5395,0,,,
MB-0809-AG-148,availability_game,psu_fact,มี Super Smash Bros Ultimate ไหม,"ได้ครับ Super Smash Bros Ultimate เล่นได้ที่ Nintendo Switch Zone - Nintendo Switch (1-2 Persons), Nintendo Switch Zone - Nintendo Switch (1-4 Persons) แหล่งข้อมูล: https://esports.computing.psu.ac.th/",pipeline:structured_service_game_availability,games/detail,100.0,True,1.3359,0,,,
MB-0810-AG-149,availability_game,psu_fact,Super Smash Bros Ultimate อยู่โซนไหน,"ได้ครับ Super Smash Bros Ultimate เล่นได้ที่ Nintendo Switch Zone - Nintendo Switch (1-2 Persons), Nintendo Switch Zone - Nintendo Switch (1-4 Persons) แหล่งข้อมูล: https://esports.computing.psu.ac.th/",pipeline:structured_service_game_availability,games/game_availability_lookup,100.0,True,1.4203,0,,,
MB-0811-AG-150,availability_game,psu_fact,ถ้าจะเล่น Super Smash Bros Ultimate ต้องจองอะไร,"ถ้าจะเล่น Super Smash Bros Ultimate ให้จอง Nintendo Switch Zone - Nintendo Switch (1-2 Persons) หรือ Nintendo Switch Zone - Nintendo Switch (1-4 Persons) ครับ • Nintendo Switch Zone - Nintendo Switch (1-2 Persons) (60 นาที, 1-2 คน) • Nintendo Switch Zone - Nintendo Switch (1-4 Persons) (60 นาที, 1-4 คน) จากนั้นเลือกวัน รอบเวลา กรอกข้อมูลผู้ใช้บริการ ชำระเงิน และแนบสลิปเพื่อยืนยันการจอง แหล่งข้อมูล: https://esports.computing.psu.ac.th/",pipeline:structured_booking_game_service_selection,reservation/how_to,100.0,True,1.2086,0,,,
MB-0812-AG-151,availability_game,psu_fact,The Legend of Zelda: Breath of The Wild เล่นได้ที่เครื่องไหน,"ได้ครับ The Legend of Zelda: Breath of The Wild เล่นได้ที่ Nintendo Switch Zone - Nintendo Switch (1-2 Persons), Nintendo Switch Zone - Nintendo Switch (1-4 Persons) แหล่งข้อมูล: https://esports.computing.psu.ac.th/",pipeline:structured_service_game_availability,games/game_availability_lookup,100.0,True,1.6463,0,,,
MB-0813-AG-152,availability_game,psu_fact,มี The Legend of Zelda: Breath of The Wild ไหม,"ได้ครับ The Legend of Zelda: Breath of The Wild เล่นได้ที่ Nintendo Switch Zone - Nintendo Switch (1-2 Persons), Nintendo Switch Zone - Nintendo Switch (1-4 Persons) แหล่งข้อมูล: https://esports.computing.psu.ac.th/",pipeline:structured_service_game_availability,games/detail,100.0,True,1.373,0,,,
MB-0814-AG-153,availability_game,psu_fact,The Legend of Zelda อยู่โซนไหน,"ได้ครับ The Legend of Zelda: Breath of The Wild เล่นได้ที่ Nintendo Switch Zone - Nintendo Switch (1-2 Persons), Nintendo Switch Zone - Nintendo Switch (1-4 Persons) แหล่งข้อมูล: https://esports.computing.psu.ac.th/",pipeline:structured_service_game_availability,games/game_availability_lookup,100.0,True,1.4621,0,,,
MB-0815-AG-154,availability_game,psu_fact,ถ้าจะเล่น The Legend of Zelda ต้องจองอะไร,"ถ้าจะเล่น The Legend of Zelda: Breath of The Wild ให้จอง Nintendo Switch Zone - Nintendo Switch (1-2 Persons) หรือ Nintendo Switch Zone - Nintendo Switch (1-4 Persons) ครับ • Nintendo Switch Zone - Nintendo Switch (1-2 Persons) (60 นาที, 1-2 คน) • Nintendo Switch Zone - Nintendo Switch (1-4 Persons) (60 นาที, 1-4 คน) จากนั้นเลือกวัน รอบเวลา กรอกข้อมูลผู้ใช้บริการ ชำระเงิน และแนบสลิปเพื่อยืนยันการจอง แหล่งข้อมูล: https://esports.computing.psu.ac.th/",pipeline:structured_booking_game_service_selection,reservation/how_to,100.0,True,1.4214,0,,,
MB-0816-AS-012,availability_service,psu_fact,Nintendo Switch (1-4 Persons) มีเกมอะไรบ้าง,"Nintendo Switch Zone มีเกมที่ยืนยันได้ดังนี้ Nintendo Switch (1-4 Persons) (60 นาที, 1-4 คน) • Pokémon Champions • Animal Crossing: New Horizons • It Takes Two • Little Nightmares II • Luigi's Mansion 3 • Mario Kart 8 Deluxe • Mario Party Superstars • Monster Hunter Rise • Moving Out 2 • New Super Mario Bros. U Deluxe • Nintendo Switch Sports • Overcooked! • Overcooked! 2 • Ring Fit Adventure • Super Mario Odyssey • Super Smash Bros Ultimate • The Legend of Zelda: Breath of The Wild หมายเหตุ: Nintendo Switch แบบ 1-2 Persons และ 1-4 Persons ใช้รายการเกมเดียวกัน แหล่งข้อมูล: https://esports.computing.psu.ac.th/",pipeline:structured_service_game_availability,games/list,100.0,True,0.3378,0,,,
MB-0817-AS-013,availability_service,psu_fact,Nintendo Switch (1-4 Persons) เล่นได้กี่คน,บริการที่ถามรองรับผู้เล่นตามข้อมูลนี้ครับ • Nintendo Switch (1-2 Persons): 1-2 คน ต่อรอบ 60 นาที • Nintendo Switch (1-4 Persons): 1-4 คน ต่อรอบ 60 นาที แหล่งข้อมูล: https://esports.computing.psu.ac.th/,pipeline:structured_service_capacity,reservation/count,100.0,True,0.2745,0,,,
MB-0818-AS-014,availability_service,psu_fact,Cockpit #01-#02 มีเกมอะไรบ้าง,"Cockpit Zone มีเกมที่ยืนยันได้ดังนี้ Cockpit #01-#02 (60 นาที, 1 คน) • Gran Turismo 7 หมายเหตุ: Cockpit มี 2 เครื่อง และใช้รายการเกมเดียวกัน แหล่งข้อมูล: https://esports.computing.psu.ac.th/",pipeline:structured_service_game_availability,games/list,100.0,True,0.2455,0,,,
MB-0819-AS-015,availability_service,psu_fact,Cockpit #01-#02 เล่นได้กี่คน,บริการที่ถามรองรับผู้เล่นตามข้อมูลนี้ครับ • Cockpit #01-#02: 1 คน ต่อรอบ 60 นาที แหล่งข้อมูล: https://esports.computing.psu.ac.th/,pipeline:structured_service_capacity,reservation/count,100.0,True,4.3042,0,,,
MB-0820-AS-016,availability_service,psu_fact,Cockpit Zone รายการเกมมีอะไรบ้าง,"Cockpit Zone มีเกมที่ยืนยันได้ดังนี้ Cockpit #01-#02 (60 นาที, 1 คน) • Gran Turismo 7 หมายเหตุ: Cockpit มี 2 เครื่อง และใช้รายการเกมเดียวกัน แหล่งข้อมูล: https://esports.computing.psu.ac.th/",pipeline:structured_service_game_availability,games/list,100.0,True,0.3198,0,,,
MB-0821-AG-155,availability_game,psu_fact,Gran Turismo 7 เล่นได้ที่เครื่องไหน,ได้ครับ Gran Turismo 7 เล่นได้ที่ Cockpit Zone - Cockpit #01-#02 แหล่งข้อมูล: https://esports.computing.psu.ac.th/,pipeline:structured_service_game_availability,games/game_availability_lookup,100.0,True,1.7607,0,,,
MB-0822-AG-156,availability_game,psu_fact,มี Gran Turismo 7 ไหม,ได้ครับ Gran Turismo 7 เล่นได้ที่ Cockpit Zone - Cockpit #01-#02 แหล่งข้อมูล: https://esports.computing.psu.ac.th/,pipeline:structured_service_game_availability,games/game_availability_lookup,100.0,True,0.3505,0,,,
MB-0823-AG-157,availability_game,psu_fact,Gran Turismo 7 อยู่โซนไหน,ได้ครับ Gran Turismo 7 เล่นได้ที่ Cockpit Zone - Cockpit #01-#02 แหล่งข้อมูล: https://esports.computing.psu.ac.th/,pipeline:structured_service_game_availability,games/game_availability_lookup,100.0,True,1.2919,0,,,
MB-0824-AG-158,availability_game,psu_fact,ถ้าจะเล่น Gran Turismo 7 ต้องจองอะไร,"ถ้าจะเล่น Gran Turismo 7 ให้จอง Cockpit Zone - Cockpit #01-#02 ครับ • Cockpit Zone - Cockpit #01-#02 (60 นาที, 1 คน) จากนั้นเลือกวัน รอบเวลา กรอกข้อมูลผู้ใช้บริการ ชำระเงิน และแนบสลิปเพื่อยืนยันการจอง แหล่งข้อมูล: https://esports.computing.psu.ac.th/",pipeline:structured_booking_game_service_selection,reservation/how_to,100.0,True,1.1448,0,,,
MB-0825-AS-017,availability_service,psu_fact,VR Station 30 นาที มีเกมอะไรบ้าง,"VR Zone มีเกมที่ยืนยันได้ดังนี้ VR Station 30 นาที (30 นาที, 1-5 คน) • Beat Saber • Horizon Call of the Mountain • Resident Evil 4 • Resident Evil Village หมายเหตุ: VR Station แบบ 30 นาทีและ 1 ชั่วโมงใช้รายการเกมเดียวกัน แหล่งข้อมูล: https://esports.computing.psu.ac.th/",pipeline:structured_service_game_availability,games/list,100.0,True,0.3174,0,,,
MB-0826-AS-018,availability_service,psu_fact,VR Station 30 นาที เล่นได้กี่คน,บริการที่ถามรองรับผู้เล่นตามข้อมูลนี้ครับ • VR Station 30 นาที: 1-5 คน ต่อรอบ 30 นาที แหล่งข้อมูล: https://esports.computing.psu.ac.th/,pipeline:structured_service_capacity,reservation/count,100.0,True,5.2137,0,,,
MB-0827-AS-019,availability_service,psu_fact,VR Zone รายการเกมมีอะไรบ้าง,"VR Station มีเกมที่ยืนยันได้ดังนี้ (รอบ 30 นาทีและ 1 ชั่วโมงใช้รายการเกมเดียวกัน) VR Station 30 นาที (30 นาที, 1-5 คน) • Beat Saber • Horizon Call of the Mountain • Resident Evil 4 • Resident Evil Village หมายเหตุ: VR Station แบบ 30 นาทีและ 1 ชั่วโมงใช้รายการเกมเดียวกัน แหล่งข้อมูล: https://esports.computing.psu.ac.th/",pipeline:structured_service_game_availability,games/list,100.0,True,0.293,0,,,
MB-0828-AG-159,availability_game,psu_fact,Beat Saber เล่นได้ที่เครื่องไหน,"ได้ครับ Beat Saber เล่นได้ที่ VR Zone - VR Station 30 นาที, VR Zone - VR Station 1 ชั่วโมง แหล่งข้อมูล: https://esports.computing.psu.ac.th/",pipeline:structured_service_game_availability,games/game_availability_lookup,100.0,True,1.6962,0,,,
MB-0829-AG-160,availability_game,psu_fact,มี Beat Saber ไหม,"ได้ครับ Beat Saber เล่นได้ที่ VR Zone - VR Station 30 นาที, VR Zone - VR Station 1 ชั่วโมง แหล่งข้อมูล: https://esports.computing.psu.ac.th/",pipeline:structured_service_game_availability,games/game_availability_lookup,100.0,True,0.328,0,,,
MB-0830-AG-161,availability_game,psu_fact,Beat Saber อยู่โซนไหน,"ได้ครับ Beat Saber เล่นได้ที่ VR Zone - VR Station 30 นาที, VR Zone - VR Station 1 ชั่วโมง แหล่งข้อมูล: https://esports.computing.psu.ac.th/",pipeline:structured_service_game_availability,games/game_availability_lookup,100.0,True,1.3258,0,,,
MB-0831-AG-162,availability_game,psu_fact,ถ้าจะเล่น Beat Saber ต้องจองอะไร,"ถ้าจะเล่น Beat Saber ให้จอง VR Zone - VR Station 30 นาที หรือ VR Zone - VR Station 1 ชั่วโมง ครับ • VR Zone - VR Station 30 นาที (30 นาที, 1-5 คน) • VR Zone - VR Station 1 ชั่วโมง (60 นาที, 1-5 คน) จากนั้นเลือกวัน รอบเวลา กรอกข้อมูลผู้ใช้บริการ ชำระเงิน และแนบสลิปเพื่อยืนยันการจอง แหล่งข้อมูล: https://esports.computing.psu.ac.th/",pipeline:structured_booking_game_service_selection,reservation/how_to,100.0,True,1.1601,0,,,
MB-0832-AG-163,availability_game,psu_fact,Horizon Call of the Mountain เล่นได้ที่เครื่องไหน,"ได้ครับ Horizon Call of the Mountain เล่นได้ที่ VR Zone - VR Station 30 นาที, VR Zone - VR Station 1 ชั่วโมง แหล่งข้อมูล: https://esports.computing.psu.ac.th/",pipeline:structured_service_game_availability,games/game_availability_lookup,100.0,True,1.5839,0,,,
MB-0833-AG-164,availability_game,psu_fact,มี Horizon Call of the Mountain ไหม,"ได้ครับ Horizon Call of the Mountain เล่นได้ที่ VR Zone - VR Station 30 นาที, VR Zone - VR Station 1 ชั่วโมง แหล่งข้อมูล: https://esports.computing.psu.ac.th/",pipeline:structured_service_game_availability,games/detail,100.0,True,1.3812,0,,,
MB-0834-AG-165,availability_game,psu_fact,Horizon Call of the Mountain อยู่โซนไหน,"ได้ครับ Horizon Call of the Mountain เล่นได้ที่ VR Zone - VR Station 30 นาที, VR Zone - VR Station 1 ชั่วโมง แหล่งข้อมูล: https://esports.computing.psu.ac.th/",pipeline:structured_service_game_availability,games/game_availability_lookup,100.0,True,1.48,0,,,
MB-0835-AG-166,availability_game,psu_fact,ถ้าจะเล่น Horizon Call of the Mountain ต้องจองอะไร,"ถ้าจะเล่น Horizon Call of the Mountain ให้จอง VR Zone - VR Station 30 นาที หรือ VR Zone - VR Station 1 ชั่วโมง ครับ • VR Zone - VR Station 30 นาที (30 นาที, 1-5 คน) • VR Zone - VR Station 1 ชั่วโมง (60 นาที, 1-5 คน) จากนั้นเลือกวัน รอบเวลา กรอกข้อมูลผู้ใช้บริการ ชำระเงิน และแนบสลิปเพื่อยืนยันการจอง แหล่งข้อมูล: https://esports.computing.psu.ac.th/",pipeline:structured_booking_game_service_selection,reservation/how_to,100.0,True,1.2157,0,,,
MB-0836-AS-020,availability_service,psu_fact,VR Station 1 ชั่วโมง มีเกมอะไรบ้าง,"VR Zone มีเกมที่ยืนยันได้ดังนี้ VR Station 1 ชั่วโมง (60 นาที, 1-5 คน) • Beat Saber • Horizon Call of the Mountain • Resident Evil 4 • Resident Evil Village หมายเหตุ: VR Station แบบ 30 นาทีและ 1 ชั่วโมงใช้รายการเกมเดียวกัน แหล่งข้อมูล: https://esports.computing.psu.ac.th/",pipeline:structured_service_game_availability,games/list,100.0,True,0.3502,0,,,
MB-0837-AS-021,availability_service,psu_fact,VR Station 1 ชั่วโมง เล่นได้กี่คน,บริการที่ถามรองรับผู้เล่นตามข้อมูลนี้ครับ • VR Station 1 ชั่วโมง: 1-5 คน ต่อรอบ 60 นาที แหล่งข้อมูล: https://esports.computing.psu.ac.th/,pipeline:structured_service_capacity,reservation/count,100.0,True,5.1206,0,,,
MB-0838-AMS-001,availability_machine_split,psu_fact,PC #01 มี Call of Duty: Warzone ไหม,PC #01-#02 ไม่มี Call of Duty: Warzone ครับ Call of Duty: Warzone เล่นได้ที่ PC #03-#10 เกมที่มีใน PC #01-#02: • TEKKEN 8 • Counter-Strike 2 • League of Legends • PUBG: BATTLEGROUNDS • VALORANT แหล่งข้อมูล: https://esports.computing.psu.ac.th/,pipeline:structured_service_game_availability_no_match,games/game_availability_lookup,100.0,True,0.3113,0,,,
MB-0839-AMS-002,availability_machine_split,psu_fact,PC #02 มี Call of Duty: Warzone ไหม,PC #01-#02 ไม่มี Call of Duty: Warzone ครับ Call of Duty: Warzone เล่นได้ที่ PC #03-#10 เกมที่มีใน PC #01-#02: • TEKKEN 8 • Counter-Strike 2 • League of Legends • PUBG: BATTLEGROUNDS • VALORANT แหล่งข้อมูล: https://esports.computing.psu.ac.th/,pipeline:structured_service_game_availability_no_match,games/game_availability_lookup,100.0,True,0.3223,0,,,
MB-0840-AMS-003,availability_machine_split,psu_fact,PC #03 มี TEKKEN 8 ไหม,PC #03-#10 ไม่มี TEKKEN 8 ครับ TEKKEN 8 เล่นได้ที่ PC #01-#02 เกมที่มีใน PC #03-#10: • Call of Duty: Warzone • Counter-Strike 2 • League of Legends • PUBG: BATTLEGROUNDS • VALORANT แหล่งข้อมูล: https://esports.computing.psu.ac.th/,pipeline:structured_service_game_availability_no_match,games/game_availability_lookup,100.0,True,1.3957,0,,,
MB-0841-AMS-004,availability_machine_split,psu_fact,PC #10 มี TEKKEN 8 ไหม,PC #03-#10 ไม่มี TEKKEN 8 ครับ TEKKEN 8 เล่นได้ที่ PC #01-#02 เกมที่มีใน PC #03-#10: • Call of Duty: Warzone • Counter-Strike 2 • League of Legends • PUBG: BATTLEGROUNDS • VALORANT แหล่งข้อมูล: https://esports.computing.psu.ac.th/,pipeline:structured_service_game_availability_no_match,games/game_availability_lookup,100.0,True,1.1603,0,,,
MB-0842-AS-022,availability_service,psu_fact,PC เครื่อง 1 รายการเกมมีอะไรบ้าง,"PC Zone มีเกมที่ยืนยันได้ดังนี้ PC #01-#02 (60 นาที, 1 คน) • TEKKEN 8 • Counter-Strike 2 • League of Legends • PUBG: BATTLEGROUNDS • VALORANT หมายเหตุ: PC #01-#02 มี TEKKEN 8 แต่ไม่มี Call of Duty: Warzone หมายเหตุ: PC #01-#02 และ PC #03-#10 มี Counter-Strike 2, League of Legends, PUBG: BATTLEGROUNDS, VALORANT เหมือนกัน แหล่งข้อมูล: https://esports.computing.psu.ac.th/",pipeline:structured_service_game_availability,games/list,100.0,True,1.1327,0,,,
MB-0843-AS-023,availability_service,psu_fact,PC เครื่อง 3 รายการเกมมีอะไรบ้าง,"PC Zone มีเกมที่ยืนยันได้ดังนี้ PC #03-#10 (60 นาที, 1 คน) • Call of Duty: Warzone • Counter-Strike 2 • League of Legends • PUBG: BATTLEGROUNDS • VALORANT หมายเหตุ: PC #03-#10 มี Call of Duty: Warzone แต่ไม่มี TEKKEN 8 หมายเหตุ: PC #01-#02 และ PC #03-#10 มี Counter-Strike 2, League of Legends, PUBG: BATTLEGROUNDS, VALORANT เหมือนกัน แหล่งข้อมูล: https://esports.computing.psu.ac.th/",pipeline:structured_service_game_availability,games/list,100.0,True,1.1345,0,,,
MB-0844-GD-001,game_detail,psu_fact,PUBG เป็นเกมแนวไหน,PUBG: BATTLEGROUNDS: PUBG: BATTLEGROUNDS คือเกมเอาชีวิตรอดที่ผู้เล่นลงสนาม ค้นหาอาวุธและอุปกรณ์ แล้วพยายามอยู่รอดเป็นคนหรือทีมสุดท้าย แนวเกม: เกม Battle Royale วิธีเล่นโดยสรุป: เลือกจุดลง หาอาวุธ เข้าโซนปลอดภัย วางตำแหน่ง และต่อสู้กับทีมอื่นจนเหลือผู้ชนะท้ายเกม เล่นได้ที่: PC Zone แหล่งข้อมูล: https://esports.computing.psu.ac.th/reservation,pipeline:structured_game_detail,games/game_detail_lookup,100.0,True,1.6639,0,,,
MB-0845-GD-002,game_detail,psu_fact,PUBG เล่นยังไง,PUBG: BATTLEGROUNDS: PUBG: BATTLEGROUNDS คือเกมเอาชีวิตรอดที่ผู้เล่นลงสนาม ค้นหาอาวุธและอุปกรณ์ แล้วพยายามอยู่รอดเป็นคนหรือทีมสุดท้าย แนวเกม: เกม Battle Royale วิธีเล่นโดยสรุป: เลือกจุดลง หาอาวุธ เข้าโซนปลอดภัย วางตำแหน่ง และต่อสู้กับทีมอื่นจนเหลือผู้ชนะท้ายเกม เล่นได้ที่: PC Zone แหล่งข้อมูล: https://esports.computing.psu.ac.th/reservation,pipeline:structured_game_detail,games/game_detail_lookup,100.0,True,1.2377,0,,,
MB-0846-GD-003,game_detail,psu_fact,PUBG เล่นได้ที่ไหน,"ได้ครับ PUBG: BATTLEGROUNDS เล่นได้ที่ PC Zone - PC #01-#02, PC Zone - PC #03-#10 แหล่งข้อมูล: https://esports.computing.psu.ac.th/",pipeline:structured_service_game_availability,games/game_availability_lookup,100.0,True,1.2687,0,,,
MB-0847-GD-004,game_detail,psu_fact,Call of Duty เป็นเกมแนวไหน,Call of Duty มีหลายเกมในรายการปัจจุบันครับ คำถามนี้จึงยังไม่ชัดว่าหมายถึงเกมไหน ถ้าต้องการถามเรื่องข้อมูลเกม ขอเลือกเกมก่อน: • Call of Duty: Modern Warfare III (PlayStation 5 Zone) • Call of Duty: Warzone (PC Zone),pipeline:ambiguity_clarification,clarification/ambiguity_gate_clarification,100.0,True,0.9584,1,universal_intent,,
MB-0848-GD-005,game_detail,psu_fact,Call of Duty เล่นยังไง,Call of Duty มีหลายเกมในรายการปัจจุบันครับ คำถามนี้จึงยังไม่ชัดว่าหมายถึงเกมไหน ถ้าต้องการถามเรื่องวิธีเล่น ขอเลือกเกมก่อน: • Call of Duty: Modern Warfare III (PlayStation 5 Zone) • Call of Duty: Warzone (PC Zone) พิมพ์ต่อได้ เช่น `Call of Duty: Modern Warfare III เล่นยังไง`,pipeline:ambiguity_clarification,clarification/ambiguity_gate_clarification,100.0,True,1.0154,1,universal_intent,,
MB-0849-GD-006,game_detail,psu_fact,Call of Duty เล่นได้ที่ไหน,พบเกมที่เกี่ยวข้องกับ Call of Duty ในรายการที่ยืนยันได้ครับ • Call of Duty: Modern Warfare III: เล่นได้ที่ PlayStation 5 Zone • Call of Duty: Warzone: เล่นได้ที่ PC Zone แหล่งข้อมูล: https://esports.phuket.psu.ac.th/Services/our-games,pipeline:structured_games_family,games/list,100.0,True,1.2898,0,,,
MB-0850-GD-007,game_detail,psu_fact,The Last of Us Part I เป็นเกมแนวไหน,"The Last of Us Part I / Part II: The Last of Us คือเกมผจญภัยเอาตัวรอดที่เน้นเนื้อเรื่อง การลอบเร้น และการจัดการทรัพยากร แนวเกม: เกม Action-Adventure / Survival วิธีเล่นโดยสรุป: สำรวจ ฉวยโอกาสลอบเร้น ต่อสู้ เก็บทรัพยากร และดำเนินเรื่องผ่านภารกิจต่าง ๆ เล่นได้ที่: PlayStation 5 Zone รายการปัจจุบันในระบบจอง: The Last of Us Part I, The Last of Us Part II (Remastered) แหล่งข้อมูล: https://esports.phuket.psu.ac.th/Services/our-games",pipeline:structured_game_detail,games/game_detail_lookup,100.0,True,1.5136,0,,,
MB-0851-GD-008,game_detail,psu_fact,The Last of Us Part I เล่นยังไง,"The Last of Us Part I / Part II: The Last of Us คือเกมผจญภัยเอาตัวรอดที่เน้นเนื้อเรื่อง การลอบเร้น และการจัดการทรัพยากร แนวเกม: เกม Action-Adventure / Survival วิธีเล่นโดยสรุป: สำรวจ ฉวยโอกาสลอบเร้น ต่อสู้ เก็บทรัพยากร และดำเนินเรื่องผ่านภารกิจต่าง ๆ เล่นได้ที่: PlayStation 5 Zone รายการปัจจุบันในระบบจอง: The Last of Us Part I, The Last of Us Part II (Remastered) แหล่งข้อมูล: https://esports.phuket.psu.ac.th/Services/our-games",pipeline:structured_game_detail,games/game_detail_lookup,100.0,True,1.3373,0,,,
MB-0852-GD-009,game_detail,psu_fact,The Last of Us Part I เล่นได้ที่ไหน,ได้ครับ The Last of Us Part I เล่นได้ที่ PlayStation 5 Zone - PlayStation 5 #01-#02 แหล่งข้อมูล: https://esports.computing.psu.ac.th/,pipeline:structured_service_game_availability,games/game_availability_lookup,100.0,True,1.3365,0,,,
MB-0853-GD-010,game_detail,psu_fact,Uncharted เป็นเกมแนวไหน,Uncharted: Legacy of Thieves Collection: Uncharted คือเกมผจญภัยแนวล่าสมบัติที่เน้นปีนป่าย สำรวจ แก้ปริศนา และฉากแอ็กชัน แนวเกม: เกม Action-Adventure วิธีเล่นโดยสรุป: สำรวจฉาก ปีนป่าย แก้ปริศนา ยิงต่อสู้ และดำเนินเรื่องผ่านภารกิจ เล่นได้ที่: PlayStation 5 Zone แหล่งข้อมูล: https://esports.phuket.psu.ac.th/Services/our-games,pipeline:structured_game_detail,games/game_detail_lookup,100.0,True,1.5341,0,,,
MB-0854-GD-011,game_detail,psu_fact,Uncharted เล่นยังไง,Uncharted: Legacy of Thieves Collection: Uncharted คือเกมผจญภัยแนวล่าสมบัติที่เน้นปีนป่าย สำรวจ แก้ปริศนา และฉากแอ็กชัน แนวเกม: เกม Action-Adventure วิธีเล่นโดยสรุป: สำรวจฉาก ปีนป่าย แก้ปริศนา ยิงต่อสู้ และดำเนินเรื่องผ่านภารกิจ เล่นได้ที่: PlayStation 5 Zone แหล่งข้อมูล: https://esports.phuket.psu.ac.th/Services/our-games,pipeline:structured_game_detail,games/game_detail_lookup,100.0,True,1.2928,0,,,
MB-0855-GD-012,game_detail,psu_fact,Uncharted เล่นได้ที่ไหน,ได้ครับ Uncharted: Legacy of Thieves Collection เล่นได้ที่ PlayStation 5 Zone - PlayStation 5 #01-#02 แหล่งข้อมูล: https://esports.computing.psu.ac.th/,pipeline:structured_service_game_availability,games/game_availability_lookup,100.0,True,1.3085,0,,,
MB-0856-GD-013,game_detail,psu_fact,Animal Crossing เป็นเกมแนวไหน,Animal Crossing: New Horizons: Animal Crossing: New Horizons คือเกมใช้ชีวิตบนเกาะ ผู้เล่นตกแต่งบ้าน เก็บของ สร้างพื้นที่ และพูดคุยกับชาวเกาะ แนวเกม: เกม Life Simulation วิธีเล่นโดยสรุป: เล่นแบบสบาย ๆ โดยเก็บทรัพยากร ตกปลา จับแมลง ตกแต่งเกาะ และทำกิจกรรมประจำวัน เล่นได้ที่: Nintendo Switch Zone แหล่งข้อมูล: https://esports.phuket.psu.ac.th/Services/our-games,pipeline:structured_game_detail,games/game_detail_lookup,100.0,True,1.6228,0,,,
MB-0857-GD-014,game_detail,psu_fact,Animal Crossing เล่นยังไง,Animal Crossing: New Horizons: Animal Crossing: New Horizons คือเกมใช้ชีวิตบนเกาะ ผู้เล่นตกแต่งบ้าน เก็บของ สร้างพื้นที่ และพูดคุยกับชาวเกาะ แนวเกม: เกม Life Simulation วิธีเล่นโดยสรุป: เล่นแบบสบาย ๆ โดยเก็บทรัพยากร ตกปลา จับแมลง ตกแต่งเกาะ และทำกิจกรรมประจำวัน เล่นได้ที่: Nintendo Switch Zone แหล่งข้อมูล: https://esports.phuket.psu.ac.th/Services/our-games,pipeline:structured_game_detail,games/game_detail_lookup,100.0,True,1.3242,0,,,
MB-0858-GD-015,game_detail,psu_fact,Animal Crossing เล่นได้ที่ไหน,"ได้ครับ Animal Crossing: New Horizons เล่นได้ที่ Nintendo Switch Zone - Nintendo Switch (1-2 Persons), Nintendo Switch Zone - Nintendo Switch (1-4 Persons) แหล่งข้อมูล: https://esports.computing.psu.ac.th/",pipeline:structured_service_game_availability,games/game_availability_lookup,100.0,True,1.3824,0,,,
MB-0859-GD-016,game_detail,psu_fact,The Legend of Zelda เป็นเกมแนวไหน,The Legend of Zelda: Breath of The Wild: The Legend of Zelda: Breath of the Wild คือเกมผจญภัยโลกเปิดที่ให้ผู้เล่นสำรวจ ต่อสู้ แก้ปริศนา และทดลองวิธีผ่านสถานการณ์ต่าง ๆ แนวเกม: เกม Open-world Adventure วิธีเล่นโดยสรุป: สำรวจแผนที่ เก็บอาวุธ/อาหาร แก้ shrine ต่อสู้ และเลือกเส้นทางการผจญภัยเองได้มาก เล่นได้ที่: Nintendo Switch Zone แหล่งข้อมูล: https://esports.phuket.psu.ac.th/Services/our-games,pipeline:structured_game_detail,games/game_detail_lookup,100.0,True,1.7013,0,,,
MB-0860-GD-017,game_detail,psu_fact,The Legend of Zelda เล่นยังไง,The Legend of Zelda: Breath of The Wild: The Legend of Zelda: Breath of the Wild คือเกมผจญภัยโลกเปิดที่ให้ผู้เล่นสำรวจ ต่อสู้ แก้ปริศนา และทดลองวิธีผ่านสถานการณ์ต่าง ๆ แนวเกม: เกม Open-world Adventure วิธีเล่นโดยสรุป: สำรวจแผนที่ เก็บอาวุธ/อาหาร แก้ shrine ต่อสู้ และเลือกเส้นทางการผจญภัยเองได้มาก เล่นได้ที่: Nintendo Switch Zone แหล่งข้อมูล: https://esports.phuket.psu.ac.th/Services/our-games,pipeline:structured_game_detail,games/game_detail_lookup,100.0,True,1.4841,0,,,
MB-0861-GD-018,game_detail,psu_fact,The Legend of Zelda เล่นได้ที่ไหน,"ได้ครับ The Legend of Zelda: Breath of The Wild เล่นได้ที่ Nintendo Switch Zone - Nintendo Switch (1-2 Persons), Nintendo Switch Zone - Nintendo Switch (1-4 Persons) แหล่งข้อมูล: https://esports.computing.psu.ac.th/",pipeline:structured_service_game_availability,games/game_availability_lookup,100.0,True,1.3888,0,,,
MB-0862-GC-156,game_controls,psu_fact,Animal Crossing ใช้จอยยังไง,Animal Crossing: New Horizons มีข้อมูลปุ่มควบคุมดังนี้: Nintendo Switch • L (Left Stick): เคลื่อนที่ - บังคับทิศทางการเดินของตัวละคร • R (Right Stick): มุมกล้อง - ปรับมุมมองกล้อง ขึ้นหรือลง • A: โต้ตอบ / ใช้ไอเทม / ย้ายเฟอร์นิเจอร์ (กดค้าง) - โต้ตอบกับสิ่งแวดล้อม คุยกับ NPC ใช้ไอเทม และกดค้างเพื่อย้ายเฟอร์นิเจอร์ • B: ยกเลิก - ยกเลิกคำสั่งหรือออกจากเมนู • X: กระเป๋าช่องเก็บของ - เปิดหน้าต่างช่องเก็บของที่พกติดตัว • Y: หยิบไอเทม - หยิบไอเทมที่อยู่บนพื้น • D-Pad Up: วงล้อเครื่องมือ - เปิดเมนูวงล้อเพื่อเลือกหยิบเครื่องมืออย่างรวดเร็ว • D-Pad Left / Right: สลับเครื่องมือ - สลับไปถือเครื่องมือชิ้นอื่นในกระเป๋าซ้ายหรือขวา • D-Pad Down: เก็บเครื่องมือ - เก็บเครื่องมือในมือลงกระเป๋าทันที • ZL: สมาร์,pipeline:structured_game_controls,games/game_control_lookup,100.0,True,0.3086,0,,,
MB-0863-GC-157,game_controls,psu_fact,ปุ่มของ Animal Crossing มีอะไรบ้าง,Animal Crossing: New Horizons มีข้อมูลปุ่มควบคุมดังนี้: Nintendo Switch • L (Left Stick): เคลื่อนที่ - บังคับทิศทางการเดินของตัวละคร • R (Right Stick): มุมกล้อง - ปรับมุมมองกล้อง ขึ้นหรือลง • A: โต้ตอบ / ใช้ไอเทม / ย้ายเฟอร์นิเจอร์ (กดค้าง) - โต้ตอบกับสิ่งแวดล้อม คุยกับ NPC ใช้ไอเทม และกดค้างเพื่อย้ายเฟอร์นิเจอร์ • B: ยกเลิก - ยกเลิกคำสั่งหรือออกจากเมนู • X: กระเป๋าช่องเก็บของ - เปิดหน้าต่างช่องเก็บของที่พกติดตัว • Y: หยิบไอเทม - หยิบไอเทมที่อยู่บนพื้น • D-Pad Up: วงล้อเครื่องมือ - เปิดเมนูวงล้อเพื่อเลือกหยิบเครื่องมืออย่างรวดเร็ว • D-Pad Left / Right: สลับเครื่องมือ - สลับไปถือเครื่องมือชิ้นอื่นในกระเป๋าซ้ายหรือขวา • D-Pad Down: เก็บเครื่องมือ - เก็บเครื่องมือในมือลงกระเป๋าทันที • ZL: สมาร์,pipeline:structured_game_controls,games/game_control_lookup,100.0,True,0.3643,0,,,
MB-0864-GC-158,game_controls,psu_fact,Animal Crossing ถ้าจะเคลื่อนที่ต้องกดอะไร,Animal Crossing: New Horizons ปุ่มที่ตรงกับคำถาม: Nintendo Switch • L (Left Stick): เคลื่อนที่ - บังคับทิศทางการเดินของตัวละคร แหล่งข้อมูล: https://gameinputdatabase.com/game/66,pipeline:structured_game_controls,games/game_control_lookup,100.0,True,0.4347,0,,,
MB-0865-GC-159,game_controls,psu_fact,Animal Crossing ถ้าจะมุมกล้องต้องกดอะไร,Animal Crossing: New Horizons ปุ่มที่ตรงกับคำถาม: Nintendo Switch • R (Right Stick): มุมกล้อง - ปรับมุมมองกล้อง ขึ้นหรือลง แหล่งข้อมูล: https://gameinputdatabase.com/game/66,pipeline:structured_game_controls,games/game_control_lookup,100.0,True,0.3837,0,,,
MB-0866-GC-160,game_controls,psu_fact,Animal Crossing ถ้าจะโต้ตอบ / ใช้ไอเทม / ย้ายเฟอร์นิเจอร์ (กดค้าง)ต้องกดอะไร,Animal Crossing: New Horizons ปุ่มที่ตรงกับคำถาม: Nintendo Switch • A: โต้ตอบ / ใช้ไอเทม / ย้ายเฟอร์นิเจอร์ (กดค้าง) - โต้ตอบกับสิ่งแวดล้อม คุยกับ NPC ใช้ไอเทม และกดค้างเพื่อย้ายเฟอร์นิเจอร์ • Y: หยิบไอเทม - หยิบไอเทมที่อยู่บนพื้น แหล่งข้อมูล: https://gameinputdatabase.com/game/66,pipeline:structured_game_controls,games/game_control_lookup,100.0,True,0.6781,0,,,
MB-0867-GC-161,game_controls,psu_fact,Animal Crossing ถ้าจะยกเลิกต้องกดอะไร,Animal Crossing: New Horizons ปุ่มที่ตรงกับคำถาม: Nintendo Switch • B: ยกเลิก - ยกเลิกคำสั่งหรือออกจากเมนู แหล่งข้อมูล: https://gameinputdatabase.com/game/66,pipeline:structured_game_controls,games/game_control_lookup,100.0,True,0.3961,0,,,
MB-0868-GC-162,game_controls,psu_fact,ปุ่มของ Beat Saber มีอะไรบ้าง,Beat Saber ปุ่มที่ตรงกับคำถาม: PlayStation VR2 / PS5 • Left PS VR2 Sense controller motion: ฟันบล็อกด้วยดาบมือซ้าย - ใช้การขยับคอนโทรลเลอร์ฝั่งซ้ายเพื่อฟันบล็อกตามจังหวะเพลง โดยอิงจากหลักการเล่น Beat Saber ที่ให้ผู้เล่นฟัน beat ใน VR • Right PS VR2 Sense controller motion: ฟันบล็อกด้วยดาบมือขวา - ใช้การขยับคอนโทรลเลอร์ฝั่งขวาเพื่อฟันบล็อกตามจังหวะเพลง โดยอิงจากหลักการเล่น Beat Saber ที่ให้ผู้เล่นฟัน beat ใน VR แหล่งข้อมูล: https://www.playstation.com/en-us/games/beat-saber/,pipeline:structured_game_controls,games/game_control_lookup,100.0,True,0.3363,0,,,
MB-0869-GC-163,game_controls,psu_fact,Beat Saber ถ้าจะฟันบล็อกด้วยดาบมือซ้ายต้องกดอะไร,Beat Saber ปุ่มที่ตรงกับคำถาม: PlayStation VR2 / PS5 • Left PS VR2 Sense controller motion: ฟันบล็อกด้วยดาบมือซ้าย - ใช้การขยับคอนโทรลเลอร์ฝั่งซ้ายเพื่อฟันบล็อกตามจังหวะเพลง โดยอิงจากหลักการเล่น Beat Saber ที่ให้ผู้เล่นฟัน beat ใน VR • Right PS VR2 Sense controller motion: ฟันบล็อกด้วยดาบมือขวา - ใช้การขยับคอนโทรลเลอร์ฝั่งขวาเพื่อฟันบล็อกตามจังหวะเพลง โดยอิงจากหลักการเล่น Beat Saber ที่ให้ผู้เล่นฟัน beat ใน VR แหล่งข้อมูล: https://www.playstation.com/en-us/games/beat-saber/,pipeline:structured_game_controls,games/game_control_lookup,100.0,True,0.495,0,,,
MB-0870-GC-164,game_controls,psu_fact,Beat Saber ถ้าจะฟันบล็อกด้วยดาบมือขวาต้องกดอะไร,Beat Saber ปุ่มที่ตรงกับคำถาม: PlayStation VR2 / PS5 • Left PS VR2 Sense controller motion: ฟันบล็อกด้วยดาบมือซ้าย - ใช้การขยับคอนโทรลเลอร์ฝั่งซ้ายเพื่อฟันบล็อกตามจังหวะเพลง โดยอิงจากหลักการเล่น Beat Saber ที่ให้ผู้เล่นฟัน beat ใน VR • Right PS VR2 Sense controller motion: ฟันบล็อกด้วยดาบมือขวา - ใช้การขยับคอนโทรลเลอร์ฝั่งขวาเพื่อฟันบล็อกตามจังหวะเพลง โดยอิงจากหลักการเล่น Beat Saber ที่ให้ผู้เล่นฟัน beat ใน VR แหล่งข้อมูล: https://www.playstation.com/en-us/games/beat-saber/,pipeline:structured_game_controls,games/game_control_lookup,100.0,True,0.4557,0,,,
MB-0871-GC-165,game_controls,psu_fact,Beat Saber ถ้าจะหลบและจัดตำแหน่งร่างกายต้องกดอะไร,Beat Saber มีข้อมูลปุ่มควบคุมดังนี้: PlayStation VR2 / PS5 • Left PS VR2 Sense controller motion: ฟันบล็อกด้วยดาบมือซ้าย - ใช้การขยับคอนโทรลเลอร์ฝั่งซ้ายเพื่อฟันบล็อกตามจังหวะเพลง โดยอิงจากหลักการเล่น Beat Saber ที่ให้ผู้เล่นฟัน beat ใน VR • Right PS VR2 Sense controller motion: ฟันบล็อกด้วยดาบมือขวา - ใช้การขยับคอนโทรลเลอร์ฝั่งขวาเพื่อฟันบล็อกตามจังหวะเพลง โดยอิงจากหลักการเล่น Beat Saber ที่ให้ผู้เล่นฟัน beat ใน VR • Head/body movement: หลบและจัดตำแหน่งร่างกาย - เป็นข้อมูลวิธีเล่นระดับภาพรวมจากแหล่งทางการ ไม่ใช่ผังคีย์ละเอียดรายปุ่ม แหล่งข้อมูล: https://www.playstation.com/en-us/games/beat-saber/,pipeline:structured_game_controls,games/game_control_lookup,100.0,True,4.3836,0,,,
MB-0872-GC-166,game_controls,psu_fact,Call of Duty ใช้จอยยังไง,Call of Duty มีหลายเกมในรายการปัจจุบันครับ คำถามนี้จึงยังไม่ชัดว่าหมายถึงเกมไหน ถ้าต้องการถามเรื่องปุ่ม/วิธีควบคุม ขอเลือกเกมก่อน: • Call of Duty: Modern Warfare III (PlayStation 5 Zone) • Call of Duty: Warzone (PC Zone) พิมพ์ต่อได้ เช่น `Call of Duty: Modern Warfare III ปุ่มอะไร` หรือ `Call of Duty: Warzone ปุ่มอะไร`,pipeline:ambiguity_clarification,clarification/ambiguity_gate_clarification,100.0,True,0.0926,0,,,
MB-0873-GC-167,game_controls,psu_fact,ปุ่มของ Call of Duty มีอะไรบ้าง,Call of Duty มีหลายเกมในรายการปัจจุบันครับ คำถามนี้จึงยังไม่ชัดว่าหมายถึงเกมไหน ถ้าต้องการถามเรื่องปุ่ม/วิธีควบคุม ขอเลือกเกมก่อน: • Call of Duty: Modern Warfare III (PlayStation 5 Zone) • Call of Duty: Warzone (PC Zone) พิมพ์ต่อได้ เช่น `Call of Duty: Modern Warfare III ปุ่มอะไร` หรือ `Call of Duty: Warzone ปุ่มอะไร`,pipeline:ambiguity_clarification,clarification/ambiguity_gate_clarification,100.0,True,0.1065,0,,,
MB-0874-GC-168,game_controls,psu_fact,Call of Duty ถ้าจะกระโดด / ปีนป่ายต้องกดอะไร,Call of Duty มีหลายเกมในรายการปัจจุบันครับ คำถามนี้จึงยังไม่ชัดว่าหมายถึงเกมไหน ถ้าต้องการถามเรื่องปุ่ม/วิธีควบคุม ขอเลือกเกมก่อน: • Call of Duty: Modern Warfare III (PlayStation 5 Zone) • Call of Duty: Warzone (PC Zone) พิมพ์ต่อได้ เช่น `Call of Duty: Modern Warfare III ปุ่มอะไร` หรือ `Call of Duty: Warzone ปุ่มอะไร`,pipeline:ambiguity_clarification,clarification/ambiguity_gate_clarification,100.0,True,0.1305,0,,,
MB-0875-GC-169,game_controls,psu_fact,Call of Duty ถ้าจะเปลี่ยนท่า / สไลด์ / พุ่งหลบต้องกดอะไร,Call of Duty มีหลายเกมในรายการปัจจุบันครับ คำถามนี้จึงยังไม่ชัดว่าหมายถึงเกมไหน ถ้าต้องการถามเรื่องปุ่ม/วิธีควบคุม ขอเลือกเกมก่อน: • Call of Duty: Modern Warfare III (PlayStation 5 Zone) • Call of Duty: Warzone (PC Zone) พิมพ์ต่อได้ เช่น `Call of Duty: Modern Warfare III ปุ่มอะไร` หรือ `Call of Duty: Warzone ปุ่มอะไร`,pipeline:ambiguity_clarification,clarification/ambiguity_gate_clarification,100.0,True,0.1653,0,,,
MB-0876-GC-170,game_controls,psu_fact,Call of Duty ถ้าจะใช้อุปกรณ์ยุทธวิธีต้องกดอะไร,Call of Duty มีหลายเกมในรายการปัจจุบันครับ คำถามนี้จึงยังไม่ชัดว่าหมายถึงเกมไหน ถ้าต้องการถามเรื่องปุ่ม/วิธีควบคุม ขอเลือกเกมก่อน: • Call of Duty: Modern Warfare III (PlayStation 5 Zone) • Call of Duty: Warzone (PC Zone) พิมพ์ต่อได้ เช่น `Call of Duty: Modern Warfare III ปุ่มอะไร` หรือ `Call of Duty: Warzone ปุ่มอะไร`,pipeline:ambiguity_clarification,clarification/ambiguity_gate_clarification,100.0,True,0.1875,0,,,
MB-0877-GC-171,game_controls,psu_fact,Call of Duty ถ้าจะโจมตีประชิดต้องกดอะไร,Call of Duty มีหลายเกมในรายการปัจจุบันครับ คำถามนี้จึงยังไม่ชัดว่าหมายถึงเกมไหน ถ้าต้องการถามเรื่องปุ่ม/วิธีควบคุม ขอเลือกเกมก่อน: • Call of Duty: Modern Warfare III (PlayStation 5 Zone) • Call of Duty: Warzone (PC Zone) พิมพ์ต่อได้ เช่น `Call of Duty: Modern Warfare III ปุ่มอะไร` หรือ `Call of Duty: Warzone ปุ่มอะไร`,pipeline:ambiguity_clarification,clarification/ambiguity_gate_clarification,100.0,True,0.1154,0,,,
MB-0878-GC-172,game_controls,psu_fact,Call of Duty ถ้าจะย่อตัว / หมอบ / สไลด์ต้องกดอะไร,Call of Duty มีหลายเกมในรายการปัจจุบันครับ คำถามนี้จึงยังไม่ชัดว่าหมายถึงเกมไหน ถ้าต้องการถามเรื่องปุ่ม/วิธีควบคุม ขอเลือกเกมก่อน: • Call of Duty: Modern Warfare III (PlayStation 5 Zone) • Call of Duty: Warzone (PC Zone) พิมพ์ต่อได้ เช่น `Call of Duty: Modern Warfare III ปุ่มอะไร` หรือ `Call of Duty: Warzone ปุ่มอะไร`,pipeline:ambiguity_clarification,clarification/ambiguity_gate_clarification,100.0,True,0.1576,0,,,
MB-0879-GC-173,game_controls,psu_fact,Call of Duty ถ้าจะโต้ตอบ / รีโหลดต้องกดอะไร,Call of Duty มีหลายเกมในรายการปัจจุบันครับ คำถามนี้จึงยังไม่ชัดว่าหมายถึงเกมไหน ถ้าต้องการถามเรื่องปุ่ม/วิธีควบคุม ขอเลือกเกมก่อน: • Call of Duty: Modern Warfare III (PlayStation 5 Zone) • Call of Duty: Warzone (PC Zone) พิมพ์ต่อได้ เช่น `Call of Duty: Modern Warfare III ปุ่มอะไร` หรือ `Call of Duty: Warzone ปุ่มอะไร`,pipeline:ambiguity_clarification,clarification/ambiguity_gate_clarification,100.0,True,0.1292,0,,,
MB-0880-GC-174,game_controls,psu_fact,Call of Duty ถ้าจะสลับอาวุธต้องกดอะไร,Call of Duty มีหลายเกมในรายการปัจจุบันครับ คำถามนี้จึงยังไม่ชัดว่าหมายถึงเกมไหน ถ้าต้องการถามเรื่องปุ่ม/วิธีควบคุม ขอเลือกเกมก่อน: • Call of Duty: Modern Warfare III (PlayStation 5 Zone) • Call of Duty: Warzone (PC Zone) พิมพ์ต่อได้ เช่น `Call of Duty: Modern Warfare III ปุ่มอะไร` หรือ `Call of Duty: Warzone ปุ่มอะไร`,pipeline:ambiguity_clarification,clarification/ambiguity_gate_clarification,100.0,True,0.129,0,,,
MB-0881-GC-175,game_controls,psu_fact,ปุ่มของ Counter-Strike 2 มีอะไรบ้าง,"Counter-Strike 2 มีข้อมูลปุ่มควบคุมดังนี้: PC • W / A / S / D: เคลื่อนที่ - W เดินหน้า, A ไปซ้าย, S ถอยหลัง, D ไปขวา • Left Shift: เดินช้า - เดินแบบลดเสียงเท้า • Left Ctrl: ย่อตัว - ย่อตัว/ก้ม • Spacebar: กระโดด - กระโดด • E: ใช้งาน/โต้ตอบ - ใช้โต้ตอบ เช่น กู้ระเบิดหรือใช้งานวัตถุ • Left Mouse Button: ยิง - ยิงอาวุธ • Right Mouse Button: ยิง/เล็งแบบรอง - โหมดรองของอาวุธตามชนิดอาวุธ • R: รีโหลด - เปลี่ยนกระสุน • Q: สลับกลับอาวุธล่าสุด - กลับไปอาวุธที่ใช้ก่อนหน้า • G: ทิ้งอาวุธ - โยนอาวุธที่ถืออยู่ลงพื้น • B: เปิดเมนูซื้อของ - เปิดเมนูซื้ออาวุธ/อุปกรณ์ • 1 / 2 / 3: เลือกอาวุธ - 1 อาวุธหลัก, 2 อาวุธรอง, 3 มีด • 4: เลือก/วนระเบิด - เลือกกลุ่มระเบิด • Tab: ดูตารางคะแนน - เปิด scoreboard • Y / U: ",pipeline:structured_game_controls,games/game_control_lookup,100.0,True,0.3752,0,,,
MB-0882-GC-176,game_controls,psu_fact,Counter-Strike 2 ถ้าจะเคลื่อนที่ต้องกดอะไร,"Counter-Strike 2 ปุ่มที่ตรงกับคำถาม: PC • W / A / S / D: เคลื่อนที่ - W เดินหน้า, A ไปซ้าย, S ถอยหลัง, D ไปขวา แหล่งข้อมูล: https://www.holy.gg/en/post/counter-strike-2-keyboard-mouse-controls-pc",pipeline:structured_game_controls,games/game_control_lookup,100.0,True,0.4318,0,,,
MB-0883-GC-177,game_controls,psu_fact,Counter-Strike 2 ถ้าจะเดินช้าต้องกดอะไร,Counter-Strike 2 ปุ่มที่ตรงกับคำถาม: PC • Left Shift: เดินช้า - เดินแบบลดเสียงเท้า แหล่งข้อมูล: https://www.holy.gg/en/post/counter-strike-2-keyboard-mouse-controls-pc,pipeline:structured_game_controls,games/game_control_lookup,100.0,True,0.4256,0,,,
MB-0884-GC-178,game_controls,psu_fact,Counter-Strike 2 ถ้าจะย่อตัวต้องกดอะไร,Counter-Strike 2 ปุ่มที่ตรงกับคำถาม: PC • Left Ctrl: ย่อตัว - ย่อตัว/ก้ม แหล่งข้อมูล: https://www.holy.gg/en/post/counter-strike-2-keyboard-mouse-controls-pc,pipeline:structured_game_controls,games/game_control_lookup,100.0,True,0.3982,0,,,
MB-0885-GC-179,game_controls,psu_fact,Counter-Strike 2 ถ้าจะกระโดดต้องกดอะไร,Counter-Strike 2 ปุ่มที่ตรงกับคำถาม: PC • Spacebar: กระโดด - กระโดด แหล่งข้อมูล: https://www.holy.gg/en/post/counter-strike-2-keyboard-mouse-controls-pc,pipeline:structured_game_controls,games/game_control_lookup,100.0,True,0.3927,0,,,
MB-0886-GC-180,game_controls,psu_fact,ปุ่มของ EA Sports FC 24 มีอะไรบ้าง,EA Sports FC 24 มีข้อมูลปุ่มควบคุมดังนี้: PlayStation / PS5 • Cross: ส่งบอลเลียด / โหม่ง - ส่งบอลสั้นเรียบไปกับพื้นให้เพื่อนร่วมทีม หรือใช้โหม่งส่งบอล • Square: ส่งบอลโด่ง / เปิดบอล / โหม่ง - โยนบอลยาวข้ามหัว เปิดบอลจากริมเส้น หรือโหม่งเคลียร์บอล • Triangle: จ่ายบอลทะลุช่อง - จ่ายบอลไปในพื้นที่ว่างให้เพื่อนวิ่งสอดขึ้นไปรับ • Circle: ยิงประตู / วอลเลย์ / โหม่ง - ง้างเท้ายิงประตู โหม่งทำประตู หรือวอลเลย์ • R1 + Cross: ส่งเลียดแบบพุ่งแรง - ส่งบอลเลียดพื้นด้วยความแรงและรวดเร็วกว่าปกติทะลุช่องว่าง • R1 + Circle: ยิงปั่นโค้ง - ยิงด้วยข้างเท้าด้านในเน้นทิศทางให้บอลไซด์โค้ง • L1 + Triangle: ยกบอลทะลุช่อง - ชิพบอลข้ามหัวกองหลังให้เพื่อนวิ่งไปเอาบอล • L1: เปลี่ยนตัวผู้เล่น - สลับการควบคุมไปยังนักเตะคน,pipeline:structured_game_controls,games/game_control_lookup,100.0,True,0.3849,0,,,
MB-0887-GC-181,game_controls,psu_fact,EA Sports FC 24 ถ้าจะส่งบอลเลียด / โหม่งต้องกดอะไร,EA Sports FC 24 ปุ่มที่ตรงกับคำถาม: PlayStation / PS5 • Cross: ส่งบอลเลียด / โหม่ง - ส่งบอลสั้นเรียบไปกับพื้นให้เพื่อนร่วมทีม หรือใช้โหม่งส่งบอล • Square: ส่งบอลโด่ง / เปิดบอล / โหม่ง - โยนบอลยาวข้ามหัว เปิดบอลจากริมเส้น หรือโหม่งเคลียร์บอล • Circle: ยิงประตู / วอลเลย์ / โหม่ง - ง้างเท้ายิงประตู โหม่งทำประตู หรือวอลเลย์ • R1 + Cross: ส่งเลียดแบบพุ่งแรง - ส่งบอลเลียดพื้นด้วยความแรงและรวดเร็วกว่าปกติทะลุช่องว่าง • L2: บังบอล - หันหลังพิงและใช้ร่างกายบังบอลจากคู่ต่อสู้ • L2 (hold) + Direction: บังบอล / คุมเชิง - กดค้างเพื่อย่อตัวคุมเชิงในเกมรับ หรือพิงบังบอลขณะเลี้ยง แหล่งข้อมูล: https://fifauteam.com/fc-24-controls/,pipeline:structured_game_controls,games/game_control_lookup,100.0,True,0.4711,0,,,
MB-0888-GC-182,game_controls,psu_fact,EA Sports FC 24 ถ้าจะส่งบอลโด่ง / เปิดบอล / โหม่งต้องกดอะไร,EA Sports FC 24 ปุ่มที่ตรงกับคำถาม: PlayStation / PS5 • Cross: ส่งบอลเลียด / โหม่ง - ส่งบอลสั้นเรียบไปกับพื้นให้เพื่อนร่วมทีม หรือใช้โหม่งส่งบอล • Square: ส่งบอลโด่ง / เปิดบอล / โหม่ง - โยนบอลยาวข้ามหัว เปิดบอลจากริมเส้น หรือโหม่งเคลียร์บอล • Circle: ยิงประตู / วอลเลย์ / โหม่ง - ง้างเท้ายิงประตู โหม่งทำประตู หรือวอลเลย์ • L2: บังบอล - หันหลังพิงและใช้ร่างกายบังบอลจากคู่ต่อสู้ • L2 (hold) + Direction: บังบอล / คุมเชิง - กดค้างเพื่อย่อตัวคุมเชิงในเกมรับ หรือพิงบังบอลขณะเลี้ยง แหล่งข้อมูล: https://fifauteam.com/fc-24-controls/,pipeline:structured_game_controls,games/game_control_lookup,100.0,True,0.5447,0,,,
MB-0889-GC-183,game_controls,psu_fact,EA Sports FC 24 ถ้าจะจ่ายบอลทะลุช่องต้องกดอะไร,EA Sports FC 24 ปุ่มที่ตรงกับคำถาม: PlayStation / PS5 • Triangle: จ่ายบอลทะลุช่อง - จ่ายบอลไปในพื้นที่ว่างให้เพื่อนวิ่งสอดขึ้นไปรับ • L1 + Triangle: ยกบอลทะลุช่อง - ชิพบอลข้ามหัวกองหลังให้เพื่อนวิ่งไปเอาบอล แหล่งข้อมูล: https://fifauteam.com/fc-24-controls/,pipeline:structured_game_controls,games/game_control_lookup,100.0,True,0.53,0,,,
MB-0890-GC-184,game_controls,psu_fact,EA Sports FC 24 ถ้าจะยิงประตู / วอลเลย์ / โหม่งต้องกดอะไร,EA Sports FC 24 ปุ่มที่ตรงกับคำถาม: PlayStation / PS5 • Cross: ส่งบอลเลียด / โหม่ง - ส่งบอลสั้นเรียบไปกับพื้นให้เพื่อนร่วมทีม หรือใช้โหม่งส่งบอล • Square: ส่งบอลโด่ง / เปิดบอล / โหม่ง - โยนบอลยาวข้ามหัว เปิดบอลจากริมเส้น หรือโหม่งเคลียร์บอล • Circle: ยิงประตู / วอลเลย์ / โหม่ง - ง้างเท้ายิงประตู โหม่งทำประตู หรือวอลเลย์ • R1 + Circle: ยิงปั่นโค้ง - ยิงด้วยข้างเท้าด้านในเน้นทิศทางให้บอลไซด์โค้ง แหล่งข้อมูล: https://fifauteam.com/fc-24-controls/,pipeline:structured_game_controls,games/game_control_lookup,100.0,True,0.564,0,,,
MB-0891-GC-185,game_controls,psu_fact,ปุ่มของ FINAL FANTASY XVI มีอะไรบ้าง,FINAL FANTASY XVI มีข้อมูลปุ่มควบคุมดังนี้: PlayStation / PS5 • Left Stick: เคลื่อนที่ • Right Stick: ควบคุมมุมกล้อง • Square: โจมตีด้วยดาบ / โจมตีระยะประชิด • Triangle: โจมตีเวทมนตร์ • Cross: กระโดด • Circle: ใช้ Eikonic Feat • R1: หลบหลีก • R2: เปิดชุด Eikonic Abilities • R2 + Square / Triangle / Cross / Circle: ใช้ Eikonic Ability ที่ผูกไว้ • L1: ล็อกเป้าหมาย • L2: สลับ Eikon • L3: Animal Instinct • R3: รีเซ็ตมุมกล้อง • L3 + R3: ใช้ Limit Break • Directional Buttons Up / Right / Down: ทางลัดไอเทมหรือคำสั่ง Torgal • Directional Button Left: สลับระหว่างไอเทมกับคำสั่ง Torgal • Options: เปิดเมนูหลัก / หยุดเกม • R2 + Touch Pad: ยั่วยุ แหล่งข้อมูล: https://gamewith.net/final-fantasy-16/article/,pipeline:structured_game_controls,games/game_control_lookup,100.0,True,0.3567,0,,,
MB-0892-GC-186,game_controls,psu_fact,FINAL FANTASY XVI ถ้าจะเคลื่อนที่ต้องกดอะไร,FINAL FANTASY XVI ปุ่มที่ตรงกับคำถาม: PlayStation / PS5 • Left Stick: เคลื่อนที่ แหล่งข้อมูล: https://gamewith.net/final-fantasy-16/article/show/39644,pipeline:structured_game_controls,games/game_control_lookup,100.0,True,0.4414,0,,,
MB-0893-GC-187,game_controls,psu_fact,FINAL FANTASY XVI ถ้าจะควบคุมมุมกล้องต้องกดอะไร,FINAL FANTASY XVI ปุ่มที่ตรงกับคำถาม: PlayStation / PS5 • Right Stick: ควบคุมมุมกล้อง • R3: รีเซ็ตมุมกล้อง แหล่งข้อมูล: https://gamewith.net/final-fantasy-16/article/show/39644,pipeline:structured_game_controls,games/game_control_lookup,100.0,True,0.5522,0,,,
MB-0894-GC-188,game_controls,psu_fact,FINAL FANTASY XVI ถ้าจะโจมตีด้วยดาบ / โจมตีระยะประชิดต้องกดอะไร,FINAL FANTASY XVI ปุ่มที่ตรงกับคำถาม: PlayStation / PS5 • Square: โจมตีด้วยดาบ / โจมตีระยะประชิด • Triangle: โจมตีเวทมนตร์ แหล่งข้อมูล: https://gamewith.net/final-fantasy-16/article/show/39644,pipeline:structured_game_controls,games/game_control_lookup,100.0,True,0.574,0,,,
MB-0895-GC-189,game_controls,psu_fact,FINAL FANTASY XVI ถ้าจะโจมตีเวทมนตร์ต้องกดอะไร,FINAL FANTASY XVI ปุ่มที่ตรงกับคำถาม: PlayStation / PS5 • Square: โจมตีด้วยดาบ / โจมตีระยะประชิด • Triangle: โจมตีเวทมนตร์ แหล่งข้อมูล: https://gamewith.net/final-fantasy-16/article/show/39644,pipeline:structured_game_controls,games/game_control_lookup,100.0,True,0.4945,0,,,
MB-0896-GC-190,game_controls,psu_fact,ปุ่มของ Fortnite มีอะไรบ้าง,"Fortnite มีข้อมูลปุ่มควบคุมดังนี้: PlayStation / PS5 • Options: เปิดเมนูเกม - บน PlayStation ให้กด Options เพื่อเปิดเมนู แล้วเข้า Settings เพื่อดู/แก้ controls • Controller Mapping page: เปลี่ยน preset จอย - Epic ระบุว่าหน้า Controller Mapping มี preset เช่น Old School, Quick Builder, Combat Pro, Builder Pro และ Custom • Builder Pro / Combat Pro / Custom: ชุดปุ่มควบคุม - ข้อมูลนี้เป็น preset ที่ Epic ระบุ ไม่ใช่ผังปุ่มละเอียดของแต่ละ preset แหล่งข้อมูล: https://www.epicgames.com/help/c-202300000001636/c-202300000001719/how-can-i-change-my-fortnite-controls-on-pc-or-console-a202300000014546",pipeline:structured_game_controls,games/game_control_lookup,100.0,True,0.342,0,,,
MB-0897-GC-191,game_controls,psu_fact,Fortnite ถ้าจะเปิดเมนูเกมต้องกดอะไร,Fortnite ปุ่มที่ตรงกับคำถาม: PlayStation / PS5 • Options: เปิดเมนูเกม - บน PlayStation ให้กด Options เพื่อเปิดเมนู แล้วเข้า Settings เพื่อดู/แก้ controls แหล่งข้อมูล: https://www.epicgames.com/help/c-202300000001636/c-202300000001719/how-can-i-change-my-fortnite-controls-on-pc-or-console-a202300000014546,pipeline:structured_game_controls,games/game_control_lookup,100.0,True,0.4208,0,,,
MB-0898-GC-192,game_controls,psu_fact,Fortnite ถ้าจะเปลี่ยน preset จอยต้องกดอะไร,"Fortnite ปุ่มที่ตรงกับคำถาม: PlayStation / PS5 • Controller Mapping page: เปลี่ยน preset จอย - Epic ระบุว่าหน้า Controller Mapping มี preset เช่น Old School, Quick Builder, Combat Pro, Builder Pro และ Custom • Builder Pro / Combat Pro / Custom: ชุดปุ่มควบคุม - ข้อมูลนี้เป็น preset ที่ Epic ระบุ ไม่ใช่ผังปุ่มละเอียดของแต่ละ preset แหล่งข้อมูล: https://www.epicgames.com/help/c-202300000001636/c-202300000001719/how-can-i-change-my-fortnite-controls-on-pc-or-console-a202300000014546",pipeline:structured_game_controls,games/game_control_lookup,100.0,True,0.4719,0,,,
MB-0899-GC-193,game_controls,psu_fact,Fortnite ถ้าจะชุดปุ่มควบคุมต้องกดอะไร,Fortnite ปุ่มที่ตรงกับคำถาม: PlayStation / PS5 • Builder Pro / Combat Pro / Custom: ชุดปุ่มควบคุม - ข้อมูลนี้เป็น preset ที่ Epic ระบุ ไม่ใช่ผังปุ่มละเอียดของแต่ละ preset แหล่งข้อมูล: https://www.epicgames.com/help/c-202300000001636/c-202300000001719/how-can-i-change-my-fortnite-controls-on-pc-or-console-a202300000014546,pipeline:structured_game_controls,games/game_control_lookup,100.0,True,0.3749,0,,,
MB-0900-GC-194,game_controls,psu_fact,ปุ่มของ God of War Ragnarök มีอะไรบ้าง,"God of War Ragnarök มีข้อมูลปุ่มควบคุมดังนี้: PlayStation / PS5 • L: เคลื่อนที่ - บังคับทิศทางการเดิน • L3: วิ่งสปรินต์ - กดเพื่อวิ่ง • L3 + R3: พลังสปาร์ตัน - ระเบิดความโกรธของเครโทสเพื่อเพิ่มพลังโจมตีและฟื้นฟูพลังชีวิต • R: มุมกล้อง - ควบคุมการหมุนมุมกล้อง • R3: ล็อกเป้าหมาย - ล็อกเป้าหมายศัตรู • L2 (Hold): เล็ง (กดค้าง) - ง้างอาวุธเตรียมขว้าง • L1 (Hold): ป้องกัน (กดค้าง) - ยกโล่ขึ้นป้องกันการโจมตี และใช้เป็นปุ่มร่วมสำหรับคำสั่ง Runic/Relic • R1: โจมตีเบา / รูนเบา / ขว้าง - โจมตีปกติเบา, ขว้างอาวุธเมื่อกดเล็ง, หรือใช้ท่ารูนเบาเมื่อกดค้าง L1 • R2: โจมตีหนัก / รูนหนัก - โจมตีปกติหนัก หรือใช้ท่ารูนหนักเมื่อกดค้าง L1 • Triangle: เรียกขวานกลับ / ชาร์จพลังอาวุธ - เรียกขวานกลับเข้ามือ หรือชาร์จพ",pipeline:structured_game_controls,games/game_control_lookup,100.0,True,0.3667,0,,,
MB-0901-GC-195,game_controls,psu_fact,God of War Ragnarök ถ้าจะเคลื่อนที่ต้องกดอะไร,God of War Ragnarök ปุ่มที่ตรงกับคำถาม: PlayStation / PS5 • L: เคลื่อนที่ - บังคับทิศทางการเดิน • L1 (Hold): ป้องกัน (กดค้าง) - ยกโล่ขึ้นป้องกันการโจมตี และใช้เป็นปุ่มร่วมสำหรับคำสั่ง Runic/Relic • Touch Pad: แผนที่ - เปิดแผนที่โลก แหล่งข้อมูล: https://gameinputdatabase.com/game/14,pipeline:structured_game_controls,games/game_control_lookup,100.0,True,0.4745,0,,,
MB-0902-GC-196,game_controls,psu_fact,God of War Ragnarök ถ้าจะวิ่งสปรินต์ต้องกดอะไร,God of War Ragnarök ปุ่มที่ตรงกับคำถาม: PlayStation / PS5 • L3: วิ่งสปรินต์ - กดเพื่อวิ่ง • L1 (Hold): ป้องกัน (กดค้าง) - ยกโล่ขึ้นป้องกันการโจมตี และใช้เป็นปุ่มร่วมสำหรับคำสั่ง Runic/Relic แหล่งข้อมูล: https://gameinputdatabase.com/game/14,pipeline:structured_game_controls,games/game_control_lookup,100.0,True,0.4407,0,,,
MB-0903-GC-197,game_controls,psu_fact,God of War Ragnarök ถ้าจะพลังสปาร์ตันต้องกดอะไร,God of War Ragnarök ปุ่มที่ตรงกับคำถาม: PlayStation / PS5 • L3 + R3: พลังสปาร์ตัน - ระเบิดความโกรธของเครโทสเพื่อเพิ่มพลังโจมตีและฟื้นฟูพลังชีวิต • L1 (Hold): ป้องกัน (กดค้าง) - ยกโล่ขึ้นป้องกันการโจมตี และใช้เป็นปุ่มร่วมสำหรับคำสั่ง Runic/Relic • Triangle: เรียกขวานกลับ / ชาร์จพลังอาวุธ - เรียกขวานกลับเข้ามือ หรือชาร์จพลังธาตุให้อาวุธเมื่อกดค้าง L1 แหล่งข้อมูล: https://gameinputdatabase.com/game/14,pipeline:structured_game_controls,games/game_control_lookup,100.0,True,0.4708,0,,,
MB-0904-GC-198,game_controls,psu_fact,God of War Ragnarök ถ้าจะมุมกล้องต้องกดอะไร,God of War Ragnarök ปุ่มที่ตรงกับคำถาม: PlayStation / PS5 • R: มุมกล้อง - ควบคุมการหมุนมุมกล้อง • L1 (Hold): ป้องกัน (กดค้าง) - ยกโล่ขึ้นป้องกันการโจมตี และใช้เป็นปุ่มร่วมสำหรับคำสั่ง Runic/Relic แหล่งข้อมูล: https://gameinputdatabase.com/game/14,pipeline:structured_game_controls,games/game_control_lookup,100.0,True,0.3823,0,,,
MB-0905-GC-199,game_controls,psu_fact,ปุ่มของ Gran Turismo 7 มีอะไรบ้าง,Gran Turismo 7 มีข้อมูลปุ่มควบคุมดังนี้: PlayStation / PS5 • L (Left Stick): เลี้ยว / ควบคุมพวงมาลัย - บังคับทิศทางรถ • R2: คันเร่ง - กดเพื่อเร่งเครื่อง • L2: เบรก - กดเพื่อชะลอความเร็วรถ • Cross: เพิ่มเกียร์ - เปลี่ยนเกียร์สูงขึ้น (โหมดเกียร์ธรรมดา) • Square: ลดเกียร์ - เปลี่ยนเกียร์ต่ำลง (โหมดเกียร์ธรรมดา) • Circle: เบรกมือ - ดึงเบรกมือเพื่อสไลด์หรือดริฟต์ • Triangle: ถอยหลัง - เข้าเกียร์ถอยรถ • D-Pad: ควบคุมจอ MFD - สลับและปรับค่า Multi-Function Display เช่น Traction Control หรือ Fuel Map • R1: เปลี่ยนมุมมอง - สลับมุมกล้องในการขับขี่ • L1: มองหลัง - สลับมุมกล้องไปมองด้านหลังชั่วคราว • R3: ไนตรัส / เร่งแซง - ใช้งานระบบเพิ่มความเร็วพิเศษที่มีติดตั้งในรถบางรุ่น • L3: ไฟหน้า - เปิด/ปิด หรือกะ,pipeline:structured_game_controls,games/game_control_lookup,100.0,True,0.3806,0,,,
MB-0906-GC-200,game_controls,psu_fact,Gran Turismo 7 ถ้าจะเลี้ยว / ควบคุมพวงมาลัยต้องกดอะไร,Gran Turismo 7 ปุ่มที่ตรงกับคำถาม: PlayStation / PS5 • L (Left Stick): เลี้ยว / ควบคุมพวงมาลัย - บังคับทิศทางรถ • D-Pad: ควบคุมจอ MFD - สลับและปรับค่า Multi-Function Display เช่น Traction Control หรือ Fuel Map แหล่งข้อมูล: https://gameinputdatabase.com/game/135,pipeline:structured_game_controls,games/game_control_lookup,100.0,True,0.4306,0,,,
MB-0907-GC-201,game_controls,psu_fact,Gran Turismo 7 ถ้าจะคันเร่งต้องกดอะไร,Gran Turismo 7 ปุ่มที่ตรงกับคำถาม: PlayStation / PS5 • R2: คันเร่ง - กดเพื่อเร่งเครื่อง • R3: ไนตรัส / เร่งแซง - ใช้งานระบบเพิ่มความเร็วพิเศษที่มีติดตั้งในรถบางรุ่น แหล่งข้อมูล: https://gameinputdatabase.com/game/135,pipeline:structured_game_controls,games/game_control_lookup,100.0,True,0.3918,0,,,
MB-0908-GC-202,game_controls,psu_fact,Gran Turismo 7 ถ้าจะเบรกต้องกดอะไร,Gran Turismo 7 ปุ่มที่ตรงกับคำถาม: PlayStation / PS5 • L2: เบรก - กดเพื่อชะลอความเร็วรถ • Circle: เบรกมือ - ดึงเบรกมือเพื่อสไลด์หรือดริฟต์ แหล่งข้อมูล: https://gameinputdatabase.com/game/135,pipeline:structured_game_controls,games/game_control_lookup,100.0,True,0.3837,0,,,
MB-0909-GC-203,game_controls,psu_fact,Gran Turismo 7 ถ้าจะเพิ่มเกียร์ต้องกดอะไร,Gran Turismo 7 ปุ่มที่ตรงกับคำถาม: PlayStation / PS5 • Cross: เพิ่มเกียร์ - เปลี่ยนเกียร์สูงขึ้น (โหมดเกียร์ธรรมดา) • Square: ลดเกียร์ - เปลี่ยนเกียร์ต่ำลง (โหมดเกียร์ธรรมดา) แหล่งข้อมูล: https://gameinputdatabase.com/game/135,pipeline:structured_game_controls,games/game_control_lookup,100.0,True,0.4024,0,,,
MB-0910-GC-204,game_controls,psu_fact,ปุ่มของ Hogwarts Legacy มีอะไรบ้าง,Hogwarts Legacy มีข้อมูลปุ่มควบคุมดังนี้: PlayStation / PS5 • L (Left Stick): เคลื่อนที่ - บังคับทิศทางการเดิน • L3: วิ่งสปรินต์ - กดเพื่อวิ่งเร็ว • R (Right Stick): มุมกล้อง - หมุนและควบคุมมุมกล้อง • R3: ล็อกเป้าหมาย - ล็อกเป้าศัตรู • L2 (Hold): เล็งเป้าหมาย - กดค้างเพื่อซูมและเล็ง • L1: ใช้ไอเทม / วงล้อเครื่องมือ - กดใช้ไอเทมที่เซ็ตไว้ หรือกดค้างเพื่อเลือกน้ำยา/พืชพรรณ • R2: โจมตีพื้นฐาน / เปิดชุดคาถา - กดยิงคาถาทั่วไป หรือกดค้างเพื่อใช้ร่วมกับปุ่ม △/O/X/□ ในการร่ายคาถาที่เซ็ตไว้ • R1: ขว้างเวทมนตร์โบราณ - ดึงวัตถุในฉากมาขว้างใส่ศัตรู • Triangle: ป้องกัน / บล็อกคาถา - กางโล่ Protego ป้องกันการโจมตี หากกดค้างจะสวนกลับด้วย Stupefy • Circle: กลิ้งหลบ - กลิ้งหลบการโจมตีที่ไม่สามารถปัดป้องได้ (,pipeline:structured_game_controls,games/game_control_lookup,100.0,True,0.3451,0,,,
MB-0911-GC-205,game_controls,psu_fact,Hogwarts Legacy ถ้าจะเคลื่อนที่ต้องกดอะไร,Hogwarts Legacy ปุ่มที่ตรงกับคำถาม: PlayStation / PS5 • L (Left Stick): เคลื่อนที่ - บังคับทิศทางการเดิน • Triangle: ป้องกัน / บล็อกคาถา - กางโล่ Protego ป้องกันการโจมตี หากกดค้างจะสวนกลับด้วย Stupefy • Touch Pad: แผนที่ - เปิดแผนที่โลกและฮอกวอตส์ แหล่งข้อมูล: https://gameinputdatabase.com/game/204,pipeline:structured_game_controls,games/game_control_lookup,100.0,True,0.4351,0,,,
MB-0912-GC-206,game_controls,psu_fact,Hogwarts Legacy ถ้าจะวิ่งสปรินต์ต้องกดอะไร,Hogwarts Legacy ปุ่มที่ตรงกับคำถาม: PlayStation / PS5 • L3: วิ่งสปรินต์ - กดเพื่อวิ่งเร็ว • Triangle: ป้องกัน / บล็อกคาถา - กางโล่ Protego ป้องกันการโจมตี หากกดค้างจะสวนกลับด้วย Stupefy แหล่งข้อมูล: https://gameinputdatabase.com/game/204,pipeline:structured_game_controls,games/game_control_lookup,100.0,True,0.4119,0,,,
MB-0913-GC-207,game_controls,psu_fact,Hogwarts Legacy ถ้าจะมุมกล้องต้องกดอะไร,Hogwarts Legacy ปุ่มที่ตรงกับคำถาม: PlayStation / PS5 • R (Right Stick): มุมกล้อง - หมุนและควบคุมมุมกล้อง • Triangle: ป้องกัน / บล็อกคาถา - กางโล่ Protego ป้องกันการโจมตี หากกดค้างจะสวนกลับด้วย Stupefy แหล่งข้อมูล: https://gameinputdatabase.com/game/204,pipeline:structured_game_controls,games/game_control_lookup,100.0,True,0.375,0,,,
MB-0914-GC-208,game_controls,psu_fact,Hogwarts Legacy ถ้าจะล็อกเป้าหมายต้องกดอะไร,Hogwarts Legacy ปุ่มที่ตรงกับคำถาม: PlayStation / PS5 • R3: ล็อกเป้าหมาย - ล็อกเป้าศัตรู • L2 (Hold): เล็งเป้าหมาย - กดค้างเพื่อซูมและเล็ง • Triangle: ป้องกัน / บล็อกคาถา - กางโล่ Protego ป้องกันการโจมตี หากกดค้างจะสวนกลับด้วย Stupefy แหล่งข้อมูล: https://gameinputdatabase.com/game/204,pipeline:structured_game_controls,games/game_control_lookup,100.0,True,0.4676,0,,,
MB-0915-GC-209,game_controls,psu_fact,ปุ่มของ Horizon Call of the Mountain มีอะไรบ้าง,Horizon Call of the Mountain มีข้อมูลปุ่มควบคุมดังนี้: PlayStation VR2 / PS5 • Gesture control scheme: เคลื่อนที่ด้วยท่าทางร่างกาย - โหมด Gesture ให้ผู้เล่นเคลื่อนที่ในโลกของเกมผ่านการขยับร่างกาย • Analogue control scheme: เคลื่อนที่ด้วยอนาล็อก - โหมด Analogue ใช้ sticks บน PS VR2 Sense controllers เพื่อเคลื่อนที่ในเกม • PS VR2 Sense grip button: จับวัตถุในเกม - หน้าเกมทางการระบุว่า PS VR2 Sense controllers มี grip button สำหรับจับวัตถุในเกม แหล่งข้อมูล: https://www.playstation.com/en-us/support/games/horizon-call-of-the-mountain/,pipeline:structured_game_controls,games/game_control_lookup,100.0,True,0.4272,0,,,
MB-0916-GC-210,game_controls,psu_fact,Horizon Call of the Mountain ถ้าจะเคลื่อนที่ด้วยท่าทางร่างกายต้องกดอะไร,Horizon Call of the Mountain ปุ่มที่ตรงกับคำถาม: PlayStation VR2 / PS5 • Gesture control scheme: เคลื่อนที่ด้วยท่าทางร่างกาย - โหมด Gesture ให้ผู้เล่นเคลื่อนที่ในโลกของเกมผ่านการขยับร่างกาย • Analogue control scheme: เคลื่อนที่ด้วยอนาล็อก - โหมด Analogue ใช้ sticks บน PS VR2 Sense controllers เพื่อเคลื่อนที่ในเกม แหล่งข้อมูล: https://www.playstation.com/en-us/support/games/horizon-call-of-the-mountain/,pipeline:structured_game_controls,games/game_control_lookup,100.0,True,1.9384,0,,,
MB-0917-GC-211,game_controls,psu_fact,Horizon Call of the Mountain ถ้าจะเคลื่อนที่ด้วยอนาล็อกต้องกดอะไร,Horizon Call of the Mountain ปุ่มที่ตรงกับคำถาม: PlayStation VR2 / PS5 • Gesture control scheme: เคลื่อนที่ด้วยท่าทางร่างกาย - โหมด Gesture ให้ผู้เล่นเคลื่อนที่ในโลกของเกมผ่านการขยับร่างกาย • Analogue control scheme: เคลื่อนที่ด้วยอนาล็อก - โหมด Analogue ใช้ sticks บน PS VR2 Sense controllers เพื่อเคลื่อนที่ในเกม แหล่งข้อมูล: https://www.playstation.com/en-us/support/games/horizon-call-of-the-mountain/,pipeline:structured_game_controls,games/game_control_lookup,100.0,True,0.6554,0,,,
MB-0918-GC-212,game_controls,psu_fact,Horizon Call of the Mountain ถ้าจะจับวัตถุในเกมต้องกดอะไร,Horizon Call of the Mountain ปุ่มที่ตรงกับคำถาม: PlayStation VR2 / PS5 • PS VR2 Sense grip button: จับวัตถุในเกม - หน้าเกมทางการระบุว่า PS VR2 Sense controllers มี grip button สำหรับจับวัตถุในเกม แหล่งข้อมูล: https://www.playstation.com/en-us/support/games/horizon-call-of-the-mountain/,pipeline:structured_game_controls,games/game_control_lookup,100.0,True,0.5375,0,,,
MB-0919-GC-213,game_controls,psu_fact,ปุ่มของ It Takes Two มีอะไรบ้าง,"It Takes Two มีข้อมูลปุ่มควบคุมดังนี้: PlayStation / PS5 • L (Left Stick): เคลื่อนที่ - บังคับทิศทางการเคลื่อนที่และการเดินของตัวละคร • L3 (Click Left Stick): วิ่งสปรินต์ - กดก้านอนาล็อกซ้ายลงไปเพื่อวิ่งสปรินต์ เพิ่มความเร็วในการเคลื่อนที่ • R (Right Stick): มุมกล้อง - หมุนและปรับมุมกล้องเพื่อดูสภาพแวดล้อมรอบตัว • R3 (Click Right Stick): ค้นหาผู้เล่นอื่น - แสดงตำแหน่งของผู้เล่นอีกคน (คู่หู) บนหน้าจอ เมื่ออยู่ห่างกันหรือหลงทาง • Cross (กากบาท): กระโดด - ใช้กระโดดข้ามสิ่งกีดขวาง (สามารถประยุกต์ใช้เพื่อ Double Jump ได้) • Square (สี่เหลี่ยม): พุ่งตัว - พุ่งตัวไปข้างหน้าอย่างรวดเร็วเพื่อหลบการโจมตี หรือพุ่งข้ามเหวที่กว้าง • Triangle (สามเหลี่ยม): โต้ตอบ - ใช้โต้ตอบกับสิ่งแวดล้อม เช่น ดึงคันโยก, ",pipeline:structured_game_controls,games/game_control_lookup,100.0,True,0.3798,0,,,
MB-0920-GC-214,game_controls,psu_fact,It Takes Two ถ้าจะเคลื่อนที่ต้องกดอะไร,It Takes Two ปุ่มที่ตรงกับคำถาม: PlayStation / PS5 • L (Left Stick): เคลื่อนที่ - บังคับทิศทางการเคลื่อนที่และการเดินของตัวละคร แหล่งข้อมูล: https://gameinputdatabase.com/game/90,pipeline:structured_game_controls,games/game_control_lookup,100.0,True,0.3933,0,,,
MB-0921-GC-215,game_controls,psu_fact,It Takes Two ถ้าจะวิ่งสปรินต์ต้องกดอะไร,It Takes Two ปุ่มที่ตรงกับคำถาม: PlayStation / PS5 • L3 (Click Left Stick): วิ่งสปรินต์ - กดก้านอนาล็อกซ้ายลงไปเพื่อวิ่งสปรินต์ เพิ่มความเร็วในการเคลื่อนที่ แหล่งข้อมูล: https://gameinputdatabase.com/game/90,pipeline:structured_game_controls,games/game_control_lookup,100.0,True,0.4068,0,,,
MB-0922-GC-216,game_controls,psu_fact,It Takes Two ถ้าจะมุมกล้องต้องกดอะไร,It Takes Two ปุ่มที่ตรงกับคำถาม: PlayStation / PS5 • R (Right Stick): มุมกล้อง - หมุนและปรับมุมกล้องเพื่อดูสภาพแวดล้อมรอบตัว แหล่งข้อมูล: https://gameinputdatabase.com/game/90,pipeline:structured_game_controls,games/game_control_lookup,100.0,True,0.3379,0,,,
MB-0923-GC-217,game_controls,psu_fact,It Takes Two ถ้าจะค้นหาผู้เล่นอื่นต้องกดอะไร,It Takes Two ปุ่มที่ตรงกับคำถาม: PlayStation / PS5 • R3 (Click Right Stick): ค้นหาผู้เล่นอื่น - แสดงตำแหน่งของผู้เล่นอีกคน (คู่หู) บนหน้าจอ เมื่ออยู่ห่างกันหรือหลงทาง แหล่งข้อมูล: https://gameinputdatabase.com/game/90,pipeline:structured_game_controls,games/game_control_lookup,100.0,True,0.4356,0,,,
MB-0924-GC-218,game_controls,psu_fact,ปุ่มของ League of Legends มีอะไรบ้าง,League of Legends มีข้อมูลปุ่มควบคุมดังนี้: PC • Right Mouse Button: เดิน / โจมตีเป้าหมาย - คลิกขวาเพื่อเดินหรือสั่งโจมตีเป้าหมาย • Q / W / E / R: ใช้สกิล - ปุ่มสกิลหลักของ champion • Shift + Q / W / E / R: ใช้สกิลแบบ quick cast - ค่า default ที่แหล่งอ้างอิงระบุว่า Shift+Q/W/E/R ใช้ quick cast • Alt + Q / W / E / R: ใช้สกิลใส่ตัวเอง - ใช้ self-cast กับสกิลที่สามารถกดใส่ตัวเองได้ • D / F: ใช้ Summoner Spell - ปุ่ม Summoner Spell สองช่อง • 1 / 2 / 3 / 4 / 5 / 6 / 7: ใช้ไอเทมหรือ trinket - ปุ่มช่องไอเทมและ trinket ตามการตั้งค่าในเกม • B: กลับฐาน - เริ่ม Recall กลับฐาน • Spacebar: ล็อก/ดึงกล้องกลับมาตัวเอง - กดค้างเพื่อให้กล้องตาม champion ตัวเอง • Y: สลับล็อกกล้อง - สลับกล้องล็อก/ไม่ล็อก • F1 /,pipeline:structured_game_controls,games/game_control_lookup,100.0,True,0.3611,0,,,
MB-0925-GC-219,game_controls,psu_fact,League of Legends ถ้าจะเดิน / โจมตีเป้าหมายต้องกดอะไร,League of Legends ปุ่มที่ตรงกับคำถาม: PC • Right Mouse Button: เดิน / โจมตีเป้าหมาย - คลิกขวาเพื่อเดินหรือสั่งโจมตีเป้าหมาย • Spacebar: ล็อก/ดึงกล้องกลับมาตัวเอง - กดค้างเพื่อให้กล้องตาม champion ตัวเอง แหล่งข้อมูล: https://dignitas.gg/articles/blogs/Unknown/8721/improving-inputs-effective-keybinds-for-lol,pipeline:structured_game_controls,games/game_control_lookup,100.0,True,0.4873,0,,,
MB-0926-GC-220,game_controls,psu_fact,League of Legends ถ้าจะใช้สกิลต้องกดอะไร,League of Legends ปุ่มที่ตรงกับคำถาม: PC • Q / W / E / R: ใช้สกิล - ปุ่มสกิลหลักของ champion • Shift + Q / W / E / R: ใช้สกิลแบบ quick cast - ค่า default ที่แหล่งอ้างอิงระบุว่า Shift+Q/W/E/R ใช้ quick cast • Alt + Q / W / E / R: ใช้สกิลใส่ตัวเอง - ใช้ self-cast กับสกิลที่สามารถกดใส่ตัวเองได้ • Spacebar: ล็อก/ดึงกล้องกลับมาตัวเอง - กดค้างเพื่อให้กล้องตาม champion ตัวเอง แหล่งข้อมูล: https://dignitas.gg/articles/blogs/Unknown/8721/improving-inputs-effective-keybinds-for-lol,pipeline:structured_game_controls,games/game_control_lookup,100.0,True,0.3912,0,,,
MB-0927-GC-221,game_controls,psu_fact,League of Legends ถ้าจะใช้สกิลแบบ quick castต้องกดอะไร,League of Legends ปุ่มที่ตรงกับคำถาม: PC • Q / W / E / R: ใช้สกิล - ปุ่มสกิลหลักของ champion • Shift + Q / W / E / R: ใช้สกิลแบบ quick cast - ค่า default ที่แหล่งอ้างอิงระบุว่า Shift+Q/W/E/R ใช้ quick cast • Alt + Q / W / E / R: ใช้สกิลใส่ตัวเอง - ใช้ self-cast กับสกิลที่สามารถกดใส่ตัวเองได้ • Spacebar: ล็อก/ดึงกล้องกลับมาตัวเอง - กดค้างเพื่อให้กล้องตาม champion ตัวเอง แหล่งข้อมูล: https://dignitas.gg/articles/blogs/Unknown/8721/improving-inputs-effective-keybinds-for-lol,pipeline:structured_game_controls,games/game_control_lookup,100.0,True,0.4876,0,,,
MB-0928-GC-222,game_controls,psu_fact,League of Legends ถ้าจะใช้สกิลใส่ตัวเองต้องกดอะไร,League of Legends ปุ่มที่ตรงกับคำถาม: PC • Q / W / E / R: ใช้สกิล - ปุ่มสกิลหลักของ champion • Shift + Q / W / E / R: ใช้สกิลแบบ quick cast - ค่า default ที่แหล่งอ้างอิงระบุว่า Shift+Q/W/E/R ใช้ quick cast • Alt + Q / W / E / R: ใช้สกิลใส่ตัวเอง - ใช้ self-cast กับสกิลที่สามารถกดใส่ตัวเองได้ • Spacebar: ล็อก/ดึงกล้องกลับมาตัวเอง - กดค้างเพื่อให้กล้องตาม champion ตัวเอง แหล่งข้อมูล: https://dignitas.gg/articles/blogs/Unknown/8721/improving-inputs-effective-keybinds-for-lol,pipeline:structured_game_controls,games/game_control_lookup,100.0,True,0.5128,0,,,
MB-0929-GC-223,game_controls,psu_fact,ปุ่มของ Little Nightmares II มีอะไรบ้าง,Little Nightmares II ปุ่มที่ตรงกับคำถาม: PlayStation / PS5 • Circle: ไฟฉาย / รีโมท - ใช้เปิดหรือปิดไฟฉายพกพา และใช้กดรีโมททีวี แหล่งข้อมูล: https://gameinputdatabase.com/game/304,pipeline:structured_game_controls,games/game_control_lookup,100.0,True,0.374,0,,,
MB-0930-GC-224,game_controls,psu_fact,Little Nightmares II ถ้าจะเคลื่อนที่ต้องกดอะไร,Little Nightmares II ปุ่มที่ตรงกับคำถาม: PlayStation / PS5 • L (Left Stick): เคลื่อนที่ - บังคับทิศทางการเดินและเคลื่อนที่ของตัวละคร • Circle: ไฟฉาย / รีโมท - ใช้เปิดหรือปิดไฟฉายพกพา และใช้กดรีโมททีวี แหล่งข้อมูล: https://gameinputdatabase.com/game/304,pipeline:structured_game_controls,games/game_control_lookup,100.0,True,0.4649,0,,,
MB-0931-GC-225,game_controls,psu_fact,Little Nightmares II ถ้าจะมุมกล้องต้องกดอะไร,Little Nightmares II ปุ่มที่ตรงกับคำถาม: PlayStation / PS5 • R (Right Stick): มุมกล้อง - แพนมุมกล้องเพื่อดูสภาพแวดล้อม และใช้ควบคุมทิศทางของไฟฉาย • Circle: ไฟฉาย / รีโมท - ใช้เปิดหรือปิดไฟฉายพกพา และใช้กดรีโมททีวี แหล่งข้อมูล: https://gameinputdatabase.com/game/304,pipeline:structured_game_controls,games/game_control_lookup,100.0,True,0.4122,0,,,
MB-0932-GC-226,game_controls,psu_fact,Little Nightmares II ถ้าจะกระโดด / ขว้าง / โจมตีต้องกดอะไร,Little Nightmares II ปุ่มที่ตรงกับคำถาม: PlayStation / PS5 • Cross: กระโดด / ขว้าง / โจมตี - ใช้สำหรับกระโดด ขว้างไอเทม หรือใช้เหวี่ยงอาวุธโจมตี • Circle: ไฟฉาย / รีโมท - ใช้เปิดหรือปิดไฟฉายพกพา และใช้กดรีโมททีวี แหล่งข้อมูล: https://gameinputdatabase.com/game/304,pipeline:structured_game_controls,games/game_control_lookup,100.0,True,0.5416,0,,,
MB-0933-GC-227,game_controls,psu_fact,Little Nightmares II ถ้าจะวิ่งเร็วต้องกดอะไร,Little Nightmares II ปุ่มที่ตรงกับคำถาม: PlayStation / PS5 • Square: วิ่งเร็ว - กดเพื่อวิ่งสปรินต์ ใช้เพิ่มความเร็วในการเคลื่อนที่หรือวิ่งหนี • Circle: ไฟฉาย / รีโมท - ใช้เปิดหรือปิดไฟฉายพกพา และใช้กดรีโมททีวี แหล่งข้อมูล: https://gameinputdatabase.com/game/304,pipeline:structured_game_controls,games/game_control_lookup,100.0,True,0.4374,0,,,
MB-0934-GC-228,game_controls,psu_fact,ปุ่มของ Luigi's Mansion 3 มีอะไรบ้าง,Luigi's Mansion 3 มีข้อมูลปุ่มควบคุมดังนี้: Nintendo Switch • L (Left Stick): เคลื่อนที่ - บังคับทิศทางการเดินของตัวละครในฉาก • R (Right Stick): หันหน้า / เล็ง - หันทิศทางของตัวละครเพื่อเล็งไฟฉายหรือทิศทางของเครื่องดูดฝุ่น • R3 (Click Right Stick): ระบบกูอิจิ - เรียก สลับตัว หรือเก็บกูอิจิ (Gooigi) ซึ่งเป็นคู่หูร่างเยลลี่สำหรับช่วยแก้ปริศนา • A: ฟาดผี - ฟาดผีลงกับพื้นเพื่อทำความเสียหาย เมื่อเกจการดูดเต็ม • B: เปลี่ยนการเคลื่อนที่ - ใช้สำหรับปรับเปลี่ยนหรือยกเลิกรูปแบบการเคลื่อนไหว • X: ไฟดาร์กไลต์ - ฉายแสงพิเศษเพื่อเปิดเผยสิ่งของที่ซ่อนอยู่ ล่องหน หรือถูกคำสาป • Y: ยิงจุกยาง - ยิงจุกยางติดสิ่งของหรือโล่ผี เพื่อใช้เครื่องดูดดึงทำลายสิ่งกีดขวาง • D-Pad Up: แผนที่ - เปิดหน้าจอแผนที่ของโรงแรม • ,pipeline:structured_game_controls,games/game_control_lookup,100.0,True,0.3896,0,,,
MB-0935-GC-229,game_controls,psu_fact,Luigi's Mansion 3 ถ้าจะเคลื่อนที่ต้องกดอะไร,Luigi's Mansion 3 ปุ่มที่ตรงกับคำถาม: Nintendo Switch • L (Left Stick): เคลื่อนที่ - บังคับทิศทางการเดินของตัวละครในฉาก • B: เปลี่ยนการเคลื่อนที่ - ใช้สำหรับปรับเปลี่ยนหรือยกเลิกรูปแบบการเคลื่อนไหว • D-Pad Up: แผนที่ - เปิดหน้าจอแผนที่ของโรงแรม แหล่งข้อมูล: https://gameinputdatabase.com/game/179,pipeline:structured_game_controls,games/game_control_lookup,100.0,True,0.425,0,,,
MB-0936-GC-230,game_controls,psu_fact,Luigi's Mansion 3 ถ้าจะหันหน้า / เล็งต้องกดอะไร,Luigi's Mansion 3 ปุ่มที่ตรงกับคำถาม: Nintendo Switch • R (Right Stick): หันหน้า / เล็ง - หันทิศทางของตัวละครเพื่อเล็งไฟฉายหรือทิศทางของเครื่องดูดฝุ่น แหล่งข้อมูล: https://gameinputdatabase.com/game/179,pipeline:structured_game_controls,games/game_control_lookup,100.0,True,0.4473,0,,,
MB-0937-GC-231,game_controls,psu_fact,Luigi's Mansion 3 ถ้าจะระบบกูอิจิต้องกดอะไร,Luigi's Mansion 3 ปุ่มที่ตรงกับคำถาม: Nintendo Switch • R3 (Click Right Stick): ระบบกูอิจิ - เรียก สลับตัว หรือเก็บกูอิจิ (Gooigi) ซึ่งเป็นคู่หูร่างเยลลี่สำหรับช่วยแก้ปริศนา แหล่งข้อมูล: https://gameinputdatabase.com/game/179,pipeline:structured_game_controls,games/game_control_lookup,100.0,True,0.4162,0,,,
MB-0938-GC-232,game_controls,psu_fact,Luigi's Mansion 3 ถ้าจะฟาดผีต้องกดอะไร,Luigi's Mansion 3 ปุ่มที่ตรงกับคำถาม: Nintendo Switch • A: ฟาดผี - ฟาดผีลงกับพื้นเพื่อทำความเสียหาย เมื่อเกจการดูดเต็ม แหล่งข้อมูล: https://gameinputdatabase.com/game/179,pipeline:structured_game_controls,games/game_control_lookup,100.0,True,0.3927,0,,,
MB-0939-GC-233,game_controls,psu_fact,ปุ่มของ Mario Kart 8 Deluxe มีอะไรบ้าง,Mario Kart 8 Deluxe มีข้อมูลปุ่มควบคุมดังนี้: Nintendo Switch • L (Left Stick): เลี้ยว / ควบคุมทิศทาง - บังคับพวงมาลัยรถให้เลี้ยวไปทางซ้ายหรือขวา • A: เร่งเครื่อง - กดค้างไว้ตลอดเพื่อเร่งเครื่องยนต์ให้รถวิ่งไปข้างหน้า • B: เบรก / ถอยหลัง - แตะเพื่อเบรกชะลอความเร็ว หรือกดค้างไว้เมื่อรถหยุดนิ่งเพื่อขับถอยหลัง • X: มองหลัง - หันมุมกล้องไปมองด้านหลังเพื่อเช็กระยะห่างของคู่แข่งหรือไอเทมที่ตามมา • ZL: ใช้ไอเทม / บีบแตร - ใช้ไอเทมที่เก็บมาจากกล่องสุ่ม หากไม่มีไอเทมจะเป็นการบีบแตรรถ • ZR: ดริฟต์ - ใช้กระโดดและดริฟต์ขณะเข้าโค้งเพื่อทำความเร็ว หรือใช้ทำท่าผาดโผนเมื่อกระโดดออกจากเนินเร่งความเร็ว • + (Plus): หยุดเกม - หยุดเกมชั่วคราวเพื่อเข้าสู่เมนูหลักหรือตั้งค่าระบบช่วยเหลือ แหล่งข้อมูล: https://gamei,pipeline:structured_game_controls,games/game_control_lookup,100.0,True,0.3444,0,,,
MB-0940-GC-234,game_controls,psu_fact,Mario Kart 8 Deluxe ถ้าจะเลี้ยว / ควบคุมทิศทางต้องกดอะไร,Mario Kart 8 Deluxe ปุ่มที่ตรงกับคำถาม: Nintendo Switch • L (Left Stick): เลี้ยว / ควบคุมทิศทาง - บังคับพวงมาลัยรถให้เลี้ยวไปทางซ้ายหรือขวา แหล่งข้อมูล: https://gameinputdatabase.com/game/57,pipeline:structured_game_controls,games/game_control_lookup,100.0,True,0.5031,0,,,
MB-0941-GC-235,game_controls,psu_fact,Mario Kart 8 Deluxe ถ้าจะเร่งเครื่องต้องกดอะไร,Mario Kart 8 Deluxe ปุ่มที่ตรงกับคำถาม: Nintendo Switch • A: เร่งเครื่อง - กดค้างไว้ตลอดเพื่อเร่งเครื่องยนต์ให้รถวิ่งไปข้างหน้า แหล่งข้อมูล: https://gameinputdatabase.com/game/57,pipeline:structured_game_controls,games/game_control_lookup,100.0,True,0.4421,0,,,
MB-0942-GC-236,game_controls,psu_fact,Mario Kart 8 Deluxe ถ้าจะเบรก / ถอยหลังต้องกดอะไร,Mario Kart 8 Deluxe ปุ่มที่ตรงกับคำถาม: Nintendo Switch • B: เบรก / ถอยหลัง - แตะเพื่อเบรกชะลอความเร็ว หรือกดค้างไว้เมื่อรถหยุดนิ่งเพื่อขับถอยหลัง • X: มองหลัง - หันมุมกล้องไปมองด้านหลังเพื่อเช็กระยะห่างของคู่แข่งหรือไอเทมที่ตามมา แหล่งข้อมูล: https://gameinputdatabase.com/game/57,pipeline:structured_game_controls,games/game_control_lookup,100.0,True,0.4665,0,,,
MB-0943-GC-237,game_controls,psu_fact,Mario Kart 8 Deluxe ถ้าจะมองหลังต้องกดอะไร,Mario Kart 8 Deluxe ปุ่มที่ตรงกับคำถาม: Nintendo Switch • B: เบรก / ถอยหลัง - แตะเพื่อเบรกชะลอความเร็ว หรือกดค้างไว้เมื่อรถหยุดนิ่งเพื่อขับถอยหลัง • X: มองหลัง - หันมุมกล้องไปมองด้านหลังเพื่อเช็กระยะห่างของคู่แข่งหรือไอเทมที่ตามมา แหล่งข้อมูล: https://gameinputdatabase.com/game/57,pipeline:structured_game_controls,games/game_control_lookup,100.0,True,0.3669,0,,,
MB-0944-GC-238,game_controls,psu_fact,Mario Kart Live: Home Circuit ปุ่มทั้งหมดมีอะไรบ้าง,"ตอนนี้ยังไม่พบ Mario Kart Live: Home Circuit ในรายการเกมปัจจุบันของ PSU Esports Studio - Phuket ครับ จึงไม่ดึงปุ่มของเกมอื่น เช่น Mario Kart 8 Deluxe มาตอบแทน เกมตระกูล Mario ที่อยู่ในรายการปัจจุบันคือ: Mario Kart 8 Deluxe, Mario Party Superstars, New Super Mario Bros. U Deluxe, Super Mario Odyssey แหล่งข้อมูล: https://esports.computing.psu.ac.th/",pipeline:structured_game_controls_no_current_game,games/game_control_lookup,100.0,True,0.3775,0,,,
MB-0945-GC-239,game_controls,psu_fact,Mario Kart Live ใช้จอยยังไง,"ตอนนี้ยังไม่พบ Mario Kart Live: Home Circuit ในรายการเกมปัจจุบันของ PSU Esports Studio - Phuket ครับ จึงไม่ดึงปุ่มของเกมอื่น เช่น Mario Kart 8 Deluxe มาตอบแทน เกมตระกูล Mario ที่อยู่ในรายการปัจจุบันคือ: Mario Kart 8 Deluxe, Mario Party Superstars, New Super Mario Bros. U Deluxe, Super Mario Odyssey แหล่งข้อมูล: https://esports.computing.psu.ac.th/",pipeline:structured_game_controls_no_current_game,games/game_control_lookup,100.0,True,0.2301,0,,,
MB-0946-GC-240,game_controls,psu_fact,ปุ่มของ Mario Kart Live มีอะไรบ้าง,"ตอนนี้ยังไม่พบ Mario Kart Live: Home Circuit ในรายการเกมปัจจุบันของ PSU Esports Studio - Phuket ครับ จึงไม่ดึงปุ่มของเกมอื่น เช่น Mario Kart 8 Deluxe มาตอบแทน เกมตระกูล Mario ที่อยู่ในรายการปัจจุบันคือ: Mario Kart 8 Deluxe, Mario Party Superstars, New Super Mario Bros. U Deluxe, Super Mario Odyssey แหล่งข้อมูล: https://esports.computing.psu.ac.th/",pipeline:structured_game_controls_no_current_game,games/game_control_lookup,100.0,True,0.2791,0,,,
MB-0947-GC-241,game_controls,psu_fact,Mario Kart Live ถ้าจะเลี้ยวต้องกดอะไร,"ตอนนี้ยังไม่พบ Mario Kart Live: Home Circuit ในรายการเกมปัจจุบันของ PSU Esports Studio - Phuket ครับ จึงไม่ดึงปุ่มของเกมอื่น เช่น Mario Kart 8 Deluxe มาตอบแทน เกมตระกูล Mario ที่อยู่ในรายการปัจจุบันคือ: Mario Kart 8 Deluxe, Mario Party Superstars, New Super Mario Bros. U Deluxe, Super Mario Odyssey แหล่งข้อมูล: https://esports.computing.psu.ac.th/",pipeline:structured_game_controls_no_current_game,games/game_control_lookup,100.0,True,0.3238,0,,,
MB-0948-GC-242,game_controls,psu_fact,Mario Kart Live ถ้าจะเร่งเครื่องต้องกดอะไร,"ตอนนี้ยังไม่พบ Mario Kart Live: Home Circuit ในรายการเกมปัจจุบันของ PSU Esports Studio - Phuket ครับ จึงไม่ดึงปุ่มของเกมอื่น เช่น Mario Kart 8 Deluxe มาตอบแทน เกมตระกูล Mario ที่อยู่ในรายการปัจจุบันคือ: Mario Kart 8 Deluxe, Mario Party Superstars, New Super Mario Bros. U Deluxe, Super Mario Odyssey แหล่งข้อมูล: https://esports.computing.psu.ac.th/",pipeline:structured_game_controls_no_current_game,games/game_control_lookup,100.0,True,0.3733,0,,,
MB-0949-GC-243,game_controls,psu_fact,Mario Kart Live ถ้าจะเบรก / ถอยหลังต้องกดอะไร,"ตอนนี้ยังไม่พบ Mario Kart Live: Home Circuit ในรายการเกมปัจจุบันของ PSU Esports Studio - Phuket ครับ จึงไม่ดึงปุ่มของเกมอื่น เช่น Mario Kart 8 Deluxe มาตอบแทน เกมตระกูล Mario ที่อยู่ในรายการปัจจุบันคือ: Mario Kart 8 Deluxe, Mario Party Superstars, New Super Mario Bros. U Deluxe, Super Mario Odyssey แหล่งข้อมูล: https://esports.computing.psu.ac.th/",pipeline:structured_game_controls_no_current_game,games/game_control_lookup,100.0,True,0.3804,0,,,
MB-0950-GC-244,game_controls,psu_fact,Mario Kart Live ถ้าจะใช้ไอเทมต้องกดอะไร,"ตอนนี้ยังไม่พบ Mario Kart Live: Home Circuit ในรายการเกมปัจจุบันของ PSU Esports Studio - Phuket ครับ จึงไม่ดึงปุ่มของเกมอื่น เช่น Mario Kart 8 Deluxe มาตอบแทน เกมตระกูล Mario ที่อยู่ในรายการปัจจุบันคือ: Mario Kart 8 Deluxe, Mario Party Superstars, New Super Mario Bros. U Deluxe, Super Mario Odyssey แหล่งข้อมูล: https://esports.computing.psu.ac.th/",pipeline:structured_game_controls_no_current_game,games/game_control_lookup,100.0,True,0.3485,0,,,
MB-0951-GC-245,game_controls,psu_fact,ปุ่มของ Mario Party Superstars มีอะไรบ้าง,"Mario Party Superstars ปุ่มที่ตรงกับคำถาม: Nintendo Switch • Single Joy-Con / Joy-Con grip / Pro Controller: รูปแบบคอนโทรลเลอร์ที่รองรับ - สามารถเล่นด้วย Joy-Con เดี่ยว, Joy-Con grip, Nintendo Switch Pro Controller หรือ Nintendo Switch Lite ตามข้อมูล Play Nintendo แหล่งข้อมูล: https://play.nintendo.com/news-tips/game-releases/mario-party-superstars-game-announcement/",pipeline:structured_game_controls,games/game_control_lookup,100.0,True,0.4476,0,,,
MB-0952-GC-246,game_controls,psu_fact,Mario Party Superstars ถ้าจะเล่นบอร์ดและมินิเกมด้วยปุ่มต้องกดอะไร,"Mario Party Superstars มีข้อมูลปุ่มควบคุมดังนี้: Nintendo Switch • Button controls: เล่นบอร์ดและมินิเกมด้วยปุ่ม - แหล่งทางการยืนยันว่า 100 มินิเกมรองรับ button controls และเล่นได้ด้วย Joy-Con หรือ Nintendo Switch Pro Controller • Single Joy-Con / Joy-Con grip / Pro Controller: รูปแบบคอนโทรลเลอร์ที่รองรับ - สามารถเล่นด้วย Joy-Con เดี่ยว, Joy-Con grip, Nintendo Switch Pro Controller หรือ Nintendo Switch Lite ตามข้อมูล Play Nintendo แหล่งข้อมูล: https://play.nintendo.com/news-tips/game-releases/mario-party-superstars-game-announcement/",pipeline:structured_game_controls,games/game_control_lookup,100.0,True,0.6151,0,,,
MB-0953-GC-247,game_controls,psu_fact,Mario Party Superstars ถ้าจะรูปแบบคอนโทรลเลอร์ที่รองรับต้องกดอะไร,"Mario Party Superstars ปุ่มที่ตรงกับคำถาม: Nintendo Switch • Single Joy-Con / Joy-Con grip / Pro Controller: รูปแบบคอนโทรลเลอร์ที่รองรับ - สามารถเล่นด้วย Joy-Con เดี่ยว, Joy-Con grip, Nintendo Switch Pro Controller หรือ Nintendo Switch Lite ตามข้อมูล Play Nintendo แหล่งข้อมูล: https://play.nintendo.com/news-tips/game-releases/mario-party-superstars-game-announcement/",pipeline:structured_game_controls,games/game_control_lookup,100.0,True,0.6484,0,,,
MB-0954-GC-248,game_controls,psu_fact,ปุ่มของ Marvel's Spider-Man 2 มีอะไรบ้าง,Marvel's Spider-Man 2 มีข้อมูลปุ่มควบคุมดังนี้: PlayStation / PS5 • L (Left Stick): เคลื่อนที่ - บังคับทิศทางตัวละคร • L3: เกาะคอน / พุ่งหลาว - เกาะบนจุดแคบ ๆ หรือพุ่งตัวดิ่งลงพื้นขณะอยู่กลางอากาศ • R (Right Stick): มุมกล้อง - ควบคุมมุมกล้อง • R3: แสดงเป้าหมาย / สแกนพื้นที่ - ใช้สแกนหาตำแหน่งศัตรูและวัตถุต่าง ๆ รอบตัว • L2 (Hold): เล็ง - ซูมมุมกล้องเพื่อเล็งเป้า • L1: หลบหลีก(ปัดป้อง) / สกิล - กดเพื่อปัดป้อง (Parry) หรือกดค้างไว้เพื่อใช้เป็นปุ่มร่วมสำหรับปล่อยสกิลพิเศษ • R2 (Hold): โหนใย / ปากัวร์ - กดค้างเพื่อโหนใยไปตามตึก หรือวิ่งไต่กำแพง/กระโดดข้ามสิ่งกีดขวาง • R1: ยิงใย / อุปกรณ์แก็ดเจ็ต - กดเพื่อยิงใยใส่ศัตรู หรือกดค้างไว้เพื่อเปิดหน้าต่างเลือกใช้แก็ดเจ็ต • Triangle: ดึงตัวพุ่งโจมตี / ป,pipeline:structured_game_controls,games/game_control_lookup,100.0,True,0.3865,0,,,
MB-0955-GC-249,game_controls,psu_fact,Marvel's Spider-Man 2 ถ้าจะเคลื่อนที่ต้องกดอะไร,Marvel's Spider-Man 2 ปุ่มที่ตรงกับคำถาม: PlayStation / PS5 • L (Left Stick): เคลื่อนที่ - บังคับทิศทางตัวละคร • R3: แสดงเป้าหมาย / สแกนพื้นที่ - ใช้สแกนหาตำแหน่งศัตรูและวัตถุต่าง ๆ รอบตัว • Touch Pad: แผนที่ / แอป FNSM - กดเพื่อดูแผนที่ หรือปัดนิ้วเพื่อเปิดแอปดูภารกิจ แหล่งข้อมูล: https://gameinputdatabase.com/game/69,pipeline:structured_game_controls,games/game_control_lookup,100.0,True,0.4631,0,,,
MB-0956-GC-250,game_controls,psu_fact,Marvel's Spider-Man 2 ถ้าจะเกาะคอน / พุ่งหลาวต้องกดอะไร,Marvel's Spider-Man 2 ปุ่มที่ตรงกับคำถาม: PlayStation / PS5 • L3: เกาะคอน / พุ่งหลาว - เกาะบนจุดแคบ ๆ หรือพุ่งตัวดิ่งลงพื้นขณะอยู่กลางอากาศ • Triangle: ดึงตัวพุ่งโจมตี / ปีกใยแมงมุม - พุ่งโจมตีศัตรู หรือกดตอนอยู่กลางอากาศเพื่อกางปีกร่อน แหล่งข้อมูล: https://gameinputdatabase.com/game/69,pipeline:structured_game_controls,games/game_control_lookup,100.0,True,0.5211,0,,,
MB-0957-GC-251,game_controls,psu_fact,Marvel's Spider-Man 2 ถ้าจะมุมกล้องต้องกดอะไร,Marvel's Spider-Man 2 ปุ่มที่ตรงกับคำถาม: PlayStation / PS5 • R (Right Stick): มุมกล้อง - ควบคุมมุมกล้อง แหล่งข้อมูล: https://gameinputdatabase.com/game/69,pipeline:structured_game_controls,games/game_control_lookup,100.0,True,0.4563,0,,,
MB-0958-GC-252,game_controls,psu_fact,Marvel's Spider-Man 2 ถ้าจะแสดงเป้าหมาย / สแกนพื้นที่ต้องกดอะไร,Marvel's Spider-Man 2 ปุ่มที่ตรงกับคำถาม: PlayStation / PS5 • L (Left Stick): เคลื่อนที่ - บังคับทิศทางตัวละคร • R3: แสดงเป้าหมาย / สแกนพื้นที่ - ใช้สแกนหาตำแหน่งศัตรูและวัตถุต่าง ๆ รอบตัว • Touch Pad: แผนที่ / แอป FNSM - กดเพื่อดูแผนที่ หรือปัดนิ้วเพื่อเปิดแอปดูภารกิจ แหล่งข้อมูล: https://gameinputdatabase.com/game/69,pipeline:structured_game_controls,games/game_control_lookup,100.0,True,0.5862,0,,,
MB-0959-GC-253,game_controls,psu_fact,ปุ่มของ Monster Hunter Rise มีอะไรบ้าง,"Monster Hunter Rise ปุ่มที่ตรงกับคำถาม: PlayStation / PS5 • Circle: โต้ตอบ - เก็บของ, คุยกับ NPC, หรือแล่ชิ้นส่วน แหล่งข้อมูล: https://gameinputdatabase.com/game/103",pipeline:structured_game_controls,games/game_control_lookup,100.0,True,0.3951,0,,,
MB-0960-GC-254,game_controls,psu_fact,Monster Hunter Rise ถ้าจะเคลื่อนที่ต้องกดอะไร,"Monster Hunter Rise ปุ่มที่ตรงกับคำถาม: PlayStation / PS5 • L (Left Stick): เคลื่อนที่ - บังคับทิศทางการเดินและเคลื่อนที่ของตัวละคร • Circle: โต้ตอบ - เก็บของ, คุยกับ NPC, หรือแล่ชิ้นส่วน • D-Pad Left / Right: แถบแอคชั่น: เลื่อนซ้าย/ขวา - เลื่อนเปลี่ยนคำสั่งในแถบ Action Bar ไปทางซ้ายหรือขวา • Touch Pad: แผนที่ - เปิดดูแผนที่แบบเต็มจอ แหล่งข้อมูล: https://gameinputdatabase.com/game/103",pipeline:structured_game_controls,games/game_control_lookup,100.0,True,0.443,0,,,
MB-0961-GC-255,game_controls,psu_fact,Monster Hunter Rise ถ้าจะมุมกล้องต้องกดอะไร,"Monster Hunter Rise ปุ่มที่ตรงกับคำถาม: PlayStation / PS5 • R (Right Stick): มุมกล้อง - แพนมุมกล้องเพื่อดูสภาพแวดล้อมและมอนสเตอร์ • L1: รีเซ็ตมุมกล้อง / เมนูลัด (กดค้าง) - กดเพื่อรีเซ็ตมุมกล้อง หรือกดค้างเพื่อเปิดวงล้อเมนูไอเทม • Circle: โต้ตอบ - เก็บของ, คุยกับ NPC, หรือแล่ชิ้นส่วน แหล่งข้อมูล: https://gameinputdatabase.com/game/103",pipeline:structured_game_controls,games/game_control_lookup,100.0,True,0.4018,0,,,
MB-0962-GC-256,game_controls,psu_fact,Monster Hunter Rise ถ้าจะล็อกเป้าหมายต้องกดอะไร,"Monster Hunter Rise ปุ่มที่ตรงกับคำถาม: PlayStation / PS5 • R3 (Click Right Stick): ล็อกเป้าหมาย - ล็อกเป้าหมายมอนสเตอร์เพื่อให้มุมกล้องหันตาม • Circle: โต้ตอบ - เก็บของ, คุยกับ NPC, หรือแล่ชิ้นส่วน แหล่งข้อมูล: https://gameinputdatabase.com/game/103",pipeline:structured_game_controls,games/game_control_lookup,100.0,True,0.4254,0,,,
MB-0963-GC-257,game_controls,psu_fact,Monster Hunter Rise ถ้าจะรีเซ็ตมุมกล้อง / เมนูลัด (กดค้าง)ต้องกดอะไร,"Monster Hunter Rise ปุ่มที่ตรงกับคำถาม: PlayStation / PS5 • R (Right Stick): มุมกล้อง - แพนมุมกล้องเพื่อดูสภาพแวดล้อมและมอนสเตอร์ • L1: รีเซ็ตมุมกล้อง / เมนูลัด (กดค้าง) - กดเพื่อรีเซ็ตมุมกล้อง หรือกดค้างเพื่อเปิดวงล้อเมนูไอเทม • R1: วิ่งเร็ว (กดค้าง) - กดค้างเพื่อวิ่งสปรินต์ (ทำได้เมื่อเก็บอาวุธอยู่) • Circle: โต้ตอบ - เก็บของ, คุยกับ NPC, หรือแล่ชิ้นส่วน • Options: เมนูหลัก - เปิดหน้าต่างเมนูหลักของเกม แหล่งข้อมูล: https://gameinputdatabase.com/game/103",pipeline:structured_game_controls,games/game_control_lookup,100.0,True,0.5962,0,,,
MB-0964-GC-258,game_controls,psu_fact,ปุ่มของ Moving Out 2 มีอะไรบ้าง,Moving Out 2 มีข้อมูลปุ่มควบคุมดังนี้: Nintendo Switch • L / ZL / R / ZR: จับ / ยก - ใช้สำหรับจับหรือยกเฟอร์นิเจอร์ สามารถกดปุ่มบ่าปุ่มใดก็ได้จากทั้ง 4 ปุ่ม • Left Stick: เคลื่อนที่ - บังคับการเดินและทิศทางของตัวละคร • D-Pad: แสดงอารมณ์ - แสดงท่าทางเต้นหรืออารมณ์ต่าง ๆ • + (Plus): หยุดเกม - หยุดเกมเพื่อเข้าสู่เมนูระบบ • X: คำใบ้ - เรียกดูคำใบ้ช่วยเหลือในการเล่น • A: กระโดด - กระโดดข้ามสิ่งกีดขวาง • Y / B: ขว้าง / ตบ - ขว้างสิ่งของที่ถืออยู่ หรือตบสิ่งแวดล้อม/เพื่อนร่วมทีม สามารถใช้ได้ทั้งปุ่ม Y และ B แหล่งข้อมูล: https://gameaccess.info/moving-out-controls-walkthrough/,pipeline:structured_game_controls,games/game_control_lookup,100.0,True,0.338,0,,,
MB-0965-GC-259,game_controls,psu_fact,Moving Out 2 ถ้าจะจับ / ยกต้องกดอะไร,Moving Out 2 ปุ่มที่ตรงกับคำถาม: Nintendo Switch • L / ZL / R / ZR: จับ / ยก - ใช้สำหรับจับหรือยกเฟอร์นิเจอร์ สามารถกดปุ่มบ่าปุ่มใดก็ได้จากทั้ง 4 ปุ่ม แหล่งข้อมูล: https://gameaccess.info/moving-out-controls-walkthrough/,pipeline:structured_game_controls,games/game_control_lookup,100.0,True,0.3318,0,,,
MB-0966-GC-260,game_controls,psu_fact,Moving Out 2 ถ้าจะเคลื่อนที่ต้องกดอะไร,Moving Out 2 ปุ่มที่ตรงกับคำถาม: Nintendo Switch • Left Stick: เคลื่อนที่ - บังคับการเดินและทิศทางของตัวละคร แหล่งข้อมูล: https://gameaccess.info/moving-out-controls-walkthrough/,pipeline:structured_game_controls,games/game_control_lookup,100.0,True,0.4268,0,,,
MB-0967-GC-261,game_controls,psu_fact,Moving Out 2 ถ้าจะแสดงอารมณ์ต้องกดอะไร,Moving Out 2 ปุ่มที่ตรงกับคำถาม: Nintendo Switch • D-Pad: แสดงอารมณ์ - แสดงท่าทางเต้นหรืออารมณ์ต่าง ๆ แหล่งข้อมูล: https://gameaccess.info/moving-out-controls-walkthrough/,pipeline:structured_game_controls,games/game_control_lookup,100.0,True,0.374,0,,,
MB-0968-GC-262,game_controls,psu_fact,Moving Out 2 ถ้าจะหยุดเกมต้องกดอะไร,Moving Out 2 ปุ่มที่ตรงกับคำถาม: Nintendo Switch • + (Plus): หยุดเกม - หยุดเกมเพื่อเข้าสู่เมนูระบบ แหล่งข้อมูล: https://gameaccess.info/moving-out-controls-walkthrough/,pipeline:structured_game_controls,games/game_control_lookup,100.0,True,0.4218,0,,,
MB-0969-GC-263,game_controls,psu_fact,ปุ่มของ NARUTO X BORUTO Ultimate Ninja STORM CONNECTIONS มีอะไรบ้าง,NARUTO X BORUTO Ultimate Ninja STORM CONNECTIONS ปุ่มที่ตรงกับคำถาม: PlayStation / PS5 • Triangle: คาถานินจา / จักระ - รีดเร้นจักระเพื่อใช้คาถาหรือท่าไม้ตายลับ (Secret Technique) • L2: คาถาสลับร่าง - สลับร่างหลบการโจมตี (ใช้เกจหลบหลีก) • D-Pad: ใช้อุปกรณ์นินจา - ใช้งานไอเทม 4 ทิศทาง แหล่งข้อมูล: https://en.bandainamcoent.eu/naruto/news/5-tips-you-should-know-playing-naruto-x-boruto-ultimate-ninja-storm-connections,pipeline:structured_game_controls,games/game_control_lookup,100.0,True,0.6439,0,,,
MB-0970-GC-264,game_controls,psu_fact,NARUTO X BORUTO Ultimate Ninja STORM CONNECTIONS ถ้าจะเคลื่อนที่ต้องกดอะไร,NARUTO X BORUTO Ultimate Ninja STORM CONNECTIONS ปุ่มที่ตรงกับคำถาม: PlayStation / PS5 • LS (Left Stick): เคลื่อนที่ - บังคับทิศทางของตัวละคร • Triangle: คาถานินจา / จักระ - รีดเร้นจักระเพื่อใช้คาถาหรือท่าไม้ตายลับ (Secret Technique) • L2: คาถาสลับร่าง - สลับร่างหลบการโจมตี (ใช้เกจหลบหลีก) • R2: ป้องกัน - ตั้งการ์ดบล็อกการโจมตี • D-Pad: ใช้อุปกรณ์นินจา - ใช้งานไอเทม 4 ทิศทาง แหล่งข้อมูล: https://en.bandainamcoent.eu/naruto/news/5-tips-you-should-know-playing-naruto-x-boruto-ultimate-ninja-storm-connections,pipeline:structured_game_controls,games/game_control_lookup,100.0,True,0.6868,0,,,
MB-0971-GC-265,game_controls,psu_fact,NARUTO X BORUTO Ultimate Ninja STORM CONNECTIONS ถ้าจะเปลี่ยนตัวละครหลักต้องกดอะไร,NARUTO X BORUTO Ultimate Ninja STORM CONNECTIONS ปุ่มที่ตรงกับคำถาม: PlayStation / PS5 • RS (Right Stick) Left/Right: เปลี่ยนตัวละครหลัก - ดันซ้ายหรือขวาเพื่อสลับบังคับเพื่อนร่วมทีมทันที • Triangle: คาถานินจา / จักระ - รีดเร้นจักระเพื่อใช้คาถาหรือท่าไม้ตายลับ (Secret Technique) • L2: คาถาสลับร่าง - สลับร่างหลบการโจมตี (ใช้เกจหลบหลีก) • R2: ป้องกัน - ตั้งการ์ดบล็อกการโจมตี • D-Pad: ใช้อุปกรณ์นินจา - ใช้งานไอเทม 4 ทิศทาง แหล่งข้อมูล: https://en.bandainamcoent.eu/naruto/news/5-tips-you-should-know-playing-naruto-x-boruto-ultimate-ninja-storm-connections,pipeline:structured_game_controls,games/game_control_lookup,100.0,True,0.7215,0,,,
MB-0972-GC-266,game_controls,psu_fact,NARUTO X BORUTO Ultimate Ninja STORM CONNECTIONS ถ้าจะโจมตีระยะประชิดต้องกดอะไร,NARUTO X BORUTO Ultimate Ninja STORM CONNECTIONS ปุ่มที่ตรงกับคำถาม: PlayStation / PS5 • Circle: โจมตีระยะประชิด - ต่อย/เตะ ทำคอมโบกระบวนท่า • Triangle: คาถานินจา / จักระ - รีดเร้นจักระเพื่อใช้คาถาหรือท่าไม้ตายลับ (Secret Technique) • L2: คาถาสลับร่าง - สลับร่างหลบการโจมตี (ใช้เกจหลบหลีก) • R2: ป้องกัน - ตั้งการ์ดบล็อกการโจมตี • D-Pad: ใช้อุปกรณ์นินจา - ใช้งานไอเทม 4 ทิศทาง แหล่งข้อมูล: https://en.bandainamcoent.eu/naruto/news/5-tips-you-should-know-playing-naruto-x-boruto-ultimate-ninja-storm-connections,pipeline:structured_game_controls,games/game_control_lookup,100.0,True,0.7164,0,,,
MB-0973-GC-267,game_controls,psu_fact,NARUTO X BORUTO Ultimate Ninja STORM CONNECTIONS ถ้าจะคาถานินจา / จักระต้องกดอะไร,NARUTO X BORUTO Ultimate Ninja STORM CONNECTIONS ปุ่มที่ตรงกับคำถาม: PlayStation / PS5 • Triangle: คาถานินจา / จักระ - รีดเร้นจักระเพื่อใช้คาถาหรือท่าไม้ตายลับ (Secret Technique) • L2: คาถาสลับร่าง - สลับร่างหลบการโจมตี (ใช้เกจหลบหลีก) • R2: ป้องกัน - ตั้งการ์ดบล็อกการโจมตี • D-Pad: ใช้อุปกรณ์นินจา - ใช้งานไอเทม 4 ทิศทาง แหล่งข้อมูล: https://en.bandainamcoent.eu/naruto/news/5-tips-you-should-know-playing-naruto-x-boruto-ultimate-ninja-storm-connections,pipeline:structured_game_controls,games/game_control_lookup,100.0,True,0.6386,0,,,
MB-0974-GC-268,game_controls,psu_fact,ปุ่มของ New Super Mario Bros. U Deluxe มีอะไรบ้าง,New Super Mario Bros. U Deluxe มีข้อมูลปุ่มควบคุมดังนี้: Nintendo Switch • One Joy-Con: ควบคุมตัวละครด้วย Joy-Con เดี่ยว - หน้า Nintendo ระบุว่าใช้ Joy-Con เพียงหนึ่งข้างก็เล่นได้ เหมาะกับการเล่นหลายคน • Simple controls: วิ่ง กระโดด และเหยียบศัตรู - หน้า Nintendo อธิบายการเล่นเป็นเกม 2D side-scrolling ที่ใช้การวิ่ง กระโดด และเหยียบศัตรู แต่ไม่ได้ให้ปุ่มละเอียดรายปุ่ม แหล่งข้อมูล: https://www.nintendo.com/sg/switch/adal/index.html,pipeline:structured_game_controls,games/game_control_lookup,100.0,True,0.4513,0,,,
MB-0975-GC-269,game_controls,psu_fact,New Super Mario Bros. U Deluxe ถ้าจะควบคุมตัวละครด้วย Joy-Con เดี่ยวต้องกดอะไร,New Super Mario Bros. U Deluxe ปุ่มที่ตรงกับคำถาม: Nintendo Switch • One Joy-Con: ควบคุมตัวละครด้วย Joy-Con เดี่ยว - หน้า Nintendo ระบุว่าใช้ Joy-Con เพียงหนึ่งข้างก็เล่นได้ เหมาะกับการเล่นหลายคน แหล่งข้อมูล: https://www.nintendo.com/sg/switch/adal/index.html,pipeline:structured_game_controls,games/game_control_lookup,100.0,True,0.6359,0,,,
MB-0976-GC-270,game_controls,psu_fact,New Super Mario Bros. U Deluxe ถ้าจะวิ่ง กระโดด และเหยียบศัตรูต้องกดอะไร,New Super Mario Bros. U Deluxe ปุ่มที่ตรงกับคำถาม: Nintendo Switch • Simple controls: วิ่ง กระโดด และเหยียบศัตรู - หน้า Nintendo อธิบายการเล่นเป็นเกม 2D side-scrolling ที่ใช้การวิ่ง กระโดด และเหยียบศัตรู แต่ไม่ได้ให้ปุ่มละเอียดรายปุ่ม แหล่งข้อมูล: https://www.nintendo.com/sg/switch/adal/index.html,pipeline:structured_game_controls,games/game_control_lookup,100.0,True,0.6054,0,,,
MB-0977-GC-271,game_controls,psu_fact,ปุ่มของ Nintendo Switch Sports มีอะไรบ้าง,Nintendo Switch Sports ปุ่มที่ตรงกับคำถาม: Nintendo Switch • Joy-Con motion: เล่นท่ากีฬาด้วยการขยับ Joy-Con - เกมใช้ Joy-Con หรือ Joy-Con 2 ตามชนิดกีฬาที่เลือก โดยการออกท่าจะขึ้นกับกีฬานั้น ๆ แหล่งข้อมูล: https://en-americas-support.nintendo.com/app/answers/detail/a_id/58596/~/nintendo-switch-sports-faq,pipeline:structured_game_controls,games/game_control_lookup,100.0,True,0.3519,0,,,
MB-0978-GC-272,game_controls,psu_fact,Nintendo Switch Sports ถ้าจะเล่นท่ากีฬาด้วยการขยับ Joy-Conต้องกดอะไร,Nintendo Switch Sports ปุ่มที่ตรงกับคำถาม: Nintendo Switch • Joy-Con motion: เล่นท่ากีฬาด้วยการขยับ Joy-Con - เกมใช้ Joy-Con หรือ Joy-Con 2 ตามชนิดกีฬาที่เลือก โดยการออกท่าจะขึ้นกับกีฬานั้น ๆ • + Button on controller-holding screen: เลือกโหมดสายรัดขาใน Soccer ตอนเล่น Local/Friends - ในหน้าวิธีถือ Joy-Con ให้กด + เพื่อเปลี่ยนเป็น Leg-Strap Mode แหล่งข้อมูล: https://en-americas-support.nintendo.com/app/answers/detail/a_id/58596/~/nintendo-switch-sports-faq,pipeline:structured_game_controls,games/game_control_lookup,100.0,True,0.4658,0,,,
MB-0979-GC-273,game_controls,psu_fact,Nintendo Switch Sports ถ้าจะเลือกโหมดสายรัดขาใน Soccer ตอน Play Globallyต้องกดอะไร,Nintendo Switch Sports มีข้อมูลปุ่มควบคุมดังนี้: Nintendo Switch • Joy-Con motion: เล่นท่ากีฬาด้วยการขยับ Joy-Con - เกมใช้ Joy-Con หรือ Joy-Con 2 ตามชนิดกีฬาที่เลือก โดยการออกท่าจะขึ้นกับกีฬานั้น ๆ • X Button on sport-selection screen: เลือกโหมดสายรัดขาใน Soccer ตอน Play Globally - ในหน้าเลือกกีฬา ให้เลือก Soccer แล้วกด X เพื่อเปลี่ยนเป็น Leg-Strap Mode • + Button on controller-holding screen: เลือกโหมดสายรัดขาใน Soccer ตอนเล่น Local/Friends - ในหน้าวิธีถือ Joy-Con ให้กด + เพื่อเปลี่ยนเป็น Leg-Strap Mode แหล่งข้อมูล: https://en-americas-support.nintendo.com/app/answers/detail/a_id/58596/~/nintendo-switch-sports-faq,pipeline:structured_game_controls,games/game_control_lookup,100.0,True,0.5574,0,,,
MB-0980-GC-274,game_controls,psu_fact,Nintendo Switch Sports ถ้าจะเลือกโหมดสายรัดขาใน Soccer ตอนเล่น Local/Friendsต้องกดอะไร,Nintendo Switch Sports มีข้อมูลปุ่มควบคุมดังนี้: Nintendo Switch • Joy-Con motion: เล่นท่ากีฬาด้วยการขยับ Joy-Con - เกมใช้ Joy-Con หรือ Joy-Con 2 ตามชนิดกีฬาที่เลือก โดยการออกท่าจะขึ้นกับกีฬานั้น ๆ • X Button on sport-selection screen: เลือกโหมดสายรัดขาใน Soccer ตอน Play Globally - ในหน้าเลือกกีฬา ให้เลือก Soccer แล้วกด X เพื่อเปลี่ยนเป็น Leg-Strap Mode • + Button on controller-holding screen: เลือกโหมดสายรัดขาใน Soccer ตอนเล่น Local/Friends - ในหน้าวิธีถือ Joy-Con ให้กด + เพื่อเปลี่ยนเป็น Leg-Strap Mode แหล่งข้อมูล: https://en-americas-support.nintendo.com/app/answers/detail/a_id/58596/~/nintendo-switch-sports-faq,pipeline:structured_game_controls,games/game_control_lookup,100.0,True,0.5561,0,,,
MB-0981-GC-275,game_controls,psu_fact,Overcooked! ปุ่มทั้งหมดมีอะไรบ้าง,Overcooked! มีข้อมูลปุ่มควบคุมดังนี้: PlayStation / PS5 • L (Left Stick) / R (Right Stick): เคลื่อนที่ - ควบคุมทิศทางการเดินของตัวละคร สามารถใช้ก้านอนาล็อกฝั่งใดก็ได้ • Cross / Square / L1 / R1: หยิบ / วาง - คำสั่งพื้นฐานสำหรับหยิบจับสิ่งของ วัตถุดิบ และเสิร์ฟอาหาร ตัวเกมเปิดให้ใช้ได้ถึง 4 ปุ่ม • L2 / R2: หั่น / ขว้าง - ใช้สำหรับสับหรือหั่นวัตถุดิบหน้าเขียง และใช้ขว้างปาวัตถุดิบดิบ • Circle / D-Pad Right: พุ่งตัว - พุ่งตัวไปข้างหน้าเพื่อเพิ่มความเร็วในการเคลื่อนที่ • Triangle: แสดงอารมณ์ - เปิดหน้าต่างไอคอนแสดงอารมณ์เพื่อสื่อสาร • Options: หยุดเกม - หยุดเกมชั่วคราว แหล่งข้อมูล: https://gameinputdatabase.com/game/143,pipeline:structured_game_controls,games/game_control_lookup,100.0,True,0.3594,0,,,
MB-0982-GC-276,game_controls,psu_fact,Overcooked! ใช้จอยยังไง,Overcooked! มีข้อมูลปุ่มควบคุมดังนี้: PlayStation / PS5 • L (Left Stick) / R (Right Stick): เคลื่อนที่ - ควบคุมทิศทางการเดินของตัวละคร สามารถใช้ก้านอนาล็อกฝั่งใดก็ได้ • Cross / Square / L1 / R1: หยิบ / วาง - คำสั่งพื้นฐานสำหรับหยิบจับสิ่งของ วัตถุดิบ และเสิร์ฟอาหาร ตัวเกมเปิดให้ใช้ได้ถึง 4 ปุ่ม • L2 / R2: หั่น / ขว้าง - ใช้สำหรับสับหรือหั่นวัตถุดิบหน้าเขียง และใช้ขว้างปาวัตถุดิบดิบ • Circle / D-Pad Right: พุ่งตัว - พุ่งตัวไปข้างหน้าเพื่อเพิ่มความเร็วในการเคลื่อนที่ • Triangle: แสดงอารมณ์ - เปิดหน้าต่างไอคอนแสดงอารมณ์เพื่อสื่อสาร • Options: หยุดเกม - หยุดเกมชั่วคราว แหล่งข้อมูล: https://gameinputdatabase.com/game/143,pipeline:structured_game_controls,games/game_control_lookup,100.0,True,0.8334,0,,,
MB-0983-GC-277,game_controls,psu_fact,ปุ่มของ Overcooked! มีอะไรบ้าง,Overcooked! มีข้อมูลปุ่มควบคุมดังนี้: PlayStation / PS5 • L (Left Stick) / R (Right Stick): เคลื่อนที่ - ควบคุมทิศทางการเดินของตัวละคร สามารถใช้ก้านอนาล็อกฝั่งใดก็ได้ • Cross / Square / L1 / R1: หยิบ / วาง - คำสั่งพื้นฐานสำหรับหยิบจับสิ่งของ วัตถุดิบ และเสิร์ฟอาหาร ตัวเกมเปิดให้ใช้ได้ถึง 4 ปุ่ม • L2 / R2: หั่น / ขว้าง - ใช้สำหรับสับหรือหั่นวัตถุดิบหน้าเขียง และใช้ขว้างปาวัตถุดิบดิบ • Circle / D-Pad Right: พุ่งตัว - พุ่งตัวไปข้างหน้าเพื่อเพิ่มความเร็วในการเคลื่อนที่ • Triangle: แสดงอารมณ์ - เปิดหน้าต่างไอคอนแสดงอารมณ์เพื่อสื่อสาร • Options: หยุดเกม - หยุดเกมชั่วคราว แหล่งข้อมูล: https://gameinputdatabase.com/game/143,pipeline:structured_game_controls,games/game_control_lookup,100.0,True,0.3356,0,,,
MB-0984-GC-278,game_controls,psu_fact,Overcooked! ถ้าจะเคลื่อนที่ต้องกดอะไร,Overcooked! ปุ่มที่ตรงกับคำถาม: PlayStation / PS5 • L (Left Stick) / R (Right Stick): เคลื่อนที่ - ควบคุมทิศทางการเดินของตัวละคร สามารถใช้ก้านอนาล็อกฝั่งใดก็ได้ แหล่งข้อมูล: https://gameinputdatabase.com/game/143,pipeline:structured_game_controls,games/game_control_lookup,100.0,True,0.4116,0,,,
MB-0985-GC-279,game_controls,psu_fact,Overcooked! ถ้าจะหยิบ / วางต้องกดอะไร,Overcooked! ปุ่มที่ตรงกับคำถาม: PlayStation / PS5 • Cross / Square / L1 / R1: หยิบ / วาง - คำสั่งพื้นฐานสำหรับหยิบจับสิ่งของ วัตถุดิบ และเสิร์ฟอาหาร ตัวเกมเปิดให้ใช้ได้ถึง 4 ปุ่ม แหล่งข้อมูล: https://gameinputdatabase.com/game/143,pipeline:structured_game_controls,games/game_control_lookup,100.0,True,0.3752,0,,,
MB-0986-GC-280,game_controls,psu_fact,Overcooked! ถ้าจะหั่น / ขว้างต้องกดอะไร,Overcooked! ปุ่มที่ตรงกับคำถาม: PlayStation / PS5 • L2 / R2: หั่น / ขว้าง - ใช้สำหรับสับหรือหั่นวัตถุดิบหน้าเขียง และใช้ขว้างปาวัตถุดิบดิบ แหล่งข้อมูล: https://gameinputdatabase.com/game/143,pipeline:structured_game_controls,games/game_control_lookup,100.0,True,0.3722,0,,,
MB-0987-GC-281,game_controls,psu_fact,Overcooked! ถ้าจะพุ่งตัวต้องกดอะไร,Overcooked! ปุ่มที่ตรงกับคำถาม: PlayStation / PS5 • Circle / D-Pad Right: พุ่งตัว - พุ่งตัวไปข้างหน้าเพื่อเพิ่มความเร็วในการเคลื่อนที่ แหล่งข้อมูล: https://gameinputdatabase.com/game/143,pipeline:structured_game_controls,games/game_control_lookup,100.0,True,0.3839,0,,,
MB-0988-GC-282,game_controls,psu_fact,PUBG ใช้จอยยังไง,PUBG: BATTLEGROUNDS มีข้อมูลปุ่มควบคุมดังนี้: PC • W / A / S / D: เคลื่อนที่ - เคลื่อนที่ตัวละคร • F: โต้ตอบ - เก็บของ เปิดประตู หรือใช้งานวัตถุ • C: ย่อตัว - ย่อตัว • Z: หมอบ - นอนหมอบ • Shift: วิ่ง / กลั้นหายใจ - วิ่งเร็ว และใช้กลั้นหายใจตอนเล็ง ADS • Ctrl: เดิน - เดินช้า • Space: กระโดด - กระโดด • Tab / I: เปิดกระเป๋า - เปิด inventory • M: เปิดแผนที่ - เปิดแผนที่ • Alt: มองอิสระ - มองรอบตัวโดยไม่เปลี่ยนทิศทางเดิน • Q / E: เอียงซ้าย / เอียงขวา - เอียงตัวเพื่อ peek • R: รีโหลด - เปลี่ยนกระสุน • B: เปลี่ยนโหมดยิง - สลับโหมดยิงของอาวุธ • X: เก็บ/ถอดอาวุธ - เก็บอาวุธที่ถืออยู่ • Left Mouse Button: ยิง - ยิงอาวุธ • Right Mouse Button: เล็ง - เล็งแบบ soft aim หรือ ADS ตาม setting • 1 / 2 / 3 / 4,pipeline:structured_game_controls,games/game_control_lookup,100.0,True,0.2503,0,,,
MB-0989-GC-283,game_controls,psu_fact,ปุ่มของ PUBG มีอะไรบ้าง,PUBG: BATTLEGROUNDS มีข้อมูลปุ่มควบคุมดังนี้: PC • W / A / S / D: เคลื่อนที่ - เคลื่อนที่ตัวละคร • F: โต้ตอบ - เก็บของ เปิดประตู หรือใช้งานวัตถุ • C: ย่อตัว - ย่อตัว • Z: หมอบ - นอนหมอบ • Shift: วิ่ง / กลั้นหายใจ - วิ่งเร็ว และใช้กลั้นหายใจตอนเล็ง ADS • Ctrl: เดิน - เดินช้า • Space: กระโดด - กระโดด • Tab / I: เปิดกระเป๋า - เปิด inventory • M: เปิดแผนที่ - เปิดแผนที่ • Alt: มองอิสระ - มองรอบตัวโดยไม่เปลี่ยนทิศทางเดิน • Q / E: เอียงซ้าย / เอียงขวา - เอียงตัวเพื่อ peek • R: รีโหลด - เปลี่ยนกระสุน • B: เปลี่ยนโหมดยิง - สลับโหมดยิงของอาวุธ • X: เก็บ/ถอดอาวุธ - เก็บอาวุธที่ถืออยู่ • Left Mouse Button: ยิง - ยิงอาวุธ • Right Mouse Button: เล็ง - เล็งแบบ soft aim หรือ ADS ตาม setting • 1 / 2 / 3 / 4,pipeline:structured_game_controls,games/game_control_lookup,100.0,True,0.3493,0,,,
MB-0990-GC-284,game_controls,psu_fact,PUBG ถ้าจะเคลื่อนที่ต้องกดอะไร,PUBG: BATTLEGROUNDS ปุ่มที่ตรงกับคำถาม: PC • W / A / S / D: เคลื่อนที่ - เคลื่อนที่ตัวละคร • M: เปิดแผนที่ - เปิดแผนที่ แหล่งข้อมูล: https://gamefaqs.gamespot.com/pc/206545-playerunknowns-battlegrounds/faqs/76480/controls,pipeline:structured_game_controls,games/game_control_lookup,100.0,True,0.4254,0,,,
MB-0991-GC-285,game_controls,psu_fact,PUBG ถ้าจะโต้ตอบต้องกดอะไร,PUBG: BATTLEGROUNDS ปุ่มที่ตรงกับคำถาม: PC • F: โต้ตอบ - เก็บของ เปิดประตู หรือใช้งานวัตถุ แหล่งข้อมูล: https://gamefaqs.gamespot.com/pc/206545-playerunknowns-battlegrounds/faqs/76480/controls,pipeline:structured_game_controls,games/game_control_lookup,100.0,True,0.3508,0,,,
MB-0992-GC-286,game_controls,psu_fact,PUBG ถ้าจะย่อตัวต้องกดอะไร,PUBG: BATTLEGROUNDS ปุ่มที่ตรงกับคำถาม: PC • C: ย่อตัว - ย่อตัว แหล่งข้อมูล: https://gamefaqs.gamespot.com/pc/206545-playerunknowns-battlegrounds/faqs/76480/controls,pipeline:structured_game_controls,games/game_control_lookup,100.0,True,0.3401,0,,,
MB-0993-GC-287,game_controls,psu_fact,PUBG ถ้าจะหมอบต้องกดอะไร,PUBG: BATTLEGROUNDS ปุ่มที่ตรงกับคำถาม: PC • Z: หมอบ - นอนหมอบ แหล่งข้อมูล: https://gamefaqs.gamespot.com/pc/206545-playerunknowns-battlegrounds/faqs/76480/controls,pipeline:structured_game_controls,games/game_control_lookup,100.0,True,0.3324,0,,,
MB-0994-GC-288,game_controls,psu_fact,Resident Evil 4 ใช้จอยยังไง,Resident Evil 4 (Remake) มีข้อมูลปุ่มควบคุมดังนี้: PlayStation / PS5 • L (Left Stick): เคลื่อนที่ • L3: วิ่งสปรินต์ • R (Right Stick): มุมกล้อง • L2 (Hold): เล็ง • L1: ปัดป้อง • R1: วิ่ง / กลับหลังหัน • R2: ยิง / โจมตีด้วยมีด • Triangle: คลังไอเทม • Circle: ย่อตัว • Square: รีโหลด • Cross: โต้ตอบ • D-Pad: เปลี่ยนอาวุธ • Options: หยุดเกม • Touch Pad: แผนที่ แหล่งข้อมูล: https://gameinputdatabase.com/game/45,pipeline:structured_game_controls,games/game_control_lookup,100.0,True,0.2996,0,,,
MB-0995-GC-289,game_controls,psu_fact,ปุ่มของ Resident Evil 4 มีอะไรบ้าง,Resident Evil 4 (Remake) มีข้อมูลปุ่มควบคุมดังนี้: PlayStation / PS5 • L (Left Stick): เคลื่อนที่ • L3: วิ่งสปรินต์ • R (Right Stick): มุมกล้อง • L2 (Hold): เล็ง • L1: ปัดป้อง • R1: วิ่ง / กลับหลังหัน • R2: ยิง / โจมตีด้วยมีด • Triangle: คลังไอเทม • Circle: ย่อตัว • Square: รีโหลด • Cross: โต้ตอบ • D-Pad: เปลี่ยนอาวุธ • Options: หยุดเกม • Touch Pad: แผนที่ แหล่งข้อมูล: https://gameinputdatabase.com/game/45,pipeline:structured_game_controls,games/game_control_lookup,100.0,True,0.3499,0,,,
MB-0996-GC-290,game_controls,psu_fact,Resident Evil 4 ถ้าจะเคลื่อนที่ต้องกดอะไร,Resident Evil 4 (Remake) ปุ่มที่ตรงกับคำถาม: PlayStation / PS5 • L (Left Stick): เคลื่อนที่ • Touch Pad: แผนที่ แหล่งข้อมูล: https://gameinputdatabase.com/game/45,pipeline:structured_game_controls,games/game_control_lookup,100.0,True,0.4165,0,,,
MB-0997-GC-291,game_controls,psu_fact,Resident Evil 4 ถ้าจะวิ่งสปรินต์ต้องกดอะไร,Resident Evil 4 (Remake) ปุ่มที่ตรงกับคำถาม: PlayStation / PS5 • L3: วิ่งสปรินต์ • R1: วิ่ง / กลับหลังหัน แหล่งข้อมูล: https://gameinputdatabase.com/game/45,pipeline:structured_game_controls,games/game_control_lookup,100.0,True,0.4293,0,,,
MB-0998-GC-292,game_controls,psu_fact,Resident Evil 4 ถ้าจะมุมกล้องต้องกดอะไร,Resident Evil 4 (Remake) ปุ่มที่ตรงกับคำถาม: PlayStation / PS5 • R (Right Stick): มุมกล้อง แหล่งข้อมูล: https://gameinputdatabase.com/game/45,pipeline:structured_game_controls,games/game_control_lookup,100.0,True,0.401,0,,,
MB-0999-GC-293,game_controls,psu_fact,Resident Evil 4 ถ้าจะเล็งต้องกดอะไร,Resident Evil 4 (Remake) ปุ่มที่ตรงกับคำถาม: PlayStation / PS5 • L2 (Hold): เล็ง แหล่งข้อมูล: https://gameinputdatabase.com/game/45,pipeline:structured_game_controls,games/game_control_lookup,100.0,True,0.4375,0,,,
MB-1000-GC-294,game_controls,psu_fact,ปุ่มของ Resident Evil Village มีอะไรบ้าง,Resident Evil Village มีข้อมูลปุ่มควบคุมดังนี้: PlayStation / PS5 • L (Left Stick): เคลื่อนที่ - บังคับทิศทางการเดินและการเคลื่อนไหวของตัวละคร Ethan Winters • L3 (Click Left Stick): วิ่งเร็ว / สปรินต์ - กดลงไปในขณะเคลื่อนที่เพื่อเร่งความเร็วในการวิ่งหนีหรือเข้าหาที่กำบัง • R (Right Stick): ควบคุมมุมมอง / หันกล้อง - หมุนเพื่อกวาดสายตา หันหัวตัวละคร มองรอบ ๆ หรือใช้ในการเล็งเป้า • R3 (Click Right Stick): ย่อตัว - กดเพื่อย่อตัวลงต่ำ ใช้สำหรับลอดช่องแคบ ซ่อนตัว หรือหลบการโจมตีระดับสายตา • L2: เล็งเป้า / เล็งปืน - ยกอาวุธปืนขึ้นมาเล็งเพื่อบีบเป้าให้แคบลงและเพิ่มความแม่นยำในการยิง • L1: ยกการ์ด / ป้องกัน - ยกแขนขึ้นมาตั้งการ์ดบังการโจมตีของศัตรูเพื่อลดความเสียหาย (หากกดถูกจังหวะจะสามารถผลักศัตรูให,pipeline:structured_game_controls,games/game_control_lookup,100.0,True,0.3775,0,,,
MB-1001-GC-295,game_controls,psu_fact,Resident Evil Village ถ้าจะเคลื่อนที่ต้องกดอะไร,Resident Evil Village ปุ่มที่ตรงกับคำถาม: PlayStation / PS5 • L (Left Stick): เคลื่อนที่ - บังคับทิศทางการเดินและการเคลื่อนไหวของตัวละคร Ethan Winters • L1: ยกการ์ด / ป้องกัน - ยกแขนขึ้นมาตั้งการ์ดบังการโจมตีของศัตรูเพื่อลดความเสียหาย (หากกดถูกจังหวะจะสามารถผลักศัตรูให้เสียหลักได้) • Touch Pad: แผนที่ - เปิดดูแผนที่จำลองของพื้นที่หรือหมู่บ้าน เพื่อเช็กเส้นทางและห้องที่ยังสำรวจไม่ครบ แหล่งข้อมูล: https://gameinputdatabase.com/game/234,pipeline:structured_game_controls,games/game_control_lookup,100.0,True,0.4965,0,,,
MB-1002-GC-296,game_controls,psu_fact,Resident Evil Village ถ้าจะวิ่งเร็ว / สปรินต์ต้องกดอะไร,Resident Evil Village ปุ่มที่ตรงกับคำถาม: PlayStation / PS5 • L3 (Click Left Stick): วิ่งเร็ว / สปรินต์ - กดลงไปในขณะเคลื่อนที่เพื่อเร่งความเร็วในการวิ่งหนีหรือเข้าหาที่กำบัง • L1: ยกการ์ด / ป้องกัน - ยกแขนขึ้นมาตั้งการ์ดบังการโจมตีของศัตรูเพื่อลดความเสียหาย (หากกดถูกจังหวะจะสามารถผลักศัตรูให้เสียหลักได้) แหล่งข้อมูล: https://gameinputdatabase.com/game/234,pipeline:structured_game_controls,games/game_control_lookup,100.0,True,0.5348,0,,,
MB-1003-GC-297,game_controls,psu_fact,Resident Evil Village ถ้าจะควบคุมมุมมอง / หันกล้องต้องกดอะไร,Resident Evil Village ปุ่มที่ตรงกับคำถาม: PlayStation / PS5 • R (Right Stick): ควบคุมมุมมอง / หันกล้อง - หมุนเพื่อกวาดสายตา หันหัวตัวละคร มองรอบ ๆ หรือใช้ในการเล็งเป้า • L1: ยกการ์ด / ป้องกัน - ยกแขนขึ้นมาตั้งการ์ดบังการโจมตีของศัตรูเพื่อลดความเสียหาย (หากกดถูกจังหวะจะสามารถผลักศัตรูให้เสียหลักได้) แหล่งข้อมูล: https://gameinputdatabase.com/game/234,pipeline:structured_game_controls,games/game_control_lookup,100.0,True,0.5402,0,,,
MB-1004-GC-298,game_controls,psu_fact,Resident Evil Village ถ้าจะย่อตัวต้องกดอะไร,Resident Evil Village ปุ่มที่ตรงกับคำถาม: PlayStation / PS5 • R3 (Click Right Stick): ย่อตัว - กดเพื่อย่อตัวลงต่ำ ใช้สำหรับลอดช่องแคบ ซ่อนตัว หรือหลบการโจมตีระดับสายตา • L1: ยกการ์ด / ป้องกัน - ยกแขนขึ้นมาตั้งการ์ดบังการโจมตีของศัตรูเพื่อลดความเสียหาย (หากกดถูกจังหวะจะสามารถผลักศัตรูให้เสียหลักได้) แหล่งข้อมูล: https://gameinputdatabase.com/game/234,pipeline:structured_game_controls,games/game_control_lookup,100.0,True,0.4461,0,,,
MB-1005-GC-299,game_controls,psu_fact,ปุ่มของ Ring Fit Adventure มีอะไรบ้าง,Ring Fit Adventure ปุ่มที่ตรงกับคำถาม: Nintendo Switch • Ring-Con tilt: เลื่อนเคอร์เซอร์ด้วย Ring-Con - ถือ Ring-Con เหมือนพวงมาลัย แล้วเอียงซ้ายขวาหรือยกขึ้นลงเพื่อเลื่อนเคอร์เซอร์ • Press Ring-Con inward: ยืนยันด้วย Ring-Con - กด Ring-Con เข้าด้านในเพื่อยืนยันการเลือก • Pull Ring-Con outward: ยกเลิกด้วย Ring-Con - ดึง Ring-Con ออกด้านนอกเพื่อยกเลิกการเลือก แหล่งข้อมูล: https://en-americas-support.nintendo.com/app/answers/detail/a_id/47833/~/how-do-i-control-the-game%3F-%28ring-fit-adventure%29,pipeline:structured_game_controls,games/game_control_lookup,100.0,True,0.3999,0,,,
MB-1006-GC-300,game_controls,psu_fact,Ring Fit Adventure ถ้าจะเลื่อนเคอร์เซอร์ต้องกดอะไร,Ring Fit Adventure ปุ่มที่ตรงกับคำถาม: Nintendo Switch • Joy-Con (R) Control Stick: เลื่อนเคอร์เซอร์ - ใช้เลื่อนเคอร์เซอร์ในเมนู โดย Joy-Con (R) คือจอยที่ใส่กับ Ring-Con • Ring-Con tilt: เลื่อนเคอร์เซอร์ด้วย Ring-Con - ถือ Ring-Con เหมือนพวงมาลัย แล้วเอียงซ้ายขวาหรือยกขึ้นลงเพื่อเลื่อนเคอร์เซอร์ • Press Ring-Con inward: ยืนยันด้วย Ring-Con - กด Ring-Con เข้าด้านในเพื่อยืนยันการเลือก • Pull Ring-Con outward: ยกเลิกด้วย Ring-Con - ดึง Ring-Con ออกด้านนอกเพื่อยกเลิกการเลือก แหล่งข้อมูล: https://en-americas-support.nintendo.com/app/answers/detail/a_id/47833/~/how-do-i-control-the-game%3F-%28ring-fit-adventure%29,pipeline:structured_game_controls,games/game_control_lookup,100.0,True,0.5425,0,,,
MB-1007-GC-301,game_controls,psu_fact,Ring Fit Adventure ถ้าจะยืนยันการเลือกต้องกดอะไร,Ring Fit Adventure ปุ่มที่ตรงกับคำถาม: Nintendo Switch • X Button: ยืนยันการเลือก - ใช้ยืนยันการเลือกในเมนู • A Button: ยกเลิกการเลือก - ใช้ยกเลิกหรือย้อนกลับจากการเลือกในเมนู • Ring-Con tilt: เลื่อนเคอร์เซอร์ด้วย Ring-Con - ถือ Ring-Con เหมือนพวงมาลัย แล้วเอียงซ้ายขวาหรือยกขึ้นลงเพื่อเลื่อนเคอร์เซอร์ • Press Ring-Con inward: ยืนยันด้วย Ring-Con - กด Ring-Con เข้าด้านในเพื่อยืนยันการเลือก • Pull Ring-Con outward: ยกเลิกด้วย Ring-Con - ดึง Ring-Con ออกด้านนอกเพื่อยกเลิกการเลือก แหล่งข้อมูล: https://en-americas-support.nintendo.com/app/answers/detail/a_id/47833/~/how-do-i-control-the-game%3F-%28ring-fit-adventure%29,pipeline:structured_game_controls,games/game_control_lookup,100.0,True,0.4905,0,,,
MB-1008-GC-302,game_controls,psu_fact,Ring Fit Adventure ถ้าจะยกเลิกการเลือกต้องกดอะไร,Ring Fit Adventure ปุ่มที่ตรงกับคำถาม: Nintendo Switch • X Button: ยืนยันการเลือก - ใช้ยืนยันการเลือกในเมนู • A Button: ยกเลิกการเลือก - ใช้ยกเลิกหรือย้อนกลับจากการเลือกในเมนู • Ring-Con tilt: เลื่อนเคอร์เซอร์ด้วย Ring-Con - ถือ Ring-Con เหมือนพวงมาลัย แล้วเอียงซ้ายขวาหรือยกขึ้นลงเพื่อเลื่อนเคอร์เซอร์ • Press Ring-Con inward: ยืนยันด้วย Ring-Con - กด Ring-Con เข้าด้านในเพื่อยืนยันการเลือก • Pull Ring-Con outward: ยกเลิกด้วย Ring-Con - ดึง Ring-Con ออกด้านนอกเพื่อยกเลิกการเลือก แหล่งข้อมูล: https://en-americas-support.nintendo.com/app/answers/detail/a_id/47833/~/how-do-i-control-the-game%3F-%28ring-fit-adventure%29,pipeline:structured_game_controls,games/game_control_lookup,100.0,True,0.5271,0,,,
MB-1009-GC-303,game_controls,psu_fact,Ring Fit Adventure ถ้าจะเลื่อนเคอร์เซอร์ด้วย Ring-Conต้องกดอะไร,Ring Fit Adventure ปุ่มที่ตรงกับคำถาม: Nintendo Switch • Joy-Con (R) Control Stick: เลื่อนเคอร์เซอร์ - ใช้เลื่อนเคอร์เซอร์ในเมนู โดย Joy-Con (R) คือจอยที่ใส่กับ Ring-Con • Ring-Con tilt: เลื่อนเคอร์เซอร์ด้วย Ring-Con - ถือ Ring-Con เหมือนพวงมาลัย แล้วเอียงซ้ายขวาหรือยกขึ้นลงเพื่อเลื่อนเคอร์เซอร์ • Press Ring-Con inward: ยืนยันด้วย Ring-Con - กด Ring-Con เข้าด้านในเพื่อยืนยันการเลือก • Pull Ring-Con outward: ยกเลิกด้วย Ring-Con - ดึง Ring-Con ออกด้านนอกเพื่อยกเลิกการเลือก แหล่งข้อมูล: https://en-americas-support.nintendo.com/app/answers/detail/a_id/47833/~/how-do-i-control-the-game%3F-%28ring-fit-adventure%29,pipeline:structured_game_controls,games/game_control_lookup,100.0,True,0.5785,0,,,
MB-1010-GC-304,game_controls,psu_fact,ปุ่มของ Super Mario Odyssey มีอะไรบ้าง,Super Mario Odyssey มีข้อมูลปุ่มควบคุมดังนี้: Nintendo Switch • L (Left Stick): เคลื่อนที่ - บังคับทิศทางการเดินและวิ่งของมาริโอ • R (Right Stick): มุมกล้อง - หมุนและแพนมุมกล้องเพื่อดูสภาพแวดล้อม • R3 (Click Right Stick): มุมมองบุคคลที่หนึ่ง - กดเพื่อเปลี่ยนเป็นมุมมองบุคคลที่หนึ่งสำหรับส่องดูรายละเอียด • A / B: กระโดด - ใช้กระโดด สามารถใช้ปุ่ม A หรือ B ก็ได้ • X / Y: ขว้างหมวก / วิ่งเร็ว - กดเพื่อขว้างหมวก Cappy หรือกดค้างไว้พร้อมบังคับทิศทางเพื่อวิ่งเร็ว • ZL: ย่อตัว - ย่อตัวลงเพื่อม้วนตัว หรือใช้ทำท่ากระแทกพื้น (Ground Pound) • R: รีเซ็ตกล้อง - รีเซ็ตมุมกล้องให้หันไปทางเดียวกับที่มาริโอกำลังมองอยู่ • D-Pad Down: โหมดถ่ายภาพ - เข้าสู่โหมดถ่ายภาพเพื่อตกแต่งและบันทึกหน้าจอ • D-Pad Right: สแกน,pipeline:structured_game_controls,games/game_control_lookup,100.0,True,0.362,0,,,
MB-1011-GC-305,game_controls,psu_fact,Super Mario Odyssey ถ้าจะเคลื่อนที่ต้องกดอะไร,Super Mario Odyssey ปุ่มที่ตรงกับคำถาม: Nintendo Switch • L (Left Stick): เคลื่อนที่ - บังคับทิศทางการเดินและวิ่งของมาริโอ • - (Minus): แผนที่ - เปิดแผนที่เพื่อดูข้อมูลอาณาจักรหรือใช้วาร์ป แหล่งข้อมูล: https://gameinputdatabase.com/game/32,pipeline:structured_game_controls,games/game_control_lookup,100.0,True,0.498,0,,,
MB-1012-GC-306,game_controls,psu_fact,Super Mario Odyssey ถ้าจะมุมกล้องต้องกดอะไร,Super Mario Odyssey ปุ่มที่ตรงกับคำถาม: Nintendo Switch • R (Right Stick): มุมกล้อง - หมุนและแพนมุมกล้องเพื่อดูสภาพแวดล้อม • R: รีเซ็ตกล้อง - รีเซ็ตมุมกล้องให้หันไปทางเดียวกับที่มาริโอกำลังมองอยู่ แหล่งข้อมูล: https://gameinputdatabase.com/game/32,pipeline:structured_game_controls,games/game_control_lookup,100.0,True,0.411,0,,,
MB-1013-GC-307,game_controls,psu_fact,Super Mario Odyssey ถ้าจะมุมมองบุคคลที่หนึ่งต้องกดอะไร,Super Mario Odyssey ปุ่มที่ตรงกับคำถาม: Nintendo Switch • R3 (Click Right Stick): มุมมองบุคคลที่หนึ่ง - กดเพื่อเปลี่ยนเป็นมุมมองบุคคลที่หนึ่งสำหรับส่องดูรายละเอียด แหล่งข้อมูล: https://gameinputdatabase.com/game/32,pipeline:structured_game_controls,games/game_control_lookup,100.0,True,0.496,0,,,
MB-1014-GC-308,game_controls,psu_fact,Super Mario Odyssey ถ้าจะกระโดดต้องกดอะไร,Super Mario Odyssey ปุ่มที่ตรงกับคำถาม: Nintendo Switch • A / B: กระโดด - ใช้กระโดด สามารถใช้ปุ่ม A หรือ B ก็ได้ แหล่งข้อมูล: https://gameinputdatabase.com/game/32,pipeline:structured_game_controls,games/game_control_lookup,100.0,True,0.4282,0,,,
MB-1015-GC-309,game_controls,psu_fact,ปุ่มของ Super Smash Bros. Ultimate มีอะไรบ้าง,Super Smash Bros. Ultimate ปุ่มที่ตรงกับคำถาม: Nintendo Switch • R (Right Stick): โจมตีสแมช - ก้านอนาล็อกขวาใช้สำหรับปล่อยท่า Smash Attack ไปตามทิศทางที่ดันอย่างรวดเร็ว แหล่งข้อมูล: https://gameinputdatabase.com/game/46,pipeline:structured_game_controls,games/game_control_lookup,100.0,True,0.3551,0,,,
MB-1016-GC-310,game_controls,psu_fact,Super Smash Bros. Ultimate ถ้าจะเคลื่อนที่ต้องกดอะไร,Super Smash Bros. Ultimate ปุ่มที่ตรงกับคำถาม: Nintendo Switch • L (Left Stick): เคลื่อนที่ - ใช้เดิน วิ่ง หรือย่อตัว รวมถึงกำหนดทิศทางการโจมตีท่าต่าง ๆ • R (Right Stick): โจมตีสแมช - ก้านอนาล็อกขวาใช้สำหรับปล่อยท่า Smash Attack ไปตามทิศทางที่ดันอย่างรวดเร็ว • ZL / ZR: โล่ป้องกัน - กางโล่เพื่อป้องกันการโจมตี สามารถกดพร้อมอนาล็อกซ้ายเพื่อกลิ้งหลบได้ แหล่งข้อมูล: https://gameinputdatabase.com/game/46,pipeline:structured_game_controls,games/game_control_lookup,100.0,True,0.4984,0,,,
MB-1017-GC-311,game_controls,psu_fact,Super Smash Bros. Ultimate ถ้าจะโจมตีสแมชต้องกดอะไร,Super Smash Bros. Ultimate ปุ่มที่ตรงกับคำถาม: Nintendo Switch • R (Right Stick): โจมตีสแมช - ก้านอนาล็อกขวาใช้สำหรับปล่อยท่า Smash Attack ไปตามทิศทางที่ดันอย่างรวดเร็ว • A: โจมตีปกติ - การโจมตีพื้นฐาน (Jab/Tilt/Aerial) ขึ้นอยู่กับทิศทางของอนาล็อกซ้าย • B: โจมตีพิเศษ - ท่าไม้ตายของตัวละคร (Special Moves) สามารถเปลี่ยนท่าได้ตามทิศทางอนาล็อกซ้าย • ZL / ZR: โล่ป้องกัน - กางโล่เพื่อป้องกันการโจมตี สามารถกดพร้อมอนาล็อกซ้ายเพื่อกลิ้งหลบได้ แหล่งข้อมูล: https://gameinputdatabase.com/game/46,pipeline:structured_game_controls,games/game_control_lookup,100.0,True,0.5049,0,,,
MB-1018-GC-312,game_controls,psu_fact,Super Smash Bros. Ultimate ถ้าจะโจมตีปกติต้องกดอะไร,Super Smash Bros. Ultimate ปุ่มที่ตรงกับคำถาม: Nintendo Switch • R (Right Stick): โจมตีสแมช - ก้านอนาล็อกขวาใช้สำหรับปล่อยท่า Smash Attack ไปตามทิศทางที่ดันอย่างรวดเร็ว • A: โจมตีปกติ - การโจมตีพื้นฐาน (Jab/Tilt/Aerial) ขึ้นอยู่กับทิศทางของอนาล็อกซ้าย • B: โจมตีพิเศษ - ท่าไม้ตายของตัวละคร (Special Moves) สามารถเปลี่ยนท่าได้ตามทิศทางอนาล็อกซ้าย • ZL / ZR: โล่ป้องกัน - กางโล่เพื่อป้องกันการโจมตี สามารถกดพร้อมอนาล็อกซ้ายเพื่อกลิ้งหลบได้ แหล่งข้อมูล: https://gameinputdatabase.com/game/46,pipeline:structured_game_controls,games/game_control_lookup,100.0,True,0.4558,0,,,
MB-1019-GC-313,game_controls,psu_fact,Super Smash Bros. Ultimate ถ้าจะโจมตีพิเศษต้องกดอะไร,Super Smash Bros. Ultimate ปุ่มที่ตรงกับคำถาม: Nintendo Switch • R (Right Stick): โจมตีสแมช - ก้านอนาล็อกขวาใช้สำหรับปล่อยท่า Smash Attack ไปตามทิศทางที่ดันอย่างรวดเร็ว • A: โจมตีปกติ - การโจมตีพื้นฐาน (Jab/Tilt/Aerial) ขึ้นอยู่กับทิศทางของอนาล็อกซ้าย • B: โจมตีพิเศษ - ท่าไม้ตายของตัวละคร (Special Moves) สามารถเปลี่ยนท่าได้ตามทิศทางอนาล็อกซ้าย • ZL / ZR: โล่ป้องกัน - กางโล่เพื่อป้องกันการโจมตี สามารถกดพร้อมอนาล็อกซ้ายเพื่อกลิ้งหลบได้ แหล่งข้อมูล: https://gameinputdatabase.com/game/46,pipeline:structured_game_controls,games/game_control_lookup,100.0,True,0.4991,0,,,
MB-1020-GC-314,game_controls,psu_fact,ปุ่มของ TEKKEN 8 มีอะไรบ้าง,"TEKKEN 8 มีข้อมูลปุ่มควบคุมดังนี้: PlayStation / PS5 • Square: หมัดซ้าย / ต่อยซ้าย - ออกหมัดแย็บหรือโจมตีด้วยมือซ้าย เป็นปุ่มหลักในการเริ่มต้นเฟรมคอมโบที่รวดเร็ว • Triangle: หมัดขวา / ต่อยขวา - ออกหมัดหนักหรือโจมตีด้วยมือขวา มักใช้ทำดาเมจแรงหรือสวนกลับ (Counter) • Cross: ลูกเตะซ้าย - ใช้ขาซ้ายเตะสกัดหรือโจมตีเพื่อเปิดช่องว่างของศัตรู • Circle: ลูกเตะขวา - ใช้ขาขวาหวดเตะอย่างรุนแรง มักเป็นท่าเคลียร์ระยะหรือตัดขาที่ทำดาเมจสูง • D-Pad Up: กระโดด - ควบคุมให้ตัวละครกระโดดขึ้นด้านบนเพื่อหลบการโจมตีล่าง หรือใช้กดร่วมกับปุ่มโจมตีกลางอากาศ • D-Pad Left: ถอยหลัง / บล็อก - บังคับตัวละครให้เดินถอยหลังเพื่อรักษาระยะ หรือใช้กดค้างเพื่อ ""บล็อก (Guard)"" การโจมตีระดับสูงและระดับกลางของศัตรู • D-Pad Down: ย่อ",pipeline:structured_game_controls,games/game_control_lookup,100.0,True,0.3257,0,,,
MB-1021-GC-315,game_controls,psu_fact,TEKKEN 8 ถ้าจะหมัดซ้าย / ต่อยซ้ายต้องกดอะไร,TEKKEN 8 ปุ่มที่ตรงกับคำถาม: PlayStation / PS5 • Square: หมัดซ้าย / ต่อยซ้าย - ออกหมัดแย็บหรือโจมตีด้วยมือซ้าย เป็นปุ่มหลักในการเริ่มต้นเฟรมคอมโบที่รวดเร็ว • Triangle: หมัดขวา / ต่อยขวา - ออกหมัดหนักหรือโจมตีด้วยมือขวา มักใช้ทำดาเมจแรงหรือสวนกลับ (Counter) • Cross: ลูกเตะซ้าย - ใช้ขาซ้ายเตะสกัดหรือโจมตีเพื่อเปิดช่องว่างของศัตรู แหล่งข้อมูล: https://gameinputdatabase.com/game/83,pipeline:structured_game_controls,games/game_control_lookup,100.0,True,0.6108,0,,,
MB-1022-GC-316,game_controls,psu_fact,TEKKEN 8 ถ้าจะหมัดขวา / ต่อยขวาต้องกดอะไร,TEKKEN 8 ปุ่มที่ตรงกับคำถาม: PlayStation / PS5 • Square: หมัดซ้าย / ต่อยซ้าย - ออกหมัดแย็บหรือโจมตีด้วยมือซ้าย เป็นปุ่มหลักในการเริ่มต้นเฟรมคอมโบที่รวดเร็ว • Triangle: หมัดขวา / ต่อยขวา - ออกหมัดหนักหรือโจมตีด้วยมือขวา มักใช้ทำดาเมจแรงหรือสวนกลับ (Counter) แหล่งข้อมูล: https://gameinputdatabase.com/game/83,pipeline:structured_game_controls,games/game_control_lookup,100.0,True,0.5536,0,,,
MB-1023-GC-317,game_controls,psu_fact,TEKKEN 8 ถ้าจะลูกเตะซ้ายต้องกดอะไร,TEKKEN 8 ปุ่มที่ตรงกับคำถาม: PlayStation / PS5 • Square: หมัดซ้าย / ต่อยซ้าย - ออกหมัดแย็บหรือโจมตีด้วยมือซ้าย เป็นปุ่มหลักในการเริ่มต้นเฟรมคอมโบที่รวดเร็ว • Cross: ลูกเตะซ้าย - ใช้ขาซ้ายเตะสกัดหรือโจมตีเพื่อเปิดช่องว่างของศัตรู • Circle: ลูกเตะขวา - ใช้ขาขวาหวดเตะอย่างรุนแรง มักเป็นท่าเคลียร์ระยะหรือตัดขาที่ทำดาเมจสูง แหล่งข้อมูล: https://gameinputdatabase.com/game/83,pipeline:structured_game_controls,games/game_control_lookup,100.0,True,0.4749,0,,,
MB-1024-GC-318,game_controls,psu_fact,TEKKEN 8 ถ้าจะลูกเตะขวาต้องกดอะไร,TEKKEN 8 ปุ่มที่ตรงกับคำถาม: PlayStation / PS5 • Triangle: หมัดขวา / ต่อยขวา - ออกหมัดหนักหรือโจมตีด้วยมือขวา มักใช้ทำดาเมจแรงหรือสวนกลับ (Counter) • Cross: ลูกเตะซ้าย - ใช้ขาซ้ายเตะสกัดหรือโจมตีเพื่อเปิดช่องว่างของศัตรู • Circle: ลูกเตะขวา - ใช้ขาขวาหวดเตะอย่างรุนแรง มักเป็นท่าเคลียร์ระยะหรือตัดขาที่ทำดาเมจสูง แหล่งข้อมูล: https://gameinputdatabase.com/game/83,pipeline:structured_game_controls,games/game_control_lookup,100.0,True,0.4815,0,,,
MB-1025-GC-319,game_controls,psu_fact,ปุ่มของ The Last of Us Part I มีอะไรบ้าง,The Last of Us Part I มีข้อมูลปุ่มควบคุมดังนี้: PlayStation / PS5 • L (Left Stick): เคลื่อนที่ - บังคับทิศทางการเดินและการย่องเคลื่อนที่ของตัวละคร • L3 (Click Left Stick): หันมองจุดสนใจ - กดเพื่อหันมุมกล้องไปยังวัตถุ เหตุการณ์ หรือจุดสำคัญในฉากที่เกมแนะนำทันที • R (Right Stick): มุมกล้อง - หมุนเพื่อกวาดสายตาและควบคุมทิศทางมุมกล้อง • R3 (Click Right Stick): ไฟฉาย - กดคลิกลงไปตรง ๆ เพื่อเปิดหรือปิดไฟฉายในพื้นที่มืด (และใช้เขย่าจอยเมื่อไฟฉายดับ) • L1: วิ่งสปรินต์ (กดค้าง) - กดค้างไว้ในขณะเคลื่อนเพื่อวิ่งหนีหรือเร่งความเร็วสลัดการตามล่า • L2: เล็งเป้า (กดค้าง) - กดค้างไว้เพื่อยกอาวุธปืนหรือไอเทมขว้างขึ้นมาเตรียมเล็งยิง • R1: สลับอาวุธด่วน / โหมดฟังเสียง (กดค้าง) - แตะเพื่อสลับอาวุธล่าสุด หรือกดค,pipeline:structured_game_controls,games/game_control_lookup,100.0,True,0.3682,0,,,
MB-1026-GC-320,game_controls,psu_fact,The Last of Us Part I ถ้าจะเคลื่อนที่ต้องกดอะไร,The Last of Us Part I ปุ่มที่ตรงกับคำถาม: PlayStation / PS5 • L (Left Stick): เคลื่อนที่ - บังคับทิศทางการเดินและการย่องเคลื่อนที่ของตัวละคร แหล่งข้อมูล: https://gameinputdatabase.com/game/101,pipeline:structured_game_controls,games/game_control_lookup,100.0,True,0.4573,0,,,
MB-1027-GC-321,game_controls,psu_fact,The Last of Us Part I ถ้าจะหันมองจุดสนใจต้องกดอะไร,The Last of Us Part I ปุ่มที่ตรงกับคำถาม: PlayStation / PS5 • L3 (Click Left Stick): หันมองจุดสนใจ - กดเพื่อหันมุมกล้องไปยังวัตถุ เหตุการณ์ หรือจุดสำคัญในฉากที่เกมแนะนำทันที แหล่งข้อมูล: https://gameinputdatabase.com/game/101,pipeline:structured_game_controls,games/game_control_lookup,100.0,True,0.4563,0,,,
MB-1028-GC-322,game_controls,psu_fact,The Last of Us Part I ถ้าจะมุมกล้องต้องกดอะไร,The Last of Us Part I ปุ่มที่ตรงกับคำถาม: PlayStation / PS5 • R (Right Stick): มุมกล้อง - หมุนเพื่อกวาดสายตาและควบคุมทิศทางมุมกล้อง • Square: โจมตีประชิด / สลับฝั่งมุมกล้อง (ขณะเล็ง) - กดเพื่อต่อยหรือหวดอาวุธประชิด แต่ถ้ากดตอนเล็งปืนจะเป็นการสลับมุมกล้องข้ามไหล่ซ้าย-ขวา แหล่งข้อมูล: https://gameinputdatabase.com/game/101,pipeline:structured_game_controls,games/game_control_lookup,100.0,True,0.4227,0,,,
MB-1029-GC-323,game_controls,psu_fact,The Last of Us Part I ถ้าจะไฟฉายต้องกดอะไร,The Last of Us Part I ปุ่มที่ตรงกับคำถาม: PlayStation / PS5 • R3 (Click Right Stick): ไฟฉาย - กดคลิกลงไปตรง ๆ เพื่อเปิดหรือปิดไฟฉายในพื้นที่มืด (และใช้เขย่าจอยเมื่อไฟฉายดับ) แหล่งข้อมูล: https://gameinputdatabase.com/game/101,pipeline:structured_game_controls,games/game_control_lookup,100.0,True,0.3947,0,,,
MB-1030-GC-324,game_controls,psu_fact,ปุ่มของ The Last of Us Part II มีอะไรบ้าง,The Last of Us Part II มีข้อมูลปุ่มควบคุมดังนี้: PlayStation / PS5 • L (Left Stick): เคลื่อนที่ - บังคับทิศทางการเดิน การย่อง หรือการวิ่งของตัวละครไปตามฉาก • L3 (Click Left Stick): หันมองจุดสนใจ - กดคลิกลงไปเพื่อหันมุมกล้องล็อกไปยังวัตถุ เบาะแส หรือเหตุการณ์สำคัญที่เกมต้องการให้สังเกตทันที • R (Right Stick): มุมกล้อง - หมุนอนาล็อกเพื่อหันมุมมอง กวาดสายตาดูรอบ ๆ ตัว หรือใช้ควบคุมทิศทางเป้าปืน • R3 (Click Right Stick): ไฟฉาย - กดคลิกลงไปตรง ๆ เพื่อเปิดหรือปิดไฟฉายเมื่อต้องลุยในตึกร้างหรือพื้นที่มืดสนิท • L1: หลบหลีก - กดในจังหวะที่ศัตรูเหวี่ยงอาวุธหรือพุ่งเข้ามาต่อย เพื่อเอี้ยวตัวหรือฉากหลบการโจมตีระยะประชิดทันที • L2: เล็งเป้า (กดค้าง) - กดค้างไว้เพื่อยกอาวุธปืน คันธนู หรือไอเทมประเภทระเบิดขว,pipeline:structured_game_controls,games/game_control_lookup,100.0,True,0.3653,0,,,
MB-1031-GC-325,game_controls,psu_fact,The Last of Us Part II ถ้าจะเคลื่อนที่ต้องกดอะไร,The Last of Us Part II ปุ่มที่ตรงกับคำถาม: PlayStation / PS5 • L (Left Stick): เคลื่อนที่ - บังคับทิศทางการเดิน การย่อง หรือการวิ่งของตัวละครไปตามฉาก แหล่งข้อมูล: https://gameinputdatabase.com/game/16,pipeline:structured_game_controls,games/game_control_lookup,100.0,True,0.4571,0,,,
MB-1032-GC-326,game_controls,psu_fact,The Last of Us Part II ถ้าจะหันมองจุดสนใจต้องกดอะไร,The Last of Us Part II ปุ่มที่ตรงกับคำถาม: PlayStation / PS5 • L3 (Click Left Stick): หันมองจุดสนใจ - กดคลิกลงไปเพื่อหันมุมกล้องล็อกไปยังวัตถุ เบาะแส หรือเหตุการณ์สำคัญที่เกมต้องการให้สังเกตทันที แหล่งข้อมูล: https://gameinputdatabase.com/game/16,pipeline:structured_game_controls,games/game_control_lookup,100.0,True,0.4783,0,,,
MB-1033-GC-327,game_controls,psu_fact,The Last of Us Part II ถ้าจะมุมกล้องต้องกดอะไร,The Last of Us Part II ปุ่มที่ตรงกับคำถาม: PlayStation / PS5 • R (Right Stick): มุมกล้อง - หมุนอนาล็อกเพื่อหันมุมมอง กวาดสายตาดูรอบ ๆ ตัว หรือใช้ควบคุมทิศทางเป้าปืน แหล่งข้อมูล: https://gameinputdatabase.com/game/16,pipeline:structured_game_controls,games/game_control_lookup,100.0,True,0.4646,0,,,
MB-1034-GC-328,game_controls,psu_fact,The Last of Us Part II ถ้าจะไฟฉายต้องกดอะไร,The Last of Us Part II ปุ่มที่ตรงกับคำถาม: PlayStation / PS5 • R3 (Click Right Stick): ไฟฉาย - กดคลิกลงไปตรง ๆ เพื่อเปิดหรือปิดไฟฉายเมื่อต้องลุยในตึกร้างหรือพื้นที่มืดสนิท แหล่งข้อมูล: https://gameinputdatabase.com/game/16,pipeline:structured_game_controls,games/game_control_lookup,100.0,True,0.4175,0,,,
MB-1035-GC-329,game_controls,psu_fact,The Legend of Zelda ใช้จอยยังไง,The Legend of Zelda: Breath of the Wild มีข้อมูลปุ่มควบคุมดังนี้: Nintendo Switch • L (Left Stick): เคลื่อนที่ / เดินสไลด์ข้าง - บังคับการเดิน หรือเดินสไลด์หลบเมื่อกดล็อกเป้าหมาย • L3 (Click Left Stick): ย่อตัว - ย่อตัวเพื่อลอบเร้นหรือลดเสียงฝีเท้า • R (Right Stick): มุมกล้อง - ปรับมุมมองกล้องรอบตัวลิงก์ • R3 (Click Right Stick): กล้องส่องทางไกล - ส่องดูศัตรูหรือสถานที่ในระยะไกลและปักหมุดแผนที่ได้ • A: ปัดป้อง - กดปัดป้องการโจมตีเมื่อกางโล่และล็อกเป้าหมายอยู่ • B: เก็บอาวุธ / วิ่งเร็ว - กดเก็บอาวุธ หรือกดค้างเพื่อวิ่งโดยใช้หลอดสตามิน่า • X: กระโดด / หลบหลีก - กระโดดข้ามสิ่งกีดขวาง หรือกระโดดหลบเมื่อล็อกเป้าศัตรู • Y: โจมตี - ใช้อาวุธหลักโจมตีศัตรู • D-Pad Up: เปลี่ยนรูน - เลือกเปลี่ยนอุปกรณ์,pipeline:structured_game_controls,games/game_control_lookup,100.0,True,0.3359,0,,,
MB-1036-GC-330,game_controls,psu_fact,ปุ่มของ The Legend of Zelda มีอะไรบ้าง,The Legend of Zelda: Breath of the Wild ปุ่มที่ตรงกับคำถาม: Nintendo Switch • D-Pad Left / Right: เปลี่ยนอุปกรณ์สวมใส่ - เปลี่ยนอาวุธ โล่ และธนูแบบรวดเร็วโดยไม่ต้องเข้าเมนูหลัก แหล่งข้อมูล: https://gameinputdatabase.com/game/31,pipeline:structured_game_controls,games/game_control_lookup,100.0,True,0.473,0,,,
MB-1037-GC-331,game_controls,psu_fact,The Legend of Zelda ถ้าจะเคลื่อนที่ / เดินสไลด์ข้างต้องกดอะไร,The Legend of Zelda: Breath of the Wild ปุ่มที่ตรงกับคำถาม: Nintendo Switch • L (Left Stick): เคลื่อนที่ / เดินสไลด์ข้าง - บังคับการเดิน หรือเดินสไลด์หลบเมื่อกดล็อกเป้าหมาย • D-Pad Left / Right: เปลี่ยนอุปกรณ์สวมใส่ - เปลี่ยนอาวุธ โล่ และธนูแบบรวดเร็วโดยไม่ต้องเข้าเมนูหลัก • - (Minus): แผนที่ - เปิดแผนที่ชีคาห์เพื่อดูเส้นทาง แหล่งข้อมูล: https://gameinputdatabase.com/game/31,pipeline:structured_game_controls,games/game_control_lookup,100.0,True,0.9335,0,,,
MB-1038-GC-332,game_controls,psu_fact,The Legend of Zelda ถ้าจะย่อตัวต้องกดอะไร,The Legend of Zelda: Breath of the Wild ปุ่มที่ตรงกับคำถาม: Nintendo Switch • L3 (Click Left Stick): ย่อตัว - ย่อตัวเพื่อลอบเร้นหรือลดเสียงฝีเท้า • D-Pad Left / Right: เปลี่ยนอุปกรณ์สวมใส่ - เปลี่ยนอาวุธ โล่ และธนูแบบรวดเร็วโดยไม่ต้องเข้าเมนูหลัก แหล่งข้อมูล: https://gameinputdatabase.com/game/31,pipeline:structured_game_controls,games/game_control_lookup,100.0,True,0.4779,0,,,
MB-1039-GC-333,game_controls,psu_fact,The Legend of Zelda ถ้าจะมุมกล้องต้องกดอะไร,The Legend of Zelda: Breath of the Wild ปุ่มที่ตรงกับคำถาม: Nintendo Switch • R (Right Stick): มุมกล้อง - ปรับมุมมองกล้องรอบตัวลิงก์ • R3 (Click Right Stick): กล้องส่องทางไกล - ส่องดูศัตรูหรือสถานที่ในระยะไกลและปักหมุดแผนที่ได้ • D-Pad Left / Right: เปลี่ยนอุปกรณ์สวมใส่ - เปลี่ยนอาวุธ โล่ และธนูแบบรวดเร็วโดยไม่ต้องเข้าเมนูหลัก แหล่งข้อมูล: https://gameinputdatabase.com/game/31,pipeline:structured_game_controls,games/game_control_lookup,100.0,True,0.4897,0,,,
MB-1040-GC-334,game_controls,psu_fact,The Legend of Zelda ถ้าจะกล้องส่องทางไกลต้องกดอะไร,The Legend of Zelda: Breath of the Wild ปุ่มที่ตรงกับคำถาม: Nintendo Switch • R (Right Stick): มุมกล้อง - ปรับมุมมองกล้องรอบตัวลิงก์ • R3 (Click Right Stick): กล้องส่องทางไกล - ส่องดูศัตรูหรือสถานที่ในระยะไกลและปักหมุดแผนที่ได้ • D-Pad Left / Right: เปลี่ยนอุปกรณ์สวมใส่ - เปลี่ยนอาวุธ โล่ และธนูแบบรวดเร็วโดยไม่ต้องเข้าเมนูหลัก แหล่งข้อมูล: https://gameinputdatabase.com/game/31,pipeline:structured_game_controls,games/game_control_lookup,100.0,True,0.6265,0,,,
MB-1041-GC-335,game_controls,psu_fact,Uncharted ใช้จอยยังไง,Uncharted: Legacy of Thieves Collection มีข้อมูลปุ่มควบคุมดังนี้: PlayStation / PS5 • L (Left Stick): เคลื่อนที่ - บังคับทิศทางการเดิน การวิ่ง ของตัวละคร หรือใช้ควบคุมทิศทางพวงมาลัยเมื่อขับรถ • L3 (Click Left Stick): มาร์กตำแหน่งศัตรู - กดคลิกลงไปเพื่อล็อกเป้าหมายและทำเครื่องหมายหัวศัตรู ช่วยให้มองเห็นตำแหน่งได้ง่ายขึ้น • R (Right Stick): มุมกล้อง - หมุนอนาล็อกเพื่อหันมุมมองกล้อง กวาดสายตา หรือใช้ควบคุมเป้าเล็งปืน • R3 (Click Right Stick): ซูมกล้องเล็ง - กดคลิกลงไปในขณะเล็งปืนสไนเปอร์เพื่อส่องกล้องซูมขยายระยะมองเห็นให้ชัดขึ้น • L2: เล็งเป้า / เบรกรถ - กดค้างเพื่อยกปืนขึ้นเล็ง หรือใช้เป็นปุ่มเหยียบเบรกชะลอความเร็ว/ถอยหลังเมื่อขับรถ • L1: ใช้เชือกสลิง / โหนสลิง - กดโยนเชือกตะขอเกี่ยวเพื่อโหนตั,pipeline:structured_game_controls,games/game_control_lookup,100.0,True,0.2846,0,,,
MB-1042-GC-336,game_controls,psu_fact,ปุ่มของ Uncharted มีอะไรบ้าง,Uncharted: Legacy of Thieves Collection มีข้อมูลปุ่มควบคุมดังนี้: PlayStation / PS5 • L (Left Stick): เคลื่อนที่ - บังคับทิศทางการเดิน การวิ่ง ของตัวละคร หรือใช้ควบคุมทิศทางพวงมาลัยเมื่อขับรถ • L3 (Click Left Stick): มาร์กตำแหน่งศัตรู - กดคลิกลงไปเพื่อล็อกเป้าหมายและทำเครื่องหมายหัวศัตรู ช่วยให้มองเห็นตำแหน่งได้ง่ายขึ้น • R (Right Stick): มุมกล้อง - หมุนอนาล็อกเพื่อหันมุมมองกล้อง กวาดสายตา หรือใช้ควบคุมเป้าเล็งปืน • R3 (Click Right Stick): ซูมกล้องเล็ง - กดคลิกลงไปในขณะเล็งปืนสไนเปอร์เพื่อส่องกล้องซูมขยายระยะมองเห็นให้ชัดขึ้น • L2: เล็งเป้า / เบรกรถ - กดค้างเพื่อยกปืนขึ้นเล็ง หรือใช้เป็นปุ่มเหยียบเบรกชะลอความเร็ว/ถอยหลังเมื่อขับรถ • L1: ใช้เชือกสลิง / โหนสลิง - กดโยนเชือกตะขอเกี่ยวเพื่อโหนตั,pipeline:structured_game_controls,games/game_control_lookup,100.0,True,0.3367,0,,,
MB-1043-GC-337,game_controls,psu_fact,Uncharted ถ้าจะเคลื่อนที่ต้องกดอะไร,Uncharted: Legacy of Thieves Collection ปุ่มที่ตรงกับคำถาม: PlayStation / PS5 • L (Left Stick): เคลื่อนที่ - บังคับทิศทางการเดิน การวิ่ง ของตัวละคร หรือใช้ควบคุมทิศทางพวงมาลัยเมื่อขับรถ แหล่งข้อมูล: https://gameaccess.info/uncharted-4-a-thiefs-end-controls-walkthrough/,pipeline:structured_game_controls,games/game_control_lookup,100.0,True,0.404,0,,,
MB-1044-GC-338,game_controls,psu_fact,Uncharted ถ้าจะมาร์กตำแหน่งศัตรูต้องกดอะไร,Uncharted: Legacy of Thieves Collection ปุ่มที่ตรงกับคำถาม: PlayStation / PS5 • L3 (Click Left Stick): มาร์กตำแหน่งศัตรู - กดคลิกลงไปเพื่อล็อกเป้าหมายและทำเครื่องหมายหัวศัตรู ช่วยให้มองเห็นตำแหน่งได้ง่ายขึ้น • D-Pad Down: ตรวจสอบตำแหน่งรถ - กดเพื่อสแกนหรือระบุตำแหน่งพิกัดของยานพาหนะ (เช่น รถจี๊ป) ว่าจอดอยู่ตรงไหนของแผนที่ แหล่งข้อมูล: https://gameaccess.info/uncharted-4-a-thiefs-end-controls-walkthrough/,pipeline:structured_game_controls,games/game_control_lookup,100.0,True,0.6384,0,,,
MB-1045-GC-339,game_controls,psu_fact,Uncharted ถ้าจะมุมกล้องต้องกดอะไร,Uncharted: Legacy of Thieves Collection ปุ่มที่ตรงกับคำถาม: PlayStation / PS5 • R (Right Stick): มุมกล้อง - หมุนอนาล็อกเพื่อหันมุมมองกล้อง กวาดสายตา หรือใช้ควบคุมเป้าเล็งปืน • R3 (Click Right Stick): ซูมกล้องเล็ง - กดคลิกลงไปในขณะเล็งปืนสไนเปอร์เพื่อส่องกล้องซูมขยายระยะมองเห็นให้ชัดขึ้น • Cross: กระโดด / ปีนป่าย / สลับมุมกล้อง - ใช้กระโดดข้ามฝั่งหรือเกาะปีนหน้าผา หากกดในตอนเล็งปืนอยู่จะเป็นการสลับมุมกล้องข้ามไหล่ซ้าย-ขวา แหล่งข้อมูล: https://gameaccess.info/uncharted-4-a-thiefs-end-controls-walkthrough/,pipeline:structured_game_controls,games/game_control_lookup,100.0,True,0.3609,0,,,
MB-1046-GC-340,game_controls,psu_fact,Uncharted ถ้าจะซูมกล้องเล็งต้องกดอะไร,Uncharted: Legacy of Thieves Collection ปุ่มที่ตรงกับคำถาม: PlayStation / PS5 • R (Right Stick): มุมกล้อง - หมุนอนาล็อกเพื่อหันมุมมองกล้อง กวาดสายตา หรือใช้ควบคุมเป้าเล็งปืน • R3 (Click Right Stick): ซูมกล้องเล็ง - กดคลิกลงไปในขณะเล็งปืนสไนเปอร์เพื่อส่องกล้องซูมขยายระยะมองเห็นให้ชัดขึ้น • L2: เล็งเป้า / เบรกรถ - กดค้างเพื่อยกปืนขึ้นเล็ง หรือใช้เป็นปุ่มเหยียบเบรกชะลอความเร็ว/ถอยหลังเมื่อขับรถ • Cross: กระโดด / ปีนป่าย / สลับมุมกล้อง - ใช้กระโดดข้ามฝั่งหรือเกาะปีนหน้าผา หากกดในตอนเล็งปืนอยู่จะเป็นการสลับมุมกล้องข้ามไหล่ซ้าย-ขวา แหล่งข้อมูล: https://gameaccess.info/uncharted-4-a-thiefs-end-controls-walkthrough/,pipeline:structured_game_controls,games/game_control_lookup,100.0,True,0.4054,0,,,
MB-1047-GC-341,game_controls,psu_fact,ปุ่มของ VALORANT มีอะไรบ้าง,"VALORANT มีข้อมูลปุ่มควบคุมดังนี้: PC • W / A / S / D: เคลื่อนที่ - W เดินหน้า, A ไปซ้าย, S ถอยหลัง, D ไปขวา • Left Shift: เดินช้า - ใช้เดินเงียบหรือเดินแบบควบคุมเสียง • Space Bar: กระโดด - กระโดด • Left Ctrl: ย่อตัว - ย่อตัวเพื่อลดระดับตัวละคร • Left Mouse Button: ยิง - ยิงอาวุธหลัก • Right Mouse Button: ยิง/เล็งแบบรอง - ใช้งานโหมดรองของอาวุธหรือเล็งตามชนิดอาวุธ • R: รีโหลด - เปลี่ยนกระสุน • 1 / 2 / 3: เลือกอาวุธ - 1 อาวุธหลัก, 2 อาวุธรอง, 3 อาวุธระยะประชิด • 4: หยิบ/ใช้ Spike - ใช้กับ Spike เช่น วางหรือกู้ตามสถานการณ์ • Q / E / C / X: ใช้สกิล Agent - Q/E/C คือสกิลทั่วไป และ X คือ Ultimate • F: โต้ตอบกับวัตถุ - ใช้โต้ตอบกับวัตถุในเกม • B: เปิดร้านซื้ออาวุธ - เปิดหน้า Armory ในช่วงซื้อของ • ",pipeline:structured_game_controls,games/game_control_lookup,100.0,True,0.3011,0,,,
MB-1048-GC-342,game_controls,psu_fact,VALORANT ถ้าจะเคลื่อนที่ต้องกดอะไร,"VALORANT ปุ่มที่ตรงกับคำถาม: PC • W / A / S / D: เคลื่อนที่ - W เดินหน้า, A ไปซ้าย, S ถอยหลัง, D ไปขวา • M: เปิดแผนที่ - เปิด/ปิดแผนที่ แหล่งข้อมูล: https://www.shacknews.com/article/117434/valorant-pc-controls-and-keybindings",pipeline:structured_game_controls,games/game_control_lookup,100.0,True,0.4077,0,,,
MB-1049-GC-343,game_controls,psu_fact,VALORANT ถ้าจะเดินช้าต้องกดอะไร,VALORANT ปุ่มที่ตรงกับคำถาม: PC • Left Shift: เดินช้า - ใช้เดินเงียบหรือเดินแบบควบคุมเสียง แหล่งข้อมูล: https://www.shacknews.com/article/117434/valorant-pc-controls-and-keybindings,pipeline:structured_game_controls,games/game_control_lookup,100.0,True,0.3869,0,,,
MB-1050-GC-344,game_controls,psu_fact,VALORANT ถ้าจะกระโดดต้องกดอะไร,VALORANT ปุ่มที่ตรงกับคำถาม: PC • Space Bar: กระโดด - กระโดด แหล่งข้อมูล: https://www.shacknews.com/article/117434/valorant-pc-controls-and-keybindings,pipeline:structured_game_controls,games/game_control_lookup,100.0,True,0.3725,0,,,
MB-1051-GC-345,game_controls,psu_fact,VALORANT ถ้าจะย่อตัวต้องกดอะไร,VALORANT ปุ่มที่ตรงกับคำถาม: PC • Left Ctrl: ย่อตัว - ย่อตัวเพื่อลดระดับตัวละคร แหล่งข้อมูล: https://www.shacknews.com/article/117434/valorant-pc-controls-and-keybindings,pipeline:structured_game_controls,games/game_control_lookup,100.0,True,0.4051,0,,,
MB-1052-AC-001,ambiguous_controls,ambiguity,เกมนี้กดอะไร,"ขอชื่อเกมก่อนครับ ยังไม่แน่ใจว่าหมายถึงเกมไหน จึงไม่ขอดึงปุ่มหรือวิธีเล่นของเกมอื่นมาตอบแทน ตัวอย่างเกมที่มีข้อมูลปุ่มแล้ว: TEKKEN 8, Mario Kart 8 Deluxe, Call of Duty: Modern Warfare III เช่น `TEKKEN 8 มีปุ่มอะไรบ้าง` หรือ `Mario Kart 8 Deluxe กดอะไร`",pipeline:game_control_missing_game_context,games/game_control_lookup,100.0,True,0.0534,0,,,
MB-1053-AC-002,ambiguous_controls,ambiguity,ปุ่มยิงคืออะไร,"ขอชื่อเกมก่อนครับ ยังไม่แน่ใจว่าหมายถึงเกมไหน จึงไม่ขอดึงปุ่มหรือวิธีเล่นของเกมอื่นมาตอบแทน ตัวอย่างเกมที่มีข้อมูลปุ่มแล้ว: TEKKEN 8, Mario Kart 8 Deluxe, Call of Duty: Modern Warfare III เช่น `TEKKEN 8 มีปุ่มอะไรบ้าง` หรือ `Mario Kart 8 Deluxe กดอะไร`",pipeline:game_control_missing_game_context,games/game_control_lookup,100.0,True,1.4961,1,universal_intent,,
MB-1054-AC-003,ambiguous_controls,ambiguity,อยากรู้ปุ่มของเกม,"ขอชื่อเกมก่อนครับ ยังไม่แน่ใจว่าหมายถึงเกมไหน จึงไม่ขอดึงปุ่มหรือวิธีเล่นของเกมอื่นมาตอบแทน ตัวอย่างเกมที่มีข้อมูลปุ่มแล้ว: TEKKEN 8, Mario Kart 8 Deluxe, Call of Duty: Modern Warfare III เช่น `TEKKEN 8 มีปุ่มอะไรบ้าง` หรือ `Mario Kart 8 Deluxe กดอะไร`",pipeline:game_control_missing_game_context,games/game_control_lookup,100.0,True,0.0805,0,,,
MB-1055-AC-004,ambiguous_controls,ambiguity,เมื่อกี้ถาม Gran Turismo แล้ว ตอนนี้ขอปุ่ม,Gran Turismo 7 มีข้อมูลปุ่มควบคุมดังนี้: PlayStation / PS5 • L (Left Stick): เลี้ยว / ควบคุมพวงมาลัย - บังคับทิศทางรถ • R2: คันเร่ง - กดเพื่อเร่งเครื่อง • L2: เบรก - กดเพื่อชะลอความเร็วรถ • Cross: เพิ่มเกียร์ - เปลี่ยนเกียร์สูงขึ้น (โหมดเกียร์ธรรมดา) • Square: ลดเกียร์ - เปลี่ยนเกียร์ต่ำลง (โหมดเกียร์ธรรมดา) • Circle: เบรกมือ - ดึงเบรกมือเพื่อสไลด์หรือดริฟต์ • Triangle: ถอยหลัง - เข้าเกียร์ถอยรถ • D-Pad: ควบคุมจอ MFD - สลับและปรับค่า Multi-Function Display เช่น Traction Control หรือ Fuel Map • R1: เปลี่ยนมุมมอง - สลับมุมกล้องในการขับขี่ • L1: มองหลัง - สลับมุมกล้องไปมองด้านหลังชั่วคราว • R3: ไนตรัส / เร่งแซง - ใช้งานระบบเพิ่มความเร็วพิเศษที่มีติดตั้งในรถบางรุ่น • L3: ไฟหน้า - เปิด/ปิด หรือกะ,pipeline:structured_game_controls,games/game_control_lookup,100.0,True,0.4591,0,,,
MB-1056-AC-005,ambiguous_controls,ambiguity,Call of เล่นยังไง,Call of Duty มีหลายเกมในรายการปัจจุบันครับ คำถามนี้จึงยังไม่ชัดว่าหมายถึงเกมไหน ถ้าต้องการถามเรื่องวิธีเล่น ขอเลือกเกมก่อน: • Call of Duty: Modern Warfare III (PlayStation 5 Zone) • Call of Duty: Warzone (PC Zone) พิมพ์ต่อได้ เช่น `Call of Duty: Modern Warfare III เล่นยังไง`,pipeline:ambiguity_clarification,clarification/ambiguity_gate_clarification,100.0,True,0.9784,1,universal_intent,,
MB-1057-AC-006,ambiguous_controls,ambiguity,Mario Kart Live เล่นยังไง,"ตอนนี้ยังไม่พบ Mario Kart Live: Home Circuit ในรายการเกมปัจจุบันของ PSU Esports Studio - Phuket ครับ จึงไม่ดึงปุ่มของเกมอื่น เช่น Mario Kart 8 Deluxe มาตอบแทน เกมตระกูล Mario ที่อยู่ในรายการปัจจุบันคือ: Mario Kart 8 Deluxe, Mario Party Superstars, New Super Mario Bros. U Deluxe, Super Mario Odyssey แหล่งข้อมูล: https://esports.computing.psu.ac.th/",pipeline:structured_game_controls_no_current_game,games/how_to,100.0,True,1.256,0,,,
MB-1058-SF-089,service_fee,psu_fact,PSU Student เล่น PC 30 นาที เสียกี่บาท,ระยะเวลาที่ถามคือ 30 นาที ใช้ 1 session ตามแพ็กเกจ PC 1 ชั่วโมง คำตอบราคา: 0 บาท สำหรับกลุ่ม PSU Student and Staff • คำนวณจาก 0 บาท/session x 1 session = 0 บาท กลุ่มผู้ใช้ที่ตรวจเจอ: PSU Student and Staff รายละเอียดจากตาราง: PC 1 ชั่วโมง (1 คน) • PSU Student and Staff: 0 บาท • PSU Alumni and General Student: 25 บาท • General Adult: 70 บาท หมายเหตุข้อมูล PC: ราคา PC เพิ่มจาก local service fee update 2026-07-27 แหล่งข้อมูล: https://esports.computing.psu.ac.th/wp-content/uploads/2026/01/PSU-Esports-Studio-phuket-SERVICE-FEE-2026.png,pipeline:deterministic_calculator_fast,service_fee/service_fee_query,100.0,True,0.303,0,,,
MB-1059-SF-090,service_fee,psu_fact,PSU Student เล่น PC 1 ชั่วโมง เสียกี่บาท,ระยะเวลาที่ถามคือ 1 ชั่วโมง ใช้ 1 session ตามแพ็กเกจ PC 1 ชั่วโมง คำตอบราคา: 0 บาท สำหรับกลุ่ม PSU Student and Staff • คำนวณจาก 0 บาท/session x 1 session = 0 บาท กลุ่มผู้ใช้ที่ตรวจเจอ: PSU Student and Staff รายละเอียดจากตาราง: PC 1 ชั่วโมง (1 คน) • PSU Student and Staff: 0 บาท • PSU Alumni and General Student: 25 บาท • General Adult: 70 บาท หมายเหตุข้อมูล PC: ราคา PC เพิ่มจาก local service fee update 2026-07-27 แหล่งข้อมูล: https://esports.computing.psu.ac.th/wp-content/uploads/2026/01/PSU-Esports-Studio-phuket-SERVICE-FEE-2026.png,pipeline:deterministic_calculator_fast,service_fee/service_fee_query,100.0,True,0.3228,0,,,
MB-1060-SF-091,service_fee,psu_fact,PSU Student เล่น PC 2 ชั่วโมง เสียกี่บาท,ระยะเวลาที่ถามคือ 2 ชั่วโมง ใช้ 2 session ตามแพ็กเกจ PC 1 ชั่วโมง คำตอบราคา: 0 บาท สำหรับกลุ่ม PSU Student and Staff • คำนวณจาก 0 บาท/session x 2 session = 0 บาท กลุ่มผู้ใช้ที่ตรวจเจอ: PSU Student and Staff รายละเอียดจากตาราง: PC 1 ชั่วโมง (1 คน) • PSU Student and Staff: 0 บาท • PSU Alumni and General Student: 25 บาท • General Adult: 70 บาท หมายเหตุข้อมูล PC: ราคา PC เพิ่มจาก local service fee update 2026-07-27 แหล่งข้อมูล: https://esports.computing.psu.ac.th/wp-content/uploads/2026/01/PSU-Esports-Studio-phuket-SERVICE-FEE-2026.png,pipeline:deterministic_calculator_fast,service_fee/service_fee_query,100.0,True,0.2866,0,,,
MB-1061-SF-092,service_fee,psu_fact,PSU Student เล่น PC 3 ชั่วโมง เสียกี่บาท,ระยะเวลาที่ถามคือ 3 ชั่วโมง ใช้ 3 session ตามแพ็กเกจ PC 1 ชั่วโมง คำตอบราคา: 0 บาท สำหรับกลุ่ม PSU Student and Staff • คำนวณจาก 0 บาท/session x 3 session = 0 บาท กลุ่มผู้ใช้ที่ตรวจเจอ: PSU Student and Staff รายละเอียดจากตาราง: PC 1 ชั่วโมง (1 คน) • PSU Student and Staff: 0 บาท • PSU Alumni and General Student: 25 บาท • General Adult: 70 บาท หมายเหตุข้อมูล PC: ราคา PC เพิ่มจาก local service fee update 2026-07-27 แหล่งข้อมูล: https://esports.computing.psu.ac.th/wp-content/uploads/2026/01/PSU-Esports-Studio-phuket-SERVICE-FEE-2026.png,pipeline:deterministic_calculator_fast,service_fee/service_fee_query,100.0,True,0.3337,0,,,
MB-1062-SF-093,service_fee,psu_fact,PSU Staff เล่น PC 30 นาที เสียกี่บาท,ระยะเวลาที่ถามคือ 30 นาที ใช้ 1 session ตามแพ็กเกจ PC 1 ชั่วโมง คำตอบราคา: 0 บาท สำหรับกลุ่ม PSU Student and Staff • คำนวณจาก 0 บาท/session x 1 session = 0 บาท กลุ่มผู้ใช้ที่ตรวจเจอ: PSU Student and Staff รายละเอียดจากตาราง: PC 1 ชั่วโมง (1 คน) • PSU Student and Staff: 0 บาท • PSU Alumni and General Student: 25 บาท • General Adult: 70 บาท หมายเหตุข้อมูล PC: ราคา PC เพิ่มจาก local service fee update 2026-07-27 แหล่งข้อมูล: https://esports.computing.psu.ac.th/wp-content/uploads/2026/01/PSU-Esports-Studio-phuket-SERVICE-FEE-2026.png,pipeline:deterministic_calculator_fast,service_fee/service_fee_query,100.0,True,0.3009,0,,,
MB-1063-SF-094,service_fee,psu_fact,PSU Staff เล่น PC 1 ชั่วโมง เสียกี่บาท,ระยะเวลาที่ถามคือ 1 ชั่วโมง ใช้ 1 session ตามแพ็กเกจ PC 1 ชั่วโมง คำตอบราคา: 0 บาท สำหรับกลุ่ม PSU Student and Staff • คำนวณจาก 0 บาท/session x 1 session = 0 บาท กลุ่มผู้ใช้ที่ตรวจเจอ: PSU Student and Staff รายละเอียดจากตาราง: PC 1 ชั่วโมง (1 คน) • PSU Student and Staff: 0 บาท • PSU Alumni and General Student: 25 บาท • General Adult: 70 บาท หมายเหตุข้อมูล PC: ราคา PC เพิ่มจาก local service fee update 2026-07-27 แหล่งข้อมูล: https://esports.computing.psu.ac.th/wp-content/uploads/2026/01/PSU-Esports-Studio-phuket-SERVICE-FEE-2026.png,pipeline:deterministic_calculator_fast,service_fee/service_fee_query,100.0,True,0.3065,0,,,
MB-1064-SF-095,service_fee,psu_fact,PSU Staff เล่น PC 2 ชั่วโมง เสียกี่บาท,ระยะเวลาที่ถามคือ 2 ชั่วโมง ใช้ 2 session ตามแพ็กเกจ PC 1 ชั่วโมง คำตอบราคา: 0 บาท สำหรับกลุ่ม PSU Student and Staff • คำนวณจาก 0 บาท/session x 2 session = 0 บาท กลุ่มผู้ใช้ที่ตรวจเจอ: PSU Student and Staff รายละเอียดจากตาราง: PC 1 ชั่วโมง (1 คน) • PSU Student and Staff: 0 บาท • PSU Alumni and General Student: 25 บาท • General Adult: 70 บาท หมายเหตุข้อมูล PC: ราคา PC เพิ่มจาก local service fee update 2026-07-27 แหล่งข้อมูล: https://esports.computing.psu.ac.th/wp-content/uploads/2026/01/PSU-Esports-Studio-phuket-SERVICE-FEE-2026.png,pipeline:deterministic_calculator_fast,service_fee/service_fee_query,100.0,True,0.3179,0,,,
MB-1065-SF-096,service_fee,psu_fact,PSU Staff เล่น PC 3 ชั่วโมง เสียกี่บาท,ระยะเวลาที่ถามคือ 3 ชั่วโมง ใช้ 3 session ตามแพ็กเกจ PC 1 ชั่วโมง คำตอบราคา: 0 บาท สำหรับกลุ่ม PSU Student and Staff • คำนวณจาก 0 บาท/session x 3 session = 0 บาท กลุ่มผู้ใช้ที่ตรวจเจอ: PSU Student and Staff รายละเอียดจากตาราง: PC 1 ชั่วโมง (1 คน) • PSU Student and Staff: 0 บาท • PSU Alumni and General Student: 25 บาท • General Adult: 70 บาท หมายเหตุข้อมูล PC: ราคา PC เพิ่มจาก local service fee update 2026-07-27 แหล่งข้อมูล: https://esports.computing.psu.ac.th/wp-content/uploads/2026/01/PSU-Esports-Studio-phuket-SERVICE-FEE-2026.png,pipeline:deterministic_calculator_fast,service_fee/service_fee_query,100.0,True,0.3145,0,,,
MB-1066-SF-097,service_fee,psu_fact,Alumni เล่น PC 30 นาที เสียกี่บาท,ระยะเวลาที่ถามคือ 30 นาที ใช้ 1 session ตามแพ็กเกจ PC 1 ชั่วโมง ยังไม่ทราบกลุ่มผู้ใช้ จึงแสดงราคาทุกกลุ่มให้เทียบก่อน: • PSU Student and Staff: 0 บาท/session x 1 = 0 บาท • PSU Alumni and General Student / นักศึกษาหรือนักเรียนต่างสถาบัน: 25 บาท/session x 1 = 25 บาท • General Adult / บุคคลทั่วไป: 70 บาท/session x 1 = 70 บาท รายละเอียดจากตาราง: PC 1 ชั่วโมง (1 คน) • PSU Student and Staff: 0 บาท • PSU Alumni and General Student: 25 บาท • General Adult: 70 บาท หมายเหตุข้อมูล PC: ราคา PC เพิ่มจาก local service fee update 2026-07-27 แหล่งข้อมูล: https://esports.computing.psu.ac.th/wp-content/uploads/2026/01/PSU-Esports-Studio-phuket-SERVICE-FEE-2026.png,pipeline:deterministic_calculator_fast,service_fee/service_fee_query,100.0,True,0.3184,0,,,
MB-1067-SF-098,service_fee,psu_fact,Alumni เล่น PC 1 ชั่วโมง เสียกี่บาท,ระยะเวลาที่ถามคือ 1 ชั่วโมง ใช้ 1 session ตามแพ็กเกจ PC 1 ชั่วโมง ยังไม่ทราบกลุ่มผู้ใช้ จึงแสดงราคาทุกกลุ่มให้เทียบก่อน: • PSU Student and Staff: 0 บาท/session x 1 = 0 บาท • PSU Alumni and General Student / นักศึกษาหรือนักเรียนต่างสถาบัน: 25 บาท/session x 1 = 25 บาท • General Adult / บุคคลทั่วไป: 70 บาท/session x 1 = 70 บาท รายละเอียดจากตาราง: PC 1 ชั่วโมง (1 คน) • PSU Student and Staff: 0 บาท • PSU Alumni and General Student: 25 บาท • General Adult: 70 บาท หมายเหตุข้อมูล PC: ราคา PC เพิ่มจาก local service fee update 2026-07-27 แหล่งข้อมูล: https://esports.computing.psu.ac.th/wp-content/uploads/2026/01/PSU-Esports-Studio-phuket-SERVICE-FEE-2026.png,pipeline:deterministic_calculator_fast,service_fee/service_fee_query,100.0,True,0.2837,0,,,
MB-1068-SF-099,service_fee,psu_fact,Alumni เล่น PC 2 ชั่วโมง เสียกี่บาท,ระยะเวลาที่ถามคือ 2 ชั่วโมง ใช้ 2 session ตามแพ็กเกจ PC 1 ชั่วโมง ยังไม่ทราบกลุ่มผู้ใช้ จึงแสดงราคาทุกกลุ่มให้เทียบก่อน: • PSU Student and Staff: 0 บาท/session x 2 = 0 บาท • PSU Alumni and General Student / นักศึกษาหรือนักเรียนต่างสถาบัน: 25 บาท/session x 2 = 50 บาท • General Adult / บุคคลทั่วไป: 70 บาท/session x 2 = 140 บาท รายละเอียดจากตาราง: PC 1 ชั่วโมง (1 คน) • PSU Student and Staff: 0 บาท • PSU Alumni and General Student: 25 บาท • General Adult: 70 บาท หมายเหตุข้อมูล PC: ราคา PC เพิ่มจาก local service fee update 2026-07-27 แหล่งข้อมูล: https://esports.computing.psu.ac.th/wp-content/uploads/2026/01/PSU-Esports-Studio-phuket-SERVICE-FEE-2026.png,pipeline:deterministic_calculator_fast,service_fee/service_fee_query,100.0,True,0.3055,0,,,
MB-1069-SF-100,service_fee,psu_fact,Alumni เล่น PC 3 ชั่วโมง เสียกี่บาท,ระยะเวลาที่ถามคือ 3 ชั่วโมง ใช้ 3 session ตามแพ็กเกจ PC 1 ชั่วโมง ยังไม่ทราบกลุ่มผู้ใช้ จึงแสดงราคาทุกกลุ่มให้เทียบก่อน: • PSU Student and Staff: 0 บาท/session x 3 = 0 บาท • PSU Alumni and General Student / นักศึกษาหรือนักเรียนต่างสถาบัน: 25 บาท/session x 3 = 75 บาท • General Adult / บุคคลทั่วไป: 70 บาท/session x 3 = 210 บาท รายละเอียดจากตาราง: PC 1 ชั่วโมง (1 คน) • PSU Student and Staff: 0 บาท • PSU Alumni and General Student: 25 บาท • General Adult: 70 บาท หมายเหตุข้อมูล PC: ราคา PC เพิ่มจาก local service fee update 2026-07-27 แหล่งข้อมูล: https://esports.computing.psu.ac.th/wp-content/uploads/2026/01/PSU-Esports-Studio-phuket-SERVICE-FEE-2026.png,pipeline:deterministic_calculator_fast,service_fee/service_fee_query,100.0,True,0.3079,0,,,
MB-1070-SF-101,service_fee,psu_fact,General Student เล่น PC 30 นาที เสียกี่บาท,ระยะเวลาที่ถามคือ 30 นาที ใช้ 1 session ตามแพ็กเกจ PC 1 ชั่วโมง คำตอบราคา: 25 บาท สำหรับกลุ่ม PSU Alumni and General Student / นักศึกษาหรือนักเรียนต่างสถาบัน • คำนวณจาก 25 บาท/session x 1 session = 25 บาท กลุ่มผู้ใช้ที่ตรวจเจอ: PSU Alumni and General Student / นักศึกษาหรือนักเรียนต่างสถาบัน / มหาลัยอื่น รายละเอียดจากตาราง: PC 1 ชั่วโมง (1 คน) • PSU Student and Staff: 0 บาท • PSU Alumni and General Student: 25 บาท • General Adult: 70 บาท หมายเหตุข้อมูล PC: ราคา PC เพิ่มจาก local service fee update 2026-07-27 แหล่งข้อมูล: https://esports.computing.psu.ac.th/wp-content/uploads/2026/01/PSU-Esports-Studio-phuket-SERVICE-FEE-2026.png,pipeline:deterministic_calculator_fast,service_fee/service_fee_query,100.0,True,0.3451,0,,,
MB-1071-SF-102,service_fee,psu_fact,General Student เล่น PC 1 ชั่วโมง เสียกี่บาท,ระยะเวลาที่ถามคือ 1 ชั่วโมง ใช้ 1 session ตามแพ็กเกจ PC 1 ชั่วโมง คำตอบราคา: 25 บาท สำหรับกลุ่ม PSU Alumni and General Student / นักศึกษาหรือนักเรียนต่างสถาบัน • คำนวณจาก 25 บาท/session x 1 session = 25 บาท กลุ่มผู้ใช้ที่ตรวจเจอ: PSU Alumni and General Student / นักศึกษาหรือนักเรียนต่างสถาบัน / มหาลัยอื่น รายละเอียดจากตาราง: PC 1 ชั่วโมง (1 คน) • PSU Student and Staff: 0 บาท • PSU Alumni and General Student: 25 บาท • General Adult: 70 บาท หมายเหตุข้อมูล PC: ราคา PC เพิ่มจาก local service fee update 2026-07-27 แหล่งข้อมูล: https://esports.computing.psu.ac.th/wp-content/uploads/2026/01/PSU-Esports-Studio-phuket-SERVICE-FEE-2026.png,pipeline:deterministic_calculator_fast,service_fee/service_fee_query,100.0,True,0.2842,0,,,
MB-1072-SF-103,service_fee,psu_fact,General Student เล่น PC 2 ชั่วโมง เสียกี่บาท,ระยะเวลาที่ถามคือ 2 ชั่วโมง ใช้ 2 session ตามแพ็กเกจ PC 1 ชั่วโมง คำตอบราคา: 50 บาท สำหรับกลุ่ม PSU Alumni and General Student / นักศึกษาหรือนักเรียนต่างสถาบัน • คำนวณจาก 25 บาท/session x 2 session = 50 บาท กลุ่มผู้ใช้ที่ตรวจเจอ: PSU Alumni and General Student / นักศึกษาหรือนักเรียนต่างสถาบัน / มหาลัยอื่น รายละเอียดจากตาราง: PC 1 ชั่วโมง (1 คน) • PSU Student and Staff: 0 บาท • PSU Alumni and General Student: 25 บาท • General Adult: 70 บาท หมายเหตุข้อมูล PC: ราคา PC เพิ่มจาก local service fee update 2026-07-27 แหล่งข้อมูล: https://esports.computing.psu.ac.th/wp-content/uploads/2026/01/PSU-Esports-Studio-phuket-SERVICE-FEE-2026.png,pipeline:deterministic_calculator_fast,service_fee/service_fee_query,100.0,True,0.3337,0,,,
MB-1073-SF-104,service_fee,psu_fact,General Student เล่น PC 3 ชั่วโมง เสียกี่บาท,ระยะเวลาที่ถามคือ 3 ชั่วโมง ใช้ 3 session ตามแพ็กเกจ PC 1 ชั่วโมง คำตอบราคา: 75 บาท สำหรับกลุ่ม PSU Alumni and General Student / นักศึกษาหรือนักเรียนต่างสถาบัน • คำนวณจาก 25 บาท/session x 3 session = 75 บาท กลุ่มผู้ใช้ที่ตรวจเจอ: PSU Alumni and General Student / นักศึกษาหรือนักเรียนต่างสถาบัน / มหาลัยอื่น รายละเอียดจากตาราง: PC 1 ชั่วโมง (1 คน) • PSU Student and Staff: 0 บาท • PSU Alumni and General Student: 25 บาท • General Adult: 70 บาท หมายเหตุข้อมูล PC: ราคา PC เพิ่มจาก local service fee update 2026-07-27 แหล่งข้อมูล: https://esports.computing.psu.ac.th/wp-content/uploads/2026/01/PSU-Esports-Studio-phuket-SERVICE-FEE-2026.png,pipeline:deterministic_calculator_fast,service_fee/service_fee_query,100.0,True,0.3402,0,,,
MB-1074-SF-105,service_fee,psu_fact,General Adult เล่น PC 30 นาที เสียกี่บาท,ระยะเวลาที่ถามคือ 30 นาที ใช้ 1 session ตามแพ็กเกจ PC 1 ชั่วโมง ยังไม่ทราบกลุ่มผู้ใช้ จึงแสดงราคาทุกกลุ่มให้เทียบก่อน: • PSU Student and Staff: 0 บาท/session x 1 = 0 บาท • PSU Alumni and General Student / นักศึกษาหรือนักเรียนต่างสถาบัน: 25 บาท/session x 1 = 25 บาท • General Adult / บุคคลทั่วไป: 70 บาท/session x 1 = 70 บาท รายละเอียดจากตาราง: PC 1 ชั่วโมง (1 คน) • PSU Student and Staff: 0 บาท • PSU Alumni and General Student: 25 บาท • General Adult: 70 บาท หมายเหตุข้อมูล PC: ราคา PC เพิ่มจาก local service fee update 2026-07-27 แหล่งข้อมูล: https://esports.computing.psu.ac.th/wp-content/uploads/2026/01/PSU-Esports-Studio-phuket-SERVICE-FEE-2026.png,pipeline:deterministic_calculator_fast,service_fee/service_fee_query,100.0,True,0.3259,0,,,
MB-1075-SF-106,service_fee,psu_fact,General Adult เล่น PC 1 ชั่วโมง เสียกี่บาท,ระยะเวลาที่ถามคือ 1 ชั่วโมง ใช้ 1 session ตามแพ็กเกจ PC 1 ชั่วโมง ยังไม่ทราบกลุ่มผู้ใช้ จึงแสดงราคาทุกกลุ่มให้เทียบก่อน: • PSU Student and Staff: 0 บาท/session x 1 = 0 บาท • PSU Alumni and General Student / นักศึกษาหรือนักเรียนต่างสถาบัน: 25 บาท/session x 1 = 25 บาท • General Adult / บุคคลทั่วไป: 70 บาท/session x 1 = 70 บาท รายละเอียดจากตาราง: PC 1 ชั่วโมง (1 คน) • PSU Student and Staff: 0 บาท • PSU Alumni and General Student: 25 บาท • General Adult: 70 บาท หมายเหตุข้อมูล PC: ราคา PC เพิ่มจาก local service fee update 2026-07-27 แหล่งข้อมูล: https://esports.computing.psu.ac.th/wp-content/uploads/2026/01/PSU-Esports-Studio-phuket-SERVICE-FEE-2026.png,pipeline:deterministic_calculator_fast,service_fee/service_fee_query,100.0,True,0.3145,0,,,
MB-1076-SF-107,service_fee,psu_fact,General Adult เล่น PC 2 ชั่วโมง เสียกี่บาท,ระยะเวลาที่ถามคือ 2 ชั่วโมง ใช้ 2 session ตามแพ็กเกจ PC 1 ชั่วโมง ยังไม่ทราบกลุ่มผู้ใช้ จึงแสดงราคาทุกกลุ่มให้เทียบก่อน: • PSU Student and Staff: 0 บาท/session x 2 = 0 บาท • PSU Alumni and General Student / นักศึกษาหรือนักเรียนต่างสถาบัน: 25 บาท/session x 2 = 50 บาท • General Adult / บุคคลทั่วไป: 70 บาท/session x 2 = 140 บาท รายละเอียดจากตาราง: PC 1 ชั่วโมง (1 คน) • PSU Student and Staff: 0 บาท • PSU Alumni and General Student: 25 บาท • General Adult: 70 บาท หมายเหตุข้อมูล PC: ราคา PC เพิ่มจาก local service fee update 2026-07-27 แหล่งข้อมูล: https://esports.computing.psu.ac.th/wp-content/uploads/2026/01/PSU-Esports-Studio-phuket-SERVICE-FEE-2026.png,pipeline:deterministic_calculator_fast,service_fee/service_fee_query,100.0,True,0.3417,0,,,
MB-1077-SF-108,service_fee,psu_fact,General Adult เล่น PC 3 ชั่วโมง เสียกี่บาท,ระยะเวลาที่ถามคือ 3 ชั่วโมง ใช้ 3 session ตามแพ็กเกจ PC 1 ชั่วโมง ยังไม่ทราบกลุ่มผู้ใช้ จึงแสดงราคาทุกกลุ่มให้เทียบก่อน: • PSU Student and Staff: 0 บาท/session x 3 = 0 บาท • PSU Alumni and General Student / นักศึกษาหรือนักเรียนต่างสถาบัน: 25 บาท/session x 3 = 75 บาท • General Adult / บุคคลทั่วไป: 70 บาท/session x 3 = 210 บาท รายละเอียดจากตาราง: PC 1 ชั่วโมง (1 คน) • PSU Student and Staff: 0 บาท • PSU Alumni and General Student: 25 บาท • General Adult: 70 บาท หมายเหตุข้อมูล PC: ราคา PC เพิ่มจาก local service fee update 2026-07-27 แหล่งข้อมูล: https://esports.computing.psu.ac.th/wp-content/uploads/2026/01/PSU-Esports-Studio-phuket-SERVICE-FEE-2026.png,pipeline:deterministic_calculator_fast,service_fee/service_fee_query,100.0,True,0.3094,0,,,
MB-1078-SF-109,service_fee,psu_fact,คนทั่วไป เล่น PC 30 นาที เสียกี่บาท,ระยะเวลาที่ถามคือ 30 นาที ใช้ 1 session ตามแพ็กเกจ PC 1 ชั่วโมง คำตอบราคา: 70 บาท สำหรับกลุ่ม General Adult / บุคคลทั่วไป • คำนวณจาก 70 บาท/session x 1 session = 70 บาท กลุ่มผู้ใช้ที่ตรวจเจอ: General Adult / บุคคลทั่วไป รายละเอียดจากตาราง: PC 1 ชั่วโมง (1 คน) • PSU Student and Staff: 0 บาท • PSU Alumni and General Student: 25 บาท • General Adult: 70 บาท หมายเหตุข้อมูล PC: ราคา PC เพิ่มจาก local service fee update 2026-07-27 แหล่งข้อมูล: https://esports.computing.psu.ac.th/wp-content/uploads/2026/01/PSU-Esports-Studio-phuket-SERVICE-FEE-2026.png,pipeline:deterministic_calculator_fast,service_fee/service_fee_query,100.0,True,0.2461,0,,,
MB-1079-SF-110,service_fee,psu_fact,คนทั่วไป เล่น PC 1 ชั่วโมง เสียกี่บาท,ระยะเวลาที่ถามคือ 1 ชั่วโมง ใช้ 1 session ตามแพ็กเกจ PC 1 ชั่วโมง คำตอบราคา: 70 บาท สำหรับกลุ่ม General Adult / บุคคลทั่วไป • คำนวณจาก 70 บาท/session x 1 session = 70 บาท กลุ่มผู้ใช้ที่ตรวจเจอ: General Adult / บุคคลทั่วไป รายละเอียดจากตาราง: PC 1 ชั่วโมง (1 คน) • PSU Student and Staff: 0 บาท • PSU Alumni and General Student: 25 บาท • General Adult: 70 บาท หมายเหตุข้อมูล PC: ราคา PC เพิ่มจาก local service fee update 2026-07-27 แหล่งข้อมูล: https://esports.computing.psu.ac.th/wp-content/uploads/2026/01/PSU-Esports-Studio-phuket-SERVICE-FEE-2026.png,pipeline:deterministic_calculator_fast,service_fee/service_fee_query,100.0,True,0.2925,0,,,
MB-1080-SF-111,service_fee,psu_fact,คนทั่วไป เล่น PC 2 ชั่วโมง เสียกี่บาท,ระยะเวลาที่ถามคือ 2 ชั่วโมง ใช้ 2 session ตามแพ็กเกจ PC 1 ชั่วโมง คำตอบราคา: 140 บาท สำหรับกลุ่ม General Adult / บุคคลทั่วไป • คำนวณจาก 70 บาท/session x 2 session = 140 บาท กลุ่มผู้ใช้ที่ตรวจเจอ: General Adult / บุคคลทั่วไป รายละเอียดจากตาราง: PC 1 ชั่วโมง (1 คน) • PSU Student and Staff: 0 บาท • PSU Alumni and General Student: 25 บาท • General Adult: 70 บาท หมายเหตุข้อมูล PC: ราคา PC เพิ่มจาก local service fee update 2026-07-27 แหล่งข้อมูล: https://esports.computing.psu.ac.th/wp-content/uploads/2026/01/PSU-Esports-Studio-phuket-SERVICE-FEE-2026.png,pipeline:deterministic_calculator_fast,service_fee/service_fee_query,100.0,True,0.2842,0,,,
MB-1081-SF-112,service_fee,psu_fact,คนทั่วไป เล่น PC 3 ชั่วโมง เสียกี่บาท,ระยะเวลาที่ถามคือ 3 ชั่วโมง ใช้ 3 session ตามแพ็กเกจ PC 1 ชั่วโมง คำตอบราคา: 210 บาท สำหรับกลุ่ม General Adult / บุคคลทั่วไป • คำนวณจาก 70 บาท/session x 3 session = 210 บาท กลุ่มผู้ใช้ที่ตรวจเจอ: General Adult / บุคคลทั่วไป รายละเอียดจากตาราง: PC 1 ชั่วโมง (1 คน) • PSU Student and Staff: 0 บาท • PSU Alumni and General Student: 25 บาท • General Adult: 70 บาท หมายเหตุข้อมูล PC: ราคา PC เพิ่มจาก local service fee update 2026-07-27 แหล่งข้อมูล: https://esports.computing.psu.ac.th/wp-content/uploads/2026/01/PSU-Esports-Studio-phuket-SERVICE-FEE-2026.png,pipeline:deterministic_calculator_fast,service_fee/service_fee_query,100.0,True,0.2751,0,,,
MB-1082-SF-113,service_fee,psu_fact,นักศึกษา PSU เล่น PC 3 ชั่วโมง เสียกี่บาท,ระยะเวลาที่ถามคือ 3 ชั่วโมง ใช้ 3 session ตามแพ็กเกจ PC 1 ชั่วโมง คำตอบราคา: 0 บาท สำหรับกลุ่ม PSU Student and Staff • คำนวณจาก 0 บาท/session x 3 session = 0 บาท กลุ่มผู้ใช้ที่ตรวจเจอ: PSU Student and Staff รายละเอียดจากตาราง: PC 1 ชั่วโมง (1 คน) • PSU Student and Staff: 0 บาท • PSU Alumni and General Student: 25 บาท • General Adult: 70 บาท หมายเหตุข้อมูล PC: ราคา PC เพิ่มจาก local service fee update 2026-07-27 แหล่งข้อมูล: https://esports.computing.psu.ac.th/wp-content/uploads/2026/01/PSU-Esports-Studio-phuket-SERVICE-FEE-2026.png,pipeline:deterministic_calculator_fast,service_fee/service_fee_query,100.0,True,0.2734,0,,,
MB-1083-SF-114,service_fee,psu_fact,นักศึกษาต่างมหาลัย เล่น PC 3 ชั่วโมง เสียกี่บาท,ระยะเวลาที่ถามคือ 3 ชั่วโมง ใช้ 3 session ตามแพ็กเกจ PC 1 ชั่วโมง คำตอบราคา: 75 บาท สำหรับกลุ่ม PSU Alumni and General Student / นักศึกษาหรือนักเรียนต่างสถาบัน • คำนวณจาก 25 บาท/session x 3 session = 75 บาท กลุ่มผู้ใช้ที่ตรวจเจอ: PSU Alumni and General Student / นักศึกษาหรือนักเรียนต่างสถาบัน / มหาลัยอื่น รายละเอียดจากตาราง: PC 1 ชั่วโมง (1 คน) • PSU Student and Staff: 0 บาท • PSU Alumni and General Student: 25 บาท • General Adult: 70 บาท หมายเหตุข้อมูล PC: ราคา PC เพิ่มจาก local service fee update 2026-07-27 แหล่งข้อมูล: https://esports.computing.psu.ac.th/wp-content/uploads/2026/01/PSU-Esports-Studio-phuket-SERVICE-FEE-2026.png,pipeline:deterministic_calculator_fast,service_fee/service_fee_query,100.0,True,0.2867,0,,,
MB-1084-SF-115,service_fee,psu_fact,PSU Student เล่น PS5 30 นาที เสียกี่บาท,"ระยะเวลาที่ถามคือ 30 นาที ใช้ 1 session ตามแพ็กเกจ PlayStation 5 60 นาที คำตอบราคา: 0 บาท สำหรับกลุ่ม PSU Student and Staff • คำนวณจาก 0 บาท/session x 1 session = 0 บาท กลุ่มผู้ใช้ที่ตรวจเจอ: PSU Student and Staff รายละเอียดจากตาราง: PlayStation 5 60 นาที (1 ชั่วโมง, 1-2 คน) • PSU Student and Staff: 0 บาท • PSU Alumni and General Student: 50 บาท • General Adult: 150 บาท แหล่งข้อมูล: https://esports.computing.psu.ac.th/wp-content/uploads/2026/01/PSU-Esports-Studio-phuket-SERVICE-FEE-2026.png",pipeline:deterministic_calculator_fast,service_fee/service_fee_query,100.0,True,0.2846,0,,,
MB-1085-SF-116,service_fee,psu_fact,PSU Student เล่น PS5 1 ชั่วโมง เสียกี่บาท,"ระยะเวลาที่ถามคือ 1 ชั่วโมง ใช้ 1 session ตามแพ็กเกจ PlayStation 5 60 นาที คำตอบราคา: 0 บาท สำหรับกลุ่ม PSU Student and Staff • คำนวณจาก 0 บาท/session x 1 session = 0 บาท กลุ่มผู้ใช้ที่ตรวจเจอ: PSU Student and Staff รายละเอียดจากตาราง: PlayStation 5 60 นาที (1 ชั่วโมง, 1-2 คน) • PSU Student and Staff: 0 บาท • PSU Alumni and General Student: 50 บาท • General Adult: 150 บาท แหล่งข้อมูล: https://esports.computing.psu.ac.th/wp-content/uploads/2026/01/PSU-Esports-Studio-phuket-SERVICE-FEE-2026.png",pipeline:deterministic_calculator_fast,service_fee/service_fee_query,100.0,True,0.3065,0,,,
MB-1086-SF-117,service_fee,psu_fact,PSU Student เล่น PS5 2 ชั่วโมง เสียกี่บาท,"ระยะเวลาที่ถามคือ 2 ชั่วโมง ใช้ 2 session ตามแพ็กเกจ PlayStation 5 60 นาที คำตอบราคา: 0 บาท สำหรับกลุ่ม PSU Student and Staff • คำนวณจาก 0 บาท/session x 2 session = 0 บาท กลุ่มผู้ใช้ที่ตรวจเจอ: PSU Student and Staff รายละเอียดจากตาราง: PlayStation 5 60 นาที (1 ชั่วโมง, 1-2 คน) • PSU Student and Staff: 0 บาท • PSU Alumni and General Student: 50 บาท • General Adult: 150 บาท แหล่งข้อมูล: https://esports.computing.psu.ac.th/wp-content/uploads/2026/01/PSU-Esports-Studio-phuket-SERVICE-FEE-2026.png",pipeline:deterministic_calculator_fast,service_fee/service_fee_query,100.0,True,0.2837,0,,,
MB-1087-SF-118,service_fee,psu_fact,PSU Student เล่น PS5 3 ชั่วโมง เสียกี่บาท,"ระยะเวลาที่ถามคือ 3 ชั่วโมง ใช้ 3 session ตามแพ็กเกจ PlayStation 5 60 นาที คำตอบราคา: 0 บาท สำหรับกลุ่ม PSU Student and Staff • คำนวณจาก 0 บาท/session x 3 session = 0 บาท กลุ่มผู้ใช้ที่ตรวจเจอ: PSU Student and Staff รายละเอียดจากตาราง: PlayStation 5 60 นาที (1 ชั่วโมง, 1-2 คน) • PSU Student and Staff: 0 บาท • PSU Alumni and General Student: 50 บาท • General Adult: 150 บาท แหล่งข้อมูล: https://esports.computing.psu.ac.th/wp-content/uploads/2026/01/PSU-Esports-Studio-phuket-SERVICE-FEE-2026.png",pipeline:deterministic_calculator_fast,service_fee/service_fee_query,100.0,True,0.2947,0,,,
MB-1088-SF-119,service_fee,psu_fact,PSU Staff เล่น PS5 30 นาที เสียกี่บาท,"ระยะเวลาที่ถามคือ 30 นาที ใช้ 1 session ตามแพ็กเกจ PlayStation 5 60 นาที คำตอบราคา: 0 บาท สำหรับกลุ่ม PSU Student and Staff • คำนวณจาก 0 บาท/session x 1 session = 0 บาท กลุ่มผู้ใช้ที่ตรวจเจอ: PSU Student and Staff รายละเอียดจากตาราง: PlayStation 5 60 นาที (1 ชั่วโมง, 1-2 คน) • PSU Student and Staff: 0 บาท • PSU Alumni and General Student: 50 บาท • General Adult: 150 บาท แหล่งข้อมูล: https://esports.computing.psu.ac.th/wp-content/uploads/2026/01/PSU-Esports-Studio-phuket-SERVICE-FEE-2026.png",pipeline:deterministic_calculator_fast,service_fee/service_fee_query,100.0,True,0.2961,0,,,
MB-1089-SF-120,service_fee,psu_fact,PSU Staff เล่น PS5 1 ชั่วโมง เสียกี่บาท,"ระยะเวลาที่ถามคือ 1 ชั่วโมง ใช้ 1 session ตามแพ็กเกจ PlayStation 5 60 นาที คำตอบราคา: 0 บาท สำหรับกลุ่ม PSU Student and Staff • คำนวณจาก 0 บาท/session x 1 session = 0 บาท กลุ่มผู้ใช้ที่ตรวจเจอ: PSU Student and Staff รายละเอียดจากตาราง: PlayStation 5 60 นาที (1 ชั่วโมง, 1-2 คน) • PSU Student and Staff: 0 บาท • PSU Alumni and General Student: 50 บาท • General Adult: 150 บาท แหล่งข้อมูล: https://esports.computing.psu.ac.th/wp-content/uploads/2026/01/PSU-Esports-Studio-phuket-SERVICE-FEE-2026.png",pipeline:deterministic_calculator_fast,service_fee/service_fee_query,100.0,True,0.2863,0,,,
MB-1090-SF-121,service_fee,psu_fact,PSU Staff เล่น PS5 2 ชั่วโมง เสียกี่บาท,"ระยะเวลาที่ถามคือ 2 ชั่วโมง ใช้ 2 session ตามแพ็กเกจ PlayStation 5 60 นาที คำตอบราคา: 0 บาท สำหรับกลุ่ม PSU Student and Staff • คำนวณจาก 0 บาท/session x 2 session = 0 บาท กลุ่มผู้ใช้ที่ตรวจเจอ: PSU Student and Staff รายละเอียดจากตาราง: PlayStation 5 60 นาที (1 ชั่วโมง, 1-2 คน) • PSU Student and Staff: 0 บาท • PSU Alumni and General Student: 50 บาท • General Adult: 150 บาท แหล่งข้อมูล: https://esports.computing.psu.ac.th/wp-content/uploads/2026/01/PSU-Esports-Studio-phuket-SERVICE-FEE-2026.png",pipeline:deterministic_calculator_fast,service_fee/service_fee_query,100.0,True,0.2699,0,,,
MB-1091-SF-122,service_fee,psu_fact,PSU Staff เล่น PS5 3 ชั่วโมง เสียกี่บาท,"ระยะเวลาที่ถามคือ 3 ชั่วโมง ใช้ 3 session ตามแพ็กเกจ PlayStation 5 60 นาที คำตอบราคา: 0 บาท สำหรับกลุ่ม PSU Student and Staff • คำนวณจาก 0 บาท/session x 3 session = 0 บาท กลุ่มผู้ใช้ที่ตรวจเจอ: PSU Student and Staff รายละเอียดจากตาราง: PlayStation 5 60 นาที (1 ชั่วโมง, 1-2 คน) • PSU Student and Staff: 0 บาท • PSU Alumni and General Student: 50 บาท • General Adult: 150 บาท แหล่งข้อมูล: https://esports.computing.psu.ac.th/wp-content/uploads/2026/01/PSU-Esports-Studio-phuket-SERVICE-FEE-2026.png",pipeline:deterministic_calculator_fast,service_fee/service_fee_query,100.0,True,0.3006,0,,,
MB-1092-SF-123,service_fee,psu_fact,Alumni เล่น PS5 30 นาที เสียกี่บาท,"ระยะเวลาที่ถามคือ 30 นาที ใช้ 1 session ตามแพ็กเกจ PlayStation 5 60 นาที ยังไม่ทราบกลุ่มผู้ใช้ จึงแสดงราคาทุกกลุ่มให้เทียบก่อน: • PSU Student and Staff: 0 บาท/session x 1 = 0 บาท • PSU Alumni and General Student / นักศึกษาหรือนักเรียนต่างสถาบัน: 50 บาท/session x 1 = 50 บาท • General Adult / บุคคลทั่วไป: 150 บาท/session x 1 = 150 บาท รายละเอียดจากตาราง: PlayStation 5 60 นาที (1 ชั่วโมง, 1-2 คน) • PSU Student and Staff: 0 บาท • PSU Alumni and General Student: 50 บาท • General Adult: 150 บาท แหล่งข้อมูล: https://esports.computing.psu.ac.th/wp-content/uploads/2026/01/PSU-Esports-Studio-phuket-SERVICE-FEE-2026.png",pipeline:deterministic_calculator_fast,service_fee/service_fee_query,100.0,True,0.3103,0,,,
MB-1093-SF-124,service_fee,psu_fact,Alumni เล่น PS5 1 ชั่วโมง เสียกี่บาท,"ระยะเวลาที่ถามคือ 1 ชั่วโมง ใช้ 1 session ตามแพ็กเกจ PlayStation 5 60 นาที ยังไม่ทราบกลุ่มผู้ใช้ จึงแสดงราคาทุกกลุ่มให้เทียบก่อน: • PSU Student and Staff: 0 บาท/session x 1 = 0 บาท • PSU Alumni and General Student / นักศึกษาหรือนักเรียนต่างสถาบัน: 50 บาท/session x 1 = 50 บาท • General Adult / บุคคลทั่วไป: 150 บาท/session x 1 = 150 บาท รายละเอียดจากตาราง: PlayStation 5 60 นาที (1 ชั่วโมง, 1-2 คน) • PSU Student and Staff: 0 บาท • PSU Alumni and General Student: 50 บาท • General Adult: 150 บาท แหล่งข้อมูล: https://esports.computing.psu.ac.th/wp-content/uploads/2026/01/PSU-Esports-Studio-phuket-SERVICE-FEE-2026.png",pipeline:deterministic_calculator_fast,service_fee/service_fee_query,100.0,True,0.3156,0,,,
MB-1094-SF-125,service_fee,psu_fact,Alumni เล่น PS5 2 ชั่วโมง เสียกี่บาท,"ระยะเวลาที่ถามคือ 2 ชั่วโมง ใช้ 2 session ตามแพ็กเกจ PlayStation 5 60 นาที ยังไม่ทราบกลุ่มผู้ใช้ จึงแสดงราคาทุกกลุ่มให้เทียบก่อน: • PSU Student and Staff: 0 บาท/session x 2 = 0 บาท • PSU Alumni and General Student / นักศึกษาหรือนักเรียนต่างสถาบัน: 50 บาท/session x 2 = 100 บาท • General Adult / บุคคลทั่วไป: 150 บาท/session x 2 = 300 บาท รายละเอียดจากตาราง: PlayStation 5 60 นาที (1 ชั่วโมง, 1-2 คน) • PSU Student and Staff: 0 บาท • PSU Alumni and General Student: 50 บาท • General Adult: 150 บาท แหล่งข้อมูล: https://esports.computing.psu.ac.th/wp-content/uploads/2026/01/PSU-Esports-Studio-phuket-SERVICE-FEE-2026.png",pipeline:deterministic_calculator_fast,service_fee/service_fee_query,100.0,True,0.3073,0,,,
MB-1095-SF-126,service_fee,psu_fact,Alumni เล่น PS5 3 ชั่วโมง เสียกี่บาท,"ระยะเวลาที่ถามคือ 3 ชั่วโมง ใช้ 3 session ตามแพ็กเกจ PlayStation 5 60 นาที ยังไม่ทราบกลุ่มผู้ใช้ จึงแสดงราคาทุกกลุ่มให้เทียบก่อน: • PSU Student and Staff: 0 บาท/session x 3 = 0 บาท • PSU Alumni and General Student / นักศึกษาหรือนักเรียนต่างสถาบัน: 50 บาท/session x 3 = 150 บาท • General Adult / บุคคลทั่วไป: 150 บาท/session x 3 = 450 บาท รายละเอียดจากตาราง: PlayStation 5 60 นาที (1 ชั่วโมง, 1-2 คน) • PSU Student and Staff: 0 บาท • PSU Alumni and General Student: 50 บาท • General Adult: 150 บาท แหล่งข้อมูล: https://esports.computing.psu.ac.th/wp-content/uploads/2026/01/PSU-Esports-Studio-phuket-SERVICE-FEE-2026.png",pipeline:deterministic_calculator_fast,service_fee/service_fee_query,100.0,True,0.3024,0,,,
MB-1096-SF-127,service_fee,psu_fact,General Student เล่น PS5 30 นาที เสียกี่บาท,"ระยะเวลาที่ถามคือ 30 นาที ใช้ 1 session ตามแพ็กเกจ PlayStation 5 60 นาที คำตอบราคา: 50 บาท สำหรับกลุ่ม PSU Alumni and General Student / นักศึกษาหรือนักเรียนต่างสถาบัน • คำนวณจาก 50 บาท/session x 1 session = 50 บาท กลุ่มผู้ใช้ที่ตรวจเจอ: PSU Alumni and General Student / นักศึกษาหรือนักเรียนต่างสถาบัน / มหาลัยอื่น รายละเอียดจากตาราง: PlayStation 5 60 นาที (1 ชั่วโมง, 1-2 คน) • PSU Student and Staff: 0 บาท • PSU Alumni and General Student: 50 บาท • General Adult: 150 บาท แหล่งข้อมูล: https://esports.computing.psu.ac.th/wp-content/uploads/2026/01/PSU-Esports-Studio-phuket-SERVICE-FEE-2026.png",pipeline:deterministic_calculator_fast,service_fee/service_fee_query,100.0,True,0.3081,0,,,
MB-1097-SF-128,service_fee,psu_fact,General Student เล่น PS5 1 ชั่วโมง เสียกี่บาท,"ระยะเวลาที่ถามคือ 1 ชั่วโมง ใช้ 1 session ตามแพ็กเกจ PlayStation 5 60 นาที คำตอบราคา: 50 บาท สำหรับกลุ่ม PSU Alumni and General Student / นักศึกษาหรือนักเรียนต่างสถาบัน • คำนวณจาก 50 บาท/session x 1 session = 50 บาท กลุ่มผู้ใช้ที่ตรวจเจอ: PSU Alumni and General Student / นักศึกษาหรือนักเรียนต่างสถาบัน / มหาลัยอื่น รายละเอียดจากตาราง: PlayStation 5 60 นาที (1 ชั่วโมง, 1-2 คน) • PSU Student and Staff: 0 บาท • PSU Alumni and General Student: 50 บาท • General Adult: 150 บาท แหล่งข้อมูล: https://esports.computing.psu.ac.th/wp-content/uploads/2026/01/PSU-Esports-Studio-phuket-SERVICE-FEE-2026.png",pipeline:deterministic_calculator_fast,service_fee/service_fee_query,100.0,True,0.3435,0,,,
MB-1098-SF-129,service_fee,psu_fact,General Student เล่น PS5 2 ชั่วโมง เสียกี่บาท,"ระยะเวลาที่ถามคือ 2 ชั่วโมง ใช้ 2 session ตามแพ็กเกจ PlayStation 5 60 นาที คำตอบราคา: 100 บาท สำหรับกลุ่ม PSU Alumni and General Student / นักศึกษาหรือนักเรียนต่างสถาบัน • คำนวณจาก 50 บาท/session x 2 session = 100 บาท กลุ่มผู้ใช้ที่ตรวจเจอ: PSU Alumni and General Student / นักศึกษาหรือนักเรียนต่างสถาบัน / มหาลัยอื่น รายละเอียดจากตาราง: PlayStation 5 60 นาที (1 ชั่วโมง, 1-2 คน) • PSU Student and Staff: 0 บาท • PSU Alumni and General Student: 50 บาท • General Adult: 150 บาท แหล่งข้อมูล: https://esports.computing.psu.ac.th/wp-content/uploads/2026/01/PSU-Esports-Studio-phuket-SERVICE-FEE-2026.png",pipeline:deterministic_calculator_fast,service_fee/service_fee_query,100.0,True,0.347,0,,,
MB-1099-SF-130,service_fee,psu_fact,General Student เล่น PS5 3 ชั่วโมง เสียกี่บาท,"ระยะเวลาที่ถามคือ 3 ชั่วโมง ใช้ 3 session ตามแพ็กเกจ PlayStation 5 60 นาที คำตอบราคา: 150 บาท สำหรับกลุ่ม PSU Alumni and General Student / นักศึกษาหรือนักเรียนต่างสถาบัน • คำนวณจาก 50 บาท/session x 3 session = 150 บาท กลุ่มผู้ใช้ที่ตรวจเจอ: PSU Alumni and General Student / นักศึกษาหรือนักเรียนต่างสถาบัน / มหาลัยอื่น รายละเอียดจากตาราง: PlayStation 5 60 นาที (1 ชั่วโมง, 1-2 คน) • PSU Student and Staff: 0 บาท • PSU Alumni and General Student: 50 บาท • General Adult: 150 บาท แหล่งข้อมูล: https://esports.computing.psu.ac.th/wp-content/uploads/2026/01/PSU-Esports-Studio-phuket-SERVICE-FEE-2026.png",pipeline:deterministic_calculator_fast,service_fee/service_fee_query,100.0,True,0.2965,0,,,
MB-1100-SF-131,service_fee,psu_fact,General Adult เล่น PS5 30 นาที เสียกี่บาท,"ระยะเวลาที่ถามคือ 30 นาที ใช้ 1 session ตามแพ็กเกจ PlayStation 5 60 นาที ยังไม่ทราบกลุ่มผู้ใช้ จึงแสดงราคาทุกกลุ่มให้เทียบก่อน: • PSU Student and Staff: 0 บาท/session x 1 = 0 บาท • PSU Alumni and General Student / นักศึกษาหรือนักเรียนต่างสถาบัน: 50 บาท/session x 1 = 50 บาท • General Adult / บุคคลทั่วไป: 150 บาท/session x 1 = 150 บาท รายละเอียดจากตาราง: PlayStation 5 60 นาที (1 ชั่วโมง, 1-2 คน) • PSU Student and Staff: 0 บาท • PSU Alumni and General Student: 50 บาท • General Adult: 150 บาท แหล่งข้อมูล: https://esports.computing.psu.ac.th/wp-content/uploads/2026/01/PSU-Esports-Studio-phuket-SERVICE-FEE-2026.png",pipeline:deterministic_calculator_fast,service_fee/service_fee_query,100.0,True,0.3038,0,,,
MB-1101-SF-132,service_fee,psu_fact,General Adult เล่น PS5 1 ชั่วโมง เสียกี่บาท,"ระยะเวลาที่ถามคือ 1 ชั่วโมง ใช้ 1 session ตามแพ็กเกจ PlayStation 5 60 นาที ยังไม่ทราบกลุ่มผู้ใช้ จึงแสดงราคาทุกกลุ่มให้เทียบก่อน: • PSU Student and Staff: 0 บาท/session x 1 = 0 บาท • PSU Alumni and General Student / นักศึกษาหรือนักเรียนต่างสถาบัน: 50 บาท/session x 1 = 50 บาท • General Adult / บุคคลทั่วไป: 150 บาท/session x 1 = 150 บาท รายละเอียดจากตาราง: PlayStation 5 60 นาที (1 ชั่วโมง, 1-2 คน) • PSU Student and Staff: 0 บาท • PSU Alumni and General Student: 50 บาท • General Adult: 150 บาท แหล่งข้อมูล: https://esports.computing.psu.ac.th/wp-content/uploads/2026/01/PSU-Esports-Studio-phuket-SERVICE-FEE-2026.png",pipeline:deterministic_calculator_fast,service_fee/service_fee_query,100.0,True,0.3093,0,,,
MB-1102-SF-133,service_fee,psu_fact,General Adult เล่น PS5 2 ชั่วโมง เสียกี่บาท,"ระยะเวลาที่ถามคือ 2 ชั่วโมง ใช้ 2 session ตามแพ็กเกจ PlayStation 5 60 นาที ยังไม่ทราบกลุ่มผู้ใช้ จึงแสดงราคาทุกกลุ่มให้เทียบก่อน: • PSU Student and Staff: 0 บาท/session x 2 = 0 บาท • PSU Alumni and General Student / นักศึกษาหรือนักเรียนต่างสถาบัน: 50 บาท/session x 2 = 100 บาท • General Adult / บุคคลทั่วไป: 150 บาท/session x 2 = 300 บาท รายละเอียดจากตาราง: PlayStation 5 60 นาที (1 ชั่วโมง, 1-2 คน) • PSU Student and Staff: 0 บาท • PSU Alumni and General Student: 50 บาท • General Adult: 150 บาท แหล่งข้อมูล: https://esports.computing.psu.ac.th/wp-content/uploads/2026/01/PSU-Esports-Studio-phuket-SERVICE-FEE-2026.png",pipeline:deterministic_calculator_fast,service_fee/service_fee_query,100.0,True,0.3476,0,,,
MB-1103-SF-134,service_fee,psu_fact,General Adult เล่น PS5 3 ชั่วโมง เสียกี่บาท,"ระยะเวลาที่ถามคือ 3 ชั่วโมง ใช้ 3 session ตามแพ็กเกจ PlayStation 5 60 นาที ยังไม่ทราบกลุ่มผู้ใช้ จึงแสดงราคาทุกกลุ่มให้เทียบก่อน: • PSU Student and Staff: 0 บาท/session x 3 = 0 บาท • PSU Alumni and General Student / นักศึกษาหรือนักเรียนต่างสถาบัน: 50 บาท/session x 3 = 150 บาท • General Adult / บุคคลทั่วไป: 150 บาท/session x 3 = 450 บาท รายละเอียดจากตาราง: PlayStation 5 60 นาที (1 ชั่วโมง, 1-2 คน) • PSU Student and Staff: 0 บาท • PSU Alumni and General Student: 50 บาท • General Adult: 150 บาท แหล่งข้อมูล: https://esports.computing.psu.ac.th/wp-content/uploads/2026/01/PSU-Esports-Studio-phuket-SERVICE-FEE-2026.png",pipeline:deterministic_calculator_fast,service_fee/service_fee_query,100.0,True,0.3036,0,,,
MB-1104-SF-135,service_fee,psu_fact,คนทั่วไป เล่น PS5 30 นาที เสียกี่บาท,"ระยะเวลาที่ถามคือ 30 นาที ใช้ 1 session ตามแพ็กเกจ PlayStation 5 60 นาที คำตอบราคา: 150 บาท สำหรับกลุ่ม General Adult / บุคคลทั่วไป • คำนวณจาก 150 บาท/session x 1 session = 150 บาท กลุ่มผู้ใช้ที่ตรวจเจอ: General Adult / บุคคลทั่วไป รายละเอียดจากตาราง: PlayStation 5 60 นาที (1 ชั่วโมง, 1-2 คน) • PSU Student and Staff: 0 บาท • PSU Alumni and General Student: 50 บาท • General Adult: 150 บาท แหล่งข้อมูล: https://esports.computing.psu.ac.th/wp-content/uploads/2026/01/PSU-Esports-Studio-phuket-SERVICE-FEE-2026.png",pipeline:deterministic_calculator_fast,service_fee/service_fee_query,100.0,True,0.2816,0,,,
MB-1105-SF-136,service_fee,psu_fact,คนทั่วไป เล่น PS5 1 ชั่วโมง เสียกี่บาท,"ระยะเวลาที่ถามคือ 1 ชั่วโมง ใช้ 1 session ตามแพ็กเกจ PlayStation 5 60 นาที คำตอบราคา: 150 บาท สำหรับกลุ่ม General Adult / บุคคลทั่วไป • คำนวณจาก 150 บาท/session x 1 session = 150 บาท กลุ่มผู้ใช้ที่ตรวจเจอ: General Adult / บุคคลทั่วไป รายละเอียดจากตาราง: PlayStation 5 60 นาที (1 ชั่วโมง, 1-2 คน) • PSU Student and Staff: 0 บาท • PSU Alumni and General Student: 50 บาท • General Adult: 150 บาท แหล่งข้อมูล: https://esports.computing.psu.ac.th/wp-content/uploads/2026/01/PSU-Esports-Studio-phuket-SERVICE-FEE-2026.png",pipeline:deterministic_calculator_fast,service_fee/service_fee_query,100.0,True,0.2525,0,,,
MB-1106-SF-137,service_fee,psu_fact,คนทั่วไป เล่น PS5 2 ชั่วโมง เสียกี่บาท,"ระยะเวลาที่ถามคือ 2 ชั่วโมง ใช้ 2 session ตามแพ็กเกจ PlayStation 5 60 นาที คำตอบราคา: 300 บาท สำหรับกลุ่ม General Adult / บุคคลทั่วไป • คำนวณจาก 150 บาท/session x 2 session = 300 บาท กลุ่มผู้ใช้ที่ตรวจเจอ: General Adult / บุคคลทั่วไป รายละเอียดจากตาราง: PlayStation 5 60 นาที (1 ชั่วโมง, 1-2 คน) • PSU Student and Staff: 0 บาท • PSU Alumni and General Student: 50 บาท • General Adult: 150 บาท แหล่งข้อมูล: https://esports.computing.psu.ac.th/wp-content/uploads/2026/01/PSU-Esports-Studio-phuket-SERVICE-FEE-2026.png",pipeline:deterministic_calculator_fast,service_fee/service_fee_query,100.0,True,0.2456,0,,,
MB-1107-SF-138,service_fee,psu_fact,คนทั่วไป เล่น PS5 3 ชั่วโมง เสียกี่บาท,"ระยะเวลาที่ถามคือ 3 ชั่วโมง ใช้ 3 session ตามแพ็กเกจ PlayStation 5 60 นาที คำตอบราคา: 450 บาท สำหรับกลุ่ม General Adult / บุคคลทั่วไป • คำนวณจาก 150 บาท/session x 3 session = 450 บาท กลุ่มผู้ใช้ที่ตรวจเจอ: General Adult / บุคคลทั่วไป รายละเอียดจากตาราง: PlayStation 5 60 นาที (1 ชั่วโมง, 1-2 คน) • PSU Student and Staff: 0 บาท • PSU Alumni and General Student: 50 บาท • General Adult: 150 บาท แหล่งข้อมูล: https://esports.computing.psu.ac.th/wp-content/uploads/2026/01/PSU-Esports-Studio-phuket-SERVICE-FEE-2026.png",pipeline:deterministic_calculator_fast,service_fee/service_fee_query,100.0,True,0.2743,0,,,
MB-1108-SF-139,service_fee,psu_fact,นักศึกษา PSU เล่น PS5 3 ชั่วโมง เสียกี่บาท,"ระยะเวลาที่ถามคือ 3 ชั่วโมง ใช้ 3 session ตามแพ็กเกจ PlayStation 5 60 นาที คำตอบราคา: 0 บาท สำหรับกลุ่ม PSU Student and Staff • คำนวณจาก 0 บาท/session x 3 session = 0 บาท กลุ่มผู้ใช้ที่ตรวจเจอ: PSU Student and Staff รายละเอียดจากตาราง: PlayStation 5 60 นาที (1 ชั่วโมง, 1-2 คน) • PSU Student and Staff: 0 บาท • PSU Alumni and General Student: 50 บาท • General Adult: 150 บาท แหล่งข้อมูล: https://esports.computing.psu.ac.th/wp-content/uploads/2026/01/PSU-Esports-Studio-phuket-SERVICE-FEE-2026.png",pipeline:deterministic_calculator_fast,service_fee/service_fee_query,100.0,True,0.2458,0,,,
MB-1109-SF-140,service_fee,psu_fact,นักศึกษาต่างมหาลัย เล่น PS5 3 ชั่วโมง เสียกี่บาท,"ระยะเวลาที่ถามคือ 3 ชั่วโมง ใช้ 3 session ตามแพ็กเกจ PlayStation 5 60 นาที คำตอบราคา: 150 บาท สำหรับกลุ่ม PSU Alumni and General Student / นักศึกษาหรือนักเรียนต่างสถาบัน • คำนวณจาก 50 บาท/session x 3 session = 150 บาท กลุ่มผู้ใช้ที่ตรวจเจอ: PSU Alumni and General Student / นักศึกษาหรือนักเรียนต่างสถาบัน / มหาลัยอื่น รายละเอียดจากตาราง: PlayStation 5 60 นาที (1 ชั่วโมง, 1-2 คน) • PSU Student and Staff: 0 บาท • PSU Alumni and General Student: 50 บาท • General Adult: 150 บาท แหล่งข้อมูล: https://esports.computing.psu.ac.th/wp-content/uploads/2026/01/PSU-Esports-Studio-phuket-SERVICE-FEE-2026.png",pipeline:deterministic_calculator_fast,service_fee/service_fee_query,100.0,True,0.2735,0,,,
MB-1110-SF-141,service_fee,psu_fact,PSU Student เล่น Nintendo Switch 30 นาที เสียกี่บาท,ราคา Nintendo Switch สำหรับกลุ่ม PSU Student and Staff • Nintendo Switch 1-2 คน: 0 บาท • Nintendo Switch 3-4 คน: 0 บาท กลุ่มผู้ใช้ที่ตรวจเจอ: PSU Student and Staff หมายเหตุ: คำถามยังไม่ระบุจำนวนผู้เล่น จึงแสดงทั้งราคา 1-2 คนและ 3-4 คน รายละเอียดจากตาราง: Nintendo Switch 1-2 คน 60 นาที (1 ชั่วโมง) • PSU Student and Staff: 0 บาท • PSU Alumni and General Student: 50 บาท • General Adult: 140 บาท Nintendo Switch 3-4 คน 60 นาที (1 ชั่วโมง) • PSU Student and Staff: 0 บาท • PSU Alumni and General Student: 100 บาท • General Adult: 280 บาท แหล่งข้อมูล: https://esports.computing.psu.ac.th/wp-content/uploads/2026/01/PSU-Esports-Studio-phuket-SERVICE-FEE-2026.png,pipeline:deterministic_calculator_fast,service_fee/service_fee_query,100.0,True,0.3482,0,,,
MB-1111-SF-142,service_fee,psu_fact,PSU Student เล่น Nintendo Switch 1 ชั่วโมง เสียกี่บาท,ราคา Nintendo Switch สำหรับกลุ่ม PSU Student and Staff • Nintendo Switch 1-2 คน: 0 บาท • Nintendo Switch 3-4 คน: 0 บาท กลุ่มผู้ใช้ที่ตรวจเจอ: PSU Student and Staff หมายเหตุ: คำถามยังไม่ระบุจำนวนผู้เล่น จึงแสดงทั้งราคา 1-2 คนและ 3-4 คน รายละเอียดจากตาราง: Nintendo Switch 1-2 คน 60 นาที (1 ชั่วโมง) • PSU Student and Staff: 0 บาท • PSU Alumni and General Student: 50 บาท • General Adult: 140 บาท Nintendo Switch 3-4 คน 60 นาที (1 ชั่วโมง) • PSU Student and Staff: 0 บาท • PSU Alumni and General Student: 100 บาท • General Adult: 280 บาท แหล่งข้อมูล: https://esports.computing.psu.ac.th/wp-content/uploads/2026/01/PSU-Esports-Studio-phuket-SERVICE-FEE-2026.png,pipeline:deterministic_calculator_fast,service_fee/service_fee_query,100.0,True,0.3645,0,,,
MB-1112-SF-143,service_fee,psu_fact,PSU Student เล่น Nintendo Switch 2 ชั่วโมง เสียกี่บาท,ราคา Nintendo Switch สำหรับกลุ่ม PSU Student and Staff • Nintendo Switch 1-2 คน: 0 บาท • Nintendo Switch 3-4 คน: 0 บาท กลุ่มผู้ใช้ที่ตรวจเจอ: PSU Student and Staff หมายเหตุ: คำถามยังไม่ระบุจำนวนผู้เล่น จึงแสดงทั้งราคา 1-2 คนและ 3-4 คน รายละเอียดจากตาราง: Nintendo Switch 1-2 คน 60 นาที (1 ชั่วโมง) • PSU Student and Staff: 0 บาท • PSU Alumni and General Student: 50 บาท • General Adult: 140 บาท Nintendo Switch 3-4 คน 60 นาที (1 ชั่วโมง) • PSU Student and Staff: 0 บาท • PSU Alumni and General Student: 100 บาท • General Adult: 280 บาท แหล่งข้อมูล: https://esports.computing.psu.ac.th/wp-content/uploads/2026/01/PSU-Esports-Studio-phuket-SERVICE-FEE-2026.png,pipeline:deterministic_calculator_fast,service_fee/service_fee_query,100.0,True,0.3619,0,,,
MB-1113-SF-144,service_fee,psu_fact,PSU Student เล่น Nintendo Switch 3 ชั่วโมง เสียกี่บาท,ราคา Nintendo Switch สำหรับกลุ่ม PSU Student and Staff • Nintendo Switch 1-2 คน: 0 บาท • Nintendo Switch 3-4 คน: 0 บาท กลุ่มผู้ใช้ที่ตรวจเจอ: PSU Student and Staff หมายเหตุ: คำถามยังไม่ระบุจำนวนผู้เล่น จึงแสดงทั้งราคา 1-2 คนและ 3-4 คน รายละเอียดจากตาราง: Nintendo Switch 1-2 คน 60 นาที (1 ชั่วโมง) • PSU Student and Staff: 0 บาท • PSU Alumni and General Student: 50 บาท • General Adult: 140 บาท Nintendo Switch 3-4 คน 60 นาที (1 ชั่วโมง) • PSU Student and Staff: 0 บาท • PSU Alumni and General Student: 100 บาท • General Adult: 280 บาท แหล่งข้อมูล: https://esports.computing.psu.ac.th/wp-content/uploads/2026/01/PSU-Esports-Studio-phuket-SERVICE-FEE-2026.png,pipeline:deterministic_calculator_fast,service_fee/service_fee_query,100.0,True,0.323,0,,,
MB-1114-SF-145,service_fee,psu_fact,PSU Staff เล่น Nintendo Switch 30 นาที เสียกี่บาท,ราคา Nintendo Switch สำหรับกลุ่ม PSU Student and Staff • Nintendo Switch 1-2 คน: 0 บาท • Nintendo Switch 3-4 คน: 0 บาท กลุ่มผู้ใช้ที่ตรวจเจอ: PSU Student and Staff หมายเหตุ: คำถามยังไม่ระบุจำนวนผู้เล่น จึงแสดงทั้งราคา 1-2 คนและ 3-4 คน รายละเอียดจากตาราง: Nintendo Switch 1-2 คน 60 นาที (1 ชั่วโมง) • PSU Student and Staff: 0 บาท • PSU Alumni and General Student: 50 บาท • General Adult: 140 บาท Nintendo Switch 3-4 คน 60 นาที (1 ชั่วโมง) • PSU Student and Staff: 0 บาท • PSU Alumni and General Student: 100 บาท • General Adult: 280 บาท แหล่งข้อมูล: https://esports.computing.psu.ac.th/wp-content/uploads/2026/01/PSU-Esports-Studio-phuket-SERVICE-FEE-2026.png,pipeline:deterministic_calculator_fast,service_fee/service_fee_query,100.0,True,0.3402,0,,,
MB-1115-SF-146,service_fee,psu_fact,PSU Staff เล่น Nintendo Switch 1 ชั่วโมง เสียกี่บาท,ราคา Nintendo Switch สำหรับกลุ่ม PSU Student and Staff • Nintendo Switch 1-2 คน: 0 บาท • Nintendo Switch 3-4 คน: 0 บาท กลุ่มผู้ใช้ที่ตรวจเจอ: PSU Student and Staff หมายเหตุ: คำถามยังไม่ระบุจำนวนผู้เล่น จึงแสดงทั้งราคา 1-2 คนและ 3-4 คน รายละเอียดจากตาราง: Nintendo Switch 1-2 คน 60 นาที (1 ชั่วโมง) • PSU Student and Staff: 0 บาท • PSU Alumni and General Student: 50 บาท • General Adult: 140 บาท Nintendo Switch 3-4 คน 60 นาที (1 ชั่วโมง) • PSU Student and Staff: 0 บาท • PSU Alumni and General Student: 100 บาท • General Adult: 280 บาท แหล่งข้อมูล: https://esports.computing.psu.ac.th/wp-content/uploads/2026/01/PSU-Esports-Studio-phuket-SERVICE-FEE-2026.png,pipeline:deterministic_calculator_fast,service_fee/service_fee_query,100.0,True,0.3633,0,,,
MB-1116-SF-147,service_fee,psu_fact,PSU Staff เล่น Nintendo Switch 2 ชั่วโมง เสียกี่บาท,ราคา Nintendo Switch สำหรับกลุ่ม PSU Student and Staff • Nintendo Switch 1-2 คน: 0 บาท • Nintendo Switch 3-4 คน: 0 บาท กลุ่มผู้ใช้ที่ตรวจเจอ: PSU Student and Staff หมายเหตุ: คำถามยังไม่ระบุจำนวนผู้เล่น จึงแสดงทั้งราคา 1-2 คนและ 3-4 คน รายละเอียดจากตาราง: Nintendo Switch 1-2 คน 60 นาที (1 ชั่วโมง) • PSU Student and Staff: 0 บาท • PSU Alumni and General Student: 50 บาท • General Adult: 140 บาท Nintendo Switch 3-4 คน 60 นาที (1 ชั่วโมง) • PSU Student and Staff: 0 บาท • PSU Alumni and General Student: 100 บาท • General Adult: 280 บาท แหล่งข้อมูล: https://esports.computing.psu.ac.th/wp-content/uploads/2026/01/PSU-Esports-Studio-phuket-SERVICE-FEE-2026.png,pipeline:deterministic_calculator_fast,service_fee/service_fee_query,100.0,True,0.3495,0,,,
MB-1117-SF-148,service_fee,psu_fact,PSU Staff เล่น Nintendo Switch 3 ชั่วโมง เสียกี่บาท,ราคา Nintendo Switch สำหรับกลุ่ม PSU Student and Staff • Nintendo Switch 1-2 คน: 0 บาท • Nintendo Switch 3-4 คน: 0 บาท กลุ่มผู้ใช้ที่ตรวจเจอ: PSU Student and Staff หมายเหตุ: คำถามยังไม่ระบุจำนวนผู้เล่น จึงแสดงทั้งราคา 1-2 คนและ 3-4 คน รายละเอียดจากตาราง: Nintendo Switch 1-2 คน 60 นาที (1 ชั่วโมง) • PSU Student and Staff: 0 บาท • PSU Alumni and General Student: 50 บาท • General Adult: 140 บาท Nintendo Switch 3-4 คน 60 นาที (1 ชั่วโมง) • PSU Student and Staff: 0 บาท • PSU Alumni and General Student: 100 บาท • General Adult: 280 บาท แหล่งข้อมูล: https://esports.computing.psu.ac.th/wp-content/uploads/2026/01/PSU-Esports-Studio-phuket-SERVICE-FEE-2026.png,pipeline:deterministic_calculator_fast,service_fee/service_fee_query,100.0,True,0.3601,0,,,
MB-1118-SF-149,service_fee,psu_fact,Alumni เล่น Nintendo Switch 30 นาที เสียกี่บาท,Nintendo Switch 1-2 คน 60 นาที (1 ชั่วโมง) • PSU Student and Staff: 0 บาท • PSU Alumni and General Student: 50 บาท • General Adult: 140 บาท Nintendo Switch 3-4 คน 60 นาที (1 ชั่วโมง) • PSU Student and Staff: 0 บาท • PSU Alumni and General Student: 100 บาท • General Adult: 280 บาท แหล่งข้อมูล: https://esports.computing.psu.ac.th/wp-content/uploads/2026/01/PSU-Esports-Studio-phuket-SERVICE-FEE-2026.png,pipeline:deterministic_calculator_fast,service_fee/service_fee_query,100.0,True,0.3192,0,,,
MB-1119-SF-150,service_fee,psu_fact,Alumni เล่น Nintendo Switch 1 ชั่วโมง เสียกี่บาท,Nintendo Switch 1-2 คน 60 นาที (1 ชั่วโมง) • PSU Student and Staff: 0 บาท • PSU Alumni and General Student: 50 บาท • General Adult: 140 บาท Nintendo Switch 3-4 คน 60 นาที (1 ชั่วโมง) • PSU Student and Staff: 0 บาท • PSU Alumni and General Student: 100 บาท • General Adult: 280 บาท แหล่งข้อมูล: https://esports.computing.psu.ac.th/wp-content/uploads/2026/01/PSU-Esports-Studio-phuket-SERVICE-FEE-2026.png,pipeline:deterministic_calculator_fast,service_fee/service_fee_query,100.0,True,0.34,0,,,
MB-1120-SF-151,service_fee,psu_fact,Alumni เล่น Nintendo Switch 2 ชั่วโมง เสียกี่บาท,Nintendo Switch 1-2 คน 60 นาที (1 ชั่วโมง) • PSU Student and Staff: 0 บาท • PSU Alumni and General Student: 50 บาท • General Adult: 140 บาท Nintendo Switch 3-4 คน 60 นาที (1 ชั่วโมง) • PSU Student and Staff: 0 บาท • PSU Alumni and General Student: 100 บาท • General Adult: 280 บาท แหล่งข้อมูล: https://esports.computing.psu.ac.th/wp-content/uploads/2026/01/PSU-Esports-Studio-phuket-SERVICE-FEE-2026.png,pipeline:deterministic_calculator_fast,service_fee/service_fee_query,100.0,True,0.3345,0,,,
MB-1121-SF-152,service_fee,psu_fact,Alumni เล่น Nintendo Switch 3 ชั่วโมง เสียกี่บาท,Nintendo Switch 1-2 คน 60 นาที (1 ชั่วโมง) • PSU Student and Staff: 0 บาท • PSU Alumni and General Student: 50 บาท • General Adult: 140 บาท Nintendo Switch 3-4 คน 60 นาที (1 ชั่วโมง) • PSU Student and Staff: 0 บาท • PSU Alumni and General Student: 100 บาท • General Adult: 280 บาท แหล่งข้อมูล: https://esports.computing.psu.ac.th/wp-content/uploads/2026/01/PSU-Esports-Studio-phuket-SERVICE-FEE-2026.png,pipeline:deterministic_calculator_fast,service_fee/service_fee_query,100.0,True,0.3446,0,,,
MB-1122-SF-153,service_fee,psu_fact,General Student เล่น Nintendo Switch 30 นาที เสียกี่บาท,ราคา Nintendo Switch สำหรับกลุ่ม PSU Alumni and General Student / นักศึกษาหรือนักเรียนต่างสถาบัน • Nintendo Switch 1-2 คน: 50 บาท • Nintendo Switch 3-4 คน: 100 บาท กลุ่มผู้ใช้ที่ตรวจเจอ: PSU Alumni and General Student / นักศึกษาหรือนักเรียนต่างสถาบัน / มหาลัยอื่น หมายเหตุ: คำถามยังไม่ระบุจำนวนผู้เล่น จึงแสดงทั้งราคา 1-2 คนและ 3-4 คน รายละเอียดจากตาราง: Nintendo Switch 1-2 คน 60 นาที (1 ชั่วโมง) • PSU Student and Staff: 0 บาท • PSU Alumni and General Student: 50 บาท • General Adult: 140 บาท Nintendo Switch 3-4 คน 60 นาที (1 ชั่วโมง) • PSU Student and Staff: 0 บาท • PSU Alumni and General Student: 100 บาท • General Adult: 280 บาท แหล่งข้อมูล: https://esports.computing.psu.ac.th/wp-content/uplo,pipeline:deterministic_calculator_fast,service_fee/service_fee_query,100.0,True,0.3726,0,,,
MB-1123-SF-154,service_fee,psu_fact,General Student เล่น Nintendo Switch 1 ชั่วโมง เสียกี่บาท,ราคา Nintendo Switch สำหรับกลุ่ม PSU Alumni and General Student / นักศึกษาหรือนักเรียนต่างสถาบัน • Nintendo Switch 1-2 คน: 50 บาท • Nintendo Switch 3-4 คน: 100 บาท กลุ่มผู้ใช้ที่ตรวจเจอ: PSU Alumni and General Student / นักศึกษาหรือนักเรียนต่างสถาบัน / มหาลัยอื่น หมายเหตุ: คำถามยังไม่ระบุจำนวนผู้เล่น จึงแสดงทั้งราคา 1-2 คนและ 3-4 คน รายละเอียดจากตาราง: Nintendo Switch 1-2 คน 60 นาที (1 ชั่วโมง) • PSU Student and Staff: 0 บาท • PSU Alumni and General Student: 50 บาท • General Adult: 140 บาท Nintendo Switch 3-4 คน 60 นาที (1 ชั่วโมง) • PSU Student and Staff: 0 บาท • PSU Alumni and General Student: 100 บาท • General Adult: 280 บาท แหล่งข้อมูล: https://esports.computing.psu.ac.th/wp-content/uplo,pipeline:deterministic_calculator_fast,service_fee/service_fee_query,100.0,True,0.3426,0,,,
MB-1124-SF-155,service_fee,psu_fact,General Student เล่น Nintendo Switch 2 ชั่วโมง เสียกี่บาท,ราคา Nintendo Switch สำหรับกลุ่ม PSU Alumni and General Student / นักศึกษาหรือนักเรียนต่างสถาบัน • Nintendo Switch 1-2 คน: 50 บาท • Nintendo Switch 3-4 คน: 100 บาท กลุ่มผู้ใช้ที่ตรวจเจอ: PSU Alumni and General Student / นักศึกษาหรือนักเรียนต่างสถาบัน / มหาลัยอื่น หมายเหตุ: คำถามยังไม่ระบุจำนวนผู้เล่น จึงแสดงทั้งราคา 1-2 คนและ 3-4 คน รายละเอียดจากตาราง: Nintendo Switch 1-2 คน 60 นาที (1 ชั่วโมง) • PSU Student and Staff: 0 บาท • PSU Alumni and General Student: 50 บาท • General Adult: 140 บาท Nintendo Switch 3-4 คน 60 นาที (1 ชั่วโมง) • PSU Student and Staff: 0 บาท • PSU Alumni and General Student: 100 บาท • General Adult: 280 บาท แหล่งข้อมูล: https://esports.computing.psu.ac.th/wp-content/uplo,pipeline:deterministic_calculator_fast,service_fee/service_fee_query,100.0,True,0.353,0,,,
MB-1125-SF-156,service_fee,psu_fact,General Student เล่น Nintendo Switch 3 ชั่วโมง เสียกี่บาท,ราคา Nintendo Switch สำหรับกลุ่ม PSU Alumni and General Student / นักศึกษาหรือนักเรียนต่างสถาบัน • Nintendo Switch 1-2 คน: 50 บาท • Nintendo Switch 3-4 คน: 100 บาท กลุ่มผู้ใช้ที่ตรวจเจอ: PSU Alumni and General Student / นักศึกษาหรือนักเรียนต่างสถาบัน / มหาลัยอื่น หมายเหตุ: คำถามยังไม่ระบุจำนวนผู้เล่น จึงแสดงทั้งราคา 1-2 คนและ 3-4 คน รายละเอียดจากตาราง: Nintendo Switch 1-2 คน 60 นาที (1 ชั่วโมง) • PSU Student and Staff: 0 บาท • PSU Alumni and General Student: 50 บาท • General Adult: 140 บาท Nintendo Switch 3-4 คน 60 นาที (1 ชั่วโมง) • PSU Student and Staff: 0 บาท • PSU Alumni and General Student: 100 บาท • General Adult: 280 บาท แหล่งข้อมูล: https://esports.computing.psu.ac.th/wp-content/uplo,pipeline:deterministic_calculator_fast,service_fee/service_fee_query,100.0,True,0.3683,0,,,
MB-1126-SF-157,service_fee,psu_fact,General Adult เล่น Nintendo Switch 30 นาที เสียกี่บาท,Nintendo Switch 1-2 คน 60 นาที (1 ชั่วโมง) • PSU Student and Staff: 0 บาท • PSU Alumni and General Student: 50 บาท • General Adult: 140 บาท Nintendo Switch 3-4 คน 60 นาที (1 ชั่วโมง) • PSU Student and Staff: 0 บาท • PSU Alumni and General Student: 100 บาท • General Adult: 280 บาท แหล่งข้อมูล: https://esports.computing.psu.ac.th/wp-content/uploads/2026/01/PSU-Esports-Studio-phuket-SERVICE-FEE-2026.png,pipeline:deterministic_calculator_fast,service_fee/service_fee_query,100.0,True,0.3626,0,,,
MB-1127-SF-158,service_fee,psu_fact,General Adult เล่น Nintendo Switch 1 ชั่วโมง เสียกี่บาท,Nintendo Switch 1-2 คน 60 นาที (1 ชั่วโมง) • PSU Student and Staff: 0 บาท • PSU Alumni and General Student: 50 บาท • General Adult: 140 บาท Nintendo Switch 3-4 คน 60 นาที (1 ชั่วโมง) • PSU Student and Staff: 0 บาท • PSU Alumni and General Student: 100 บาท • General Adult: 280 บาท แหล่งข้อมูล: https://esports.computing.psu.ac.th/wp-content/uploads/2026/01/PSU-Esports-Studio-phuket-SERVICE-FEE-2026.png,pipeline:deterministic_calculator_fast,service_fee/service_fee_query,100.0,True,0.3906,0,,,
MB-1128-SF-159,service_fee,psu_fact,General Adult เล่น Nintendo Switch 2 ชั่วโมง เสียกี่บาท,Nintendo Switch 1-2 คน 60 นาที (1 ชั่วโมง) • PSU Student and Staff: 0 บาท • PSU Alumni and General Student: 50 บาท • General Adult: 140 บาท Nintendo Switch 3-4 คน 60 นาที (1 ชั่วโมง) • PSU Student and Staff: 0 บาท • PSU Alumni and General Student: 100 บาท • General Adult: 280 บาท แหล่งข้อมูล: https://esports.computing.psu.ac.th/wp-content/uploads/2026/01/PSU-Esports-Studio-phuket-SERVICE-FEE-2026.png,pipeline:deterministic_calculator_fast,service_fee/service_fee_query,100.0,True,0.3745,0,,,
MB-1129-SF-160,service_fee,psu_fact,General Adult เล่น Nintendo Switch 3 ชั่วโมง เสียกี่บาท,Nintendo Switch 1-2 คน 60 นาที (1 ชั่วโมง) • PSU Student and Staff: 0 บาท • PSU Alumni and General Student: 50 บาท • General Adult: 140 บาท Nintendo Switch 3-4 คน 60 นาที (1 ชั่วโมง) • PSU Student and Staff: 0 บาท • PSU Alumni and General Student: 100 บาท • General Adult: 280 บาท แหล่งข้อมูล: https://esports.computing.psu.ac.th/wp-content/uploads/2026/01/PSU-Esports-Studio-phuket-SERVICE-FEE-2026.png,pipeline:deterministic_calculator_fast,service_fee/service_fee_query,100.0,True,0.3415,0,,,
MB-1130-SF-161,service_fee,psu_fact,คนทั่วไป เล่น Nintendo Switch 30 นาที เสียกี่บาท,ราคา Nintendo Switch สำหรับกลุ่ม General Adult / บุคคลทั่วไป • Nintendo Switch 1-2 คน: 140 บาท • Nintendo Switch 3-4 คน: 280 บาท กลุ่มผู้ใช้ที่ตรวจเจอ: General Adult / บุคคลทั่วไป หมายเหตุ: คำถามยังไม่ระบุจำนวนผู้เล่น จึงแสดงทั้งราคา 1-2 คนและ 3-4 คน รายละเอียดจากตาราง: Nintendo Switch 1-2 คน 60 นาที (1 ชั่วโมง) • PSU Student and Staff: 0 บาท • PSU Alumni and General Student: 50 บาท • General Adult: 140 บาท Nintendo Switch 3-4 คน 60 นาที (1 ชั่วโมง) • PSU Student and Staff: 0 บาท • PSU Alumni and General Student: 100 บาท • General Adult: 280 บาท แหล่งข้อมูล: https://esports.computing.psu.ac.th/wp-content/uploads/2026/01/PSU-Esports-Studio-phuket-SERVICE-FEE-2026.png,pipeline:deterministic_calculator_fast,service_fee/service_fee_query,100.0,True,0.3325,0,,,
MB-1131-SF-162,service_fee,psu_fact,คนทั่วไป เล่น Nintendo Switch 1 ชั่วโมง เสียกี่บาท,ราคา Nintendo Switch สำหรับกลุ่ม General Adult / บุคคลทั่วไป • Nintendo Switch 1-2 คน: 140 บาท • Nintendo Switch 3-4 คน: 280 บาท กลุ่มผู้ใช้ที่ตรวจเจอ: General Adult / บุคคลทั่วไป หมายเหตุ: คำถามยังไม่ระบุจำนวนผู้เล่น จึงแสดงทั้งราคา 1-2 คนและ 3-4 คน รายละเอียดจากตาราง: Nintendo Switch 1-2 คน 60 นาที (1 ชั่วโมง) • PSU Student and Staff: 0 บาท • PSU Alumni and General Student: 50 บาท • General Adult: 140 บาท Nintendo Switch 3-4 คน 60 นาที (1 ชั่วโมง) • PSU Student and Staff: 0 บาท • PSU Alumni and General Student: 100 บาท • General Adult: 280 บาท แหล่งข้อมูล: https://esports.computing.psu.ac.th/wp-content/uploads/2026/01/PSU-Esports-Studio-phuket-SERVICE-FEE-2026.png,pipeline:deterministic_calculator_fast,service_fee/service_fee_query,100.0,True,0.3874,0,,,
MB-1132-SF-163,service_fee,psu_fact,คนทั่วไป เล่น Nintendo Switch 2 ชั่วโมง เสียกี่บาท,ราคา Nintendo Switch สำหรับกลุ่ม General Adult / บุคคลทั่วไป • Nintendo Switch 1-2 คน: 140 บาท • Nintendo Switch 3-4 คน: 280 บาท กลุ่มผู้ใช้ที่ตรวจเจอ: General Adult / บุคคลทั่วไป หมายเหตุ: คำถามยังไม่ระบุจำนวนผู้เล่น จึงแสดงทั้งราคา 1-2 คนและ 3-4 คน รายละเอียดจากตาราง: Nintendo Switch 1-2 คน 60 นาที (1 ชั่วโมง) • PSU Student and Staff: 0 บาท • PSU Alumni and General Student: 50 บาท • General Adult: 140 บาท Nintendo Switch 3-4 คน 60 นาที (1 ชั่วโมง) • PSU Student and Staff: 0 บาท • PSU Alumni and General Student: 100 บาท • General Adult: 280 บาท แหล่งข้อมูล: https://esports.computing.psu.ac.th/wp-content/uploads/2026/01/PSU-Esports-Studio-phuket-SERVICE-FEE-2026.png,pipeline:deterministic_calculator_fast,service_fee/service_fee_query,100.0,True,0.3353,0,,,
MB-1133-SF-164,service_fee,psu_fact,คนทั่วไป เล่น Nintendo Switch 3 ชั่วโมง เสียกี่บาท,ราคา Nintendo Switch สำหรับกลุ่ม General Adult / บุคคลทั่วไป • Nintendo Switch 1-2 คน: 140 บาท • Nintendo Switch 3-4 คน: 280 บาท กลุ่มผู้ใช้ที่ตรวจเจอ: General Adult / บุคคลทั่วไป หมายเหตุ: คำถามยังไม่ระบุจำนวนผู้เล่น จึงแสดงทั้งราคา 1-2 คนและ 3-4 คน รายละเอียดจากตาราง: Nintendo Switch 1-2 คน 60 นาที (1 ชั่วโมง) • PSU Student and Staff: 0 บาท • PSU Alumni and General Student: 50 บาท • General Adult: 140 บาท Nintendo Switch 3-4 คน 60 นาที (1 ชั่วโมง) • PSU Student and Staff: 0 บาท • PSU Alumni and General Student: 100 บาท • General Adult: 280 บาท แหล่งข้อมูล: https://esports.computing.psu.ac.th/wp-content/uploads/2026/01/PSU-Esports-Studio-phuket-SERVICE-FEE-2026.png,pipeline:deterministic_calculator_fast,service_fee/service_fee_query,100.0,True,0.3534,0,,,
MB-1134-SF-165,service_fee,psu_fact,นักศึกษา PSU เล่น Nintendo Switch 3 ชั่วโมง เสียกี่บาท,ราคา Nintendo Switch สำหรับกลุ่ม PSU Student and Staff • Nintendo Switch 1-2 คน: 0 บาท • Nintendo Switch 3-4 คน: 0 บาท กลุ่มผู้ใช้ที่ตรวจเจอ: PSU Student and Staff หมายเหตุ: คำถามยังไม่ระบุจำนวนผู้เล่น จึงแสดงทั้งราคา 1-2 คนและ 3-4 คน รายละเอียดจากตาราง: Nintendo Switch 1-2 คน 60 นาที (1 ชั่วโมง) • PSU Student and Staff: 0 บาท • PSU Alumni and General Student: 50 บาท • General Adult: 140 บาท Nintendo Switch 3-4 คน 60 นาที (1 ชั่วโมง) • PSU Student and Staff: 0 บาท • PSU Alumni and General Student: 100 บาท • General Adult: 280 บาท แหล่งข้อมูล: https://esports.computing.psu.ac.th/wp-content/uploads/2026/01/PSU-Esports-Studio-phuket-SERVICE-FEE-2026.png,pipeline:deterministic_calculator_fast,service_fee/service_fee_query,100.0,True,0.3532,0,,,
MB-1135-SF-166,service_fee,psu_fact,นักศึกษาต่างมหาลัย เล่น Nintendo Switch 3 ชั่วโมง เสียกี่บาท,ราคา Nintendo Switch สำหรับกลุ่ม PSU Alumni and General Student / นักศึกษาหรือนักเรียนต่างสถาบัน • Nintendo Switch 1-2 คน: 50 บาท • Nintendo Switch 3-4 คน: 100 บาท กลุ่มผู้ใช้ที่ตรวจเจอ: PSU Alumni and General Student / นักศึกษาหรือนักเรียนต่างสถาบัน / มหาลัยอื่น หมายเหตุ: คำถามยังไม่ระบุจำนวนผู้เล่น จึงแสดงทั้งราคา 1-2 คนและ 3-4 คน รายละเอียดจากตาราง: Nintendo Switch 1-2 คน 60 นาที (1 ชั่วโมง) • PSU Student and Staff: 0 บาท • PSU Alumni and General Student: 50 บาท • General Adult: 140 บาท Nintendo Switch 3-4 คน 60 นาที (1 ชั่วโมง) • PSU Student and Staff: 0 บาท • PSU Alumni and General Student: 100 บาท • General Adult: 280 บาท แหล่งข้อมูล: https://esports.computing.psu.ac.th/wp-content/uplo,pipeline:deterministic_calculator_fast,service_fee/service_fee_query,100.0,True,0.3544,0,,,
MB-1136-SF-167,service_fee,psu_fact,PSU Student เล่น Cockpit 30 นาที เสียกี่บาท,"ระยะเวลาที่ถามคือ 30 นาที ใช้ 1 session ตามแพ็กเกจ Cockpit 60 นาที คำตอบราคา: 0 บาท สำหรับกลุ่ม PSU Student and Staff • คำนวณจาก 0 บาท/session x 1 session = 0 บาท กลุ่มผู้ใช้ที่ตรวจเจอ: PSU Student and Staff รายละเอียดจากตาราง: Cockpit 60 นาที (1 ชั่วโมง, 1 คน) • PSU Student and Staff: 0 บาท • PSU Alumni and General Student: 65 บาท • General Adult: 200 บาท แหล่งข้อมูล: https://esports.computing.psu.ac.th/wp-content/uploads/2026/01/PSU-Esports-Studio-phuket-SERVICE-FEE-2026.png",pipeline:deterministic_calculator_fast,service_fee/service_fee_query,100.0,True,0.3514,0,,,
MB-1137-SF-168,service_fee,psu_fact,PSU Student เล่น Cockpit 1 ชั่วโมง เสียกี่บาท,"ระยะเวลาที่ถามคือ 1 ชั่วโมง ใช้ 1 session ตามแพ็กเกจ Cockpit 60 นาที คำตอบราคา: 0 บาท สำหรับกลุ่ม PSU Student and Staff • คำนวณจาก 0 บาท/session x 1 session = 0 บาท กลุ่มผู้ใช้ที่ตรวจเจอ: PSU Student and Staff รายละเอียดจากตาราง: Cockpit 60 นาที (1 ชั่วโมง, 1 คน) • PSU Student and Staff: 0 บาท • PSU Alumni and General Student: 65 บาท • General Adult: 200 บาท แหล่งข้อมูล: https://esports.computing.psu.ac.th/wp-content/uploads/2026/01/PSU-Esports-Studio-phuket-SERVICE-FEE-2026.png",pipeline:deterministic_calculator_fast,service_fee/service_fee_query,100.0,True,0.3144,0,,,
MB-1138-SF-169,service_fee,psu_fact,PSU Student เล่น Cockpit 2 ชั่วโมง เสียกี่บาท,"ระยะเวลาที่ถามคือ 2 ชั่วโมง ใช้ 2 session ตามแพ็กเกจ Cockpit 60 นาที คำตอบราคา: 0 บาท สำหรับกลุ่ม PSU Student and Staff • คำนวณจาก 0 บาท/session x 2 session = 0 บาท กลุ่มผู้ใช้ที่ตรวจเจอ: PSU Student and Staff รายละเอียดจากตาราง: Cockpit 60 นาที (1 ชั่วโมง, 1 คน) • PSU Student and Staff: 0 บาท • PSU Alumni and General Student: 65 บาท • General Adult: 200 บาท แหล่งข้อมูล: https://esports.computing.psu.ac.th/wp-content/uploads/2026/01/PSU-Esports-Studio-phuket-SERVICE-FEE-2026.png",pipeline:deterministic_calculator_fast,service_fee/service_fee_query,100.0,True,0.3153,0,,,
MB-1139-SF-170,service_fee,psu_fact,PSU Student เล่น Cockpit 3 ชั่วโมง เสียกี่บาท,"ระยะเวลาที่ถามคือ 3 ชั่วโมง ใช้ 3 session ตามแพ็กเกจ Cockpit 60 นาที คำตอบราคา: 0 บาท สำหรับกลุ่ม PSU Student and Staff • คำนวณจาก 0 บาท/session x 3 session = 0 บาท กลุ่มผู้ใช้ที่ตรวจเจอ: PSU Student and Staff รายละเอียดจากตาราง: Cockpit 60 นาที (1 ชั่วโมง, 1 คน) • PSU Student and Staff: 0 บาท • PSU Alumni and General Student: 65 บาท • General Adult: 200 บาท แหล่งข้อมูล: https://esports.computing.psu.ac.th/wp-content/uploads/2026/01/PSU-Esports-Studio-phuket-SERVICE-FEE-2026.png",pipeline:deterministic_calculator_fast,service_fee/service_fee_query,100.0,True,0.3222,0,,,
MB-1140-SF-171,service_fee,psu_fact,PSU Staff เล่น Cockpit 30 นาที เสียกี่บาท,"ระยะเวลาที่ถามคือ 30 นาที ใช้ 1 session ตามแพ็กเกจ Cockpit 60 นาที คำตอบราคา: 0 บาท สำหรับกลุ่ม PSU Student and Staff • คำนวณจาก 0 บาท/session x 1 session = 0 บาท กลุ่มผู้ใช้ที่ตรวจเจอ: PSU Student and Staff รายละเอียดจากตาราง: Cockpit 60 นาที (1 ชั่วโมง, 1 คน) • PSU Student and Staff: 0 บาท • PSU Alumni and General Student: 65 บาท • General Adult: 200 บาท แหล่งข้อมูล: https://esports.computing.psu.ac.th/wp-content/uploads/2026/01/PSU-Esports-Studio-phuket-SERVICE-FEE-2026.png",pipeline:deterministic_calculator_fast,service_fee/service_fee_query,100.0,True,0.3191,0,,,
MB-1141-SF-172,service_fee,psu_fact,PSU Staff เล่น Cockpit 1 ชั่วโมง เสียกี่บาท,"ระยะเวลาที่ถามคือ 1 ชั่วโมง ใช้ 1 session ตามแพ็กเกจ Cockpit 60 นาที คำตอบราคา: 0 บาท สำหรับกลุ่ม PSU Student and Staff • คำนวณจาก 0 บาท/session x 1 session = 0 บาท กลุ่มผู้ใช้ที่ตรวจเจอ: PSU Student and Staff รายละเอียดจากตาราง: Cockpit 60 นาที (1 ชั่วโมง, 1 คน) • PSU Student and Staff: 0 บาท • PSU Alumni and General Student: 65 บาท • General Adult: 200 บาท แหล่งข้อมูล: https://esports.computing.psu.ac.th/wp-content/uploads/2026/01/PSU-Esports-Studio-phuket-SERVICE-FEE-2026.png",pipeline:deterministic_calculator_fast,service_fee/service_fee_query,100.0,True,0.3507,0,,,
MB-1142-SF-173,service_fee,psu_fact,PSU Staff เล่น Cockpit 2 ชั่วโมง เสียกี่บาท,"ระยะเวลาที่ถามคือ 2 ชั่วโมง ใช้ 2 session ตามแพ็กเกจ Cockpit 60 นาที คำตอบราคา: 0 บาท สำหรับกลุ่ม PSU Student and Staff • คำนวณจาก 0 บาท/session x 2 session = 0 บาท กลุ่มผู้ใช้ที่ตรวจเจอ: PSU Student and Staff รายละเอียดจากตาราง: Cockpit 60 นาที (1 ชั่วโมง, 1 คน) • PSU Student and Staff: 0 บาท • PSU Alumni and General Student: 65 บาท • General Adult: 200 บาท แหล่งข้อมูล: https://esports.computing.psu.ac.th/wp-content/uploads/2026/01/PSU-Esports-Studio-phuket-SERVICE-FEE-2026.png",pipeline:deterministic_calculator_fast,service_fee/service_fee_query,100.0,True,0.3211,0,,,
MB-1143-SF-174,service_fee,psu_fact,PSU Staff เล่น Cockpit 3 ชั่วโมง เสียกี่บาท,"ระยะเวลาที่ถามคือ 3 ชั่วโมง ใช้ 3 session ตามแพ็กเกจ Cockpit 60 นาที คำตอบราคา: 0 บาท สำหรับกลุ่ม PSU Student and Staff • คำนวณจาก 0 บาท/session x 3 session = 0 บาท กลุ่มผู้ใช้ที่ตรวจเจอ: PSU Student and Staff รายละเอียดจากตาราง: Cockpit 60 นาที (1 ชั่วโมง, 1 คน) • PSU Student and Staff: 0 บาท • PSU Alumni and General Student: 65 บาท • General Adult: 200 บาท แหล่งข้อมูล: https://esports.computing.psu.ac.th/wp-content/uploads/2026/01/PSU-Esports-Studio-phuket-SERVICE-FEE-2026.png",pipeline:deterministic_calculator_fast,service_fee/service_fee_query,100.0,True,0.3121,0,,,
MB-1144-SF-175,service_fee,psu_fact,Alumni เล่น Cockpit 30 นาที เสียกี่บาท,"ระยะเวลาที่ถามคือ 30 นาที ใช้ 1 session ตามแพ็กเกจ Cockpit 60 นาที ยังไม่ทราบกลุ่มผู้ใช้ จึงแสดงราคาทุกกลุ่มให้เทียบก่อน: • PSU Student and Staff: 0 บาท/session x 1 = 0 บาท • PSU Alumni and General Student / นักศึกษาหรือนักเรียนต่างสถาบัน: 65 บาท/session x 1 = 65 บาท • General Adult / บุคคลทั่วไป: 200 บาท/session x 1 = 200 บาท รายละเอียดจากตาราง: Cockpit 60 นาที (1 ชั่วโมง, 1 คน) • PSU Student and Staff: 0 บาท • PSU Alumni and General Student: 65 บาท • General Adult: 200 บาท แหล่งข้อมูล: https://esports.computing.psu.ac.th/wp-content/uploads/2026/01/PSU-Esports-Studio-phuket-SERVICE-FEE-2026.png",pipeline:deterministic_calculator_fast,service_fee/service_fee_query,100.0,True,0.2884,0,,,
MB-1145-SF-176,service_fee,psu_fact,Alumni เล่น Cockpit 1 ชั่วโมง เสียกี่บาท,"ระยะเวลาที่ถามคือ 1 ชั่วโมง ใช้ 1 session ตามแพ็กเกจ Cockpit 60 นาที ยังไม่ทราบกลุ่มผู้ใช้ จึงแสดงราคาทุกกลุ่มให้เทียบก่อน: • PSU Student and Staff: 0 บาท/session x 1 = 0 บาท • PSU Alumni and General Student / นักศึกษาหรือนักเรียนต่างสถาบัน: 65 บาท/session x 1 = 65 บาท • General Adult / บุคคลทั่วไป: 200 บาท/session x 1 = 200 บาท รายละเอียดจากตาราง: Cockpit 60 นาที (1 ชั่วโมง, 1 คน) • PSU Student and Staff: 0 บาท • PSU Alumni and General Student: 65 บาท • General Adult: 200 บาท แหล่งข้อมูล: https://esports.computing.psu.ac.th/wp-content/uploads/2026/01/PSU-Esports-Studio-phuket-SERVICE-FEE-2026.png",pipeline:deterministic_calculator_fast,service_fee/service_fee_query,100.0,True,0.3097,0,,,
MB-1146-SF-177,service_fee,psu_fact,Alumni เล่น Cockpit 2 ชั่วโมง เสียกี่บาท,"ระยะเวลาที่ถามคือ 2 ชั่วโมง ใช้ 2 session ตามแพ็กเกจ Cockpit 60 นาที ยังไม่ทราบกลุ่มผู้ใช้ จึงแสดงราคาทุกกลุ่มให้เทียบก่อน: • PSU Student and Staff: 0 บาท/session x 2 = 0 บาท • PSU Alumni and General Student / นักศึกษาหรือนักเรียนต่างสถาบัน: 65 บาท/session x 2 = 130 บาท • General Adult / บุคคลทั่วไป: 200 บาท/session x 2 = 400 บาท รายละเอียดจากตาราง: Cockpit 60 นาที (1 ชั่วโมง, 1 คน) • PSU Student and Staff: 0 บาท • PSU Alumni and General Student: 65 บาท • General Adult: 200 บาท แหล่งข้อมูล: https://esports.computing.psu.ac.th/wp-content/uploads/2026/01/PSU-Esports-Studio-phuket-SERVICE-FEE-2026.png",pipeline:deterministic_calculator_fast,service_fee/service_fee_query,100.0,True,0.2985,0,,,
MB-1147-SF-178,service_fee,psu_fact,Alumni เล่น Cockpit 3 ชั่วโมง เสียกี่บาท,"ระยะเวลาที่ถามคือ 3 ชั่วโมง ใช้ 3 session ตามแพ็กเกจ Cockpit 60 นาที ยังไม่ทราบกลุ่มผู้ใช้ จึงแสดงราคาทุกกลุ่มให้เทียบก่อน: • PSU Student and Staff: 0 บาท/session x 3 = 0 บาท • PSU Alumni and General Student / นักศึกษาหรือนักเรียนต่างสถาบัน: 65 บาท/session x 3 = 195 บาท • General Adult / บุคคลทั่วไป: 200 บาท/session x 3 = 600 บาท รายละเอียดจากตาราง: Cockpit 60 นาที (1 ชั่วโมง, 1 คน) • PSU Student and Staff: 0 บาท • PSU Alumni and General Student: 65 บาท • General Adult: 200 บาท แหล่งข้อมูล: https://esports.computing.psu.ac.th/wp-content/uploads/2026/01/PSU-Esports-Studio-phuket-SERVICE-FEE-2026.png",pipeline:deterministic_calculator_fast,service_fee/service_fee_query,100.0,True,0.3064,0,,,
MB-1148-SF-179,service_fee,psu_fact,General Student เล่น Cockpit 30 นาที เสียกี่บาท,"ระยะเวลาที่ถามคือ 30 นาที ใช้ 1 session ตามแพ็กเกจ Cockpit 60 นาที คำตอบราคา: 65 บาท สำหรับกลุ่ม PSU Alumni and General Student / นักศึกษาหรือนักเรียนต่างสถาบัน • คำนวณจาก 65 บาท/session x 1 session = 65 บาท กลุ่มผู้ใช้ที่ตรวจเจอ: PSU Alumni and General Student / นักศึกษาหรือนักเรียนต่างสถาบัน / มหาลัยอื่น รายละเอียดจากตาราง: Cockpit 60 นาที (1 ชั่วโมง, 1 คน) • PSU Student and Staff: 0 บาท • PSU Alumni and General Student: 65 บาท • General Adult: 200 บาท แหล่งข้อมูล: https://esports.computing.psu.ac.th/wp-content/uploads/2026/01/PSU-Esports-Studio-phuket-SERVICE-FEE-2026.png",pipeline:deterministic_calculator_fast,service_fee/service_fee_query,100.0,True,0.2982,0,,,
MB-1149-SF-180,service_fee,psu_fact,General Student เล่น Cockpit 1 ชั่วโมง เสียกี่บาท,"ระยะเวลาที่ถามคือ 1 ชั่วโมง ใช้ 1 session ตามแพ็กเกจ Cockpit 60 นาที คำตอบราคา: 65 บาท สำหรับกลุ่ม PSU Alumni and General Student / นักศึกษาหรือนักเรียนต่างสถาบัน • คำนวณจาก 65 บาท/session x 1 session = 65 บาท กลุ่มผู้ใช้ที่ตรวจเจอ: PSU Alumni and General Student / นักศึกษาหรือนักเรียนต่างสถาบัน / มหาลัยอื่น รายละเอียดจากตาราง: Cockpit 60 นาที (1 ชั่วโมง, 1 คน) • PSU Student and Staff: 0 บาท • PSU Alumni and General Student: 65 บาท • General Adult: 200 บาท แหล่งข้อมูล: https://esports.computing.psu.ac.th/wp-content/uploads/2026/01/PSU-Esports-Studio-phuket-SERVICE-FEE-2026.png",pipeline:deterministic_calculator_fast,service_fee/service_fee_query,100.0,True,0.3165,0,,,
MB-1150-SF-181,service_fee,psu_fact,General Student เล่น Cockpit 2 ชั่วโมง เสียกี่บาท,"ระยะเวลาที่ถามคือ 2 ชั่วโมง ใช้ 2 session ตามแพ็กเกจ Cockpit 60 นาที คำตอบราคา: 130 บาท สำหรับกลุ่ม PSU Alumni and General Student / นักศึกษาหรือนักเรียนต่างสถาบัน • คำนวณจาก 65 บาท/session x 2 session = 130 บาท กลุ่มผู้ใช้ที่ตรวจเจอ: PSU Alumni and General Student / นักศึกษาหรือนักเรียนต่างสถาบัน / มหาลัยอื่น รายละเอียดจากตาราง: Cockpit 60 นาที (1 ชั่วโมง, 1 คน) • PSU Student and Staff: 0 บาท • PSU Alumni and General Student: 65 บาท • General Adult: 200 บาท แหล่งข้อมูล: https://esports.computing.psu.ac.th/wp-content/uploads/2026/01/PSU-Esports-Studio-phuket-SERVICE-FEE-2026.png",pipeline:deterministic_calculator_fast,service_fee/service_fee_query,100.0,True,0.3538,0,,,
MB-1151-SF-182,service_fee,psu_fact,General Student เล่น Cockpit 3 ชั่วโมง เสียกี่บาท,"ระยะเวลาที่ถามคือ 3 ชั่วโมง ใช้ 3 session ตามแพ็กเกจ Cockpit 60 นาที คำตอบราคา: 195 บาท สำหรับกลุ่ม PSU Alumni and General Student / นักศึกษาหรือนักเรียนต่างสถาบัน • คำนวณจาก 65 บาท/session x 3 session = 195 บาท กลุ่มผู้ใช้ที่ตรวจเจอ: PSU Alumni and General Student / นักศึกษาหรือนักเรียนต่างสถาบัน / มหาลัยอื่น รายละเอียดจากตาราง: Cockpit 60 นาที (1 ชั่วโมง, 1 คน) • PSU Student and Staff: 0 บาท • PSU Alumni and General Student: 65 บาท • General Adult: 200 บาท แหล่งข้อมูล: https://esports.computing.psu.ac.th/wp-content/uploads/2026/01/PSU-Esports-Studio-phuket-SERVICE-FEE-2026.png",pipeline:deterministic_calculator_fast,service_fee/service_fee_query,100.0,True,0.3934,0,,,
MB-1152-SF-183,service_fee,psu_fact,General Adult เล่น Cockpit 30 นาที เสียกี่บาท,"ระยะเวลาที่ถามคือ 30 นาที ใช้ 1 session ตามแพ็กเกจ Cockpit 60 นาที ยังไม่ทราบกลุ่มผู้ใช้ จึงแสดงราคาทุกกลุ่มให้เทียบก่อน: • PSU Student and Staff: 0 บาท/session x 1 = 0 บาท • PSU Alumni and General Student / นักศึกษาหรือนักเรียนต่างสถาบัน: 65 บาท/session x 1 = 65 บาท • General Adult / บุคคลทั่วไป: 200 บาท/session x 1 = 200 บาท รายละเอียดจากตาราง: Cockpit 60 นาที (1 ชั่วโมง, 1 คน) • PSU Student and Staff: 0 บาท • PSU Alumni and General Student: 65 บาท • General Adult: 200 บาท แหล่งข้อมูล: https://esports.computing.psu.ac.th/wp-content/uploads/2026/01/PSU-Esports-Studio-phuket-SERVICE-FEE-2026.png",pipeline:deterministic_calculator_fast,service_fee/service_fee_query,100.0,True,0.3222,0,,,
MB-1153-SF-184,service_fee,psu_fact,General Adult เล่น Cockpit 1 ชั่วโมง เสียกี่บาท,"ระยะเวลาที่ถามคือ 1 ชั่วโมง ใช้ 1 session ตามแพ็กเกจ Cockpit 60 นาที ยังไม่ทราบกลุ่มผู้ใช้ จึงแสดงราคาทุกกลุ่มให้เทียบก่อน: • PSU Student and Staff: 0 บาท/session x 1 = 0 บาท • PSU Alumni and General Student / นักศึกษาหรือนักเรียนต่างสถาบัน: 65 บาท/session x 1 = 65 บาท • General Adult / บุคคลทั่วไป: 200 บาท/session x 1 = 200 บาท รายละเอียดจากตาราง: Cockpit 60 นาที (1 ชั่วโมง, 1 คน) • PSU Student and Staff: 0 บาท • PSU Alumni and General Student: 65 บาท • General Adult: 200 บาท แหล่งข้อมูล: https://esports.computing.psu.ac.th/wp-content/uploads/2026/01/PSU-Esports-Studio-phuket-SERVICE-FEE-2026.png",pipeline:deterministic_calculator_fast,service_fee/service_fee_query,100.0,True,0.3356,0,,,
MB-1154-SF-185,service_fee,psu_fact,General Adult เล่น Cockpit 2 ชั่วโมง เสียกี่บาท,"ระยะเวลาที่ถามคือ 2 ชั่วโมง ใช้ 2 session ตามแพ็กเกจ Cockpit 60 นาที ยังไม่ทราบกลุ่มผู้ใช้ จึงแสดงราคาทุกกลุ่มให้เทียบก่อน: • PSU Student and Staff: 0 บาท/session x 2 = 0 บาท • PSU Alumni and General Student / นักศึกษาหรือนักเรียนต่างสถาบัน: 65 บาท/session x 2 = 130 บาท • General Adult / บุคคลทั่วไป: 200 บาท/session x 2 = 400 บาท รายละเอียดจากตาราง: Cockpit 60 นาที (1 ชั่วโมง, 1 คน) • PSU Student and Staff: 0 บาท • PSU Alumni and General Student: 65 บาท • General Adult: 200 บาท แหล่งข้อมูล: https://esports.computing.psu.ac.th/wp-content/uploads/2026/01/PSU-Esports-Studio-phuket-SERVICE-FEE-2026.png",pipeline:deterministic_calculator_fast,service_fee/service_fee_query,100.0,True,0.3509,0,,,
MB-1155-SF-186,service_fee,psu_fact,General Adult เล่น Cockpit 3 ชั่วโมง เสียกี่บาท,"ระยะเวลาที่ถามคือ 3 ชั่วโมง ใช้ 3 session ตามแพ็กเกจ Cockpit 60 นาที ยังไม่ทราบกลุ่มผู้ใช้ จึงแสดงราคาทุกกลุ่มให้เทียบก่อน: • PSU Student and Staff: 0 บาท/session x 3 = 0 บาท • PSU Alumni and General Student / นักศึกษาหรือนักเรียนต่างสถาบัน: 65 บาท/session x 3 = 195 บาท • General Adult / บุคคลทั่วไป: 200 บาท/session x 3 = 600 บาท รายละเอียดจากตาราง: Cockpit 60 นาที (1 ชั่วโมง, 1 คน) • PSU Student and Staff: 0 บาท • PSU Alumni and General Student: 65 บาท • General Adult: 200 บาท แหล่งข้อมูล: https://esports.computing.psu.ac.th/wp-content/uploads/2026/01/PSU-Esports-Studio-phuket-SERVICE-FEE-2026.png",pipeline:deterministic_calculator_fast,service_fee/service_fee_query,100.0,True,0.3402,0,,,
MB-1156-SF-187,service_fee,psu_fact,คนทั่วไป เล่น Cockpit 30 นาที เสียกี่บาท,"ระยะเวลาที่ถามคือ 30 นาที ใช้ 1 session ตามแพ็กเกจ Cockpit 60 นาที คำตอบราคา: 200 บาท สำหรับกลุ่ม General Adult / บุคคลทั่วไป • คำนวณจาก 200 บาท/session x 1 session = 200 บาท กลุ่มผู้ใช้ที่ตรวจเจอ: General Adult / บุคคลทั่วไป รายละเอียดจากตาราง: Cockpit 60 นาที (1 ชั่วโมง, 1 คน) • PSU Student and Staff: 0 บาท • PSU Alumni and General Student: 65 บาท • General Adult: 200 บาท แหล่งข้อมูล: https://esports.computing.psu.ac.th/wp-content/uploads/2026/01/PSU-Esports-Studio-phuket-SERVICE-FEE-2026.png",pipeline:deterministic_calculator_fast,service_fee/service_fee_query,100.0,True,0.2694,0,,,
MB-1157-SF-188,service_fee,psu_fact,คนทั่วไป เล่น Cockpit 1 ชั่วโมง เสียกี่บาท,"ระยะเวลาที่ถามคือ 1 ชั่วโมง ใช้ 1 session ตามแพ็กเกจ Cockpit 60 นาที คำตอบราคา: 200 บาท สำหรับกลุ่ม General Adult / บุคคลทั่วไป • คำนวณจาก 200 บาท/session x 1 session = 200 บาท กลุ่มผู้ใช้ที่ตรวจเจอ: General Adult / บุคคลทั่วไป รายละเอียดจากตาราง: Cockpit 60 นาที (1 ชั่วโมง, 1 คน) • PSU Student and Staff: 0 บาท • PSU Alumni and General Student: 65 บาท • General Adult: 200 บาท แหล่งข้อมูล: https://esports.computing.psu.ac.th/wp-content/uploads/2026/01/PSU-Esports-Studio-phuket-SERVICE-FEE-2026.png",pipeline:deterministic_calculator_fast,service_fee/service_fee_query,100.0,True,0.2887,0,,,
MB-1158-SF-189,service_fee,psu_fact,คนทั่วไป เล่น Cockpit 2 ชั่วโมง เสียกี่บาท,"ระยะเวลาที่ถามคือ 2 ชั่วโมง ใช้ 2 session ตามแพ็กเกจ Cockpit 60 นาที คำตอบราคา: 400 บาท สำหรับกลุ่ม General Adult / บุคคลทั่วไป • คำนวณจาก 200 บาท/session x 2 session = 400 บาท กลุ่มผู้ใช้ที่ตรวจเจอ: General Adult / บุคคลทั่วไป รายละเอียดจากตาราง: Cockpit 60 นาที (1 ชั่วโมง, 1 คน) • PSU Student and Staff: 0 บาท • PSU Alumni and General Student: 65 บาท • General Adult: 200 บาท แหล่งข้อมูล: https://esports.computing.psu.ac.th/wp-content/uploads/2026/01/PSU-Esports-Studio-phuket-SERVICE-FEE-2026.png",pipeline:deterministic_calculator_fast,service_fee/service_fee_query,100.0,True,0.3005,0,,,
MB-1159-SF-190,service_fee,psu_fact,คนทั่วไป เล่น Cockpit 3 ชั่วโมง เสียกี่บาท,"ระยะเวลาที่ถามคือ 3 ชั่วโมง ใช้ 3 session ตามแพ็กเกจ Cockpit 60 นาที คำตอบราคา: 600 บาท สำหรับกลุ่ม General Adult / บุคคลทั่วไป • คำนวณจาก 200 บาท/session x 3 session = 600 บาท กลุ่มผู้ใช้ที่ตรวจเจอ: General Adult / บุคคลทั่วไป รายละเอียดจากตาราง: Cockpit 60 นาที (1 ชั่วโมง, 1 คน) • PSU Student and Staff: 0 บาท • PSU Alumni and General Student: 65 บาท • General Adult: 200 บาท แหล่งข้อมูล: https://esports.computing.psu.ac.th/wp-content/uploads/2026/01/PSU-Esports-Studio-phuket-SERVICE-FEE-2026.png",pipeline:deterministic_calculator_fast,service_fee/service_fee_query,100.0,True,0.2993,0,,,
MB-1160-SF-191,service_fee,psu_fact,นักศึกษา PSU เล่น Cockpit 3 ชั่วโมง เสียกี่บาท,"ระยะเวลาที่ถามคือ 3 ชั่วโมง ใช้ 3 session ตามแพ็กเกจ Cockpit 60 นาที คำตอบราคา: 0 บาท สำหรับกลุ่ม PSU Student and Staff • คำนวณจาก 0 บาท/session x 3 session = 0 บาท กลุ่มผู้ใช้ที่ตรวจเจอ: PSU Student and Staff รายละเอียดจากตาราง: Cockpit 60 นาที (1 ชั่วโมง, 1 คน) • PSU Student and Staff: 0 บาท • PSU Alumni and General Student: 65 บาท • General Adult: 200 บาท แหล่งข้อมูล: https://esports.computing.psu.ac.th/wp-content/uploads/2026/01/PSU-Esports-Studio-phuket-SERVICE-FEE-2026.png",pipeline:deterministic_calculator_fast,service_fee/service_fee_query,100.0,True,0.3171,0,,,
MB-1161-SF-192,service_fee,psu_fact,นักศึกษาต่างมหาลัย เล่น Cockpit 3 ชั่วโมง เสียกี่บาท,"ระยะเวลาที่ถามคือ 3 ชั่วโมง ใช้ 3 session ตามแพ็กเกจ Cockpit 60 นาที คำตอบราคา: 195 บาท สำหรับกลุ่ม PSU Alumni and General Student / นักศึกษาหรือนักเรียนต่างสถาบัน • คำนวณจาก 65 บาท/session x 3 session = 195 บาท กลุ่มผู้ใช้ที่ตรวจเจอ: PSU Alumni and General Student / นักศึกษาหรือนักเรียนต่างสถาบัน / มหาลัยอื่น รายละเอียดจากตาราง: Cockpit 60 นาที (1 ชั่วโมง, 1 คน) • PSU Student and Staff: 0 บาท • PSU Alumni and General Student: 65 บาท • General Adult: 200 บาท แหล่งข้อมูล: https://esports.computing.psu.ac.th/wp-content/uploads/2026/01/PSU-Esports-Studio-phuket-SERVICE-FEE-2026.png",pipeline:deterministic_calculator_fast,service_fee/service_fee_query,100.0,True,0.3216,0,,,
MB-1162-SF-193,service_fee,psu_fact,VR 30 นาที ราคาเท่าไหร่,ระยะเวลาที่ถามคือ 30 นาที ใช้ 1 session ตามแพ็กเกจ VR 30 นาที ยังไม่ทราบกลุ่มผู้ใช้ จึงแสดงราคาทุกกลุ่มให้เทียบก่อน: • PSU Student and Staff: 0 บาท/session x 1 = 0 บาท • PSU Alumni and General Student / นักศึกษาหรือนักเรียนต่างสถาบัน: 190 บาท/session x 1 = 190 บาท • General Adult / บุคคลทั่วไป: 525 บาท/session x 1 = 525 บาท รายละเอียดจากตาราง: VR 30 นาที (1-5 คน) • PSU Student and Staff: 0 บาท • PSU Alumni and General Student: 190 บาท • General Adult: 525 บาท แหล่งข้อมูล: https://esports.computing.psu.ac.th/wp-content/uploads/2026/01/PSU-Esports-Studio-phuket-SERVICE-FEE-2026.png,pipeline:deterministic_calculator_fast,service_fee/service_fee_query,100.0,True,0.2321,0,,,
MB-1163-SF-194,service_fee,psu_fact,PSU Student เล่น VR 30 นาที 30 นาที เสียกี่บาท,ระยะเวลาที่ถามคือ 30 นาที ใช้ 1 session ตามแพ็กเกจ VR 30 นาที คำตอบราคา: 0 บาท สำหรับกลุ่ม PSU Student and Staff • คำนวณจาก 0 บาท/session x 1 session = 0 บาท กลุ่มผู้ใช้ที่ตรวจเจอ: PSU Student and Staff รายละเอียดจากตาราง: VR 30 นาที (1-5 คน) • PSU Student and Staff: 0 บาท • PSU Alumni and General Student: 190 บาท • General Adult: 525 บาท แหล่งข้อมูล: https://esports.computing.psu.ac.th/wp-content/uploads/2026/01/PSU-Esports-Studio-phuket-SERVICE-FEE-2026.png,pipeline:deterministic_calculator_fast,service_fee/service_fee_query,100.0,True,0.3248,0,,,
MB-1164-SF-195,service_fee,psu_fact,PSU Student เล่น VR 30 นาที 1 ชั่วโมง เสียกี่บาท,"ราคา VR สำหรับกลุ่ม PSU Student and Staff • VR 30 นาที: 0 บาท • VR 1 ชั่วโมง: 0 บาท กลุ่มผู้ใช้ที่ตรวจเจอ: PSU Student and Staff หมายเหตุ: คำถามยังไม่ระบุระยะเวลา จึงแสดงทั้งราคา 30 นาทีและ 1 ชั่วโมง รายละเอียดจากตาราง: VR 30 นาที (1-5 คน) • PSU Student and Staff: 0 บาท • PSU Alumni and General Student: 190 บาท • General Adult: 525 บาท VR 1 ชั่วโมง (60 นาที, 1-5 คน) • PSU Student and Staff: 0 บาท • PSU Alumni and General Student: 375 บาท • General Adult: 1,050 บาท แหล่งข้อมูล: https://esports.computing.psu.ac.th/wp-content/uploads/2026/01/PSU-Esports-Studio-phuket-SERVICE-FEE-2026.png",pipeline:deterministic_calculator_fast,service_fee/service_fee_query,100.0,True,0.2983,0,,,
MB-1165-SF-196,service_fee,psu_fact,PSU Student เล่น VR 30 นาที 2 ชั่วโมง เสียกี่บาท,ระยะเวลาที่ถามคือ 2 ชั่วโมง ใช้ 4 session ตามแพ็กเกจ VR 30 นาที คำตอบราคา: 0 บาท สำหรับกลุ่ม PSU Student and Staff • คำนวณจาก 0 บาท/session x 4 session = 0 บาท กลุ่มผู้ใช้ที่ตรวจเจอ: PSU Student and Staff รายละเอียดจากตาราง: VR 30 นาที (1-5 คน) • PSU Student and Staff: 0 บาท • PSU Alumni and General Student: 190 บาท • General Adult: 525 บาท แหล่งข้อมูล: https://esports.computing.psu.ac.th/wp-content/uploads/2026/01/PSU-Esports-Studio-phuket-SERVICE-FEE-2026.png,pipeline:deterministic_calculator_fast,service_fee/service_fee_query,100.0,True,0.3332,0,,,
MB-1166-SF-197,service_fee,psu_fact,PSU Student เล่น VR 30 นาที 3 ชั่วโมง เสียกี่บาท,ระยะเวลาที่ถามคือ 3 ชั่วโมง ใช้ 6 session ตามแพ็กเกจ VR 30 นาที คำตอบราคา: 0 บาท สำหรับกลุ่ม PSU Student and Staff • คำนวณจาก 0 บาท/session x 6 session = 0 บาท กลุ่มผู้ใช้ที่ตรวจเจอ: PSU Student and Staff รายละเอียดจากตาราง: VR 30 นาที (1-5 คน) • PSU Student and Staff: 0 บาท • PSU Alumni and General Student: 190 บาท • General Adult: 525 บาท แหล่งข้อมูล: https://esports.computing.psu.ac.th/wp-content/uploads/2026/01/PSU-Esports-Studio-phuket-SERVICE-FEE-2026.png,pipeline:deterministic_calculator_fast,service_fee/service_fee_query,100.0,True,0.324,0,,,
MB-1167-SF-198,service_fee,psu_fact,PSU Staff เล่น VR 30 นาที 30 นาที เสียกี่บาท,ระยะเวลาที่ถามคือ 30 นาที ใช้ 1 session ตามแพ็กเกจ VR 30 นาที คำตอบราคา: 0 บาท สำหรับกลุ่ม PSU Student and Staff • คำนวณจาก 0 บาท/session x 1 session = 0 บาท กลุ่มผู้ใช้ที่ตรวจเจอ: PSU Student and Staff รายละเอียดจากตาราง: VR 30 นาที (1-5 คน) • PSU Student and Staff: 0 บาท • PSU Alumni and General Student: 190 บาท • General Adult: 525 บาท แหล่งข้อมูล: https://esports.computing.psu.ac.th/wp-content/uploads/2026/01/PSU-Esports-Studio-phuket-SERVICE-FEE-2026.png,pipeline:deterministic_calculator_fast,service_fee/service_fee_query,100.0,True,0.2718,0,,,
MB-1168-SF-199,service_fee,psu_fact,PSU Staff เล่น VR 30 นาที 1 ชั่วโมง เสียกี่บาท,"ราคา VR สำหรับกลุ่ม PSU Student and Staff • VR 30 นาที: 0 บาท • VR 1 ชั่วโมง: 0 บาท กลุ่มผู้ใช้ที่ตรวจเจอ: PSU Student and Staff หมายเหตุ: คำถามยังไม่ระบุระยะเวลา จึงแสดงทั้งราคา 30 นาทีและ 1 ชั่วโมง รายละเอียดจากตาราง: VR 30 นาที (1-5 คน) • PSU Student and Staff: 0 บาท • PSU Alumni and General Student: 190 บาท • General Adult: 525 บาท VR 1 ชั่วโมง (60 นาที, 1-5 คน) • PSU Student and Staff: 0 บาท • PSU Alumni and General Student: 375 บาท • General Adult: 1,050 บาท แหล่งข้อมูล: https://esports.computing.psu.ac.th/wp-content/uploads/2026/01/PSU-Esports-Studio-phuket-SERVICE-FEE-2026.png",pipeline:deterministic_calculator_fast,service_fee/service_fee_query,100.0,True,0.3294,0,,,
MB-1169-SF-200,service_fee,psu_fact,PSU Staff เล่น VR 30 นาที 2 ชั่วโมง เสียกี่บาท,ระยะเวลาที่ถามคือ 2 ชั่วโมง ใช้ 4 session ตามแพ็กเกจ VR 30 นาที คำตอบราคา: 0 บาท สำหรับกลุ่ม PSU Student and Staff • คำนวณจาก 0 บาท/session x 4 session = 0 บาท กลุ่มผู้ใช้ที่ตรวจเจอ: PSU Student and Staff รายละเอียดจากตาราง: VR 30 นาที (1-5 คน) • PSU Student and Staff: 0 บาท • PSU Alumni and General Student: 190 บาท • General Adult: 525 บาท แหล่งข้อมูล: https://esports.computing.psu.ac.th/wp-content/uploads/2026/01/PSU-Esports-Studio-phuket-SERVICE-FEE-2026.png,pipeline:deterministic_calculator_fast,service_fee/service_fee_query,100.0,True,0.3171,0,,,
MB-1170-SF-201,service_fee,psu_fact,PSU Staff เล่น VR 30 นาที 3 ชั่วโมง เสียกี่บาท,ระยะเวลาที่ถามคือ 3 ชั่วโมง ใช้ 6 session ตามแพ็กเกจ VR 30 นาที คำตอบราคา: 0 บาท สำหรับกลุ่ม PSU Student and Staff • คำนวณจาก 0 บาท/session x 6 session = 0 บาท กลุ่มผู้ใช้ที่ตรวจเจอ: PSU Student and Staff รายละเอียดจากตาราง: VR 30 นาที (1-5 คน) • PSU Student and Staff: 0 บาท • PSU Alumni and General Student: 190 บาท • General Adult: 525 บาท แหล่งข้อมูล: https://esports.computing.psu.ac.th/wp-content/uploads/2026/01/PSU-Esports-Studio-phuket-SERVICE-FEE-2026.png,pipeline:deterministic_calculator_fast,service_fee/service_fee_query,100.0,True,0.3688,0,,,
MB-1171-SF-202,service_fee,psu_fact,Alumni เล่น VR 30 นาที 30 นาที เสียกี่บาท,ระยะเวลาที่ถามคือ 30 นาที ใช้ 1 session ตามแพ็กเกจ VR 30 นาที ยังไม่ทราบกลุ่มผู้ใช้ จึงแสดงราคาทุกกลุ่มให้เทียบก่อน: • PSU Student and Staff: 0 บาท/session x 1 = 0 บาท • PSU Alumni and General Student / นักศึกษาหรือนักเรียนต่างสถาบัน: 190 บาท/session x 1 = 190 บาท • General Adult / บุคคลทั่วไป: 525 บาท/session x 1 = 525 บาท รายละเอียดจากตาราง: VR 30 นาที (1-5 คน) • PSU Student and Staff: 0 บาท • PSU Alumni and General Student: 190 บาท • General Adult: 525 บาท แหล่งข้อมูล: https://esports.computing.psu.ac.th/wp-content/uploads/2026/01/PSU-Esports-Studio-phuket-SERVICE-FEE-2026.png,pipeline:deterministic_calculator_fast,service_fee/service_fee_query,100.0,True,0.2984,0,,,
MB-1172-SF-203,service_fee,psu_fact,Alumni เล่น VR 30 นาที 1 ชั่วโมง เสียกี่บาท,"VR 30 นาที (1-5 คน) • PSU Student and Staff: 0 บาท • PSU Alumni and General Student: 190 บาท • General Adult: 525 บาท VR 1 ชั่วโมง (60 นาที, 1-5 คน) • PSU Student and Staff: 0 บาท • PSU Alumni and General Student: 375 บาท • General Adult: 1,050 บาท แหล่งข้อมูล: https://esports.computing.psu.ac.th/wp-content/uploads/2026/01/PSU-Esports-Studio-phuket-SERVICE-FEE-2026.png",pipeline:deterministic_calculator_fast,service_fee/service_fee_query,100.0,True,0.3439,0,,,
MB-1173-SF-204,service_fee,psu_fact,Alumni เล่น VR 30 นาที 2 ชั่วโมง เสียกี่บาท,ระยะเวลาที่ถามคือ 2 ชั่วโมง ใช้ 4 session ตามแพ็กเกจ VR 30 นาที ยังไม่ทราบกลุ่มผู้ใช้ จึงแสดงราคาทุกกลุ่มให้เทียบก่อน: • PSU Student and Staff: 0 บาท/session x 4 = 0 บาท • PSU Alumni and General Student / นักศึกษาหรือนักเรียนต่างสถาบัน: 190 บาท/session x 4 = 760 บาท • General Adult / บุคคลทั่วไป: 525 บาท/session x 4 = 2100 บาท รายละเอียดจากตาราง: VR 30 นาที (1-5 คน) • PSU Student and Staff: 0 บาท • PSU Alumni and General Student: 190 บาท • General Adult: 525 บาท แหล่งข้อมูล: https://esports.computing.psu.ac.th/wp-content/uploads/2026/01/PSU-Esports-Studio-phuket-SERVICE-FEE-2026.png,pipeline:deterministic_calculator_fast,service_fee/service_fee_query,100.0,True,0.3087,0,,,
MB-1174-SF-205,service_fee,psu_fact,Alumni เล่น VR 30 นาที 3 ชั่วโมง เสียกี่บาท,ระยะเวลาที่ถามคือ 3 ชั่วโมง ใช้ 6 session ตามแพ็กเกจ VR 30 นาที ยังไม่ทราบกลุ่มผู้ใช้ จึงแสดงราคาทุกกลุ่มให้เทียบก่อน: • PSU Student and Staff: 0 บาท/session x 6 = 0 บาท • PSU Alumni and General Student / นักศึกษาหรือนักเรียนต่างสถาบัน: 190 บาท/session x 6 = 1140 บาท • General Adult / บุคคลทั่วไป: 525 บาท/session x 6 = 3150 บาท รายละเอียดจากตาราง: VR 30 นาที (1-5 คน) • PSU Student and Staff: 0 บาท • PSU Alumni and General Student: 190 บาท • General Adult: 525 บาท แหล่งข้อมูล: https://esports.computing.psu.ac.th/wp-content/uploads/2026/01/PSU-Esports-Studio-phuket-SERVICE-FEE-2026.png,pipeline:deterministic_calculator_fast,service_fee/service_fee_query,100.0,True,0.2972,0,,,
MB-1175-SF-206,service_fee,psu_fact,General Student เล่น VR 30 นาที 30 นาที เสียกี่บาท,ระยะเวลาที่ถามคือ 30 นาที ใช้ 1 session ตามแพ็กเกจ VR 30 นาที คำตอบราคา: 190 บาท สำหรับกลุ่ม PSU Alumni and General Student / นักศึกษาหรือนักเรียนต่างสถาบัน • คำนวณจาก 190 บาท/session x 1 session = 190 บาท กลุ่มผู้ใช้ที่ตรวจเจอ: PSU Alumni and General Student / นักศึกษาหรือนักเรียนต่างสถาบัน / มหาลัยอื่น รายละเอียดจากตาราง: VR 30 นาที (1-5 คน) • PSU Student and Staff: 0 บาท • PSU Alumni and General Student: 190 บาท • General Adult: 525 บาท แหล่งข้อมูล: https://esports.computing.psu.ac.th/wp-content/uploads/2026/01/PSU-Esports-Studio-phuket-SERVICE-FEE-2026.png,pipeline:deterministic_calculator_fast,service_fee/service_fee_query,100.0,True,0.3566,0,,,
MB-1176-SF-207,service_fee,psu_fact,General Student เล่น VR 30 นาที 1 ชั่วโมง เสียกี่บาท,"ราคา VR สำหรับกลุ่ม PSU Alumni and General Student / นักศึกษาหรือนักเรียนต่างสถาบัน • VR 30 นาที: 190 บาท • VR 1 ชั่วโมง: 375 บาท กลุ่มผู้ใช้ที่ตรวจเจอ: PSU Alumni and General Student / นักศึกษาหรือนักเรียนต่างสถาบัน / มหาลัยอื่น หมายเหตุ: คำถามยังไม่ระบุระยะเวลา จึงแสดงทั้งราคา 30 นาทีและ 1 ชั่วโมง รายละเอียดจากตาราง: VR 30 นาที (1-5 คน) • PSU Student and Staff: 0 บาท • PSU Alumni and General Student: 190 บาท • General Adult: 525 บาท VR 1 ชั่วโมง (60 นาที, 1-5 คน) • PSU Student and Staff: 0 บาท • PSU Alumni and General Student: 375 บาท • General Adult: 1,050 บาท แหล่งข้อมูล: https://esports.computing.psu.ac.th/wp-content/uploads/2026/01/PSU-Esports-Studio-phuket-SERVICE-FEE-2026.png",pipeline:deterministic_calculator_fast,service_fee/service_fee_query,100.0,True,0.3859,0,,,
MB-1177-SF-208,service_fee,psu_fact,General Student เล่น VR 30 นาที 2 ชั่วโมง เสียกี่บาท,ระยะเวลาที่ถามคือ 2 ชั่วโมง ใช้ 4 session ตามแพ็กเกจ VR 30 นาที คำตอบราคา: 760 บาท สำหรับกลุ่ม PSU Alumni and General Student / นักศึกษาหรือนักเรียนต่างสถาบัน • คำนวณจาก 190 บาท/session x 4 session = 760 บาท กลุ่มผู้ใช้ที่ตรวจเจอ: PSU Alumni and General Student / นักศึกษาหรือนักเรียนต่างสถาบัน / มหาลัยอื่น รายละเอียดจากตาราง: VR 30 นาที (1-5 คน) • PSU Student and Staff: 0 บาท • PSU Alumni and General Student: 190 บาท • General Adult: 525 บาท แหล่งข้อมูล: https://esports.computing.psu.ac.th/wp-content/uploads/2026/01/PSU-Esports-Studio-phuket-SERVICE-FEE-2026.png,pipeline:deterministic_calculator_fast,service_fee/service_fee_query,100.0,True,0.3227,0,,,
MB-1178-SF-209,service_fee,psu_fact,General Student เล่น VR 30 นาที 3 ชั่วโมง เสียกี่บาท,ระยะเวลาที่ถามคือ 3 ชั่วโมง ใช้ 6 session ตามแพ็กเกจ VR 30 นาที คำตอบราคา: 1140 บาท สำหรับกลุ่ม PSU Alumni and General Student / นักศึกษาหรือนักเรียนต่างสถาบัน • คำนวณจาก 190 บาท/session x 6 session = 1140 บาท กลุ่มผู้ใช้ที่ตรวจเจอ: PSU Alumni and General Student / นักศึกษาหรือนักเรียนต่างสถาบัน / มหาลัยอื่น รายละเอียดจากตาราง: VR 30 นาที (1-5 คน) • PSU Student and Staff: 0 บาท • PSU Alumni and General Student: 190 บาท • General Adult: 525 บาท แหล่งข้อมูล: https://esports.computing.psu.ac.th/wp-content/uploads/2026/01/PSU-Esports-Studio-phuket-SERVICE-FEE-2026.png,pipeline:deterministic_calculator_fast,service_fee/service_fee_query,100.0,True,0.3467,0,,,
MB-1179-SF-210,service_fee,psu_fact,General Adult เล่น VR 30 นาที 30 นาที เสียกี่บาท,ระยะเวลาที่ถามคือ 30 นาที ใช้ 1 session ตามแพ็กเกจ VR 30 นาที ยังไม่ทราบกลุ่มผู้ใช้ จึงแสดงราคาทุกกลุ่มให้เทียบก่อน: • PSU Student and Staff: 0 บาท/session x 1 = 0 บาท • PSU Alumni and General Student / นักศึกษาหรือนักเรียนต่างสถาบัน: 190 บาท/session x 1 = 190 บาท • General Adult / บุคคลทั่วไป: 525 บาท/session x 1 = 525 บาท รายละเอียดจากตาราง: VR 30 นาที (1-5 คน) • PSU Student and Staff: 0 บาท • PSU Alumni and General Student: 190 บาท • General Adult: 525 บาท แหล่งข้อมูล: https://esports.computing.psu.ac.th/wp-content/uploads/2026/01/PSU-Esports-Studio-phuket-SERVICE-FEE-2026.png,pipeline:deterministic_calculator_fast,service_fee/service_fee_query,100.0,True,0.3205,0,,,
MB-1180-SF-211,service_fee,psu_fact,General Adult เล่น VR 30 นาที 1 ชั่วโมง เสียกี่บาท,"VR 30 นาที (1-5 คน) • PSU Student and Staff: 0 บาท • PSU Alumni and General Student: 190 บาท • General Adult: 525 บาท VR 1 ชั่วโมง (60 นาที, 1-5 คน) • PSU Student and Staff: 0 บาท • PSU Alumni and General Student: 375 บาท • General Adult: 1,050 บาท แหล่งข้อมูล: https://esports.computing.psu.ac.th/wp-content/uploads/2026/01/PSU-Esports-Studio-phuket-SERVICE-FEE-2026.png",pipeline:deterministic_calculator_fast,service_fee/service_fee_query,100.0,True,0.3446,0,,,
MB-1181-SF-212,service_fee,psu_fact,General Adult เล่น VR 30 นาที 2 ชั่วโมง เสียกี่บาท,ระยะเวลาที่ถามคือ 2 ชั่วโมง ใช้ 4 session ตามแพ็กเกจ VR 30 นาที ยังไม่ทราบกลุ่มผู้ใช้ จึงแสดงราคาทุกกลุ่มให้เทียบก่อน: • PSU Student and Staff: 0 บาท/session x 4 = 0 บาท • PSU Alumni and General Student / นักศึกษาหรือนักเรียนต่างสถาบัน: 190 บาท/session x 4 = 760 บาท • General Adult / บุคคลทั่วไป: 525 บาท/session x 4 = 2100 บาท รายละเอียดจากตาราง: VR 30 นาที (1-5 คน) • PSU Student and Staff: 0 บาท • PSU Alumni and General Student: 190 บาท • General Adult: 525 บาท แหล่งข้อมูล: https://esports.computing.psu.ac.th/wp-content/uploads/2026/01/PSU-Esports-Studio-phuket-SERVICE-FEE-2026.png,pipeline:deterministic_calculator_fast,service_fee/service_fee_query,100.0,True,0.3384,0,,,
MB-1182-SF-213,service_fee,psu_fact,General Adult เล่น VR 30 นาที 3 ชั่วโมง เสียกี่บาท,ระยะเวลาที่ถามคือ 3 ชั่วโมง ใช้ 6 session ตามแพ็กเกจ VR 30 นาที ยังไม่ทราบกลุ่มผู้ใช้ จึงแสดงราคาทุกกลุ่มให้เทียบก่อน: • PSU Student and Staff: 0 บาท/session x 6 = 0 บาท • PSU Alumni and General Student / นักศึกษาหรือนักเรียนต่างสถาบัน: 190 บาท/session x 6 = 1140 บาท • General Adult / บุคคลทั่วไป: 525 บาท/session x 6 = 3150 บาท รายละเอียดจากตาราง: VR 30 นาที (1-5 คน) • PSU Student and Staff: 0 บาท • PSU Alumni and General Student: 190 บาท • General Adult: 525 บาท แหล่งข้อมูล: https://esports.computing.psu.ac.th/wp-content/uploads/2026/01/PSU-Esports-Studio-phuket-SERVICE-FEE-2026.png,pipeline:deterministic_calculator_fast,service_fee/service_fee_query,100.0,True,0.3659,0,,,
MB-1183-SF-214,service_fee,psu_fact,คนทั่วไป เล่น VR 30 นาที 30 นาที เสียกี่บาท,ระยะเวลาที่ถามคือ 30 นาที ใช้ 1 session ตามแพ็กเกจ VR 30 นาที คำตอบราคา: 525 บาท สำหรับกลุ่ม General Adult / บุคคลทั่วไป • คำนวณจาก 525 บาท/session x 1 session = 525 บาท กลุ่มผู้ใช้ที่ตรวจเจอ: General Adult / บุคคลทั่วไป รายละเอียดจากตาราง: VR 30 นาที (1-5 คน) • PSU Student and Staff: 0 บาท • PSU Alumni and General Student: 190 บาท • General Adult: 525 บาท แหล่งข้อมูล: https://esports.computing.psu.ac.th/wp-content/uploads/2026/01/PSU-Esports-Studio-phuket-SERVICE-FEE-2026.png,pipeline:deterministic_calculator_fast,service_fee/service_fee_query,100.0,True,0.2732,0,,,
MB-1184-SF-215,service_fee,psu_fact,คนทั่วไป เล่น VR 30 นาที 1 ชั่วโมง เสียกี่บาท,"ราคา VR สำหรับกลุ่ม General Adult / บุคคลทั่วไป • VR 30 นาที: 525 บาท • VR 1 ชั่วโมง: 1,050 บาท กลุ่มผู้ใช้ที่ตรวจเจอ: General Adult / บุคคลทั่วไป หมายเหตุ: คำถามยังไม่ระบุระยะเวลา จึงแสดงทั้งราคา 30 นาทีและ 1 ชั่วโมง รายละเอียดจากตาราง: VR 30 นาที (1-5 คน) • PSU Student and Staff: 0 บาท • PSU Alumni and General Student: 190 บาท • General Adult: 525 บาท VR 1 ชั่วโมง (60 นาที, 1-5 คน) • PSU Student and Staff: 0 บาท • PSU Alumni and General Student: 375 บาท • General Adult: 1,050 บาท แหล่งข้อมูล: https://esports.computing.psu.ac.th/wp-content/uploads/2026/01/PSU-Esports-Studio-phuket-SERVICE-FEE-2026.png",pipeline:deterministic_calculator_fast,service_fee/service_fee_query,100.0,True,0.3053,0,,,
MB-1185-SF-216,service_fee,psu_fact,คนทั่วไป เล่น VR 30 นาที 2 ชั่วโมง เสียกี่บาท,ระยะเวลาที่ถามคือ 2 ชั่วโมง ใช้ 4 session ตามแพ็กเกจ VR 30 นาที คำตอบราคา: 2100 บาท สำหรับกลุ่ม General Adult / บุคคลทั่วไป • คำนวณจาก 525 บาท/session x 4 session = 2100 บาท กลุ่มผู้ใช้ที่ตรวจเจอ: General Adult / บุคคลทั่วไป รายละเอียดจากตาราง: VR 30 นาที (1-5 คน) • PSU Student and Staff: 0 บาท • PSU Alumni and General Student: 190 บาท • General Adult: 525 บาท แหล่งข้อมูล: https://esports.computing.psu.ac.th/wp-content/uploads/2026/01/PSU-Esports-Studio-phuket-SERVICE-FEE-2026.png,pipeline:deterministic_calculator_fast,service_fee/service_fee_query,100.0,True,0.3492,0,,,
MB-1186-SF-217,service_fee,psu_fact,คนทั่วไป เล่น VR 30 นาที 3 ชั่วโมง เสียกี่บาท,ระยะเวลาที่ถามคือ 3 ชั่วโมง ใช้ 6 session ตามแพ็กเกจ VR 30 นาที คำตอบราคา: 3150 บาท สำหรับกลุ่ม General Adult / บุคคลทั่วไป • คำนวณจาก 525 บาท/session x 6 session = 3150 บาท กลุ่มผู้ใช้ที่ตรวจเจอ: General Adult / บุคคลทั่วไป รายละเอียดจากตาราง: VR 30 นาที (1-5 คน) • PSU Student and Staff: 0 บาท • PSU Alumni and General Student: 190 บาท • General Adult: 525 บาท แหล่งข้อมูล: https://esports.computing.psu.ac.th/wp-content/uploads/2026/01/PSU-Esports-Studio-phuket-SERVICE-FEE-2026.png,pipeline:deterministic_calculator_fast,service_fee/service_fee_query,100.0,True,0.3369,0,,,
MB-1187-SF-218,service_fee,psu_fact,นักศึกษา PSU เล่น VR 30 นาที 30 นาที เสียกี่บาท,ระยะเวลาที่ถามคือ 30 นาที ใช้ 1 session ตามแพ็กเกจ VR 30 นาที คำตอบราคา: 0 บาท สำหรับกลุ่ม PSU Student and Staff • คำนวณจาก 0 บาท/session x 1 session = 0 บาท กลุ่มผู้ใช้ที่ตรวจเจอ: PSU Student and Staff รายละเอียดจากตาราง: VR 30 นาที (1-5 คน) • PSU Student and Staff: 0 บาท • PSU Alumni and General Student: 190 บาท • General Adult: 525 บาท แหล่งข้อมูล: https://esports.computing.psu.ac.th/wp-content/uploads/2026/01/PSU-Esports-Studio-phuket-SERVICE-FEE-2026.png,pipeline:deterministic_calculator_fast,service_fee/service_fee_query,100.0,True,0.2928,0,,,
MB-1188-SF-219,service_fee,psu_fact,นักศึกษา PSU เล่น VR 30 นาที 1 ชั่วโมง เสียกี่บาท,"ราคา VR สำหรับกลุ่ม PSU Student and Staff • VR 30 นาที: 0 บาท • VR 1 ชั่วโมง: 0 บาท กลุ่มผู้ใช้ที่ตรวจเจอ: PSU Student and Staff หมายเหตุ: คำถามยังไม่ระบุระยะเวลา จึงแสดงทั้งราคา 30 นาทีและ 1 ชั่วโมง รายละเอียดจากตาราง: VR 30 นาที (1-5 คน) • PSU Student and Staff: 0 บาท • PSU Alumni and General Student: 190 บาท • General Adult: 525 บาท VR 1 ชั่วโมง (60 นาที, 1-5 คน) • PSU Student and Staff: 0 บาท • PSU Alumni and General Student: 375 บาท • General Adult: 1,050 บาท แหล่งข้อมูล: https://esports.computing.psu.ac.th/wp-content/uploads/2026/01/PSU-Esports-Studio-phuket-SERVICE-FEE-2026.png",pipeline:deterministic_calculator_fast,service_fee/service_fee_query,100.0,True,0.3381,0,,,
MB-1189-SF-220,service_fee,psu_fact,นักศึกษา PSU เล่น VR 30 นาที 2 ชั่วโมง เสียกี่บาท,ระยะเวลาที่ถามคือ 2 ชั่วโมง ใช้ 4 session ตามแพ็กเกจ VR 30 นาที คำตอบราคา: 0 บาท สำหรับกลุ่ม PSU Student and Staff • คำนวณจาก 0 บาท/session x 4 session = 0 บาท กลุ่มผู้ใช้ที่ตรวจเจอ: PSU Student and Staff รายละเอียดจากตาราง: VR 30 นาที (1-5 คน) • PSU Student and Staff: 0 บาท • PSU Alumni and General Student: 190 บาท • General Adult: 525 บาท แหล่งข้อมูล: https://esports.computing.psu.ac.th/wp-content/uploads/2026/01/PSU-Esports-Studio-phuket-SERVICE-FEE-2026.png,pipeline:deterministic_calculator_fast,service_fee/service_fee_query,100.0,True,0.3313,0,,,
MB-1190-SF-221,service_fee,psu_fact,นักศึกษา PSU เล่น VR 30 นาที 3 ชั่วโมง เสียกี่บาท,ระยะเวลาที่ถามคือ 3 ชั่วโมง ใช้ 6 session ตามแพ็กเกจ VR 30 นาที คำตอบราคา: 0 บาท สำหรับกลุ่ม PSU Student and Staff • คำนวณจาก 0 บาท/session x 6 session = 0 บาท กลุ่มผู้ใช้ที่ตรวจเจอ: PSU Student and Staff รายละเอียดจากตาราง: VR 30 นาที (1-5 คน) • PSU Student and Staff: 0 บาท • PSU Alumni and General Student: 190 บาท • General Adult: 525 บาท แหล่งข้อมูล: https://esports.computing.psu.ac.th/wp-content/uploads/2026/01/PSU-Esports-Studio-phuket-SERVICE-FEE-2026.png,pipeline:deterministic_calculator_fast,service_fee/service_fee_query,100.0,True,0.3118,0,,,
MB-1191-SF-222,service_fee,psu_fact,นักศึกษาต่างมหาลัย เล่น VR 30 นาที 30 นาที เสียกี่บาท,ระยะเวลาที่ถามคือ 30 นาที ใช้ 1 session ตามแพ็กเกจ VR 30 นาที คำตอบราคา: 190 บาท สำหรับกลุ่ม PSU Alumni and General Student / นักศึกษาหรือนักเรียนต่างสถาบัน • คำนวณจาก 190 บาท/session x 1 session = 190 บาท กลุ่มผู้ใช้ที่ตรวจเจอ: PSU Alumni and General Student / นักศึกษาหรือนักเรียนต่างสถาบัน / มหาลัยอื่น รายละเอียดจากตาราง: VR 30 นาที (1-5 คน) • PSU Student and Staff: 0 บาท • PSU Alumni and General Student: 190 บาท • General Adult: 525 บาท แหล่งข้อมูล: https://esports.computing.psu.ac.th/wp-content/uploads/2026/01/PSU-Esports-Studio-phuket-SERVICE-FEE-2026.png,pipeline:deterministic_calculator_fast,service_fee/service_fee_query,100.0,True,0.3043,0,,,
MB-1192-SF-223,service_fee,psu_fact,นักศึกษาต่างมหาลัย เล่น VR 30 นาที 1 ชั่วโมง เสียกี่บาท,"ราคา VR สำหรับกลุ่ม PSU Alumni and General Student / นักศึกษาหรือนักเรียนต่างสถาบัน • VR 30 นาที: 190 บาท • VR 1 ชั่วโมง: 375 บาท กลุ่มผู้ใช้ที่ตรวจเจอ: PSU Alumni and General Student / นักศึกษาหรือนักเรียนต่างสถาบัน / มหาลัยอื่น หมายเหตุ: คำถามยังไม่ระบุระยะเวลา จึงแสดงทั้งราคา 30 นาทีและ 1 ชั่วโมง รายละเอียดจากตาราง: VR 30 นาที (1-5 คน) • PSU Student and Staff: 0 บาท • PSU Alumni and General Student: 190 บาท • General Adult: 525 บาท VR 1 ชั่วโมง (60 นาที, 1-5 คน) • PSU Student and Staff: 0 บาท • PSU Alumni and General Student: 375 บาท • General Adult: 1,050 บาท แหล่งข้อมูล: https://esports.computing.psu.ac.th/wp-content/uploads/2026/01/PSU-Esports-Studio-phuket-SERVICE-FEE-2026.png",pipeline:deterministic_calculator_fast,service_fee/service_fee_query,100.0,True,0.3087,0,,,
MB-1193-SF-224,service_fee,psu_fact,นักศึกษาต่างมหาลัย เล่น VR 30 นาที 2 ชั่วโมง เสียกี่บาท,ระยะเวลาที่ถามคือ 2 ชั่วโมง ใช้ 4 session ตามแพ็กเกจ VR 30 นาที คำตอบราคา: 760 บาท สำหรับกลุ่ม PSU Alumni and General Student / นักศึกษาหรือนักเรียนต่างสถาบัน • คำนวณจาก 190 บาท/session x 4 session = 760 บาท กลุ่มผู้ใช้ที่ตรวจเจอ: PSU Alumni and General Student / นักศึกษาหรือนักเรียนต่างสถาบัน / มหาลัยอื่น รายละเอียดจากตาราง: VR 30 นาที (1-5 คน) • PSU Student and Staff: 0 บาท • PSU Alumni and General Student: 190 บาท • General Adult: 525 บาท แหล่งข้อมูล: https://esports.computing.psu.ac.th/wp-content/uploads/2026/01/PSU-Esports-Studio-phuket-SERVICE-FEE-2026.png,pipeline:deterministic_calculator_fast,service_fee/service_fee_query,100.0,True,0.3339,0,,,
MB-1194-SF-225,service_fee,psu_fact,นักศึกษาต่างมหาลัย เล่น VR 30 นาที 3 ชั่วโมง เสียกี่บาท,ระยะเวลาที่ถามคือ 3 ชั่วโมง ใช้ 6 session ตามแพ็กเกจ VR 30 นาที คำตอบราคา: 1140 บาท สำหรับกลุ่ม PSU Alumni and General Student / นักศึกษาหรือนักเรียนต่างสถาบัน • คำนวณจาก 190 บาท/session x 6 session = 1140 บาท กลุ่มผู้ใช้ที่ตรวจเจอ: PSU Alumni and General Student / นักศึกษาหรือนักเรียนต่างสถาบัน / มหาลัยอื่น รายละเอียดจากตาราง: VR 30 นาที (1-5 คน) • PSU Student and Staff: 0 บาท • PSU Alumni and General Student: 190 บาท • General Adult: 525 บาท แหล่งข้อมูล: https://esports.computing.psu.ac.th/wp-content/uploads/2026/01/PSU-Esports-Studio-phuket-SERVICE-FEE-2026.png,pipeline:deterministic_calculator_fast,service_fee/service_fee_query,100.0,True,0.3308,0,,,
MB-1195-SF-226,service_fee,psu_fact,VR 1 ชั่วโมง ราคาเท่าไหร่,"ระยะเวลาที่ถามคือ 1 ชั่วโมง ใช้ 1 session ตามแพ็กเกจ VR 1 ชั่วโมง ยังไม่ทราบกลุ่มผู้ใช้ จึงแสดงราคาทุกกลุ่มให้เทียบก่อน: • PSU Student and Staff: 0 บาท/session x 1 = 0 บาท • PSU Alumni and General Student / นักศึกษาหรือนักเรียนต่างสถาบัน: 375 บาท/session x 1 = 375 บาท • General Adult / บุคคลทั่วไป: 1050 บาท/session x 1 = 1050 บาท รายละเอียดจากตาราง: VR 1 ชั่วโมง (60 นาที, 1-5 คน) • PSU Student and Staff: 0 บาท • PSU Alumni and General Student: 375 บาท • General Adult: 1,050 บาท แหล่งข้อมูล: https://esports.computing.psu.ac.th/wp-content/uploads/2026/01/PSU-Esports-Studio-phuket-SERVICE-FEE-2026.png",pipeline:deterministic_calculator_fast,service_fee/service_fee_query,100.0,True,0.2176,0,,,
MB-1196-SF-227,service_fee,psu_fact,PSU Student เล่น VR 1 ชั่วโมง 30 นาที เสียกี่บาท,"ราคา VR สำหรับกลุ่ม PSU Student and Staff • VR 30 นาที: 0 บาท • VR 1 ชั่วโมง: 0 บาท กลุ่มผู้ใช้ที่ตรวจเจอ: PSU Student and Staff หมายเหตุ: คำถามยังไม่ระบุระยะเวลา จึงแสดงทั้งราคา 30 นาทีและ 1 ชั่วโมง รายละเอียดจากตาราง: VR 30 นาที (1-5 คน) • PSU Student and Staff: 0 บาท • PSU Alumni and General Student: 190 บาท • General Adult: 525 บาท VR 1 ชั่วโมง (60 นาที, 1-5 คน) • PSU Student and Staff: 0 บาท • PSU Alumni and General Student: 375 บาท • General Adult: 1,050 บาท แหล่งข้อมูล: https://esports.computing.psu.ac.th/wp-content/uploads/2026/01/PSU-Esports-Studio-phuket-SERVICE-FEE-2026.png",pipeline:deterministic_calculator_fast,service_fee/service_fee_query,100.0,True,0.3384,0,,,
MB-1197-SF-228,service_fee,psu_fact,PSU Student เล่น VR 1 ชั่วโมง 1 ชั่วโมง เสียกี่บาท,"ระยะเวลาที่ถามคือ 1 ชั่วโมง ใช้ 1 session ตามแพ็กเกจ VR 1 ชั่วโมง คำตอบราคา: 0 บาท สำหรับกลุ่ม PSU Student and Staff • คำนวณจาก 0 บาท/session x 1 session = 0 บาท กลุ่มผู้ใช้ที่ตรวจเจอ: PSU Student and Staff รายละเอียดจากตาราง: VR 1 ชั่วโมง (60 นาที, 1-5 คน) • PSU Student and Staff: 0 บาท • PSU Alumni and General Student: 375 บาท • General Adult: 1,050 บาท แหล่งข้อมูล: https://esports.computing.psu.ac.th/wp-content/uploads/2026/01/PSU-Esports-Studio-phuket-SERVICE-FEE-2026.png",pipeline:deterministic_calculator_fast,service_fee/service_fee_query,100.0,True,0.3504,0,,,
MB-1198-SF-229,service_fee,psu_fact,PSU Student เล่น VR 1 ชั่วโมง 2 ชั่วโมง เสียกี่บาท,"ระยะเวลาที่ถามคือ 1 ชั่วโมง ใช้ 1 session ตามแพ็กเกจ VR 1 ชั่วโมง คำตอบราคา: 0 บาท สำหรับกลุ่ม PSU Student and Staff • คำนวณจาก 0 บาท/session x 1 session = 0 บาท กลุ่มผู้ใช้ที่ตรวจเจอ: PSU Student and Staff รายละเอียดจากตาราง: VR 1 ชั่วโมง (60 นาที, 1-5 คน) • PSU Student and Staff: 0 บาท • PSU Alumni and General Student: 375 บาท • General Adult: 1,050 บาท แหล่งข้อมูล: https://esports.computing.psu.ac.th/wp-content/uploads/2026/01/PSU-Esports-Studio-phuket-SERVICE-FEE-2026.png",pipeline:deterministic_calculator_fast,service_fee/service_fee_query,100.0,True,0.321,0,,,
MB-1199-SF-230,service_fee,psu_fact,PSU Student เล่น VR 1 ชั่วโมง 3 ชั่วโมง เสียกี่บาท,"ระยะเวลาที่ถามคือ 1 ชั่วโมง ใช้ 1 session ตามแพ็กเกจ VR 1 ชั่วโมง คำตอบราคา: 0 บาท สำหรับกลุ่ม PSU Student and Staff • คำนวณจาก 0 บาท/session x 1 session = 0 บาท กลุ่มผู้ใช้ที่ตรวจเจอ: PSU Student and Staff รายละเอียดจากตาราง: VR 1 ชั่วโมง (60 นาที, 1-5 คน) • PSU Student and Staff: 0 บาท • PSU Alumni and General Student: 375 บาท • General Adult: 1,050 บาท แหล่งข้อมูล: https://esports.computing.psu.ac.th/wp-content/uploads/2026/01/PSU-Esports-Studio-phuket-SERVICE-FEE-2026.png",pipeline:deterministic_calculator_fast,service_fee/service_fee_query,100.0,True,0.3555,0,,,
MB-1200-SF-231,service_fee,psu_fact,PSU Staff เล่น VR 1 ชั่วโมง 30 นาที เสียกี่บาท,"ราคา VR สำหรับกลุ่ม PSU Student and Staff • VR 30 นาที: 0 บาท • VR 1 ชั่วโมง: 0 บาท กลุ่มผู้ใช้ที่ตรวจเจอ: PSU Student and Staff หมายเหตุ: คำถามยังไม่ระบุระยะเวลา จึงแสดงทั้งราคา 30 นาทีและ 1 ชั่วโมง รายละเอียดจากตาราง: VR 30 นาที (1-5 คน) • PSU Student and Staff: 0 บาท • PSU Alumni and General Student: 190 บาท • General Adult: 525 บาท VR 1 ชั่วโมง (60 นาที, 1-5 คน) • PSU Student and Staff: 0 บาท • PSU Alumni and General Student: 375 บาท • General Adult: 1,050 บาท แหล่งข้อมูล: https://esports.computing.psu.ac.th/wp-content/uploads/2026/01/PSU-Esports-Studio-phuket-SERVICE-FEE-2026.png",pipeline:deterministic_calculator_fast,service_fee/service_fee_query,100.0,True,0.3535,0,,,
MB-1201-SF-232,service_fee,psu_fact,PSU Staff เล่น VR 1 ชั่วโมง 1 ชั่วโมง เสียกี่บาท,"ระยะเวลาที่ถามคือ 1 ชั่วโมง ใช้ 1 session ตามแพ็กเกจ VR 1 ชั่วโมง คำตอบราคา: 0 บาท สำหรับกลุ่ม PSU Student and Staff • คำนวณจาก 0 บาท/session x 1 session = 0 บาท กลุ่มผู้ใช้ที่ตรวจเจอ: PSU Student and Staff รายละเอียดจากตาราง: VR 1 ชั่วโมง (60 นาที, 1-5 คน) • PSU Student and Staff: 0 บาท • PSU Alumni and General Student: 375 บาท • General Adult: 1,050 บาท แหล่งข้อมูล: https://esports.computing.psu.ac.th/wp-content/uploads/2026/01/PSU-Esports-Studio-phuket-SERVICE-FEE-2026.png",pipeline:deterministic_calculator_fast,service_fee/service_fee_query,100.0,True,0.3446,0,,,
MB-1202-SF-233,service_fee,psu_fact,PSU Staff เล่น VR 1 ชั่วโมง 2 ชั่วโมง เสียกี่บาท,"ระยะเวลาที่ถามคือ 1 ชั่วโมง ใช้ 1 session ตามแพ็กเกจ VR 1 ชั่วโมง คำตอบราคา: 0 บาท สำหรับกลุ่ม PSU Student and Staff • คำนวณจาก 0 บาท/session x 1 session = 0 บาท กลุ่มผู้ใช้ที่ตรวจเจอ: PSU Student and Staff รายละเอียดจากตาราง: VR 1 ชั่วโมง (60 นาที, 1-5 คน) • PSU Student and Staff: 0 บาท • PSU Alumni and General Student: 375 บาท • General Adult: 1,050 บาท แหล่งข้อมูล: https://esports.computing.psu.ac.th/wp-content/uploads/2026/01/PSU-Esports-Studio-phuket-SERVICE-FEE-2026.png",pipeline:deterministic_calculator_fast,service_fee/service_fee_query,100.0,True,0.3449,0,,,
MB-1203-SF-234,service_fee,psu_fact,PSU Staff เล่น VR 1 ชั่วโมง 3 ชั่วโมง เสียกี่บาท,"ระยะเวลาที่ถามคือ 1 ชั่วโมง ใช้ 1 session ตามแพ็กเกจ VR 1 ชั่วโมง คำตอบราคา: 0 บาท สำหรับกลุ่ม PSU Student and Staff • คำนวณจาก 0 บาท/session x 1 session = 0 บาท กลุ่มผู้ใช้ที่ตรวจเจอ: PSU Student and Staff รายละเอียดจากตาราง: VR 1 ชั่วโมง (60 นาที, 1-5 คน) • PSU Student and Staff: 0 บาท • PSU Alumni and General Student: 375 บาท • General Adult: 1,050 บาท แหล่งข้อมูล: https://esports.computing.psu.ac.th/wp-content/uploads/2026/01/PSU-Esports-Studio-phuket-SERVICE-FEE-2026.png",pipeline:deterministic_calculator_fast,service_fee/service_fee_query,100.0,True,0.3365,0,,,
MB-1204-SF-235,service_fee,psu_fact,Alumni เล่น VR 1 ชั่วโมง 30 นาที เสียกี่บาท,"VR 30 นาที (1-5 คน) • PSU Student and Staff: 0 บาท • PSU Alumni and General Student: 190 บาท • General Adult: 525 บาท VR 1 ชั่วโมง (60 นาที, 1-5 คน) • PSU Student and Staff: 0 บาท • PSU Alumni and General Student: 375 บาท • General Adult: 1,050 บาท แหล่งข้อมูล: https://esports.computing.psu.ac.th/wp-content/uploads/2026/01/PSU-Esports-Studio-phuket-SERVICE-FEE-2026.png",pipeline:deterministic_calculator_fast,service_fee/service_fee_query,100.0,True,0.3204,0,,,
MB-1205-SF-236,service_fee,psu_fact,Alumni เล่น VR 1 ชั่วโมง 1 ชั่วโมง เสียกี่บาท,"ระยะเวลาที่ถามคือ 1 ชั่วโมง ใช้ 1 session ตามแพ็กเกจ VR 1 ชั่วโมง ยังไม่ทราบกลุ่มผู้ใช้ จึงแสดงราคาทุกกลุ่มให้เทียบก่อน: • PSU Student and Staff: 0 บาท/session x 1 = 0 บาท • PSU Alumni and General Student / นักศึกษาหรือนักเรียนต่างสถาบัน: 375 บาท/session x 1 = 375 บาท • General Adult / บุคคลทั่วไป: 1050 บาท/session x 1 = 1050 บาท รายละเอียดจากตาราง: VR 1 ชั่วโมง (60 นาที, 1-5 คน) • PSU Student and Staff: 0 บาท • PSU Alumni and General Student: 375 บาท • General Adult: 1,050 บาท แหล่งข้อมูล: https://esports.computing.psu.ac.th/wp-content/uploads/2026/01/PSU-Esports-Studio-phuket-SERVICE-FEE-2026.png",pipeline:deterministic_calculator_fast,service_fee/service_fee_query,100.0,True,0.3092,0,,,
MB-1206-SF-237,service_fee,psu_fact,Alumni เล่น VR 1 ชั่วโมง 2 ชั่วโมง เสียกี่บาท,"ระยะเวลาที่ถามคือ 1 ชั่วโมง ใช้ 1 session ตามแพ็กเกจ VR 1 ชั่วโมง ยังไม่ทราบกลุ่มผู้ใช้ จึงแสดงราคาทุกกลุ่มให้เทียบก่อน: • PSU Student and Staff: 0 บาท/session x 1 = 0 บาท • PSU Alumni and General Student / นักศึกษาหรือนักเรียนต่างสถาบัน: 375 บาท/session x 1 = 375 บาท • General Adult / บุคคลทั่วไป: 1050 บาท/session x 1 = 1050 บาท รายละเอียดจากตาราง: VR 1 ชั่วโมง (60 นาที, 1-5 คน) • PSU Student and Staff: 0 บาท • PSU Alumni and General Student: 375 บาท • General Adult: 1,050 บาท แหล่งข้อมูล: https://esports.computing.psu.ac.th/wp-content/uploads/2026/01/PSU-Esports-Studio-phuket-SERVICE-FEE-2026.png",pipeline:deterministic_calculator_fast,service_fee/service_fee_query,100.0,True,0.3509,0,,,
MB-1207-SF-238,service_fee,psu_fact,Alumni เล่น VR 1 ชั่วโมง 3 ชั่วโมง เสียกี่บาท,"ระยะเวลาที่ถามคือ 1 ชั่วโมง ใช้ 1 session ตามแพ็กเกจ VR 1 ชั่วโมง ยังไม่ทราบกลุ่มผู้ใช้ จึงแสดงราคาทุกกลุ่มให้เทียบก่อน: • PSU Student and Staff: 0 บาท/session x 1 = 0 บาท • PSU Alumni and General Student / นักศึกษาหรือนักเรียนต่างสถาบัน: 375 บาท/session x 1 = 375 บาท • General Adult / บุคคลทั่วไป: 1050 บาท/session x 1 = 1050 บาท รายละเอียดจากตาราง: VR 1 ชั่วโมง (60 นาที, 1-5 คน) • PSU Student and Staff: 0 บาท • PSU Alumni and General Student: 375 บาท • General Adult: 1,050 บาท แหล่งข้อมูล: https://esports.computing.psu.ac.th/wp-content/uploads/2026/01/PSU-Esports-Studio-phuket-SERVICE-FEE-2026.png",pipeline:deterministic_calculator_fast,service_fee/service_fee_query,100.0,True,0.3223,0,,,
MB-1208-SF-239,service_fee,psu_fact,General Student เล่น VR 1 ชั่วโมง 30 นาที เสียกี่บาท,"ราคา VR สำหรับกลุ่ม PSU Alumni and General Student / นักศึกษาหรือนักเรียนต่างสถาบัน • VR 30 นาที: 190 บาท • VR 1 ชั่วโมง: 375 บาท กลุ่มผู้ใช้ที่ตรวจเจอ: PSU Alumni and General Student / นักศึกษาหรือนักเรียนต่างสถาบัน / มหาลัยอื่น หมายเหตุ: คำถามยังไม่ระบุระยะเวลา จึงแสดงทั้งราคา 30 นาทีและ 1 ชั่วโมง รายละเอียดจากตาราง: VR 30 นาที (1-5 คน) • PSU Student and Staff: 0 บาท • PSU Alumni and General Student: 190 บาท • General Adult: 525 บาท VR 1 ชั่วโมง (60 นาที, 1-5 คน) • PSU Student and Staff: 0 บาท • PSU Alumni and General Student: 375 บาท • General Adult: 1,050 บาท แหล่งข้อมูล: https://esports.computing.psu.ac.th/wp-content/uploads/2026/01/PSU-Esports-Studio-phuket-SERVICE-FEE-2026.png",pipeline:deterministic_calculator_fast,service_fee/service_fee_query,100.0,True,0.309,0,,,
MB-1209-SF-240,service_fee,psu_fact,General Student เล่น VR 1 ชั่วโมง 1 ชั่วโมง เสียกี่บาท,"ระยะเวลาที่ถามคือ 1 ชั่วโมง ใช้ 1 session ตามแพ็กเกจ VR 1 ชั่วโมง คำตอบราคา: 375 บาท สำหรับกลุ่ม PSU Alumni and General Student / นักศึกษาหรือนักเรียนต่างสถาบัน • คำนวณจาก 375 บาท/session x 1 session = 375 บาท กลุ่มผู้ใช้ที่ตรวจเจอ: PSU Alumni and General Student / นักศึกษาหรือนักเรียนต่างสถาบัน / มหาลัยอื่น รายละเอียดจากตาราง: VR 1 ชั่วโมง (60 นาที, 1-5 คน) • PSU Student and Staff: 0 บาท • PSU Alumni and General Student: 375 บาท • General Adult: 1,050 บาท แหล่งข้อมูล: https://esports.computing.psu.ac.th/wp-content/uploads/2026/01/PSU-Esports-Studio-phuket-SERVICE-FEE-2026.png",pipeline:deterministic_calculator_fast,service_fee/service_fee_query,100.0,True,0.3765,0,,,
MB-1210-SF-241,service_fee,psu_fact,General Student เล่น VR 1 ชั่วโมง 2 ชั่วโมง เสียกี่บาท,"ระยะเวลาที่ถามคือ 1 ชั่วโมง ใช้ 1 session ตามแพ็กเกจ VR 1 ชั่วโมง คำตอบราคา: 375 บาท สำหรับกลุ่ม PSU Alumni and General Student / นักศึกษาหรือนักเรียนต่างสถาบัน • คำนวณจาก 375 บาท/session x 1 session = 375 บาท กลุ่มผู้ใช้ที่ตรวจเจอ: PSU Alumni and General Student / นักศึกษาหรือนักเรียนต่างสถาบัน / มหาลัยอื่น รายละเอียดจากตาราง: VR 1 ชั่วโมง (60 นาที, 1-5 คน) • PSU Student and Staff: 0 บาท • PSU Alumni and General Student: 375 บาท • General Adult: 1,050 บาท แหล่งข้อมูล: https://esports.computing.psu.ac.th/wp-content/uploads/2026/01/PSU-Esports-Studio-phuket-SERVICE-FEE-2026.png",pipeline:deterministic_calculator_fast,service_fee/service_fee_query,100.0,True,0.4018,0,,,
MB-1211-SF-242,service_fee,psu_fact,General Student เล่น VR 1 ชั่วโมง 3 ชั่วโมง เสียกี่บาท,"ระยะเวลาที่ถามคือ 1 ชั่วโมง ใช้ 1 session ตามแพ็กเกจ VR 1 ชั่วโมง คำตอบราคา: 375 บาท สำหรับกลุ่ม PSU Alumni and General Student / นักศึกษาหรือนักเรียนต่างสถาบัน • คำนวณจาก 375 บาท/session x 1 session = 375 บาท กลุ่มผู้ใช้ที่ตรวจเจอ: PSU Alumni and General Student / นักศึกษาหรือนักเรียนต่างสถาบัน / มหาลัยอื่น รายละเอียดจากตาราง: VR 1 ชั่วโมง (60 นาที, 1-5 คน) • PSU Student and Staff: 0 บาท • PSU Alumni and General Student: 375 บาท • General Adult: 1,050 บาท แหล่งข้อมูล: https://esports.computing.psu.ac.th/wp-content/uploads/2026/01/PSU-Esports-Studio-phuket-SERVICE-FEE-2026.png",pipeline:deterministic_calculator_fast,service_fee/service_fee_query,100.0,True,0.3428,0,,,
MB-1212-SF-243,service_fee,psu_fact,General Adult เล่น VR 1 ชั่วโมง 30 นาที เสียกี่บาท,"VR 30 นาที (1-5 คน) • PSU Student and Staff: 0 บาท • PSU Alumni and General Student: 190 บาท • General Adult: 525 บาท VR 1 ชั่วโมง (60 นาที, 1-5 คน) • PSU Student and Staff: 0 บาท • PSU Alumni and General Student: 375 บาท • General Adult: 1,050 บาท แหล่งข้อมูล: https://esports.computing.psu.ac.th/wp-content/uploads/2026/01/PSU-Esports-Studio-phuket-SERVICE-FEE-2026.png",pipeline:deterministic_calculator_fast,service_fee/service_fee_query,100.0,True,0.362,0,,,
MB-1213-SF-244,service_fee,psu_fact,General Adult เล่น VR 1 ชั่วโมง 1 ชั่วโมง เสียกี่บาท,"ระยะเวลาที่ถามคือ 1 ชั่วโมง ใช้ 1 session ตามแพ็กเกจ VR 1 ชั่วโมง ยังไม่ทราบกลุ่มผู้ใช้ จึงแสดงราคาทุกกลุ่มให้เทียบก่อน: • PSU Student and Staff: 0 บาท/session x 1 = 0 บาท • PSU Alumni and General Student / นักศึกษาหรือนักเรียนต่างสถาบัน: 375 บาท/session x 1 = 375 บาท • General Adult / บุคคลทั่วไป: 1050 บาท/session x 1 = 1050 บาท รายละเอียดจากตาราง: VR 1 ชั่วโมง (60 นาที, 1-5 คน) • PSU Student and Staff: 0 บาท • PSU Alumni and General Student: 375 บาท • General Adult: 1,050 บาท แหล่งข้อมูล: https://esports.computing.psu.ac.th/wp-content/uploads/2026/01/PSU-Esports-Studio-phuket-SERVICE-FEE-2026.png",pipeline:deterministic_calculator_fast,service_fee/service_fee_query,100.0,True,0.3607,0,,,
MB-1214-SF-245,service_fee,psu_fact,General Adult เล่น VR 1 ชั่วโมง 2 ชั่วโมง เสียกี่บาท,"ระยะเวลาที่ถามคือ 1 ชั่วโมง ใช้ 1 session ตามแพ็กเกจ VR 1 ชั่วโมง ยังไม่ทราบกลุ่มผู้ใช้ จึงแสดงราคาทุกกลุ่มให้เทียบก่อน: • PSU Student and Staff: 0 บาท/session x 1 = 0 บาท • PSU Alumni and General Student / นักศึกษาหรือนักเรียนต่างสถาบัน: 375 บาท/session x 1 = 375 บาท • General Adult / บุคคลทั่วไป: 1050 บาท/session x 1 = 1050 บาท รายละเอียดจากตาราง: VR 1 ชั่วโมง (60 นาที, 1-5 คน) • PSU Student and Staff: 0 บาท • PSU Alumni and General Student: 375 บาท • General Adult: 1,050 บาท แหล่งข้อมูล: https://esports.computing.psu.ac.th/wp-content/uploads/2026/01/PSU-Esports-Studio-phuket-SERVICE-FEE-2026.png",pipeline:deterministic_calculator_fast,service_fee/service_fee_query,100.0,True,0.3465,0,,,
MB-1215-SF-246,service_fee,psu_fact,General Adult เล่น VR 1 ชั่วโมง 3 ชั่วโมง เสียกี่บาท,"ระยะเวลาที่ถามคือ 1 ชั่วโมง ใช้ 1 session ตามแพ็กเกจ VR 1 ชั่วโมง ยังไม่ทราบกลุ่มผู้ใช้ จึงแสดงราคาทุกกลุ่มให้เทียบก่อน: • PSU Student and Staff: 0 บาท/session x 1 = 0 บาท • PSU Alumni and General Student / นักศึกษาหรือนักเรียนต่างสถาบัน: 375 บาท/session x 1 = 375 บาท • General Adult / บุคคลทั่วไป: 1050 บาท/session x 1 = 1050 บาท รายละเอียดจากตาราง: VR 1 ชั่วโมง (60 นาที, 1-5 คน) • PSU Student and Staff: 0 บาท • PSU Alumni and General Student: 375 บาท • General Adult: 1,050 บาท แหล่งข้อมูล: https://esports.computing.psu.ac.th/wp-content/uploads/2026/01/PSU-Esports-Studio-phuket-SERVICE-FEE-2026.png",pipeline:deterministic_calculator_fast,service_fee/service_fee_query,100.0,True,0.3738,0,,,
MB-1216-SF-247,service_fee,psu_fact,คนทั่วไป เล่น VR 1 ชั่วโมง 30 นาที เสียกี่บาท,"ราคา VR สำหรับกลุ่ม General Adult / บุคคลทั่วไป • VR 30 นาที: 525 บาท • VR 1 ชั่วโมง: 1,050 บาท กลุ่มผู้ใช้ที่ตรวจเจอ: General Adult / บุคคลทั่วไป หมายเหตุ: คำถามยังไม่ระบุระยะเวลา จึงแสดงทั้งราคา 30 นาทีและ 1 ชั่วโมง รายละเอียดจากตาราง: VR 30 นาที (1-5 คน) • PSU Student and Staff: 0 บาท • PSU Alumni and General Student: 190 บาท • General Adult: 525 บาท VR 1 ชั่วโมง (60 นาที, 1-5 คน) • PSU Student and Staff: 0 บาท • PSU Alumni and General Student: 375 บาท • General Adult: 1,050 บาท แหล่งข้อมูล: https://esports.computing.psu.ac.th/wp-content/uploads/2026/01/PSU-Esports-Studio-phuket-SERVICE-FEE-2026.png",pipeline:deterministic_calculator_fast,service_fee/service_fee_query,100.0,True,0.309,0,,,
MB-1217-SF-248,service_fee,psu_fact,คนทั่วไป เล่น VR 1 ชั่วโมง 1 ชั่วโมง เสียกี่บาท,"ระยะเวลาที่ถามคือ 1 ชั่วโมง ใช้ 1 session ตามแพ็กเกจ VR 1 ชั่วโมง คำตอบราคา: 1050 บาท สำหรับกลุ่ม General Adult / บุคคลทั่วไป • คำนวณจาก 1050 บาท/session x 1 session = 1050 บาท กลุ่มผู้ใช้ที่ตรวจเจอ: General Adult / บุคคลทั่วไป รายละเอียดจากตาราง: VR 1 ชั่วโมง (60 นาที, 1-5 คน) • PSU Student and Staff: 0 บาท • PSU Alumni and General Student: 375 บาท • General Adult: 1,050 บาท แหล่งข้อมูล: https://esports.computing.psu.ac.th/wp-content/uploads/2026/01/PSU-Esports-Studio-phuket-SERVICE-FEE-2026.png",pipeline:deterministic_calculator_fast,service_fee/service_fee_query,100.0,True,0.3165,0,,,
MB-1218-SF-249,service_fee,psu_fact,คนทั่วไป เล่น VR 1 ชั่วโมง 2 ชั่วโมง เสียกี่บาท,"ระยะเวลาที่ถามคือ 1 ชั่วโมง ใช้ 1 session ตามแพ็กเกจ VR 1 ชั่วโมง คำตอบราคา: 1050 บาท สำหรับกลุ่ม General Adult / บุคคลทั่วไป • คำนวณจาก 1050 บาท/session x 1 session = 1050 บาท กลุ่มผู้ใช้ที่ตรวจเจอ: General Adult / บุคคลทั่วไป รายละเอียดจากตาราง: VR 1 ชั่วโมง (60 นาที, 1-5 คน) • PSU Student and Staff: 0 บาท • PSU Alumni and General Student: 375 บาท • General Adult: 1,050 บาท แหล่งข้อมูล: https://esports.computing.psu.ac.th/wp-content/uploads/2026/01/PSU-Esports-Studio-phuket-SERVICE-FEE-2026.png",pipeline:deterministic_calculator_fast,service_fee/service_fee_query,100.0,True,0.3094,0,,,
MB-1219-SF-250,service_fee,psu_fact,คนทั่วไป เล่น VR 1 ชั่วโมง 3 ชั่วโมง เสียกี่บาท,"ระยะเวลาที่ถามคือ 1 ชั่วโมง ใช้ 1 session ตามแพ็กเกจ VR 1 ชั่วโมง คำตอบราคา: 1050 บาท สำหรับกลุ่ม General Adult / บุคคลทั่วไป • คำนวณจาก 1050 บาท/session x 1 session = 1050 บาท กลุ่มผู้ใช้ที่ตรวจเจอ: General Adult / บุคคลทั่วไป รายละเอียดจากตาราง: VR 1 ชั่วโมง (60 นาที, 1-5 คน) • PSU Student and Staff: 0 บาท • PSU Alumni and General Student: 375 บาท • General Adult: 1,050 บาท แหล่งข้อมูล: https://esports.computing.psu.ac.th/wp-content/uploads/2026/01/PSU-Esports-Studio-phuket-SERVICE-FEE-2026.png",pipeline:deterministic_calculator_fast,service_fee/service_fee_query,100.0,True,0.3084,0,,,
MB-1220-SF-251,service_fee,psu_fact,นักศึกษา PSU เล่น VR 1 ชั่วโมง 30 นาที เสียกี่บาท,"ราคา VR สำหรับกลุ่ม PSU Student and Staff • VR 30 นาที: 0 บาท • VR 1 ชั่วโมง: 0 บาท กลุ่มผู้ใช้ที่ตรวจเจอ: PSU Student and Staff หมายเหตุ: คำถามยังไม่ระบุระยะเวลา จึงแสดงทั้งราคา 30 นาทีและ 1 ชั่วโมง รายละเอียดจากตาราง: VR 30 นาที (1-5 คน) • PSU Student and Staff: 0 บาท • PSU Alumni and General Student: 190 บาท • General Adult: 525 บาท VR 1 ชั่วโมง (60 นาที, 1-5 คน) • PSU Student and Staff: 0 บาท • PSU Alumni and General Student: 375 บาท • General Adult: 1,050 บาท แหล่งข้อมูล: https://esports.computing.psu.ac.th/wp-content/uploads/2026/01/PSU-Esports-Studio-phuket-SERVICE-FEE-2026.png",pipeline:deterministic_calculator_fast,service_fee/service_fee_query,100.0,True,0.3122,0,,,
MB-1221-SF-252,service_fee,psu_fact,นักศึกษา PSU เล่น VR 1 ชั่วโมง 1 ชั่วโมง เสียกี่บาท,"ระยะเวลาที่ถามคือ 1 ชั่วโมง ใช้ 1 session ตามแพ็กเกจ VR 1 ชั่วโมง คำตอบราคา: 0 บาท สำหรับกลุ่ม PSU Student and Staff • คำนวณจาก 0 บาท/session x 1 session = 0 บาท กลุ่มผู้ใช้ที่ตรวจเจอ: PSU Student and Staff รายละเอียดจากตาราง: VR 1 ชั่วโมง (60 นาที, 1-5 คน) • PSU Student and Staff: 0 บาท • PSU Alumni and General Student: 375 บาท • General Adult: 1,050 บาท แหล่งข้อมูล: https://esports.computing.psu.ac.th/wp-content/uploads/2026/01/PSU-Esports-Studio-phuket-SERVICE-FEE-2026.png",pipeline:deterministic_calculator_fast,service_fee/service_fee_query,100.0,True,0.2996,0,,,
MB-1222-SF-253,service_fee,psu_fact,นักศึกษา PSU เล่น VR 1 ชั่วโมง 2 ชั่วโมง เสียกี่บาท,"ระยะเวลาที่ถามคือ 1 ชั่วโมง ใช้ 1 session ตามแพ็กเกจ VR 1 ชั่วโมง คำตอบราคา: 0 บาท สำหรับกลุ่ม PSU Student and Staff • คำนวณจาก 0 บาท/session x 1 session = 0 บาท กลุ่มผู้ใช้ที่ตรวจเจอ: PSU Student and Staff รายละเอียดจากตาราง: VR 1 ชั่วโมง (60 นาที, 1-5 คน) • PSU Student and Staff: 0 บาท • PSU Alumni and General Student: 375 บาท • General Adult: 1,050 บาท แหล่งข้อมูล: https://esports.computing.psu.ac.th/wp-content/uploads/2026/01/PSU-Esports-Studio-phuket-SERVICE-FEE-2026.png",pipeline:deterministic_calculator_fast,service_fee/service_fee_query,100.0,True,0.3073,0,,,
MB-1223-SF-254,service_fee,psu_fact,นักศึกษา PSU เล่น VR 1 ชั่วโมง 3 ชั่วโมง เสียกี่บาท,"ระยะเวลาที่ถามคือ 1 ชั่วโมง ใช้ 1 session ตามแพ็กเกจ VR 1 ชั่วโมง คำตอบราคา: 0 บาท สำหรับกลุ่ม PSU Student and Staff • คำนวณจาก 0 บาท/session x 1 session = 0 บาท กลุ่มผู้ใช้ที่ตรวจเจอ: PSU Student and Staff รายละเอียดจากตาราง: VR 1 ชั่วโมง (60 นาที, 1-5 คน) • PSU Student and Staff: 0 บาท • PSU Alumni and General Student: 375 บาท • General Adult: 1,050 บาท แหล่งข้อมูล: https://esports.computing.psu.ac.th/wp-content/uploads/2026/01/PSU-Esports-Studio-phuket-SERVICE-FEE-2026.png",pipeline:deterministic_calculator_fast,service_fee/service_fee_query,100.0,True,0.3179,0,,,
MB-1224-SF-255,service_fee,psu_fact,นักศึกษาต่างมหาลัย เล่น VR 1 ชั่วโมง 30 นาที เสียกี่บาท,"ราคา VR สำหรับกลุ่ม PSU Alumni and General Student / นักศึกษาหรือนักเรียนต่างสถาบัน • VR 30 นาที: 190 บาท • VR 1 ชั่วโมง: 375 บาท กลุ่มผู้ใช้ที่ตรวจเจอ: PSU Alumni and General Student / นักศึกษาหรือนักเรียนต่างสถาบัน / มหาลัยอื่น หมายเหตุ: คำถามยังไม่ระบุระยะเวลา จึงแสดงทั้งราคา 30 นาทีและ 1 ชั่วโมง รายละเอียดจากตาราง: VR 30 นาที (1-5 คน) • PSU Student and Staff: 0 บาท • PSU Alumni and General Student: 190 บาท • General Adult: 525 บาท VR 1 ชั่วโมง (60 นาที, 1-5 คน) • PSU Student and Staff: 0 บาท • PSU Alumni and General Student: 375 บาท • General Adult: 1,050 บาท แหล่งข้อมูล: https://esports.computing.psu.ac.th/wp-content/uploads/2026/01/PSU-Esports-Studio-phuket-SERVICE-FEE-2026.png",pipeline:deterministic_calculator_fast,service_fee/service_fee_query,100.0,True,0.3295,0,,,
MB-1225-SF-256,service_fee,psu_fact,นักศึกษาต่างมหาลัย เล่น VR 1 ชั่วโมง 1 ชั่วโมง เสียกี่บาท,"ระยะเวลาที่ถามคือ 1 ชั่วโมง ใช้ 1 session ตามแพ็กเกจ VR 1 ชั่วโมง คำตอบราคา: 375 บาท สำหรับกลุ่ม PSU Alumni and General Student / นักศึกษาหรือนักเรียนต่างสถาบัน • คำนวณจาก 375 บาท/session x 1 session = 375 บาท กลุ่มผู้ใช้ที่ตรวจเจอ: PSU Alumni and General Student / นักศึกษาหรือนักเรียนต่างสถาบัน / มหาลัยอื่น รายละเอียดจากตาราง: VR 1 ชั่วโมง (60 นาที, 1-5 คน) • PSU Student and Staff: 0 บาท • PSU Alumni and General Student: 375 บาท • General Adult: 1,050 บาท แหล่งข้อมูล: https://esports.computing.psu.ac.th/wp-content/uploads/2026/01/PSU-Esports-Studio-phuket-SERVICE-FEE-2026.png",pipeline:deterministic_calculator_fast,service_fee/service_fee_query,100.0,True,0.2969,0,,,
MB-1226-SF-257,service_fee,psu_fact,นักศึกษาต่างมหาลัย เล่น VR 1 ชั่วโมง 2 ชั่วโมง เสียกี่บาท,"ระยะเวลาที่ถามคือ 1 ชั่วโมง ใช้ 1 session ตามแพ็กเกจ VR 1 ชั่วโมง คำตอบราคา: 375 บาท สำหรับกลุ่ม PSU Alumni and General Student / นักศึกษาหรือนักเรียนต่างสถาบัน • คำนวณจาก 375 บาท/session x 1 session = 375 บาท กลุ่มผู้ใช้ที่ตรวจเจอ: PSU Alumni and General Student / นักศึกษาหรือนักเรียนต่างสถาบัน / มหาลัยอื่น รายละเอียดจากตาราง: VR 1 ชั่วโมง (60 นาที, 1-5 คน) • PSU Student and Staff: 0 บาท • PSU Alumni and General Student: 375 บาท • General Adult: 1,050 บาท แหล่งข้อมูล: https://esports.computing.psu.ac.th/wp-content/uploads/2026/01/PSU-Esports-Studio-phuket-SERVICE-FEE-2026.png",pipeline:deterministic_calculator_fast,service_fee/service_fee_query,100.0,True,0.3357,0,,,
MB-1227-SF-258,service_fee,psu_fact,นักศึกษาต่างมหาลัย เล่น VR 1 ชั่วโมง 3 ชั่วโมง เสียกี่บาท,"ระยะเวลาที่ถามคือ 1 ชั่วโมง ใช้ 1 session ตามแพ็กเกจ VR 1 ชั่วโมง คำตอบราคา: 375 บาท สำหรับกลุ่ม PSU Alumni and General Student / นักศึกษาหรือนักเรียนต่างสถาบัน • คำนวณจาก 375 บาท/session x 1 session = 375 บาท กลุ่มผู้ใช้ที่ตรวจเจอ: PSU Alumni and General Student / นักศึกษาหรือนักเรียนต่างสถาบัน / มหาลัยอื่น รายละเอียดจากตาราง: VR 1 ชั่วโมง (60 นาที, 1-5 คน) • PSU Student and Staff: 0 บาท • PSU Alumni and General Student: 375 บาท • General Adult: 1,050 บาท แหล่งข้อมูล: https://esports.computing.psu.ac.th/wp-content/uploads/2026/01/PSU-Esports-Studio-phuket-SERVICE-FEE-2026.png",pipeline:deterministic_calculator_fast,service_fee/service_fee_query,100.0,True,0.3528,0,,,
MB-1228-M-048,members,psu_fact,ตำแหน่ง อธิการบดี คือใคร,ตำแหน่ง อธิการบดี มี 1 คนครับ • ผศ.ดร.นิวัติ แก้วประดับ: อธิการบดี (มหาวิทยาลัยสงขลานครินทร์) ◦ หมวด: Members แหล่งข้อมูล: https://esports.phuket.psu.ac.th/about-us/Members,pipeline:structured_members_role_lookup,overview/members_lookup,100.0,True,0.291,0,,,
MB-1229-M-049,members,psu_fact,ตำแหน่ง รองอธิการบดี คือใคร,ตำแหน่ง รองอธิการบดี มี 1 คนครับ • รศ.ดร.พันธ์ ทองชุมนุม: รองอธิการบดี (มหาวิทยาลัยสงขลานครินทร์ วิทยาเขตภูเก็ต) ◦ หมวด: Members แหล่งข้อมูล: https://esports.phuket.psu.ac.th/about-us/Members,pipeline:structured_members_role_lookup,overview/members_lookup,100.0,True,0.2509,0,,,
MB-1230-M-050,members,psu_fact,ตำแหน่ง คณบดี คือใคร,ตำแหน่ง คณบดี มี 1 คนครับ • รศ.ดร.อซีส นันทอมรพงศ์: คณบดี (วิทยาลัยการคอมพิวเตอร์ มหาวิทยาลัยสงขลานครินทร์ วิทยาเขตภูเก็ต) ◦ หมวด: Members แหล่งข้อมูล: https://esports.phuket.psu.ac.th/about-us/Members,pipeline:structured_members_role_lookup,overview/members_lookup,100.0,True,0.193,0,,,
MB-1231-M-051,members,psu_fact,ตำแหน่ง ผู้ช่วยอธิการบดีฝ่ายวิชาการ คือใคร,ตำแหน่ง ผู้ช่วยอธิการบดีฝ่ายวิชาการ มี 1 คนครับ • ผศ.ดร.ณัฐพงศ์ ทองเทพ: ผู้ช่วยอธิการบดีฝ่ายวิชาการ (มหาวิทยาลัยสงขลานครินทร์ วิทยาเขตภูเก็ต) ◦ หมวด: Members แหล่งข้อมูล: https://esports.phuket.psu.ac.th/about-us/Members,pipeline:structured_members_role_lookup,overview/members_lookup,100.0,True,0.3254,0,,,
MB-1232-M-052,members,psu_fact,ตำแหน่ง นักวิชาการคอมพิวเตอร์ คือใคร,ตำแหน่ง นักวิชาการคอมพิวเตอร์ มี 2 คนครับ • นายพฤทธิ์ เกษตรสมบูรณ์: นักวิชาการคอมพิวเตอร์ (วิทยาลัยการคอมพิวเตอร์ มหาวิทยาลัยสงขลานครินทร์ วิทยาเขตภูเก็ต) ◦ หมวด: Members • นายณัฐวัฒน์ นิธิคุณานนต์: นักวิชาการคอมพิวเตอร์ (วิทยาลัยการคอมพิวเตอร์ มหาวิทยาลัยสงขลานครินทร์ วิทยาเขตภูเก็ต) ◦ หมวด: Members แหล่งข้อมูล: https://esports.phuket.psu.ac.th/about-us/Members,pipeline:structured_members_role_lookup,overview/members_lookup,100.0,True,0.1899,0,,,
MB-1233-M-053,members,psu_fact,ตำแหน่ง ผู้จัดการ คือใคร,ตำแหน่ง ผู้จัดการ มี 1 คนครับ • นายชนะชัย สิริพันธ์วราภรณ์: ผู้จัดการ (PSU Esports Studio - Phuket วิทยาลัยการคอมพิวเตอร์ มหาวิทยาลัยสงขลานครินทร์ วิทยาเขตภูเก็ต) ◦ หมวด: Members แหล่งข้อมูล: https://esports.phuket.psu.ac.th/about-us/Members,pipeline:structured_members_role_lookup,overview/members_lookup,100.0,True,0.2049,0,,,
MB-1234-M-054,members,psu_fact,ตำแหน่ง นักศึกษาสหกิจ Game and 3D Developer คือใคร,ตำแหน่ง นักศึกษาสหกิจ Game and 3D Developer มี 1 คนครับ • นายณภัทร เชื้อเหล่าวานิช: นักศึกษาสหกิจ Game and 3D Developer (วิทยาลัยการคอมพิวเตอร์ มหาวิทยาลัยสงขลานครินทร์ วิทยาเขตภูเก็ต; ระยะเวลา: 6/1/2025 - 30/4/2025) ◦ หมวด: cooperative education and Internship student แหล่งข้อมูล: https://esports.phuket.psu.ac.th/about-us/Members,pipeline:structured_members_role_lookup,overview/members_lookup,100.0,True,0.4727,0,,,
MB-1235-M-055,members,psu_fact,ตำแหน่ง Internship Student คือใคร,"ตำแหน่ง Internship Student มี 2 คนครับ • Mr. Amine Abidellaoui: Internship Student (High School Bristol Cannes, France; ระยะเวลา: 10/11/2025 - 19/12/2025) ◦ หมวด: cooperative education and Internship student • Mr. Yanis Igoudjil: Internship Student (Industrial Engineering and Information Systems, EPF Graduate School of Engineering, Cachan Val-De-Marne, France; ระยะเวลา: 29/06/2026 - 18/09/2026) ◦ หมวด: cooperative education and Internship student แหล่งข้อมูล: https://esports.phuket.psu.ac.th/about-us/Members",pipeline:structured_members_role_lookup,overview/members_lookup,100.0,True,0.3432,0,,,
MB-1236-M-056,members,psu_fact,ตำแหน่ง นักศึกษาสหกิจ Web & AI Developer คือใคร,ตำแหน่ง นักศึกษาสหกิจ Web & AI Developer มี 1 คนครับ • นายสุพศิน อะนะฝรั่ง: นักศึกษาสหกิจ Web & AI Developer (วิทยาลัยการคอมพิวเตอร์ มหาวิทยาลัยสงขลานครินทร์ วิทยาเขตภูเก็ต; ระยะเวลา: 12/1/2026 - 8/5/2026) ◦ หมวด: cooperative education and Internship student แหล่งข้อมูล: https://esports.phuket.psu.ac.th/about-us/Members,pipeline:structured_members_role_lookup,overview/members_lookup,100.0,True,0.4317,0,,,
MB-1237-M-057,members,psu_fact,ตำแหน่ง นักศึกษาฝึกงานโครงการ Super AI SS6 ตำแหน่ง AI Chat Bot Developer คือใคร,ตำแหน่ง นักศึกษาฝึกงานโครงการ Super AI SS6 ตำแหน่ง AI Chat Bot Developer มี 1 คนครับ • นายภาสวุฒิ ชูติประชากิจ: นักศึกษาฝึกงานโครงการ Super AI SS6 ตำแหน่ง AI Chat Bot Developer (วิศวกรรมระบบไอโอทีและสารสนเทศ สถาบันเทคโนโลยีพระจอมเกล้าเจ้าคุณทหารลาดกระบัง; ระยะเวลา: 07/2026 - 08/2026) ◦ หมวด: cooperative education and Internship student แหล่งข้อมูล: https://esports.phuket.psu.ac.th/about-us/Members,pipeline:structured_members_role_lookup,overview/members_lookup,100.0,True,1.7965,0,,,
MB-1238-M-058,members,psu_fact,ตำแหน่ง ประธาน คือใคร,ตำแหน่ง ประธาน มี 1 คนครับ • นายษุภากรณ์ จิราจินดากุล: ประธาน ◦ หมวด: PSU Phuket Esports Club - PSU Phuket แหล่งข้อมูล: https://esports.phuket.psu.ac.th/about-us/Members,pipeline:structured_members_role_lookup,overview/members_lookup,100.0,True,0.1809,0,,,
MB-1239-M-059,members,psu_fact,ตำแหน่ง รองประธาน คือใคร,ตำแหน่ง รองประธาน มี 1 คนครับ • นายนพัทธ์ ฝอยทอง: รองประธาน ◦ หมวด: PSU Phuket Esports Club - PSU Phuket แหล่งข้อมูล: https://esports.phuket.psu.ac.th/about-us/Members,pipeline:structured_members_role_lookup,overview/members_lookup,100.0,True,0.1992,0,,,
MB-1240-M-060,members,psu_fact,ตำแหน่ง เลขานุการ คือใคร,ตำแหน่ง เลขานุการ มี 1 คนครับ • นายปัณณวิชญ์ หนูเรือง: เลขานุการ ◦ หมวด: PSU Phuket Esports Club - PSU Phuket แหล่งข้อมูล: https://esports.phuket.psu.ac.th/about-us/Members,pipeline:structured_members_role_lookup,overview/members_lookup,100.0,True,0.2131,0,,,
MB-1241-M-061,members,psu_fact,ตำแหน่ง เหรัญญิก คือใคร,ตำแหน่ง เหรัญญิก มี 1 คนครับ • นายภูจิตร จิรวิริยาภรณ์: เหรัญญิก ◦ หมวด: PSU Phuket Esports Club - PSU Phuket แหล่งข้อมูล: https://esports.phuket.psu.ac.th/about-us/Members,pipeline:structured_members_role_lookup,overview/members_lookup,100.0,True,0.2331,0,,,
MB-1242-M-062,members,psu_fact,ตำแหน่ง ประชาสัมพันธ์ คือใคร,ตำแหน่ง ประชาสัมพันธ์ มี 1 คนครับ • นายธนชาติ เอ่งฉ้วน: ประชาสัมพันธ์ ◦ หมวด: PSU Phuket Esports Club - PSU Phuket แหล่งข้อมูล: https://esports.phuket.psu.ac.th/about-us/Members,pipeline:structured_members_role_lookup,overview/members_lookup,100.0,True,0.2652,0,,,
MB-1243-M-063,members,psu_fact,ตำแหน่ง กรรมการ คือใคร,ตำแหน่ง กรรมการ มี 8 คนครับ • นางสาวกมลวรรณ นวลสาย: กรรมการ ◦ หมวด: PSU Phuket Esports Club - PSU Phuket • นางสาวชญาภา จันทร์เอิบ: กรรมการ ◦ หมวด: PSU Phuket Esports Club - PSU Phuket • นางสาวณัฐธิดา คำทะเนตร์: กรรมการ ◦ หมวด: PSU Phuket Esports Club - PSU Phuket • นางสาวสุภาสินี ธนภพ: กรรมการ ◦ หมวด: PSU Phuket Esports Club - PSU Phuket • นางสาวอาทิตยา แดงประดับ: กรรมการ ◦ หมวด: PSU Phuket Esports Club - PSU Phuket • นายณัฐพนธ์ อินทรสังขนาวิน: กรรมการ ◦ หมวด: PSU Phuket Esports Club - PSU Phuket • นายอภิวิชญ์ เลิศกมลรักษ์: กรรมการ ◦ หมวด: PSU Phuket Esports Club - PSU Phuket • นายอรรถนนท์ สุขแก้ว: กรรมการ ◦ หมวด: PSU Phuket Esports Club - PSU Phuket แหล่งข้อมูล: https://esports.phuket.psu.a,pipeline:structured_members_role_lookup,overview/members_lookup,100.0,True,0.2221,0,,,
MB-1244-PSR-001,policy_schedule_rules,psu_fact,ศุกร์บ่ายเปิดไหม,"วันศุกร์: เปิดให้เล่นช่วง 09:00-12:00 ส่วน 13:00-16:00 เป็น Maintenance สำหรับ Weekly hardware inspection and cleaning รายละเอียดจากตาราง: • วันศุกร์: Morning 09:00-12:00 = open, Afternoon 13:00-16:00 = maintenance แหล่งข้อมูล: https://esports.computing.psu.ac.th/",pipeline:structured_schedule,schedule/schedule_query,100.0,True,0.2075,0,,,
MB-1245-PSR-002,policy_schedule_rules,psu_fact,ช่วงเช้าวันจันทร์เปิดไหม,"วันจันทร์ Morning เล่นไม่ได้/ปิด/ไม่เปิดให้จองเล่น เพราะ 09:00-12:00 เป็น Maintenance* รายละเอียดจากตาราง: • วันจันทร์: Morning 09:00-12:00 = maintenance, Afternoon 13:00-16:00 = open แหล่งข้อมูล: https://esports.computing.psu.ac.th/",pipeline:structured_schedule,schedule/schedule_query,100.0,True,0.2804,0,,,
MB-1246-PSR-003,policy_schedule_rules,psu_fact,วันศุกร์ช่วงบ่ายปิดใช่ไหม,"วันศุกร์ Afternoon เล่นไม่ได้/ปิด/ไม่เปิดให้จองเล่น เพราะ 13:00-16:00 เป็น Maintenance รายละเอียดจากตาราง: • วันศุกร์: Morning 09:00-12:00 = open, Afternoon 13:00-16:00 = maintenance แหล่งข้อมูล: https://esports.computing.psu.ac.th/",pipeline:structured_schedule,schedule/schedule_query,100.0,True,0.2225,0,,,
MB-1247-PSR-004,policy_schedule_rules,psu_fact,ต้องจ่ายภายในกี่นาที,หลังจองต้องชำระเงินทันที หากไม่ชำระภายใน 10 นาที การจองจะถูกยกเลิก และหากต้องการใช้บริการต้องทำรายการจองใหม่ แหล่งข้อมูล: https://esports.computing.psu.ac.th/,pipeline:category_rule_fast_path,reservation/count,100.0,True,1.1758,0,,,
MB-1248-PSR-005,policy_schedule_rules,psu_fact,เอาอาหารเข้าได้ไหม,อนุญาตให้รับประทานอาหารและเครื่องดื่มเฉพาะในพื้นที่ที่กำหนดเท่านั้น แหล่งข้อมูล: https://esports.computing.psu.ac.th/reservation,pipeline:rules_fast_path,rules/studio_rules,100.0,True,1.2913,0,,,
MB-1249-PSR-006,policy_schedule_rules,psu_fact,ทำจอยพังโดนปรับเท่าไหร่,"ต้องรับผิดชอบค่าปรับ/ค่าซ่อมครับ หากทำเมาส์หรืออุปกรณ์ของศูนย์เสียหาย โดยข้อมูลกฎที่มีระบุว่า ความเสียหายเล็กน้อยคิด 100-500 บาท และความเสียหายปานกลางคิด 500-2,000 บาทหรือตามราคาซ่อมจริง หากเสียหายร้ายแรงอาจต้องชดเชยเต็มจำนวนตามราคากลาง แหล่งข้อมูล: https://esports.computing.psu.ac.th/reservation",pipeline:penalty_fast_path,penalty/penalty_policy,100.0,True,1.2693,0,,,
MB-1250-PSR-007,policy_schedule_rules,psu_fact,ของหายต้องทำยังไง,ทรัพย์สินสูญหายศูนย์ไม่รับผิดชอบ แต่ถ้าผู้ใช้ทำอุปกรณ์เสียหายหรือเปียก ผู้ใช้ต้องรับผิดชอบค่าปรับ/ค่าซ่อม แหล่งข้อมูล: https://esports.computing.psu.ac.th/reservation,pipeline:mixed_rules_fast,rules/studio_rules,100.0,True,1.1011,0,,,
MB-1251-PSR-008,policy_schedule_rules,psu_fact,กติกาในศูนย์มีอะไรบ้าง,กติกาการใช้บริการในศูนย์โดยสรุปครับ • ฝากสัมภาระก่อนเข้าใช้บริการ และศูนย์ไม่รับผิดชอบทรัพย์สินสูญหาย • รับประทานอาหารและเครื่องดื่มได้เฉพาะพื้นที่ที่กำหนด • คืนอุปกรณ์และแผ่นเกมหลังใช้งานเสร็จ • งดส่งเสียงดังเกินควร และห้ามพูดจาดูหมิ่นหรือเสียดสีผู้อื่น • ห้ามเคลื่อนย้ายอุปกรณ์/สิ่งของโดยไม่ได้รับอนุญาต และห้ามใช้ปลั๊กไฟส่วนตัวโดยไม่ได้รับอนุญาต • ห้ามสูบบุหรี่ เสพสารเสพติด ดื่มแอลกอฮอล์ พกอาวุธ ทะเลาะวิวาท หรือเล่นการพนัน • หากทำอุปกรณ์เสียหาย อาจมีค่าปรับ/ค่าซ่อมหรือชดเชยตามระดับความเสียหาย แหล่งข้อมูล: https://esports.computing.psu.ac.th/reservation,pipeline:studio_rules_overview_fast_path,rules/list,100.0,True,1.2533,0,,,
MB-1252-C-016,compound,compound,PC ราคาเท่าไหร่ แล้วมีเกมอะไรบ้าง,"คำถามนี้มีหลายเรื่อง ขอแยกตอบเป็นข้อ ๆ: คำถามที่ 1: PC ราคาเท่าไหร่ ราคา PC 1 ชั่วโมง (1 คน) • PSU Student and Staff: 0 บาท • PSU Alumni and General Student / นักศึกษาหรือนักเรียนต่างสถาบัน: 25 บาท • General Adult / บุคคลทั่วไป: 70 บาท หมายเหตุข้อมูล PC: ราคา PC เพิ่มจาก local service fee update 2026-07-27 แหล่งข้อมูล: https://esports.computing.psu.ac.th/wp-content/uploads/2026/01/PSU-Esports-Studio-phuket-SERVICE-FEE-2026.png คำถามที่ 2: PC มีเกมอะไรบ้าง PC Zone แยกรายการเกมตามเลขเครื่องดังนี้ PC #01-#02 (60 นาที, 1 คน) • TEKKEN 8 • Counter-Strike 2 • League of Legends • PUBG: BATTLEGROUNDS • VALORANT หมายเหตุ: PC #01-#02 มี TEKKEN 8 แต่ไม่มี Call of Duty: Warzone หมายเหตุ: PC #01-#02 และ P",pipeline:multi_question_splitter,multi_question/multi_question_split,100.0,True,0.4068,0,,,
MB-1253-C-017,compound,compound,PC จองยังไง แล้วเปิดวันไหนบ้าง,"คำถามนี้มีหลายเรื่อง ขอแยกตอบเป็นข้อ ๆ: คำถามที่ 1: PC จองยังไง สำหรับ PC ให้เลือกบริการ/โซน PC ในระบบจอง แล้วทำตามขั้นตอนนี้ครับ ขั้นตอนจองโดยสรุป: • เลือกบริการหรือโซนที่ต้องการใช้ • เลือกวันและรอบเวลาที่ต้องการ • กรอก Student ID/Staff ID/National ID, ชื่อ, นามสกุล, อีเมล และเบอร์โทรศัพท์ • ตรวจสอบข้อมูลและชำระเงินโดยโอนเข้าบัญชีที่ระบบแจ้ง • หลังจองต้องชำระเงินภายใน 10 นาที • แนบสลิปและยืนยันการจอง แหล่งข้อมูล: https://esports.computing.psu.ac.th/ คำถามที่ 2: เปิดวันไหนบ้าง เวลาบริการตามตารางคือ Morning 09:00-12:00 และ Afternoon 13:00-16:00 รายละเอียดจากตาราง: • วันจันทร์: Morning 09:00-12:00 = maintenance, Afternoon 13:00-16:00 = open • วันอังคาร: Morning 09:00-12:00 = open, Afternoon 13",pipeline:multi_question_splitter,multi_question/multi_question_split,100.0,True,1.1389,0,,,
MB-1254-C-018,compound,compound,PS5 ราคาเท่าไหร่ แล้วมีเกมอะไรบ้าง,"คำถามนี้มีหลายเรื่อง ขอแยกตอบเป็นข้อ ๆ: คำถามที่ 1: PS5 ราคาเท่าไหร่ PlayStation 5 60 นาที (1 ชั่วโมง, 1-2 คน) • PSU Student and Staff: 0 บาท • PSU Alumni and General Student: 50 บาท • General Adult: 150 บาท แหล่งข้อมูล: https://esports.computing.psu.ac.th/wp-content/uploads/2026/01/PSU-Esports-Studio-phuket-SERVICE-FEE-2026.png คำถามที่ 2: PS5 มีเกมอะไรบ้าง PlayStation 5 Zone มีเกมที่ยืนยันได้ดังนี้ PlayStation 5 #01-#02 (60 นาที, 1-2 คน) • Call of Duty: Modern Warfare III • Delta Force • EA Sports FC 24 • eFootball • FINAL FANTASY XVI • Fortnite • God of War Ragnarok • Hogwarts Legacy • Marvel's Spider-Man 2 • NARUTO X BORUTO Ultimate Ninja Storm Connections • Resident Evil 4 • Resident Ev",pipeline:multi_question_splitter,multi_question/multi_question_split,100.0,True,0.4242,0,,,
MB-1255-C-019,compound,compound,PS5 จองยังไง แล้วเปิดวันไหนบ้าง,"คำถามนี้มีหลายเรื่อง ขอแยกตอบเป็นข้อ ๆ: คำถามที่ 1: PS5 จองยังไง จอง PlayStation 5 ต้องเลือกบริการ PlayStation 5 และเลือกรอบเวลาที่ต้องการครับ • ข้อมูลค่าบริการที่มีระบุ PlayStation 5 ต่อ 60 นาที สำหรับ 1-2 คน • จากนั้นกรอกข้อมูลผู้ใช้บริการ ชำระเงิน และแนบสลิปเพื่อยืนยันการจอง แหล่งข้อมูล: https://esports.computing.psu.ac.th/ คำถามที่ 2: เปิดวันไหนบ้าง เวลาบริการตามตารางคือ Morning 09:00-12:00 และ Afternoon 13:00-16:00 รายละเอียดจากตาราง: • วันจันทร์: Morning 09:00-12:00 = maintenance, Afternoon 13:00-16:00 = open • วันอังคาร: Morning 09:00-12:00 = open, Afternoon 13:00-16:00 = open • วันพุธ: Morning 09:00-12:00 = open, Afternoon 13:00-16:00 = open • วันพฤหัสบดี: Morning 09:00-12:00 = open,",pipeline:multi_question_splitter,multi_question/multi_question_split,100.0,True,0.743,0,,,
MB-1256-C-020,compound,compound,Nintendo Switch จองยังไง แล้วเปิดวันไหนบ้าง,"คำถามนี้มีหลายเรื่อง ขอแยกตอบเป็นข้อ ๆ: คำถามที่ 1: Nintendo Switch จองยังไง จอง Nintendo Switch ต้องเลือกบริการตามจำนวนผู้เล่นครับ • ถ้าเล่น 1-2 คน ให้เลือก Nintendo Switch แบบ 1-2 Persons • ถ้าเล่น 3-4 คน ให้เลือก Nintendo Switch แบบ 3-4 Persons • จากนั้นเลือกวัน รอบเวลา กรอกข้อมูลผู้ใช้บริการ ชำระเงิน และแนบสลิปเพื่อยืนยันการจอง แหล่งข้อมูล: https://esports.computing.psu.ac.th/ คำถามที่ 2: เปิดวันไหนบ้าง เวลาบริการตามตารางคือ Morning 09:00-12:00 และ Afternoon 13:00-16:00 รายละเอียดจากตาราง: • วันจันทร์: Morning 09:00-12:00 = maintenance, Afternoon 13:00-16:00 = open • วันอังคาร: Morning 09:00-12:00 = open, Afternoon 13:00-16:00 = open • วันพุธ: Morning 09:00-12:00 = open, Afternoon 13:00-",pipeline:multi_question_splitter,multi_question/multi_question_split,100.0,True,1.8702,0,,,
MB-1257-C-021,compound,compound,VR ราคาเท่าไหร่ แล้วมีเกมอะไรบ้าง,"คำถามนี้มีหลายเรื่อง ขอแยกตอบเป็นข้อ ๆ: คำถามที่ 1: VR ราคาเท่าไหร่ VR 30 นาที (1-5 คน) • PSU Student and Staff: 0 บาท • PSU Alumni and General Student: 190 บาท • General Adult: 525 บาท VR 1 ชั่วโมง (60 นาที, 1-5 คน) • PSU Student and Staff: 0 บาท • PSU Alumni and General Student: 375 บาท • General Adult: 1,050 บาท แหล่งข้อมูล: https://esports.computing.psu.ac.th/wp-content/uploads/2026/01/PSU-Esports-Studio-phuket-SERVICE-FEE-2026.png คำถามที่ 2: VR มีเกมอะไรบ้าง VR Station มีเกมที่ยืนยันได้ดังนี้ (รอบ 30 นาทีและ 1 ชั่วโมงใช้รายการเกมเดียวกัน) VR Station 30 นาที (30 นาที, 1-5 คน) • Beat Saber • Horizon Call of the Mountain • Resident Evil 4 • Resident Evil Village หมายเหตุ: VR Station แบบ 3",pipeline:multi_question_splitter,multi_question/multi_question_split,100.0,True,0.4482,0,,,
MB-1258-C-022,compound,compound,VR จองยังไง แล้วเปิดวันไหนบ้าง,คำถามนี้มีหลายเรื่อง ขอแยกตอบเป็นข้อ ๆ: คำถามที่ 1: VR จองยังไง จองคิวเล่นเกม/ใช้อุปกรณ์ได้ผ่านระบบจองออนไลน์ครับ ถ้าต้องการจอง VR ให้เลือกบริการ VR Station และเลือกรอบ 30 นาทีหรือ 1 ชั่วโมงตามที่ระบบมีให้เลือก ขั้นตอนโดยสรุปคือ 1) เลือกบริการหรือโซนที่ต้องการใช้ 2) เลือกวันและรอบเวลา 3) กรอก Student ID/Staff ID/National ID ชื่อ นามสกุล อีเมล และเบอร์โทรศัพท์ 4) ตรวจสอบข้อมูลและชำระเงินโดยโอนเข้าบัญชีที่ระบบแจ้ง 5) แนบสลิปและยืนยันการจอง ต้องจองล่วงหน้าอย่างน้อย 1 ชั่วโมง และหลังจองต้องชำระเงินภายใน 10 นาทีครับ แหล่งข้อมูล: https://esports.computing.psu.ac.th/reservation คำถามที่ 2: เปิดวันไหนบ้าง เวลาบริการตามตารางคือ Morning 09:00-12:00 และ Afternoon 13:00-16:00 รายละเอียดจากตาราง: • วันจั,pipeline:multi_question_splitter,multi_question/multi_question_split,100.0,True,0.661,0,,,
MB-1259-C-023,compound,compound,Cockpit ราคาเท่าไหร่ แล้วมีเกมอะไรบ้าง,"คำถามนี้มีหลายเรื่อง ขอแยกตอบเป็นข้อ ๆ: คำถามที่ 1: Cockpit ราคาเท่าไหร่ Cockpit 60 นาที (1 ชั่วโมง, 1 คน) • PSU Student and Staff: 0 บาท • PSU Alumni and General Student: 65 บาท • General Adult: 200 บาท แหล่งข้อมูล: https://esports.computing.psu.ac.th/wp-content/uploads/2026/01/PSU-Esports-Studio-phuket-SERVICE-FEE-2026.png คำถามที่ 2: Cockpit มีเกมอะไรบ้าง Cockpit Zone มีเกมที่ยืนยันได้ดังนี้ Cockpit #01-#02 (60 นาที, 1 คน) • Gran Turismo 7 หมายเหตุ: Cockpit มี 2 เครื่อง และใช้รายการเกมเดียวกัน แหล่งข้อมูล: https://esports.computing.psu.ac.th/",pipeline:multi_question_splitter,multi_question/multi_question_split,100.0,True,0.5011,0,,,
MB-1260-C-024,compound,compound,Cockpit จองยังไง แล้วเปิดวันไหนบ้าง,"คำถามนี้มีหลายเรื่อง ขอแยกตอบเป็นข้อ ๆ: คำถามที่ 1: Cockpit จองยังไง ถ้าอยากเล่นเกมขับรถหรือใช้พวงมาลัย ให้จอง Cockpit Zone / Cockpit ครับ • โซนนี้ใช้กับชุด Racezone Full Cockpit V3 และ Logitech G923 TRUEFORCE Racing Wheel • เกมที่ยืนยันได้คือ Gran Turismo 7 แหล่งข้อมูล: https://esports.computing.psu.ac.th/ คำถามที่ 2: เปิดวันไหนบ้าง เวลาบริการตามตารางคือ Morning 09:00-12:00 และ Afternoon 13:00-16:00 รายละเอียดจากตาราง: • วันจันทร์: Morning 09:00-12:00 = maintenance, Afternoon 13:00-16:00 = open • วันอังคาร: Morning 09:00-12:00 = open, Afternoon 13:00-16:00 = open • วันพุธ: Morning 09:00-12:00 = open, Afternoon 13:00-16:00 = open • วันพฤหัสบดี: Morning 09:00-12:00 = open, Afternoon 13:00-16:",pipeline:multi_question_splitter,multi_question/multi_question_split,100.0,True,1.0801,0,,,
MB-1261-C-025,compound,compound,TEKKEN 8 กับ Resident Evil Village มีปุ่มอะไรบ้าง,คำถามนี้มีหลายเรื่อง ขอแยกตอบเป็นข้อ ๆ: คำถามที่ 1: TEKKEN 8 มีปุ่มอะไรบ้าง TEKKEN 8 มีข้อมูลปุ่มควบคุมดังนี้: PlayStation / PS5 • Square: หมัดซ้าย / ต่อยซ้าย - ออกหมัดแย็บหรือโจมตีด้วยมือซ้าย เป็นปุ่มหลักในการเริ่มต้นเฟรมคอมโบที่รวดเร็ว • Triangle: หมัดขวา / ต่อยขวา - ออกหมัดหนักหรือโจมตีด้วยมือขวา มักใช้ทำดาเมจแรงหรือสวนกลับ (Counter) • Cross: ลูกเตะซ้าย - ใช้ขาซ้ายเตะสกัดหรือโจมตีเพื่อเปิดช่องว่างของศัตรู • Circle: ลูกเตะขวา - ใช้ขาขวาหวดเตะอย่างรุนแรง มักเป็นท่าเคลียร์ระยะหรือตัดขาที่ทำดาเมจสูง • D-Pad Up: กระโดด - ควบคุมให้ตัวละครกระโดดขึ้นด้านบนเพื่อหลบการโจมตีล่าง หรือใช้กดร่วมกับปุ่มโจมตีกลางอากาศ • D-Pad Left: ถอยหลัง / บล็อก - บังคับตัวละครให้เดินถอยหลังเพื่อรักษาระยะ หรือใช้กดค้าง,pipeline:multi_question_splitter,multi_question/multi_question_split,100.0,True,0.753,0,,,
MB-1262-C-026,compound,compound,TEKKEN 8 เล่นที่ไหน แล้ว Resident Evil Village ปุ่มอะไร,คำถามนี้มีหลายเรื่อง ขอแยกตอบเป็นข้อ ๆ: คำถามที่ 1: TEKKEN 8 เล่นที่ไหน TEKKEN 8: TEKKEN 8 คือเกมต่อสู้แบบตัวต่อตัว ผู้เล่นเลือกตัวละครแล้วใช้คอมโบ การป้องกัน และจังหวะสวนกลับเพื่อชนะคู่แข่ง แนวเกม: เกมต่อสู้ 1v1 วิธีเล่นโดยสรุป: เล่นเป็นรอบ เลือกตัวละคร ฝึกท่าพื้นฐาน/คอมโบ อ่านจังหวะคู่ต่อสู้ และทำให้พลังชีวิตอีกฝ่ายหมดก่อน เล่นได้ที่: PC Zone และ PlayStation 5 Zone แหล่งข้อมูล: https://esports.phuket.psu.ac.th/Services/our-games คำถามที่ 2: Resident Evil Village ปุ่มอะไร Resident Evil Village มีข้อมูลปุ่มควบคุมดังนี้: PlayStation / PS5 • L (Left Stick): เคลื่อนที่ - บังคับทิศทางการเดินและการเคลื่อนไหวของตัวละคร Ethan Winters • L3 (Click Left Stick): วิ่งเร็ว / สปรินต์ - กดลงไปในขณะเคลื่อนท,pipeline:multi_question_splitter,multi_question/multi_question_split,100.0,True,0.846,0,,,
MB-1263-C-027,compound,compound,Gran Turismo 7 กับ Overcooked! 2 มีปุ่มอะไรบ้าง,คำถามนี้มีหลายเรื่อง ขอแยกตอบเป็นข้อ ๆ: คำถามที่ 1: Gran Turismo 7 มีปุ่มอะไรบ้าง Gran Turismo 7 มีข้อมูลปุ่มควบคุมดังนี้: PlayStation / PS5 • L (Left Stick): เลี้ยว / ควบคุมพวงมาลัย - บังคับทิศทางรถ • R2: คันเร่ง - กดเพื่อเร่งเครื่อง • L2: เบรก - กดเพื่อชะลอความเร็วรถ • Cross: เพิ่มเกียร์ - เปลี่ยนเกียร์สูงขึ้น (โหมดเกียร์ธรรมดา) • Square: ลดเกียร์ - เปลี่ยนเกียร์ต่ำลง (โหมดเกียร์ธรรมดา) • Circle: เบรกมือ - ดึงเบรกมือเพื่อสไลด์หรือดริฟต์ • Triangle: ถอยหลัง - เข้าเกียร์ถอยรถ • D-Pad: ควบคุมจอ MFD - สลับและปรับค่า Multi-Function Display เช่น Traction Control หรือ Fuel Map • R1: เปลี่ยนมุมมอง - สลับมุมกล้องในการขับขี่ • L1: มองหลัง - สลับมุมกล้องไปมองด้านหลังชั่วคราว • R3: ไนตรัส / เร่งแซง - ,pipeline:multi_question_splitter,multi_question/multi_question_split,100.0,True,0.6244,0,,,
MB-1264-C-028,compound,compound,Gran Turismo 7 เล่นที่ไหน แล้ว Overcooked! 2 ปุ่มอะไร,คำถามนี้มีหลายเรื่อง ขอแยกตอบเป็นข้อ ๆ: คำถามที่ 1: Gran Turismo 7 เล่นที่ไหน Gran Turismo 7: Gran Turismo 7 คือเกมแข่งรถที่เน้นการขับรถสมจริง การเลือกสนาม รถ และการควบคุมจังหวะเข้าโค้ง แนวเกม: เกมแข่งรถ / Driving Simulator วิธีเล่นโดยสรุป: ใน Cockpit Zone เล่นโดยใช้พวงมาลัย คันเร่ง เบรก และชุดเบาะจำลองการขับรถ เป้าหมายคือขับให้เร็วและควบคุมรถให้แม่นในแต่ละสนาม เล่นได้ที่: Cockpit Zone แหล่งข้อมูล: https://esports.phuket.psu.ac.th/Services/our-games คำถามที่ 2: Overcooked! 2 ปุ่มอะไร Overcooked! 2 มีอยู่ในรายการเกมที่ยืนยันได้ของ PSU Esports Studio - Phuket ครับ Overcooked 2 คือเกมทำอาหารแบบร่วมมือกัน ผู้เล่นต้องแบ่งหน้าที่ เตรียมอาหาร เสิร์ฟ และจัดการครัวที่วุ่นวาย แนวเกม: เกม Co-op ทำอาหาร,pipeline:multi_question_splitter,multi_question/multi_question_split,100.0,True,0.8125,0,,,
MB-1265-C-029,compound,compound,Beat Saber กับ VALORANT มีปุ่มอะไรบ้าง,คำถามนี้มีหลายเรื่อง ขอแยกตอบเป็นข้อ ๆ: คำถามที่ 1: Beat Saber มีปุ่มอะไรบ้าง Beat Saber มีข้อมูลปุ่มควบคุมดังนี้: PlayStation VR2 / PS5 • Left PS VR2 Sense controller motion: ฟันบล็อกด้วยดาบมือซ้าย - ใช้การขยับคอนโทรลเลอร์ฝั่งซ้ายเพื่อฟันบล็อกตามจังหวะเพลง โดยอิงจากหลักการเล่น Beat Saber ที่ให้ผู้เล่นฟัน beat ใน VR • Right PS VR2 Sense controller motion: ฟันบล็อกด้วยดาบมือขวา - ใช้การขยับคอนโทรลเลอร์ฝั่งขวาเพื่อฟันบล็อกตามจังหวะเพลง โดยอิงจากหลักการเล่น Beat Saber ที่ให้ผู้เล่นฟัน beat ใน VR • Head/body movement: หลบและจัดตำแหน่งร่างกาย - เป็นข้อมูลวิธีเล่นระดับภาพรวมจากแหล่งทางการ ไม่ใช่ผังคีย์ละเอียดรายปุ่ม แหล่งข้อมูล: https://www.playstation.com/en-us/games/beat-saber/ คำถามที่ 2: VALOR,pipeline:multi_question_splitter,multi_question/multi_question_split,100.0,True,0.6036,0,,,
MB-1266-C-030,compound,compound,Beat Saber เล่นที่ไหน แล้ว VALORANT ปุ่มอะไร,"คำถามนี้มีหลายเรื่อง ขอแยกตอบเป็นข้อ ๆ: คำถามที่ 1: Beat Saber เล่นที่ไหน Beat Saber: Beat Saber คือเกม VR จังหวะดนตรีที่ผู้เล่นใช้ดาบแสงฟันบล็อกตามจังหวะเพลง แนวเกม: เกม VR Rhythm วิธีเล่นโดยสรุป: สวมแว่น VR ถือคอนโทรลเลอร์ แล้วฟันบล็อกตามทิศทาง หลบสิ่งกีดขวาง และพยายามทำคะแนนตามจังหวะเพลง เล่นได้ที่: VR Zone แหล่งข้อมูล: https://esports.phuket.psu.ac.th/Services/our-games คำถามที่ 2: VALORANT ปุ่มอะไร VALORANT มีข้อมูลปุ่มควบคุมดังนี้: PC • W / A / S / D: เคลื่อนที่ - W เดินหน้า, A ไปซ้าย, S ถอยหลัง, D ไปขวา • Left Shift: เดินช้า - ใช้เดินเงียบหรือเดินแบบควบคุมเสียง • Space Bar: กระโดด - กระโดด • Left Ctrl: ย่อตัว - ย่อตัวเพื่อลดระดับตัวละคร • Left Mouse Button: ยิง - ยิงอาวุธหลัก • Right ",pipeline:multi_question_splitter,multi_question/multi_question_split,100.0,True,0.7399,0,,,
MB-1267-C-031,compound,compound,Mario Kart 8 Deluxe กับ Mario Kart 8 Deluxe มีปุ่มอะไรบ้าง,Mario Kart 8 Deluxe มีข้อมูลปุ่มควบคุมดังนี้: Nintendo Switch • L (Left Stick): เลี้ยว / ควบคุมทิศทาง - บังคับพวงมาลัยรถให้เลี้ยวไปทางซ้ายหรือขวา • A: เร่งเครื่อง - กดค้างไว้ตลอดเพื่อเร่งเครื่องยนต์ให้รถวิ่งไปข้างหน้า • B: เบรก / ถอยหลัง - แตะเพื่อเบรกชะลอความเร็ว หรือกดค้างไว้เมื่อรถหยุดนิ่งเพื่อขับถอยหลัง • X: มองหลัง - หันมุมกล้องไปมองด้านหลังเพื่อเช็กระยะห่างของคู่แข่งหรือไอเทมที่ตามมา • ZL: ใช้ไอเทม / บีบแตร - ใช้ไอเทมที่เก็บมาจากกล่องสุ่ม หากไม่มีไอเทมจะเป็นการบีบแตรรถ • ZR: ดริฟต์ - ใช้กระโดดและดริฟต์ขณะเข้าโค้งเพื่อทำความเร็ว หรือใช้ทำท่าผาดโผนเมื่อกระโดดออกจากเนินเร่งความเร็ว • + (Plus): หยุดเกม - หยุดเกมชั่วคราวเพื่อเข้าสู่เมนูหลักหรือตั้งค่าระบบช่วยเหลือ แหล่งข้อมูล: https://gamei,pipeline:structured_game_controls,games/game_control_lookup,100.0,True,0.4617,0,,,
MB-1268-C-032,compound,compound,Mario Kart 8 Deluxe เล่นที่ไหน แล้ว Mario Kart 8 Deluxe ปุ่มอะไร,คำถามนี้มีหลายเรื่อง ขอแยกตอบเป็นข้อ ๆ: คำถามที่ 1: Mario Kart 8 Deluxe เล่นที่ไหน Mario Kart 8 Deluxe: Mario Kart 8 Deluxe คือเกมแข่งรถสไตล์ปาร์ตี้ที่ใช้ตัวละคร Nintendo ขับรถแข่งกันในสนามหลากหลายแบบ แนวเกม: เกมแข่งรถ Party Racing วิธีเล่นโดยสรุป: เลือกตัวละครและรถ ขับเข้าเส้นชัย ใช้ไอเทมช่วยโจมตี/ป้องกัน และเล่นสนุกได้หลายคน เล่นได้ที่: Nintendo Switch Zone แหล่งข้อมูล: https://esports.phuket.psu.ac.th/Services/our-games คำถามที่ 2: Mario Kart 8 Deluxe ปุ่มอะไร Mario Kart 8 Deluxe มีข้อมูลปุ่มควบคุมดังนี้: Nintendo Switch • L (Left Stick): เลี้ยว / ควบคุมทิศทาง - บังคับพวงมาลัยรถให้เลี้ยวไปทางซ้ายหรือขวา • A: เร่งเครื่อง - กดค้างไว้ตลอดเพื่อเร่งเครื่องยนต์ให้รถวิ่งไปข้างหน้า • B: เบรก / ถอ,pipeline:multi_question_splitter,multi_question/multi_question_split,100.0,True,0.9435,0,,,
MB-1269-C-033,compound,compound,VALORANT กับ Beat Saber มีปุ่มอะไรบ้าง,"คำถามนี้มีหลายเรื่อง ขอแยกตอบเป็นข้อ ๆ: คำถามที่ 1: VALORANT มีปุ่มอะไรบ้าง VALORANT มีข้อมูลปุ่มควบคุมดังนี้: PC • W / A / S / D: เคลื่อนที่ - W เดินหน้า, A ไปซ้าย, S ถอยหลัง, D ไปขวา • Left Shift: เดินช้า - ใช้เดินเงียบหรือเดินแบบควบคุมเสียง • Space Bar: กระโดด - กระโดด • Left Ctrl: ย่อตัว - ย่อตัวเพื่อลดระดับตัวละคร • Left Mouse Button: ยิง - ยิงอาวุธหลัก • Right Mouse Button: ยิง/เล็งแบบรอง - ใช้งานโหมดรองของอาวุธหรือเล็งตามชนิดอาวุธ • R: รีโหลด - เปลี่ยนกระสุน • 1 / 2 / 3: เลือกอาวุธ - 1 อาวุธหลัก, 2 อาวุธรอง, 3 อาวุธระยะประชิด • 4: หยิบ/ใช้ Spike - ใช้กับ Spike เช่น วางหรือกู้ตามสถานการณ์ • Q / E / C / X: ใช้สกิล Agent - Q/E/C คือสกิลทั่วไป และ X คือ Ultimate • F: โต้ตอบกับวัตถุ - ใช้โ",pipeline:multi_question_splitter,multi_question/multi_question_split,100.0,True,0.5884,0,,,
MB-1270-C-034,compound,compound,VALORANT เล่นที่ไหน แล้ว Beat Saber ปุ่มอะไร,คำถามนี้มีหลายเรื่อง ขอแยกตอบเป็นข้อ ๆ: คำถามที่ 1: VALORANT เล่นที่ไหน VALORANT: VALORANT คือเกมยิงเชิงกลยุทธ์ที่ผู้เล่นเลือก Agent ที่มีสกิลเฉพาะ แล้วเล่นเป็นฝ่ายบุก/รับในแต่ละรอบ แนวเกม: เกมยิง Tactical FPS แบบทีม 5v5 วิธีเล่นโดยสรุป: ฝ่ายบุกต้องวาง Spike ส่วนฝ่ายรับต้องป้องกันพื้นที่หรือกู้ Spike การเล่นเน้นการเล็ง การสื่อสาร การใช้สกิล และการเล่นเป็นทีม เล่นได้ที่: PC Zone แหล่งข้อมูล: https://esports.computing.psu.ac.th/reservation คำถามที่ 2: Beat Saber ปุ่มอะไร Beat Saber ปุ่มที่ตรงกับคำถาม: PlayStation VR2 / PS5 • Left PS VR2 Sense controller motion: ฟันบล็อกด้วยดาบมือซ้าย - ใช้การขยับคอนโทรลเลอร์ฝั่งซ้ายเพื่อฟันบล็อกตามจังหวะเพลง โดยอิงจากหลักการเล่น Beat Saber ที่ให้ผู้เล่นฟัน bea,pipeline:multi_question_splitter,multi_question/multi_question_split,100.0,True,0.7027,0,,,
MB-1271-C-035,compound,compound,Overcooked! 2 กับ Gran Turismo 7 มีปุ่มอะไรบ้าง,คำถามนี้มีหลายเรื่อง ขอแยกตอบเป็นข้อ ๆ: คำถามที่ 1: Overcooked! 2 มีปุ่มอะไรบ้าง Overcooked! 2 มีอยู่ในรายการเกมที่ยืนยันได้ของ PSU Esports Studio - Phuket ครับ Overcooked 2 คือเกมทำอาหารแบบร่วมมือกัน ผู้เล่นต้องแบ่งหน้าที่ เตรียมอาหาร เสิร์ฟ และจัดการครัวที่วุ่นวาย แนวเกม: เกม Co-op ทำอาหาร วิธีเล่นโดยสรุป: ช่วยกันหั่นวัตถุดิบ ปรุง เสิร์ฟ ล้างจาน และสื่อสารกับทีมให้ทันเวลา เล่นได้ที่: Nintendo Switch Zone ยังไม่พบข้อมูลปุ่มควบคุมของ Overcooked! 2 ที่ยืนยันได้ในฐานข้อมูลตอนนี้ครับ แหล่งข้อมูล: https://esports.phuket.psu.ac.th/Services/our-games คำถามที่ 2: Gran Turismo 7 มีปุ่มอะไรบ้าง Gran Turismo 7 มีข้อมูลปุ่มควบคุมดังนี้: PlayStation / PS5 • L (Left Stick): เลี้ยว / ควบคุมพวงมาลัย - บังค,pipeline:multi_question_splitter,multi_question/multi_question_split,100.0,True,0.6047,0,,,
MB-1272-C-036,compound,compound,Overcooked! 2 เล่นที่ไหน แล้ว Gran Turismo 7 ปุ่มอะไร,คำถามนี้มีหลายเรื่อง ขอแยกตอบเป็นข้อ ๆ: คำถามที่ 1: Overcooked! 2 เล่นที่ไหน Overcooked! 2: Overcooked 2 คือเกมทำอาหารแบบร่วมมือกัน ผู้เล่นต้องแบ่งหน้าที่ เตรียมอาหาร เสิร์ฟ และจัดการครัวที่วุ่นวาย แนวเกม: เกม Co-op ทำอาหาร วิธีเล่นโดยสรุป: ช่วยกันหั่นวัตถุดิบ ปรุง เสิร์ฟ ล้างจาน และสื่อสารกับทีมให้ทันเวลา เล่นได้ที่: Nintendo Switch Zone แหล่งข้อมูล: https://esports.phuket.psu.ac.th/Services/our-games คำถามที่ 2: Gran Turismo 7 ปุ่มอะไร Gran Turismo 7 มีข้อมูลปุ่มควบคุมดังนี้: PlayStation / PS5 • L (Left Stick): เลี้ยว / ควบคุมพวงมาลัย - บังคับทิศทางรถ • R2: คันเร่ง - กดเพื่อเร่งเครื่อง • L2: เบรก - กดเพื่อชะลอความเร็วรถ • Cross: เพิ่มเกียร์ - เปลี่ยนเกียร์สูงขึ้น (โหมดเกียร์ธรรมดา) • Squar,pipeline:multi_question_splitter,multi_question/multi_question_split,100.0,True,0.8115,0,,,
MB-1273-C-037,compound,compound,Resident Evil Village กับ TEKKEN 8 มีปุ่มอะไรบ้าง,คำถามนี้มีหลายเรื่อง ขอแยกตอบเป็นข้อ ๆ: คำถามที่ 1: Resident Evil Village มีปุ่มอะไรบ้าง Resident Evil Village มีข้อมูลปุ่มควบคุมดังนี้: PlayStation / PS5 • L (Left Stick): เคลื่อนที่ - บังคับทิศทางการเดินและการเคลื่อนไหวของตัวละคร Ethan Winters • L3 (Click Left Stick): วิ่งเร็ว / สปรินต์ - กดลงไปในขณะเคลื่อนที่เพื่อเร่งความเร็วในการวิ่งหนีหรือเข้าหาที่กำบัง • R (Right Stick): ควบคุมมุมมอง / หันกล้อง - หมุนเพื่อกวาดสายตา หันหัวตัวละคร มองรอบ ๆ หรือใช้ในการเล็งเป้า • R3 (Click Right Stick): ย่อตัว - กดเพื่อย่อตัวลงต่ำ ใช้สำหรับลอดช่องแคบ ซ่อนตัว หรือหลบการโจมตีระดับสายตา • L2: เล็งเป้า / เล็งปืน - ยกอาวุธปืนขึ้นมาเล็งเพื่อบีบเป้าให้แคบลงและเพิ่มความแม่นยำในการยิง • L1: ยกการ์ด / ป้องกัน - ยกแ,pipeline:multi_question_splitter,multi_question/multi_question_split,100.0,True,0.6486,0,,,
MB-1274-C-038,compound,compound,Resident Evil Village เล่นที่ไหน แล้ว TEKKEN 8 ปุ่มอะไร,คำถามนี้มีหลายเรื่อง ขอแยกตอบเป็นข้อ ๆ: คำถามที่ 1: Resident Evil Village เล่นที่ไหน Resident Evil Village: Resident Evil Village คือเกมสยองขวัญเอาตัวรอดที่เน้นบรรยากาศ การสำรวจ และการต่อสู้กับศัตรูหลากหลายรูปแบบ แนวเกม: เกม Survival Horror วิธีเล่นโดยสรุป: สำรวจฉาก เก็บไอเทม จัดการทรัพยากร ต่อสู้ และแก้ปริศนาเพื่อดำเนินเรื่อง เล่นได้ที่: PlayStation 5 Zone และ VR Zone แหล่งข้อมูล: https://esports.phuket.psu.ac.th/Services/our-games คำถามที่ 2: TEKKEN 8 ปุ่มอะไร TEKKEN 8 มีข้อมูลปุ่มควบคุมดังนี้: PlayStation / PS5 • Square: หมัดซ้าย / ต่อยซ้าย - ออกหมัดแย็บหรือโจมตีด้วยมือซ้าย เป็นปุ่มหลักในการเริ่มต้นเฟรมคอมโบที่รวดเร็ว • Triangle: หมัดขวา / ต่อยขวา - ออกหมัดหนักหรือโจมตีด้วยมือขวา มักใช้ทำ,pipeline:multi_question_splitter,multi_question/multi_question_split,100.0,True,0.915,0,,,
MB-1275-C-039,compound,compound,นักศึกษา PSU เล่น PC 30 นาที เสียกี่บาท แล้วจองยังไง,คำถามนี้มีหลายเรื่อง ขอแยกตอบเป็นข้อ ๆ: คำถามที่ 1: นักศึกษา PSU เล่น PC 30 นาที เสีย กี่บาท ระยะเวลาที่ถามคือ 30 นาที ใช้ 1 session ตามแพ็กเกจ PC 1 ชั่วโมง คำตอบราคา: 0 บาท สำหรับกลุ่ม PSU Student and Staff • คำนวณจาก 0 บาท/session x 1 session = 0 บาท กลุ่มผู้ใช้ที่ตรวจเจอ: PSU Student and Staff รายละเอียดจากตาราง: PC 1 ชั่วโมง (1 คน) • PSU Student and Staff: 0 บาท • PSU Alumni and General Student: 25 บาท • General Adult: 70 บาท หมายเหตุข้อมูล PC: ราคา PC เพิ่มจาก local service fee update 2026-07-27 แหล่งข้อมูล: https://esports.computing.psu.ac.th/wp-content/uploads/2026/01/PSU-Esports-Studio-phuket-SERVICE-FEE-2026.png คำถามที่ 2: จะเล่น นักศึกษา PSU เล่น PC 30 นาที เสีย จองยังไง ยังไม่พบข,pipeline:multi_question_splitter,multi_question/multi_question_split,100.0,True,5.1766,0,,,
MB-1276-C-040,compound,compound,นักศึกษา PSU เล่น PC 1 ชั่วโมง เสียกี่บาท แล้วจองยังไง,คำถามนี้มีหลายเรื่อง ขอแยกตอบเป็นข้อ ๆ: คำถามที่ 1: นักศึกษา PSU เล่น PC 1 ชั่วโมง เสีย กี่บาท ระยะเวลาที่ถามคือ 1 ชั่วโมง ใช้ 1 session ตามแพ็กเกจ PC 1 ชั่วโมง คำตอบราคา: 0 บาท สำหรับกลุ่ม PSU Student and Staff • คำนวณจาก 0 บาท/session x 1 session = 0 บาท กลุ่มผู้ใช้ที่ตรวจเจอ: PSU Student and Staff รายละเอียดจากตาราง: PC 1 ชั่วโมง (1 คน) • PSU Student and Staff: 0 บาท • PSU Alumni and General Student: 25 บาท • General Adult: 70 บาท หมายเหตุข้อมูล PC: ราคา PC เพิ่มจาก local service fee update 2026-07-27 แหล่งข้อมูล: https://esports.computing.psu.ac.th/wp-content/uploads/2026/01/PSU-Esports-Studio-phuket-SERVICE-FEE-2026.png คำถามที่ 2: จะเล่น นักศึกษา PSU เล่น PC 1 ชั่วโมง เสีย จองยังไง ยัง,pipeline:multi_question_splitter,multi_question/multi_question_split,100.0,True,1.072,0,,,
MB-1277-C-041,compound,compound,นักศึกษา PSU เล่น PC 2 ชั่วโมง เสียกี่บาท แล้วจองยังไง,คำถามนี้มีหลายเรื่อง ขอแยกตอบเป็นข้อ ๆ: คำถามที่ 1: นักศึกษา PSU เล่น PC 2 ชั่วโมง เสีย กี่บาท ระยะเวลาที่ถามคือ 2 ชั่วโมง ใช้ 2 session ตามแพ็กเกจ PC 1 ชั่วโมง คำตอบราคา: 0 บาท สำหรับกลุ่ม PSU Student and Staff • คำนวณจาก 0 บาท/session x 2 session = 0 บาท กลุ่มผู้ใช้ที่ตรวจเจอ: PSU Student and Staff รายละเอียดจากตาราง: PC 1 ชั่วโมง (1 คน) • PSU Student and Staff: 0 บาท • PSU Alumni and General Student: 25 บาท • General Adult: 70 บาท หมายเหตุข้อมูล PC: ราคา PC เพิ่มจาก local service fee update 2026-07-27 แหล่งข้อมูล: https://esports.computing.psu.ac.th/wp-content/uploads/2026/01/PSU-Esports-Studio-phuket-SERVICE-FEE-2026.png คำถามที่ 2: จะเล่น นักศึกษา PSU เล่น PC 2 ชั่วโมง เสีย จองยังไง ยัง,pipeline:multi_question_splitter,multi_question/multi_question_split,100.0,True,1.0962,0,,,
MB-1278-C-042,compound,compound,นักศึกษาต่างมหาลัย เล่น PC 30 นาที เสียกี่บาท แล้วจองยังไง,คำถามนี้มีหลายเรื่อง ขอแยกตอบเป็นข้อ ๆ: คำถามที่ 1: นักศึกษาต่างมหาลัย เล่น PC 30 นาที เสีย กี่บาท ระยะเวลาที่ถามคือ 30 นาที ใช้ 1 session ตามแพ็กเกจ PC 1 ชั่วโมง คำตอบราคา: 25 บาท สำหรับกลุ่ม PSU Alumni and General Student / นักศึกษาหรือนักเรียนต่างสถาบัน • คำนวณจาก 25 บาท/session x 1 session = 25 บาท กลุ่มผู้ใช้ที่ตรวจเจอ: PSU Alumni and General Student / นักศึกษาหรือนักเรียนต่างสถาบัน / มหาลัยอื่น รายละเอียดจากตาราง: PC 1 ชั่วโมง (1 คน) • PSU Student and Staff: 0 บาท • PSU Alumni and General Student: 25 บาท • General Adult: 70 บาท หมายเหตุข้อมูล PC: ราคา PC เพิ่มจาก local service fee update 2026-07-27 แหล่งข้อมูล: https://esports.computing.psu.ac.th/wp-content/uploads/2026/01/PSU-Esports-,pipeline:multi_question_splitter,multi_question/multi_question_split,100.0,True,1.1631,0,,,
MB-1279-C-043,compound,compound,นักศึกษาต่างมหาลัย เล่น PC 1 ชั่วโมง เสียกี่บาท แล้วจองยังไง,คำถามนี้มีหลายเรื่อง ขอแยกตอบเป็นข้อ ๆ: คำถามที่ 1: นักศึกษาต่างมหาลัย เล่น PC 1 ชั่วโมง เสีย กี่บาท ระยะเวลาที่ถามคือ 1 ชั่วโมง ใช้ 1 session ตามแพ็กเกจ PC 1 ชั่วโมง คำตอบราคา: 25 บาท สำหรับกลุ่ม PSU Alumni and General Student / นักศึกษาหรือนักเรียนต่างสถาบัน • คำนวณจาก 25 บาท/session x 1 session = 25 บาท กลุ่มผู้ใช้ที่ตรวจเจอ: PSU Alumni and General Student / นักศึกษาหรือนักเรียนต่างสถาบัน / มหาลัยอื่น รายละเอียดจากตาราง: PC 1 ชั่วโมง (1 คน) • PSU Student and Staff: 0 บาท • PSU Alumni and General Student: 25 บาท • General Adult: 70 บาท หมายเหตุข้อมูล PC: ราคา PC เพิ่มจาก local service fee update 2026-07-27 แหล่งข้อมูล: https://esports.computing.psu.ac.th/wp-content/uploads/2026/01/PSU-Espo,pipeline:multi_question_splitter,multi_question/multi_question_split,100.0,True,1.1316,0,,,
MB-1280-C-044,compound,compound,นักศึกษาต่างมหาลัย เล่น PC 2 ชั่วโมง เสียกี่บาท แล้วจองยังไง,คำถามนี้มีหลายเรื่อง ขอแยกตอบเป็นข้อ ๆ: คำถามที่ 1: นักศึกษาต่างมหาลัย เล่น PC 2 ชั่วโมง เสีย กี่บาท ระยะเวลาที่ถามคือ 2 ชั่วโมง ใช้ 2 session ตามแพ็กเกจ PC 1 ชั่วโมง คำตอบราคา: 50 บาท สำหรับกลุ่ม PSU Alumni and General Student / นักศึกษาหรือนักเรียนต่างสถาบัน • คำนวณจาก 25 บาท/session x 2 session = 50 บาท กลุ่มผู้ใช้ที่ตรวจเจอ: PSU Alumni and General Student / นักศึกษาหรือนักเรียนต่างสถาบัน / มหาลัยอื่น รายละเอียดจากตาราง: PC 1 ชั่วโมง (1 คน) • PSU Student and Staff: 0 บาท • PSU Alumni and General Student: 25 บาท • General Adult: 70 บาท หมายเหตุข้อมูล PC: ราคา PC เพิ่มจาก local service fee update 2026-07-27 แหล่งข้อมูล: https://esports.computing.psu.ac.th/wp-content/uploads/2026/01/PSU-Espo,pipeline:multi_question_splitter,multi_question/multi_question_split,100.0,True,1.1402,0,,,
MB-1281-C-045,compound,compound,บุคคลทั่วไป เล่น PC 30 นาที เสียกี่บาท แล้วจองยังไง,คำถามนี้มีหลายเรื่อง ขอแยกตอบเป็นข้อ ๆ: คำถามที่ 1: บุคคลทั่วไป เล่น PC 30 นาที เสีย กี่บาท ระยะเวลาที่ถามคือ 30 นาที ใช้ 1 session ตามแพ็กเกจ PC 1 ชั่วโมง คำตอบราคา: 70 บาท สำหรับกลุ่ม General Adult / บุคคลทั่วไป • คำนวณจาก 70 บาท/session x 1 session = 70 บาท กลุ่มผู้ใช้ที่ตรวจเจอ: General Adult / บุคคลทั่วไป รายละเอียดจากตาราง: PC 1 ชั่วโมง (1 คน) • PSU Student and Staff: 0 บาท • PSU Alumni and General Student: 25 บาท • General Adult: 70 บาท หมายเหตุข้อมูล PC: ราคา PC เพิ่มจาก local service fee update 2026-07-27 แหล่งข้อมูล: https://esports.computing.psu.ac.th/wp-content/uploads/2026/01/PSU-Esports-Studio-phuket-SERVICE-FEE-2026.png คำถามที่ 2: จะเล่น บุคคลทั่วไป เล่น PC 30 นาที เสีย จองยั,pipeline:multi_question_splitter,multi_question/multi_question_split,100.0,True,4.5954,1,query_planner,,
MB-1282-C-046,compound,compound,บุคคลทั่วไป เล่น PC 1 ชั่วโมง เสียกี่บาท แล้วจองยังไง,คำถามนี้มีหลายเรื่อง ขอแยกตอบเป็นข้อ ๆ: คำถามที่ 1: บุคคลทั่วไป เล่น PC 1 ชั่วโมง เสีย กี่บาท ระยะเวลาที่ถามคือ 1 ชั่วโมง ใช้ 1 session ตามแพ็กเกจ PC 1 ชั่วโมง คำตอบราคา: 70 บาท สำหรับกลุ่ม General Adult / บุคคลทั่วไป • คำนวณจาก 70 บาท/session x 1 session = 70 บาท กลุ่มผู้ใช้ที่ตรวจเจอ: General Adult / บุคคลทั่วไป รายละเอียดจากตาราง: PC 1 ชั่วโมง (1 คน) • PSU Student and Staff: 0 บาท • PSU Alumni and General Student: 25 บาท • General Adult: 70 บาท หมายเหตุข้อมูล PC: ราคา PC เพิ่มจาก local service fee update 2026-07-27 แหล่งข้อมูล: https://esports.computing.psu.ac.th/wp-content/uploads/2026/01/PSU-Esports-Studio-phuket-SERVICE-FEE-2026.png คำถามที่ 2: จะเล่น บุคคลทั่วไป เล่น PC 1 ชั่วโมง เสีย,pipeline:multi_question_splitter,multi_question/multi_question_split,100.0,True,1.2445,1,query_planner,,
MB-1283-C-047,compound,compound,บุคคลทั่วไป เล่น PC 2 ชั่วโมง เสียกี่บาท แล้วจองยังไง,คำถามนี้มีหลายเรื่อง ขอแยกตอบเป็นข้อ ๆ: คำถามที่ 1: บุคคลทั่วไป เล่น PC 2 ชั่วโมง เสีย กี่บาท ระยะเวลาที่ถามคือ 2 ชั่วโมง ใช้ 2 session ตามแพ็กเกจ PC 1 ชั่วโมง คำตอบราคา: 140 บาท สำหรับกลุ่ม General Adult / บุคคลทั่วไป • คำนวณจาก 70 บาท/session x 2 session = 140 บาท กลุ่มผู้ใช้ที่ตรวจเจอ: General Adult / บุคคลทั่วไป รายละเอียดจากตาราง: PC 1 ชั่วโมง (1 คน) • PSU Student and Staff: 0 บาท • PSU Alumni and General Student: 25 บาท • General Adult: 70 บาท หมายเหตุข้อมูล PC: ราคา PC เพิ่มจาก local service fee update 2026-07-27 แหล่งข้อมูล: https://esports.computing.psu.ac.th/wp-content/uploads/2026/01/PSU-Esports-Studio-phuket-SERVICE-FEE-2026.png คำถามที่ 2: จะเล่น บุคคลทั่วไป เล่น PC 2 ชั่วโมง เส,pipeline:multi_question_splitter,multi_question/multi_question_split,100.0,True,1.2599,1,query_planner,,
MB-1284-C-048,compound,compound,นักศึกษา PSU เล่น PS5 30 นาที เสียกี่บาท แล้วจองยังไง,"คำถามนี้มีหลายเรื่อง ขอแยกตอบเป็นข้อ ๆ: คำถามที่ 1: นักศึกษา PSU เล่น PS5 30 นาที เสีย กี่บาท ระยะเวลาที่ถามคือ 30 นาที ใช้ 1 session ตามแพ็กเกจ PlayStation 5 60 นาที คำตอบราคา: 0 บาท สำหรับกลุ่ม PSU Student and Staff • คำนวณจาก 0 บาท/session x 1 session = 0 บาท กลุ่มผู้ใช้ที่ตรวจเจอ: PSU Student and Staff รายละเอียดจากตาราง: PlayStation 5 60 นาที (1 ชั่วโมง, 1-2 คน) • PSU Student and Staff: 0 บาท • PSU Alumni and General Student: 50 บาท • General Adult: 150 บาท แหล่งข้อมูล: https://esports.computing.psu.ac.th/wp-content/uploads/2026/01/PSU-Esports-Studio-phuket-SERVICE-FEE-2026.png คำถามที่ 2: จะเล่น นักศึกษา PSU เล่น PS5 30 นาที เสีย จองยังไง จองคิวเล่นเกม/ใช้อุปกรณ์ได้ผ่านระบบจองออนไลน์คร",pipeline:multi_question_splitter,multi_question/multi_question_split,100.0,True,0.8111,0,,,
MB-1285-C-049,compound,compound,นักศึกษา PSU เล่น PS5 1 ชั่วโมง เสียกี่บาท แล้วจองยังไง,"คำถามนี้มีหลายเรื่อง ขอแยกตอบเป็นข้อ ๆ: คำถามที่ 1: นักศึกษา PSU เล่น PS5 1 ชั่วโมง เสีย กี่บาท ระยะเวลาที่ถามคือ 1 ชั่วโมง ใช้ 1 session ตามแพ็กเกจ PlayStation 5 60 นาที คำตอบราคา: 0 บาท สำหรับกลุ่ม PSU Student and Staff • คำนวณจาก 0 บาท/session x 1 session = 0 บาท กลุ่มผู้ใช้ที่ตรวจเจอ: PSU Student and Staff รายละเอียดจากตาราง: PlayStation 5 60 นาที (1 ชั่วโมง, 1-2 คน) • PSU Student and Staff: 0 บาท • PSU Alumni and General Student: 50 บาท • General Adult: 150 บาท แหล่งข้อมูล: https://esports.computing.psu.ac.th/wp-content/uploads/2026/01/PSU-Esports-Studio-phuket-SERVICE-FEE-2026.png คำถามที่ 2: จะเล่น นักศึกษา PSU เล่น PS5 1 ชั่วโมง เสีย จองยังไง จองคิวเล่นเกม/ใช้อุปกรณ์ได้ผ่านระบบจองออน",pipeline:multi_question_splitter,multi_question/multi_question_split,100.0,True,0.8261,0,,,
MB-1286-C-050,compound,compound,นักศึกษา PSU เล่น PS5 2 ชั่วโมง เสียกี่บาท แล้วจองยังไง,"คำถามนี้มีหลายเรื่อง ขอแยกตอบเป็นข้อ ๆ: คำถามที่ 1: นักศึกษา PSU เล่น PS5 2 ชั่วโมง เสีย กี่บาท ระยะเวลาที่ถามคือ 2 ชั่วโมง ใช้ 2 session ตามแพ็กเกจ PlayStation 5 60 นาที คำตอบราคา: 0 บาท สำหรับกลุ่ม PSU Student and Staff • คำนวณจาก 0 บาท/session x 2 session = 0 บาท กลุ่มผู้ใช้ที่ตรวจเจอ: PSU Student and Staff รายละเอียดจากตาราง: PlayStation 5 60 นาที (1 ชั่วโมง, 1-2 คน) • PSU Student and Staff: 0 บาท • PSU Alumni and General Student: 50 บาท • General Adult: 150 บาท แหล่งข้อมูล: https://esports.computing.psu.ac.th/wp-content/uploads/2026/01/PSU-Esports-Studio-phuket-SERVICE-FEE-2026.png คำถามที่ 2: จะเล่น นักศึกษา PSU เล่น PS5 2 ชั่วโมง เสีย จองยังไง จองคิวเล่นเกม/ใช้อุปกรณ์ได้ผ่านระบบจองออน",pipeline:multi_question_splitter,multi_question/multi_question_split,100.0,True,0.8663,0,,,
MB-1287-C-051,compound,compound,นักศึกษาต่างมหาลัย เล่น PS5 30 นาที เสียกี่บาท แล้วจองยังไง,"คำถามนี้มีหลายเรื่อง ขอแยกตอบเป็นข้อ ๆ: คำถามที่ 1: นักศึกษาต่างมหาลัย เล่น PS5 30 นาที เสีย กี่บาท ระยะเวลาที่ถามคือ 30 นาที ใช้ 1 session ตามแพ็กเกจ PlayStation 5 60 นาที คำตอบราคา: 50 บาท สำหรับกลุ่ม PSU Alumni and General Student / นักศึกษาหรือนักเรียนต่างสถาบัน • คำนวณจาก 50 บาท/session x 1 session = 50 บาท กลุ่มผู้ใช้ที่ตรวจเจอ: PSU Alumni and General Student / นักศึกษาหรือนักเรียนต่างสถาบัน / มหาลัยอื่น รายละเอียดจากตาราง: PlayStation 5 60 นาที (1 ชั่วโมง, 1-2 คน) • PSU Student and Staff: 0 บาท • PSU Alumni and General Student: 50 บาท • General Adult: 150 บาท แหล่งข้อมูล: https://esports.computing.psu.ac.th/wp-content/uploads/2026/01/PSU-Esports-Studio-phuket-SERVICE-FEE-2026.png คำถา",pipeline:multi_question_splitter,multi_question/multi_question_split,100.0,True,0.8688,0,,,
MB-1288-C-052,compound,compound,นักศึกษาต่างมหาลัย เล่น PS5 1 ชั่วโมง เสียกี่บาท แล้วจองยังไง,"คำถามนี้มีหลายเรื่อง ขอแยกตอบเป็นข้อ ๆ: คำถามที่ 1: นักศึกษาต่างมหาลัย เล่น PS5 1 ชั่วโมง เสีย กี่บาท ระยะเวลาที่ถามคือ 1 ชั่วโมง ใช้ 1 session ตามแพ็กเกจ PlayStation 5 60 นาที คำตอบราคา: 50 บาท สำหรับกลุ่ม PSU Alumni and General Student / นักศึกษาหรือนักเรียนต่างสถาบัน • คำนวณจาก 50 บาท/session x 1 session = 50 บาท กลุ่มผู้ใช้ที่ตรวจเจอ: PSU Alumni and General Student / นักศึกษาหรือนักเรียนต่างสถาบัน / มหาลัยอื่น รายละเอียดจากตาราง: PlayStation 5 60 นาที (1 ชั่วโมง, 1-2 คน) • PSU Student and Staff: 0 บาท • PSU Alumni and General Student: 50 บาท • General Adult: 150 บาท แหล่งข้อมูล: https://esports.computing.psu.ac.th/wp-content/uploads/2026/01/PSU-Esports-Studio-phuket-SERVICE-FEE-2026.png ",pipeline:multi_question_splitter,multi_question/multi_question_split,100.0,True,0.8572,0,,,
MB-1289-C-053,compound,compound,นักศึกษาต่างมหาลัย เล่น PS5 2 ชั่วโมง เสียกี่บาท แล้วจองยังไง,"คำถามนี้มีหลายเรื่อง ขอแยกตอบเป็นข้อ ๆ: คำถามที่ 1: นักศึกษาต่างมหาลัย เล่น PS5 2 ชั่วโมง เสีย กี่บาท ระยะเวลาที่ถามคือ 2 ชั่วโมง ใช้ 2 session ตามแพ็กเกจ PlayStation 5 60 นาที คำตอบราคา: 100 บาท สำหรับกลุ่ม PSU Alumni and General Student / นักศึกษาหรือนักเรียนต่างสถาบัน • คำนวณจาก 50 บาท/session x 2 session = 100 บาท กลุ่มผู้ใช้ที่ตรวจเจอ: PSU Alumni and General Student / นักศึกษาหรือนักเรียนต่างสถาบัน / มหาลัยอื่น รายละเอียดจากตาราง: PlayStation 5 60 นาที (1 ชั่วโมง, 1-2 คน) • PSU Student and Staff: 0 บาท • PSU Alumni and General Student: 50 บาท • General Adult: 150 บาท แหล่งข้อมูล: https://esports.computing.psu.ac.th/wp-content/uploads/2026/01/PSU-Esports-Studio-phuket-SERVICE-FEE-2026.pn",pipeline:multi_question_splitter,multi_question/multi_question_split,100.0,True,0.9016,0,,,
MB-1290-C-054,compound,compound,บุคคลทั่วไป เล่น PS5 30 นาที เสียกี่บาท แล้วจองยังไง,"คำถามนี้มีหลายเรื่อง ขอแยกตอบเป็นข้อ ๆ: คำถามที่ 1: บุคคลทั่วไป เล่น PS5 30 นาที เสีย กี่บาท ระยะเวลาที่ถามคือ 30 นาที ใช้ 1 session ตามแพ็กเกจ PlayStation 5 60 นาที คำตอบราคา: 150 บาท สำหรับกลุ่ม General Adult / บุคคลทั่วไป • คำนวณจาก 150 บาท/session x 1 session = 150 บาท กลุ่มผู้ใช้ที่ตรวจเจอ: General Adult / บุคคลทั่วไป รายละเอียดจากตาราง: PlayStation 5 60 นาที (1 ชั่วโมง, 1-2 คน) • PSU Student and Staff: 0 บาท • PSU Alumni and General Student: 50 บาท • General Adult: 150 บาท แหล่งข้อมูล: https://esports.computing.psu.ac.th/wp-content/uploads/2026/01/PSU-Esports-Studio-phuket-SERVICE-FEE-2026.png คำถามที่ 2: จะเล่น บุคคลทั่วไป เล่น PS5 30 นาที เสีย จองยังไง จองคิวเล่นเกม/ใช้อุปกรณ์ได้ผ่าน",pipeline:multi_question_splitter,multi_question/multi_question_split,100.0,True,0.7519,1,query_planner,,
MB-1291-C-055,compound,compound,บุคคลทั่วไป เล่น PS5 1 ชั่วโมง เสียกี่บาท แล้วจองยังไง,"คำถามนี้มีหลายเรื่อง ขอแยกตอบเป็นข้อ ๆ: คำถามที่ 1: บุคคลทั่วไป เล่น PS5 1 ชั่วโมง เสีย กี่บาท ระยะเวลาที่ถามคือ 1 ชั่วโมง ใช้ 1 session ตามแพ็กเกจ PlayStation 5 60 นาที คำตอบราคา: 150 บาท สำหรับกลุ่ม General Adult / บุคคลทั่วไป • คำนวณจาก 150 บาท/session x 1 session = 150 บาท กลุ่มผู้ใช้ที่ตรวจเจอ: General Adult / บุคคลทั่วไป รายละเอียดจากตาราง: PlayStation 5 60 นาที (1 ชั่วโมง, 1-2 คน) • PSU Student and Staff: 0 บาท • PSU Alumni and General Student: 50 บาท • General Adult: 150 บาท แหล่งข้อมูล: https://esports.computing.psu.ac.th/wp-content/uploads/2026/01/PSU-Esports-Studio-phuket-SERVICE-FEE-2026.png คำถามที่ 2: จะเล่น บุคคลทั่วไป เล่น PS5 1 ชั่วโมง เสีย จองยังไง จองคิวเล่นเกม/ใช้อุปกรณ์ไ",pipeline:multi_question_splitter,multi_question/multi_question_split,100.0,True,0.7617,1,query_planner,,
MB-1292-C-056,compound,compound,บุคคลทั่วไป เล่น PS5 2 ชั่วโมง เสียกี่บาท แล้วจองยังไง,"คำถามนี้มีหลายเรื่อง ขอแยกตอบเป็นข้อ ๆ: คำถามที่ 1: บุคคลทั่วไป เล่น PS5 2 ชั่วโมง เสีย กี่บาท ระยะเวลาที่ถามคือ 2 ชั่วโมง ใช้ 2 session ตามแพ็กเกจ PlayStation 5 60 นาที คำตอบราคา: 300 บาท สำหรับกลุ่ม General Adult / บุคคลทั่วไป • คำนวณจาก 150 บาท/session x 2 session = 300 บาท กลุ่มผู้ใช้ที่ตรวจเจอ: General Adult / บุคคลทั่วไป รายละเอียดจากตาราง: PlayStation 5 60 นาที (1 ชั่วโมง, 1-2 คน) • PSU Student and Staff: 0 บาท • PSU Alumni and General Student: 50 บาท • General Adult: 150 บาท แหล่งข้อมูล: https://esports.computing.psu.ac.th/wp-content/uploads/2026/01/PSU-Esports-Studio-phuket-SERVICE-FEE-2026.png คำถามที่ 2: จะเล่น บุคคลทั่วไป เล่น PS5 2 ชั่วโมง เสีย จองยังไง จองคิวเล่นเกม/ใช้อุปกรณ์ไ",pipeline:multi_question_splitter,multi_question/multi_question_split,100.0,True,0.738,1,query_planner,,
MB-1293-C-057,compound,compound,นักศึกษา PSU เล่น Nintendo Switch 30 นาที เสียกี่บาท แล้วจองยังไง,คำถามนี้มีหลายเรื่อง ขอแยกตอบเป็นข้อ ๆ: คำถามที่ 1: นักศึกษา PSU เล่น Nintendo Switch 30 นาที เสีย กี่บาท ราคา Nintendo Switch สำหรับกลุ่ม PSU Student and Staff • Nintendo Switch 1-2 คน: 0 บาท • Nintendo Switch 3-4 คน: 0 บาท กลุ่มผู้ใช้ที่ตรวจเจอ: PSU Student and Staff หมายเหตุ: คำถามยังไม่ระบุจำนวนผู้เล่น จึงแสดงทั้งราคา 1-2 คนและ 3-4 คน รายละเอียดจากตาราง: Nintendo Switch 1-2 คน 60 นาที (1 ชั่วโมง) • PSU Student and Staff: 0 บาท • PSU Alumni and General Student: 50 บาท • General Adult: 140 บาท Nintendo Switch 3-4 คน 60 นาที (1 ชั่วโมง) • PSU Student and Staff: 0 บาท • PSU Alumni and General Student: 100 บาท • General Adult: 280 บาท แหล่งข้อมูล: https://esports.computing.psu.ac.th/wp-conten,pipeline:multi_question_splitter,multi_question/multi_question_split,100.0,True,0.9403,0,,,
MB-1294-C-058,compound,compound,นักศึกษา PSU เล่น Nintendo Switch 1 ชั่วโมง เสียกี่บาท แล้วจองยังไง,คำถามนี้มีหลายเรื่อง ขอแยกตอบเป็นข้อ ๆ: คำถามที่ 1: นักศึกษา PSU เล่น Nintendo Switch 1 ชั่วโมง เสีย กี่บาท ราคา Nintendo Switch สำหรับกลุ่ม PSU Student and Staff • Nintendo Switch 1-2 คน: 0 บาท • Nintendo Switch 3-4 คน: 0 บาท กลุ่มผู้ใช้ที่ตรวจเจอ: PSU Student and Staff หมายเหตุ: คำถามยังไม่ระบุจำนวนผู้เล่น จึงแสดงทั้งราคา 1-2 คนและ 3-4 คน รายละเอียดจากตาราง: Nintendo Switch 1-2 คน 60 นาที (1 ชั่วโมง) • PSU Student and Staff: 0 บาท • PSU Alumni and General Student: 50 บาท • General Adult: 140 บาท Nintendo Switch 3-4 คน 60 นาที (1 ชั่วโมง) • PSU Student and Staff: 0 บาท • PSU Alumni and General Student: 100 บาท • General Adult: 280 บาท แหล่งข้อมูล: https://esports.computing.psu.ac.th/wp-cont,pipeline:multi_question_splitter,multi_question/multi_question_split,100.0,True,1.0221,0,,,
MB-1295-C-059,compound,compound,นักศึกษา PSU เล่น Nintendo Switch 2 ชั่วโมง เสียกี่บาท แล้วจองยังไง,คำถามนี้มีหลายเรื่อง ขอแยกตอบเป็นข้อ ๆ: คำถามที่ 1: นักศึกษา PSU เล่น Nintendo Switch 2 ชั่วโมง เสีย กี่บาท ราคา Nintendo Switch สำหรับกลุ่ม PSU Student and Staff • Nintendo Switch 1-2 คน: 0 บาท • Nintendo Switch 3-4 คน: 0 บาท กลุ่มผู้ใช้ที่ตรวจเจอ: PSU Student and Staff หมายเหตุ: คำถามยังไม่ระบุจำนวนผู้เล่น จึงแสดงทั้งราคา 1-2 คนและ 3-4 คน รายละเอียดจากตาราง: Nintendo Switch 1-2 คน 60 นาที (1 ชั่วโมง) • PSU Student and Staff: 0 บาท • PSU Alumni and General Student: 50 บาท • General Adult: 140 บาท Nintendo Switch 3-4 คน 60 นาที (1 ชั่วโมง) • PSU Student and Staff: 0 บาท • PSU Alumni and General Student: 100 บาท • General Adult: 280 บาท แหล่งข้อมูล: https://esports.computing.psu.ac.th/wp-cont,pipeline:multi_question_splitter,multi_question/multi_question_split,100.0,True,1.1849,0,,,
MB-1296-C-060,compound,compound,นักศึกษาต่างมหาลัย เล่น Nintendo Switch 30 นาที เสียกี่บาท แล้วจองยังไง,คำถามนี้มีหลายเรื่อง ขอแยกตอบเป็นข้อ ๆ: คำถามที่ 1: นักศึกษาต่างมหาลัย เล่น Nintendo Switch 30 นาที เสีย กี่บาท ราคา Nintendo Switch สำหรับกลุ่ม PSU Alumni and General Student / นักศึกษาหรือนักเรียนต่างสถาบัน • Nintendo Switch 1-2 คน: 50 บาท • Nintendo Switch 3-4 คน: 100 บาท กลุ่มผู้ใช้ที่ตรวจเจอ: PSU Alumni and General Student / นักศึกษาหรือนักเรียนต่างสถาบัน / มหาลัยอื่น หมายเหตุ: คำถามยังไม่ระบุจำนวนผู้เล่น จึงแสดงทั้งราคา 1-2 คนและ 3-4 คน รายละเอียดจากตาราง: Nintendo Switch 1-2 คน 60 นาที (1 ชั่วโมง) • PSU Student and Staff: 0 บาท • PSU Alumni and General Student: 50 บาท • General Adult: 140 บาท Nintendo Switch 3-4 คน 60 นาที (1 ชั่วโมง) • PSU Student and Staff: 0 บาท • PSU Alumni and Ge,pipeline:multi_question_splitter,multi_question/multi_question_split,100.0,True,1.1157,0,,,
MB-1297-C-061,compound,compound,นักศึกษาต่างมหาลัย เล่น Nintendo Switch 1 ชั่วโมง เสียกี่บาท แล้วจองยังไง,คำถามนี้มีหลายเรื่อง ขอแยกตอบเป็นข้อ ๆ: คำถามที่ 1: นักศึกษาต่างมหาลัย เล่น Nintendo Switch 1 ชั่วโมง เสีย กี่บาท ราคา Nintendo Switch สำหรับกลุ่ม PSU Alumni and General Student / นักศึกษาหรือนักเรียนต่างสถาบัน • Nintendo Switch 1-2 คน: 50 บาท • Nintendo Switch 3-4 คน: 100 บาท กลุ่มผู้ใช้ที่ตรวจเจอ: PSU Alumni and General Student / นักศึกษาหรือนักเรียนต่างสถาบัน / มหาลัยอื่น หมายเหตุ: คำถามยังไม่ระบุจำนวนผู้เล่น จึงแสดงทั้งราคา 1-2 คนและ 3-4 คน รายละเอียดจากตาราง: Nintendo Switch 1-2 คน 60 นาที (1 ชั่วโมง) • PSU Student and Staff: 0 บาท • PSU Alumni and General Student: 50 บาท • General Adult: 140 บาท Nintendo Switch 3-4 คน 60 นาที (1 ชั่วโมง) • PSU Student and Staff: 0 บาท • PSU Alumni and ,pipeline:multi_question_splitter,multi_question/multi_question_split,100.0,True,1.1289,0,,,
MB-1298-C-062,compound,compound,นักศึกษาต่างมหาลัย เล่น Nintendo Switch 2 ชั่วโมง เสียกี่บาท แล้วจองยังไง,คำถามนี้มีหลายเรื่อง ขอแยกตอบเป็นข้อ ๆ: คำถามที่ 1: นักศึกษาต่างมหาลัย เล่น Nintendo Switch 2 ชั่วโมง เสีย กี่บาท ราคา Nintendo Switch สำหรับกลุ่ม PSU Alumni and General Student / นักศึกษาหรือนักเรียนต่างสถาบัน • Nintendo Switch 1-2 คน: 50 บาท • Nintendo Switch 3-4 คน: 100 บาท กลุ่มผู้ใช้ที่ตรวจเจอ: PSU Alumni and General Student / นักศึกษาหรือนักเรียนต่างสถาบัน / มหาลัยอื่น หมายเหตุ: คำถามยังไม่ระบุจำนวนผู้เล่น จึงแสดงทั้งราคา 1-2 คนและ 3-4 คน รายละเอียดจากตาราง: Nintendo Switch 1-2 คน 60 นาที (1 ชั่วโมง) • PSU Student and Staff: 0 บาท • PSU Alumni and General Student: 50 บาท • General Adult: 140 บาท Nintendo Switch 3-4 คน 60 นาที (1 ชั่วโมง) • PSU Student and Staff: 0 บาท • PSU Alumni and ,pipeline:multi_question_splitter,multi_question/multi_question_split,100.0,True,1.1463,0,,,
MB-1299-C-063,compound,compound,บุคคลทั่วไป เล่น Nintendo Switch 30 นาที เสียกี่บาท แล้วจองยังไง,คำถามนี้มีหลายเรื่อง ขอแยกตอบเป็นข้อ ๆ: คำถามที่ 1: บุคคลทั่วไป เล่น Nintendo Switch 30 นาที เสีย กี่บาท ราคา Nintendo Switch สำหรับกลุ่ม General Adult / บุคคลทั่วไป • Nintendo Switch 1-2 คน: 140 บาท • Nintendo Switch 3-4 คน: 280 บาท กลุ่มผู้ใช้ที่ตรวจเจอ: General Adult / บุคคลทั่วไป หมายเหตุ: คำถามยังไม่ระบุจำนวนผู้เล่น จึงแสดงทั้งราคา 1-2 คนและ 3-4 คน รายละเอียดจากตาราง: Nintendo Switch 1-2 คน 60 นาที (1 ชั่วโมง) • PSU Student and Staff: 0 บาท • PSU Alumni and General Student: 50 บาท • General Adult: 140 บาท Nintendo Switch 3-4 คน 60 นาที (1 ชั่วโมง) • PSU Student and Staff: 0 บาท • PSU Alumni and General Student: 100 บาท • General Adult: 280 บาท แหล่งข้อมูล: https://esports.computing.psu.,pipeline:multi_question_splitter,multi_question/multi_question_split,100.0,True,0.8996,1,query_planner,,
MB-1300-C-064,compound,compound,บุคคลทั่วไป เล่น Nintendo Switch 1 ชั่วโมง เสียกี่บาท แล้วจองยังไง,คำถามนี้มีหลายเรื่อง ขอแยกตอบเป็นข้อ ๆ: คำถามที่ 1: บุคคลทั่วไป เล่น Nintendo Switch 1 ชั่วโมง เสีย กี่บาท ราคา Nintendo Switch สำหรับกลุ่ม General Adult / บุคคลทั่วไป • Nintendo Switch 1-2 คน: 140 บาท • Nintendo Switch 3-4 คน: 280 บาท กลุ่มผู้ใช้ที่ตรวจเจอ: General Adult / บุคคลทั่วไป หมายเหตุ: คำถามยังไม่ระบุจำนวนผู้เล่น จึงแสดงทั้งราคา 1-2 คนและ 3-4 คน รายละเอียดจากตาราง: Nintendo Switch 1-2 คน 60 นาที (1 ชั่วโมง) • PSU Student and Staff: 0 บาท • PSU Alumni and General Student: 50 บาท • General Adult: 140 บาท Nintendo Switch 3-4 คน 60 นาที (1 ชั่วโมง) • PSU Student and Staff: 0 บาท • PSU Alumni and General Student: 100 บาท • General Adult: 280 บาท แหล่งข้อมูล: https://esports.computing.ps,pipeline:multi_question_splitter,multi_question/multi_question_split,100.0,True,0.896,1,query_planner,,
MB-1301-C-065,compound,compound,บุคคลทั่วไป เล่น Nintendo Switch 2 ชั่วโมง เสียกี่บาท แล้วจองยังไง,คำถามนี้มีหลายเรื่อง ขอแยกตอบเป็นข้อ ๆ: คำถามที่ 1: บุคคลทั่วไป เล่น Nintendo Switch 2 ชั่วโมง เสีย กี่บาท ราคา Nintendo Switch สำหรับกลุ่ม General Adult / บุคคลทั่วไป • Nintendo Switch 1-2 คน: 140 บาท • Nintendo Switch 3-4 คน: 280 บาท กลุ่มผู้ใช้ที่ตรวจเจอ: General Adult / บุคคลทั่วไป หมายเหตุ: คำถามยังไม่ระบุจำนวนผู้เล่น จึงแสดงทั้งราคา 1-2 คนและ 3-4 คน รายละเอียดจากตาราง: Nintendo Switch 1-2 คน 60 นาที (1 ชั่วโมง) • PSU Student and Staff: 0 บาท • PSU Alumni and General Student: 50 บาท • General Adult: 140 บาท Nintendo Switch 3-4 คน 60 นาที (1 ชั่วโมง) • PSU Student and Staff: 0 บาท • PSU Alumni and General Student: 100 บาท • General Adult: 280 บาท แหล่งข้อมูล: https://esports.computing.ps,pipeline:multi_question_splitter,multi_question/multi_question_split,100.0,True,1.0033,1,query_planner,,
MB-1302-C-066,compound,compound,นักศึกษา PSU เล่น Cockpit 30 นาที เสียกี่บาท แล้วจองยังไง,"คำถามนี้มีหลายเรื่อง ขอแยกตอบเป็นข้อ ๆ: คำถามที่ 1: นักศึกษา PSU เล่น Cockpit 30 นาที เสีย กี่บาท ระยะเวลาที่ถามคือ 30 นาที ใช้ 1 session ตามแพ็กเกจ Cockpit 60 นาที คำตอบราคา: 0 บาท สำหรับกลุ่ม PSU Student and Staff • คำนวณจาก 0 บาท/session x 1 session = 0 บาท กลุ่มผู้ใช้ที่ตรวจเจอ: PSU Student and Staff รายละเอียดจากตาราง: Cockpit 60 นาที (1 ชั่วโมง, 1 คน) • PSU Student and Staff: 0 บาท • PSU Alumni and General Student: 65 บาท • General Adult: 200 บาท แหล่งข้อมูล: https://esports.computing.psu.ac.th/wp-content/uploads/2026/01/PSU-Esports-Studio-phuket-SERVICE-FEE-2026.png คำถามที่ 2: จะเล่น นักศึกษา PSU เล่น Cockpit 30 นาที เสีย จองยังไง จองคิวเล่นเกม/ใช้อุปกรณ์ได้ผ่านระบบจองออนไลน์ครับ ถ้า",pipeline:multi_question_splitter,multi_question/multi_question_split,100.0,True,0.919,0,,,
MB-1303-C-067,compound,compound,นักศึกษา PSU เล่น Cockpit 1 ชั่วโมง เสียกี่บาท แล้วจองยังไง,"คำถามนี้มีหลายเรื่อง ขอแยกตอบเป็นข้อ ๆ: คำถามที่ 1: นักศึกษา PSU เล่น Cockpit 1 ชั่วโมง เสีย กี่บาท ระยะเวลาที่ถามคือ 1 ชั่วโมง ใช้ 1 session ตามแพ็กเกจ Cockpit 60 นาที คำตอบราคา: 0 บาท สำหรับกลุ่ม PSU Student and Staff • คำนวณจาก 0 บาท/session x 1 session = 0 บาท กลุ่มผู้ใช้ที่ตรวจเจอ: PSU Student and Staff รายละเอียดจากตาราง: Cockpit 60 นาที (1 ชั่วโมง, 1 คน) • PSU Student and Staff: 0 บาท • PSU Alumni and General Student: 65 บาท • General Adult: 200 บาท แหล่งข้อมูล: https://esports.computing.psu.ac.th/wp-content/uploads/2026/01/PSU-Esports-Studio-phuket-SERVICE-FEE-2026.png คำถามที่ 2: จะเล่น นักศึกษา PSU เล่น Cockpit 1 ชั่วโมง เสีย จองยังไง จองคิวเล่นเกม/ใช้อุปกรณ์ได้ผ่านระบบจองออนไลน์คร",pipeline:multi_question_splitter,multi_question/multi_question_split,100.0,True,0.8908,0,,,
MB-1304-C-068,compound,compound,นักศึกษา PSU เล่น Cockpit 2 ชั่วโมง เสียกี่บาท แล้วจองยังไง,"คำถามนี้มีหลายเรื่อง ขอแยกตอบเป็นข้อ ๆ: คำถามที่ 1: นักศึกษา PSU เล่น Cockpit 2 ชั่วโมง เสีย กี่บาท ระยะเวลาที่ถามคือ 2 ชั่วโมง ใช้ 2 session ตามแพ็กเกจ Cockpit 60 นาที คำตอบราคา: 0 บาท สำหรับกลุ่ม PSU Student and Staff • คำนวณจาก 0 บาท/session x 2 session = 0 บาท กลุ่มผู้ใช้ที่ตรวจเจอ: PSU Student and Staff รายละเอียดจากตาราง: Cockpit 60 นาที (1 ชั่วโมง, 1 คน) • PSU Student and Staff: 0 บาท • PSU Alumni and General Student: 65 บาท • General Adult: 200 บาท แหล่งข้อมูล: https://esports.computing.psu.ac.th/wp-content/uploads/2026/01/PSU-Esports-Studio-phuket-SERVICE-FEE-2026.png คำถามที่ 2: จะเล่น นักศึกษา PSU เล่น Cockpit 2 ชั่วโมง เสีย จองยังไง จองคิวเล่นเกม/ใช้อุปกรณ์ได้ผ่านระบบจองออนไลน์คร",pipeline:multi_question_splitter,multi_question/multi_question_split,100.0,True,0.9214,0,,,
MB-1305-C-069,compound,compound,นักศึกษาต่างมหาลัย เล่น Cockpit 30 นาที เสียกี่บาท แล้วจองยังไง,"คำถามนี้มีหลายเรื่อง ขอแยกตอบเป็นข้อ ๆ: คำถามที่ 1: นักศึกษาต่างมหาลัย เล่น Cockpit 30 นาที เสีย กี่บาท ระยะเวลาที่ถามคือ 30 นาที ใช้ 1 session ตามแพ็กเกจ Cockpit 60 นาที คำตอบราคา: 65 บาท สำหรับกลุ่ม PSU Alumni and General Student / นักศึกษาหรือนักเรียนต่างสถาบัน • คำนวณจาก 65 บาท/session x 1 session = 65 บาท กลุ่มผู้ใช้ที่ตรวจเจอ: PSU Alumni and General Student / นักศึกษาหรือนักเรียนต่างสถาบัน / มหาลัยอื่น รายละเอียดจากตาราง: Cockpit 60 นาที (1 ชั่วโมง, 1 คน) • PSU Student and Staff: 0 บาท • PSU Alumni and General Student: 65 บาท • General Adult: 200 บาท แหล่งข้อมูล: https://esports.computing.psu.ac.th/wp-content/uploads/2026/01/PSU-Esports-Studio-phuket-SERVICE-FEE-2026.png คำถามที่ 2: จะ",pipeline:multi_question_splitter,multi_question/multi_question_split,100.0,True,0.9701,0,,,
MB-1306-C-070,compound,compound,นักศึกษาต่างมหาลัย เล่น Cockpit 1 ชั่วโมง เสียกี่บาท แล้วจองยังไง,"คำถามนี้มีหลายเรื่อง ขอแยกตอบเป็นข้อ ๆ: คำถามที่ 1: นักศึกษาต่างมหาลัย เล่น Cockpit 1 ชั่วโมง เสีย กี่บาท ระยะเวลาที่ถามคือ 1 ชั่วโมง ใช้ 1 session ตามแพ็กเกจ Cockpit 60 นาที คำตอบราคา: 65 บาท สำหรับกลุ่ม PSU Alumni and General Student / นักศึกษาหรือนักเรียนต่างสถาบัน • คำนวณจาก 65 บาท/session x 1 session = 65 บาท กลุ่มผู้ใช้ที่ตรวจเจอ: PSU Alumni and General Student / นักศึกษาหรือนักเรียนต่างสถาบัน / มหาลัยอื่น รายละเอียดจากตาราง: Cockpit 60 นาที (1 ชั่วโมง, 1 คน) • PSU Student and Staff: 0 บาท • PSU Alumni and General Student: 65 บาท • General Adult: 200 บาท แหล่งข้อมูล: https://esports.computing.psu.ac.th/wp-content/uploads/2026/01/PSU-Esports-Studio-phuket-SERVICE-FEE-2026.png คำถามที่ 2",pipeline:multi_question_splitter,multi_question/multi_question_split,100.0,True,1.0329,0,,,
MB-1307-C-071,compound,compound,นักศึกษาต่างมหาลัย เล่น Cockpit 2 ชั่วโมง เสียกี่บาท แล้วจองยังไง,"คำถามนี้มีหลายเรื่อง ขอแยกตอบเป็นข้อ ๆ: คำถามที่ 1: นักศึกษาต่างมหาลัย เล่น Cockpit 2 ชั่วโมง เสีย กี่บาท ระยะเวลาที่ถามคือ 2 ชั่วโมง ใช้ 2 session ตามแพ็กเกจ Cockpit 60 นาที คำตอบราคา: 130 บาท สำหรับกลุ่ม PSU Alumni and General Student / นักศึกษาหรือนักเรียนต่างสถาบัน • คำนวณจาก 65 บาท/session x 2 session = 130 บาท กลุ่มผู้ใช้ที่ตรวจเจอ: PSU Alumni and General Student / นักศึกษาหรือนักเรียนต่างสถาบัน / มหาลัยอื่น รายละเอียดจากตาราง: Cockpit 60 นาที (1 ชั่วโมง, 1 คน) • PSU Student and Staff: 0 บาท • PSU Alumni and General Student: 65 บาท • General Adult: 200 บาท แหล่งข้อมูล: https://esports.computing.psu.ac.th/wp-content/uploads/2026/01/PSU-Esports-Studio-phuket-SERVICE-FEE-2026.png คำถามที่",pipeline:multi_question_splitter,multi_question/multi_question_split,100.0,True,0.9977,0,,,
MB-1308-C-072,compound,compound,บุคคลทั่วไป เล่น Cockpit 30 นาที เสียกี่บาท แล้วจองยังไง,"คำถามนี้มีหลายเรื่อง ขอแยกตอบเป็นข้อ ๆ: คำถามที่ 1: บุคคลทั่วไป เล่น Cockpit 30 นาที เสีย กี่บาท ระยะเวลาที่ถามคือ 30 นาที ใช้ 1 session ตามแพ็กเกจ Cockpit 60 นาที คำตอบราคา: 200 บาท สำหรับกลุ่ม General Adult / บุคคลทั่วไป • คำนวณจาก 200 บาท/session x 1 session = 200 บาท กลุ่มผู้ใช้ที่ตรวจเจอ: General Adult / บุคคลทั่วไป รายละเอียดจากตาราง: Cockpit 60 นาที (1 ชั่วโมง, 1 คน) • PSU Student and Staff: 0 บาท • PSU Alumni and General Student: 65 บาท • General Adult: 200 บาท แหล่งข้อมูล: https://esports.computing.psu.ac.th/wp-content/uploads/2026/01/PSU-Esports-Studio-phuket-SERVICE-FEE-2026.png คำถามที่ 2: จะเล่น บุคคลทั่วไป เล่น Cockpit 30 นาที เสีย จองยังไง จองคิวเล่นเกม/ใช้อุปกรณ์ได้ผ่านระบบจอ",pipeline:multi_question_splitter,multi_question/multi_question_split,100.0,True,0.7842,1,query_planner,,
MB-1309-C-073,compound,compound,บุคคลทั่วไป เล่น Cockpit 1 ชั่วโมง เสียกี่บาท แล้วจองยังไง,"คำถามนี้มีหลายเรื่อง ขอแยกตอบเป็นข้อ ๆ: คำถามที่ 1: บุคคลทั่วไป เล่น Cockpit 1 ชั่วโมง เสีย กี่บาท ระยะเวลาที่ถามคือ 1 ชั่วโมง ใช้ 1 session ตามแพ็กเกจ Cockpit 60 นาที คำตอบราคา: 200 บาท สำหรับกลุ่ม General Adult / บุคคลทั่วไป • คำนวณจาก 200 บาท/session x 1 session = 200 บาท กลุ่มผู้ใช้ที่ตรวจเจอ: General Adult / บุคคลทั่วไป รายละเอียดจากตาราง: Cockpit 60 นาที (1 ชั่วโมง, 1 คน) • PSU Student and Staff: 0 บาท • PSU Alumni and General Student: 65 บาท • General Adult: 200 บาท แหล่งข้อมูล: https://esports.computing.psu.ac.th/wp-content/uploads/2026/01/PSU-Esports-Studio-phuket-SERVICE-FEE-2026.png คำถามที่ 2: จะเล่น บุคคลทั่วไป เล่น Cockpit 1 ชั่วโมง เสีย จองยังไง จองคิวเล่นเกม/ใช้อุปกรณ์ได้ผ่าน",pipeline:multi_question_splitter,multi_question/multi_question_split,100.0,True,0.7886,1,query_planner,,
MB-1310-C-074,compound,compound,บุคคลทั่วไป เล่น Cockpit 2 ชั่วโมง เสียกี่บาท แล้วจองยังไง,"คำถามนี้มีหลายเรื่อง ขอแยกตอบเป็นข้อ ๆ: คำถามที่ 1: บุคคลทั่วไป เล่น Cockpit 2 ชั่วโมง เสีย กี่บาท ระยะเวลาที่ถามคือ 2 ชั่วโมง ใช้ 2 session ตามแพ็กเกจ Cockpit 60 นาที คำตอบราคา: 400 บาท สำหรับกลุ่ม General Adult / บุคคลทั่วไป • คำนวณจาก 200 บาท/session x 2 session = 400 บาท กลุ่มผู้ใช้ที่ตรวจเจอ: General Adult / บุคคลทั่วไป รายละเอียดจากตาราง: Cockpit 60 นาที (1 ชั่วโมง, 1 คน) • PSU Student and Staff: 0 บาท • PSU Alumni and General Student: 65 บาท • General Adult: 200 บาท แหล่งข้อมูล: https://esports.computing.psu.ac.th/wp-content/uploads/2026/01/PSU-Esports-Studio-phuket-SERVICE-FEE-2026.png คำถามที่ 2: จะเล่น บุคคลทั่วไป เล่น Cockpit 2 ชั่วโมง เสีย จองยังไง จองคิวเล่นเกม/ใช้อุปกรณ์ได้ผ่าน",pipeline:multi_question_splitter,multi_question/multi_question_split,100.0,True,0.8094,1,query_planner,,
MB-1311-C-075,compound,compound,นักศึกษา PSU เล่น VR 30 นาที เสียกี่บาท แล้วจองยังไง,คำถามนี้มีหลายเรื่อง ขอแยกตอบเป็นข้อ ๆ: คำถามที่ 1: นักศึกษา PSU เล่น VR 30 นาที เสีย กี่บาท ระยะเวลาที่ถามคือ 30 นาที ใช้ 1 session ตามแพ็กเกจ VR 30 นาที คำตอบราคา: 0 บาท สำหรับกลุ่ม PSU Student and Staff • คำนวณจาก 0 บาท/session x 1 session = 0 บาท กลุ่มผู้ใช้ที่ตรวจเจอ: PSU Student and Staff รายละเอียดจากตาราง: VR 30 นาที (1-5 คน) • PSU Student and Staff: 0 บาท • PSU Alumni and General Student: 190 บาท • General Adult: 525 บาท แหล่งข้อมูล: https://esports.computing.psu.ac.th/wp-content/uploads/2026/01/PSU-Esports-Studio-phuket-SERVICE-FEE-2026.png คำถามที่ 2: จะเล่น นักศึกษา PSU เล่น VR 30 นาที เสีย จองยังไง ยังไม่พบข้อมูลที่ยืนยันได้ในฐานข้อมูลของ PSU Esports Studio - Phuket สำหรับหมวด r,pipeline:multi_question_splitter,multi_question/multi_question_split,100.0,True,1.0569,0,,,
MB-1312-C-076,compound,compound,นักศึกษา PSU เล่น VR 1 ชั่วโมง เสียกี่บาท แล้วจองยังไง,"คำถามนี้มีหลายเรื่อง ขอแยกตอบเป็นข้อ ๆ: คำถามที่ 1: นักศึกษา PSU เล่น VR 1 ชั่วโมง เสีย กี่บาท ระยะเวลาที่ถามคือ 1 ชั่วโมง ใช้ 1 session ตามแพ็กเกจ VR 1 ชั่วโมง คำตอบราคา: 0 บาท สำหรับกลุ่ม PSU Student and Staff • คำนวณจาก 0 บาท/session x 1 session = 0 บาท กลุ่มผู้ใช้ที่ตรวจเจอ: PSU Student and Staff รายละเอียดจากตาราง: VR 1 ชั่วโมง (60 นาที, 1-5 คน) • PSU Student and Staff: 0 บาท • PSU Alumni and General Student: 375 บาท • General Adult: 1,050 บาท แหล่งข้อมูล: https://esports.computing.psu.ac.th/wp-content/uploads/2026/01/PSU-Esports-Studio-phuket-SERVICE-FEE-2026.png คำถามที่ 2: จะเล่น นักศึกษา PSU เล่น VR 1 ชั่วโมง เสีย จองยังไง จองคิวเล่นเกม/ใช้อุปกรณ์ได้ผ่านระบบจองออนไลน์ครับ ถ้าต้องการ",pipeline:multi_question_splitter,multi_question/multi_question_split,100.0,True,0.8096,0,,,
MB-1313-C-077,compound,compound,นักศึกษา PSU เล่น VR 2 ชั่วโมง เสียกี่บาท แล้วจองยังไง,"คำถามนี้มีหลายเรื่อง ขอแยกตอบเป็นข้อ ๆ: คำถามที่ 1: นักศึกษา PSU เล่น VR 2 ชั่วโมง เสีย กี่บาท ราคา VR สำหรับกลุ่ม PSU Student and Staff • VR 30 นาที: 0 บาท • VR 1 ชั่วโมง: 0 บาท กลุ่มผู้ใช้ที่ตรวจเจอ: PSU Student and Staff หมายเหตุ: คำถามยังไม่ระบุระยะเวลา จึงแสดงทั้งราคา 30 นาทีและ 1 ชั่วโมง รายละเอียดจากตาราง: VR 30 นาที (1-5 คน) • PSU Student and Staff: 0 บาท • PSU Alumni and General Student: 190 บาท • General Adult: 525 บาท VR 1 ชั่วโมง (60 นาที, 1-5 คน) • PSU Student and Staff: 0 บาท • PSU Alumni and General Student: 375 บาท • General Adult: 1,050 บาท แหล่งข้อมูล: https://esports.computing.psu.ac.th/wp-content/uploads/2026/01/PSU-Esports-Studio-phuket-SERVICE-FEE-2026.png คำถามที่ 2: จ",pipeline:multi_question_splitter,multi_question/multi_question_split,100.0,True,0.8708,0,,,
MB-1314-C-078,compound,compound,นักศึกษาต่างมหาลัย เล่น VR 30 นาที เสียกี่บาท แล้วจองยังไง,คำถามนี้มีหลายเรื่อง ขอแยกตอบเป็นข้อ ๆ: คำถามที่ 1: นักศึกษาต่างมหาลัย เล่น VR 30 นาที เสีย กี่บาท ระยะเวลาที่ถามคือ 30 นาที ใช้ 1 session ตามแพ็กเกจ VR 30 นาที คำตอบราคา: 190 บาท สำหรับกลุ่ม PSU Alumni and General Student / นักศึกษาหรือนักเรียนต่างสถาบัน • คำนวณจาก 190 บาท/session x 1 session = 190 บาท กลุ่มผู้ใช้ที่ตรวจเจอ: PSU Alumni and General Student / นักศึกษาหรือนักเรียนต่างสถาบัน / มหาลัยอื่น รายละเอียดจากตาราง: VR 30 นาที (1-5 คน) • PSU Student and Staff: 0 บาท • PSU Alumni and General Student: 190 บาท • General Adult: 525 บาท แหล่งข้อมูล: https://esports.computing.psu.ac.th/wp-content/uploads/2026/01/PSU-Esports-Studio-phuket-SERVICE-FEE-2026.png คำถามที่ 2: จะเล่น นักศึกษาต่างมหา,pipeline:multi_question_splitter,multi_question/multi_question_split,100.0,True,1.1544,0,,,
MB-1315-C-079,compound,compound,นักศึกษาต่างมหาลัย เล่น VR 1 ชั่วโมง เสียกี่บาท แล้วจองยังไง,"คำถามนี้มีหลายเรื่อง ขอแยกตอบเป็นข้อ ๆ: คำถามที่ 1: นักศึกษาต่างมหาลัย เล่น VR 1 ชั่วโมง เสีย กี่บาท ระยะเวลาที่ถามคือ 1 ชั่วโมง ใช้ 1 session ตามแพ็กเกจ VR 1 ชั่วโมง คำตอบราคา: 375 บาท สำหรับกลุ่ม PSU Alumni and General Student / นักศึกษาหรือนักเรียนต่างสถาบัน • คำนวณจาก 375 บาท/session x 1 session = 375 บาท กลุ่มผู้ใช้ที่ตรวจเจอ: PSU Alumni and General Student / นักศึกษาหรือนักเรียนต่างสถาบัน / มหาลัยอื่น รายละเอียดจากตาราง: VR 1 ชั่วโมง (60 นาที, 1-5 คน) • PSU Student and Staff: 0 บาท • PSU Alumni and General Student: 375 บาท • General Adult: 1,050 บาท แหล่งข้อมูล: https://esports.computing.psu.ac.th/wp-content/uploads/2026/01/PSU-Esports-Studio-phuket-SERVICE-FEE-2026.png คำถามที่ 2: จะเ",pipeline:multi_question_splitter,multi_question/multi_question_split,100.0,True,0.954,0,,,
MB-1316-C-080,compound,compound,นักศึกษาต่างมหาลัย เล่น VR 2 ชั่วโมง เสียกี่บาท แล้วจองยังไง,"คำถามนี้มีหลายเรื่อง ขอแยกตอบเป็นข้อ ๆ: คำถามที่ 1: นักศึกษาต่างมหาลัย เล่น VR 2 ชั่วโมง เสีย กี่บาท ราคา VR สำหรับกลุ่ม PSU Alumni and General Student / นักศึกษาหรือนักเรียนต่างสถาบัน • VR 30 นาที: 190 บาท • VR 1 ชั่วโมง: 375 บาท กลุ่มผู้ใช้ที่ตรวจเจอ: PSU Alumni and General Student / นักศึกษาหรือนักเรียนต่างสถาบัน / มหาลัยอื่น หมายเหตุ: คำถามยังไม่ระบุระยะเวลา จึงแสดงทั้งราคา 30 นาทีและ 1 ชั่วโมง รายละเอียดจากตาราง: VR 30 นาที (1-5 คน) • PSU Student and Staff: 0 บาท • PSU Alumni and General Student: 190 บาท • General Adult: 525 บาท VR 1 ชั่วโมง (60 นาที, 1-5 คน) • PSU Student and Staff: 0 บาท • PSU Alumni and General Student: 375 บาท • General Adult: 1,050 บาท แหล่งข้อมูล: https://esports.",pipeline:multi_question_splitter,multi_question/multi_question_split,100.0,True,0.9151,0,,,
MB-1317-C-081,compound,compound,บุคคลทั่วไป เล่น VR 30 นาที เสียกี่บาท แล้วจองยังไง,คำถามนี้มีหลายเรื่อง ขอแยกตอบเป็นข้อ ๆ: คำถามที่ 1: บุคคลทั่วไป เล่น VR 30 นาที เสีย กี่บาท ระยะเวลาที่ถามคือ 30 นาที ใช้ 1 session ตามแพ็กเกจ VR 30 นาที คำตอบราคา: 525 บาท สำหรับกลุ่ม General Adult / บุคคลทั่วไป • คำนวณจาก 525 บาท/session x 1 session = 525 บาท กลุ่มผู้ใช้ที่ตรวจเจอ: General Adult / บุคคลทั่วไป รายละเอียดจากตาราง: VR 30 นาที (1-5 คน) • PSU Student and Staff: 0 บาท • PSU Alumni and General Student: 190 บาท • General Adult: 525 บาท แหล่งข้อมูล: https://esports.computing.psu.ac.th/wp-content/uploads/2026/01/PSU-Esports-Studio-phuket-SERVICE-FEE-2026.png คำถามที่ 2: จะเล่น บุคคลทั่วไป เล่น VR 30 นาที เสีย จองยังไง ยังไม่พบข้อมูลที่ยืนยันได้ในฐานข้อมูลของ PSU Esports Studio - Phu,pipeline:multi_question_splitter,multi_question/multi_question_split,100.0,True,1.2349,1,query_planner,,
MB-1318-C-082,compound,compound,บุคคลทั่วไป เล่น VR 1 ชั่วโมง เสียกี่บาท แล้วจองยังไง,"คำถามนี้มีหลายเรื่อง ขอแยกตอบเป็นข้อ ๆ: คำถามที่ 1: บุคคลทั่วไป เล่น VR 1 ชั่วโมง เสีย กี่บาท ระยะเวลาที่ถามคือ 1 ชั่วโมง ใช้ 1 session ตามแพ็กเกจ VR 1 ชั่วโมง คำตอบราคา: 1050 บาท สำหรับกลุ่ม General Adult / บุคคลทั่วไป • คำนวณจาก 1050 บาท/session x 1 session = 1050 บาท กลุ่มผู้ใช้ที่ตรวจเจอ: General Adult / บุคคลทั่วไป รายละเอียดจากตาราง: VR 1 ชั่วโมง (60 นาที, 1-5 คน) • PSU Student and Staff: 0 บาท • PSU Alumni and General Student: 375 บาท • General Adult: 1,050 บาท แหล่งข้อมูล: https://esports.computing.psu.ac.th/wp-content/uploads/2026/01/PSU-Esports-Studio-phuket-SERVICE-FEE-2026.png คำถามที่ 2: จะเล่น บุคคลทั่วไป เล่น VR 1 ชั่วโมง เสีย จองยังไง จองคิวเล่นเกม/ใช้อุปกรณ์ได้ผ่านระบบจองออน",pipeline:multi_question_splitter,multi_question/multi_question_split,100.0,True,0.7641,1,query_planner,,
MB-1319-C-083,compound,compound,บุคคลทั่วไป เล่น VR 2 ชั่วโมง เสียกี่บาท แล้วจองยังไง,"คำถามนี้มีหลายเรื่อง ขอแยกตอบเป็นข้อ ๆ: คำถามที่ 1: บุคคลทั่วไป เล่น VR 2 ชั่วโมง เสีย กี่บาท ราคา VR สำหรับกลุ่ม General Adult / บุคคลทั่วไป • VR 30 นาที: 525 บาท • VR 1 ชั่วโมง: 1,050 บาท กลุ่มผู้ใช้ที่ตรวจเจอ: General Adult / บุคคลทั่วไป หมายเหตุ: คำถามยังไม่ระบุระยะเวลา จึงแสดงทั้งราคา 30 นาทีและ 1 ชั่วโมง รายละเอียดจากตาราง: VR 30 นาที (1-5 คน) • PSU Student and Staff: 0 บาท • PSU Alumni and General Student: 190 บาท • General Adult: 525 บาท VR 1 ชั่วโมง (60 นาที, 1-5 คน) • PSU Student and Staff: 0 บาท • PSU Alumni and General Student: 375 บาท • General Adult: 1,050 บาท แหล่งข้อมูล: https://esports.computing.psu.ac.th/wp-content/uploads/2026/01/PSU-Esports-Studio-phuket-SERVICE-FEE-2026.",pipeline:multi_question_splitter,multi_question/multi_question_split,100.0,True,0.7354,1,query_planner,,
MB-1320-C-084,compound,compound,VR 30 นาทีกับ VR 1 ชั่วโมงต่างกันยังไง แล้วจองยังไง,"คำถามนี้มีหลายเรื่อง ขอแยกตอบเป็นข้อ ๆ: คำถามที่ 1: VR 30 นาที จองยังไง ยังไม่พบข้อมูลที่ยืนยันได้ในฐานข้อมูลของ PSU Esports Studio - Phuket สำหรับหมวด reservation ตอนนี้ครับ คำถามที่ 2: VR 1 ชั่วโมงต่างกันยังไง แล้ว จองยังไง ระยะเวลาที่ถามคือ 1 ชั่วโมง ใช้ 1 session ตามแพ็กเกจ VR 1 ชั่วโมง ยังไม่ทราบกลุ่มผู้ใช้ จึงแสดงราคาทุกกลุ่มให้เทียบก่อน: • PSU Student and Staff: 0 บาท/session x 1 = 0 บาท • PSU Alumni and General Student / นักศึกษาหรือนักเรียนต่างสถาบัน: 375 บาท/session x 1 = 375 บาท • General Adult / บุคคลทั่วไป: 1050 บาท/session x 1 = 1050 บาท รายละเอียดจากตาราง: VR 1 ชั่วโมง (60 นาที, 1-5 คน) • PSU Student and Staff: 0 บาท • PSU Alumni and General Student: 375 บาท • General Adult: 1",pipeline:multi_question_splitter,multi_question/multi_question_split,100.0,True,4.6558,1,query_planner,,
MB-1321-C-085,compound,compound,ถ้าเล่น PC 3 ชั่วโมง บุคคลทั่วไปต้องจ่ายเท่าไหร่ แล้วจองยังไง,คำถามนี้มีหลายเรื่อง ขอแยกตอบเป็นข้อ ๆ: คำถามที่ 1: ถ้าเล่น PC 3 ชั่วโมง บุคคลทั่วไปต้องจ่ายเท่าไหร่ ระยะเวลาที่ถามคือ 3 ชั่วโมง ใช้ 3 session ตามแพ็กเกจ PC 1 ชั่วโมง คำตอบราคา: 210 บาท สำหรับกลุ่ม General Adult / บุคคลทั่วไป • คำนวณจาก 70 บาท/session x 3 session = 210 บาท กลุ่มผู้ใช้ที่ตรวจเจอ: General Adult / บุคคลทั่วไป รายละเอียดจากตาราง: PC 1 ชั่วโมง (1 คน) • PSU Student and Staff: 0 บาท • PSU Alumni and General Student: 25 บาท • General Adult: 70 บาท หมายเหตุข้อมูล PC: ราคา PC เพิ่มจาก local service fee update 2026-07-27 แหล่งข้อมูล: https://esports.computing.psu.ac.th/wp-content/uploads/2026/01/PSU-Esports-Studio-phuket-SERVICE-FEE-2026.png คำถามที่ 2: จองยังไง ขั้นตอนจองโดยสรุป: • เล,pipeline:multi_question_splitter,multi_question/multi_question_split,100.0,True,0.8436,1,query_planner,,
MB-1322-C-086,compound,compound,ต่างมหาลัยเล่น Cockpit 2 ชั่วโมงกี่บาท แล้วจองยังไง,"คำถามนี้มีหลายเรื่อง ขอแยกตอบเป็นข้อ ๆ: คำถามที่ 1: ต่างมหาลัยเล่น Cockpit 2 ชั่วโมง กี่บาท ระยะเวลาที่ถามคือ 2 ชั่วโมง ใช้ 2 session ตามแพ็กเกจ Cockpit 60 นาที คำตอบราคา: 130 บาท สำหรับกลุ่ม PSU Alumni and General Student / นักศึกษาหรือนักเรียนต่างสถาบัน • คำนวณจาก 65 บาท/session x 2 session = 130 บาท กลุ่มผู้ใช้ที่ตรวจเจอ: PSU Alumni and General Student / นักศึกษาหรือนักเรียนต่างสถาบัน / มหาลัยอื่น รายละเอียดจากตาราง: Cockpit 60 นาที (1 ชั่วโมง, 1 คน) • PSU Student and Staff: 0 บาท • PSU Alumni and General Student: 65 บาท • General Adult: 200 บาท แหล่งข้อมูล: https://esports.computing.psu.ac.th/wp-content/uploads/2026/01/PSU-Esports-Studio-phuket-SERVICE-FEE-2026.png คำถามที่ 2: จะเล่น ต่า",pipeline:multi_question_splitter,multi_question/multi_question_split,100.0,True,4.5006,0,,,
MB-1323-C-087,compound,compound,เด็ก ม.อ. เล่น Nintendo 4 คนเสียเงินไหม แล้วจองยังไง,"คำถามนี้มีหลายเรื่อง ขอแยกตอบเป็นข้อ ๆ: คำถามที่ 1: เด็ก ม.อ. เล่น Nintendo 4 คนเสียเงินไหม ราคา 0 บาท สำหรับกลุ่ม PSU Student and Staff • Nintendo Switch 3-4 คน 60 นาที: 0 บาท กลุ่มผู้ใช้ที่ตรวจเจอ: PSU Student and Staff รายละเอียดจากตาราง: Nintendo Switch 3-4 คน 60 นาที (1 ชั่วโมง) • PSU Student and Staff: 0 บาท • PSU Alumni and General Student: 100 บาท • General Adult: 280 บาท แหล่งข้อมูล: https://esports.computing.psu.ac.th/wp-content/uploads/2026/01/PSU-Esports-Studio-phuket-SERVICE-FEE-2026.png คำถามที่ 2: จองยังไง ขั้นตอนจองโดยสรุป: • เลือกบริการหรือโซนที่ต้องการใช้ • เลือกวันและรอบเวลาที่ต้องการ • กรอก Student ID/Staff ID/National ID, ชื่อ, นามสกุล, อีเมล และเบอร์โทรศัพท์ • ตรวจสอบข้",pipeline:multi_question_splitter,multi_question/multi_question_split,100.0,True,0.7617,0,,,
MB-1324-C-088,compound,compound,General Adult เล่น VR 1 ชั่วโมงกี่บาท แล้วจองยังไง,"คำถามนี้มีหลายเรื่อง ขอแยกตอบเป็นข้อ ๆ: คำถามที่ 1: General Adult เล่น VR 1 ชั่วโมง กี่บาท ระยะเวลาที่ถามคือ 1 ชั่วโมง ใช้ 1 session ตามแพ็กเกจ VR 1 ชั่วโมง ยังไม่ทราบกลุ่มผู้ใช้ จึงแสดงราคาทุกกลุ่มให้เทียบก่อน: • PSU Student and Staff: 0 บาท/session x 1 = 0 บาท • PSU Alumni and General Student / นักศึกษาหรือนักเรียนต่างสถาบัน: 375 บาท/session x 1 = 375 บาท • General Adult / บุคคลทั่วไป: 1050 บาท/session x 1 = 1050 บาท รายละเอียดจากตาราง: VR 1 ชั่วโมง (60 นาที, 1-5 คน) • PSU Student and Staff: 0 บาท • PSU Alumni and General Student: 375 บาท • General Adult: 1,050 บาท แหล่งข้อมูล: https://esports.computing.psu.ac.th/wp-content/uploads/2026/01/PSU-Esports-Studio-phuket-SERVICE-FEE-2026.png คำถ",pipeline:multi_question_splitter,multi_question/multi_question_split,100.0,True,4.2876,0,,,
MB-1325-C-089,compound,compound,PSU Staff เล่น PC ต้องเสียเงินไหม แล้วจองยังไง,"คำถามนี้มีหลายเรื่อง ขอแยกตอบเป็นข้อ ๆ: คำถามที่ 1: PSU Staff เล่น PC ต้องเสียเงินไหม ราคา PC 1 ชั่วโมง สำหรับ PSU Student and Staff: 0 บาท กลุ่มผู้ใช้ที่ตรวจเจอ: PSU Student and Staff หมายเหตุข้อมูล PC: ราคา PC เพิ่มจาก local service fee update 2026-07-27 แหล่งข้อมูล: https://esports.computing.psu.ac.th/wp-content/uploads/2026/01/PSU-Esports-Studio-phuket-SERVICE-FEE-2026.png คำถามที่ 2: จองยังไง ขั้นตอนจองโดยสรุป: • เลือกบริการหรือโซนที่ต้องการใช้ • เลือกวันและรอบเวลาที่ต้องการ • กรอก Student ID/Staff ID/National ID, ชื่อ, นามสกุล, อีเมล และเบอร์โทรศัพท์ • ตรวจสอบข้อมูลและชำระเงินโดยโอนเข้าบัญชีที่ระบบแจ้ง • หลังจองต้องชำระเงินภายใน 10 นาที • แนบสลิปและยืนยันการจอง แหล่งข้อมูล: https://esp",pipeline:multi_question_splitter,multi_question/multi_question_split,100.0,True,0.8304,0,,,
MB-1326-GL-001,general_llm,general_llm,อธิบายคำว่า latency ในระบบคอมพิวเตอร์แบบสั้น ๆ,latency คือเวลาที่ใช้ในการตอบสนองหรือประมวลผลข้อมูลจากเหตุการณ์หนึ่งไปยังอีกเหตุการณ์หนึ่งในระบบคอมพิวเตอร์ เช่น เวลาที่จอภาพแสดงผลหลังจากสั่งให้ทำงานครั้งแรก โดยมักวัดเป็นไมลลิวินาที (ms) และมีผลต่อประสิทธิภาพการทำงานโดยเฉพาะในเกมหรือแอปพลิเคชันที่ต้องการความเร็วสูงสุด เช่น การเล่นเกมออนไลน์หรือการใช้งานระบบเสมือนจริง (VR) ซึ่ง latency เล็กมากจะทำให้รู้สึกราบรื่นและตอบสนองได้ทันตามต้องการ ส่วน latency สูงอาจทำให้เกิดความล่าช้าหรือความผิดพลาดในการควบคุม เช่น การเคลื่อนไหวล่าช้าเมื่อเล่นเกมออนไลน์ หรือข้อมูลไม่ถูกต หมายเหตุ: คำตอบนี้เป็นความรู้ทั่วไปของโมเดล ไม่ได้อ้างอิงจากฐานข้อมูล PSU Esports Studio - Phuket,pipeline:general_llm_fallback,general/general_knowledge_query,100.0,True,15.2083,1,general_llm,,
MB-1327-GL-002,general_llm,general_llm,เฟรมเรตกับความละเอียดต่างกันยังไง,เฟรมเรต (FPS) คือจำนวนเฟรมที่แสดงผลต่อวินาที ส่วนความละเอียด (Resolution) คือขนาดของหน้าจอที่แสดงภาพ เช่น 1920x1080 หรือ 4K โดยทั้งสองอย่างมีบทบาทต่างกันในการกำหนดคุณภาพการแสดงผลบนหน้าจอ โดยความละเอียดส่งผลต่อขนาดของภาพ และเฟรมเรตส่งผลต่อความลื่นไหลของภาพเมื่อเคลื่อนไหว เฟรมเรตต่ำอาจทำให้ภาพดูช้าหรือกระเด้ง ส่วนความละเอียดสูงอาจใช้ทรัพยากรมากขึ้นและต้องอาศัยเครื่องมือที่รองรับได้ดีเท่านั้น หมายเหตุ: คำตอบนี้เป็นความรู้ทั่วไปของโมเดล ไม่ได้อ้างอิงจากฐานข้อมูล PSU Esports Studio - Phuket,pipeline:general_llm_fallback,general/general_knowledge_query,100.0,True,4.4949,1,general_llm,,
MB-1328-GL-003,general_llm,general_llm,API คืออะไร,API คือ Application Programming Interface หรืออินเตอร์เฟซการเขียนโปรแกรมแอปพลิเคชัน เป็นชุดคำสั่งที่ช่วยให้ซอฟต์แวร์ต่าง ๆ สามารถสื่อสารและทำงานร่วมกันได้อย่างมีประสิทธิภาพ โดยไม่จำเป็นต้องเข้าใจรายละเอียดภายในของแต่ละระบบอื่น ๆ เลยครับ หมายเหตุ: คำตอบนี้เป็นความรู้ทั่วไปของโมเดล ไม่ได้อ้างอิงจากฐานข้อมูล PSU Esports Studio - Phuket,pipeline:general_llm_fallback,general/general_knowledge_query,100.0,True,2.6557,1,general_llm,,
MB-1329-GL-004,general_llm,general_llm,JSON คืออะไร,JSON คือ JavaScript Object Notation เป็นรูปแบบข้อมูลที่ใช้ในการแลกเปลี่ยนข้อมูลระหว่างระบบต่าง ๆ โดยเขียนในรูปแบบโครงสร้างข้อมูลที่อ่านง่ายและเขียนง่าย เช่น คู่ค่า (key-value) และ array หรือ object ซึ่งสามารถใช้งานได้ทั้งในโปรแกรมคอมพิวเตอร์และเว็บไซต์ต่าง ๆ โดยไม่ต้องพึ่งพาภาษาโปรแกรมเฉพาะเจาะจง. หมายเหตุ: คำตอบนี้เป็นความรู้ทั่วไปของโมเดล ไม่ได้อ้างอิงจากฐานข้อมูล PSU Esports Studio - Phuket,pipeline:general_llm_fallback,general/general_knowledge_query,100.0,True,3.1041,1,general_llm,,
MB-1330-GL-005,general_llm,general_llm,ช่วยสรุปวิธีพูดขอบคุณแบบสุภาพ 2 ประโยค,ขอขอบพระคุณอย่างสุดหัวใจสำหรับความช่วยเหลือและโอกาสที่ได้รับ ขอบคุณจริง ๆ สำหรับความใส่ใจและความเข้าใจเสมอครับ/ค่ะ หมายเหตุ: คำตอบนี้เป็นความรู้ทั่วไปของโมเดล ไม่ได้อ้างอิงจากฐานข้อมูล PSU Esports Studio - Phuket,pipeline:general_llm_fallback,general/general_knowledge_query,100.0,True,1.7533,1,general_llm,,
MB-1331-GL-006,general_llm,general_llm,แปลคำว่า reservation เป็นภาษาไทย,การจองครับ หมายเหตุ: คำตอบนี้เป็นความรู้ทั่วไปของโมเดล ไม่ได้อ้างอิงจากฐานข้อมูล PSU Esports Studio - Phuket,pipeline:general_llm_fallback,general/general_knowledge_query,100.0,True,13.3876,1,general_llm,,
MB-1332-GL-007,general_llm,general_llm,เขียนประโยคประชาสัมพันธ์กิจกรรมแบบสุภาพหนึ่งประโยค,ขอเชิญทุกท่านร่วมเป็นส่วนหนึ่งในกิจกรรมพิเศษนี้ เพื่อสร้างความสนุกสนานและแบ่งปันรอยยิ้มให้กับทุกคนได้พร้อมกันค่ะ 😊 หมายเหตุ: คำตอบนี้เป็นความรู้ทั่วไปของโมเดล ไม่ได้อ้างอิงจากฐานข้อมูล PSU Esports Studio - Phuket,pipeline:general_llm_fallback,general/detail,100.0,True,14.9787,1,general_llm,,
MB-1333-GL-008,general_llm,general_llm,คีย์บอร์ด mechanical คืออะไรแบบสั้น,"อุปกรณ์บนหน้า Home: PC Zone • Gaming PC รุ่น MSI MAG Infinite S3 14th (จำนวน 10 เครื่อง) • Gaming Monitor (จำนวน 10 จอ) • Gaming Chair (จำนวน 10 ตัว) • Gaming Gear ครบชุด ทั้ง Keyboard, Mouse และ Headset Cockpit Zone • TV ขนาด 65 นิ้ว (จำนวน 2 เครื่อง) • Racezone Full Cockpit V3 (จำนวน 2 ชุด) • Logitech G923 TRUEFORCE Racing wheel พร้อม Driving Force Shifter (จำนวน 2 ชุด) • Pulse Elite Wireless Headset (จำนวน 2 อัน) Nintendo Switch Zone • TV ขนาด 86 นิ้ว (จำนวน 1 เครื่อง) • Nintendo Switch OLED (จำนวน 1 เครื่อง) • Sofa ขนาด 2 ที่นั่ง (จำนวน 2 ตัว) PlayStation 5 Zone • PlayStation 5 Slim รุ่น Ultra HD Blu-Ray Disc Drive (จำนวน 2 เครื่อง) VR Zone • PlayStation 5 Slim (จำนวน 1 เครื่อง) • Sony P",pipeline:structured_equipment_catalog,equipment/list,66.0,False,0.747,0,,category_mismatch:equipment | missing_any:คีย์บอร์ด|mechanical,
MB-1334-GL-009,general_llm,general_llm,GPU คืออะไรแบบเข้าใจง่าย,GPU คือ ชิปประมวลผลกราฟิก หรือจอภาพที่ใช้จัดการการแสดงผลภาพ เช่น เล่นเกม ดูวิดีโอ หรือวาดภาพบนหน้าจอ โดยช่วยให้ภาพเคลื่อนไหวไหลลื่นและคมชัดมากขึ้นค่ะ หมายเหตุ: คำตอบนี้เป็นความรู้ทั่วไปของโมเดล ไม่ได้อ้างอิงจากฐานข้อมูล PSU Esports Studio - Phuket,pipeline:general_llm_fallback,general/general_knowledge_query,100.0,True,2.1469,1,general_llm,,
MB-1335-GL-010,general_llm,general_llm,server กับ client ต่างกันยังไง,Server และ Client แตกต่างกันในระบบเครือข่าย โดย Server เป็นอุปกรณ์ที่ให้บริการหรือจัดเก็บข้อมูลให้ Client ใช้งาน เช่น เว็บเซิร์ฟเวอร์ ขณะที่ Client เป็นอุปกรณ์ที่เชื่อมต่อเข้ามาใช้งานบริการจาก Server เช่น เครื่องคอมพิวเตอร์หรือมือถือ โดยทั้งสองทำงานร่วมกันเพื่อให้เกิดการทำงานของระบบเครือข่ายได้อย่างราบรื่น. หมายเหตุ: คำตอบนี้เป็นความรู้ทั่วไปของโมเดล ไม่ได้อ้างอิงจากฐานข้อมูล PSU Esports Studio - Phuket,pipeline:general_llm_fallback,general/general_knowledge_query,100.0,True,3.4749,1,general_llm,,
MB-1336-GL-011,general_llm,general_llm,อธิบายคำว่า latency ในระบบคอมพิวเตอร์แบบสั้น ๆ ตอบสั้น ๆ,ความล่าช้าในการตอบสนองระหว่างอุปกรณ์ต่าง ๆ ในระบบคอมพิวเตอร์ เช่น เวลาที่ข้อมูลจากผู้ใช้ถูกส่งไปยังเซิร์ฟเวอร์แล้วได้รับผลตอบแทนกลับมาอีกครั้ง หมายเหตุ: คำตอบนี้เป็นความรู้ทั่วไปของโมเดล ไม่ได้อ้างอิงจากฐานข้อมูล PSU Esports Studio - Phuket,pipeline:general_llm_fallback,general/general_knowledge_query,84.0,False,2.2989,1,general_llm,missing_any:latency|หน่วง,
MB-1337-GL-012,general_llm,general_llm,เฟรมเรตกับความละเอียดต่างกันยังไง ตอบสั้น ๆ,เฟรมเรตคือจำนวนเฟรมต่อวินาทีที่แสดงผลลัพธ์บนหน้าจอ ส่วนความละเอียดคือขนาดของภาพ (ความกว้าง x สูง) ในหน่วยพิกเซล โดยทั้งสองอย่างมีผลต่อคุณภาพการแสดงผลแต่ไม่เกี่ยวข้องกันโดยตรง เช่น เฟรมเรตสูงอาจทำให้เคลื่อนไหวลื่น แต่ความละเอียดสูงจะช่วยให้ภาพคมชัดยิ่งขึ้น หมายเหตุ: คำตอบนี้เป็นความรู้ทั่วไปของโมเดล ไม่ได้อ้างอิงจากฐานข้อมูล PSU Esports Studio - Phuket,pipeline:general_llm_fallback,general/general_knowledge_query,100.0,True,3.3731,1,general_llm,,
MB-1338-GL-013,general_llm,general_llm,API คืออะไร ตอบสั้น ๆ,API คือ Application Programming Interface หรืออินเตอร์เฟซการเขียนโปรแกรมสำหรับแอปพลิเคชันต่าง ๆ เพื่อให้สามารถแลกเปลี่ยนข้อมูลและทำงานร่วมกันได้ระหว่างระบบต่าง ๆ โดยไม่ต้องเข้าใจรายละเอียดภายในของแต่ละระบบโดยตรง. หมายเหตุ: คำตอบนี้เป็นความรู้ทั่วไปของโมเดล ไม่ได้อ้างอิงจากฐานข้อมูล PSU Esports Studio - Phuket,pipeline:general_llm_fallback,general/general_knowledge_query,100.0,True,2.2765,1,general_llm,,
MB-1339-GL-014,general_llm,general_llm,JSON คืออะไร ตอบสั้น ๆ,"JSON คือภาษาความรู้ (หรือรูปแบบข้อมูล) ที่ใช้จัดเก็บและแลกเปลี่ยนข้อมูลในรูปแบบโครงสร้างตัวอย่างเช่น ตารางหรือพจนานุกรม โดยมีรูปแบบง่าย ๆ เช่น key-value pairs และ array ซึ่งสามารถอ่านและเขียนได้ง่ายในหลายภาษาโปรแกรมเมอร์ เช่น JavaScript, Python เป็นต้น หมายเหตุ: คำตอบนี้เป็นความรู้ทั่วไปของโมเดล ไม่ได้อ้างอิงจากฐานข้อมูล PSU Esports Studio - Phuket",pipeline:general_llm_fallback,general/general_knowledge_query,100.0,True,2.7732,1,general_llm,,
MB-1340-GL-015,general_llm,general_llm,ช่วยสรุปวิธีพูดขอบคุณแบบสุภาพ 2 ประโยค ตอบสั้น ๆ,ขอบคุณสำหรับความช่วยเหลืออย่างยิ่งครับ/ค่ะ ยินดีเป็นอย่างยิ่งที่ได้มีโอกาสช่วยเหลือครับ/ค่ะ หมายเหตุ: คำตอบนี้เป็นความรู้ทั่วไปของโมเดล ไม่ได้อ้างอิงจากฐานข้อมูล PSU Esports Studio - Phuket,pipeline:general_llm_fallback,general/general_knowledge_query,100.0,True,1.7459,1,general_llm,,
MB-1341-GL-016,general_llm,general_llm,แปลคำว่า reservation เป็นภาษาไทย ตอบสั้น ๆ,การจองครับ หมายเหตุ: คำตอบนี้เป็นความรู้ทั่วไปของโมเดล ไม่ได้อ้างอิงจากฐานข้อมูล PSU Esports Studio - Phuket,pipeline:general_llm_fallback,general/general_knowledge_query,100.0,True,13.813,1,general_llm,,
MB-1342-GL-017,general_llm,general_llm,เขียนประโยคประชาสัมพันธ์กิจกรรมแบบสุภาพหนึ่งประโยค ตอบสั้น ๆ,ขอเชิญทุกท่านร่วมสนุกกับกิจกรรมพิเศษนี้อย่างอบอุ่นใจและสนุกสนานนะคะ 😊 หมายเหตุ: คำตอบนี้เป็นความรู้ทั่วไปของโมเดล ไม่ได้อ้างอิงจากฐานข้อมูล PSU Esports Studio - Phuket,pipeline:general_llm_fallback,general/detail,100.0,True,14.3684,1,general_llm,,
MB-1343-GL-018,general_llm,general_llm,คีย์บอร์ด mechanical คืออะไรแบบสั้น ตอบสั้น ๆ,อุปกรณ์บนหน้า Home: แหล่งข้อมูล: https://esports.phuket.psu.ac.th/home,pipeline:structured_equipment_catalog,equipment/list,66.0,False,0.7276,0,,category_mismatch:equipment | missing_any:คีย์บอร์ด|mechanical,
MB-1344-GL-019,general_llm,general_llm,GPU คืออะไรแบบเข้าใจง่าย ตอบสั้น ๆ,GPU คือ หน่วยประมวลผลกราฟิก ใช้จัดการภาพและกราฟิกในคอมพิวเตอร์ เช่น เล่นเกมหรือดูวิดีโอได้ไหลลื่นขึ้นมาครับ หมายเหตุ: คำตอบนี้เป็นความรู้ทั่วไปของโมเดล ไม่ได้อ้างอิงจากฐานข้อมูล PSU Esports Studio - Phuket,pipeline:general_llm_fallback,general/general_knowledge_query,100.0,True,1.8784,1,general_llm,,
MB-1345-GL-020,general_llm,general_llm,server กับ client ต่างกันยังไง ตอบสั้น ๆ,Server เป็นเซิร์ฟเวอร์ที่จัดการข้อมูลและให้บริการแก่ Client Client เป็นอุปกรณ์หรือโปรแกรมที่เชื่อมต่อไปยัง Server เพื่อรับบริการหรือข้อมูลจากเซิร์ฟเวอร์ครับ หมายเหตุ: คำตอบนี้เป็นความรู้ทั่วไปของโมเดล ไม่ได้อ้างอิงจากฐานข้อมูล PSU Esports Studio - Phuket,pipeline:general_llm_fallback,general/general_knowledge_query,100.0,True,2.1412,1,general_llm,,
MB-1346-GL-021,general_llm,general_llm,อธิบายคำว่า latency ในระบบคอมพิวเตอร์แบบสั้น ๆ ขอแบบเข้าใจง่าย,latency คือเวลาที่ใช้ระหว่างทำอะไรบางอย่างแล้วได้ผลตอบแทน เช่น เล่นเกมแล้วกดแล้วเห็นภาพตามมาทันที โดยมักหมายถึงความช้าของระบบในการตอบสนองต่อคำสั่งผู้ใช้งานครับ หมายเหตุ: คำตอบนี้เป็นความรู้ทั่วไปของโมเดล ไม่ได้อ้างอิงจากฐานข้อมูล PSU Esports Studio - Phuket,pipeline:general_llm_fallback,general/general_knowledge_query,100.0,True,2.1999,1,general_llm,,
MB-1347-GL-022,general_llm,general_llm,เฟรมเรตกับความละเอียดต่างกันยังไง ขอแบบเข้าใจง่าย,เฟรมเรตคือจำนวนภาพที่แสดงต่อวินาที (เช่น 60 FPS) ส่วนความละเอียดคือขนาดของภาพแต่ละเฟรม เช่น 1920x1080 โดยความละเอียดส่งผลต่อความชัดเจน ส่วนเฟรมเรตส่งผลต่อความลื่นไหลในการเคลื่อนไหวครับ หมายเหตุ: คำตอบนี้เป็นความรู้ทั่วไปของโมเดล ไม่ได้อ้างอิงจากฐานข้อมูล PSU Esports Studio - Phuket,pipeline:general_llm_fallback,general/general_knowledge_query,100.0,True,2.5634,1,general_llm,,
MB-1348-GL-023,general_llm,general_llm,API คืออะไร ขอแบบเข้าใจง่าย,API คือช่องทางที่แอปหรือเว็บหนึ่งสามารถสื่อสารกับอีกแอปหรือเว็บหนึ่งได้ โดยไม่ต้องเปิดเผยข้อมูลภายในให้ดู โดยง่าย ๆ เหมือนกับการเชื่อมต่อระหว่างคนสองคนโดยใช้โทรศัพท์มือถือแทนการพูดคุยแบบตรงหน้าครับ หมายเหตุ: คำตอบนี้เป็นความรู้ทั่วไปของโมเดล ไม่ได้อ้างอิงจากฐานข้อมูล PSU Esports Studio - Phuket,pipeline:general_llm_fallback,general/general_knowledge_query,100.0,True,2.6641,1,general_llm,,
MB-1349-GL-024,general_llm,general_llm,JSON คืออะไร ขอแบบเข้าใจง่าย,JSON คือภาษาเขียนข้อมูลแบบง่าย ๆ เหมือนข้อความที่เขียนเป็นรูปแบบตารางหรือลิสต์ เช่น เขียนชื่อคน วันเกิด หรือรายการสินค้าได้โดยไม่ต้องใช้โค้ดซับซ้อน มักใช้ในเว็บไซต์หรือแอปพลิเคชันเพื่อแลกเปลี่ยนข้อมูลระหว่างเครื่องคอมพิวเตอร์กันอย่างรวดเร็วและเข้าใจง่ายครับ หมายเหตุ: คำตอบนี้เป็นความรู้ทั่วไปของโมเดล ไม่ได้อ้างอิงจากฐานข้อมูล PSU Esports Studio - Phuket,pipeline:general_llm_fallback,general/general_knowledge_query,100.0,True,3.4906,1,general_llm,,
MB-1350-GL-025,general_llm,general_llm,ช่วยสรุปวิธีพูดขอบคุณแบบสุภาพ 2 ประโยค ขอแบบเข้าใจง่าย,ขอบคุณมากสำหรับความช่วยเหลือครับ/ค่ะ ยินดีเป็นอย่างยิ่งที่ได้ช่วยเหลือคุณครับ/ค่ะ หมายเหตุ: คำตอบนี้เป็นความรู้ทั่วไปของโมเดล ไม่ได้อ้างอิงจากฐานข้อมูล PSU Esports Studio - Phuket,pipeline:general_llm_fallback,general/general_knowledge_query,100.0,True,1.6716,1,general_llm,,
MB-1351-GL-026,general_llm,general_llm,แปลคำว่า reservation เป็นภาษาไทย ขอแบบเข้าใจง่าย,การจองครับ/ค่ะ หมายเหตุ: คำตอบนี้เป็นความรู้ทั่วไปของโมเดล ไม่ได้อ้างอิงจากฐานข้อมูล PSU Esports Studio - Phuket,pipeline:general_llm_fallback,general/general_knowledge_query,100.0,True,13.8345,1,general_llm,,
MB-1352-GL-027,general_llm,general_llm,เขียนประโยคประชาสัมพันธ์กิจกรรมแบบสุภาพหนึ่งประโยค ขอแบบเข้าใจง่าย,เรามีกิจกรรมสนุก ๆ รอคุณอยู่ใน PSU Esports Studio - Phuket เลยครับ! หมายเหตุ: คำตอบนี้เป็นความรู้ทั่วไปของโมเดล ไม่ได้อ้างอิงจากฐานข้อมูล PSU Esports Studio - Phuket,pipeline:general_llm_fallback,general/detail,100.0,True,14.396,1,general_llm,,
MB-1353-GL-028,general_llm,general_llm,คีย์บอร์ด mechanical คืออะไรแบบสั้น ขอแบบเข้าใจง่าย,"อุปกรณ์บนหน้า Home: PC Zone • Gaming PC รุ่น MSI MAG Infinite S3 14th (จำนวน 10 เครื่อง) • Gaming Monitor (จำนวน 10 จอ) • Gaming Chair (จำนวน 10 ตัว) • Gaming Gear ครบชุด ทั้ง Keyboard, Mouse และ Headset Cockpit Zone • TV ขนาด 65 นิ้ว (จำนวน 2 เครื่อง) • Racezone Full Cockpit V3 (จำนวน 2 ชุด) • Logitech G923 TRUEFORCE Racing wheel พร้อม Driving Force Shifter (จำนวน 2 ชุด) • Pulse Elite Wireless Headset (จำนวน 2 อัน) Nintendo Switch Zone • TV ขนาด 86 นิ้ว (จำนวน 1 เครื่อง) • Nintendo Switch OLED (จำนวน 1 เครื่อง) • Sofa ขนาด 2 ที่นั่ง (จำนวน 2 ตัว) PlayStation 5 Zone • PlayStation 5 Slim รุ่น Ultra HD Blu-Ray Disc Drive (จำนวน 2 เครื่อง) VR Zone • PlayStation 5 Slim (จำนวน 1 เครื่อง) • Sony P",pipeline:structured_equipment_catalog,equipment/list,66.0,False,0.8241,0,,category_mismatch:equipment | missing_any:คีย์บอร์ด|mechanical,
MB-1354-GL-029,general_llm,general_llm,GPU คืออะไรแบบเข้าใจง่าย ขอแบบเข้าใจง่าย,GPU คือ ชิปประมวลผลกราฟิก ทำหน้าที่ประมวลผลภาพและเคลื่อนไหวในจอคอมพิวเตอร์ให้ดูลื่นไหล เช่น เล่นเกมหรือดูวิดีโอได้ดีขึ้นค่ะ หมายเหตุ: คำตอบนี้เป็นความรู้ทั่วไปของโมเดล ไม่ได้อ้างอิงจากฐานข้อมูล PSU Esports Studio - Phuket,pipeline:general_llm_fallback,general/general_knowledge_query,100.0,True,2.1518,1,general_llm,,
MB-1355-GL-030,general_llm,general_llm,server กับ client ต่างกันยังไง ขอแบบเข้าใจง่าย,Server เป็นเครื่องหลักที่จัดการข้อมูลและให้บริการ เช่น เกมออนไลน์ Client เป็นเครื่องใช้งานส่วนตัว เช่น มือถือหรือคอมพิวเตอร์ที่เราเล่นเกม โดยเชื่อมต่อกับ Server เพื่อเข้าร่วมเกมครับ หมายเหตุ: คำตอบนี้เป็นความรู้ทั่วไปของโมเดล ไม่ได้อ้างอิงจากฐานข้อมูล PSU Esports Studio - Phuket,pipeline:general_llm_fallback,general/general_knowledge_query,100.0,True,2.4245,1,general_llm,,
MB-1356-GL-031,general_llm,general_llm,อธิบายคำว่า latency ในระบบคอมพิวเตอร์แบบสั้น ๆ ตอบเป็นภาษาไทย,ความล่าช้า (latency) คือระยะเวลาที่ใช้ในการตอบสนองต่อคำสั่งหรือข้อมูลจากอุปกรณ์หนึ่งไปยังอีกอุปกรณ์หนึ่งในระบบคอมพิวเตอร์ เช่น เวลาที่จอภาพแสดงผลหลังจากกดปุ่มใด ๆ เรียบร้อยแล้วครับ หมายเหตุ: คำตอบนี้เป็นความรู้ทั่วไปของโมเดล ไม่ได้อ้างอิงจากฐานข้อมูล PSU Esports Studio - Phuket,pipeline:general_llm_fallback,general/general_knowledge_query,100.0,True,2.6691,1,general_llm,,
MB-1357-GL-032,general_llm,general_llm,เฟรมเรตกับความละเอียดต่างกันยังไง ตอบเป็นภาษาไทย,เฟรมเรตคือจำนวนเฟรมที่แสดงต่อวินาที ส่วนความละเอียดคือขนาดของภาพ เช่น พิกเซลในแนวนอนและแนวตั้ง โดยความละเอียดส่งผลต่อความชัดเจนของภาพ ในขณะที่เฟรมเรตส่งผลต่อความลื่นไหลของการเคลื่อนไหวครับ หมายเหตุ: คำตอบนี้เป็นความรู้ทั่วไปของโมเดล ไม่ได้อ้างอิงจากฐานข้อมูล PSU Esports Studio - Phuket,pipeline:general_llm_fallback,general/general_knowledge_query,100.0,True,2.4433,1,general_llm,,
MB-1358-GL-033,general_llm,general_llm,API คืออะไร ตอบเป็นภาษาไทย,API คือ Application Programming Interface หรืออินเตอร์เฟซการเขียนโปรแกรมแอปพลิเคชัน เป็นช่องทางที่ทำให้ซอฟต์แวร์ต่าง ๆ สามารถสื่อสารและแลกเปลี่ยนข้อมูลกันได้โดยตรง โดยไม่ต้องเข้าใจรายละเอียดภายในของแต่ละระบบอื่น ๆ เลยครับ หมายเหตุ: คำตอบนี้เป็นความรู้ทั่วไปของโมเดล ไม่ได้อ้างอิงจากฐานข้อมูล PSU Esports Studio - Phuket,pipeline:general_llm_fallback,general/general_knowledge_query,100.0,True,2.6539,1,general_llm,,
MB-1359-GL-034,general_llm,general_llm,JSON คืออะไร ตอบเป็นภาษาไทย,JSON คือ JavaScript Object Notation เป็นรูปแบบข้อมูลที่ใช้ในการแลกเปลี่ยนข้อมูลระหว่างระบบต่าง ๆ โดยเขียนในรูปแบบโครงสร้างข้อมูลที่อ่านง่ายและเขียนง่าย เช่น คู่ค่า (key-value) และ array หรือ object มักใช้ในเว็บดิจิทัลและแอปพลิเคชันต่าง ๆ เพื่อส่งข้อมูลระหว่างเซิร์ฟเวอร์กับเบราว์เซอร์ได้อย่างมีประสิทธิภาพ โดยไม่ต้องพึ่งพาภาษาโปรแกรมเฉพาะเจาะจง เช่น Python หรือ Java เนื่องจาก JSON เป็นมาตรฐานที่รองรับโดยระบบปฏิบัติการและโปรแกรมต่าง ๆ ได้หลากหลายแล้ว. หมายเหตุ: คำตอบนี้เป็นความรู้ทั่วไปของโมเดล ไม่ได้อ้างอิงจากฐานข้อมูล PSU Esports Studio - Phuket,pipeline:general_llm_fallback,general/general_knowledge_query,100.0,True,4.5847,1,general_llm,,
MB-1360-GL-035,general_llm,general_llm,ช่วยสรุปวิธีพูดขอบคุณแบบสุภาพ 2 ประโยค ตอบเป็นภาษาไทย,ขอขอบพระคุณอย่างสุดหัวใจสำหรับความช่วยเหลือและความใส่ใจเสมอมา ยังคงรู้สึกซาบซึ้งและประทับใจอย่างยิ่งครับ/ค่ะ หมายเหตุ: คำตอบนี้เป็นความรู้ทั่วไปของโมเดล ไม่ได้อ้างอิงจากฐานข้อมูล PSU Esports Studio - Phuket,pipeline:general_llm_fallback,general/general_knowledge_query,84.0,False,1.9174,1,general_llm,missing_any:ขอบคุณ,
MB-1361-GL-036,general_llm,general_llm,แปลคำว่า reservation เป็นภาษาไทย ตอบเป็นภาษาไทย,การจองครับ หมายเหตุ: คำตอบนี้เป็นความรู้ทั่วไปของโมเดล ไม่ได้อ้างอิงจากฐานข้อมูล PSU Esports Studio - Phuket,pipeline:general_llm_fallback,general/general_knowledge_query,100.0,True,13.6797,1,general_llm,,
MB-1362-GL-037,general_llm,general_llm,เขียนประโยคประชาสัมพันธ์กิจกรรมแบบสุภาพหนึ่งประโยค ตอบเป็นภาษาไทย,ขอเชิญทุกท่านร่วมสนุกกับกิจกรรมพิเศษนี้อย่างอบอุ่นใจและสนุกสนานนะคะ! หมายเหตุ: คำตอบนี้เป็นความรู้ทั่วไปของโมเดล ไม่ได้อ้างอิงจากฐานข้อมูล PSU Esports Studio - Phuket,pipeline:general_llm_fallback,general/detail,100.0,True,14.3725,1,general_llm,,
MB-1363-GL-038,general_llm,general_llm,คีย์บอร์ด mechanical คืออะไรแบบสั้น ตอบเป็นภาษาไทย,"อุปกรณ์บนหน้า Home: PC Zone • Gaming PC รุ่น MSI MAG Infinite S3 14th (จำนวน 10 เครื่อง) • Gaming Monitor (จำนวน 10 จอ) • Gaming Chair (จำนวน 10 ตัว) • Gaming Gear ครบชุด ทั้ง Keyboard, Mouse และ Headset Cockpit Zone • TV ขนาด 65 นิ้ว (จำนวน 2 เครื่อง) • Racezone Full Cockpit V3 (จำนวน 2 ชุด) • Logitech G923 TRUEFORCE Racing wheel พร้อม Driving Force Shifter (จำนวน 2 ชุด) • Pulse Elite Wireless Headset (จำนวน 2 อัน) Nintendo Switch Zone • TV ขนาด 86 นิ้ว (จำนวน 1 เครื่อง) • Nintendo Switch OLED (จำนวน 1 เครื่อง) • Sofa ขนาด 2 ที่นั่ง (จำนวน 2 ตัว) PlayStation 5 Zone • PlayStation 5 Slim รุ่น Ultra HD Blu-Ray Disc Drive (จำนวน 2 เครื่อง) VR Zone • PlayStation 5 Slim (จำนวน 1 เครื่อง) • Sony P",pipeline:structured_equipment_catalog,equipment/list,66.0,False,0.8561,0,,category_mismatch:equipment | missing_any:คีย์บอร์ด|mechanical,
MB-1364-GL-039,general_llm,general_llm,GPU คืออะไรแบบเข้าใจง่าย ตอบเป็นภาษาไทย,GPU คือ กราฟิกการ์ด หรือชิปประมวลผลกราฟิก ใช้ในการแสดงภาพเคลื่อนไหว เช่น เล่นเกม ดูวิดีโอ หรือทำงานกราฟิกต่าง ๆ โดยให้ภาพออกมาเร็วและคมชัดมากกว่า CPU เหมือนกับที่เราเห็นในจอภาพสมัยนี้ครับ หมายเหตุ: คำตอบนี้เป็นความรู้ทั่วไปของโมเดล ไม่ได้อ้างอิงจากฐานข้อมูล PSU Esports Studio - Phuket,pipeline:general_llm_fallback,general/general_knowledge_query,100.0,True,2.5627,1,general_llm,,
MB-1365-GL-040,general_llm,general_llm,server กับ client ต่างกันยังไง ตอบเป็นภาษาไทย,Server และ Client เป็นส่วนประกอบของระบบเครือข่ายที่ทำงานร่วมกัน โดย Server เป็นอุปกรณ์ที่ให้บริการหรือจัดเก็บข้อมูลให้แก่ Client ขณะที่ Client เป็นอุปกรณ์ที่เชื่อมต่อเข้ามาใช้งานบริการจาก Server เช่น การเข้าใช้งานเว็บไซต์หรือเล่นเกมออนไลน์ โดยทั้งสองส่วนต้องทำงานร่วมกันเพื่อให้เกิดการทำงานของระบบเครือข่ายได้อย่างราบรื่นครับ หมายเหตุ: คำตอบนี้เป็นความรู้ทั่วไปของโมเดล ไม่ได้อ้างอิงจากฐานข้อมูล PSU Esports Studio - Phuket,pipeline:general_llm_fallback,general/general_knowledge_query,100.0,True,3.522,1,general_llm,,
MB-1366-GL-041,general_llm,general_llm,อธิบายคำว่า latency ในระบบคอมพิวเตอร์แบบสั้น ๆ ไม่ต้องยาว,ความล่าช้าในการตอบสนองของระบบคอมพิวเตอร์ระหว่างการส่งข้อมูลจากผู้ใช้ไปยังอุปกรณ์ปลายทางหรือกลับคืนมา โดยมักวัดเป็นเวลา เช่น มิลลิวินาที (ms) หมายเหตุ: คำตอบนี้เป็นความรู้ทั่วไปของโมเดล ไม่ได้อ้างอิงจากฐานข้อมูล PSU Esports Studio - Phuket,pipeline:general_llm_fallback,general/general_knowledge_query,84.0,False,2.2492,1,general_llm,missing_any:latency|หน่วง,
MB-1367-GL-042,general_llm,general_llm,เฟรมเรตกับความละเอียดต่างกันยังไง ไม่ต้องยาว,เฟรมเรตคือจำนวนเฟรมที่แสดงต่อวินาที ส่วนความละเอียดคือขนาดของภาพ เช่น พิกเซลในแนวกว้างและสูง โดยความละเอียดส่งผลต่อความชัดเจนของภาพ ในขณะที่เฟรมเรตส่งผลต่อความลื่นไหลในการเคลื่อนไหวครับ หมายเหตุ: คำตอบนี้เป็นความรู้ทั่วไปของโมเดล ไม่ได้อ้างอิงจากฐานข้อมูล PSU Esports Studio - Phuket,pipeline:general_llm_fallback,general/general_knowledge_query,100.0,True,2.4025,1,general_llm,,
MB-1368-GL-043,general_llm,general_llm,API คืออะไร ไม่ต้องยาว,API คือ Application Programming Interface หรืออินเตอร์เฟซการเขียนโปรแกรมแอปพลิเคชัน ใช้แลกเปลี่ยนข้อมูลระหว่างระบบต่าง ๆ โดยตรงได้โดยไม่ต้องเข้าใจรายละเอียดภายในของแต่ละระบบ. หมายเหตุ: คำตอบนี้เป็นความรู้ทั่วไปของโมเดล ไม่ได้อ้างอิงจากฐานข้อมูล PSU Esports Studio - Phuket,pipeline:general_llm_fallback,general/general_knowledge_query,100.0,True,2.0194,1,general_llm,,
MB-1369-GL-044,general_llm,general_llm,JSON คืออะไร ไม่ต้องยาว,JSON คือภาษาความรู้สึกข้อมูลแบบโครงสร้างที่ใช้ในการส่งข้อมูลระหว่างระบบต่าง ๆ โดยใช้ชุดค่าแบบ key-value และ array ได้ทั้งหมดครับ หมายเหตุ: คำตอบนี้เป็นความรู้ทั่วไปของโมเดล ไม่ได้อ้างอิงจากฐานข้อมูล PSU Esports Studio - Phuket,pipeline:general_llm_fallback,general/general_knowledge_query,100.0,True,1.7434,1,general_llm,,
MB-1370-GL-045,general_llm,general_llm,ช่วยสรุปวิธีพูดขอบคุณแบบสุภาพ 2 ประโยค ไม่ต้องยาว,ขอขอบพระคุณเป็นอย่างยิ่งสำหรับความช่วยเหลือและโอกาสที่ได้รับ ขอบใจที่ให้เกียรติและสนับสนุนเสมอครับ/ค่ะ หมายเหตุ: คำตอบนี้เป็นความรู้ทั่วไปของโมเดล ไม่ได้อ้างอิงจากฐานข้อมูล PSU Esports Studio - Phuket,pipeline:general_llm_fallback,general/general_knowledge_query,84.0,False,1.7709,1,general_llm,missing_any:ขอบคุณ,
MB-1371-GL-046,general_llm,general_llm,แปลคำว่า reservation เป็นภาษาไทย ไม่ต้องยาว,การจองครับ หมายเหตุ: คำตอบนี้เป็นความรู้ทั่วไปของโมเดล ไม่ได้อ้างอิงจากฐานข้อมูล PSU Esports Studio - Phuket,pipeline:general_llm_fallback,general/general_knowledge_query,100.0,True,13.2169,1,general_llm,,
MB-1372-GL-047,general_llm,general_llm,เขียนประโยคประชาสัมพันธ์กิจกรรมแบบสุภาพหนึ่งประโยค ไม่ต้องยาว,ขอเชิญทุกท่านร่วมเป็นส่วนหนึ่งในกิจกรรมพิเศษนี้อย่างอบอุ่นใจนะคะ 😊 หมายเหตุ: คำตอบนี้เป็นความรู้ทั่วไปของโมเดล ไม่ได้อ้างอิงจากฐานข้อมูล PSU Esports Studio - Phuket,pipeline:general_llm_fallback,general/detail,100.0,True,14.1068,1,general_llm,,
MB-1373-GL-048,general_llm,general_llm,คีย์บอร์ด mechanical คืออะไรแบบสั้น ไม่ต้องยาว,"อุปกรณ์บนหน้า Home: PC Zone • Gaming PC รุ่น MSI MAG Infinite S3 14th (จำนวน 10 เครื่อง) • Gaming Monitor (จำนวน 10 จอ) • Gaming Chair (จำนวน 10 ตัว) • Gaming Gear ครบชุด ทั้ง Keyboard, Mouse และ Headset Cockpit Zone • TV ขนาด 65 นิ้ว (จำนวน 2 เครื่อง) • Racezone Full Cockpit V3 (จำนวน 2 ชุด) • Logitech G923 TRUEFORCE Racing wheel พร้อม Driving Force Shifter (จำนวน 2 ชุด) • Pulse Elite Wireless Headset (จำนวน 2 อัน) Nintendo Switch Zone • TV ขนาด 86 นิ้ว (จำนวน 1 เครื่อง) • Nintendo Switch OLED (จำนวน 1 เครื่อง) • Sofa ขนาด 2 ที่นั่ง (จำนวน 2 ตัว) PlayStation 5 Zone • PlayStation 5 Slim รุ่น Ultra HD Blu-Ray Disc Drive (จำนวน 2 เครื่อง) VR Zone • PlayStation 5 Slim (จำนวน 1 เครื่อง) • Sony P",pipeline:structured_equipment_catalog,equipment/list,66.0,False,0.7131,0,,category_mismatch:equipment | missing_any:คีย์บอร์ด|mechanical,
MB-1374-GL-049,general_llm,general_llm,GPU คืออะไรแบบเข้าใจง่าย ไม่ต้องยาว,GPU คือ ชิปประมวลผลกราฟิก ใช้แสดงภาพเคลื่อนไหวและเกมบนหน้าจอได้เร็วขึ้น เหมาะสำหรับงานด้านกราฟิกและเกมมากกว่า CPU โดยทั่วไปครับ หมายเหตุ: คำตอบนี้เป็นความรู้ทั่วไปของโมเดล ไม่ได้อ้างอิงจากฐานข้อมูล PSU Esports Studio - Phuket,pipeline:general_llm_fallback,general/general_knowledge_query,100.0,True,2.0292,1,general_llm,,
MB-1375-GL-050,general_llm,general_llm,server กับ client ต่างกันยังไง ไม่ต้องยาว,Server เป็นอุปกรณ์ที่จัดเก็บข้อมูลและให้บริการแก่ Client Client เป็นอุปกรณ์ที่เชื่อมต่อไปยัง Server เพื่อรับบริการหรือข้อมูลจากมัน หมายเหตุ: คำตอบนี้เป็นความรู้ทั่วไปของโมเดล ไม่ได้อ้างอิงจากฐานข้อมูล PSU Esports Studio - Phuket,pipeline:general_llm_fallback,general/general_knowledge_query,100.0,True,1.9604,1,general_llm,,
MB-1376-GL-051,general_llm,general_llm,อธิบายคำว่า latency ในระบบคอมพิวเตอร์แบบสั้น ๆ ขอ 1 ย่อหน้า,Latency คือเวลาที่ใช้ในการตอบสนองระหว่างการส่งคำสั่งจากผู้ใช้งานไปยังระบบคอมพิวเตอร์ และให้ระบบตอบกลับหรือประมวลผลคำสั่งนั้นกลับมา โดยมักวัดเป็นช่วงเวลาสั้น ๆ เช่น มิลลิวินาที (ms) ซึ่งมีผลต่อประสิทธิภาพการทำงานโดยเฉพาะในแอปพลิเคชันที่ต้องการความเร็วสูง เช่น เกมออนไลน์หรือระบบปฏิบัติการที่ตอบสนองรวดเร็วต่อคำสั่งผู้ใช้โดยตรงครับ หมายเหตุ: คำตอบนี้เป็นความรู้ทั่วไปของโมเดล ไม่ได้อ้างอิงจากฐานข้อมูล PSU Esports Studio - Phuket,pipeline:general_llm_fallback,general/general_knowledge_query,100.0,True,4.2398,1,general_llm,,
MB-1377-GL-052,general_llm,general_llm,เฟรมเรตกับความละเอียดต่างกันยังไง ขอ 1 ย่อหน้า,เฟรมเรต (Frame Rate) และความละเอียด (Resolution) เป็นคุณสมบัติที่แตกต่างกันโดยเฟรมเรตหมายถึงจำนวนเฟรมที่แสดงผลต่อวินาที เช่น 60 FPS จะแสดงภาพได้ 60 เฟรมต่อวินาที ส่วนความละเอียดคือขนาดของหน้าจอที่แสดงภาพ เช่น Full HD (1920x1080) หรือ 4K (3840x2160) โดยเฟรมเรตส่งผลต่อความลื่นไหลของภาพขณะเล่นเกม ในขณะที่ความละเอียดส่งผลต่อความชัดเจนของภาพโดยรวมครับ หมายเหตุ: คำตอบนี้เป็นความรู้ทั่วไปของโมเดล ไม่ได้อ้างอิงจากฐานข้อมูล PSU Esports Studio - Phuket,pipeline:general_llm_fallback,general/general_knowledge_query,100.0,True,4.1034,1,general_llm,,
MB-1378-GL-053,general_llm,general_llm,API คืออะไร ขอ 1 ย่อหน้า,API หรือ Application Programming Interface เป็นชุดคำสั่งหรือกลไกที่อนุญาตให้โปรแกรมหนึ่งสามารถสื่อสารและทำงานร่วมกับโปรแกรมอีกโปรแกรมหนึ่งได้ โดย API จะช่วยให้การแลกเปลี่ยนข้อมูลระหว่างระบบต่าง ๆ เป็นไปอย่างราบรื่นและมีประสิทธิภาพมากยิ่งขึ้น เช่น การเชื่อมต่อเว็บไซต์กับบริการชำระเงินออนไลน์ หรือการให้ข้อมูลจากฐานข้อมูลมาแสดงผลในแอปพลิเคชันต่าง ๆ โดยผู้พัฒนาสามารถใช้ API เพื่อเข้าถึงฟังก์ชันหรือข้อมูลที่ต้องการโดยไม่จำเป็นต้องเขียนโค้ดใหม่จากศูนย์กลางทุกครั้ง. หมายเหตุ: คำตอบนี้เป็นความรู้ทั่วไปของโมเดล ไม่ได้อ้างอิงจากฐานข้อมูล PSU Esports Studio - Phuket,pipeline:general_llm_fallback,general/general_knowledge_query,100.0,True,4.9929,1,general_llm,,
MB-1379-GL-054,general_llm,general_llm,JSON คืออะไร ขอ 1 ย่อหน้า,JSON หรือ JavaScript Object Notation เป็นรูปแบบข้อมูลที่ใช้ในการแลกเปลี่ยนข้อมูลระหว่างระบบต่าง ๆ โดยเขียนในรูปแบบโครงสร้างข้อมูลที่อ่านง่ายและเข้าใจได้ง่าย เช่น คู่ค่า (key-value) และโครงสร้าง array หรือ object ซึ่งสามารถใช้งานได้ทั้งในโปรแกรมคอมพิวเตอร์และระบบเครือข่ายต่าง ๆ โดยไม่ต้องพึ่งพาภาษาโปรแกรมเฉพาะเจาะจง. หมายเหตุ: คำตอบนี้เป็นความรู้ทั่วไปของโมเดล ไม่ได้อ้างอิงจากฐานข้อมูล PSU Esports Studio - Phuket,pipeline:general_llm_fallback,general/general_knowledge_query,100.0,True,3.3006,1,general_llm,,
MB-1380-GL-055,general_llm,general_llm,ช่วยสรุปวิธีพูดขอบคุณแบบสุภาพ 2 ประโยค ขอ 1 ย่อหน้า,ขอขอบพระคุณที่ให้โอกาสและสนับสนุนอย่างยิ่ง ขอบใจเป็นอย่างยิ่งสำหรับความช่วยเหลือและความใส่ใจเสมอมาครับ/ค่ะ หมายเหตุ: คำตอบนี้เป็นความรู้ทั่วไปของโมเดล ไม่ได้อ้างอิงจากฐานข้อมูล PSU Esports Studio - Phuket,pipeline:general_llm_fallback,general/general_knowledge_query,84.0,False,1.7866,1,general_llm,missing_any:ขอบคุณ,
MB-1381-GL-056,general_llm,general_llm,แปลคำว่า reservation เป็นภาษาไทย ขอ 1 ย่อหน้า,"คำว่า ""reservation"" เมื่อแปลเป็นภาษาไทย มีความหมายว่า การจองล่วงหน้า หรือการจัดสรรไว้ล่วงหน้า โดยเฉพาะในบริบทต่าง ๆ เช่น การจองที่พัก การจองโต๊ะอาหาร หรือการจองบริการต่าง ๆ ก่อนวันใช้งานจริง เพื่อให้มั่นใจว่าจะได้รับบริการตามที่ต้องการอย่างแน่นอน โดยคำนี้มักใช้บ่งบอกถึงการยืนยันสถานะหรือสิทธิ์ในการใช้งานบางอย่างล่วงหน้าแล้วก่อนกำหนดเวลาจริง ๆ เนื่องจากเป็นคำที่พบได้บ่อยในบริบททางธุรกิจและบริการต่าง ๆ ทั่วไป. หมายเหตุ: คำตอบนี้เป็นความรู้ทั่วไปของโมเดล ไม่ได้อ้างอิงจากฐานข้อมูล PSU Esports Studio - Phuket",pipeline:general_llm_fallback,general/detail,100.0,True,17.4183,1,general_llm,,
MB-1382-GL-057,general_llm,general_llm,เขียนประโยคประชาสัมพันธ์กิจกรรมแบบสุภาพหนึ่งประโยค ขอ 1 ย่อหน้า,ขอเชิญชวนทุกท่านร่วมเป็นส่วนหนึ่งในกิจกรรมสนุกสนานและสร้างสรรค์ร่วมกันได้ทันที! หมายเหตุ: คำตอบนี้เป็นความรู้ทั่วไปของโมเดล ไม่ได้อ้างอิงจากฐานข้อมูล PSU Esports Studio - Phuket,pipeline:general_llm_fallback,general/detail,100.0,True,14.6939,1,general_llm,,
MB-1383-GL-058,general_llm,general_llm,คีย์บอร์ด mechanical คืออะไรแบบสั้น ขอ 1 ย่อหน้า,"อุปกรณ์บนหน้า Home: PC Zone • Gaming PC รุ่น MSI MAG Infinite S3 14th (จำนวน 10 เครื่อง) • Gaming Monitor (จำนวน 10 จอ) • Gaming Chair (จำนวน 10 ตัว) • Gaming Gear ครบชุด ทั้ง Keyboard, Mouse และ Headset Cockpit Zone • TV ขนาด 65 นิ้ว (จำนวน 2 เครื่อง) • Racezone Full Cockpit V3 (จำนวน 2 ชุด) • Logitech G923 TRUEFORCE Racing wheel พร้อม Driving Force Shifter (จำนวน 2 ชุด) • Pulse Elite Wireless Headset (จำนวน 2 อัน) Nintendo Switch Zone • TV ขนาด 86 นิ้ว (จำนวน 1 เครื่อง) • Nintendo Switch OLED (จำนวน 1 เครื่อง) • Sofa ขนาด 2 ที่นั่ง (จำนวน 2 ตัว) PlayStation 5 Zone • PlayStation 5 Slim รุ่น Ultra HD Blu-Ray Disc Drive (จำนวน 2 เครื่อง) VR Zone • PlayStation 5 Slim (จำนวน 1 เครื่อง) • Sony P",pipeline:structured_equipment_catalog,equipment/list,66.0,False,0.7329,0,,category_mismatch:equipment | missing_any:คีย์บอร์ด|mechanical,
MB-1384-GL-059,general_llm,general_llm,GPU คืออะไรแบบเข้าใจง่าย ขอ 1 ย่อหน้า,GPU หรือ Graphics Processing Unit เป็นชิปประมวลผลที่ทำหน้าที่จัดการงานกราฟิก เช่น การแสดงภาพเคลื่อนไหวบนหน้าจอ เล่นเกม หรือดูวิดีโอ โดยสามารถประมวลผลข้อมูลจำนวนมากพร้อมกันได้เร็วมากกว่า CPU ทำให้เหมาะกับงานที่ต้องใช้กราฟิกสูง เช่น เล่นเกม 3D การถ่ายทำวิดีโอ และงานออกแบบภาพกราฟิกต่าง ๆ อีกด้วยครับ หมายเหตุ: คำตอบนี้เป็นความรู้ทั่วไปของโมเดล ไม่ได้อ้างอิงจากฐานข้อมูล PSU Esports Studio - Phuket,pipeline:general_llm_fallback,general/general_knowledge_query,100.0,True,3.3864,1,general_llm,,
MB-1385-GL-060,general_llm,general_llm,server กับ client ต่างกันยังไง ขอ 1 ย่อหน้า,Server และ Client เป็นองค์ประกอบหลักในระบบเครือข่าย โดย Server เป็นอุปกรณ์ที่ให้บริการหรือจัดเก็บข้อมูล เช่น เว็บไซต์หรือเกมออนไลน์ ขณะที่ Client เป็นอุปกรณ์ที่เชื่อมต่อเข้ามาใช้งานบริการจาก Server เช่น เครื่องคอมพิวเตอร์หรือมือถือ โดย Client จะส่งคำขอให้ Server และรับข้อมูลหรือผลลัพธ์กลับไปใช้งานต่อไป. หมายเหตุ: คำตอบนี้เป็นความรู้ทั่วไปของโมเดล ไม่ได้อ้างอิงจากฐานข้อมูล PSU Esports Studio - Phuket,pipeline:general_llm_fallback,general/general_knowledge_query,100.0,True,3.5665,1,general_llm,,
MB-1386-GL-061,general_llm,general_llm,อธิบายคำว่า latency ในระบบคอมพิวเตอร์แบบสั้น ๆ อธิบายให้มือใหม่เข้าใจ,Latency คือเวลาที่ใช้ในการตอบสนองระหว่างการกระทำกับผลลัพธ์ เช่น เลื่อนเมาส์แล้วจอภาพตอบสนองทันทีหรือไม่ โดยมักวัดเป็นช่วงเวลาสั้น ๆ เช่น มิลลิวินาที (ms) และยิ่งต่ำยิ่งดี เพราะทำให้ระบบทำงานลื่นไหลและตอบสนองเร็วขึ้นสำหรับผู้ใช้งานมือใหม่แล้วก็เข้าใจง่ายขึ้นค่ะ หมายเหตุ: คำตอบนี้เป็นความรู้ทั่วไปของโมเดล ไม่ได้อ้างอิงจากฐานข้อมูล PSU Esports Studio - Phuket,pipeline:general_llm_fallback,general/general_knowledge_query,100.0,True,3.931,1,general_llm,,
MB-1387-GL-062,general_llm,general_llm,เฟรมเรตกับความละเอียดต่างกันยังไง อธิบายให้มือใหม่เข้าใจ,เฟรมเรตคือจำนวนภาพที่แสดงบนหน้าจอต่อวินาที (เช่น 60 FPS = 60 ภาพต่อวินาที) ส่วนความละเอียดคือขนาดของภาพนั้น เช่น 1920x1080 (Full HD) โดยเฟรมเรตส่งผลต่อความลื่นไหลในการเล่นเกม ส่วนความละเอียดส่งผลต่อคุณภาพภาพที่เห็นได้ชัดเจนยิ่งขึ้น แต่ความละเอียดสูงอาจทำให้ต้องใช้พลังงานและเครื่องมือมากขึ้นตามไปด้วยครับ หมายเหตุ: คำตอบนี้เป็นความรู้ทั่วไปของโมเดล ไม่ได้อ้างอิงจากฐานข้อมูล PSU Esports Studio - Phuket,pipeline:general_llm_fallback,general/general_knowledge_query,100.0,True,4.0818,1,general_llm,,
MB-1388-GL-063,general_llm,general_llm,API คืออะไร อธิบายให้มือใหม่เข้าใจ,API คือชุดคำสั่งหรือตัวกลางที่ช่วยให้โปรแกรมหนึ่งสามารถสื่อสารและแลกเปลี่ยนข้อมูลกับโปรแกรมอีกตัวหนึ่งได้อย่างมีประสิทธิภาพ โดยไม่ต้องเขียนโค้ดซ้ำ ๆ เหมือนการเชื่อมต่อโดยตรง เช่น การใช้ API เพื่อดึงข้อมูลจากเว็บไซต์มาแสดงบนแอปพลิเคชันได้ทันทีครับ หมายเหตุ: คำตอบนี้เป็นความรู้ทั่วไปของโมเดล ไม่ได้อ้างอิงจากฐานข้อมูล PSU Esports Studio - Phuket,pipeline:general_llm_fallback,general/general_knowledge_query,100.0,True,3.2427,1,general_llm,,
MB-1389-GL-064,general_llm,general_llm,JSON คืออะไร อธิบายให้มือใหม่เข้าใจ,"JSON คือภาษาเขียนข้อมูลแบบโครงสร้าง (data format) ที่ใช้จัดเรียงข้อมูลเป็นรูปแบบง่าย ๆ เช่น ชื่อ-อายุ-ที่อยู่ โดยใช้เครื่องหมายวงเล็บและเครื่องหมายจุลภาค เช่น {""ชื่อ"":""สมชาย"",""อายุ"":30,""ที่อยู่"":""กรุงเทพฯ""} มือใหม่เข้าใจง่าย เพราะคล้ายกับการเขียนข้อมูลในสมุดบันทึก โดยไม่ต้องใช้โปรแกรมพิเศษมากนัก และสามารถใช้งานร่วมกับหลายระบบ เช่น เว็บไซต์หรือแอปพลิเคชันได้ทันทีครับ หมายเหตุ: คำตอบนี้เป็นความรู้ทั่วไปของโมเดล ไม่ได้อ้างอิงจากฐานข้อมูล PSU Esports Studio - Phuket",pipeline:general_llm_fallback,general/general_knowledge_query,100.0,True,4.2848,1,general_llm,,
MB-1390-GL-065,general_llm,general_llm,ช่วยสรุปวิธีพูดขอบคุณแบบสุภาพ 2 ประโยค อธิบายให้มือใหม่เข้าใจ,ขอขอบพระคุณเป็นอย่างยิ่งสำหรับความช่วยเหลือและคำแนะนำที่ให้มาครับ ขอบใจที่ได้แบ่งปันความรู้และประสบการณ์ดี ๆ มาให้ผมได้เรียนรู้ครับ หมายเหตุ: คำตอบนี้เป็นความรู้ทั่วไปของโมเดล ไม่ได้อ้างอิงจากฐานข้อมูล PSU Esports Studio - Phuket,pipeline:general_llm_fallback,general/general_knowledge_query,84.0,False,2.1058,1,general_llm,missing_any:ขอบคุณ,
MB-1391-GL-066,general_llm,general_llm,แปลคำว่า reservation เป็นภาษาไทย อธิบายให้มือใหม่เข้าใจ,การจองครับ มือใหม่เข้าใจง่าย ๆ เหมือนกับการขอที่นั่งล่วงหน้า เช่น จองตั๋วเครื่องบินหรือจองห้องพักล่วงหน้าก่อนเดินทางครับ หมายเหตุ: คำตอบนี้เป็นความรู้ทั่วไปของโมเดล ไม่ได้อ้างอิงจากฐานข้อมูล PSU Esports Studio - Phuket,pipeline:general_llm_fallback,general/general_knowledge_query,100.0,True,2.2747,1,general_llm,,
MB-1392-GL-067,general_llm,general_llm,เขียนประโยคประชาสัมพันธ์กิจกรรมแบบสุภาพหนึ่งประโยค อธิบายให้มือใหม่เข้าใจ,ขอเชิญชวนทุกคนร่วมตื่นเต้นเข้าร่วมกิจกรรมสนุกสนานร่วมสมัย พร้อมเรียนรู้และพัฒนาทักษะอย่างสนุกสนานในบรรยากาศอบอุ่นใจครับ หมายเหตุ: คำตอบนี้เป็นความรู้ทั่วไปของโมเดล ไม่ได้อ้างอิงจากฐานข้อมูล PSU Esports Studio - Phuket,pipeline:general_llm_fallback,general/general_knowledge_query,100.0,True,2.1753,1,general_llm,,
MB-1393-GL-068,general_llm,general_llm,คีย์บอร์ด mechanical คืออะไรแบบสั้น อธิบายให้มือใหม่เข้าใจ,"อุปกรณ์บนหน้า Home: PC Zone • Gaming PC รุ่น MSI MAG Infinite S3 14th (จำนวน 10 เครื่อง) • Gaming Monitor (จำนวน 10 จอ) • Gaming Chair (จำนวน 10 ตัว) • Gaming Gear ครบชุด ทั้ง Keyboard, Mouse และ Headset Cockpit Zone • TV ขนาด 65 นิ้ว (จำนวน 2 เครื่อง) • Racezone Full Cockpit V3 (จำนวน 2 ชุด) • Logitech G923 TRUEFORCE Racing wheel พร้อม Driving Force Shifter (จำนวน 2 ชุด) • Pulse Elite Wireless Headset (จำนวน 2 อัน) Nintendo Switch Zone • TV ขนาด 86 นิ้ว (จำนวน 1 เครื่อง) • Nintendo Switch OLED (จำนวน 1 เครื่อง) • Sofa ขนาด 2 ที่นั่ง (จำนวน 2 ตัว) PlayStation 5 Zone • PlayStation 5 Slim รุ่น Ultra HD Blu-Ray Disc Drive (จำนวน 2 เครื่อง) VR Zone • PlayStation 5 Slim (จำนวน 1 เครื่อง) • Sony P",pipeline:structured_equipment_catalog,equipment/list,66.0,False,1.2596,0,,category_mismatch:equipment | missing_any:คีย์บอร์ด|mechanical,
MB-1394-GL-069,general_llm,general_llm,GPU คืออะไรแบบเข้าใจง่าย อธิบายให้มือใหม่เข้าใจ,GPU คือ กราฟิกโปรเซสเซอร์ หรือชิปประมวลผลภาพ เหมาะสำหรับงานที่ต้องใช้ภาพ เช่น เล่นเกม ดูวิดีโอ หรือวาดภาพ โดยช่วยให้ภาพเคลื่อนไหวไหลลื่นและคมชัดมากขึ้นเมื่อเทียบกับ CPU ที่ทำหน้าที่ประมวลผลงานต่าง ๆ ทั่วไปในคอมพิวเตอร์ครับ หมายเหตุ: คำตอบนี้เป็นความรู้ทั่วไปของโมเดล ไม่ได้อ้างอิงจากฐานข้อมูล PSU Esports Studio - Phuket,pipeline:general_llm_fallback,general/general_knowledge_query,100.0,True,3.3175,1,general_llm,,
MB-1395-GL-070,general_llm,general_llm,server กับ client ต่างกันยังไง อธิบายให้มือใหม่เข้าใจ,Server และ Client เปรียบเสมือนคนทำงานในระบบเครือข่าย Server เป็นผู้จัดการและเก็บข้อมูล เช่น เกมหรือเว็บไซต์หลัก Client เป็นผู้ใช้งาน เช่น เครื่องคอมพิวเตอร์หรือมือถือที่เชื่อมต่อกับ Server เพื่อเข้าใช้งานบริการนั้น ๆ โดยทั้งสองต้องทำงานร่วมกันเพื่อให้ระบบทำงานได้อย่างราบรื่นครับ หมายเหตุ: คำตอบนี้เป็นความรู้ทั่วไปของโมเดล ไม่ได้อ้างอิงจากฐานข้อมูล PSU Esports Studio - Phuket,pipeline:general_llm_fallback,general/general_knowledge_query,100.0,True,3.5855,1,general_llm,,
MB-1396-GL-071,general_llm,general_llm,อธิบายคำว่า latency ในระบบคอมพิวเตอร์แบบสั้น ๆ ตอบแบบเด็กปีหนึ่งเข้าใจได้,Latency เหมือนเวลาที่รถคันหนึ่งรอจอดก่อนจะเริ่มขับไปข้างหน้า มันคือเวลาที่คอมพิวเตอร์ใช้รอให้สั่งงานเสร็จก่อนตอบกลับมาให้เราได้เห็นผลลัพธ์ครับ หมายเหตุ: คำตอบนี้เป็นความรู้ทั่วไปของโมเดล ไม่ได้อ้างอิงจากฐานข้อมูล PSU Esports Studio - Phuket,pipeline:general_llm_fallback,general/general_knowledge_query,100.0,True,2.6525,1,general_llm,,
MB-1397-GL-072,general_llm,general_llm,เฟรมเรตกับความละเอียดต่างกันยังไง ตอบแบบเด็กปีหนึ่งเข้าใจได้,เฟรมเรตคือจำนวนภาพที่จอแสดงผลเปลี่ยนไปทุก ๆ วินาที เช่น เล่นเกมแล้วภาพหมุนเร็วหรือช้า ความละเอียดคือขนาดของภาพนั้น เช่น ภาพใหญ่หรือเล็ก เหมือนเปรียบเทียบขนาดของกระดาษที่เขียนคำพูดไว้ ถ้ากระดาษใหญ่แต่เขียนเร็ว ก็เหมือนภาพละเอียดสูงแต่มีเฟรมเรตสูงด้วยครับ หมายเหตุ: คำตอบนี้เป็นความรู้ทั่วไปของโมเดล ไม่ได้อ้างอิงจากฐานข้อมูล PSU Esports Studio - Phuket,pipeline:general_llm_fallback,general/general_knowledge_query,100.0,True,3.5025,1,general_llm,,
MB-1398-GL-073,general_llm,general_llm,API คืออะไร ตอบแบบเด็กปีหนึ่งเข้าใจได้,API คือช่องทางที่แอปหรือเว็บหนึ่งให้ออกแบบข้อมูลหรือฟังก์ชันให้อีกแอปหนึ่งใช้งานได้เหมือนกับตัวเอง เช่น เล่นเกมกับเกมอื่นผ่านเครือข่ายเดียวกันได้เลยครับ หมายเหตุ: คำตอบนี้เป็นความรู้ทั่วไปของโมเดล ไม่ได้อ้างอิงจากฐานข้อมูล PSU Esports Studio - Phuket,pipeline:general_llm_fallback,general/general_knowledge_query,100.0,True,2.3973,1,general_llm,,
MB-1399-GL-074,general_llm,general_llm,JSON คืออะไร ตอบแบบเด็กปีหนึ่งเข้าใจได้,JSON เหมือนเป็นภาษาที่ใช้เขียนข้อมูลให้เครื่องคอมพิวเตอร์เข้าใจง่าย ๆ เช่น เขียนชื่อ นามสกุล อายุไว้ในรูปแบบที่เครื่องจะอ่านได้โดยไม่ต้องคิดเยอะเลยครับ หมายเหตุ: คำตอบนี้เป็นความรู้ทั่วไปของโมเดล ไม่ได้อ้างอิงจากฐานข้อมูล PSU Esports Studio - Phuket,pipeline:general_llm_fallback,general/general_knowledge_query,100.0,True,2.2916,1,general_llm,,
MB-1400-GL-075,general_llm,general_llm,ช่วยสรุปวิธีพูดขอบคุณแบบสุภาพ 2 ประโยค ตอบแบบเด็กปีหนึ่งเข้าใจได้,ขอบคุณมากเลยครับ/ค่ะ น่ารักจังเลยนะครับ/ค่ะ 😊 หมายเหตุ: คำตอบนี้เป็นความรู้ทั่วไปของโมเดล ไม่ได้อ้างอิงจากฐานข้อมูล PSU Esports Studio - Phuket,pipeline:general_llm_fallback,general/general_knowledge_query,100.0,True,1.3432,1,general_llm,,
MB-1401-GL-076,general_llm,general_llm,แปลคำว่า reservation เป็นภาษาไทย ตอบแบบเด็กปีหนึ่งเข้าใจได้,การจองครับ หมายเหตุ: คำตอบนี้เป็นความรู้ทั่วไปของโมเดล ไม่ได้อ้างอิงจากฐานข้อมูล PSU Esports Studio - Phuket,pipeline:general_llm_fallback,general/general_knowledge_query,100.0,True,13.887,1,general_llm,,
MB-1402-GL-077,general_llm,general_llm,เขียนประโยคประชาสัมพันธ์กิจกรรมแบบสุภาพหนึ่งประโยค ตอบแบบเด็กปีหนึ่งเข้าใจได้,เรามีกิจกรรมสนุก ๆ เตรียมไว้ให้ทุกคนได้ร่วมสนุกและเรียนรู้ไปพร้อมกันเลยค่ะ! หมายเหตุ: คำตอบนี้เป็นความรู้ทั่วไปของโมเดล ไม่ได้อ้างอิงจากฐานข้อมูล PSU Esports Studio - Phuket,pipeline:general_llm_fallback,general/detail,100.0,True,14.0191,1,general_llm,,
MB-1403-GL-078,general_llm,general_llm,คีย์บอร์ด mechanical คืออะไรแบบสั้น ตอบแบบเด็กปีหนึ่งเข้าใจได้,"อุปกรณ์บนหน้า Home: PC Zone • Gaming PC รุ่น MSI MAG Infinite S3 14th (จำนวน 10 เครื่อง) • Gaming Monitor (จำนวน 10 จอ) • Gaming Chair (จำนวน 10 ตัว) • Gaming Gear ครบชุด ทั้ง Keyboard, Mouse และ Headset Cockpit Zone • TV ขนาด 65 นิ้ว (จำนวน 2 เครื่อง) • Racezone Full Cockpit V3 (จำนวน 2 ชุด) • Logitech G923 TRUEFORCE Racing wheel พร้อม Driving Force Shifter (จำนวน 2 ชุด) • Pulse Elite Wireless Headset (จำนวน 2 อัน) Nintendo Switch Zone • TV ขนาด 86 นิ้ว (จำนวน 1 เครื่อง) • Nintendo Switch OLED (จำนวน 1 เครื่อง) • Sofa ขนาด 2 ที่นั่ง (จำนวน 2 ตัว) PlayStation 5 Zone • PlayStation 5 Slim รุ่น Ultra HD Blu-Ray Disc Drive (จำนวน 2 เครื่อง) VR Zone • PlayStation 5 Slim (จำนวน 1 เครื่อง) • Sony P",pipeline:structured_equipment_catalog,equipment/list,66.0,False,1.3092,0,,category_mismatch:equipment | missing_any:คีย์บอร์ด|mechanical,
MB-1404-GL-079,general_llm,general_llm,GPU คืออะไรแบบเข้าใจง่าย ตอบแบบเด็กปีหนึ่งเข้าใจได้,"GPU คือ ""ชิปประมวลผลกราฟิก"" เหมือนเป็นหัวใจของคอมพิวเตอร์ที่ทำให้เราเห็นภาพสวย ๆ เช่น เกมหรือวิดีโอได้ดูน่าสนใจและไหลลื่นครับ หมายเหตุ: คำตอบนี้เป็นความรู้ทั่วไปของโมเดล ไม่ได้อ้างอิงจากฐานข้อมูล PSU Esports Studio - Phuket",pipeline:general_llm_fallback,general/general_knowledge_query,100.0,True,2.1232,1,general_llm,,
MB-1405-GL-080,general_llm,general_llm,server กับ client ต่างกันยังไง ตอบแบบเด็กปีหนึ่งเข้าใจได้,Server เหมือนครูในห้องเรียน ทำหน้าที่แจกข้อมูลและควบคุมระบบ Client เหมือนนักเรียน ทำหน้าที่รับข้อมูลจากครูและส่งคำตอบกลับไปให้ครูได้ดูครับ หมายเหตุ: คำตอบนี้เป็นความรู้ทั่วไปของโมเดล ไม่ได้อ้างอิงจากฐานข้อมูล PSU Esports Studio - Phuket,pipeline:general_llm_fallback,general/general_knowledge_query,100.0,True,2.1481,1,general_llm,,
MB-1406-GL-081,general_llm,general_llm,อธิบายคำว่า latency ในระบบคอมพิวเตอร์แบบสั้น ๆ ขอแบบไม่ใช้ศัพท์ยาก,ความล่าช้าในการตอบสนองของเครื่องคอมพิวเตอร์ เช่น เครื่องตอบสนองช้าเมื่อคลิกหรือป้อนข้อมูล เพราะต้องรอให้ระบบประมวลผลเสร็จก่อนครับ หมายเหตุ: คำตอบนี้เป็นความรู้ทั่วไปของโมเดล ไม่ได้อ้างอิงจากฐานข้อมูล PSU Esports Studio - Phuket,pipeline:general_llm_fallback,general/general_knowledge_query,84.0,False,1.9327,1,general_llm,missing_any:latency|หน่วง,
MB-1407-GL-082,general_llm,general_llm,เฟรมเรตกับความละเอียดต่างกันยังไง ขอแบบไม่ใช้ศัพท์ยาก,เฟรมเรตคือจำนวนภาพต่อวินาทีที่จอแสดงผลแสดงออก เช่น เฟรมเรตสูงจะเคลื่อนไหวลื่นไหล ความละเอียดคือขนาดของภาพ เช่น ความละเอียดสูงจะเห็นรายละเอียดชัดเจนกว่า เหมือนเปรียบเทียบความเร็วรถกับขนาดตัวรถครับ หมายเหตุ: คำตอบนี้เป็นความรู้ทั่วไปของโมเดล ไม่ได้อ้างอิงจากฐานข้อมูล PSU Esports Studio - Phuket,pipeline:general_llm_fallback,general/general_knowledge_query,100.0,True,2.6485,1,general_llm,,
MB-1408-GL-083,general_llm,general_llm,API คืออะไร ขอแบบไม่ใช้ศัพท์ยาก,API คือช่องทางให้โปรแกรมต่าง ๆ สื่อสารกันได้โดยตรง เช่น เครื่องมือหนึ่งส่งข้อมูลไปยังอีกเครื่องมือหนึ่งโดยไม่ต้องผ่านมือคนกลางเลยครับ หมายเหตุ: คำตอบนี้เป็นความรู้ทั่วไปของโมเดล ไม่ได้อ้างอิงจากฐานข้อมูล PSU Esports Studio - Phuket,pipeline:general_llm_fallback,general/general_knowledge_query,100.0,True,2.0105,1,general_llm,,
MB-1409-GL-084,general_llm,general_llm,JSON คืออะไร ขอแบบไม่ใช้ศัพท์ยาก,JSON คือรูปแบบการเขียนข้อมูลให้เครื่องคอมพิวเตอร์อ่านง่าย เช่น เขียนข้อมูลเป็นชุดข้อความหรือตารางที่เข้าใจง่าย โดยใช้เครื่องหมายวงเล็บและจุดคอมมา เช่น ใส่ข้อมูลชื่อ-อายุในรูปแบบที่เครื่องสามารถเข้าใจได้ทันทีโดยไม่ต้องแปลงเยอะ ๆ เหมือนกับการเขียนในสมุดบันทึกธรรมดาแต่ให้คอมพิวเตอร์ใช้งานได้สะดวกขึ้นครับ หมายเหตุ: คำตอบนี้เป็นความรู้ทั่วไปของโมเดล ไม่ได้อ้างอิงจากฐานข้อมูล PSU Esports Studio - Phuket,pipeline:general_llm_fallback,general/general_knowledge_query,100.0,True,3.6176,1,general_llm,,
MB-1410-GL-085,general_llm,general_llm,ช่วยสรุปวิธีพูดขอบคุณแบบสุภาพ 2 ประโยค ขอแบบไม่ใช้ศัพท์ยาก,ขอบคุณมากสำหรับความช่วยเหลือครับ ยินดีช่วยเหลือเสมอครับ หมายเหตุ: คำตอบนี้เป็นความรู้ทั่วไปของโมเดล ไม่ได้อ้างอิงจากฐานข้อมูล PSU Esports Studio - Phuket,pipeline:general_llm_fallback,general/general_knowledge_query,100.0,True,1.3296,1,general_llm,,
MB-1411-GL-086,general_llm,general_llm,แปลคำว่า reservation เป็นภาษาไทย ขอแบบไม่ใช้ศัพท์ยาก,การจองครับ หมายเหตุ: คำตอบนี้เป็นความรู้ทั่วไปของโมเดล ไม่ได้อ้างอิงจากฐานข้อมูล PSU Esports Studio - Phuket,pipeline:general_llm_fallback,general/general_knowledge_query,100.0,True,13.721,1,general_llm,,
MB-1412-GL-087,general_llm,general_llm,เขียนประโยคประชาสัมพันธ์กิจกรรมแบบสุภาพหนึ่งประโยค ขอแบบไม่ใช้ศัพท์ยาก,เรามีกิจกรรมสนุก ๆ รอคุณอยู่นะครับ เล่นกับเพื่อนสนิทได้ทุกวันเลย! หมายเหตุ: คำตอบนี้เป็นความรู้ทั่วไปของโมเดล ไม่ได้อ้างอิงจากฐานข้อมูล PSU Esports Studio - Phuket,pipeline:general_llm_fallback,general/detail,100.0,True,14.4771,1,general_llm,,
MB-1413-GL-088,general_llm,general_llm,คีย์บอร์ด mechanical คืออะไรแบบสั้น ขอแบบไม่ใช้ศัพท์ยาก,"อุปกรณ์บนหน้า Home: PC Zone • Gaming PC รุ่น MSI MAG Infinite S3 14th (จำนวน 10 เครื่อง) • Gaming Monitor (จำนวน 10 จอ) • Gaming Chair (จำนวน 10 ตัว) • Gaming Gear ครบชุด ทั้ง Keyboard, Mouse และ Headset Cockpit Zone • TV ขนาด 65 นิ้ว (จำนวน 2 เครื่อง) • Racezone Full Cockpit V3 (จำนวน 2 ชุด) • Logitech G923 TRUEFORCE Racing wheel พร้อม Driving Force Shifter (จำนวน 2 ชุด) • Pulse Elite Wireless Headset (จำนวน 2 อัน) Nintendo Switch Zone • TV ขนาด 86 นิ้ว (จำนวน 1 เครื่อง) • Nintendo Switch OLED (จำนวน 1 เครื่อง) • Sofa ขนาด 2 ที่นั่ง (จำนวน 2 ตัว) PlayStation 5 Zone • PlayStation 5 Slim รุ่น Ultra HD Blu-Ray Disc Drive (จำนวน 2 เครื่อง) VR Zone • PlayStation 5 Slim (จำนวน 1 เครื่อง) • Sony P",pipeline:structured_equipment_catalog,equipment/list,66.0,False,1.026,0,,category_mismatch:equipment | missing_any:คีย์บอร์ด|mechanical,
MB-1414-GL-089,general_llm,general_llm,GPU คืออะไรแบบเข้าใจง่าย ขอแบบไม่ใช้ศัพท์ยาก,GPU คือชิปประมวลผลกราฟิก ทำหน้าที่ให้คอมพิวเตอร์วาดภาพสวย ๆ เช่น เล่นเกมหรือดูวิดีโอได้ไหลลื่นครับ หมายเหตุ: คำตอบนี้เป็นความรู้ทั่วไปของโมเดล ไม่ได้อ้างอิงจากฐานข้อมูล PSU Esports Studio - Phuket,pipeline:general_llm_fallback,general/general_knowledge_query,100.0,True,1.8768,1,general_llm,,
MB-1415-GL-090,general_llm,general_llm,server กับ client ต่างกันยังไง ขอแบบไม่ใช้ศัพท์ยาก,Server เป็นเครื่องหลักที่จัดการข้อมูล เช่น เกมหรือเว็บไซต์ Client เป็นเครื่องที่ใช้งานจริง เช่น มือถือหรือคอมพิวเตอร์ที่เราเล่นเกมหรือเข้าเว็บไปดูข้อมูล เหมือนคนขายของ (Server) กับคนซื้อของ (Client) เครื่องนั้นต้องเชื่อมต่อกันเพื่อให้ทำงานร่วมกันได้ครับ หมายเหตุ: คำตอบนี้เป็นความรู้ทั่วไปของโมเดล ไม่ได้อ้างอิงจากฐานข้อมูล PSU Esports Studio - Phuket,pipeline:general_llm_fallback,general/general_knowledge_query,100.0,True,3.2817,1,general_llm,,
MB-1416-GL-091,general_llm,general_llm,อธิบายคำว่า latency ในระบบคอมพิวเตอร์แบบสั้น ๆ ขอสรุปเป็น 2 ข้อ,• Latency คือเวลาที่ใช้ในการตอบสนองระหว่างการส่งคำสั่งและได้รับผลลัพธ์ • มีผลต่อประสิทธิภาพการทำงาน โดยเฉพาะในงานที่ต้องการความเร็วสูง เช่น เกมออนไลน์หรือระบบควบคุมแบบเรียลไทม์ หมายเหตุ: คำตอบนี้เป็นความรู้ทั่วไปของโมเดล ไม่ได้อ้างอิงจากฐานข้อมูล PSU Esports Studio - Phuket,pipeline:general_llm_fallback,general/general_knowledge_query,100.0,True,2.5728,1,general_llm,,
MB-1417-GL-092,general_llm,general_llm,เฟรมเรตกับความละเอียดต่างกันยังไง ขอสรุปเป็น 2 ข้อ,• เฟรมเรต (FPS) คือจำนวนเฟรมที่แสดงผลต่อวินาที ส่งผลต่อความลื่นไหลของภาพ เช่น 60 FPS = แสดงภาพได้ 60 ครั้งต่อวินาที • ความละเอียด (Resolution) คือขนาดของหน้าจอที่แสดงผล เช่น 1920x1080 (Full HD) หรือ 3840x2160 (4K) ส่งผลต่อรายละเอียดของภาพแต่ใช้ทรัพยากรมากขึ้น หมายเหตุ: คำตอบนี้เป็นความรู้ทั่วไปของโมเดล ไม่ได้อ้างอิงจากฐานข้อมูล PSU Esports Studio - Phuket,pipeline:general_llm_fallback,general/general_knowledge_query,100.0,True,3.589,1,general_llm,,
MB-1418-GL-093,general_llm,general_llm,API คืออะไร ขอสรุปเป็น 2 ข้อ,• API คือ Application Programming Interface หรืออินเตอร์เฟซการเขียนโปรแกรมที่ช่วยให้ซอฟต์แวร์ต่าง ๆ สื่อสารและทำงานร่วมกันได้ • API ทำหน้าที่เชื่อมโยงข้อมูลหรือบริการระหว่างระบบต่าง ๆ โดยไม่ต้องเปิดโค้ดภายในให้เห็นโดยตรง หมายเหตุ: คำตอบนี้เป็นความรู้ทั่วไปของโมเดล ไม่ได้อ้างอิงจากฐานข้อมูล PSU Esports Studio - Phuket,pipeline:general_llm_fallback,general/general_knowledge_query,100.0,True,2.6272,1,general_llm,,
MB-1419-GL-094,general_llm,general_llm,JSON คืออะไร ขอสรุปเป็น 2 ข้อ,• JSON เป็นรูปแบบข้อมูลที่ใช้จัดเก็บและส่งผ่านข้อมูลในรูปแบบโครงสร้างต้นไม้ (tree structure) • เหมาะสำหรับการแลกเปลี่ยนข้อมูลระหว่างระบบต่าง ๆ เช่น เว็บไซต์ กับเซิร์ฟเวอร์ โดยเข้าใจง่ายและใช้งานได้ทันทีโดยไม่ต้องแปลงรูปแบบอื่น ๆ หมายเหตุ: คำตอบนี้เป็นความรู้ทั่วไปของโมเดล ไม่ได้อ้างอิงจากฐานข้อมูล PSU Esports Studio - Phuket,pipeline:general_llm_fallback,general/general_knowledge_query,100.0,True,3.1526,1,general_llm,,
MB-1420-GL-095,general_llm,general_llm,ช่วยสรุปวิธีพูดขอบคุณแบบสุภาพ 2 ประโยค ขอสรุปเป็น 2 ข้อ,• ขอบคุณสำหรับความช่วยเหลือและความใส่ใจเสมอ • มีความยินดีที่ได้ร่วมงานกับคุณอย่างมากครับ/ค่ะ หมายเหตุ: คำตอบนี้เป็นความรู้ทั่วไปของโมเดล ไม่ได้อ้างอิงจากฐานข้อมูล PSU Esports Studio - Phuket,pipeline:general_llm_fallback,general/general_knowledge_query,100.0,True,1.796,1,general_llm,,
MB-1421-GL-096,general_llm,general_llm,แปลคำว่า reservation เป็นภาษาไทย ขอสรุปเป็น 2 ข้อ,• การจอง • การจัดเตรียมล่วงหน้า หมายเหตุ: คำตอบนี้เป็นความรู้ทั่วไปของโมเดล ไม่ได้อ้างอิงจากฐานข้อมูล PSU Esports Studio - Phuket,pipeline:general_llm_fallback,general/general_knowledge_query,100.0,True,13.9657,1,general_llm,,
MB-1422-GL-097,general_llm,general_llm,เขียนประโยคประชาสัมพันธ์กิจกรรมแบบสุภาพหนึ่งประโยค ขอสรุปเป็น 2 ข้อ,ขอเชิญร่วมงานกิจกรรมเพื่อส่งเสริมทักษะการแข่งขันและความร่วมมือในกลุ่มคนรุ่นใหม่ พร้อมสร้างแรงบันดาลใจให้กับเยาวชนทั่วไปด้วยนะคะ • ส่งเสริมทักษะการแข่งขันและการทำงานเป็นทีม • สร้างแรงบันดาลใจให้เยาวชนในสังคมไทย หมายเหตุ: คำตอบนี้เป็นความรู้ทั่วไปของโมเดล ไม่ได้อ้างอิงจากฐานข้อมูล PSU Esports Studio - Phuket,pipeline:general_llm_fallback,general/detail,100.0,True,15.6493,1,general_llm,,
MB-1423-GL-098,general_llm,general_llm,คีย์บอร์ด mechanical คืออะไรแบบสั้น ขอสรุปเป็น 2 ข้อ,"อุปกรณ์บนหน้า Home: PC Zone • Gaming PC รุ่น MSI MAG Infinite S3 14th (จำนวน 10 เครื่อง) • Gaming Monitor (จำนวน 10 จอ) • Gaming Chair (จำนวน 10 ตัว) • Gaming Gear ครบชุด ทั้ง Keyboard, Mouse และ Headset Cockpit Zone • TV ขนาด 65 นิ้ว (จำนวน 2 เครื่อง) • Racezone Full Cockpit V3 (จำนวน 2 ชุด) • Logitech G923 TRUEFORCE Racing wheel พร้อม Driving Force Shifter (จำนวน 2 ชุด) • Pulse Elite Wireless Headset (จำนวน 2 อัน) Nintendo Switch Zone • TV ขนาด 86 นิ้ว (จำนวน 1 เครื่อง) • Nintendo Switch OLED (จำนวน 1 เครื่อง) • Sofa ขนาด 2 ที่นั่ง (จำนวน 2 ตัว) PlayStation 5 Zone • PlayStation 5 Slim รุ่น Ultra HD Blu-Ray Disc Drive (จำนวน 2 เครื่อง) VR Zone • PlayStation 5 Slim (จำนวน 1 เครื่อง) • Sony P",pipeline:structured_equipment_catalog,equipment/list,66.0,False,0.8877,0,,category_mismatch:equipment | missing_any:คีย์บอร์ด|mechanical,
MB-1424-GL-099,general_llm,general_llm,GPU คืออะไรแบบเข้าใจง่าย ขอสรุปเป็น 2 ข้อ,GPU คือ ชิปประมวลผลกราฟิก ใช้จัดการภาพและเกมให้ไหลลื่น ช่วยเร่งความเร็วในการประมวลผลงานที่เกี่ยวข้องกับภาพ เช่น เล่นเกมหรือดูวิดีโอได้ดีขึ้น หมายเหตุ: คำตอบนี้เป็นความรู้ทั่วไปของโมเดล ไม่ได้อ้างอิงจากฐานข้อมูล PSU Esports Studio - Phuket,pipeline:general_llm_fallback,general/general_knowledge_query,100.0,True,2.2918,1,general_llm,,
MB-1425-GL-100,general_llm,general_llm,server กับ client ต่างกันยังไง ขอสรุปเป็น 2 ข้อ,• Server เป็นเซิร์ฟเวอร์ที่จัดเก็บข้อมูลและควบคุมการทำงานของระบบ เช่น การประมวลผลคำสั่งหรือการเชื่อมต่อผู้ใช้ • Client เป็นอุปกรณ์ปลายทาง เช่น เครื่องคอมพิวเตอร์หรือมือถือ ที่ใช้งานบริการจากเซิร์ฟเวอร์โดยตรง โดยไม่เก็บข้อมูลไว้เองมากนัก หมายเหตุ: คำตอบนี้เป็นความรู้ทั่วไปของโมเดล ไม่ได้อ้างอิงจากฐานข้อมูล PSU Esports Studio - Phuket,pipeline:general_llm_fallback,general/general_knowledge_query,100.0,True,3.0906,1,general_llm,,
MB-1426-GL-101,general_llm,general_llm,อธิบายคำว่า latency ในระบบคอมพิวเตอร์แบบสั้น ๆ ขอคำตอบไม่เกิน 3 บรรทัด,Latency คือเวลาที่ใช้ในการตอบสนองระหว่างการส่งคำสั่งจากผู้ใช้กับการได้รับผลลัพธ์กลับมาในระบบคอมพิวเตอร์ โดยมักวัดเป็นช่วงเวลา เช่น มิลลิวินาที (ms) ซึ่งส่งผลต่อประสิทธิภาพการทำงานโดยตรงโดยเฉพาะในงานที่ต้องการความเร็วสูง เช่น เกมออนไลน์หรือระบบปฏิบัติการตอบสนองรวดเร็ว. หมายเหตุ: คำตอบนี้เป็นความรู้ทั่วไปของโมเดล ไม่ได้อ้างอิงจากฐานข้อมูล PSU Esports Studio - Phuket,pipeline:general_llm_fallback,general/general_knowledge_query,100.0,True,3.5304,1,general_llm,,
MB-1427-GL-102,general_llm,general_llm,เฟรมเรตกับความละเอียดต่างกันยังไง ขอคำตอบไม่เกิน 3 บรรทัด,เฟรมเรตคือจำนวนเฟรมต่อวินาทีที่แสดงผลบนหน้าจอ ส่วนความละเอียดคือขนาดของภาพ เช่น พิกเซลในแนวนอนและแนวตั้ง โดยความละเอียดส่งผลต่อความชัดเจนของภาพ แต่ไม่เกี่ยวข้องโดยตรงกับความเร็วในการแสดงเฟรม เฟรมเรตสูงขึ้นทำให้เคลื่อนไหวลื่นไหลมากขึ้น โดยเฉพาะในเกมหรือวิดีโอที่ต้องการความลื่นไหลสูงสุด เช่น เกม FPS หรือการเล่นเกมแบบเรียลไทม์ อัตราเฟรมเรตที่เหมาะสมขึ้นอยู่กับอุปกรณ์และเนื้อหาที่แสดงผล เช่น เกมที่ต้องการความลื่นไหลสูงสุดอาจต้องใช้เฟรมเรต 60 FPS ขึ้นไป ในขณะที่ความละเอียดสูง เช่น 4K จะต้องใช้พล หมายเหตุ: คำตอบนี้เป็นความรู้ทั่วไปของโมเดล ไม่ได้อ้างอิงจากฐานข้อมูล PSU Esports Studio - Phuket,pipeline:general_llm_fallback,general/general_knowledge_query,100.0,True,5.7444,1,general_llm,,
MB-1428-GL-103,general_llm,general_llm,API คืออะไร ขอคำตอบไม่เกิน 3 บรรทัด,API คือ Application Programming Interface หรืออินเตอร์เฟซการเขียนโปรแกรมสำหรับแอปพลิเคชันต่าง ๆ เพื่อให้สามารถสื่อสารและแลกเปลี่ยนข้อมูลกันได้อย่างมีประสิทธิภาพ โดยไม่ต้องเข้าใจรายละเอียดภายในของแต่ละระบบโดยตรง. หมายเหตุ: คำตอบนี้เป็นความรู้ทั่วไปของโมเดล ไม่ได้อ้างอิงจากฐานข้อมูล PSU Esports Studio - Phuket,pipeline:general_llm_fallback,general/general_knowledge_query,100.0,True,2.4617,1,general_llm,,
MB-1429-GL-104,general_llm,general_llm,JSON คืออะไร ขอคำตอบไม่เกิน 3 บรรทัด,JSON หรือ JavaScript Object Notation เป็นรูปแบบข้อมูลที่ใช้ในการแลกเปลี่ยนข้อมูลระหว่างระบบต่าง ๆ โดยเขียนในรูปแบบโครงสร้างข้อมูลที่อ่านง่ายและเข้าใจได้ง่าย เช่น คู่ค่า (key-value) และรายการ (array) โดยไม่ต้องใช้ภาษาโปรแกรมใด ๆ เลย. หมายเหตุ: คำตอบนี้เป็นความรู้ทั่วไปของโมเดล ไม่ได้อ้างอิงจากฐานข้อมูล PSU Esports Studio - Phuket,pipeline:general_llm_fallback,general/general_knowledge_query,100.0,True,2.5398,1,general_llm,,
MB-1430-GL-105,general_llm,general_llm,ช่วยสรุปวิธีพูดขอบคุณแบบสุภาพ 2 ประโยค ขอคำตอบไม่เกิน 3 บรรทัด,ขอบคุณที่ให้โอกาสและสนับสนุนเสมอมา ขอแสดงความชื่นชมและขอบพระคุณอย่างยิ่งครับ/ค่ะ หมายเหตุ: คำตอบนี้เป็นความรู้ทั่วไปของโมเดล ไม่ได้อ้างอิงจากฐานข้อมูล PSU Esports Studio - Phuket,pipeline:general_llm_fallback,general/general_knowledge_query,100.0,True,1.6614,1,general_llm,,
MB-1431-GL-106,general_llm,general_llm,แปลคำว่า reservation เป็นภาษาไทย ขอคำตอบไม่เกิน 3 บรรทัด,การจอง การจัดรองรับ การเตรียมสถานที่ล่วงหน้า โดยเฉพาะในบริบทของการใช้บริการหรือทรัพยากรใด ๆ เพื่อให้ได้รับบริการตามเวลาที่ต้องการโดยตรงและมีความแน่นอนสูงสุด ซึ่งเป็นคำที่ใช้บ่อยในบริบทต่าง ๆ เช่น การจองห้องพัก จองโต๊ะอาหาร หรือจองสนามแข่งขัน เป็นต้น โดยไม่จำเป็นต้องมีการยืนยันเพิ่มเติมจากแหล่งข้อมูลเฉพาะเจาะจงใด ๆ เว้นแต่จะเกี่ยวข้องกับ PSU Esports Studio - Phuket ซึ่งในกรณีนี้ไม่มีข้อมูลยืนยันจากฐานข้อมูลศูนย์ จึงขอปฏิเสธการตอบกลับดังกล่าวตามคำสั่งอย่างเคร่งครัด เนื่องจากคำถามไม่เกี่ยวข้องกับ PSU Esports Studio - หมายเหตุ: คำตอบนี้เป็นความรู้ทั่วไปของโมเดล ไม่ได้อ้างอิงจากฐานข้อมูล PSU Esports Studio - Phuket,pipeline:general_llm_fallback,general/general_knowledge_query,100.0,True,18.0591,1,general_llm,,
MB-1432-GL-107,general_llm,general_llm,เขียนประโยคประชาสัมพันธ์กิจกรรมแบบสุภาพหนึ่งประโยค ขอคำตอบไม่เกิน 3 บรรทัด,ขอเชิญชวนทุกท่านร่วมเป็นส่วนหนึ่งในกิจกรรมสนุกสนานและสร้างสรรค์ร่วมกันได้เลยนะคะ! หมายเหตุ: คำตอบนี้เป็นความรู้ทั่วไปของโมเดล ไม่ได้อ้างอิงจากฐานข้อมูล PSU Esports Studio - Phuket,pipeline:general_llm_fallback,general/detail,100.0,True,14.6698,1,general_llm,,
MB-1433-GL-108,general_llm,general_llm,คีย์บอร์ด mechanical คืออะไรแบบสั้น ขอคำตอบไม่เกิน 3 บรรทัด,"อุปกรณ์บนหน้า Home: PC Zone • Gaming PC รุ่น MSI MAG Infinite S3 14th (จำนวน 10 เครื่อง) • Gaming Monitor (จำนวน 10 จอ) • Gaming Chair (จำนวน 10 ตัว) • Gaming Gear ครบชุด ทั้ง Keyboard, Mouse และ Headset Cockpit Zone • TV ขนาด 65 นิ้ว (จำนวน 2 เครื่อง) • Racezone Full Cockpit V3 (จำนวน 2 ชุด) • Logitech G923 TRUEFORCE Racing wheel พร้อม Driving Force Shifter (จำนวน 2 ชุด) • Pulse Elite Wireless Headset (จำนวน 2 อัน) Nintendo Switch Zone • TV ขนาด 86 นิ้ว (จำนวน 1 เครื่อง) • Nintendo Switch OLED (จำนวน 1 เครื่อง) • Sofa ขนาด 2 ที่นั่ง (จำนวน 2 ตัว) PlayStation 5 Zone • PlayStation 5 Slim รุ่น Ultra HD Blu-Ray Disc Drive (จำนวน 2 เครื่อง) VR Zone • PlayStation 5 Slim (จำนวน 1 เครื่อง) • Sony P",pipeline:structured_equipment_catalog,equipment/list,66.0,False,1.2004,0,,category_mismatch:equipment | missing_any:คีย์บอร์ด|mechanical,
MB-1434-GL-109,general_llm,general_llm,GPU คืออะไรแบบเข้าใจง่าย ขอคำตอบไม่เกิน 3 บรรทัด,GPU คือ ชิปประมวลผลกราฟิก ใช้จัดการภาพและแสงเงาในจอคอมพิวเตอร์ให้ดูคมชัด เหมาะสำหรับเล่นเกมหรือทำงานกราฟิกต่าง ๆ โดยเฉพาะอย่างยิ่งในงานออกแบบภาพหรือเรนเดอร์ภาพเคลื่อนไหวที่ต้องการประสิทธิภาพสูงสุดจากหน่วยประมวลผลกราฟิกเพื่อให้ได้ภาพที่ลื่นไหลและสมจริงมากขึ้น เหมาะสำหรับงานด้านเกมหรือกราฟิกคอมพิวเตอร์โดยเฉพาะอย่างยิ่งในงานออกแบบภาพหรือเรนเดอร์ภาพเคลื่อนไหวที่ต้องการประสิทธิภาพสูงสุดจากหน่วยประมวลผลกราฟิกเพื่อให้ได้ภาพที่ลื่นไหลและสมจริงมากขึ้น เหมาะสำหรับงานด้านเกมหรือกราฟิกคอมพิวเตอร์โดยเฉพาะอย่างยิ หมายเหตุ: คำตอบนี้เป็นความรู้ทั่วไปของโมเดล ไม่ได้อ้างอิงจากฐานข้อมูล PSU Esports Studio - Phuket,pipeline:general_llm_fallback,general/general_knowledge_query,100.0,True,5.7836,1,general_llm,,
MB-1435-GL-110,general_llm,general_llm,server กับ client ต่างกันยังไง ขอคำตอบไม่เกิน 3 บรรทัด,Server เป็นเซิร์ฟเวอร์ที่จัดการข้อมูลและให้บริการแก่ Client Client เป็นอุปกรณ์หรือโปรแกรมที่เชื่อมต่อไปยัง Server เพื่อรับบริการหรือข้อมูล ทั้งสองทำงานร่วมกันเพื่อให้ระบบสามารถใช้งานได้อย่างราบรื่น หมายเหตุ: คำตอบนี้เป็นความรู้ทั่วไปของโมเดล ไม่ได้อ้างอิงจากฐานข้อมูล PSU Esports Studio - Phuket,pipeline:general_llm_fallback,general/general_knowledge_query,100.0,True,2.7314,1,general_llm,,
MB-1436-GL-111,general_llm,general_llm,อธิบายคำว่า latency ในระบบคอมพิวเตอร์แบบสั้น ๆ อธิบายแบบใช้ในงาน chatbot,latency คือเวลาที่ใช้ในการตอบสนองระหว่างการส่งคำขอและได้รับผลลัพธ์ในระบบคอมพิวเตอร์ โดยเฉพาะในงาน chatbot จะหมายถึงระยะเวลาที่ผ่านไปตั้งแต่ผู้ใช้พิมพ์ข้อความจนกระทั่งระบบตอบกลับข้อความนั้นออกมาให้ได้ทันทีครับ หมายเหตุ: คำตอบนี้เป็นความรู้ทั่วไปของโมเดล ไม่ได้อ้างอิงจากฐานข้อมูล PSU Esports Studio - Phuket,pipeline:general_llm_fallback,general/general_knowledge_query,100.0,True,2.9365,1,general_llm,,
MB-1437-GL-112,general_llm,general_llm,เฟรมเรตกับความละเอียดต่างกันยังไง อธิบายแบบใช้ในงาน chatbot,เฟรมเรต (Frame Rate) และความละเอียด (Resolution) เป็นคุณสมบัติที่แตกต่างกัน โดยเฟรมเรตหมายถึงจำนวนเฟรมที่แสดงขึ้นต่อวินาที เช่น 60 FPS จะแสดงภาพได้ 60 เฟรมต่อวินาที ส่วนความละเอียดคือขนาดของภาพ เช่น 1080p หรือ 4K ที่กำหนดโดยจำนวนพิกเซลในแนวนอนและแนวตั้ง โดยเฟรมเรตส่งผลต่อความลื่นไหลของภาพ ในขณะที่ความละเอียดส่งผลต่อความชัดเจนของภาพ โดยทั้งสองคุณสมบัตินี้มีผลต่อกันในระดับหนึ่ง เช่น ความละเอียดสูงอาจต้องใช้เฟรมเรตต่ำลงเพื่อรักษาประสิทธิภาพการทำงานของระบบได้ครับ หมายเหตุ: คำตอบนี้เป็นความรู้ทั่วไปของโมเดล ไม่ได้อ้างอิงจากฐานข้อมูล PSU Esports Studio - Phuket,pipeline:general_llm_fallback,general/general_knowledge_query,100.0,True,5.5524,1,general_llm,,
MB-1438-GL-113,general_llm,general_llm,API คืออะไร อธิบายแบบใช้ในงาน chatbot,API คือ Application Programming Interface หรืออินเตอร์เฟซการเขียนโปรแกรมสำหรับแอปพลิเคชัน โดยในงาน chatbot จะใช้ API เพื่อเชื่อมต่อกับระบบภายนอก เช่น ฐานข้อมูล เครื่องมือวิเคราะห์ข้อความ หรือบริการอื่น ๆ เพื่อให้ chatbot สามารถตอบคำถามหรือให้ข้อมูลได้อย่างแม่นยำและทันสมัย โดย API จะส่งคำขอ (request) และรับคำตอบกลับ (response) ในรูปแบบข้อมูลที่เข้าใจง่าย เช่น JSON เพื่อให้ระบบต่าง ๆ สื่อสารกันได้อย่างมีประสิทธิภาพ. หมายเหตุ: คำตอบนี้เป็นความรู้ทั่วไปของโมเดล ไม่ได้อ้างอิงจากฐานข้อมูล PSU Esports Studio - Phuket,pipeline:general_llm_fallback,general/general_knowledge_query,100.0,True,4.2966,1,general_llm,,
MB-1439-GL-114,general_llm,general_llm,JSON คืออะไร อธิบายแบบใช้ในงาน chatbot,"JSON (JavaScript Object Notation) เป็นรูปแบบข้อมูลที่ใช้ในการส่งข้อมูลระหว่างระบบต่าง ๆ โดยเขียนเป็นโครงสร้างแบบ key-value ซึ่งเหมาะสำหรับการใช้งานใน chatbot เพราะสามารถแปลงข้อมูลได้ง่าย เช่น ส่งคำถามและคำตอบกลับไปกลับมาในรูปแบบที่เข้าใจง่ายและรวดเร็ว โดยตัวอย่างเช่น {""message"": ""สวัสดีครับ"", ""status"": ""success""} ช่วยให้ระบบประมวลผลข้อมูลได้อย่างมีประสิทธิภาพและสื่อสารกันได้ง่ายขึ้นในงาน chatbot. หมายเหตุ: คำตอบนี้เป็นความรู้ทั่วไปของโมเดล ไม่ได้อ้างอิงจากฐานข้อมูล PSU Esports Studio - Phuket",pipeline:general_llm_fallback,general/general_knowledge_query,100.0,True,4.002,1,general_llm,,
MB-1440-GL-115,general_llm,general_llm,ช่วยสรุปวิธีพูดขอบคุณแบบสุภาพ 2 ประโยค อธิบายแบบใช้ในงาน chatbot,ขอขอบพระคุณอย่างสุดหัวใจสำหรับความช่วยเหลือและความใส่ใจนะคะ คำขอบคุณนี้มีความหมายมาก และเป็นกำลังใจให้ท่านเสมอครับ/ค่ะ หมายเหตุ: คำตอบนี้เป็นความรู้ทั่วไปของโมเดล ไม่ได้อ้างอิงจากฐานข้อมูล PSU Esports Studio - Phuket,pipeline:general_llm_fallback,general/general_knowledge_query,100.0,True,2.0337,1,general_llm,,
MB-1441-GL-116,general_llm,general_llm,แปลคำว่า reservation เป็นภาษาไทย อธิบายแบบใช้ในงาน chatbot,การจองครับ เนื่องจากเป็นงานแชทบอท จึงควรใช้คำง่าย ๆ และเข้าใจง่าย เช่น “การจอง” เพื่อให้ผู้ใช้งานเข้าใจได้ทันทีครับ หมายเหตุ: คำตอบนี้เป็นความรู้ทั่วไปของโมเดล ไม่ได้อ้างอิงจากฐานข้อมูล PSU Esports Studio - Phuket,pipeline:general_llm_fallback,general/general_knowledge_query,100.0,True,2.0634,1,general_llm,,
MB-1442-GL-117,general_llm,general_llm,เขียนประโยคประชาสัมพันธ์กิจกรรมแบบสุภาพหนึ่งประโยค อธิบายแบบใช้ในงาน chatbot,ขอเชิญทุกท่านร่วมเป็นส่วนหนึ่งในกิจกรรมพิเศษนี้นะคะ เพื่อสร้างความสนุกสนานและเสริมสร้างความสัมพันธ์ที่ดีขึ้นระหว่างกันอย่างอบอุ่นใจ 💬✨ หมายเหตุ: คำตอบนี้เป็นความรู้ทั่วไปของโมเดล ไม่ได้อ้างอิงจากฐานข้อมูล PSU Esports Studio - Phuket,pipeline:general_llm_fallback,general/general_knowledge_query,100.0,True,2.6184,1,general_llm,,
MB-1443-GL-118,general_llm,general_llm,คีย์บอร์ด mechanical คืออะไรแบบสั้น อธิบายแบบใช้ในงาน chatbot,"อุปกรณ์บนหน้า Home: PC Zone • Gaming PC รุ่น MSI MAG Infinite S3 14th (จำนวน 10 เครื่อง) • Gaming Monitor (จำนวน 10 จอ) • Gaming Chair (จำนวน 10 ตัว) • Gaming Gear ครบชุด ทั้ง Keyboard, Mouse และ Headset Cockpit Zone • TV ขนาด 65 นิ้ว (จำนวน 2 เครื่อง) • Racezone Full Cockpit V3 (จำนวน 2 ชุด) • Logitech G923 TRUEFORCE Racing wheel พร้อม Driving Force Shifter (จำนวน 2 ชุด) • Pulse Elite Wireless Headset (จำนวน 2 อัน) Nintendo Switch Zone • TV ขนาด 86 นิ้ว (จำนวน 1 เครื่อง) • Nintendo Switch OLED (จำนวน 1 เครื่อง) • Sofa ขนาด 2 ที่นั่ง (จำนวน 2 ตัว) PlayStation 5 Zone • PlayStation 5 Slim รุ่น Ultra HD Blu-Ray Disc Drive (จำนวน 2 เครื่อง) VR Zone • PlayStation 5 Slim (จำนวน 1 เครื่อง) • Sony P",pipeline:structured_equipment_catalog,equipment/list,66.0,False,1.2325,0,,category_mismatch:equipment | missing_any:คีย์บอร์ด|mechanical,
MB-1444-GL-119,general_llm,general_llm,GPU คืออะไรแบบเข้าใจง่าย อธิบายแบบใช้ในงาน chatbot,GPU คือ กราฟิกโปรเซสเซอร์ หรือชิปประมวลผลภาพ เหมาะสำหรับจัดการงานที่ต้องใช้พลังงานคำนวณสูง เช่น การเล่นเกมหรือฝึกสอนโมเดลปัญญาประดิษฐ์ใน chatbot โดยช่วยให้ประมวลผลข้อมูลได้เร็วและมีประสิทธิภาพมากกว่า CPU ในบางงานเฉพาะทางครับ หมายเหตุ: คำตอบนี้เป็นความรู้ทั่วไปของโมเดล ไม่ได้อ้างอิงจากฐานข้อมูล PSU Esports Studio - Phuket,pipeline:general_llm_fallback,general/general_knowledge_query,100.0,True,3.2073,1,general_llm,,
MB-1445-GL-120,general_llm,general_llm,server กับ client ต่างกันยังไง อธิบายแบบใช้ในงาน chatbot,Server และ Client ในระบบแชทบอทคือสองส่วนหลักที่ทำงานร่วมกัน โดย Server เป็นเซิร์ฟเวอร์ที่จัดการข้อมูลและประมวลผลคำขอ เช่น ตอบคำถามหรือเก็บข้อมูลผู้ใช้ ส่วน Client เป็นอุปกรณ์หรือแอปพลิเคชันที่ผู้ใช้งานโต้ตอบ เช่น เครื่องคอมพิวเตอร์มือถือที่ส่งคำขอไปยัง Server เพื่อรับคำตอบกลับมาอย่างต่อเนื่องและรวดเร็ว โดยทั้งสองส่วนต้องทำงานร่วมกันเพื่อให้แชทบอทสามารถตอบสนองได้อย่างราบรื่นและแม่นยำ. หมายเหตุ: คำตอบนี้เป็นความรู้ทั่วไปของโมเดล ไม่ได้อ้างอิงจากฐานข้อมูล PSU Esports Studio - Phuket,pipeline:general_llm_fallback,general/general_knowledge_query,100.0,True,4.6049,1,general_llm,,
MB-1446-GL-121,general_llm,general_llm,อธิบายคำว่า latency ในระบบคอมพิวเตอร์แบบสั้น ๆ อธิบายแบบใช้กับวงการเกม,latency คือเวลาที่ใช้ในการตอบสนองระหว่างการกระทำในเกมกับการได้รับผลลัพธ์บนหน้าจอ โดยมีผลต่อประสบการณ์เล่นเกมโดยตรง เช่น การเคลื่อนไหวของตัวละครหรืออาวุธตอบสนองช้าลงเมื่อ latency สูง ทำให้รู้สึกไม่ลื่นไหลและอาจส่งผลต่อผลการแข่งขันได้ในเกมที่ต้องการความแม่นยำสูง เช่น FPS เกมแนวการยิงหรือการต่อสู้แบบเรียลไทม์ หมายเหตุ: คำตอบนี้เป็นความรู้ทั่วไปของโมเดล ไม่ได้อ้างอิงจากฐานข้อมูล PSU Esports Studio - Phuket,pipeline:general_llm_fallback,general/general_knowledge_query,100.0,True,3.8118,1,general_llm,,
MB-1447-GL-122,general_llm,general_llm,เฟรมเรตกับความละเอียดต่างกันยังไง อธิบายแบบใช้กับวงการเกม,เฟรมเรต (FPS) คือจำนวนเฟรมที่แสดงขึ้นจอต่อวินาที ส่วนความละเอียด (Resolution) คือขนาดของหน้าจอที่แสดงภาพ เช่น 1920x1080 หรือ 4K โดยทั้งสองอย่างมีผลต่อประสบการณ์เล่นเกมแตกต่างกัน เช่น เฟรมเรตสูงทำให้เคลื่อนไหวลื่นไหล ส่วนความละเอียดสูงทำให้ภาพคมชัดแต่อาจใช้ทรัพยากรมากขึ้น และต้องปรับแต่งให้เหมาะสมกับเครื่องเล่นเกมของแต่ละคนครับ หมายเหตุ: คำตอบนี้เป็นความรู้ทั่วไปของโมเดล ไม่ได้อ้างอิงจากฐานข้อมูล PSU Esports Studio - Phuket,pipeline:general_llm_fallback,general/general_knowledge_query,100.0,True,4.1625,1,general_llm,,
MB-1448-GL-123,general_llm,general_llm,API คืออะไร อธิบายแบบใช้กับวงการเกม,API คือ Application Programming Interface หรืออินเตอร์เฟซการเขียนโปรแกรมแอปพลิเคชัน เป็นช่องทางที่อนุญาตให้แอปพลิเคชันหนึ่งสามารถสื่อสารและแลกเปลี่ยนข้อมูลกับอีกแอปพลิเคชันหนึ่งได้ โดยในวงการเกม API มักใช้ในการเชื่อมต่อระบบต่าง ๆ เช่น เชื่อมต่อเกมกับระบบจัดการผู้เล่น หรือให้ผู้พัฒนาเกมเข้าถึงข้อมูลต่าง ๆ เช่น คะแนน เรทติ้ง หรือสถานะการแข่งขัน โดยไม่ต้องเขียนโค้ดซ้ำซ้อน เพื่อให้การทำงานราบรื่นและมีประสิทธิภาพมากยิ่งขึ้น หมายเหตุ: คำตอบนี้เป็นความรู้ทั่วไปของโมเดล ไม่ได้อ้างอิงจากฐานข้อมูล PSU Esports Studio - Phuket,pipeline:general_llm_fallback,general/general_knowledge_query,100.0,True,4.9349,1,general_llm,,
MB-1449-GL-124,general_llm,general_llm,JSON คืออะไร อธิบายแบบใช้กับวงการเกม,JSON คือภาษาโปรแกรมที่ใช้จัดเก็บและส่งข้อมูลในรูปแบบโครงสร้าง เช่น ข้อมูลผู้เล่น เงื่อนไขการแข่งขัน หรือสถานะเกม โดยมักใช้ในระบบเกมออนไลน์เพื่อแลกเปลี่ยนข้อมูลระหว่างเซิร์ฟเวอร์และผู้เล่นอย่างรวดเร็วและชัดเจน โดยไม่ต้องแปลงรูปแบบข้อมูลซับซ้อนเกินไป เหมาะสมกับวงการเกมมาก เพราะเข้าใจง่ายและใช้งานได้ทันทีในระบบเครือข่ายต่าง ๆ ได้อย่างมีประสิทธิภาพครับ หมายเหตุ: คำตอบนี้เป็นความรู้ทั่วไปของโมเดล ไม่ได้อ้างอิงจากฐานข้อมูล PSU Esports Studio - Phuket,pipeline:general_llm_fallback,general/general_knowledge_query,100.0,True,4.1762,1,general_llm,,
MB-1450-GL-125,general_llm,general_llm,ช่วยสรุปวิธีพูดขอบคุณแบบสุภาพ 2 ประโยค อธิบายแบบใช้กับวงการเกม,ขอขอบพระคุณเป็นอย่างยิ่งสำหรับความช่วยเหลือและคำแนะนำที่ให้มาครับ นับเป็นเกียรติอย่างยิ่งที่ได้มีโอกาสทำงานร่วมกันในวงการเกมครับ หมายเหตุ: คำตอบนี้เป็นความรู้ทั่วไปของโมเดล ไม่ได้อ้างอิงจากฐานข้อมูล PSU Esports Studio - Phuket,pipeline:general_llm_fallback,general/general_knowledge_query,84.0,False,2.096,1,general_llm,missing_any:ขอบคุณ,
MB-1451-GL-126,general_llm,general_llm,แปลคำว่า reservation เป็นภาษาไทย อธิบายแบบใช้กับวงการเกม,การจอง เน้นที่การขอให้มีพื้นที่หรือทรัพยากรไว้ล่วงหน้า เช่น การจองเวลาเล่นเกมในห้องฝึกซ้อม หรือจองที่นั่งในรายการแข่งขันล่วงหน้า เพื่อความสะดวกและแน่ใจว่าจะได้ใช้งานตามต้องการโดยไม่ต้องรอคอยนานเกินไปในวงการเกมครับ หมายเหตุ: คำตอบนี้เป็นความรู้ทั่วไปของโมเดล ไม่ได้อ้างอิงจากฐานข้อมูล PSU Esports Studio - Phuket,pipeline:general_llm_fallback,general/general_knowledge_query,100.0,True,3.046,1,general_llm,,
MB-1452-GL-127,general_llm,general_llm,เขียนประโยคประชาสัมพันธ์กิจกรรมแบบสุภาพหนึ่งประโยค อธิบายแบบใช้กับวงการเกม,เรียนผู้สนใจเกมทุกท่าน ขอเชิญร่วมตื่นเต้นเข้าสู่เวทีแห่งความบันเทิงและทักษะระดับพรีเมียมในงานแข่งขันเกมครั้งยิ่งใหญ่ที่จะพาให้ทุกคนได้แสดงออกถึงจิตวิญญาณแห่งการเล่นเกมอย่างมีสไตล์และสร้างสรรค์! หมายเหตุ: คำตอบนี้เป็นความรู้ทั่วไปของโมเดล ไม่ได้อ้างอิงจากฐานข้อมูล PSU Esports Studio - Phuket,pipeline:general_llm_fallback,general/general_knowledge_query,84.0,False,3.0301,1,general_llm,missing_any:กิจกรรม,
MB-1453-GL-128,general_llm,general_llm,คีย์บอร์ด mechanical คืออะไรแบบสั้น อธิบายแบบใช้กับวงการเกม,"อุปกรณ์บนหน้า Home: PC Zone • Gaming PC รุ่น MSI MAG Infinite S3 14th (จำนวน 10 เครื่อง) • Gaming Monitor (จำนวน 10 จอ) • Gaming Chair (จำนวน 10 ตัว) • Gaming Gear ครบชุด ทั้ง Keyboard, Mouse และ Headset Cockpit Zone • TV ขนาด 65 นิ้ว (จำนวน 2 เครื่อง) • Racezone Full Cockpit V3 (จำนวน 2 ชุด) • Logitech G923 TRUEFORCE Racing wheel พร้อม Driving Force Shifter (จำนวน 2 ชุด) • Pulse Elite Wireless Headset (จำนวน 2 อัน) Nintendo Switch Zone • TV ขนาด 86 นิ้ว (จำนวน 1 เครื่อง) • Nintendo Switch OLED (จำนวน 1 เครื่อง) • Sofa ขนาด 2 ที่นั่ง (จำนวน 2 ตัว) PlayStation 5 Zone • PlayStation 5 Slim รุ่น Ultra HD Blu-Ray Disc Drive (จำนวน 2 เครื่อง) VR Zone • PlayStation 5 Slim (จำนวน 1 เครื่อง) • Sony P",pipeline:structured_equipment_catalog,equipment/list,66.0,False,1.1743,0,,category_mismatch:equipment | missing_any:คีย์บอร์ด|mechanical,
MB-1454-GL-129,general_llm,general_llm,GPU คืออะไรแบบเข้าใจง่าย อธิบายแบบใช้กับวงการเกม,GPU คือ “จอภาพ” หรือ “หน่วยประมวลผลกราฟิก” ที่ทำหน้าที่วาดภาพเกมให้เร็วและคมชัด เหมือนคนที่วาดภาพบนกระดาษให้ดูน่าสนใจและไหลลื่นเวลาเล่นเกม โดยเฉพาะเกมแนวแอ็กชันหรือมุมมองกว้าง ๆ จะต้องใช้ GPU แรง ๆ เพื่อให้ภาพออกมาสวยและไม่สะดุดตาเลยครับ หมายเหตุ: คำตอบนี้เป็นความรู้ทั่วไปของโมเดล ไม่ได้อ้างอิงจากฐานข้อมูล PSU Esports Studio - Phuket,pipeline:general_llm_fallback,general/general_knowledge_query,100.0,True,3.2058,1,general_llm,,
MB-1455-GL-130,general_llm,general_llm,server กับ client ต่างกันยังไง อธิบายแบบใช้กับวงการเกม,ในวงการเกม Server เป็นเซิร์ฟเวอร์ที่จัดการสถานะของเกม เช่น การเคลื่อนไหวของผู้เล่น การอัปเดตสถานการณ์เกม และควบคุมกฎระเบียบของเกม Client เป็นอุปกรณ์หรือโปรแกรมที่ผู้เล่นใช้เล่นเกม โดยรับข้อมูลจาก Server และส่งคำสั่งกลับไปยัง Server เพื่อให้เกิดการโต้ตอบกันแบบเรียลไทม์ โดยรวมแล้ว Server คือหัวใจของเกมที่ควบคุมระบบ ส่วน Client เป็นหน้าจอหรืออุปกรณ์ที่ผู้เล่นเห็นและใช้งานโดยตรงครับ หมายเหตุ: คำตอบนี้เป็นความรู้ทั่วไปของโมเดล ไม่ได้อ้างอิงจากฐานข้อมูล PSU Esports Studio - Phuket,pipeline:general_llm_fallback,general/general_knowledge_query,100.0,True,4.3303,1,general_llm,,
MB-1456-GL-131,general_llm,general_llm,อธิบายคำว่า latency ในระบบคอมพิวเตอร์แบบสั้น ๆ ช่วยยกตัวอย่างสั้น ๆ,Latency คือเวลาที่ใช้ในการตอบสนองระหว่างการกระทำกับผลลัพธ์ เช่น เมื่อคลิกปุ่มแล้วจอแสดงผลตอบสนองทันทีหรือไม่ ตัวอย่าง: เล่นเกมออนไลน์ คลิกปุ่มแล้วเห็นภาพเคลื่อนไหวตามทันทีหรือไม่ทันทีก็ขึ้นอยู่กับ latency เวลาตอบสนองช้า = latency สูง เวลาตอบสนองเร็ว = latency ต่ำ หมายเหตุ: คำตอบนี้เป็นความรู้ทั่วไปของโมเดล ไม่ได้อ้างอิงจากฐานข้อมูล PSU Esports Studio - Phuket,pipeline:general_llm_fallback,general/general_knowledge_query,100.0,True,3.5006,1,general_llm,,
MB-1457-GL-132,general_llm,general_llm,เฟรมเรตกับความละเอียดต่างกันยังไง ช่วยยกตัวอย่างสั้น ๆ,เฟรมเรต (FPS) คือจำนวนเฟรมที่แสดงต่อวินาที เช่น 60 FPS = แสดงภาพได้ 60 ครั้งต่อวินาที ความละเอียด (Resolution) คือขนาดของหน้าจอ เช่น 1920x1080 (Full HD) ตัวอย่าง: เฟรมเรตสูง = เคลื่อนไหวลื่นไหล แต่ใช้แบตเตอรี่มากกว่า ความละเอียดสูง = ภาพคมชัดแต่อาจทำให้หน้าจอหน่วงหากเฟรมเรตต่ำ ทั้งสองมีผลต่อประสบการณ์เล่นเกมร่วมกันอย่างชัดเจนครับ หมายเหตุ: คำตอบนี้เป็นความรู้ทั่วไปของโมเดล ไม่ได้อ้างอิงจากฐานข้อมูล PSU Esports Studio - Phuket,pipeline:general_llm_fallback,general/general_knowledge_query,100.0,True,4.388,1,general_llm,,
MB-1458-GL-133,general_llm,general_llm,API คืออะไร ช่วยยกตัวอย่างสั้น ๆ,API คือ Application Programming Interface หรืออินเทอร์เฟซการเขียนโปรแกรมแอปพลิเคชัน เป็นช่องทางที่ให้โปรแกรมหนึ่งสามารถสื่อสารและแลกเปลี่ยนข้อมูลกับโปรแกรมอีกตัวหนึ่งได้ เช่น การใช้ API จาก Google Maps เพื่อแสดงแผนที่ในแอปพลิเคชันของคุณ โดยตัวอย่างเช่น เมื่อคุณเปิดแอปจองตั๋วเครื่องบิน ระบบอาจใช้ API จากบริษัทขนส่งเพื่อดึงข้อมูลราคาและเวลาเที่ยวบินมาแสดงให้เห็นได้ทันที. หมายเหตุ: คำตอบนี้เป็นความรู้ทั่วไปของโมเดล ไม่ได้อ้างอิงจากฐานข้อมูล PSU Esports Studio - Phuket,pipeline:general_llm_fallback,general/general_knowledge_query,100.0,True,4.1691,1,general_llm,,
MB-1459-GL-134,general_llm,general_llm,JSON คืออะไร ช่วยยกตัวอย่างสั้น ๆ,"JSON คือภาษาความรู้ (Data Format) ที่ใช้จัดเก็บและแลกเปลี่ยนข้อมูลในรูปแบบโครงสร้าง เช่น รายการหรือคู่ค่า ตัวอย่าง: {""ชื่อ"":""สมชาย"",""อายุ"":25} หมายเหตุ: คำตอบนี้เป็นความรู้ทั่วไปของโมเดล ไม่ได้อ้างอิงจากฐานข้อมูล PSU Esports Studio - Phuket",pipeline:general_llm_fallback,general/general_knowledge_query,100.0,True,2.1036,1,general_llm,,
MB-1460-GL-135,general_llm,general_llm,ช่วยสรุปวิธีพูดขอบคุณแบบสุภาพ 2 ประโยค ช่วยยกตัวอย่างสั้น ๆ,ขอบคุณที่ให้โอกาสและสนับสนุนเสมอครับ/ค่ะ ขอแสดงความชื่นชมและขอบใจอย่างยิ่งสำหรับความใส่ใจครับ/ค่ะ ตัวอย่าง: ขอบคุณที่ช่วยเหลือเสมอครับ ขอแสดงความชื่นชมอย่างสูงสุดครับ หมายเหตุ: คำตอบนี้เป็นความรู้ทั่วไปของโมเดล ไม่ได้อ้างอิงจากฐานข้อมูล PSU Esports Studio - Phuket,pipeline:general_llm_fallback,general/general_knowledge_query,100.0,True,2.4471,1,general_llm,,
MB-1461-GL-136,general_llm,general_llm,แปลคำว่า reservation เป็นภาษาไทย ช่วยยกตัวอย่างสั้น ๆ,"คำว่า ""reservation"" ในภาษาไทยแปลว่า ""การจอง"" ตัวอย่าง: การจองที่พักออนไลน์คือการจองห้องพักล่วงหน้าผ่านเว็บไซต์หรือแอปพลิเคชันต่าง ๆ โดยระบุวันที่เข้าพักและจำนวนคนที่จะเข้าพักไว้ล่วงหน้าแล้ว เพื่อให้มั่นใจว่าห้องพักจะมีอยู่ตามที่ต้องการเวลาที่ต้องการใช้งานจริง ๆ เหมือนกับการจองโต๊ะอาหารหรือจองตั๋วเครื่องบิน ซึ่งเป็นตัวอย่างที่พบได้บ่อยในชีวิตประจำวัน โดยการจองจะช่วยให้ผู้ใช้งานมีความมั่นใจและจัดสรรเวลาได้อย่างเหมาะสมมากขึ้น โดยเฉพาะเมื่อทรัพยากรมีจำกัด เช่น ที่พักหรือบริการต่าง ๆ ที่ต้องจองล่วงหน้าเพ หมายเหตุ: คำตอบนี้เป็นความรู้ทั่วไปของโมเดล ไม่ได้อ้างอิงจากฐานข้อมูล PSU Esports Studio - Phuket",pipeline:general_llm_fallback,general/general_knowledge_query,100.0,True,18.6297,1,general_llm,,
MB-1462-GL-137,general_llm,general_llm,เขียนประโยคประชาสัมพันธ์กิจกรรมแบบสุภาพหนึ่งประโยค ช่วยยกตัวอย่างสั้น ๆ,ขอเชิญทุกท่านร่วมสนุกกับกิจกรรมพิเศษในวันนี้ได้เลยนะคะ! หมายเหตุ: คำตอบนี้เป็นความรู้ทั่วไปของโมเดล ไม่ได้อ้างอิงจากฐานข้อมูล PSU Esports Studio - Phuket,pipeline:general_llm_fallback,general/detail,100.0,True,14.3107,1,general_llm,,
MB-1463-GL-138,general_llm,general_llm,คีย์บอร์ด mechanical คืออะไรแบบสั้น ช่วยยกตัวอย่างสั้น ๆ,อุปกรณ์บนหน้า Home: แหล่งข้อมูล: https://esports.phuket.psu.ac.th/home,pipeline:structured_equipment_catalog,equipment/list,66.0,False,1.0041,0,,category_mismatch:equipment | missing_any:คีย์บอร์ด|mechanical,
MB-1464-GL-139,general_llm,general_llm,GPU คืออะไรแบบเข้าใจง่าย ช่วยยกตัวอย่างสั้น ๆ,GPU คือ หน่วยประมวลผลกราฟิก ใช้จัดการภาพและกราฟิกในคอมพิวเตอร์ เช่น เล่นเกมหรือดูวิดีโอ ตัวอย่าง: เกมส์สล็อตออนไลน์ใช้ GPU เพื่อแสดงภาพเคลื่อนไหวได้อย่างลื่นไหลครับ หมายเหตุ: คำตอบนี้เป็นความรู้ทั่วไปของโมเดล ไม่ได้อ้างอิงจากฐานข้อมูล PSU Esports Studio - Phuket,pipeline:general_llm_fallback,general/general_knowledge_query,100.0,True,2.4991,1,general_llm,,
MB-1465-GL-140,general_llm,general_llm,server กับ client ต่างกันยังไง ช่วยยกตัวอย่างสั้น ๆ,Server และ Client ต่างกันตรงที่ Server เป็นเซิร์ฟเวอร์ที่จัดการข้อมูลและให้บริการ เช่น เว็บไซต์หรือเกมออนไลน์ ในขณะที่ Client เป็นอุปกรณ์ที่ใช้งานบริการ เช่น เครื่องคอมพิวเตอร์หรือมือถือที่เข้าไปใช้งานเว็บไซต์หรือเล่นเกม โดยตัวอย่างเช่น เมื่อคุณเล่นเกมออนไลน์ คอมพิวเตอร์ของคุณคือ Client และเซิร์ฟเวอร์ที่จัดการเกมคือ Server เท่านั้นเองครับ หมายเหตุ: คำตอบนี้เป็นความรู้ทั่วไปของโมเดล ไม่ได้อ้างอิงจากฐานข้อมูล PSU Esports Studio - Phuket,pipeline:general_llm_fallback,general/general_knowledge_query,100.0,True,4.0373,1,general_llm,,
MB-1466-GL-141,general_llm,general_llm,อธิบายคำว่า latency ในระบบคอมพิวเตอร์แบบสั้น ๆ เปรียบเทียบแบบสั้น,latency คือเวลาที่ใช้ระหว่างการเริ่มต้นและได้รับผลลัพธ์ เช่น เครื่องเร่งเครื่องเริ่มแล้วใช้เวลาไม่นานก่อนจะออกเสียงเตือนภัย เปรียบเทียบได้กับการกดปุ่มแล้วรอผลตอบกลับทันทีในระบบคอมพิวเตอร์ครับ หมายเหตุ: คำตอบนี้เป็นความรู้ทั่วไปของโมเดล ไม่ได้อ้างอิงจากฐานข้อมูล PSU Esports Studio - Phuket,pipeline:general_llm_fallback,general/general_knowledge_query,100.0,True,2.8294,1,general_llm,,
MB-1467-GL-142,general_llm,general_llm,เฟรมเรตกับความละเอียดต่างกันยังไง เปรียบเทียบแบบสั้น,เฟรมเรตคือจำนวนเฟรมต่อวินาทีที่แสดงผลบนหน้าจอ ส่วนความละเอียดคือขนาดของภาพ เช่น พิกเซลในแนวแนวนอนและแนวตั้ง โดยความละเอียดสูงขึ้นแล้วภาพจะคมชัดกว่าแต่ไม่ได้หมายความว่าเฟรมเรตจะสูงขึ้นเท่ากัน เปรียบเทียบได้ว่า เฟรมเรตเหมือนความเร็วในการเคลื่อนไหว ส่วนความละเอียดเหมือนขนาดของภาพที่ละเอียดยิ่งขึ้นเท่านั้นเองครับ หมายเหตุ: คำตอบนี้เป็นความรู้ทั่วไปของโมเดล ไม่ได้อ้างอิงจากฐานข้อมูล PSU Esports Studio - Phuket,pipeline:general_llm_fallback,general/general_knowledge_query,100.0,True,3.7621,1,general_llm,,
MB-1468-GL-143,general_llm,general_llm,API คืออะไร เปรียบเทียบแบบสั้น,"API คือช่องทางที่ให้โปรแกรมต่าง ๆ สื่อสารกันได้โดยตรง เช่น เปรียบเสมือน ""ตัวกลาง"" หรือ ""ตัวช่วย"" ที่ช่วยให้ข้อมูลไหลไปมาได้อย่างรวดเร็วและมีประสิทธิภาพระหว่างระบบต่าง ๆ โดยไม่ต้องเขียนโค้ดซ้ำซ้อนกันเองครับ หมายเหตุ: คำตอบนี้เป็นความรู้ทั่วไปของโมเดล ไม่ได้อ้างอิงจากฐานข้อมูล PSU Esports Studio - Phuket",pipeline:general_llm_fallback,general/general_knowledge_query,100.0,True,2.7714,1,general_llm,,
MB-1469-GL-144,general_llm,general_llm,JSON คืออะไร เปรียบเทียบแบบสั้น,"JSON คือภาษาเขียนข้อมูลแบบโครงสร้างง่าย ๆ เหมือนตาราง เช่น {""ชื่อ"": ""สมชาย""} เปรียบได้กับการเขียนข้อความในสมุดโน้ตที่จัดเรียงเป็นลำดับชัดเจน ใช้ง่ายและส่งผ่านข้อมูลระหว่างโปรแกรมได้สะดวก เช่นเดียวกับการส่งข้อความจากคนหนึ่งไปอีกคนโดยไม่ต้องแปลภาษาเลยครับ หมายเหตุ: คำตอบนี้เป็นความรู้ทั่วไปของโมเดล ไม่ได้อ้างอิงจากฐานข้อมูล PSU Esports Studio - Phuket",pipeline:general_llm_fallback,general/general_knowledge_query,100.0,True,3.0049,1,general_llm,,
MB-1470-GL-145,general_llm,general_llm,ช่วยสรุปวิธีพูดขอบคุณแบบสุภาพ 2 ประโยค เปรียบเทียบแบบสั้น,ขอขอบพระคุณเป็นอย่างยิ่งสำหรับความช่วยเหลือและคำแนะนำที่ให้มา ทำให้รู้สึกประทับใจและได้เรียนรู้เพิ่มเติมอย่างมากครับ/ค่ะ หมายเหตุ: คำตอบนี้เป็นความรู้ทั่วไปของโมเดล ไม่ได้อ้างอิงจากฐานข้อมูล PSU Esports Studio - Phuket,pipeline:general_llm_fallback,general/general_knowledge_query,84.0,False,2.0552,1,general_llm,missing_any:ขอบคุณ,
MB-1471-GL-146,general_llm,general_llm,แปลคำว่า reservation เป็นภาษาไทย เปรียบเทียบแบบสั้น,การจองครับ หมายเหตุ: คำตอบนี้เป็นความรู้ทั่วไปของโมเดล ไม่ได้อ้างอิงจากฐานข้อมูล PSU Esports Studio - Phuket,pipeline:general_llm_fallback,general/general_knowledge_query,100.0,True,0.9355,1,general_llm,,
MB-1472-GL-147,general_llm,general_llm,เขียนประโยคประชาสัมพันธ์กิจกรรมแบบสุภาพหนึ่งประโยค เปรียบเทียบแบบสั้น,กิจกรรมนี้เหมือนการเต้นรำในยามเช้าที่อบอุ่นใจ ชวนให้หัวใจเต้นแรงและพลังงานไหลเวียนอย่างมีชีวิตชีวา! หมายเหตุ: คำตอบนี้เป็นความรู้ทั่วไปของโมเดล ไม่ได้อ้างอิงจากฐานข้อมูล PSU Esports Studio - Phuket,pipeline:general_llm_fallback,general/general_knowledge_query,100.0,True,1.9299,1,general_llm,,
MB-1473-GL-148,general_llm,general_llm,คีย์บอร์ด mechanical คืออะไรแบบสั้น เปรียบเทียบแบบสั้น,"อุปกรณ์บนหน้า Home: PC Zone • Gaming PC รุ่น MSI MAG Infinite S3 14th (จำนวน 10 เครื่อง) • Gaming Monitor (จำนวน 10 จอ) • Gaming Chair (จำนวน 10 ตัว) • Gaming Gear ครบชุด ทั้ง Keyboard, Mouse และ Headset Cockpit Zone • TV ขนาด 65 นิ้ว (จำนวน 2 เครื่อง) • Racezone Full Cockpit V3 (จำนวน 2 ชุด) • Logitech G923 TRUEFORCE Racing wheel พร้อม Driving Force Shifter (จำนวน 2 ชุด) • Pulse Elite Wireless Headset (จำนวน 2 อัน) Nintendo Switch Zone • TV ขนาด 86 นิ้ว (จำนวน 1 เครื่อง) • Nintendo Switch OLED (จำนวน 1 เครื่อง) • Sofa ขนาด 2 ที่นั่ง (จำนวน 2 ตัว) PlayStation 5 Zone • PlayStation 5 Slim รุ่น Ultra HD Blu-Ray Disc Drive (จำนวน 2 เครื่อง) VR Zone • PlayStation 5 Slim (จำนวน 1 เครื่อง) • Sony P",pipeline:structured_equipment_catalog,equipment/list,66.0,False,1.0242,0,,category_mismatch:equipment | missing_any:คีย์บอร์ด|mechanical,
MB-1474-GL-149,general_llm,general_llm,GPU คืออะไรแบบเข้าใจง่าย เปรียบเทียบแบบสั้น,GPU คือ “จอภาพ” หรือ “หน่วยประมวลผลกราฟิก” ที่ทำหน้าที่วาดภาพและเคลื่อนไหวให้เร็วขึ้น เช่น เล่นเกมหรือดูวิดีโอได้ไหลลื่น ส่วน CPU (หน่วยประมวลผลกลาง) จะเป็น “สมอง” ควบคุมการทำงานทั้งระบบโดยรวมครับ หมายเหตุ: คำตอบนี้เป็นความรู้ทั่วไปของโมเดล ไม่ได้อ้างอิงจากฐานข้อมูล PSU Esports Studio - Phuket,pipeline:general_llm_fallback,general/general_knowledge_query,100.0,True,2.8095,1,general_llm,,
MB-1475-GL-150,general_llm,general_llm,server กับ client ต่างกันยังไง เปรียบเทียบแบบสั้น,Server เป็นเซิร์ฟเวอร์ที่จัดเก็บข้อมูลและให้บริการแก่ Client Client เป็นอุปกรณ์หรือโปรแกรมที่เชื่อมต่อไปยัง Server เพื่อใช้งานข้อมูลหรือบริการนั้น ๆ เหมือนกับคนทำงาน (Server) และคนใช้งาน (Client) ที่ต้องสื่อสารกันอยู่ตลอดเวลาครับ หมายเหตุ: คำตอบนี้เป็นความรู้ทั่วไปของโมเดล ไม่ได้อ้างอิงจากฐานข้อมูล PSU Esports Studio - Phuket,pipeline:general_llm_fallback,general/general_knowledge_query,100.0,True,3.0125,1,general_llm,,
MB-1476-GL-151,general_llm,general_llm,อธิบายคำว่า latency ในระบบคอมพิวเตอร์แบบสั้น ๆ ตอบแบบสุภาพ,Latency คือเวลาที่ใช้ในการตอบสนองหรือประมวลผลข้อมูลจากเหตุการณ์หนึ่งไปยังอีกเหตุการณ์หนึ่งในระบบคอมพิวเตอร์ เช่น เวลาที่จอภาพแสดงผลหลังจากสั่งให้ทำงานครั้งแรก โดยมักวัดเป็นไมลลิวินาที (ms) และมีผลต่อประสิทธิภาพการทำงานโดยเฉพาะในงานที่ต้องการความรวดเร็วสูง เช่น เกมออนไลน์หรือระบบควบคุมอัตโนมัติ หมายเหตุ: คำตอบนี้เป็นความรู้ทั่วไปของโมเดล ไม่ได้อ้างอิงจากฐานข้อมูล PSU Esports Studio - Phuket,pipeline:general_llm_fallback,general/general_knowledge_query,100.0,True,3.7598,1,general_llm,,
MB-1477-GL-152,general_llm,general_llm,เฟรมเรตกับความละเอียดต่างกันยังไง ตอบแบบสุภาพ,"เฟรมเรต (Frame Rate) และความละเอียด (Resolution) เป็นคุณสมบัติที่เกี่ยวข้องกับภาพหน้าจอแต่แตกต่างกัน โดยความละเอียดระบุขนาดของพิกเซลในหน้าจอ เช่น 1080p, 4K ส่วนเฟรมเรตคือจำนวนเฟรมที่แสดงต่อวินาที เช่น 30fps, 60fps เฟรมเรตส่งผลต่อความลื่นไหลของภาพขณะเล่นเกมหรือดูวิดีโอ ในขณะที่ความละเอียดส่งผลต่อความชัดเจนของภาพโดยรวมครับ หมายเหตุ: คำตอบนี้เป็นความรู้ทั่วไปของโมเดล ไม่ได้อ้างอิงจากฐานข้อมูล PSU Esports Studio - Phuket",pipeline:general_llm_fallback,general/general_knowledge_query,100.0,True,3.8401,1,general_llm,,
MB-1478-GL-153,general_llm,general_llm,API คืออะไร ตอบแบบสุภาพ,API หรือ Application Programming Interface เป็นชุดคำสั่งที่ช่วยให้โปรแกรมต่าง ๆ สามารถสื่อสารและทำงานร่วมกันได้อย่างมีประสิทธิภาพ โดยอนุญาตให้แอปพลิเคชันหนึ่งเข้าถึงฟังก์ชันหรือข้อมูลของแอปพลิเคชันอีกตัวหนึ่งได้โดยตรง เช่น การเชื่อมต่อเว็บไซต์กับระบบชำระเงินออนไลน์ เพื่อให้การทำงานราบรื่นและรวดเร็วขึ้นครับ หมายเหตุ: คำตอบนี้เป็นความรู้ทั่วไปของโมเดล ไม่ได้อ้างอิงจากฐานข้อมูล PSU Esports Studio - Phuket,pipeline:general_llm_fallback,general/general_knowledge_query,100.0,True,3.5128,1,general_llm,,
MB-1479-GL-154,general_llm,general_llm,JSON คืออะไร ตอบแบบสุภาพ,JSON คือ JavaScript Object Notation เป็นรูปแบบข้อมูลที่ใช้ในการแลกเปลี่ยนข้อมูลระหว่างระบบต่าง ๆ โดยเขียนในรูปแบบโครงสร้างข้อมูลที่อ่านง่ายและเขียนง่าย เช่น คู่ค่า (key-value) และ array ซึ่งสามารถใช้งานได้ทั้งในโปรแกรมคอมพิวเตอร์และเว็บไซต์ต่าง ๆ โดยไม่ต้องพึ่งพาภาษาโปรแกรมเฉพาะเจาะจง. หมายเหตุ: คำตอบนี้เป็นความรู้ทั่วไปของโมเดล ไม่ได้อ้างอิงจากฐานข้อมูล PSU Esports Studio - Phuket,pipeline:general_llm_fallback,general/general_knowledge_query,100.0,True,3.1414,1,general_llm,,
MB-1480-GL-155,general_llm,general_llm,ช่วยสรุปวิธีพูดขอบคุณแบบสุภาพ 2 ประโยค ตอบแบบสุภาพ,ขอขอบพระคุณที่ให้โอกาสและสนับสนุนอย่างยิ่ง ขอบใจเป็นอย่างยิ่งสำหรับความช่วยเหลือและความใส่ใจครับ/ค่ะ หมายเหตุ: คำตอบนี้เป็นความรู้ทั่วไปของโมเดล ไม่ได้อ้างอิงจากฐานข้อมูล PSU Esports Studio - Phuket,pipeline:general_llm_fallback,general/general_knowledge_query,84.0,False,1.7435,1,general_llm,missing_any:ขอบคุณ,
MB-1481-GL-156,general_llm,general_llm,แปลคำว่า reservation เป็นภาษาไทย ตอบแบบสุภาพ,การจองครับ/ค่ะ หมายเหตุ: คำตอบนี้เป็นความรู้ทั่วไปของโมเดล ไม่ได้อ้างอิงจากฐานข้อมูล PSU Esports Studio - Phuket,pipeline:general_llm_fallback,general/detail,100.0,True,13.6709,1,general_llm,,
MB-1482-GL-157,general_llm,general_llm,เขียนประโยคประชาสัมพันธ์กิจกรรมแบบสุภาพหนึ่งประโยค ตอบแบบสุภาพ,ขอเชิญชวนทุกท่านร่วมเป็นส่วนหนึ่งในกิจกรรมพิเศษนี้อย่างอบอุ่นใจและสนุกสนานนะคะ 😊 หมายเหตุ: คำตอบนี้เป็นความรู้ทั่วไปของโมเดล ไม่ได้อ้างอิงจากฐานข้อมูล PSU Esports Studio - Phuket,pipeline:general_llm_fallback,general/detail,100.0,True,14.9626,1,general_llm,,
MB-1483-GL-158,general_llm,general_llm,คีย์บอร์ด mechanical คืออะไรแบบสั้น ตอบแบบสุภาพ,"อุปกรณ์บนหน้า Home: PC Zone • Gaming PC รุ่น MSI MAG Infinite S3 14th (จำนวน 10 เครื่อง) • Gaming Monitor (จำนวน 10 จอ) • Gaming Chair (จำนวน 10 ตัว) • Gaming Gear ครบชุด ทั้ง Keyboard, Mouse และ Headset Cockpit Zone • TV ขนาด 65 นิ้ว (จำนวน 2 เครื่อง) • Racezone Full Cockpit V3 (จำนวน 2 ชุด) • Logitech G923 TRUEFORCE Racing wheel พร้อม Driving Force Shifter (จำนวน 2 ชุด) • Pulse Elite Wireless Headset (จำนวน 2 อัน) Nintendo Switch Zone • TV ขนาด 86 นิ้ว (จำนวน 1 เครื่อง) • Nintendo Switch OLED (จำนวน 1 เครื่อง) • Sofa ขนาด 2 ที่นั่ง (จำนวน 2 ตัว) PlayStation 5 Zone • PlayStation 5 Slim รุ่น Ultra HD Blu-Ray Disc Drive (จำนวน 2 เครื่อง) VR Zone • PlayStation 5 Slim (จำนวน 1 เครื่อง) • Sony P",pipeline:structured_equipment_catalog,equipment/list,66.0,False,0.7547,0,,category_mismatch:equipment | missing_any:คีย์บอร์ด|mechanical,
MB-1484-GL-159,general_llm,general_llm,GPU คืออะไรแบบเข้าใจง่าย ตอบแบบสุภาพ,GPU คือ กราฟิกพอร์ต หรือชิปประมวลผลกราฟิก ที่ใช้ในการแสดงภาพบนหน้าจอ เช่น เล่นเกม ดูวิดีโอ หรือทำงานกราฟิกต่าง ๆ โดยช่วยให้ภาพเคลื่อนไหวไหลลื่นและคมชัดมากขึ้นค่ะ หมายเหตุ: คำตอบนี้เป็นความรู้ทั่วไปของโมเดล ไม่ได้อ้างอิงจากฐานข้อมูล PSU Esports Studio - Phuket,pipeline:general_llm_fallback,general/general_knowledge_query,100.0,True,2.4529,1,general_llm,,
MB-1485-GL-160,general_llm,general_llm,server กับ client ต่างกันยังไง ตอบแบบสุภาพ,Server และ Client เป็นองค์ประกอบหลักในระบบเครือข่าย โดย Server เป็นอุปกรณ์ที่ให้บริการหรือจัดเก็บข้อมูลให้แก่ Client ซึ่งเป็นอุปกรณ์ที่เชื่อมต่อเข้ามาใช้งานบริการนั้น ๆ เช่น การเข้าใช้งานเว็บไซต์หรือเล่นเกมออนไลน์ โดย Server จะรับคำขอจาก Client และตอบกลับข้อมูลหรือผลลัพธ์ไปยัง Client ตามที่ต้องการครับ หมายเหตุ: คำตอบนี้เป็นความรู้ทั่วไปของโมเดล ไม่ได้อ้างอิงจากฐานข้อมูล PSU Esports Studio - Phuket,pipeline:general_llm_fallback,general/general_knowledge_query,100.0,True,3.4857,1,general_llm,,
MB-1486-GL-161,general_llm,general_llm,อธิบายคำว่า latency ในระบบคอมพิวเตอร์แบบสั้น ๆ ตอบให้เหมาะกับนักศึกษา,Latency คือเวลาที่ใช้ในการตอบสนองของระบบคอมพิวเตอร์เมื่อเรียกใช้งานคำสั่งหรือข้อมูล เช่น เวลาที่จอภาพแสดงผลหลังจากกดปุ่มใด ๆ โดยมักวัดเป็นไมลลิวินาที (ms) และมีผลต่อประสบการณ์การใช้งานโดยเฉพาะในเกมออนไลน์หรือแอปพลิเคชันที่ต้องตอบสนองเร็วสูงสุดค่ะ หมายเหตุ: คำตอบนี้เป็นความรู้ทั่วไปของโมเดล ไม่ได้อ้างอิงจากฐานข้อมูล PSU Esports Studio - Phuket,pipeline:general_llm_fallback,general/general_knowledge_query,100.0,True,3.3503,1,general_llm,,
MB-1487-GL-162,general_llm,general_llm,เฟรมเรตกับความละเอียดต่างกันยังไง ตอบให้เหมาะกับนักศึกษา,เฟรมเรตคือจำนวนภาพที่แสดงบนหน้าจอต่อวินาที ส่วนความละเอียดคือขนาดของภาพแต่ละภาพ เช่น พิกเซลมากน้อยเพียงใด โดยนักศึกษาควรเลือกให้เหมาะสมกับอุปกรณ์และเป้าหมายการใช้งาน เช่น เล่นเกมหรือทำวิดีโอ เพื่อให้ได้ภาพคมชัดและไหลลื่นตามต้องการครับ หมายเหตุ: คำตอบนี้เป็นความรู้ทั่วไปของโมเดล ไม่ได้อ้างอิงจากฐานข้อมูล PSU Esports Studio - Phuket,pipeline:general_llm_fallback,general/general_knowledge_query,100.0,True,3.0292,1,general_llm,,
MB-1488-GL-163,general_llm,general_llm,API คืออะไร ตอบให้เหมาะกับนักศึกษา,API คือ Application Programming Interface หรืออินเตอร์เฟซการเขียนโปรแกรมแอปพลิเคชัน เป็นช่องทางที่ช่วยให้ซอฟต์แวร์ต่าง ๆ สื่อสารกันได้อย่างมีประสิทธิภาพ โดยนักศึกษาสามารถใช้ API เพื่อดึงข้อมูลหรือส่งคำขอไปยังบริการต่าง ๆ เช่น เว็บไซต์หรือแอปพลิเคชันอื่น ๆ โดยไม่ต้องเขียนโค้ดทั้งหมดใหม่จากศูนย์ได้เลยครับ หมายเหตุ: คำตอบนี้เป็นความรู้ทั่วไปของโมเดล ไม่ได้อ้างอิงจากฐานข้อมูล PSU Esports Studio - Phuket,pipeline:general_llm_fallback,general/general_knowledge_query,100.0,True,3.6128,1,general_llm,,
MB-1489-GL-164,general_llm,general_llm,JSON คืออะไร ตอบให้เหมาะกับนักศึกษา,JSON คือภาษาเขียนข้อมูลแบบโครงสร้าง (data format) ที่ใช้เก็บและส่งข้อมูลระหว่างโปรแกรมต่าง ๆ เช่น เขียนข้อมูลในรูปแบบชื่อ-ค่า ง่ายต่อการอ่านและเข้าใจ โดยนักศึกษาสามารถใช้ JSON เพื่อจัดเก็บข้อมูลในโปรเจกต์ต่าง ๆ เช่น เกมหรือเว็บไซต์ได้ง่ายขึ้นครับ หมายเหตุ: คำตอบนี้เป็นความรู้ทั่วไปของโมเดล ไม่ได้อ้างอิงจากฐานข้อมูล PSU Esports Studio - Phuket,pipeline:general_llm_fallback,general/general_knowledge_query,100.0,True,3.0727,1,general_llm,,
MB-1490-GL-165,general_llm,general_llm,ช่วยสรุปวิธีพูดขอบคุณแบบสุภาพ 2 ประโยค ตอบให้เหมาะกับนักศึกษา,ขอขอบพระคุณเป็นอย่างยิ่งสำหรับความช่วยเหลือและโอกาสในการเรียนรู้ครับ/ค่ะ นับถือครับ/ค่ะ หมายเหตุ: คำตอบนี้เป็นความรู้ทั่วไปของโมเดล ไม่ได้อ้างอิงจากฐานข้อมูล PSU Esports Studio - Phuket,pipeline:general_llm_fallback,general/general_knowledge_query,84.0,False,1.6708,1,general_llm,missing_any:ขอบคุณ,
MB-1491-GL-166,general_llm,general_llm,แปลคำว่า reservation เป็นภาษาไทย ตอบให้เหมาะกับนักศึกษา,การจองครับ/ค่ะ หมายเหตุ: คำตอบนี้เป็นความรู้ทั่วไปของโมเดล ไม่ได้อ้างอิงจากฐานข้อมูล PSU Esports Studio - Phuket,pipeline:general_llm_fallback,general/general_knowledge_query,100.0,True,1.0267,1,general_llm,,
MB-1492-GL-167,general_llm,general_llm,เขียนประโยคประชาสัมพันธ์กิจกรรมแบบสุภาพหนึ่งประโยค ตอบให้เหมาะกับนักศึกษา,ขอเชิญชวนนักศึกษาทุกคนร่วมตื่นเต้นเข้าร่วมกิจกรรมพิเศษที่ PSU Esports Studio - Phuket เตรียมไว้เพื่อสร้างแรงบันดาลใจและเสริมสร้างทักษะอย่างสนุกสนาน! หมายเหตุ: คำตอบนี้เป็นความรู้ทั่วไปของโมเดล ไม่ได้อ้างอิงจากฐานข้อมูล PSU Esports Studio - Phuket,pipeline:general_llm_fallback,general/general_knowledge_query,100.0,True,2.3654,1,general_llm,,
MB-1493-GL-168,general_llm,general_llm,คีย์บอร์ด mechanical คืออะไรแบบสั้น ตอบให้เหมาะกับนักศึกษา,"อุปกรณ์บนหน้า Home: PC Zone • Gaming PC รุ่น MSI MAG Infinite S3 14th (จำนวน 10 เครื่อง) • Gaming Monitor (จำนวน 10 จอ) • Gaming Chair (จำนวน 10 ตัว) • Gaming Gear ครบชุด ทั้ง Keyboard, Mouse และ Headset Cockpit Zone • TV ขนาด 65 นิ้ว (จำนวน 2 เครื่อง) • Racezone Full Cockpit V3 (จำนวน 2 ชุด) • Logitech G923 TRUEFORCE Racing wheel พร้อม Driving Force Shifter (จำนวน 2 ชุด) • Pulse Elite Wireless Headset (จำนวน 2 อัน) Nintendo Switch Zone • TV ขนาด 86 นิ้ว (จำนวน 1 เครื่อง) • Nintendo Switch OLED (จำนวน 1 เครื่อง) • Sofa ขนาด 2 ที่นั่ง (จำนวน 2 ตัว) PlayStation 5 Zone • PlayStation 5 Slim รุ่น Ultra HD Blu-Ray Disc Drive (จำนวน 2 เครื่อง) VR Zone • PlayStation 5 Slim (จำนวน 1 เครื่อง) • Sony P",pipeline:structured_equipment_catalog,equipment/list,66.0,False,1.1323,0,,category_mismatch:equipment | missing_any:คีย์บอร์ด|mechanical,
MB-1494-GL-169,general_llm,general_llm,GPU คืออะไรแบบเข้าใจง่าย ตอบให้เหมาะกับนักศึกษา,GPU คือ “จอภาพ” หรือ “หน่วยประมวลผลกราฟิก” ที่ช่วยให้คอมพิวเตอร์วาดภาพสวย ๆ เช่น เล่นเกม ดูวิดีโอ หรือใช้งานโปรแกรมกราฟิกได้ไหลลื่น โดยเฉพาะเกมแนวแอ็กชันหรือการ์ตูนที่ต้องการภาพเคลื่อนไหวเร็วมาก ๆ เหมือนเล่นหนังสือภาพบนจอคอมเลยครับ 😊 หมายเหตุ: คำตอบนี้เป็นความรู้ทั่วไปของโมเดล ไม่ได้อ้างอิงจากฐานข้อมูล PSU Esports Studio - Phuket,pipeline:general_llm_fallback,general/general_knowledge_query,100.0,True,3.1841,1,general_llm,,
MB-1495-GL-170,general_llm,general_llm,server กับ client ต่างกันยังไง ตอบให้เหมาะกับนักศึกษา,Server และ Client เปรียบเสมือนผู้จัดการและผู้ใช้งานในระบบคอมพิวเตอร์ เช่น Server จะทำหน้าที่รับคำสั่งและจัดการข้อมูล เช่น ให้บริการเว็บไซต์หรือเกม ส่วน Client เป็นอุปกรณ์ที่ใช้งานโดยตรง เช่น เครื่องคอมพิวเตอร์หรือมือถือที่เราเข้าใช้งานบริการนั้น ๆ โดยทั้งสองต้องทำงานร่วมกันเพื่อให้ระบบทำงานได้อย่างราบรื่นครับ หมายเหตุ: คำตอบนี้เป็นความรู้ทั่วไปของโมเดล ไม่ได้อ้างอิงจากฐานข้อมูล PSU Esports Studio - Phuket,pipeline:general_llm_fallback,general/general_knowledge_query,100.0,True,3.763,1,general_llm,,
MB-1496-GL-171,general_llm,general_llm,อธิบายคำว่า latency ในระบบคอมพิวเตอร์แบบสั้น ๆ เขียนเป็นภาษาไทยธรรมชาติ,ความล่าช้าหรือเวลาที่ใช้ในการตอบสนองระหว่างการส่งคำสั่งจากเครื่องหนึ่งไปยังอีกเครื่องหนึ่งในระบบคอมพิวเตอร์ เช่น เครื่องใช้งานอินเทอร์เน็ตหรือเกมออนไลน์ โดยมักนับเป็นช่วงเวลาสั้น ๆ เช่น มิลลิวินาที (ms) ที่ใช้ในการส่งข้อมูลผ่านเครือข่ายแล้วได้รับคำตอบกลับมาอีกครั้ง หมายเหตุ: คำตอบนี้เป็นความรู้ทั่วไปของโมเดล ไม่ได้อ้างอิงจากฐานข้อมูล PSU Esports Studio - Phuket,pipeline:general_llm_fallback,general/general_knowledge_query,84.0,False,3.6651,1,general_llm,missing_any:latency|หน่วง,
MB-1497-GL-172,general_llm,general_llm,เฟรมเรตกับความละเอียดต่างกันยังไง เขียนเป็นภาษาไทยธรรมชาติ,เฟรมเรตคือจำนวนภาพที่แสดงบนหน้าจอต่อวินาที ส่วนความละเอียดคือขนาดของภาพนั้น เช่น พิกเซลมากน้อยแค่ไหน โดยรวมแล้ว เฟรมเรตส่งผลต่อความลื่นไหลขณะเล่นเกม ส่วนความละเอียดส่งผลต่อคุณภาพภาพโดยรวมครับ หมายเหตุ: คำตอบนี้เป็นความรู้ทั่วไปของโมเดล ไม่ได้อ้างอิงจากฐานข้อมูล PSU Esports Studio - Phuket,pipeline:general_llm_fallback,general/general_knowledge_query,100.0,True,2.6054,1,general_llm,,
MB-1498-GL-173,general_llm,general_llm,API คืออะไร เขียนเป็นภาษาไทยธรรมชาติ,API คือ Application Programming Interface หรืออินเตอร์เฟซการเขียนโปรแกรมสำหรับแอปพลิเคชัน โดยช่วยให้ซอฟต์แวร์ต่าง ๆ สื่อสารและทำงานร่วมกันได้อย่างมีประสิทธิภาพครับ หมายเหตุ: คำตอบนี้เป็นความรู้ทั่วไปของโมเดล ไม่ได้อ้างอิงจากฐานข้อมูล PSU Esports Studio - Phuket,pipeline:general_llm_fallback,general/general_knowledge_query,100.0,True,2.1729,1,general_llm,,
MB-1499-GL-174,general_llm,general_llm,JSON คืออะไร เขียนเป็นภาษาไทยธรรมชาติ,JSON คือภาษาโปรแกรมที่ใช้จัดเก็บและส่งข้อมูลในรูปแบบโครงสร้างข้อมูล เช่น ตารางหรือรายการ โดยเขียนเป็นรูปแบบข้อความที่อ่านง่ายและสามารถประมวลผลได้ง่ายโดยเครื่องคอมพิวเตอร์ เช่น การส่งข้อมูลระหว่างเว็บไซต์กับเซิร์ฟเวอร์ หรือการเก็บข้อมูลในแอปพลิเคชันต่าง ๆ โดยมักใช้คู่วงเล็บและเครื่องหมายจุลภาค เช่น {} และ: เพื่อแสดงความสัมพันธ์ของข้อมูลต่าง ๆ เหมือนกับตารางหรือโครงสร้างข้อมูลธรรมดาในคอมพิวเตอร์. หมายเหตุ: คำตอบนี้เป็นความรู้ทั่วไปของโมเดล ไม่ได้อ้างอิงจากฐานข้อมูล PSU Esports Studio - Phuket,pipeline:general_llm_fallback,general/general_knowledge_query,100.0,True,4.429,1,general_llm,,
MB-1500-GL-175,general_llm,general_llm,ช่วยสรุปวิธีพูดขอบคุณแบบสุภาพ 2 ประโยค เขียนเป็นภาษาไทยธรรมชาติ,ขอบคุณมากที่ช่วยเหลือเสมอครับ/ค่ะ ยินดีเป็นอย่างยิ่งที่ได้ร่วมงานกับท่านครับ/ค่ะ หมายเหตุ: คำตอบนี้เป็นความรู้ทั่วไปของโมเดล ไม่ได้อ้างอิงจากฐานข้อมูล PSU Esports Studio - Phuket,pipeline:general_llm_fallback,general/general_knowledge_query,100.0,True,1.7507,1,general_llm,,
MB-1501-GL-176,general_llm,general_llm,แปลคำว่า reservation เป็นภาษาไทย เขียนเป็นภาษาไทยธรรมชาติ,การจองครับ/ค่ะ หมายเหตุ: คำตอบนี้เป็นความรู้ทั่วไปของโมเดล ไม่ได้อ้างอิงจากฐานข้อมูล PSU Esports Studio - Phuket,pipeline:general_llm_fallback,general/detail,100.0,True,13.9261,1,general_llm,,
MB-1502-GL-177,general_llm,general_llm,เขียนประโยคประชาสัมพันธ์กิจกรรมแบบสุภาพหนึ่งประโยค เขียนเป็นภาษาไทยธรรมชาติ,เรียนท่านผู้สนใจ! มีกิจกรรมสนุก ๆ รออยู่แล้วในวันนี้เท่านั้น มาพบปะพูดคุยและแบ่งปันความรู้กันได้เลยครับ! หมายเหตุ: คำตอบนี้เป็นความรู้ทั่วไปของโมเดล ไม่ได้อ้างอิงจากฐานข้อมูล PSU Esports Studio - Phuket,pipeline:general_llm_fallback,general/detail,100.0,True,14.907,1,general_llm,,
MB-1503-GL-178,general_llm,general_llm,คีย์บอร์ด mechanical คืออะไรแบบสั้น เขียนเป็นภาษาไทยธรรมชาติ,"อุปกรณ์บนหน้า Home: PC Zone • Gaming PC รุ่น MSI MAG Infinite S3 14th (จำนวน 10 เครื่อง) • Gaming Monitor (จำนวน 10 จอ) • Gaming Chair (จำนวน 10 ตัว) • Gaming Gear ครบชุด ทั้ง Keyboard, Mouse และ Headset Cockpit Zone • TV ขนาด 65 นิ้ว (จำนวน 2 เครื่อง) • Racezone Full Cockpit V3 (จำนวน 2 ชุด) • Logitech G923 TRUEFORCE Racing wheel พร้อม Driving Force Shifter (จำนวน 2 ชุด) • Pulse Elite Wireless Headset (จำนวน 2 อัน) Nintendo Switch Zone • TV ขนาด 86 นิ้ว (จำนวน 1 เครื่อง) • Nintendo Switch OLED (จำนวน 1 เครื่อง) • Sofa ขนาด 2 ที่นั่ง (จำนวน 2 ตัว) PlayStation 5 Zone • PlayStation 5 Slim รุ่น Ultra HD Blu-Ray Disc Drive (จำนวน 2 เครื่อง) VR Zone • PlayStation 5 Slim (จำนวน 1 เครื่อง) • Sony P",pipeline:structured_equipment_catalog,equipment/list,66.0,False,1.1793,0,,category_mismatch:equipment | missing_any:คีย์บอร์ด|mechanical,
MB-1504-GL-179,general_llm,general_llm,GPU คืออะไรแบบเข้าใจง่าย เขียนเป็นภาษาไทยธรรมชาติ,GPU คือ ชิปประมวลผลกราฟิก หรือจอภาพ ที่ใช้จัดการภาพเคลื่อนไหวและกราฟิกในคอมพิวเตอร์ เช่น เล่นเกมหรือดูวิดีโอให้ไหลลื่นมากขึ้นค่ะ หมายเหตุ: คำตอบนี้เป็นความรู้ทั่วไปของโมเดล ไม่ได้อ้างอิงจากฐานข้อมูล PSU Esports Studio - Phuket,pipeline:general_llm_fallback,general/general_knowledge_query,100.0,True,2.2764,1,general_llm,,
MB-1505-GL-180,general_llm,general_llm,server กับ client ต่างกันยังไง เขียนเป็นภาษาไทยธรรมชาติ,Server และ Client ต่างกันที่หน้าที่การทำงาน โดย Server เป็นเครื่องที่ให้บริการข้อมูลหรือบริการต่าง ๆ เช่น การจัดเก็บไฟล์ หรือให้บริการเกมให้ผู้เล่นใช้งาน ในขณะที่ Client เป็นเครื่องที่ใช้งานบริการนั้น โดยเชื่อมต่อกับ Server เพื่อเข้าถึงข้อมูลหรือเล่นเกมได้จริงครับ หมายเหตุ: คำตอบนี้เป็นความรู้ทั่วไปของโมเดล ไม่ได้อ้างอิงจากฐานข้อมูล PSU Esports Studio - Phuket,pipeline:general_llm_fallback,general/general_knowledge_query,100.0,True,3.1182,1,general_llm,,
MB-1506-GL-181,general_llm,general_llm,อธิบายคำว่า latency ในระบบคอมพิวเตอร์แบบสั้น ๆ ขอแบบไม่เป็นทางการมาก,ความล่าช้าระหว่างการกระทำกับการตอบกลับในเครื่องคอมฯ เลยครับ หมายเหตุ: คำตอบนี้เป็นความรู้ทั่วไปของโมเดล ไม่ได้อ้างอิงจากฐานข้อมูล PSU Esports Studio - Phuket,pipeline:general_llm_fallback,general/general_knowledge_query,84.0,False,1.4349,1,general_llm,missing_any:latency|หน่วง,
MB-1507-GL-182,general_llm,general_llm,เฟรมเรตกับความละเอียดต่างกันยังไง ขอแบบไม่เป็นทางการมาก,เฟรมเรตคือจำนวนภาพที่แสดงต่อวินาที ส่วนความละเอียดคือความคมชัดของภาพ เช่น เล็กหรือใหญ่ มุมมองชัดหรือไม่ชัดครับ หมายเหตุ: คำตอบนี้เป็นความรู้ทั่วไปของโมเดล ไม่ได้อ้างอิงจากฐานข้อมูล PSU Esports Studio - Phuket,pipeline:general_llm_fallback,general/general_knowledge_query,100.0,True,1.791,1,general_llm,,
MB-1508-GL-183,general_llm,general_llm,API คืออะไร ขอแบบไม่เป็นทางการมาก,API ก็แค่ช่องทางให้โปรแกรมต่าง ๆ สื่อสารกันได้ง่าย ๆ เหมือนคนพูดคุยกันเองครับ หมายเหตุ: คำตอบนี้เป็นความรู้ทั่วไปของโมเดล ไม่ได้อ้างอิงจากฐานข้อมูล PSU Esports Studio - Phuket,pipeline:general_llm_fallback,general/general_knowledge_query,100.0,True,1.5112,1,general_llm,,
MB-1509-GL-184,general_llm,general_llm,JSON คืออะไร ขอแบบไม่เป็นทางการมาก,JSON เรียกง่าย ๆ ก็คือวิธีเขียนข้อมูลให้เครื่องคอมพิวเตอร์อ่านง่าย ๆ เช่น เขียนข้อมูลเป็นชุดคู่ค่า หรือรายการต่าง ๆ แบบเรียงลำดับได้เลยครับ หมายเหตุ: คำตอบนี้เป็นความรู้ทั่วไปของโมเดล ไม่ได้อ้างอิงจากฐานข้อมูล PSU Esports Studio - Phuket,pipeline:general_llm_fallback,general/general_knowledge_query,100.0,True,2.1654,1,general_llm,,
MB-1510-GL-185,general_llm,general_llm,ช่วยสรุปวิธีพูดขอบคุณแบบสุภาพ 2 ประโยค ขอแบบไม่เป็นทางการมาก,ขอบคุณมากเลยนะครับ/ค่ะ จริง ๆ แล้วมันช่วยให้รู้สึกดีมากเลยค่ะ/ครับ หมายเหตุ: คำตอบนี้เป็นความรู้ทั่วไปของโมเดล ไม่ได้อ้างอิงจากฐานข้อมูล PSU Esports Studio - Phuket,pipeline:general_llm_fallback,general/general_knowledge_query,100.0,True,1.5374,1,general_llm,,
MB-1511-GL-186,general_llm,general_llm,แปลคำว่า reservation เป็นภาษาไทย ขอแบบไม่เป็นทางการมาก,การจองครับ/ค่ะ หมายเหตุ: คำตอบนี้เป็นความรู้ทั่วไปของโมเดล ไม่ได้อ้างอิงจากฐานข้อมูล PSU Esports Studio - Phuket,pipeline:general_llm_fallback,general/general_knowledge_query,100.0,True,13.9873,1,general_llm,,
MB-1512-GL-187,general_llm,general_llm,เขียนประโยคประชาสัมพันธ์กิจกรรมแบบสุภาพหนึ่งประโยค ขอแบบไม่เป็นทางการมาก,ชวนเพื่อน ๆ มาลุยกิจกรรมสนุก ๆ กับเราได้เลยนะ! 😊 หมายเหตุ: คำตอบนี้เป็นความรู้ทั่วไปของโมเดล ไม่ได้อ้างอิงจากฐานข้อมูล PSU Esports Studio - Phuket,pipeline:general_llm_fallback,general/detail,100.0,True,14.3997,1,general_llm,,
MB-1513-GL-188,general_llm,general_llm,คีย์บอร์ด mechanical คืออะไรแบบสั้น ขอแบบไม่เป็นทางการมาก,"อุปกรณ์บนหน้า Home: PC Zone • Gaming PC รุ่น MSI MAG Infinite S3 14th (จำนวน 10 เครื่อง) • Gaming Monitor (จำนวน 10 จอ) • Gaming Chair (จำนวน 10 ตัว) • Gaming Gear ครบชุด ทั้ง Keyboard, Mouse และ Headset Cockpit Zone • TV ขนาด 65 นิ้ว (จำนวน 2 เครื่อง) • Racezone Full Cockpit V3 (จำนวน 2 ชุด) • Logitech G923 TRUEFORCE Racing wheel พร้อม Driving Force Shifter (จำนวน 2 ชุด) • Pulse Elite Wireless Headset (จำนวน 2 อัน) Nintendo Switch Zone • TV ขนาด 86 นิ้ว (จำนวน 1 เครื่อง) • Nintendo Switch OLED (จำนวน 1 เครื่อง) • Sofa ขนาด 2 ที่นั่ง (จำนวน 2 ตัว) PlayStation 5 Zone • PlayStation 5 Slim รุ่น Ultra HD Blu-Ray Disc Drive (จำนวน 2 เครื่อง) VR Zone • PlayStation 5 Slim (จำนวน 1 เครื่อง) • Sony P",pipeline:structured_equipment_catalog,equipment/list,66.0,False,1.1458,0,,category_mismatch:equipment | missing_any:คีย์บอร์ด|mechanical,
MB-1514-GL-189,general_llm,general_llm,GPU คืออะไรแบบเข้าใจง่าย ขอแบบไม่เป็นทางการมาก,GPU คือจอภาพหรือหน่วยประมวลผลกราฟิก ช่วยให้เล่นเกมหรือดูวิดีโอได้ไหลลื่นมากขึ้นนะครับ หมายเหตุ: คำตอบนี้เป็นความรู้ทั่วไปของโมเดล ไม่ได้อ้างอิงจากฐานข้อมูล PSU Esports Studio - Phuket,pipeline:general_llm_fallback,general/general_knowledge_query,100.0,True,1.7191,1,general_llm,,
MB-1515-GL-190,general_llm,general_llm,server กับ client ต่างกันยังไง ขอแบบไม่เป็นทางการมาก,Server กับ Client เหมือนคนทำงานร่วมกันในทีม Server เหมือนผู้จัดการงานใหญ่ คอยจัดการข้อมูลและให้บริการแก่คนอื่น ๆ Client เหมือนคนใช้งานจริง แค่ขอข้อมูลหรือทำสิ่งต่าง ๆ จาก Server เท่านั้น พอ Client เรียกใช้งาน Server ก็จะตอบกลับมาทันทีแบบเรียลไทม์ครับ หมายเหตุ: คำตอบนี้เป็นความรู้ทั่วไปของโมเดล ไม่ได้อ้างอิงจากฐานข้อมูล PSU Esports Studio - Phuket,pipeline:general_llm_fallback,general/general_knowledge_query,100.0,True,3.1425,1,general_llm,,
MB-1516-GL-191,general_llm,general_llm,อธิบายคำว่า latency ในระบบคอมพิวเตอร์แบบสั้น ๆ ขอแบบเป็นทางการ,Latency ในระบบคอมพิวเตอร์คือระยะเวลาที่ใช้ระหว่างการเริ่มต้นดำเนินการใด ๆ และเมื่อเกิดผลลัพธ์จริง ๆ เกิดขึ้น โดยมักวัดเป็นช่วงเวลา เช่น มิลลิวินาที (ms) ซึ่งสะท้อนประสิทธิภาพการทำงานของระบบได้อย่างชัดเจนในเชิงเทคนิคและปฏิบัติการจริง. หมายเหตุ: คำตอบนี้เป็นความรู้ทั่วไปของโมเดล ไม่ได้อ้างอิงจากฐานข้อมูล PSU Esports Studio - Phuket,pipeline:general_llm_fallback,general/general_knowledge_query,100.0,True,3.3379,1,general_llm,,
MB-1517-GL-192,general_llm,general_llm,เฟรมเรตกับความละเอียดต่างกันยังไง ขอแบบเป็นทางการ,เฟรมเรต (Frame Rate) และความละเอียด (Resolution) เป็นคุณสมบัติที่แตกต่างกันในด้านหนึ่งของภาพเคลื่อนไหว โดยเฟรมเรตหมายถึงจำนวนเฟรมที่แสดงผลต่อวินาที เช่น 60 FPS หมายถึงแสดงภาพได้ 60 เฟรมต่อวินาที ส่วนความละเอียดหมายถึงขนาดของพิกเซลในแต่ละเฟรม เช่น 1920x1080 พิกเซล โดยทั้งสองคุณสมบัตินี้มีผลต่อคุณภาพและประสบการณ์การชมวิดีโอหรือเกมอย่างชัดเจนแตกต่างกันออกไปครับ หมายเหตุ: คำตอบนี้เป็นความรู้ทั่วไปของโมเดล ไม่ได้อ้างอิงจากฐานข้อมูล PSU Esports Studio - Phuket,pipeline:general_llm_fallback,general/general_knowledge_query,100.0,True,4.2872,1,general_llm,,
MB-1518-GL-193,general_llm,general_llm,API คืออะไร ขอแบบเป็นทางการ,API หรือ Application Programming Interface เป็นชุดของกฎเกณฑ์และมาตรฐานที่กำหนดวิธีการให้โปรแกรมต่าง ๆ สื่อสารกันอย่างมีประสิทธิภาพ โดยอนุญาตให้โปรแกรมหนึ่งสามารถใช้งานฟังก์ชันหรือข้อมูลจากโปรแกรมอื่นได้อย่างปลอดภัยและมีโครงสร้างชัดเจน เพื่อให้การทำงานร่วมกันเป็นไปอย่างราบรื่นและมีประสิทธิภาพสูงสุด. หมายเหตุ: คำตอบนี้เป็นความรู้ทั่วไปของโมเดล ไม่ได้อ้างอิงจากฐานข้อมูล PSU Esports Studio - Phuket,pipeline:general_llm_fallback,general/general_knowledge_query,100.0,True,3.2625,1,general_llm,,
MB-1519-GL-194,general_llm,general_llm,JSON คืออะไร ขอแบบเป็นทางการ,"JSON (JavaScript Object Notation) เป็นรูปแบบข้อมูลที่ใช้ในการแทนค่าข้อมูลโครงสร้าง เช่น ตารางข้อมูลหรือออบเจกต์ในโปรแกรมคอมพิวเตอร์ โดยเขียนในรูปแบบที่อ่านง่ายและสามารถแลกเปลี่ยนข้อมูลระหว่างระบบได้อย่างมีประสิทธิภาพ โดยมักใช้ร่วมกับภาษาโปรแกรมหลายภาษา เช่น JavaScript, Python และ RESTful API เพื่อส่งหรือรับข้อมูลระหว่างเซิร์ฟเวอร์และเว็บเบราว์เซอร์ หรือแอปพลิเคชันต่าง ๆ โดยไม่ต้องพึ่งพาการแปลงข้อมูลจากฟอร์แมตหนึ่งไปอีกฟอร์แมตหนึ่งอย่างซับซ้อน. หมายเหตุ: คำตอบนี้เป็นความรู้ทั่วไปของโมเดล ไม่ได้อ้างอิงจากฐานข้อมูล PSU Esports Studio - Phuket",pipeline:general_llm_fallback,general/general_knowledge_query,100.0,True,4.6868,1,general_llm,,
MB-1520-GL-195,general_llm,general_llm,ช่วยสรุปวิธีพูดขอบคุณแบบสุภาพ 2 ประโยค ขอแบบเป็นทางการ,ขอแสดงความนับถืออย่างยิ่งสำหรับความช่วยเหลือและโอกาสในการร่วมงานครั้งนี้ ขอบพระคุณอย่างสุดหัวใจสำหรับความใส่ใจและความเข้าใจที่มีต่อเราตลอดมาครับ/ค่ะ หมายเหตุ: คำตอบนี้เป็นความรู้ทั่วไปของโมเดล ไม่ได้อ้างอิงจากฐานข้อมูล PSU Esports Studio - Phuket,pipeline:general_llm_fallback,general/general_knowledge_query,84.0,False,2.1489,1,general_llm,missing_any:ขอบคุณ,
MB-1521-GL-196,general_llm,general_llm,แปลคำว่า reservation เป็นภาษาไทย ขอแบบเป็นทางการ,การจองครับ หมายเหตุ: คำตอบนี้เป็นความรู้ทั่วไปของโมเดล ไม่ได้อ้างอิงจากฐานข้อมูล PSU Esports Studio - Phuket,pipeline:general_llm_fallback,general/detail,100.0,True,13.7168,1,general_llm,,
MB-1522-GL-197,general_llm,general_llm,เขียนประโยคประชาสัมพันธ์กิจกรรมแบบสุภาพหนึ่งประโยค ขอแบบเป็นทางการ,ขอเชิญชวนทุกท่านร่วมเข้าร่วมงานกิจกรรมอย่างอบอุ่นใจและเป็นมิตรในวันนี้ครับ เพื่อสร้างความสัมพันธ์ที่ดีขึ้นและเพิ่มพลังบวกให้กับชุมชนของเราอย่างยั่งยืนครับ หมายเหตุ: คำตอบนี้เป็นความรู้ทั่วไปของโมเดล ไม่ได้อ้างอิงจากฐานข้อมูล PSU Esports Studio - Phuket,pipeline:general_llm_fallback,general/detail,100.0,True,15.8765,1,general_llm,,
MB-1523-GL-198,general_llm,general_llm,คีย์บอร์ด mechanical คืออะไรแบบสั้น ขอแบบเป็นทางการ,"อุปกรณ์บนหน้า Home: PC Zone • Gaming PC รุ่น MSI MAG Infinite S3 14th (จำนวน 10 เครื่อง) • Gaming Monitor (จำนวน 10 จอ) • Gaming Chair (จำนวน 10 ตัว) • Gaming Gear ครบชุด ทั้ง Keyboard, Mouse และ Headset Cockpit Zone • TV ขนาด 65 นิ้ว (จำนวน 2 เครื่อง) • Racezone Full Cockpit V3 (จำนวน 2 ชุด) • Logitech G923 TRUEFORCE Racing wheel พร้อม Driving Force Shifter (จำนวน 2 ชุด) • Pulse Elite Wireless Headset (จำนวน 2 อัน) Nintendo Switch Zone • TV ขนาด 86 นิ้ว (จำนวน 1 เครื่อง) • Nintendo Switch OLED (จำนวน 1 เครื่อง) • Sofa ขนาด 2 ที่นั่ง (จำนวน 2 ตัว) PlayStation 5 Zone • PlayStation 5 Slim รุ่น Ultra HD Blu-Ray Disc Drive (จำนวน 2 เครื่อง) VR Zone • PlayStation 5 Slim (จำนวน 1 เครื่อง) • Sony P",pipeline:structured_equipment_catalog,equipment/list,66.0,False,1.0,0,,category_mismatch:equipment | missing_any:คีย์บอร์ด|mechanical,
MB-1524-GL-199,general_llm,general_llm,GPU คืออะไรแบบเข้าใจง่าย ขอแบบเป็นทางการ,GPU หรือ Graphics Processing Unit เป็นชิปประมวลผลกราฟิกที่ใช้จัดการงานแสดงผลภาพ เช่น การวาดภาพบนหน้าจอคอมพิวเตอร์หรือสมาร์ทโฟน โดยมีความสามารถในการประมวลผลขนานสูง ทำให้เหมาะกับงานที่ต้องใช้กราฟิกซับซ้อน เช่น เล่นเกม สร้างภาพยนตร์ หรือเรียนรู้ด้วยปัญญาประดิษฐ์ (AI) ได้อย่างมีประสิทธิภาพสูงสุด. หมายเหตุ: คำตอบนี้เป็นความรู้ทั่วไปของโมเดล ไม่ได้อ้างอิงจากฐานข้อมูล PSU Esports Studio - Phuket,pipeline:general_llm_fallback,general/general_knowledge_query,100.0,True,3.5102,1,general_llm,,
MB-1525-GL-200,general_llm,general_llm,server กับ client ต่างกันยังไง ขอแบบเป็นทางการ,Server และ Client เป็นองค์ประกอบหลักของระบบเครือข่ายที่ทำงานร่วมกัน โดย Server เป็นอุปกรณ์หรือโปรแกรมที่ให้บริการข้อมูลหรือทรัพยากรต่าง ๆ แก่ผู้ใช้งาน ในขณะที่ Client เป็นอุปกรณ์หรือโปรแกรมที่เชื่อมต่อเข้ามาใช้งานบริการจาก Server โดยมีหน้าที่รับและส่งข้อมูลไปยัง Server เพื่อให้เกิดการทำงานร่วมกันได้อย่างราบรื่น ซึ่งแต่ละฝ่ายมีบทบาทเฉพาะเจาะจงในการดำเนินงานของระบบเครือข่ายนั้น ๆ เหมือนกับการแบ่งหน้าที่ระหว่างผู้ให้บริการและผู้ใช้งานบริการอย่างเป็นทางการ. หมายเหตุ: คำตอบนี้เป็นความรู้ทั่วไปของโมเดล ไม่ได้อ้างอิงจากฐานข้อมูล PSU Esports Studio - Phuket,pipeline:general_llm_fallback,general/general_knowledge_query,100.0,True,4.8503,1,general_llm,,
MB-1526-GL-201,general_llm,general_llm,อธิบายคำว่า latency ในระบบคอมพิวเตอร์แบบสั้น ๆ ช่วยสรุปใจความสำคัญ,Latency คือเวลาที่ใช้ในการตอบสนองระหว่างการส่งคำสั่งและได้รับผลลัพธ์จากระบบคอมพิวเตอร์ โดยมีผลต่อประสิทธิภาพการทำงานโดยเฉพาะในงานที่ต้องการความเร็วสูง เช่น เกมออนไลน์หรือแอปพลิเคชันแบบเรียลไทม์ หมายเหตุ: คำตอบนี้เป็นความรู้ทั่วไปของโมเดล ไม่ได้อ้างอิงจากฐานข้อมูล PSU Esports Studio - Phuket,pipeline:general_llm_fallback,general/general_knowledge_query,100.0,True,2.6914,1,general_llm,,
MB-1527-GL-202,general_llm,general_llm,เฟรมเรตกับความละเอียดต่างกันยังไง ช่วยสรุปใจความสำคัญ,เฟรมเรตคือจำนวนเฟรมที่แสดงต่อวินาที ส่งผลต่อความลื่นไหลของภาพ ความละเอียดคือจำนวนพิกเซลในหน้าจอ ส่งผลต่อความชัดเจนของภาพ ทั้งสองมีบทบาทต่างกันในการสร้างประสบการณ์การแสดงผลบนหน้าจอ โดยเฟรมเรตเกี่ยวข้องกับความลื่นไหล ส่วนความละเอียดเกี่ยวข้องกับความคมชัดของภาพโดยรวมครับ หมายเหตุ: คำตอบนี้เป็นความรู้ทั่วไปของโมเดล ไม่ได้อ้างอิงจากฐานข้อมูล PSU Esports Studio - Phuket,pipeline:general_llm_fallback,general/general_knowledge_query,100.0,True,3.2107,1,general_llm,,
MB-1528-GL-203,general_llm,general_llm,API คืออะไร ช่วยสรุปใจความสำคัญ,API หรือ Application Programming Interface เป็นช่องทางที่อนุญาตให้โปรแกรมหนึ่งสามารถสื่อสารและแลกเปลี่ยนข้อมูลกับโปรแกรมอีกโปรแกรมหนึ่งได้ โดยช่วยให้การทำงานระหว่างระบบต่าง ๆ เร็วขึ้นและมีประสิทธิภาพมากขึ้น เช่น การเชื่อมต่อเว็บไซต์กับบริการภายนอกเพื่อแสดงผลข้อมูลแบบเรียลไทม์ได้อย่างราบรื่น. หมายเหตุ: คำตอบนี้เป็นความรู้ทั่วไปของโมเดล ไม่ได้อ้างอิงจากฐานข้อมูล PSU Esports Studio - Phuket,pipeline:general_llm_fallback,general/general_knowledge_query,100.0,True,3.2255,1,general_llm,,
MB-1529-GL-204,general_llm,general_llm,JSON คืออะไร ช่วยสรุปใจความสำคัญ,JSON คือ JavaScript Object Notation เป็นรูปแบบข้อมูลที่ใช้ในการส่งผ่านข้อมูลระหว่างระบบต่าง ๆ โดยเขียนในรูปแบบโครงสร้างข้อมูลที่อ่านง่ายและสามารถประมวลผลได้ง่าย เช่น การเก็บข้อมูลในโปรแกรมหรือการสื่อสารระหว่างเว็บไซต์กับเซิร์ฟเวอร์ โดยมีโครงสร้างหลัก ๆ คือ key-value pair และ array ซึ่งช่วยให้การจัดเก็บและแลกเปลี่ยนข้อมูลมีประสิทธิภาพมากขึ้น. หมายเหตุ: คำตอบนี้เป็นความรู้ทั่วไปของโมเดล ไม่ได้อ้างอิงจากฐานข้อมูล PSU Esports Studio - Phuket,pipeline:general_llm_fallback,general/general_knowledge_query,100.0,True,3.6741,1,general_llm,,
MB-1530-GL-205,general_llm,general_llm,ช่วยสรุปวิธีพูดขอบคุณแบบสุภาพ 2 ประโยค ช่วยสรุปใจความสำคัญ,ขอขอบพระคุณอย่างสุดหัวใจสำหรับความช่วยเหลือและความใส่ใจเสมอมา ขอบคุณที่ให้โอกาสและสนับสนุนอย่างเต็มที่ครับ/ค่ะ หมายเหตุ: คำตอบนี้เป็นความรู้ทั่วไปของโมเดล ไม่ได้อ้างอิงจากฐานข้อมูล PSU Esports Studio - Phuket,pipeline:general_llm_fallback,general/general_knowledge_query,100.0,True,1.8349,1,general_llm,,
MB-1531-GL-206,general_llm,general_llm,แปลคำว่า reservation เป็นภาษาไทย ช่วยสรุปใจความสำคัญ,การจองครับ หมายเหตุ: คำตอบนี้เป็นความรู้ทั่วไปของโมเดล ไม่ได้อ้างอิงจากฐานข้อมูล PSU Esports Studio - Phuket,pipeline:general_llm_fallback,general/detail,100.0,True,13.7208,1,general_llm,,
MB-1532-GL-207,general_llm,general_llm,เขียนประโยคประชาสัมพันธ์กิจกรรมแบบสุภาพหนึ่งประโยค ช่วยสรุปใจความสำคัญ,ขอเชิญร่วมกิจกรรมพิเศษเพื่อสร้างสรรค์พลังบวกและแบ่งปันรอยยิ้มให้กับทุกคนอย่างอบอุ่นใจครับ หมายเหตุ: คำตอบนี้เป็นความรู้ทั่วไปของโมเดล ไม่ได้อ้างอิงจากฐานข้อมูล PSU Esports Studio - Phuket,pipeline:general_llm_fallback,general/detail,100.0,True,14.5835,1,general_llm,,
MB-1533-GL-208,general_llm,general_llm,คีย์บอร์ด mechanical คืออะไรแบบสั้น ช่วยสรุปใจความสำคัญ,"อุปกรณ์บนหน้า Home: PC Zone • Gaming PC รุ่น MSI MAG Infinite S3 14th (จำนวน 10 เครื่อง) • Gaming Monitor (จำนวน 10 จอ) • Gaming Chair (จำนวน 10 ตัว) • Gaming Gear ครบชุด ทั้ง Keyboard, Mouse และ Headset Cockpit Zone • TV ขนาด 65 นิ้ว (จำนวน 2 เครื่อง) • Racezone Full Cockpit V3 (จำนวน 2 ชุด) • Logitech G923 TRUEFORCE Racing wheel พร้อม Driving Force Shifter (จำนวน 2 ชุด) • Pulse Elite Wireless Headset (จำนวน 2 อัน) Nintendo Switch Zone • TV ขนาด 86 นิ้ว (จำนวน 1 เครื่อง) • Nintendo Switch OLED (จำนวน 1 เครื่อง) • Sofa ขนาด 2 ที่นั่ง (จำนวน 2 ตัว) PlayStation 5 Zone • PlayStation 5 Slim รุ่น Ultra HD Blu-Ray Disc Drive (จำนวน 2 เครื่อง) VR Zone • PlayStation 5 Slim (จำนวน 1 เครื่อง) • Sony P",pipeline:structured_equipment_catalog,equipment/list,66.0,False,1.0842,0,,category_mismatch:equipment | missing_any:คีย์บอร์ด|mechanical,
MB-1534-GL-209,general_llm,general_llm,GPU คืออะไรแบบเข้าใจง่าย ช่วยสรุปใจความสำคัญ,GPU คือ กราฟิกโปรเซสเซอร์ หรือชิปประมวลผลภาพ เน้นจัดการงานกราฟิก เช่น การเล่นเกมหรือแสดงภาพเคลื่อนไหวให้ลื่นไหลมากขึ้น โดยทำงานร่วมกับ CPU เพื่อให้ระบบคอมพิวเตอร์ทำงานได้อย่างราบรื่นและรวดเร็วขึ้นครับ หมายเหตุ: คำตอบนี้เป็นความรู้ทั่วไปของโมเดล ไม่ได้อ้างอิงจากฐานข้อมูล PSU Esports Studio - Phuket,pipeline:general_llm_fallback,general/general_knowledge_query,100.0,True,2.8981,1,general_llm,,
MB-1535-GL-210,general_llm,general_llm,server กับ client ต่างกันยังไง ช่วยสรุปใจความสำคัญ,Server และ Client เปรียบเสมือนผู้ให้บริการและผู้ใช้งานในระบบเครือข่าย Server เป็นจุดกลางที่จัดเก็บข้อมูลและควบคุมการทำงานของระบบ เช่น การประมวลผลคำสั่งหรือการเชื่อมต่อผู้ใช้งาน Client เป็นอุปกรณ์หรือโปรแกรมที่ผู้ใช้งานใช้เข้าถึงบริการจาก Server เช่น เครื่องคอมพิวเตอร์หรือมือถือที่เชื่อมต่อกับระบบออนไลน์ โดยทั่วไปแล้ว Server ทำหน้าที่รับคำสั่งและตอบสนองให้ Client ใช้งานต่อไปได้ตลอดเวลา หมายเหตุ: คำตอบนี้เป็นความรู้ทั่วไปของโมเดล ไม่ได้อ้างอิงจากฐานข้อมูล PSU Esports Studio - Phuket,pipeline:general_llm_fallback,general/general_knowledge_query,100.0,True,4.3164,1,general_llm,,
MB-1536-GL-211,general_llm,general_llm,อธิบายคำว่า latency ในระบบคอมพิวเตอร์แบบสั้น ๆ ตอบแบบ bullet สั้น ๆ,• เวลาที่ใช้ในการส่งข้อมูลจากเครื่องหนึ่งไปยังอีกเครื่องหนึ่ง • มีผลต่อความล่าช้าในการตอบสนองของระบบ • สั้น ๆ คือ “เวลาตอบสนอง” ระหว่างการส่งและรับข้อมูล หมายเหตุ: คำตอบนี้เป็นความรู้ทั่วไปของโมเดล ไม่ได้อ้างอิงจากฐานข้อมูล PSU Esports Studio - Phuket,pipeline:general_llm_fallback,general/general_knowledge_query,84.0,False,2.4644,1,general_llm,missing_any:latency|หน่วง,
MB-1537-GL-212,general_llm,general_llm,เฟรมเรตกับความละเอียดต่างกันยังไง ตอบแบบ bullet สั้น ๆ,"• เฟรมเรต (FPS) คือจำนวนเฟรมที่แสดงต่อวินาที • ความละเอียด (Resolution) คือขนาดภาพที่แสดง เช่น 1080p, 4K • เฟรมเรตส่งผลต่อความลื่นไหลของภาพ ส่วนความละเอียดส่งผลต่อความชัดเจนของภาพ หมายเหตุ: คำตอบนี้เป็นความรู้ทั่วไปของโมเดล ไม่ได้อ้างอิงจากฐานข้อมูล PSU Esports Studio - Phuket",pipeline:general_llm_fallback,general/general_knowledge_query,100.0,True,2.6587,1,general_llm,,
MB-1538-GL-213,general_llm,general_llm,API คืออะไร ตอบแบบ bullet สั้น ๆ,"• API คือ Application Programming Interface • เป็นช่องทางที่โปรแกรมต่าง ๆ สามารถสื่อสารและแลกเปลี่ยนข้อมูลได้กันโดยตรง • เหมือนกับ ""ตัวกลาง"" ที่ช่วยให้ซอฟต์แวร์ต่าง ๆ เชื่อมต่อกันได้ง่ายขึ้น หมายเหตุ: คำตอบนี้เป็นความรู้ทั่วไปของโมเดล ไม่ได้อ้างอิงจากฐานข้อมูล PSU Esports Studio - Phuket",pipeline:general_llm_fallback,general/general_knowledge_query,100.0,True,2.351,1,general_llm,,
MB-1539-GL-214,general_llm,general_llm,JSON คืออะไร ตอบแบบ bullet สั้น ๆ,• JSON = JavaScript Object Notation • เป็นรูปแบบข้อมูลที่ใช้เก็บและส่งข้อมูลในรูปแบบโครงสร้างต้นไม้ (tree structure) • เหมาะสำหรับการแลกเปลี่ยนข้อมูลระหว่างระบบต่าง ๆ เช่น เว็บไซต์ กับเซิร์ฟเวอร์ • ใช้เครื่องหมาย {} และ [] เพื่อกำหนดโครงสร้างข้อมูล • อ่านเขียนง่าย มีมาตรฐานสากล • ไม่ต้องพึ่ง JavaScript โดยตรงแม้มีชื่อมาจากมัน • เหมาะสำหรับ API และการจัดเก็บข้อมูลในโปรแกรมต่าง ๆ หมายเหตุ: คำตอบนี้เป็นความรู้ทั่วไปของโมเดล ไม่ได้อ้างอิงจากฐานข้อมูล PSU Esports Studio - Phuket,pipeline:general_llm_fallback,general/general_knowledge_query,100.0,True,4.0176,1,general_llm,,
MB-1540-GL-215,general_llm,general_llm,ช่วยสรุปวิธีพูดขอบคุณแบบสุภาพ 2 ประโยค ตอบแบบ bullet สั้น ๆ,• ขอบคุณสำหรับความช่วยเหลืออย่างยิ่ง • ยินดีเป็นอย่างยิ่งที่ได้ร่วมงานกับคุณครับ/ค่ะ หมายเหตุ: คำตอบนี้เป็นความรู้ทั่วไปของโมเดล ไม่ได้อ้างอิงจากฐานข้อมูล PSU Esports Studio - Phuket,pipeline:general_llm_fallback,general/general_knowledge_query,100.0,True,1.9181,1,general_llm,,
MB-1541-GL-216,general_llm,general_llm,แปลคำว่า reservation เป็นภาษาไทย ตอบแบบ bullet สั้น ๆ,• การจอง • การขอรับรอง • การอนุมัติล่วงหน้า • การจัดสรรล่วงหน้า • การยืนยันการเข้าร่วมงานล่วงหน้า หมายเหตุ: คำตอบนี้เป็นความรู้ทั่วไปของโมเดล ไม่ได้อ้างอิงจากฐานข้อมูล PSU Esports Studio - Phuket,pipeline:general_llm_fallback,general/general_knowledge_query,100.0,True,14.645,1,general_llm,,
MB-1542-GL-217,general_llm,general_llm,เขียนประโยคประชาสัมพันธ์กิจกรรมแบบสุภาพหนึ่งประโยค ตอบแบบ bullet สั้น ๆ,• เตรียมตัวสนุกกับเวทีแห่งความฝัน! PSU Esports Studio - Phuket เตรียมจัดกิจกรรมพิเศษให้แฟนเกมส์ทุกคนได้ร่วมลุยเต็มที่ในเดือนนี้ครับ หมายเหตุ: คำตอบนี้เป็นความรู้ทั่วไปของโมเดล ไม่ได้อ้างอิงจากฐานข้อมูล PSU Esports Studio - Phuket,pipeline:general_llm_fallback,general/detail,100.0,True,15.5457,1,general_llm,,
MB-1543-GL-218,general_llm,general_llm,คีย์บอร์ด mechanical คืออะไรแบบสั้น ตอบแบบ bullet สั้น ๆ,อุปกรณ์บนหน้า Home: แหล่งข้อมูล: https://esports.phuket.psu.ac.th/home,pipeline:structured_equipment_catalog,equipment/list,66.0,False,0.9724,0,,category_mismatch:equipment | missing_any:คีย์บอร์ด|mechanical,
MB-1544-GL-219,general_llm,general_llm,GPU คืออะไรแบบเข้าใจง่าย ตอบแบบ bullet สั้น ๆ,• GPU = Graphics Processing Unit • เครื่องจักรประมวลผลกราฟิก • ช่วยให้เล่นเกมและดูภาพเคลื่อนไหวได้ลื่นไหล • มีหน้าที่ประมวลผลภาพและแสงเงาในเกมมากกว่า CPU • เหมาะสำหรับงานกราฟิกและเรนเดอร์ภาพลักษณ์สูง ๆ หมายเหตุ: คำตอบนี้เป็นความรู้ทั่วไปของโมเดล ไม่ได้อ้างอิงจากฐานข้อมูล PSU Esports Studio - Phuket,pipeline:general_llm_fallback,general/general_knowledge_query,100.0,True,2.7149,1,general_llm,,
MB-1545-GL-220,general_llm,general_llm,server กับ client ต่างกันยังไง ตอบแบบ bullet สั้น ๆ,• Server: เครื่องที่ให้บริการข้อมูลหรือทรัพยากรแก่ผู้ใช้งาน • Client: เครื่องที่เชื่อมต่อและใช้งานบริการจาก Server โดยตรง หมายเหตุ: คำตอบนี้เป็นความรู้ทั่วไปของโมเดล ไม่ได้อ้างอิงจากฐานข้อมูล PSU Esports Studio - Phuket,pipeline:general_llm_fallback,general/general_knowledge_query,100.0,True,2.0236,1,general_llm,,
MB-1546-GL-221,general_llm,general_llm,อธิบายคำว่า latency ในระบบคอมพิวเตอร์แบบสั้น ๆ ตอบแบบประโยคเดียว,Latency คือเวลาที่ใช้ในการตอบสนองระหว่างการส่งคำสั่งและได้รับผลลัพธ์จากระบบคอมพิวเตอร์. หมายเหตุ: คำตอบนี้เป็นความรู้ทั่วไปของโมเดล ไม่ได้อ้างอิงจากฐานข้อมูล PSU Esports Studio - Phuket,pipeline:general_llm_fallback,general/general_knowledge_query,100.0,True,1.692,1,general_llm,,
MB-1547-GL-222,general_llm,general_llm,เฟรมเรตกับความละเอียดต่างกันยังไง ตอบแบบประโยคเดียว,เฟรมเรตกำหนดจำนวนเฟรมต่อวินาที ส่วนความละเอียดกำหนดขนาดภาพของแต่ละเฟรม เช่น พิกเซลต่อหน้าจอ โดยทั้งสองมีผลต่อคุณภาพการแสดงผลร่วมกันอย่างชัดเจนครับ หมายเหตุ: คำตอบนี้เป็นความรู้ทั่วไปของโมเดล ไม่ได้อ้างอิงจากฐานข้อมูล PSU Esports Studio - Phuket,pipeline:general_llm_fallback,general/general_knowledge_query,100.0,True,2.1748,1,general_llm,,
MB-1548-GL-223,general_llm,general_llm,API คืออะไร ตอบแบบประโยคเดียว,API คือ Application Programming Interface ซึ่งเป็นช่องทางที่ทำให้โปรแกรมต่าง ๆ สามารถสื่อสารและแลกเปลี่ยนข้อมูลกันได้โดยตรง. หมายเหตุ: คำตอบนี้เป็นความรู้ทั่วไปของโมเดล ไม่ได้อ้างอิงจากฐานข้อมูล PSU Esports Studio - Phuket,pipeline:general_llm_fallback,general/general_knowledge_query,100.0,True,1.6846,1,general_llm,,
MB-1549-GL-224,general_llm,general_llm,JSON คืออะไร ตอบแบบประโยคเดียว,"JSON คือภาษาความรู้ทางข้อมูลที่ใช้ในการจัดเก็บและแลกเปลี่ยนข้อมูลในรูปแบบโครงสร้างข้อมูลแบบตัวอย่างง่าย ๆ โดยมีโครงสร้างคล้ายกับภาษาโปรแกรม เช่น key-value pairs และ arrays ซึ่งสามารถอ่านและเขียนได้ง่ายผ่านโปรแกรมต่าง ๆ เช่น JavaScript, Python และอื่น ๆ อีกด้วย หมายเหตุ: คำตอบนี้เป็นความรู้ทั่วไปของโมเดล ไม่ได้อ้างอิงจากฐานข้อมูล PSU Esports Studio - Phuket",pipeline:general_llm_fallback,general/general_knowledge_query,100.0,True,2.7147,1,general_llm,,
MB-1550-GL-225,general_llm,general_llm,ช่วยสรุปวิธีพูดขอบคุณแบบสุภาพ 2 ประโยค ตอบแบบประโยคเดียว,ขอขอบพระคุณเป็นอย่างยิ่งสำหรับความช่วยเหลือและโอกาสในการร่วมงานครั้งนี้นะคะ หมายเหตุ: คำตอบนี้เป็นความรู้ทั่วไปของโมเดล ไม่ได้อ้างอิงจากฐานข้อมูล PSU Esports Studio - Phuket,pipeline:general_llm_fallback,general/general_knowledge_query,84.0,False,1.4511,1,general_llm,missing_any:ขอบคุณ,
MB-1551-GL-226,general_llm,general_llm,แปลคำว่า reservation เป็นภาษาไทย ตอบแบบประโยคเดียว,การจองคือการขอรับสิทธิ์หรือสถานที่ใช้งานล่วงหน้าเพื่อความสะดวกในการใช้งานในอนาคต โดยเฉพาะอย่างยิ่งเมื่อมีจำนวนจำกัด เช่น ห้องประชุมหรือสนามแข่งขัน esports ใน PSU Esports Studio - Phuket หากต้องการใช้งานบริการใด ๆ จะต้องจองล่วงหน้าเพื่อให้ได้รับอนุญาตและจัดเตรียมสถานที่ตามความต้องการของผู้ใช้งานอย่างเป็นระบบและมีประสิทธิภาพสูงสุด ซึ่งเป็นแนวทางปฏิบัติที่ช่วยให้การบริหารจัดการทรัพยากรในศูนย์ฯ มีความราบรื่นและลดความขัดแย้งระหว่างผู้ใช้งานได้อย่างมีประสิทธิภาพ อย่างไรก็ตาม หากไม่มีข้อมูลยืนยันจากฐานข้อมูลศูนย์ ก็จะไม่สามารถยืนย หมายเหตุ: คำตอบนี้เป็นความรู้ทั่วไปของโมเดล ไม่ได้อ้างอิงจากฐานข้อมูล PSU Esports Studio - Phuket,pipeline:general_llm_fallback,general/general_knowledge_query,100.0,True,18.7014,1,general_llm,,
MB-1552-GL-227,general_llm,general_llm,เขียนประโยคประชาสัมพันธ์กิจกรรมแบบสุภาพหนึ่งประโยค ตอบแบบประโยคเดียว,ขอเชิญทุกท่านร่วมเป็นส่วนหนึ่งในกิจกรรมพิเศษนี้ เพื่อสร้างความสนุกสนานและเพิ่มพูนประสบการณ์ร่วมกันอย่างอบอุ่นใจครับ หมายเหตุ: คำตอบนี้เป็นความรู้ทั่วไปของโมเดล ไม่ได้อ้างอิงจากฐานข้อมูล PSU Esports Studio - Phuket,pipeline:general_llm_fallback,general/detail,100.0,True,14.9197,1,general_llm,,
MB-1553-GL-228,general_llm,general_llm,คีย์บอร์ด mechanical คืออะไรแบบสั้น ตอบแบบประโยคเดียว,"อุปกรณ์บนหน้า Home: PC Zone • Gaming PC รุ่น MSI MAG Infinite S3 14th (จำนวน 10 เครื่อง) • Gaming Monitor (จำนวน 10 จอ) • Gaming Chair (จำนวน 10 ตัว) • Gaming Gear ครบชุด ทั้ง Keyboard, Mouse และ Headset Cockpit Zone • TV ขนาด 65 นิ้ว (จำนวน 2 เครื่อง) • Racezone Full Cockpit V3 (จำนวน 2 ชุด) • Logitech G923 TRUEFORCE Racing wheel พร้อม Driving Force Shifter (จำนวน 2 ชุด) • Pulse Elite Wireless Headset (จำนวน 2 อัน) Nintendo Switch Zone • TV ขนาด 86 นิ้ว (จำนวน 1 เครื่อง) • Nintendo Switch OLED (จำนวน 1 เครื่อง) • Sofa ขนาด 2 ที่นั่ง (จำนวน 2 ตัว) PlayStation 5 Zone • PlayStation 5 Slim รุ่น Ultra HD Blu-Ray Disc Drive (จำนวน 2 เครื่อง) VR Zone • PlayStation 5 Slim (จำนวน 1 เครื่อง) • Sony P",pipeline:structured_equipment_catalog,equipment/list,66.0,False,0.9928,0,,category_mismatch:equipment | missing_any:คีย์บอร์ด|mechanical,
MB-1554-GL-229,general_llm,general_llm,GPU คืออะไรแบบเข้าใจง่าย ตอบแบบประโยคเดียว,GPU คือ ชิปประมวลผลกราฟิก ที่ใช้ในการแสดงภาพและวิดีโอให้ลื่นไหลบนคอมพิวเตอร์หรือมือถือมากขึ้น เหมาะสำหรับงานสร้างภาพหรือเล่นเกมโดยเฉพาะครับ หมายเหตุ: คำตอบนี้เป็นความรู้ทั่วไปของโมเดล ไม่ได้อ้างอิงจากฐานข้อมูล PSU Esports Studio - Phuket,pipeline:general_llm_fallback,general/general_knowledge_query,100.0,True,2.2766,1,general_llm,,
MB-1555-GL-230,general_llm,general_llm,server กับ client ต่างกันยังไง ตอบแบบประโยคเดียว,Server เป็นอุปกรณ์ที่ให้บริการข้อมูลหรือทรัพยากรแก่ Client ขณะที่ Client เป็นอุปกรณ์ที่เชื่อมต่อไปใช้งานบริการจาก Server โดยตรง. หมายเหตุ: คำตอบนี้เป็นความรู้ทั่วไปของโมเดล ไม่ได้อ้างอิงจากฐานข้อมูล PSU Esports Studio - Phuket,pipeline:general_llm_fallback,general/general_knowledge_query,100.0,True,2.0104,1,general_llm,,
MB-1556-GL-231,general_llm,general_llm,อธิบายคำว่า latency ในระบบคอมพิวเตอร์แบบสั้น ๆ อธิบายข้อดีข้อเสียสั้น ๆ,Latency คือเวลาที่ใช้ในการตอบสนองระหว่างการส่งคำสั่งและได้รับผลลัพธ์ ข้อดี: เพิ่มความเร็วในการตอบสนอง เช่น เกมออนไลน์ ข้อเสีย: latency สูงอาจทำให้ระบบทำงานไม่ราบรื่นหรือผิดพลาดในบางกรณี หมายเหตุ: คำตอบนี้เป็นความรู้ทั่วไปของโมเดล ไม่ได้อ้างอิงจากฐานข้อมูล PSU Esports Studio - Phuket,pipeline:general_llm_fallback,general/general_knowledge_query,100.0,True,2.6966,1,general_llm,,
MB-1557-GL-232,general_llm,general_llm,เฟรมเรตกับความละเอียดต่างกันยังไง อธิบายข้อดีข้อเสียสั้น ๆ,"ขอรู้บริการหรือโซนก่อนครับ จะได้ตอบราคาให้ตรง เช่น `PS5 ราคาเท่าไหร่`, `Nintendo 3-4 คนกี่บาท`, `VR 30 นาทีราคาเท่าไหร่` หรือ `Tekken 8 ราคาเท่าไหร่`",pipeline:ambiguity_clarification,clarification/ambiguity_gate_clarification,66.0,False,0.243,0,,category_mismatch:clarification | missing_any:เฟรม|ความละเอียด,
MB-1558-GL-233,general_llm,general_llm,API คืออะไร อธิบายข้อดีข้อเสียสั้น ๆ,"ขอรู้บริการหรือโซนก่อนครับ จะได้ตอบราคาให้ตรง เช่น `PS5 ราคาเท่าไหร่`, `Nintendo 3-4 คนกี่บาท`, `VR 30 นาทีราคาเท่าไหร่` หรือ `Tekken 8 ราคาเท่าไหร่`",pipeline:ambiguity_clarification,clarification/ambiguity_gate_clarification,66.0,False,0.2098,0,,category_mismatch:clarification | missing_any:API|เชื่อมต่อ,
MB-1559-GL-234,general_llm,general_llm,JSON คืออะไร อธิบายข้อดีข้อเสียสั้น ๆ,"ขอรู้บริการหรือโซนก่อนครับ จะได้ตอบราคาให้ตรง เช่น `PS5 ราคาเท่าไหร่`, `Nintendo 3-4 คนกี่บาท`, `VR 30 นาทีราคาเท่าไหร่` หรือ `Tekken 8 ราคาเท่าไหร่`",pipeline:ambiguity_clarification,clarification/ambiguity_gate_clarification,66.0,False,0.2067,0,,category_mismatch:clarification | missing_any:JSON|ข้อมูล,
MB-1560-GL-235,general_llm,general_llm,ช่วยสรุปวิธีพูดขอบคุณแบบสุภาพ 2 ประโยค อธิบายข้อดีข้อเสียสั้น ๆ,"ขอรู้บริการหรือโซนก่อนครับ จะได้ตอบราคาให้ตรง เช่น `PS5 ราคาเท่าไหร่`, `Nintendo 3-4 คนกี่บาท`, `VR 30 นาทีราคาเท่าไหร่` หรือ `Tekken 8 ราคาเท่าไหร่`",pipeline:ambiguity_clarification,clarification/ambiguity_gate_clarification,66.0,False,0.1954,0,,category_mismatch:clarification | missing_any:ขอบคุณ,
MB-1561-GL-236,general_llm,general_llm,แปลคำว่า reservation เป็นภาษาไทย อธิบายข้อดีข้อเสียสั้น ๆ,"ขอรู้บริการหรือโซนก่อนครับ จะได้ตอบราคาให้ตรง เช่น `PS5 ราคาเท่าไหร่`, `Nintendo 3-4 คนกี่บาท`, `VR 30 นาทีราคาเท่าไหร่` หรือ `Tekken 8 ราคาเท่าไหร่`",pipeline:ambiguity_clarification,clarification/ambiguity_gate_clarification,66.0,False,0.2927,0,,category_mismatch:clarification | missing_any:จอง,
MB-1562-GL-237,general_llm,general_llm,เขียนประโยคประชาสัมพันธ์กิจกรรมแบบสุภาพหนึ่งประโยค อธิบายข้อดีข้อเสียสั้น ๆ,"ขอรู้บริการหรือโซนก่อนครับ จะได้ตอบราคาให้ตรง เช่น `PS5 ราคาเท่าไหร่`, `Nintendo 3-4 คนกี่บาท`, `VR 30 นาทีราคาเท่าไหร่` หรือ `Tekken 8 ราคาเท่าไหร่`",pipeline:ambiguity_clarification,clarification/ambiguity_gate_clarification,66.0,False,0.2593,0,,category_mismatch:clarification | missing_any:กิจกรรม,
MB-1563-GL-238,general_llm,general_llm,คีย์บอร์ด mechanical คืออะไรแบบสั้น อธิบายข้อดีข้อเสียสั้น ๆ,"ขอรู้บริการหรือโซนก่อนครับ จะได้ตอบราคาให้ตรง เช่น `PS5 ราคาเท่าไหร่`, `Nintendo 3-4 คนกี่บาท`, `VR 30 นาทีราคาเท่าไหร่` หรือ `Tekken 8 ราคาเท่าไหร่`",pipeline:ambiguity_clarification,clarification/ambiguity_gate_clarification,66.0,False,0.315,0,,category_mismatch:clarification | missing_any:คีย์บอร์ด|mechanical,
MB-1564-GL-239,general_llm,general_llm,GPU คืออะไรแบบเข้าใจง่าย อธิบายข้อดีข้อเสียสั้น ๆ,"ขอรู้บริการหรือโซนก่อนครับ จะได้ตอบราคาให้ตรง เช่น `PS5 ราคาเท่าไหร่`, `Nintendo 3-4 คนกี่บาท`, `VR 30 นาทีราคาเท่าไหร่` หรือ `Tekken 8 ราคาเท่าไหร่`",pipeline:ambiguity_clarification,clarification/ambiguity_gate_clarification,66.0,False,0.2904,0,,category_mismatch:clarification | missing_any:GPU|กราฟิก,
MB-1565-GL-240,general_llm,general_llm,server กับ client ต่างกันยังไง อธิบายข้อดีข้อเสียสั้น ๆ,"ขอรู้บริการหรือโซนก่อนครับ จะได้ตอบราคาให้ตรง เช่น `PS5 ราคาเท่าไหร่`, `Nintendo 3-4 คนกี่บาท`, `VR 30 นาทีราคาเท่าไหร่` หรือ `Tekken 8 ราคาเท่าไหร่`",pipeline:ambiguity_clarification,clarification/ambiguity_gate_clarification,66.0,False,0.3156,0,,category_mismatch:clarification | missing_any:server|client,
MB-1566-GL-241,general_llm,general_llm,อธิบายคำว่า latency ในระบบคอมพิวเตอร์แบบสั้น ๆ ให้คำจำกัดความแบบสั้น,Latency คือเวลาที่ใช้ในการตอบสนองหรือประมวลผลข้อมูลจากเหตุการณ์หนึ่งไปยังอีกเหตุการณ์หนึ่งในระบบคอมพิวเตอร์ เช่น เวลาที่จอภาพแสดงผลหลังจากกดปุ่มใด ๆ บนเมาส์หรือคีย์บอร์ด โดยมักวัดเป็นไมลลิวินาที (ms) และสะท้อนความเร็วในการทำงานของระบบได้โดยตรงครับ หมายเหตุ: คำตอบนี้เป็นความรู้ทั่วไปของโมเดล ไม่ได้อ้างอิงจากฐานข้อมูล PSU Esports Studio - Phuket,pipeline:general_llm_fallback,general/general_knowledge_query,100.0,True,3.8804,1,general_llm,,
MB-1567-GL-242,general_llm,general_llm,เฟรมเรตกับความละเอียดต่างกันยังไง ให้คำจำกัดความแบบสั้น,เฟรมเรตคือจำนวนเฟรมที่แสดงต่อวินาที ส่วนความละเอียดคือขนาดของภาพในหน่วยพิกเซล เช่น 1920x1080 โดยทั้งสองอย่างมีผลต่อคุณภาพการแสดงผลเกมหรือวิดีโอแต่ละอย่างมีหน้าที่แตกต่างกันคือเฟรมเรตควบคุมความลื่นไหลของภาพ ส่วนความละเอียดควบคุมความชัดเจนของภาพนั้นเองคือความละเอียดสูงขึ้นแล้วภาพจะชัดกว่าแต่ใช้ทรัพยากรมากขึ้นเช่นกันคือทั้งสองอย่างมีผลต่อประสบการณ์ผู้ใช้งานโดยตรงคือเฟรมเรตส่งผลต่อความลื่นไหล ส่วนความละเอียดส่งผลต่อความชัดเจนของภาพนั่นเองคือทั้งสองอย่างไม่เกี่ยวข้องกันโดยตรงแต่มีผลร่ว หมายเหตุ: คำตอบนี้เป็นความรู้ทั่วไปของโมเดล ไม่ได้อ้างอิงจากฐานข้อมูล PSU Esports Studio - Phuket,pipeline:general_llm_fallback,general/general_knowledge_query,100.0,True,5.6995,1,general_llm,,
MB-1568-GL-243,general_llm,general_llm,API คืออะไร ให้คำจำกัดความแบบสั้น,API คือ Application Programming Interface หรืออินเตอร์เฟซการเขียนโปรแกรมสำหรับแอปพลิเคชันที่ใช้แลกเปลี่ยนข้อมูลและบริการระหว่างระบบต่าง ๆ โดยไม่ต้องเข้าใจรายละเอียดภายในของแต่ละระบบโดยตรง. หมายเหตุ: คำตอบนี้เป็นความรู้ทั่วไปของโมเดล ไม่ได้อ้างอิงจากฐานข้อมูล PSU Esports Studio - Phuket,pipeline:general_llm_fallback,general/general_knowledge_query,100.0,True,2.2306,1,general_llm,,
MB-1569-GL-244,general_llm,general_llm,JSON คืออะไร ให้คำจำกัดความแบบสั้น,JSON คือ JavaScript Object Notation เป็นรูปแบบข้อมูลที่ใช้ในการแลกเปลี่ยนข้อมูลระหว่างระบบต่าง ๆ โดยเขียนในรูปแบบโครงสร้างข้อมูลที่อ่านง่ายและเข้าใจได้ง่าย เช่น คู่ค่า (key-value) และ array หรือ object โดยไม่ต้องใช้ภาษาโปรแกรมใด ๆ เลยครับ หมายเหตุ: คำตอบนี้เป็นความรู้ทั่วไปของโมเดล ไม่ได้อ้างอิงจากฐานข้อมูล PSU Esports Studio - Phuket,pipeline:general_llm_fallback,general/general_knowledge_query,100.0,True,2.5972,1,general_llm,,
MB-1570-GL-245,general_llm,general_llm,ช่วยสรุปวิธีพูดขอบคุณแบบสุภาพ 2 ประโยค ให้คำจำกัดความแบบสั้น,ขอบคุณสำหรับการสนับสนุนและความใส่ใจเสมอมา ขอแสดงความชื่นชมและขอบคุณอย่างยิ่งครับ/ค่ะ หมายเหตุ: คำตอบนี้เป็นความรู้ทั่วไปของโมเดล ไม่ได้อ้างอิงจากฐานข้อมูล PSU Esports Studio - Phuket,pipeline:general_llm_fallback,general/general_knowledge_query,100.0,True,1.5577,1,general_llm,,
MB-1571-GL-246,general_llm,general_llm,แปลคำว่า reservation เป็นภาษาไทย ให้คำจำกัดความแบบสั้น,การจองคิวหรือการขอรับบริการล่วงหน้า โดยมีข้อตกลงไว้ล่วงหน้าแล้วก่อนที่จะใช้งานจริง ๆ ตามเวลาที่กำหนดไว้ล่วงหน้าแล้วก่อนที่จะใช้งานจริง ๆ หมายเหตุ: คำตอบนี้เป็นความรู้ทั่วไปของโมเดล ไม่ได้อ้างอิงจากฐานข้อมูล PSU Esports Studio - Phuket,pipeline:general_llm_fallback,general/general_knowledge_query,100.0,True,14.9677,1,general_llm,,
MB-1572-GL-247,general_llm,general_llm,เขียนประโยคประชาสัมพันธ์กิจกรรมแบบสุภาพหนึ่งประโยค ให้คำจำกัดความแบบสั้น,ขอเชิญร่วมกิจกรรมสนุกสนานเพื่อสร้างสรรค์พลังบวกให้กับทุกคนในชุมชนนะคะ! หมายเหตุ: คำตอบนี้เป็นความรู้ทั่วไปของโมเดล ไม่ได้อ้างอิงจากฐานข้อมูล PSU Esports Studio - Phuket,pipeline:general_llm_fallback,general/detail,100.0,True,14.3665,1,general_llm,,
MB-1573-GL-248,general_llm,general_llm,คีย์บอร์ด mechanical คืออะไรแบบสั้น ให้คำจำกัดความแบบสั้น,"อุปกรณ์บนหน้า Home: PC Zone • Gaming PC รุ่น MSI MAG Infinite S3 14th (จำนวน 10 เครื่อง) • Gaming Monitor (จำนวน 10 จอ) • Gaming Chair (จำนวน 10 ตัว) • Gaming Gear ครบชุด ทั้ง Keyboard, Mouse และ Headset Cockpit Zone • TV ขนาด 65 นิ้ว (จำนวน 2 เครื่อง) • Racezone Full Cockpit V3 (จำนวน 2 ชุด) • Logitech G923 TRUEFORCE Racing wheel พร้อม Driving Force Shifter (จำนวน 2 ชุด) • Pulse Elite Wireless Headset (จำนวน 2 อัน) Nintendo Switch Zone • TV ขนาด 86 นิ้ว (จำนวน 1 เครื่อง) • Nintendo Switch OLED (จำนวน 1 เครื่อง) • Sofa ขนาด 2 ที่นั่ง (จำนวน 2 ตัว) PlayStation 5 Zone • PlayStation 5 Slim รุ่น Ultra HD Blu-Ray Disc Drive (จำนวน 2 เครื่อง) VR Zone • PlayStation 5 Slim (จำนวน 1 เครื่อง) • Sony P",pipeline:structured_equipment_catalog,equipment/list,66.0,False,1.0872,0,,category_mismatch:equipment | missing_any:คีย์บอร์ด|mechanical,
MB-1574-GL-249,general_llm,general_llm,GPU คืออะไรแบบเข้าใจง่าย ให้คำจำกัดความแบบสั้น,GPU คือ กราฟิกพอร์ต หรือชิปประมวลผลกราฟิกที่ใช้สร้างภาพเคลื่อนไหวและแสดงผลบนหน้าจอได้อย่างราบรื่น โดยเฉพาะในงานด้านเกมหรือกราฟิกคอมพิวเตอร์ต่าง ๆ เข้าใจง่าย ๆ คือ “หัวใจ” ที่ทำให้คอมพิวเตอร์วาดภาพสวย ๆ และไหลลื่นได้เวลาเล่นเกมหรือดูวิดีโอครับ หมายเหตุ: คำตอบนี้เป็นความรู้ทั่วไปของโมเดล ไม่ได้อ้างอิงจากฐานข้อมูล PSU Esports Studio - Phuket,pipeline:general_llm_fallback,general/general_knowledge_query,100.0,True,3.2334,1,general_llm,,
MB-1575-GL-250,general_llm,general_llm,server กับ client ต่างกันยังไง ให้คำจำกัดความแบบสั้น,Server เป็นอุปกรณ์ที่จัดเก็บข้อมูลและให้บริการแก่ Client Client เป็นอุปกรณ์ที่เชื่อมต่อไปยัง Server เพื่อรับบริการหรือข้อมูลจาก Server หมายเหตุ: คำตอบนี้เป็นความรู้ทั่วไปของโมเดล ไม่ได้อ้างอิงจากฐานข้อมูล PSU Esports Studio - Phuket,pipeline:general_llm_fallback,general/general_knowledge_query,100.0,True,2.0396,1,general_llm,,
MB-1576-GL-251,general_llm,general_llm,อธิบายคำว่า latency ในระบบคอมพิวเตอร์แบบสั้น ๆ อธิบายด้วยคำง่าย ๆ,ความล่าช้า (latency) คือเวลาที่ใช้ระหว่างทำอะไรบางอย่างในเครื่อง เช่น กดปุ่มแล้วเห็นผลตอบแทนบนหน้าจอ โดยคำง่าย ๆ ก็คือ “ระยะห่าง” เวลาตอบสนองระหว่างการกระทำกับผลลัพธ์ที่เห็นครับ หมายเหตุ: คำตอบนี้เป็นความรู้ทั่วไปของโมเดล ไม่ได้อ้างอิงจากฐานข้อมูล PSU Esports Studio - Phuket,pipeline:general_llm_fallback,general/general_knowledge_query,100.0,True,2.5231,1,general_llm,,
MB-1577-GL-252,general_llm,general_llm,เฟรมเรตกับความละเอียดต่างกันยังไง อธิบายด้วยคำง่าย ๆ,เฟรมเรตคือจำนวนภาพที่แสดงบนหน้าจอต่อวินาที เช่น 60 FPS จะเห็นภาพไหลลื่น ความละเอียดคือขนาดของภาพ เช่น 1080p หรือ 4K เลยภาพชัดเจนแค่ไหน เหมือนเปรียบเทียบความเร็วรถกับขนาดตัวรถครับ หมายเหตุ: คำตอบนี้เป็นความรู้ทั่วไปของโมเดล ไม่ได้อ้างอิงจากฐานข้อมูล PSU Esports Studio - Phuket,pipeline:general_llm_fallback,general/general_knowledge_query,100.0,True,2.6346,1,general_llm,,
MB-1578-GL-253,general_llm,general_llm,API คืออะไร อธิบายด้วยคำง่าย ๆ,API คือช่องทางที่แอปหรือเว็บหนึ่งสามารถสื่อสารกับอีกแอปหรือเว็บหนึ่งได้ โดยไม่ต้องเปิดให้เห็นข้อมูลทั้งหมด เช่น เลือกใช้งานฟีเจอร์บางอย่างจากแอปอื่นโดยตรงได้เลยครับ หมายเหตุ: คำตอบนี้เป็นความรู้ทั่วไปของโมเดล ไม่ได้อ้างอิงจากฐานข้อมูล PSU Esports Studio - Phuket,pipeline:general_llm_fallback,general/general_knowledge_query,100.0,True,2.5388,1,general_llm,,
MB-1579-GL-254,general_llm,general_llm,JSON คืออะไร อธิบายด้วยคำง่าย ๆ,"JSON คือภาษาเขียนข้อมูลแบบง่าย ๆ เหมือนหนังสือเล่มเล็ก ๆ ที่เขียนไว้ในรูปแบบตัวอักษร เพื่อบอกข้อมูลให้เครื่องคอมพิวเตอร์เข้าใจ เช่น ชื่อ อายุ และที่อยู่ โดยใช้โครงสร้างเหมือนกับตารางหรือรายการที่เรียงเป็นลำดับชัดเจน มีชื่อเรียกตัวแปรไว้ล่วงหน้าแล้ว เช่น ""ชื่อ"": ""สมชาย"" ทำให้เครื่องอ่านเข้าใจได้ง่ายขึ้น โดยไม่ต้องแปลงรูปแบบซับซ้อน ๆ เหมือนก่อนหน้านี้ครับ หมายเหตุ: คำตอบนี้เป็นความรู้ทั่วไปของโมเดล ไม่ได้อ้างอิงจากฐานข้อมูล PSU Esports Studio - Phuket",pipeline:general_llm_fallback,general/general_knowledge_query,100.0,True,4.4227,1,general_llm,,
MB-1580-GL-255,general_llm,general_llm,ช่วยสรุปวิธีพูดขอบคุณแบบสุภาพ 2 ประโยค อธิบายด้วยคำง่าย ๆ,ขอบคุณมากสำหรับความช่วยเหลือครับ/ค่ะ ยินดีช่วยเสมอครับ/ค่ะ หมายเหตุ: คำตอบนี้เป็นความรู้ทั่วไปของโมเดล ไม่ได้อ้างอิงจากฐานข้อมูล PSU Esports Studio - Phuket,pipeline:general_llm_fallback,general/general_knowledge_query,100.0,True,1.4077,1,general_llm,,
MB-1581-GL-256,general_llm,general_llm,แปลคำว่า reservation เป็นภาษาไทย อธิบายด้วยคำง่าย ๆ,การจองครับ เหมือนเอาที่นั่งหรือสิ่งของไว้ล่วงหน้าก่อน เพื่อไม่ให้พลาดครับ หมายเหตุ: คำตอบนี้เป็นความรู้ทั่วไปของโมเดล ไม่ได้อ้างอิงจากฐานข้อมูล PSU Esports Studio - Phuket,pipeline:general_llm_fallback,general/general_knowledge_query,100.0,True,1.6832,1,general_llm,,
MB-1582-GL-257,general_llm,general_llm,เขียนประโยคประชาสัมพันธ์กิจกรรมแบบสุภาพหนึ่งประโยค อธิบายด้วยคำง่าย ๆ,เรามีกิจกรรมสนุก ๆ รอคุณอยู่ใน PSU Esports Studio - Phuket เลยครับ! หมายเหตุ: คำตอบนี้เป็นความรู้ทั่วไปของโมเดล ไม่ได้อ้างอิงจากฐานข้อมูล PSU Esports Studio - Phuket,pipeline:general_llm_fallback,general/general_knowledge_query,100.0,True,1.5021,1,general_llm,,
MB-1583-GL-258,general_llm,general_llm,คีย์บอร์ด mechanical คืออะไรแบบสั้น อธิบายด้วยคำง่าย ๆ,"อุปกรณ์บนหน้า Home: PC Zone • Gaming PC รุ่น MSI MAG Infinite S3 14th (จำนวน 10 เครื่อง) • Gaming Monitor (จำนวน 10 จอ) • Gaming Chair (จำนวน 10 ตัว) • Gaming Gear ครบชุด ทั้ง Keyboard, Mouse และ Headset Cockpit Zone • TV ขนาด 65 นิ้ว (จำนวน 2 เครื่อง) • Racezone Full Cockpit V3 (จำนวน 2 ชุด) • Logitech G923 TRUEFORCE Racing wheel พร้อม Driving Force Shifter (จำนวน 2 ชุด) • Pulse Elite Wireless Headset (จำนวน 2 อัน) Nintendo Switch Zone • TV ขนาด 86 นิ้ว (จำนวน 1 เครื่อง) • Nintendo Switch OLED (จำนวน 1 เครื่อง) • Sofa ขนาด 2 ที่นั่ง (จำนวน 2 ตัว) PlayStation 5 Zone • PlayStation 5 Slim รุ่น Ultra HD Blu-Ray Disc Drive (จำนวน 2 เครื่อง) VR Zone • PlayStation 5 Slim (จำนวน 1 เครื่อง) • Sony P",pipeline:structured_equipment_catalog,equipment/list,66.0,False,0.9716,0,,category_mismatch:equipment | missing_any:คีย์บอร์ด|mechanical,
MB-1584-GL-259,general_llm,general_llm,GPU คืออะไรแบบเข้าใจง่าย อธิบายด้วยคำง่าย ๆ,GPU คือ หน่วยประมวลผลกราฟิก เหมือนช่วยให้คอมพิวเตอร์วาดภาพและเล่นเกมได้เร็วขึ้นนะครับ หมายเหตุ: คำตอบนี้เป็นความรู้ทั่วไปของโมเดล ไม่ได้อ้างอิงจากฐานข้อมูล PSU Esports Studio - Phuket,pipeline:general_llm_fallback,general/general_knowledge_query,100.0,True,1.7273,1,general_llm,,
MB-1585-GL-260,general_llm,general_llm,server กับ client ต่างกันยังไง อธิบายด้วยคำง่าย ๆ,Server เป็นเครื่องหลักที่จัดการข้อมูล เช่น เกมหรือเว็บไซต์ Client เป็นเครื่องใช้งานจริง เช่น มือถือหรือคอมพิวเตอร์ที่เราใช้เล่นเกมหรือเข้าเว็บไซต์ Server ให้บริการ Client เหมือนครูสอนนักเรียน ส่วนนักเรียนคือ Client ที่รับคำสั่งจากครู (Server) เพื่อทำตามไปด้วยครับ หมายเหตุ: คำตอบนี้เป็นความรู้ทั่วไปของโมเดล ไม่ได้อ้างอิงจากฐานข้อมูล PSU Esports Studio - Phuket,pipeline:general_llm_fallback,general/general_knowledge_query,100.0,True,3.3198,1,general_llm,,
MB-1586-GL-261,general_llm,general_llm,อธิบายคำว่า latency ในระบบคอมพิวเตอร์แบบสั้น ๆ ตอบแบบไม่ต้องมีตัวอย่างยาว,ความล่าช้าในการตอบสนองระหว่างอุปกรณ์กับระบบคอมพิวเตอร์ เช่น เวลาที่คลิกแล้วจอแสดงผลตอบสนองนานเกินไป โดยนับจากเวลาที่สั่งงานจนได้ผลลัพธ์จริง ๆ ครับ หมายเหตุ: คำตอบนี้เป็นความรู้ทั่วไปของโมเดล ไม่ได้อ้างอิงจากฐานข้อมูล PSU Esports Studio - Phuket,pipeline:general_llm_fallback,general/general_knowledge_query,84.0,False,2.3542,1,general_llm,missing_any:latency|หน่วง,
MB-1587-GL-262,general_llm,general_llm,เฟรมเรตกับความละเอียดต่างกันยังไง ตอบแบบไม่ต้องมีตัวอย่างยาว,เฟรมเรตคือจำนวนเฟรมต่อวินาทีที่แสดงผลลัพธ์บนหน้าจอ ส่วนความละเอียดคือขนาดของภาพในหน่วยพิกเซล (เช่น 1920x1080) โดยเฟรมเรตส่งผลต่อความลื่นไหลขณะเล่นเกม ในขณะที่ความละเอียดส่งผลต่อความคมชัดของภาพโดยรวมครับ หมายเหตุ: คำตอบนี้เป็นความรู้ทั่วไปของโมเดล ไม่ได้อ้างอิงจากฐานข้อมูล PSU Esports Studio - Phuket,pipeline:general_llm_fallback,general/general_knowledge_query,100.0,True,2.8309,1,general_llm,,
MB-1588-GL-263,general_llm,general_llm,API คืออะไร ตอบแบบไม่ต้องมีตัวอย่างยาว,API คือ Application Programming Interface หรืออินเตอร์เฟซการเขียนโปรแกรมสำหรับแอปพลิเคชันต่าง ๆ เพื่อให้สามารถสื่อสารและแลกเปลี่ยนข้อมูลได้อย่างมีประสิทธิภาพระหว่างระบบต่าง ๆ โดยไม่ต้องเข้าใจรายละเอียดภายในของแต่ละระบบโดยตรง. หมายเหตุ: คำตอบนี้เป็นความรู้ทั่วไปของโมเดล ไม่ได้อ้างอิงจากฐานข้อมูล PSU Esports Studio - Phuket,pipeline:general_llm_fallback,general/general_knowledge_query,100.0,True,2.5661,1,general_llm,,
MB-1589-GL-264,general_llm,general_llm,JSON คืออะไร ตอบแบบไม่ต้องมีตัวอย่างยาว,"JSON เป็นรูปแบบข้อมูลที่ใช้ในการจัดเก็บและแลกเปลี่ยนข้อมูลในรูปแบบโครงสร้างข้อมูลแบบพิมพ์ได้ เช่น คู่ค่า (key-value) และรายการ (array) โดยสามารถอ่านและเขียนได้ง่ายผ่านโปรแกรมต่าง ๆ เช่น JavaScript, Python เป็นต้น โดยไม่ต้องใช้ภาษาโปรแกรมเต็มรูปแบบก็สามารถประมวลผลข้อมูลได้แล้ว. หมายเหตุ: คำตอบนี้เป็นความรู้ทั่วไปของโมเดล ไม่ได้อ้างอิงจากฐานข้อมูล PSU Esports Studio - Phuket",pipeline:general_llm_fallback,general/general_knowledge_query,100.0,True,3.0727,1,general_llm,,
MB-1590-GL-265,general_llm,general_llm,ช่วยสรุปวิธีพูดขอบคุณแบบสุภาพ 2 ประโยค ตอบแบบไม่ต้องมีตัวอย่างยาว,ขอขอบพระคุณเป็นอย่างยิ่งสำหรับความช่วยเหลือและโอกาสที่ได้รับ ขอบใจที่ให้เกียรติและสนับสนุนอย่างสุดหัวใจครับ/ค่ะ หมายเหตุ: คำตอบนี้เป็นความรู้ทั่วไปของโมเดล ไม่ได้อ้างอิงจากฐานข้อมูล PSU Esports Studio - Phuket,pipeline:general_llm_fallback,general/general_knowledge_query,84.0,False,1.9904,1,general_llm,missing_any:ขอบคุณ,
MB-1591-GL-266,general_llm,general_llm,แปลคำว่า reservation เป็นภาษาไทย ตอบแบบไม่ต้องมีตัวอย่างยาว,การจองครับ หมายเหตุ: คำตอบนี้เป็นความรู้ทั่วไปของโมเดล ไม่ได้อ้างอิงจากฐานข้อมูล PSU Esports Studio - Phuket,pipeline:general_llm_fallback,general/general_knowledge_query,100.0,True,13.7511,1,general_llm,,
MB-1592-GL-267,general_llm,general_llm,เขียนประโยคประชาสัมพันธ์กิจกรรมแบบสุภาพหนึ่งประโยค ตอบแบบไม่ต้องมีตัวอย่างยาว,ขอเชิญทุกท่านร่วมเป็นส่วนหนึ่งในกิจกรรมพิเศษนี้เพื่อสร้างความสนุกสนานและความสัมพันธ์ที่ดีขึ้นร่วมกันได้เลยครับค่ะ หมายเหตุ: คำตอบนี้เป็นความรู้ทั่วไปของโมเดล ไม่ได้อ้างอิงจากฐานข้อมูล PSU Esports Studio - Phuket,pipeline:general_llm_fallback,general/detail,100.0,True,15.033,1,general_llm,,
MB-1593-GL-268,general_llm,general_llm,คีย์บอร์ด mechanical คืออะไรแบบสั้น ตอบแบบไม่ต้องมีตัวอย่างยาว,"อุปกรณ์บนหน้า Home: PC Zone • Gaming PC รุ่น MSI MAG Infinite S3 14th (จำนวน 10 เครื่อง) • Gaming Monitor (จำนวน 10 จอ) • Gaming Chair (จำนวน 10 ตัว) • Gaming Gear ครบชุด ทั้ง Keyboard, Mouse และ Headset Cockpit Zone • TV ขนาด 65 นิ้ว (จำนวน 2 เครื่อง) • Racezone Full Cockpit V3 (จำนวน 2 ชุด) • Logitech G923 TRUEFORCE Racing wheel พร้อม Driving Force Shifter (จำนวน 2 ชุด) • Pulse Elite Wireless Headset (จำนวน 2 อัน) Nintendo Switch Zone • TV ขนาด 86 นิ้ว (จำนวน 1 เครื่อง) • Nintendo Switch OLED (จำนวน 1 เครื่อง) • Sofa ขนาด 2 ที่นั่ง (จำนวน 2 ตัว) PlayStation 5 Zone • PlayStation 5 Slim รุ่น Ultra HD Blu-Ray Disc Drive (จำนวน 2 เครื่อง) VR Zone • PlayStation 5 Slim (จำนวน 1 เครื่อง) • Sony P",pipeline:structured_equipment_catalog,equipment/list,66.0,False,1.2173,0,,category_mismatch:equipment | missing_any:คีย์บอร์ด|mechanical,
MB-1594-GL-269,general_llm,general_llm,GPU คืออะไรแบบเข้าใจง่าย ตอบแบบไม่ต้องมีตัวอย่างยาว,GPU คือ ชิปประมวลผลกราฟิก ใช้จัดการภาพและเกมบนคอมพิวเตอร์ให้ไหลลื่นมากขึ้น หมายเหตุ: คำตอบนี้เป็นความรู้ทั่วไปของโมเดล ไม่ได้อ้างอิงจากฐานข้อมูล PSU Esports Studio - Phuket,pipeline:general_llm_fallback,general/general_knowledge_query,100.0,True,1.7316,1,general_llm,,
MB-1595-GL-270,general_llm,general_llm,server กับ client ต่างกันยังไง ตอบแบบไม่ต้องมีตัวอย่างยาว,Server เป็นอุปกรณ์ที่จัดเก็บข้อมูลและให้บริการแก่ Client Client เป็นอุปกรณ์ที่เชื่อมต่อไปยัง Server เพื่อรับข้อมูลหรือใช้งานบริการจาก Server เท่านั้น หมายเหตุ: คำตอบนี้เป็นความรู้ทั่วไปของโมเดล ไม่ได้อ้างอิงจากฐานข้อมูล PSU Esports Studio - Phuket,pipeline:general_llm_fallback,general/general_knowledge_query,100.0,True,2.1676,1,general_llm,,
MB-1596-GL-271,general_llm,general_llm,อธิบายคำว่า latency ในระบบคอมพิวเตอร์แบบสั้น ๆ ขอแบบใช้พูดกับผู้ใช้บริการ,Latency คือเวลาที่ใช้ระหว่างทำอะไรบางอย่าง เช่น กดปุ่มแล้วเห็นผลตอบแทนบนหน้าจอ โดยมันจะช่วยบอกว่าระบบตอบสนองเร็วหรือช้าแค่ไหนครับ หมายเหตุ: คำตอบนี้เป็นความรู้ทั่วไปของโมเดล ไม่ได้อ้างอิงจากฐานข้อมูล PSU Esports Studio - Phuket,pipeline:general_llm_fallback,general/general_knowledge_query,100.0,True,2.0772,1,general_llm,,
MB-1597-GL-272,general_llm,general_llm,เฟรมเรตกับความละเอียดต่างกันยังไง ขอแบบใช้พูดกับผู้ใช้บริการ,เฟรมเรตคือจำนวนภาพที่แสดงบนหน้าจอต่อวินาที ส่วนความละเอียดคือความคมชัดของภาพ เช่น เฟรมเรตสูงจะเคลื่อนไหวลื่น แต่ความละเอียดสูงจะให้ภาพคมชัดมากขึ้นครับ หมายเหตุ: คำตอบนี้เป็นความรู้ทั่วไปของโมเดล ไม่ได้อ้างอิงจากฐานข้อมูล PSU Esports Studio - Phuket,pipeline:general_llm_fallback,general/general_knowledge_query,100.0,True,2.2196,1,general_llm,,
MB-1598-GL-273,general_llm,general_llm,API คืออะไร ขอแบบใช้พูดกับผู้ใช้บริการ,API คือช่องทางที่ให้โปรแกรมต่าง ๆ สื่อสารกันได้โดยตรง เช่น เว็บไซต์หรือแอปพลิเคชันสามารถขอข้อมูลหรือทำหน้าที่บางอย่างจากบริการอื่น ๆ โดยไม่ต้องเข้าใจรายละเอียดภายในของบริการนั้น ๆ เหมือนกับการสั่งอาหารผ่านแอปพลิเคชัน แล้วแอปจะไปสั่งให้ร้านโดยตรงแทนคุณได้เลยครับ หมายเหตุ: คำตอบนี้เป็นความรู้ทั่วไปของโมเดล ไม่ได้อ้างอิงจากฐานข้อมูล PSU Esports Studio - Phuket,pipeline:general_llm_fallback,general/general_knowledge_query,100.0,True,3.235,1,general_llm,,
MB-1599-GL-274,general_llm,general_llm,JSON คืออะไร ขอแบบใช้พูดกับผู้ใช้บริการ,JSON หรือ JavaScript Object Notation เป็นรูปแบบข้อมูลที่ใช้จัดเก็บและส่งข้อมูลระหว่างระบบต่าง ๆ โดยเขียนในรูปแบบที่อ่านง่าย เช่น ชุดคู่ค่า (key-value) เหมือนกับโครงสร้างข้อมูลในภาษาโปรแกรม และสามารถใช้งานได้ทั่วไปในแอปพลิเคชันเว็บไซต์หรือบริการออนไลน์ต่าง ๆ เพื่อแลกเปลี่ยนข้อมูลระหว่างเครื่องจักรอย่างรวดเร็วและมีประสิทธิภาพครับ หมายเหตุ: คำตอบนี้เป็นความรู้ทั่วไปของโมเดล ไม่ได้อ้างอิงจากฐานข้อมูล PSU Esports Studio - Phuket,pipeline:general_llm_fallback,general/general_knowledge_query,100.0,True,3.5661,1,general_llm,,
MB-1600-GL-275,general_llm,general_llm,ช่วยสรุปวิธีพูดขอบคุณแบบสุภาพ 2 ประโยค ขอแบบใช้พูดกับผู้ใช้บริการ,ขอบคุณที่ให้ความร่วมมือและสนับสนุนอย่างเต็มที่นะคะ ยินดีให้บริการเสมอครับ/ค่ะ หมายเหตุ: คำตอบนี้เป็นความรู้ทั่วไปของโมเดล ไม่ได้อ้างอิงจากฐานข้อมูล PSU Esports Studio - Phuket,pipeline:general_llm_fallback,general/general_knowledge_query,100.0,True,1.7922,1,general_llm,,
