id,group,quality_bucket,question,answer_preview,mode,route,score,passed,wall_sec,llm_call_count,llm_kinds,errors,warnings
MB-0612-C-001,compound,psu_fact,Tekken 8 ปุ่มอะไร แล้ว PC ราคาเท่าไหร่,คำถามนี้มีหลายเรื่อง ขอแยกตอบเป็นข้อ ๆ: คำถามที่ 1: Tekken 8 ปุ่มอะไร TEKKEN 8 มีข้อมูลปุ่มควบคุมดังนี้: PlayStation / PS5 • Square: หมัดซ้าย / ต่อยซ้าย - ออกหมัดแย็บหรือโจมตีด้วยมือซ้าย เป็นปุ่มหลักในการเริ่มต้นเฟรมคอมโบที่รวดเร็ว • Triangle: หมัดขวา / ต่อยขวา - ออกหมัดหนักหรือโจมตีด้วยมือขวา มักใช้ทำดาเมจแรงหรือสวนกลับ (Counter) • Cross: ลูกเตะซ้าย - ใช้ขาซ้ายเตะสกัดหรือโจมตีเพื่อเปิดช่องว่างของศัตรู • Circle: ลูกเตะขวา - ใช้ขาขวาหวดเตะอย่างรุนแรง มักเป็นท่าเคลียร์ระยะหรือตัดขาที่ทำดาเมจสูง • D-Pad Up: กระโดด - ควบคุมให้ตัวละครกระโดดขึ้นด้านบนเพื่อหลบการโจมตีล่าง หรือใช้กดร่วมกับปุ่มโจมตีกลางอากาศ • D-Pad Left: ถอยหลัง / บล็อก - บังคับตัวละครให้เดินถอยหลังเพื่อรักษาระยะ หรือใช้กดค้างเพื่อ ,pipeline:multi_question_splitter,multi_question/multi_question_split,100.0,True,0.4376,0,,,
MB-0613-C-002,compound,psu_fact,PS5 มีเกมอะไรกับราคาเท่าไหร่,"คำถามนี้มีหลายเรื่อง ขอแยกตอบเป็นข้อ ๆ: คำถามที่ 1: PS5 มีเกมอะไร PlayStation 5 Zone มีเกมที่ยืนยันได้ดังนี้ PlayStation 5 #01-#02 (60 นาที, 1-2 คน) • Call of Duty: Modern Warfare III • Delta Force • EA Sports FC 24 • eFootball • FINAL FANTASY XVI • Fortnite • God of War Ragnarok • Hogwarts Legacy • Marvel's Spider-Man 2 • NARUTO X BORUTO Ultimate Ninja Storm Connections • Resident Evil 4 • Resident Evil Village • TEKKEN 8 • THE FINALS • The Last of Us Part I • The Last of Us Part II (Remastered) • Uncharted: Legacy of Thieves Collection หมายเหตุ: PlayStation 5 #01 และ #02 ใช้รายการเกมเดียวกัน แหล่งข้อมูล: https://esports.computing.psu.ac.th/ คำถามที่ 2: PS5 ราคาเท่าไหร่ PlayStation 5 60 นาท",pipeline:multi_question_splitter,multi_question/multi_question_split,100.0,True,2.6189,0,,,
MB-0614-C-003,compound,psu_fact,PC มีอุปกรณ์อะไร แล้วมีเกมอะไรบ้าง,"คำถามนี้มีหลายเรื่อง ขอแยกตอบเป็นข้อ ๆ: คำถามที่ 1: PC มีอุปกรณ์อะไร อุปกรณ์ใน PC Zone: PC Zone • Gaming PC รุ่น MSI MAG Infinite S3 14th (10 Units) • Gaming Monitor (10 Units) • Gaming Keyboard • Gaming Mouse • Gaming Headset • Gaming Chair (10 Units) แหล่งข้อมูล: https://esports.phuket.psu.ac.th/home คำถามที่ 2: PC มีเกมอะไรบ้าง PC Zone แยกรายการเกมตามเลขเครื่องดังนี้ PC #01-#02 (60 นาที, 1 คน) • TEKKEN 8 • Counter-Strike 2 • League of Legends • PUBG: BATTLEGROUNDS • VALORANT หมายเหตุ: PC #01-#02 มี TEKKEN 8 แต่ไม่มี Call of Duty: Warzone หมายเหตุ: PC #01-#02 และ PC #03-#10 มี Counter-Strike 2, League of Legends, PUBG: BATTLEGROUNDS, VALORANT เหมือนกัน PC #03-#10 (60 นาที, 1 คน) • Call of ",pipeline:multi_question_splitter,multi_question/multi_question_split,100.0,True,0.9358,0,,,
MB-0615-C-004,compound,psu_fact,Gran Turismo 7 เล่นยังไง แล้วปุ่มเร่งกดอะไร,คำถามนี้มีหลายเรื่อง ขอแยกตอบเป็นข้อ ๆ: คำถามที่ 1: Gran Turismo 7 เล่นยังไง Gran Turismo 7: Gran Turismo 7 คือเกมแข่งรถที่เน้นการขับรถสมจริง การเลือกสนาม รถ และการควบคุมจังหวะเข้าโค้ง แนวเกม: เกมแข่งรถ / Driving Simulator วิธีเล่นโดยสรุป: ใน Cockpit Zone เล่นโดยใช้พวงมาลัย คันเร่ง เบรก และชุดเบาะจำลองการขับรถ เป้าหมายคือขับให้เร็วและควบคุมรถให้แม่นในแต่ละสนาม เล่นได้ที่: Cockpit Zone แหล่งข้อมูล: https://esports.phuket.psu.ac.th/Services/our-games คำถามที่ 2: Gran Turismo 7 ปุ่มเร่งกดอะไร Gran Turismo 7 ปุ่มที่ตรงกับคำถาม: PlayStation / PS5 • R2: คันเร่ง - กดเพื่อเร่งเครื่อง • R3: ไนตรัส / เร่งแซง - ใช้งานระบบเพิ่มความเร็วพิเศษที่มีติดตั้งในรถบางรุ่น แหล่งข้อมูล: https://gameinputdatabase.c,pipeline:multi_question_splitter,multi_question/multi_question_split,100.0,True,0.7973,0,,,
MB-0616-C-005,compound,psu_fact,Nintendo Switch ราคาเท่าไหร่ แล้วมีเกมอะไรบ้าง,"คำถามนี้มีหลายเรื่อง ขอแยกตอบเป็นข้อ ๆ: คำถามที่ 1: Nintendo Switch ราคาเท่าไหร่ Nintendo Switch 1-2 คน 60 นาที (1 ชั่วโมง) • PSU Student and Staff: 0 บาท • PSU Alumni and General Student: 50 บาท • General Adult: 140 บาท Nintendo Switch 3-4 คน 60 นาที (1 ชั่วโมง) • PSU Student and Staff: 0 บาท • PSU Alumni and General Student: 100 บาท • General Adult: 280 บาท แหล่งข้อมูล: https://esports.computing.psu.ac.th/wp-content/uploads/2026/01/PSU-Esports-Studio-phuket-SERVICE-FEE-2026.png คำถามที่ 2: Nintendo Switch มีเกมอะไรบ้าง Nintendo Switch Zone มีเกมที่ยืนยันได้ดังนี้ Nintendo Switch (1-2 Persons) (60 นาที, 1-2 คน) • Pokémon Champions • Animal Crossing: New Horizons • It Takes Two • Little Nigh",pipeline:multi_question_splitter,multi_question/multi_question_split,100.0,True,2.4398,0,,,
MB-0617-C-006,compound,psu_fact,VR ราคาเท่าไหร่ แล้วจองยังไง,"คำถามนี้มีหลายเรื่อง ขอแยกตอบเป็นข้อ ๆ: คำถามที่ 1: VR ราคาเท่าไหร่ VR 30 นาที (1-5 คน) • PSU Student and Staff: 0 บาท • PSU Alumni and General Student: 190 บาท • General Adult: 525 บาท VR 1 ชั่วโมง (60 นาที, 1-5 คน) • PSU Student and Staff: 0 บาท • PSU Alumni and General Student: 375 บาท • General Adult: 1,050 บาท แหล่งข้อมูล: https://esports.computing.psu.ac.th/wp-content/uploads/2026/01/PSU-Esports-Studio-phuket-SERVICE-FEE-2026.png คำถามที่ 2: จะเล่น VR จองยังไง จองคิวเล่นเกม/ใช้อุปกรณ์ได้ผ่านระบบจองออนไลน์ครับ ถ้าต้องการจอง VR ให้เลือกบริการ VR Station และเลือกรอบ 30 นาทีหรือ 1 ชั่วโมงตามที่ระบบมีให้เลือก ขั้นตอนโดยสรุปคือ 1) เลือกบริการหรือโซนที่ต้องการใช้ 2) เลือกวันและรอบเวลา 3) กรอก",pipeline:multi_question_splitter,multi_question/multi_question_split,100.0,True,0.4534,0,,,
MB-0618-C-007,compound,psu_fact,สมาชิกมีกี่คน แล้วใครเป็นอธิการบดี,คำถามนี้มีหลายเรื่อง ขอแยกตอบเป็นข้อ ๆ: คำถามที่ 1: สมาชิกมีกี่คน สมาชิกในหน้า Members แบ่งเป็น 3 หมวดครับ • Members: 7 คน • cooperative education and Internship student: 5 คน • PSU Phuket Esports Club - PSU Phuket: 13 คน รวมทั้งหมด 25 คน แหล่งข้อมูล: https://esports.phuket.psu.ac.th/about-us/Members คำถามที่ 2: สมาชิก ใครเป็นอธิการบดี ตำแหน่ง อธิการบดี มี 1 คนครับ • ผศ.ดร.นิวัติ แก้วประดับ: อธิการบดี (มหาวิทยาลัยสงขลานครินทร์) ◦ หมวด: Members แหล่งข้อมูล: https://esports.phuket.psu.ac.th/about-us/Members,pipeline:multi_question_splitter,multi_question/multi_question_split,100.0,True,0.4083,0,,,
MB-0619-C-008,compound,psu_fact,Tekken 8 กับ Mario Kart 8 Deluxe มีปุ่มอะไรบ้าง,คำถามนี้มีหลายเรื่อง ขอแยกตอบเป็นข้อ ๆ: คำถามที่ 1: Tekken 8 มีปุ่มอะไรบ้าง TEKKEN 8 มีข้อมูลปุ่มควบคุมดังนี้: PlayStation / PS5 • Square: หมัดซ้าย / ต่อยซ้าย - ออกหมัดแย็บหรือโจมตีด้วยมือซ้าย เป็นปุ่มหลักในการเริ่มต้นเฟรมคอมโบที่รวดเร็ว • Triangle: หมัดขวา / ต่อยขวา - ออกหมัดหนักหรือโจมตีด้วยมือขวา มักใช้ทำดาเมจแรงหรือสวนกลับ (Counter) • Cross: ลูกเตะซ้าย - ใช้ขาซ้ายเตะสกัดหรือโจมตีเพื่อเปิดช่องว่างของศัตรู • Circle: ลูกเตะขวา - ใช้ขาขวาหวดเตะอย่างรุนแรง มักเป็นท่าเคลียร์ระยะหรือตัดขาที่ทำดาเมจสูง • D-Pad Up: กระโดด - ควบคุมให้ตัวละครกระโดดขึ้นด้านบนเพื่อหลบการโจมตีล่าง หรือใช้กดร่วมกับปุ่มโจมตีกลางอากาศ • D-Pad Left: ถอยหลัง / บล็อก - บังคับตัวละครให้เดินถอยหลังเพื่อรักษาระยะ หรือใช้กดค้าง,pipeline:multi_question_splitter,multi_question/multi_question_split,100.0,True,0.6927,0,,,
MB-0620-C-009,compound,psu_fact,PS5 กับ Nintendo Switch มีเกมอะไรบ้าง,"คำถามนี้มีหลายเรื่อง ขอแยกตอบเป็นข้อ ๆ: คำถามที่ 1: PS5 มีเกมอะไรบ้าง PlayStation 5 Zone มีเกมที่ยืนยันได้ดังนี้ PlayStation 5 #01-#02 (60 นาที, 1-2 คน) • Call of Duty: Modern Warfare III • Delta Force • EA Sports FC 24 • eFootball • FINAL FANTASY XVI • Fortnite • God of War Ragnarok • Hogwarts Legacy • Marvel's Spider-Man 2 • NARUTO X BORUTO Ultimate Ninja Storm Connections • Resident Evil 4 • Resident Evil Village • TEKKEN 8 • THE FINALS • The Last of Us Part I • The Last of Us Part II (Remastered) • Uncharted: Legacy of Thieves Collection หมายเหตุ: PlayStation 5 #01 และ #02 ใช้รายการเกมเดียวกัน แหล่งข้อมูล: https://esports.computing.psu.ac.th/ คำถามที่ 2: Nintendo Switch มีเกมอะไรบ้าง Nin",pipeline:multi_question_splitter,multi_question/multi_question_split,100.0,True,5.178,0,,,
MB-0621-C-010,compound,psu_fact,Cockpit มีอุปกรณ์อะไร แล้ว Gran Turismo ปุ่มอะไร,คำถามนี้มีหลายเรื่อง ขอแยกตอบเป็นข้อ ๆ: คำถามที่ 1: Cockpit มีอุปกรณ์อะไร อุปกรณ์ใน Cockpit Zone: Cockpit Zone • Logitech G923 TRUEFORCE Racing Wheel (2 Units with Driving Force Shifter) • Driving Force Shifter (2 Units with Logitech G923) • Racezone Full Cockpit V3 (2 Units) • Pulse Elite Wireless Headset (2 Units) • TV 65 นิ้ว (2 Units) แหล่งข้อมูล: https://esports.phuket.psu.ac.th/home คำถามที่ 2: Gran Turismo ปุ่มอะไร Gran Turismo 7 มีข้อมูลปุ่มควบคุมดังนี้: PlayStation / PS5 • L (Left Stick): เลี้ยว / ควบคุมพวงมาลัย - บังคับทิศทางรถ • R2: คันเร่ง - กดเพื่อเร่งเครื่อง • L2: เบรก - กดเพื่อชะลอความเร็วรถ • Cross: เพิ่มเกียร์ - เปลี่ยนเกียร์สูงขึ้น (โหมดเกียร์ธรรมดา) • Square: ลดเกียร์ - เป,pipeline:multi_question_splitter,multi_question/multi_question_split,100.0,True,0.4827,0,,,
MB-0622-C-011,compound,psu_fact,Call of Duty ปุ่มยิงอะไร แล้วเล่นได้ที่ไหน,คำถามนี้มีหลายเรื่อง ขอแยกตอบเป็นข้อ ๆ: คำถามที่ 1: Call of Duty ปุ่มยิงอะไร Call of Duty มีหลายเกมในรายการปัจจุบันครับ คำถามนี้จึงยังไม่ชัดว่าหมายถึงเกมไหน ถ้าต้องการถามเรื่องปุ่ม/วิธีควบคุม ขอเลือกเกมก่อน: • Call of Duty: Modern Warfare III (PlayStation 5 Zone) • Call of Duty: Warzone (PC Zone) พิมพ์ต่อได้ เช่น `Call of Duty: Modern Warfare III ปุ่มอะไร` หรือ `Call of Duty: Warzone ปุ่มอะไร` คำถามที่ 2: Call of Duty เล่นได้ที่ไหน พบเกมที่เกี่ยวข้องกับ Call of Duty ในรายการที่ยืนยันได้ครับ • Call of Duty: Modern Warfare III: เล่นได้ที่ PlayStation 5 Zone • Call of Duty: Warzone: เล่นได้ที่ PC Zone แหล่งข้อมูล: https://esports.phuket.psu.ac.th/Services/our-games,pipeline:multi_question_splitter,multi_question/multi_question_split,100.0,True,0.5347,0,,,
MB-0623-C-012,compound,psu_fact,PC ราคาเท่าไหร่ แล้วจองได้กี่ session,คำถามนี้มีหลายเรื่อง ขอแยกตอบเป็นข้อ ๆ: คำถามที่ 1: PC ราคาเท่าไหร่ ราคา PC 1 ชั่วโมง (1 คน) • PSU Student and Staff: 0 บาท • PSU Alumni and General Student / นักศึกษาหรือนักเรียนต่างสถาบัน: 25 บาท • General Adult / บุคคลทั่วไป: 70 บาท หมายเหตุข้อมูล PC: ราคา PC เพิ่มจาก local service fee update 2026-07-27 แหล่งข้อมูล: https://esports.computing.psu.ac.th/wp-content/uploads/2026/01/PSU-Esports-Studio-phuket-SERVICE-FEE-2026.png คำถามที่ 2: จองได้กี่ session การจอง 1 ครั้งสามารถจองได้สูงสุด 3 Sessions สำหรับ PlayStation 5: 1 session = 1 ชั่วโมง ดังนั้น 3 sessions = สูงสุด 3 ชั่วโมงต่อการจอง 1 ครั้ง แหล่งข้อมูล: https://esports.computing.psu.ac.th/,pipeline:multi_question_splitter,multi_question/multi_question_split,100.0,True,0.5055,0,,,
MB-0624-C-013,compound,psu_fact,วันนี้เปิดไหม แล้วจอง PS5 ยังไง,คำถามนี้มีหลายเรื่อง ขอแยกตอบเป็นข้อ ๆ: คำถามที่ 1: วันนี้เปิดไหม วันนี้ 23/08/2026 (วันอาทิตย์): วันอาทิตย์ยังไม่พบช่วงให้บริการในตารางประจำที่มีอยู่ จึงควรตรวจสอบกับศูนย์ก่อนเดินทาง วันที่อ้างอิงของระบบ: วันนี้คือ 23/08/2026 (วันอาทิตย์) ตามเวลาไทย ปฏิทินไทยของวันที่นี้: ไม่พบวันหยุดไทยหรือเทศกาลในปฏิทินที่บันทึกไว้สำหรับวันที่นี้ รายละเอียดจากตาราง: • วันจันทร์ช่วงเช้า 09:00-12:00 เป็น Maintenance* และเปิดช่วงบ่าย 13:00-16:00 • วันอังคาร-พฤหัสบดีเปิด 09:00-12:00 และ 13:00-16:00 • วันศุกร์เปิดช่วงเช้า 09:00-12:00 และช่วงบ่าย 13:00-16:00 เป็น Maintenance • วันหยุดราชการ/วันปิดพิเศษในไฟล์ปฏิทินจะมีผลก่อนตารางปกติ แหล่งข้อมูลตารางบริการ: https://esports.computing.psu.ac.th/reservation คำถามที,pipeline:multi_question_splitter,multi_question/multi_question_split,100.0,True,1.3816,0,,,
MB-0625-C-014,compound,psu_fact,VR 30 นาทีราคาเท่าไหร่ แล้ว 1 ชั่วโมงราคาเท่าไหร่,คำถามนี้มีหลายเรื่อง ขอแยกตอบเป็นข้อ ๆ: คำถามที่ 1: VR 30 นาทีราคาเท่าไหร่ ระยะเวลาที่ถามคือ 30 นาที ใช้ 1 session ตามแพ็กเกจ VR 30 นาที ยังไม่ทราบกลุ่มผู้ใช้ จึงแสดงราคาทุกกลุ่มให้เทียบก่อน: • PSU Student and Staff: 0 บาท/session x 1 = 0 บาท • PSU Alumni and General Student / นักศึกษาหรือนักเรียนต่างสถาบัน: 190 บาท/session x 1 = 190 บาท • General Adult / บุคคลทั่วไป: 525 บาท/session x 1 = 525 บาท รายละเอียดจากตาราง: VR 30 นาที (1-5 คน) • PSU Student and Staff: 0 บาท • PSU Alumni and General Student: 190 บาท • General Adult: 525 บาท แหล่งข้อมูล: https://esports.computing.psu.ac.th/wp-content/uploads/2026/01/PSU-Esports-Studio-phuket-SERVICE-FEE-2026.png คำถามที่ 2: 1 ชั่วโมงราคาเท่าไหร่ ขอรู,pipeline:multi_question_splitter,multi_question/multi_question_split,100.0,True,0.4002,0,,,
MB-0626-C-015,compound,psu_fact,Tekken 8 ราคาเท่าไหร่ แล้วมีปุ่มอะไรบ้าง,คำถามนี้มีหลายเรื่อง ขอแยกตอบเป็นข้อ ๆ: คำถามที่ 1: Tekken 8 ราคาเท่าไหร่ TEKKEN 8 ไม่มีราคาแยกตามชื่อเกมครับ ต้องดูราคาตามโซน/บริการที่ใช้เล่นเกมนี้ PC Zone ยังไม่ทราบกลุ่มผู้ใช้ จึงแสดงราคาทุกกลุ่มให้เทียบก่อน PC 1 ชั่วโมง (1 คน) • นักศึกษา/นักเรียน/บุคลากร PSU: 0 บาท/1 ชั่วโมง • ศิษย์เก่า PSU / นักศึกษา-นักเรียนต่างสถาบัน (General Student): 25 บาท/1 ชั่วโมง • บุคคลทั่วไป (General Adult): 70 บาท/1 ชั่วโมง หมายเหตุข้อมูล PC: ราคา PC เพิ่มจาก local service fee update 2026-07-27 แหล่งข้อมูล: https://esports.computing.psu.ac.th/wp-content/uploads/2026/01/PSU-Esports-Studio-phuket-SERVICE-FEE-2026.png PlayStation 5 Zone ยังไม่ทราบกลุ่มผู้ใช้ จึงแสดงราคาทุกกลุ่มให้เทียบก่อน PlayStation 5 1 ชั่วโ,pipeline:multi_question_splitter,multi_question/multi_question_split,100.0,True,1.0657,0,,,
MB-1252-C-016,compound,compound,PC ราคาเท่าไหร่ แล้วมีเกมอะไรบ้าง,"คำถามนี้มีหลายเรื่อง ขอแยกตอบเป็นข้อ ๆ: คำถามที่ 1: PC ราคาเท่าไหร่ ราคา PC 1 ชั่วโมง (1 คน) • PSU Student and Staff: 0 บาท • PSU Alumni and General Student / นักศึกษาหรือนักเรียนต่างสถาบัน: 25 บาท • General Adult / บุคคลทั่วไป: 70 บาท หมายเหตุข้อมูล PC: ราคา PC เพิ่มจาก local service fee update 2026-07-27 แหล่งข้อมูล: https://esports.computing.psu.ac.th/wp-content/uploads/2026/01/PSU-Esports-Studio-phuket-SERVICE-FEE-2026.png คำถามที่ 2: PC มีเกมอะไรบ้าง PC Zone แยกรายการเกมตามเลขเครื่องดังนี้ PC #01-#02 (60 นาที, 1 คน) • TEKKEN 8 • Counter-Strike 2 • League of Legends • PUBG: BATTLEGROUNDS • VALORANT หมายเหตุ: PC #01-#02 มี TEKKEN 8 แต่ไม่มี Call of Duty: Warzone หมายเหตุ: PC #01-#02 และ P",pipeline:multi_question_splitter,multi_question/multi_question_split,100.0,True,0.9963,0,,,
MB-1253-C-017,compound,compound,PC จองยังไง แล้วเปิดวันไหนบ้าง,"คำถามนี้มีหลายเรื่อง ขอแยกตอบเป็นข้อ ๆ: คำถามที่ 1: PC จองยังไง สำหรับ PC ให้เลือกบริการ/โซน PC ในระบบจอง แล้วทำตามขั้นตอนนี้ครับ ขั้นตอนจองโดยสรุป: • เลือกบริการหรือโซนที่ต้องการใช้ • เลือกวันและรอบเวลาที่ต้องการ • กรอก Student ID/Staff ID/National ID, ชื่อ, นามสกุล, อีเมล และเบอร์โทรศัพท์ • ตรวจสอบข้อมูลและชำระเงินโดยโอนเข้าบัญชีที่ระบบแจ้ง • หลังจองต้องชำระเงินภายใน 10 นาที • แนบสลิปและยืนยันการจอง แหล่งข้อมูล: https://esports.computing.psu.ac.th/ คำถามที่ 2: เปิดวันไหนบ้าง เวลาบริการตามตารางคือ Morning 09:00-12:00 และ Afternoon 13:00-16:00 รายละเอียดจากตาราง: • วันจันทร์: Morning 09:00-12:00 = maintenance, Afternoon 13:00-16:00 = open • วันอังคาร: Morning 09:00-12:00 = open, Afternoon 13",pipeline:multi_question_splitter,multi_question/multi_question_split,100.0,True,0.4746,0,,,
MB-1254-C-018,compound,compound,PS5 ราคาเท่าไหร่ แล้วมีเกมอะไรบ้าง,"คำถามนี้มีหลายเรื่อง ขอแยกตอบเป็นข้อ ๆ: คำถามที่ 1: PS5 ราคาเท่าไหร่ PlayStation 5 60 นาที (1 ชั่วโมง, 1-2 คน) • PSU Student and Staff: 0 บาท • PSU Alumni and General Student: 50 บาท • General Adult: 150 บาท แหล่งข้อมูล: https://esports.computing.psu.ac.th/wp-content/uploads/2026/01/PSU-Esports-Studio-phuket-SERVICE-FEE-2026.png คำถามที่ 2: PS5 มีเกมอะไรบ้าง PlayStation 5 Zone มีเกมที่ยืนยันได้ดังนี้ PlayStation 5 #01-#02 (60 นาที, 1-2 คน) • Call of Duty: Modern Warfare III • Delta Force • EA Sports FC 24 • eFootball • FINAL FANTASY XVI • Fortnite • God of War Ragnarok • Hogwarts Legacy • Marvel's Spider-Man 2 • NARUTO X BORUTO Ultimate Ninja Storm Connections • Resident Evil 4 • Resident Ev",pipeline:multi_question_splitter,multi_question/multi_question_split,100.0,True,3.3681,0,,,
MB-1255-C-019,compound,compound,PS5 จองยังไง แล้วเปิดวันไหนบ้าง,"คำถามนี้มีหลายเรื่อง ขอแยกตอบเป็นข้อ ๆ: คำถามที่ 1: PS5 จองยังไง จอง PlayStation 5 ต้องเลือกบริการ PlayStation 5 และเลือกรอบเวลาที่ต้องการครับ • ข้อมูลค่าบริการที่มีระบุ PlayStation 5 ต่อ 60 นาที สำหรับ 1-2 คน • จากนั้นกรอกข้อมูลผู้ใช้บริการ ชำระเงิน และแนบสลิปเพื่อยืนยันการจอง แหล่งข้อมูล: https://esports.computing.psu.ac.th/ คำถามที่ 2: เปิดวันไหนบ้าง เวลาบริการตามตารางคือ Morning 09:00-12:00 และ Afternoon 13:00-16:00 รายละเอียดจากตาราง: • วันจันทร์: Morning 09:00-12:00 = maintenance, Afternoon 13:00-16:00 = open • วันอังคาร: Morning 09:00-12:00 = open, Afternoon 13:00-16:00 = open • วันพุธ: Morning 09:00-12:00 = open, Afternoon 13:00-16:00 = open • วันพฤหัสบดี: Morning 09:00-12:00 = open,",pipeline:multi_question_splitter,multi_question/multi_question_split,100.0,True,0.3967,0,,,
MB-1256-C-020,compound,compound,Nintendo Switch จองยังไง แล้วเปิดวันไหนบ้าง,"คำถามนี้มีหลายเรื่อง ขอแยกตอบเป็นข้อ ๆ: คำถามที่ 1: Nintendo Switch จองยังไง จอง Nintendo Switch ต้องเลือกบริการตามจำนวนผู้เล่นครับ • ถ้าเล่น 1-2 คน ให้เลือก Nintendo Switch แบบ 1-2 Persons • ถ้าเล่น 3-4 คน ให้เลือก Nintendo Switch แบบ 3-4 Persons • จากนั้นเลือกวัน รอบเวลา กรอกข้อมูลผู้ใช้บริการ ชำระเงิน และแนบสลิปเพื่อยืนยันการจอง แหล่งข้อมูล: https://esports.computing.psu.ac.th/ คำถามที่ 2: เปิดวันไหนบ้าง เวลาบริการตามตารางคือ Morning 09:00-12:00 และ Afternoon 13:00-16:00 รายละเอียดจากตาราง: • วันจันทร์: Morning 09:00-12:00 = maintenance, Afternoon 13:00-16:00 = open • วันอังคาร: Morning 09:00-12:00 = open, Afternoon 13:00-16:00 = open • วันพุธ: Morning 09:00-12:00 = open, Afternoon 13:00-",pipeline:multi_question_splitter,multi_question/multi_question_split,100.0,True,0.5879,0,,,
MB-1257-C-021,compound,compound,VR ราคาเท่าไหร่ แล้วมีเกมอะไรบ้าง,"คำถามนี้มีหลายเรื่อง ขอแยกตอบเป็นข้อ ๆ: คำถามที่ 1: VR ราคาเท่าไหร่ VR 30 นาที (1-5 คน) • PSU Student and Staff: 0 บาท • PSU Alumni and General Student: 190 บาท • General Adult: 525 บาท VR 1 ชั่วโมง (60 นาที, 1-5 คน) • PSU Student and Staff: 0 บาท • PSU Alumni and General Student: 375 บาท • General Adult: 1,050 บาท แหล่งข้อมูล: https://esports.computing.psu.ac.th/wp-content/uploads/2026/01/PSU-Esports-Studio-phuket-SERVICE-FEE-2026.png คำถามที่ 2: VR มีเกมอะไรบ้าง VR Station มีเกมที่ยืนยันได้ดังนี้ (รอบ 30 นาทีและ 1 ชั่วโมงใช้รายการเกมเดียวกัน) VR Station 30 นาที (30 นาที, 1-5 คน) • Beat Saber • Horizon Call of the Mountain • Resident Evil 4 • Resident Evil Village หมายเหตุ: VR Station แบบ 3",pipeline:multi_question_splitter,multi_question/multi_question_split,100.0,True,0.9907,0,,,
MB-1258-C-022,compound,compound,VR จองยังไง แล้วเปิดวันไหนบ้าง,คำถามนี้มีหลายเรื่อง ขอแยกตอบเป็นข้อ ๆ: คำถามที่ 1: VR จองยังไง จองคิวเล่นเกม/ใช้อุปกรณ์ได้ผ่านระบบจองออนไลน์ครับ ถ้าต้องการจอง VR ให้เลือกบริการ VR Station และเลือกรอบ 30 นาทีหรือ 1 ชั่วโมงตามที่ระบบมีให้เลือก ขั้นตอนโดยสรุปคือ 1) เลือกบริการหรือโซนที่ต้องการใช้ 2) เลือกวันและรอบเวลา 3) กรอก Student ID/Staff ID/National ID ชื่อ นามสกุล อีเมล และเบอร์โทรศัพท์ 4) ตรวจสอบข้อมูลและชำระเงินโดยโอนเข้าบัญชีที่ระบบแจ้ง 5) แนบสลิปและยืนยันการจอง ต้องจองล่วงหน้าอย่างน้อย 1 ชั่วโมง และหลังจองต้องชำระเงินภายใน 10 นาทีครับ แหล่งข้อมูล: https://esports.computing.psu.ac.th/reservation คำถามที่ 2: เปิดวันไหนบ้าง เวลาบริการตามตารางคือ Morning 09:00-12:00 และ Afternoon 13:00-16:00 รายละเอียดจากตาราง: • วันจั,pipeline:multi_question_splitter,multi_question/multi_question_split,100.0,True,0.4502,0,,,
MB-1259-C-023,compound,compound,Cockpit ราคาเท่าไหร่ แล้วมีเกมอะไรบ้าง,"คำถามนี้มีหลายเรื่อง ขอแยกตอบเป็นข้อ ๆ: คำถามที่ 1: Cockpit ราคาเท่าไหร่ Cockpit 60 นาที (1 ชั่วโมง, 1 คน) • PSU Student and Staff: 0 บาท • PSU Alumni and General Student: 65 บาท • General Adult: 200 บาท แหล่งข้อมูล: https://esports.computing.psu.ac.th/wp-content/uploads/2026/01/PSU-Esports-Studio-phuket-SERVICE-FEE-2026.png คำถามที่ 2: Cockpit มีเกมอะไรบ้าง Cockpit Zone มีเกมที่ยืนยันได้ดังนี้ Cockpit #01-#02 (60 นาที, 1 คน) • Gran Turismo 7 หมายเหตุ: Cockpit มี 2 เครื่อง และใช้รายการเกมเดียวกัน แหล่งข้อมูล: https://esports.computing.psu.ac.th/",pipeline:multi_question_splitter,multi_question/multi_question_split,100.0,True,3.3509,0,,,
MB-1260-C-024,compound,compound,Cockpit จองยังไง แล้วเปิดวันไหนบ้าง,"คำถามนี้มีหลายเรื่อง ขอแยกตอบเป็นข้อ ๆ: คำถามที่ 1: Cockpit จองยังไง ถ้าอยากเล่นเกมขับรถหรือใช้พวงมาลัย ให้จอง Cockpit Zone / Cockpit ครับ • โซนนี้ใช้กับชุด Racezone Full Cockpit V3 และ Logitech G923 TRUEFORCE Racing Wheel • เกมที่ยืนยันได้คือ Gran Turismo 7 แหล่งข้อมูล: https://esports.computing.psu.ac.th/ คำถามที่ 2: เปิดวันไหนบ้าง เวลาบริการตามตารางคือ Morning 09:00-12:00 และ Afternoon 13:00-16:00 รายละเอียดจากตาราง: • วันจันทร์: Morning 09:00-12:00 = maintenance, Afternoon 13:00-16:00 = open • วันอังคาร: Morning 09:00-12:00 = open, Afternoon 13:00-16:00 = open • วันพุธ: Morning 09:00-12:00 = open, Afternoon 13:00-16:00 = open • วันพฤหัสบดี: Morning 09:00-12:00 = open, Afternoon 13:00-16:",pipeline:multi_question_splitter,multi_question/multi_question_split,100.0,True,0.4789,0,,,
MB-1261-C-025,compound,compound,TEKKEN 8 กับ Resident Evil Village มีปุ่มอะไรบ้าง,คำถามนี้มีหลายเรื่อง ขอแยกตอบเป็นข้อ ๆ: คำถามที่ 1: TEKKEN 8 มีปุ่มอะไรบ้าง TEKKEN 8 มีข้อมูลปุ่มควบคุมดังนี้: PlayStation / PS5 • Square: หมัดซ้าย / ต่อยซ้าย - ออกหมัดแย็บหรือโจมตีด้วยมือซ้าย เป็นปุ่มหลักในการเริ่มต้นเฟรมคอมโบที่รวดเร็ว • Triangle: หมัดขวา / ต่อยขวา - ออกหมัดหนักหรือโจมตีด้วยมือขวา มักใช้ทำดาเมจแรงหรือสวนกลับ (Counter) • Cross: ลูกเตะซ้าย - ใช้ขาซ้ายเตะสกัดหรือโจมตีเพื่อเปิดช่องว่างของศัตรู • Circle: ลูกเตะขวา - ใช้ขาขวาหวดเตะอย่างรุนแรง มักเป็นท่าเคลียร์ระยะหรือตัดขาที่ทำดาเมจสูง • D-Pad Up: กระโดด - ควบคุมให้ตัวละครกระโดดขึ้นด้านบนเพื่อหลบการโจมตีล่าง หรือใช้กดร่วมกับปุ่มโจมตีกลางอากาศ • D-Pad Left: ถอยหลัง / บล็อก - บังคับตัวละครให้เดินถอยหลังเพื่อรักษาระยะ หรือใช้กดค้าง,pipeline:multi_question_splitter,multi_question/multi_question_split,100.0,True,0.7063,0,,,
MB-1262-C-026,compound,compound,TEKKEN 8 เล่นที่ไหน แล้ว Resident Evil Village ปุ่มอะไร,คำถามนี้มีหลายเรื่อง ขอแยกตอบเป็นข้อ ๆ: คำถามที่ 1: TEKKEN 8 เล่นที่ไหน TEKKEN 8: TEKKEN 8 คือเกมต่อสู้แบบตัวต่อตัว ผู้เล่นเลือกตัวละครแล้วใช้คอมโบ การป้องกัน และจังหวะสวนกลับเพื่อชนะคู่แข่ง แนวเกม: เกมต่อสู้ 1v1 วิธีเล่นโดยสรุป: เล่นเป็นรอบ เลือกตัวละคร ฝึกท่าพื้นฐาน/คอมโบ อ่านจังหวะคู่ต่อสู้ และทำให้พลังชีวิตอีกฝ่ายหมดก่อน เล่นได้ที่: PC Zone และ PlayStation 5 Zone แหล่งข้อมูล: https://esports.phuket.psu.ac.th/Services/our-games คำถามที่ 2: Resident Evil Village ปุ่มอะไร Resident Evil Village มีข้อมูลปุ่มควบคุมดังนี้: PlayStation / PS5 • L (Left Stick): เคลื่อนที่ - บังคับทิศทางการเดินและการเคลื่อนไหวของตัวละคร Ethan Winters • L3 (Click Left Stick): วิ่งเร็ว / สปรินต์ - กดลงไปในขณะเคลื่อนท,pipeline:multi_question_splitter,multi_question/multi_question_split,100.0,True,0.836,0,,,
MB-1263-C-027,compound,compound,Gran Turismo 7 กับ Overcooked! 2 มีปุ่มอะไรบ้าง,คำถามนี้มีหลายเรื่อง ขอแยกตอบเป็นข้อ ๆ: คำถามที่ 1: Gran Turismo 7 มีปุ่มอะไรบ้าง Gran Turismo 7 มีข้อมูลปุ่มควบคุมดังนี้: PlayStation / PS5 • L (Left Stick): เลี้ยว / ควบคุมพวงมาลัย - บังคับทิศทางรถ • R2: คันเร่ง - กดเพื่อเร่งเครื่อง • L2: เบรก - กดเพื่อชะลอความเร็วรถ • Cross: เพิ่มเกียร์ - เปลี่ยนเกียร์สูงขึ้น (โหมดเกียร์ธรรมดา) • Square: ลดเกียร์ - เปลี่ยนเกียร์ต่ำลง (โหมดเกียร์ธรรมดา) • Circle: เบรกมือ - ดึงเบรกมือเพื่อสไลด์หรือดริฟต์ • Triangle: ถอยหลัง - เข้าเกียร์ถอยรถ • D-Pad: ควบคุมจอ MFD - สลับและปรับค่า Multi-Function Display เช่น Traction Control หรือ Fuel Map • R1: เปลี่ยนมุมมอง - สลับมุมกล้องในการขับขี่ • L1: มองหลัง - สลับมุมกล้องไปมองด้านหลังชั่วคราว • R3: ไนตรัส / เร่งแซง - ,pipeline:multi_question_splitter,multi_question/multi_question_split,100.0,True,0.656,0,,,
MB-1264-C-028,compound,compound,Gran Turismo 7 เล่นที่ไหน แล้ว Overcooked! 2 ปุ่มอะไร,คำถามนี้มีหลายเรื่อง ขอแยกตอบเป็นข้อ ๆ: คำถามที่ 1: Gran Turismo 7 เล่นที่ไหน Gran Turismo 7: Gran Turismo 7 คือเกมแข่งรถที่เน้นการขับรถสมจริง การเลือกสนาม รถ และการควบคุมจังหวะเข้าโค้ง แนวเกม: เกมแข่งรถ / Driving Simulator วิธีเล่นโดยสรุป: ใน Cockpit Zone เล่นโดยใช้พวงมาลัย คันเร่ง เบรก และชุดเบาะจำลองการขับรถ เป้าหมายคือขับให้เร็วและควบคุมรถให้แม่นในแต่ละสนาม เล่นได้ที่: Cockpit Zone แหล่งข้อมูล: https://esports.phuket.psu.ac.th/Services/our-games คำถามที่ 2: Overcooked! 2 ปุ่มอะไร Overcooked! 2 มีอยู่ในรายการเกมที่ยืนยันได้ของ PSU Esports Studio - Phuket ครับ Overcooked 2 คือเกมทำอาหารแบบร่วมมือกัน ผู้เล่นต้องแบ่งหน้าที่ เตรียมอาหาร เสิร์ฟ และจัดการครัวที่วุ่นวาย แนวเกม: เกม Co-op ทำอาหาร,pipeline:multi_question_splitter,multi_question/multi_question_split,100.0,True,0.8481,0,,,
MB-1265-C-029,compound,compound,Beat Saber กับ VALORANT มีปุ่มอะไรบ้าง,คำถามนี้มีหลายเรื่อง ขอแยกตอบเป็นข้อ ๆ: คำถามที่ 1: Beat Saber มีปุ่มอะไรบ้าง Beat Saber มีข้อมูลปุ่มควบคุมดังนี้: PlayStation VR2 / PS5 • Left PS VR2 Sense controller motion: ฟันบล็อกด้วยดาบมือซ้าย - ใช้การขยับคอนโทรลเลอร์ฝั่งซ้ายเพื่อฟันบล็อกตามจังหวะเพลง โดยอิงจากหลักการเล่น Beat Saber ที่ให้ผู้เล่นฟัน beat ใน VR • Right PS VR2 Sense controller motion: ฟันบล็อกด้วยดาบมือขวา - ใช้การขยับคอนโทรลเลอร์ฝั่งขวาเพื่อฟันบล็อกตามจังหวะเพลง โดยอิงจากหลักการเล่น Beat Saber ที่ให้ผู้เล่นฟัน beat ใน VR • Head/body movement: หลบและจัดตำแหน่งร่างกาย - เป็นข้อมูลวิธีเล่นระดับภาพรวมจากแหล่งทางการ ไม่ใช่ผังคีย์ละเอียดรายปุ่ม แหล่งข้อมูล: https://www.playstation.com/en-us/games/beat-saber/ คำถามที่ 2: VALOR,pipeline:multi_question_splitter,multi_question/multi_question_split,100.0,True,0.6071,0,,,
MB-1266-C-030,compound,compound,Beat Saber เล่นที่ไหน แล้ว VALORANT ปุ่มอะไร,"คำถามนี้มีหลายเรื่อง ขอแยกตอบเป็นข้อ ๆ: คำถามที่ 1: Beat Saber เล่นที่ไหน Beat Saber: Beat Saber คือเกม VR จังหวะดนตรีที่ผู้เล่นใช้ดาบแสงฟันบล็อกตามจังหวะเพลง แนวเกม: เกม VR Rhythm วิธีเล่นโดยสรุป: สวมแว่น VR ถือคอนโทรลเลอร์ แล้วฟันบล็อกตามทิศทาง หลบสิ่งกีดขวาง และพยายามทำคะแนนตามจังหวะเพลง เล่นได้ที่: VR Zone แหล่งข้อมูล: https://esports.phuket.psu.ac.th/Services/our-games คำถามที่ 2: VALORANT ปุ่มอะไร VALORANT มีข้อมูลปุ่มควบคุมดังนี้: PC • W / A / S / D: เคลื่อนที่ - W เดินหน้า, A ไปซ้าย, S ถอยหลัง, D ไปขวา • Left Shift: เดินช้า - ใช้เดินเงียบหรือเดินแบบควบคุมเสียง • Space Bar: กระโดด - กระโดด • Left Ctrl: ย่อตัว - ย่อตัวเพื่อลดระดับตัวละคร • Left Mouse Button: ยิง - ยิงอาวุธหลัก • Right ",pipeline:multi_question_splitter,multi_question/multi_question_split,100.0,True,0.7746,0,,,
MB-1267-C-031,compound,compound,Mario Kart 8 Deluxe กับ Mario Kart 8 Deluxe มีปุ่มอะไรบ้าง,Mario Kart 8 Deluxe มีข้อมูลปุ่มควบคุมดังนี้: Nintendo Switch • L (Left Stick): เลี้ยว / ควบคุมทิศทาง - บังคับพวงมาลัยรถให้เลี้ยวไปทางซ้ายหรือขวา • A: เร่งเครื่อง - กดค้างไว้ตลอดเพื่อเร่งเครื่องยนต์ให้รถวิ่งไปข้างหน้า • B: เบรก / ถอยหลัง - แตะเพื่อเบรกชะลอความเร็ว หรือกดค้างไว้เมื่อรถหยุดนิ่งเพื่อขับถอยหลัง • X: มองหลัง - หันมุมกล้องไปมองด้านหลังเพื่อเช็กระยะห่างของคู่แข่งหรือไอเทมที่ตามมา • ZL: ใช้ไอเทม / บีบแตร - ใช้ไอเทมที่เก็บมาจากกล่องสุ่ม หากไม่มีไอเทมจะเป็นการบีบแตรรถ • ZR: ดริฟต์ - ใช้กระโดดและดริฟต์ขณะเข้าโค้งเพื่อทำความเร็ว หรือใช้ทำท่าผาดโผนเมื่อกระโดดออกจากเนินเร่งความเร็ว • + (Plus): หยุดเกม - หยุดเกมชั่วคราวเพื่อเข้าสู่เมนูหลักหรือตั้งค่าระบบช่วยเหลือ แหล่งข้อมูล: https://gamei,pipeline:structured_game_controls,games/game_control_lookup,100.0,True,0.4574,0,,,
MB-1268-C-032,compound,compound,Mario Kart 8 Deluxe เล่นที่ไหน แล้ว Mario Kart 8 Deluxe ปุ่มอะไร,คำถามนี้มีหลายเรื่อง ขอแยกตอบเป็นข้อ ๆ: คำถามที่ 1: Mario Kart 8 Deluxe เล่นที่ไหน Mario Kart 8 Deluxe: Mario Kart 8 Deluxe คือเกมแข่งรถสไตล์ปาร์ตี้ที่ใช้ตัวละคร Nintendo ขับรถแข่งกันในสนามหลากหลายแบบ แนวเกม: เกมแข่งรถ Party Racing วิธีเล่นโดยสรุป: เลือกตัวละครและรถ ขับเข้าเส้นชัย ใช้ไอเทมช่วยโจมตี/ป้องกัน และเล่นสนุกได้หลายคน เล่นได้ที่: Nintendo Switch Zone แหล่งข้อมูล: https://esports.phuket.psu.ac.th/Services/our-games คำถามที่ 2: Mario Kart 8 Deluxe ปุ่มอะไร Mario Kart 8 Deluxe มีข้อมูลปุ่มควบคุมดังนี้: Nintendo Switch • L (Left Stick): เลี้ยว / ควบคุมทิศทาง - บังคับพวงมาลัยรถให้เลี้ยวไปทางซ้ายหรือขวา • A: เร่งเครื่อง - กดค้างไว้ตลอดเพื่อเร่งเครื่องยนต์ให้รถวิ่งไปข้างหน้า • B: เบรก / ถอ,pipeline:multi_question_splitter,multi_question/multi_question_split,100.0,True,0.9463,0,,,
MB-1269-C-033,compound,compound,VALORANT กับ Beat Saber มีปุ่มอะไรบ้าง,"คำถามนี้มีหลายเรื่อง ขอแยกตอบเป็นข้อ ๆ: คำถามที่ 1: VALORANT มีปุ่มอะไรบ้าง VALORANT มีข้อมูลปุ่มควบคุมดังนี้: PC • W / A / S / D: เคลื่อนที่ - W เดินหน้า, A ไปซ้าย, S ถอยหลัง, D ไปขวา • Left Shift: เดินช้า - ใช้เดินเงียบหรือเดินแบบควบคุมเสียง • Space Bar: กระโดด - กระโดด • Left Ctrl: ย่อตัว - ย่อตัวเพื่อลดระดับตัวละคร • Left Mouse Button: ยิง - ยิงอาวุธหลัก • Right Mouse Button: ยิง/เล็งแบบรอง - ใช้งานโหมดรองของอาวุธหรือเล็งตามชนิดอาวุธ • R: รีโหลด - เปลี่ยนกระสุน • 1 / 2 / 3: เลือกอาวุธ - 1 อาวุธหลัก, 2 อาวุธรอง, 3 อาวุธระยะประชิด • 4: หยิบ/ใช้ Spike - ใช้กับ Spike เช่น วางหรือกู้ตามสถานการณ์ • Q / E / C / X: ใช้สกิล Agent - Q/E/C คือสกิลทั่วไป และ X คือ Ultimate • F: โต้ตอบกับวัตถุ - ใช้โ",pipeline:multi_question_splitter,multi_question/multi_question_split,100.0,True,0.5946,0,,,
MB-1270-C-034,compound,compound,VALORANT เล่นที่ไหน แล้ว Beat Saber ปุ่มอะไร,คำถามนี้มีหลายเรื่อง ขอแยกตอบเป็นข้อ ๆ: คำถามที่ 1: VALORANT เล่นที่ไหน VALORANT: VALORANT คือเกมยิงเชิงกลยุทธ์ที่ผู้เล่นเลือก Agent ที่มีสกิลเฉพาะ แล้วเล่นเป็นฝ่ายบุก/รับในแต่ละรอบ แนวเกม: เกมยิง Tactical FPS แบบทีม 5v5 วิธีเล่นโดยสรุป: ฝ่ายบุกต้องวาง Spike ส่วนฝ่ายรับต้องป้องกันพื้นที่หรือกู้ Spike การเล่นเน้นการเล็ง การสื่อสาร การใช้สกิล และการเล่นเป็นทีม เล่นได้ที่: PC Zone แหล่งข้อมูล: https://esports.computing.psu.ac.th/reservation คำถามที่ 2: Beat Saber ปุ่มอะไร Beat Saber ปุ่มที่ตรงกับคำถาม: PlayStation VR2 / PS5 • Left PS VR2 Sense controller motion: ฟันบล็อกด้วยดาบมือซ้าย - ใช้การขยับคอนโทรลเลอร์ฝั่งซ้ายเพื่อฟันบล็อกตามจังหวะเพลง โดยอิงจากหลักการเล่น Beat Saber ที่ให้ผู้เล่นฟัน bea,pipeline:multi_question_splitter,multi_question/multi_question_split,100.0,True,0.7599,0,,,
MB-1271-C-035,compound,compound,Overcooked! 2 กับ Gran Turismo 7 มีปุ่มอะไรบ้าง,คำถามนี้มีหลายเรื่อง ขอแยกตอบเป็นข้อ ๆ: คำถามที่ 1: Overcooked! 2 มีปุ่มอะไรบ้าง Overcooked! 2 มีอยู่ในรายการเกมที่ยืนยันได้ของ PSU Esports Studio - Phuket ครับ Overcooked 2 คือเกมทำอาหารแบบร่วมมือกัน ผู้เล่นต้องแบ่งหน้าที่ เตรียมอาหาร เสิร์ฟ และจัดการครัวที่วุ่นวาย แนวเกม: เกม Co-op ทำอาหาร วิธีเล่นโดยสรุป: ช่วยกันหั่นวัตถุดิบ ปรุง เสิร์ฟ ล้างจาน และสื่อสารกับทีมให้ทันเวลา เล่นได้ที่: Nintendo Switch Zone ยังไม่พบข้อมูลปุ่มควบคุมของ Overcooked! 2 ที่ยืนยันได้ในฐานข้อมูลตอนนี้ครับ แหล่งข้อมูล: https://esports.phuket.psu.ac.th/Services/our-games คำถามที่ 2: Gran Turismo 7 มีปุ่มอะไรบ้าง Gran Turismo 7 มีข้อมูลปุ่มควบคุมดังนี้: PlayStation / PS5 • L (Left Stick): เลี้ยว / ควบคุมพวงมาลัย - บังค,pipeline:multi_question_splitter,multi_question/multi_question_split,100.0,True,0.6113,0,,,
MB-1272-C-036,compound,compound,Overcooked! 2 เล่นที่ไหน แล้ว Gran Turismo 7 ปุ่มอะไร,คำถามนี้มีหลายเรื่อง ขอแยกตอบเป็นข้อ ๆ: คำถามที่ 1: Overcooked! 2 เล่นที่ไหน Overcooked! 2: Overcooked 2 คือเกมทำอาหารแบบร่วมมือกัน ผู้เล่นต้องแบ่งหน้าที่ เตรียมอาหาร เสิร์ฟ และจัดการครัวที่วุ่นวาย แนวเกม: เกม Co-op ทำอาหาร วิธีเล่นโดยสรุป: ช่วยกันหั่นวัตถุดิบ ปรุง เสิร์ฟ ล้างจาน และสื่อสารกับทีมให้ทันเวลา เล่นได้ที่: Nintendo Switch Zone แหล่งข้อมูล: https://esports.phuket.psu.ac.th/Services/our-games คำถามที่ 2: Gran Turismo 7 ปุ่มอะไร Gran Turismo 7 มีข้อมูลปุ่มควบคุมดังนี้: PlayStation / PS5 • L (Left Stick): เลี้ยว / ควบคุมพวงมาลัย - บังคับทิศทางรถ • R2: คันเร่ง - กดเพื่อเร่งเครื่อง • L2: เบรก - กดเพื่อชะลอความเร็วรถ • Cross: เพิ่มเกียร์ - เปลี่ยนเกียร์สูงขึ้น (โหมดเกียร์ธรรมดา) • Squar,pipeline:multi_question_splitter,multi_question/multi_question_split,100.0,True,0.8095,0,,,
MB-1273-C-037,compound,compound,Resident Evil Village กับ TEKKEN 8 มีปุ่มอะไรบ้าง,คำถามนี้มีหลายเรื่อง ขอแยกตอบเป็นข้อ ๆ: คำถามที่ 1: Resident Evil Village มีปุ่มอะไรบ้าง Resident Evil Village มีข้อมูลปุ่มควบคุมดังนี้: PlayStation / PS5 • L (Left Stick): เคลื่อนที่ - บังคับทิศทางการเดินและการเคลื่อนไหวของตัวละคร Ethan Winters • L3 (Click Left Stick): วิ่งเร็ว / สปรินต์ - กดลงไปในขณะเคลื่อนที่เพื่อเร่งความเร็วในการวิ่งหนีหรือเข้าหาที่กำบัง • R (Right Stick): ควบคุมมุมมอง / หันกล้อง - หมุนเพื่อกวาดสายตา หันหัวตัวละคร มองรอบ ๆ หรือใช้ในการเล็งเป้า • R3 (Click Right Stick): ย่อตัว - กดเพื่อย่อตัวลงต่ำ ใช้สำหรับลอดช่องแคบ ซ่อนตัว หรือหลบการโจมตีระดับสายตา • L2: เล็งเป้า / เล็งปืน - ยกอาวุธปืนขึ้นมาเล็งเพื่อบีบเป้าให้แคบลงและเพิ่มความแม่นยำในการยิง • L1: ยกการ์ด / ป้องกัน - ยกแ,pipeline:multi_question_splitter,multi_question/multi_question_split,100.0,True,0.7334,0,,,
MB-1274-C-038,compound,compound,Resident Evil Village เล่นที่ไหน แล้ว TEKKEN 8 ปุ่มอะไร,คำถามนี้มีหลายเรื่อง ขอแยกตอบเป็นข้อ ๆ: คำถามที่ 1: Resident Evil Village เล่นที่ไหน Resident Evil Village: Resident Evil Village คือเกมสยองขวัญเอาตัวรอดที่เน้นบรรยากาศ การสำรวจ และการต่อสู้กับศัตรูหลากหลายรูปแบบ แนวเกม: เกม Survival Horror วิธีเล่นโดยสรุป: สำรวจฉาก เก็บไอเทม จัดการทรัพยากร ต่อสู้ และแก้ปริศนาเพื่อดำเนินเรื่อง เล่นได้ที่: PlayStation 5 Zone และ VR Zone แหล่งข้อมูล: https://esports.phuket.psu.ac.th/Services/our-games คำถามที่ 2: TEKKEN 8 ปุ่มอะไร TEKKEN 8 มีข้อมูลปุ่มควบคุมดังนี้: PlayStation / PS5 • Square: หมัดซ้าย / ต่อยซ้าย - ออกหมัดแย็บหรือโจมตีด้วยมือซ้าย เป็นปุ่มหลักในการเริ่มต้นเฟรมคอมโบที่รวดเร็ว • Triangle: หมัดขวา / ต่อยขวา - ออกหมัดหนักหรือโจมตีด้วยมือขวา มักใช้ทำ,pipeline:multi_question_splitter,multi_question/multi_question_split,100.0,True,0.9362,0,,,
MB-1275-C-039,compound,compound,นักศึกษา PSU เล่น PC 30 นาที เสียกี่บาท แล้วจองยังไง,คำถามนี้มีหลายเรื่อง ขอแยกตอบเป็นข้อ ๆ: คำถามที่ 1: นักศึกษา PSU เล่น PC 30 นาที เสีย กี่บาท ระยะเวลาที่ถามคือ 30 นาที ใช้ 1 session ตามแพ็กเกจ PC 1 ชั่วโมง คำตอบราคา: 0 บาท สำหรับกลุ่ม PSU Student and Staff • คำนวณจาก 0 บาท/session x 1 session = 0 บาท กลุ่มผู้ใช้ที่ตรวจเจอ: PSU Student and Staff รายละเอียดจากตาราง: PC 1 ชั่วโมง (1 คน) • PSU Student and Staff: 0 บาท • PSU Alumni and General Student: 25 บาท • General Adult: 70 บาท หมายเหตุข้อมูล PC: ราคา PC เพิ่มจาก local service fee update 2026-07-27 แหล่งข้อมูล: https://esports.computing.psu.ac.th/wp-content/uploads/2026/01/PSU-Esports-Studio-phuket-SERVICE-FEE-2026.png คำถามที่ 2: จะเล่น นักศึกษา PSU เล่น PC 30 นาที เสีย จองยังไง สำหรับ PC,pipeline:multi_question_splitter,multi_question/multi_question_split,100.0,True,1.0629,0,,,
MB-1276-C-040,compound,compound,นักศึกษา PSU เล่น PC 1 ชั่วโมง เสียกี่บาท แล้วจองยังไง,คำถามนี้มีหลายเรื่อง ขอแยกตอบเป็นข้อ ๆ: คำถามที่ 1: นักศึกษา PSU เล่น PC 1 ชั่วโมง เสีย กี่บาท ระยะเวลาที่ถามคือ 1 ชั่วโมง ใช้ 1 session ตามแพ็กเกจ PC 1 ชั่วโมง คำตอบราคา: 0 บาท สำหรับกลุ่ม PSU Student and Staff • คำนวณจาก 0 บาท/session x 1 session = 0 บาท กลุ่มผู้ใช้ที่ตรวจเจอ: PSU Student and Staff รายละเอียดจากตาราง: PC 1 ชั่วโมง (1 คน) • PSU Student and Staff: 0 บาท • PSU Alumni and General Student: 25 บาท • General Adult: 70 บาท หมายเหตุข้อมูล PC: ราคา PC เพิ่มจาก local service fee update 2026-07-27 แหล่งข้อมูล: https://esports.computing.psu.ac.th/wp-content/uploads/2026/01/PSU-Esports-Studio-phuket-SERVICE-FEE-2026.png คำถามที่ 2: จะเล่น นักศึกษา PSU เล่น PC 1 ชั่วโมง เสีย จองยังไง จอง,pipeline:multi_question_splitter,multi_question/multi_question_split,100.0,True,0.8871,0,,,
MB-1277-C-041,compound,compound,นักศึกษา PSU เล่น PC 2 ชั่วโมง เสียกี่บาท แล้วจองยังไง,คำถามนี้มีหลายเรื่อง ขอแยกตอบเป็นข้อ ๆ: คำถามที่ 1: นักศึกษา PSU เล่น PC 2 ชั่วโมง เสีย กี่บาท ระยะเวลาที่ถามคือ 2 ชั่วโมง ใช้ 2 session ตามแพ็กเกจ PC 1 ชั่วโมง คำตอบราคา: 0 บาท สำหรับกลุ่ม PSU Student and Staff • คำนวณจาก 0 บาท/session x 2 session = 0 บาท กลุ่มผู้ใช้ที่ตรวจเจอ: PSU Student and Staff รายละเอียดจากตาราง: PC 1 ชั่วโมง (1 คน) • PSU Student and Staff: 0 บาท • PSU Alumni and General Student: 25 บาท • General Adult: 70 บาท หมายเหตุข้อมูล PC: ราคา PC เพิ่มจาก local service fee update 2026-07-27 แหล่งข้อมูล: https://esports.computing.psu.ac.th/wp-content/uploads/2026/01/PSU-Esports-Studio-phuket-SERVICE-FEE-2026.png คำถามที่ 2: จะเล่น นักศึกษา PSU เล่น PC 2 ชั่วโมง เสีย จองยังไง จอง,pipeline:multi_question_splitter,multi_question/multi_question_split,100.0,True,0.8292,0,,,
MB-1278-C-042,compound,compound,นักศึกษาต่างมหาลัย เล่น PC 30 นาที เสียกี่บาท แล้วจองยังไง,คำถามนี้มีหลายเรื่อง ขอแยกตอบเป็นข้อ ๆ: คำถามที่ 1: นักศึกษาต่างมหาลัย เล่น PC 30 นาที เสีย กี่บาท ระยะเวลาที่ถามคือ 30 นาที ใช้ 1 session ตามแพ็กเกจ PC 1 ชั่วโมง คำตอบราคา: 25 บาท สำหรับกลุ่ม PSU Alumni and General Student / นักศึกษาหรือนักเรียนต่างสถาบัน • คำนวณจาก 25 บาท/session x 1 session = 25 บาท กลุ่มผู้ใช้ที่ตรวจเจอ: PSU Alumni and General Student / นักศึกษาหรือนักเรียนต่างสถาบัน / มหาลัยอื่น รายละเอียดจากตาราง: PC 1 ชั่วโมง (1 คน) • PSU Student and Staff: 0 บาท • PSU Alumni and General Student: 25 บาท • General Adult: 70 บาท หมายเหตุข้อมูล PC: ราคา PC เพิ่มจาก local service fee update 2026-07-27 แหล่งข้อมูล: https://esports.computing.psu.ac.th/wp-content/uploads/2026/01/PSU-Esports-,pipeline:multi_question_splitter,multi_question/multi_question_split,100.0,True,1.2721,0,,,
MB-1279-C-043,compound,compound,นักศึกษาต่างมหาลัย เล่น PC 1 ชั่วโมง เสียกี่บาท แล้วจองยังไง,คำถามนี้มีหลายเรื่อง ขอแยกตอบเป็นข้อ ๆ: คำถามที่ 1: นักศึกษาต่างมหาลัย เล่น PC 1 ชั่วโมง เสีย กี่บาท ระยะเวลาที่ถามคือ 1 ชั่วโมง ใช้ 1 session ตามแพ็กเกจ PC 1 ชั่วโมง คำตอบราคา: 25 บาท สำหรับกลุ่ม PSU Alumni and General Student / นักศึกษาหรือนักเรียนต่างสถาบัน • คำนวณจาก 25 บาท/session x 1 session = 25 บาท กลุ่มผู้ใช้ที่ตรวจเจอ: PSU Alumni and General Student / นักศึกษาหรือนักเรียนต่างสถาบัน / มหาลัยอื่น รายละเอียดจากตาราง: PC 1 ชั่วโมง (1 คน) • PSU Student and Staff: 0 บาท • PSU Alumni and General Student: 25 บาท • General Adult: 70 บาท หมายเหตุข้อมูล PC: ราคา PC เพิ่มจาก local service fee update 2026-07-27 แหล่งข้อมูล: https://esports.computing.psu.ac.th/wp-content/uploads/2026/01/PSU-Espo,pipeline:multi_question_splitter,multi_question/multi_question_split,100.0,True,0.8909,0,,,
MB-1280-C-044,compound,compound,นักศึกษาต่างมหาลัย เล่น PC 2 ชั่วโมง เสียกี่บาท แล้วจองยังไง,คำถามนี้มีหลายเรื่อง ขอแยกตอบเป็นข้อ ๆ: คำถามที่ 1: นักศึกษาต่างมหาลัย เล่น PC 2 ชั่วโมง เสีย กี่บาท ระยะเวลาที่ถามคือ 2 ชั่วโมง ใช้ 2 session ตามแพ็กเกจ PC 1 ชั่วโมง คำตอบราคา: 50 บาท สำหรับกลุ่ม PSU Alumni and General Student / นักศึกษาหรือนักเรียนต่างสถาบัน • คำนวณจาก 25 บาท/session x 2 session = 50 บาท กลุ่มผู้ใช้ที่ตรวจเจอ: PSU Alumni and General Student / นักศึกษาหรือนักเรียนต่างสถาบัน / มหาลัยอื่น รายละเอียดจากตาราง: PC 1 ชั่วโมง (1 คน) • PSU Student and Staff: 0 บาท • PSU Alumni and General Student: 25 บาท • General Adult: 70 บาท หมายเหตุข้อมูล PC: ราคา PC เพิ่มจาก local service fee update 2026-07-27 แหล่งข้อมูล: https://esports.computing.psu.ac.th/wp-content/uploads/2026/01/PSU-Espo,pipeline:multi_question_splitter,multi_question/multi_question_split,100.0,True,0.9433,0,,,
MB-1281-C-045,compound,compound,บุคคลทั่วไป เล่น PC 30 นาที เสียกี่บาท แล้วจองยังไง,คำถามนี้มีหลายเรื่อง ขอแยกตอบเป็นข้อ ๆ: คำถามที่ 1: บุคคลทั่วไป เล่น PC 30 นาที เสีย กี่บาท ระยะเวลาที่ถามคือ 30 นาที ใช้ 1 session ตามแพ็กเกจ PC 1 ชั่วโมง คำตอบราคา: 70 บาท สำหรับกลุ่ม General Adult / บุคคลทั่วไป • คำนวณจาก 70 บาท/session x 1 session = 70 บาท กลุ่มผู้ใช้ที่ตรวจเจอ: General Adult / บุคคลทั่วไป รายละเอียดจากตาราง: PC 1 ชั่วโมง (1 คน) • PSU Student and Staff: 0 บาท • PSU Alumni and General Student: 25 บาท • General Adult: 70 บาท หมายเหตุข้อมูล PC: ราคา PC เพิ่มจาก local service fee update 2026-07-27 แหล่งข้อมูล: https://esports.computing.psu.ac.th/wp-content/uploads/2026/01/PSU-Esports-Studio-phuket-SERVICE-FEE-2026.png คำถามที่ 2: จะเล่น บุคคลทั่วไป เล่น PC 30 นาที เสีย จองยั,pipeline:multi_question_splitter,multi_question/multi_question_split,100.0,True,1.0726,0,,,
MB-1282-C-046,compound,compound,บุคคลทั่วไป เล่น PC 1 ชั่วโมง เสียกี่บาท แล้วจองยังไง,คำถามนี้มีหลายเรื่อง ขอแยกตอบเป็นข้อ ๆ: คำถามที่ 1: บุคคลทั่วไป เล่น PC 1 ชั่วโมง เสีย กี่บาท ระยะเวลาที่ถามคือ 1 ชั่วโมง ใช้ 1 session ตามแพ็กเกจ PC 1 ชั่วโมง คำตอบราคา: 70 บาท สำหรับกลุ่ม General Adult / บุคคลทั่วไป • คำนวณจาก 70 บาท/session x 1 session = 70 บาท กลุ่มผู้ใช้ที่ตรวจเจอ: General Adult / บุคคลทั่วไป รายละเอียดจากตาราง: PC 1 ชั่วโมง (1 คน) • PSU Student and Staff: 0 บาท • PSU Alumni and General Student: 25 บาท • General Adult: 70 บาท หมายเหตุข้อมูล PC: ราคา PC เพิ่มจาก local service fee update 2026-07-27 แหล่งข้อมูล: https://esports.computing.psu.ac.th/wp-content/uploads/2026/01/PSU-Esports-Studio-phuket-SERVICE-FEE-2026.png คำถามที่ 2: จะเล่น บุคคลทั่วไป เล่น PC 1 ชั่วโมง เสีย,pipeline:multi_question_splitter,multi_question/multi_question_split,100.0,True,0.8589,0,,,
MB-1283-C-047,compound,compound,บุคคลทั่วไป เล่น PC 2 ชั่วโมง เสียกี่บาท แล้วจองยังไง,คำถามนี้มีหลายเรื่อง ขอแยกตอบเป็นข้อ ๆ: คำถามที่ 1: บุคคลทั่วไป เล่น PC 2 ชั่วโมง เสีย กี่บาท ระยะเวลาที่ถามคือ 2 ชั่วโมง ใช้ 2 session ตามแพ็กเกจ PC 1 ชั่วโมง คำตอบราคา: 140 บาท สำหรับกลุ่ม General Adult / บุคคลทั่วไป • คำนวณจาก 70 บาท/session x 2 session = 140 บาท กลุ่มผู้ใช้ที่ตรวจเจอ: General Adult / บุคคลทั่วไป รายละเอียดจากตาราง: PC 1 ชั่วโมง (1 คน) • PSU Student and Staff: 0 บาท • PSU Alumni and General Student: 25 บาท • General Adult: 70 บาท หมายเหตุข้อมูล PC: ราคา PC เพิ่มจาก local service fee update 2026-07-27 แหล่งข้อมูล: https://esports.computing.psu.ac.th/wp-content/uploads/2026/01/PSU-Esports-Studio-phuket-SERVICE-FEE-2026.png คำถามที่ 2: จะเล่น บุคคลทั่วไป เล่น PC 2 ชั่วโมง เส,pipeline:multi_question_splitter,multi_question/multi_question_split,100.0,True,0.8524,0,,,
MB-1284-C-048,compound,compound,นักศึกษา PSU เล่น PS5 30 นาที เสียกี่บาท แล้วจองยังไง,"คำถามนี้มีหลายเรื่อง ขอแยกตอบเป็นข้อ ๆ: คำถามที่ 1: นักศึกษา PSU เล่น PS5 30 นาที เสีย กี่บาท ระยะเวลาที่ถามคือ 30 นาที ใช้ 1 session ตามแพ็กเกจ PlayStation 5 60 นาที คำตอบราคา: 0 บาท สำหรับกลุ่ม PSU Student and Staff • คำนวณจาก 0 บาท/session x 1 session = 0 บาท กลุ่มผู้ใช้ที่ตรวจเจอ: PSU Student and Staff รายละเอียดจากตาราง: PlayStation 5 60 นาที (1 ชั่วโมง, 1-2 คน) • PSU Student and Staff: 0 บาท • PSU Alumni and General Student: 50 บาท • General Adult: 150 บาท แหล่งข้อมูล: https://esports.computing.psu.ac.th/wp-content/uploads/2026/01/PSU-Esports-Studio-phuket-SERVICE-FEE-2026.png คำถามที่ 2: จะเล่น นักศึกษา PSU เล่น PS5 30 นาที เสีย จองยังไง ขั้นตอนจองโดยสรุป: • เลือกบริการหรือโซนที่ต้องก",pipeline:multi_question_splitter,multi_question/multi_question_split,100.0,True,1.1283,0,,,
MB-1285-C-049,compound,compound,นักศึกษา PSU เล่น PS5 1 ชั่วโมง เสียกี่บาท แล้วจองยังไง,"คำถามนี้มีหลายเรื่อง ขอแยกตอบเป็นข้อ ๆ: คำถามที่ 1: นักศึกษา PSU เล่น PS5 1 ชั่วโมง เสีย กี่บาท ระยะเวลาที่ถามคือ 1 ชั่วโมง ใช้ 1 session ตามแพ็กเกจ PlayStation 5 60 นาที คำตอบราคา: 0 บาท สำหรับกลุ่ม PSU Student and Staff • คำนวณจาก 0 บาท/session x 1 session = 0 บาท กลุ่มผู้ใช้ที่ตรวจเจอ: PSU Student and Staff รายละเอียดจากตาราง: PlayStation 5 60 นาที (1 ชั่วโมง, 1-2 คน) • PSU Student and Staff: 0 บาท • PSU Alumni and General Student: 50 บาท • General Adult: 150 บาท แหล่งข้อมูล: https://esports.computing.psu.ac.th/wp-content/uploads/2026/01/PSU-Esports-Studio-phuket-SERVICE-FEE-2026.png คำถามที่ 2: จะเล่น นักศึกษา PSU เล่น PS5 1 ชั่วโมง เสีย จองยังไง ขั้นตอนจองโดยสรุป: • เลือกบริการหรือโซนที",pipeline:multi_question_splitter,multi_question/multi_question_split,100.0,True,1.1942,0,,,
MB-1286-C-050,compound,compound,นักศึกษา PSU เล่น PS5 2 ชั่วโมง เสียกี่บาท แล้วจองยังไง,"คำถามนี้มีหลายเรื่อง ขอแยกตอบเป็นข้อ ๆ: คำถามที่ 1: นักศึกษา PSU เล่น PS5 2 ชั่วโมง เสีย กี่บาท ระยะเวลาที่ถามคือ 2 ชั่วโมง ใช้ 2 session ตามแพ็กเกจ PlayStation 5 60 นาที คำตอบราคา: 0 บาท สำหรับกลุ่ม PSU Student and Staff • คำนวณจาก 0 บาท/session x 2 session = 0 บาท กลุ่มผู้ใช้ที่ตรวจเจอ: PSU Student and Staff รายละเอียดจากตาราง: PlayStation 5 60 นาที (1 ชั่วโมง, 1-2 คน) • PSU Student and Staff: 0 บาท • PSU Alumni and General Student: 50 บาท • General Adult: 150 บาท แหล่งข้อมูล: https://esports.computing.psu.ac.th/wp-content/uploads/2026/01/PSU-Esports-Studio-phuket-SERVICE-FEE-2026.png คำถามที่ 2: จะเล่น นักศึกษา PSU เล่น PS5 2 ชั่วโมง เสีย จองยังไง ขั้นตอนจองโดยสรุป: • เลือกบริการหรือโซนที",pipeline:multi_question_splitter,multi_question/multi_question_split,100.0,True,1.2126,0,,,
MB-1287-C-051,compound,compound,นักศึกษาต่างมหาลัย เล่น PS5 30 นาที เสียกี่บาท แล้วจองยังไง,"คำถามนี้มีหลายเรื่อง ขอแยกตอบเป็นข้อ ๆ: คำถามที่ 1: นักศึกษาต่างมหาลัย เล่น PS5 30 นาที เสีย กี่บาท ระยะเวลาที่ถามคือ 30 นาที ใช้ 1 session ตามแพ็กเกจ PlayStation 5 60 นาที คำตอบราคา: 50 บาท สำหรับกลุ่ม PSU Alumni and General Student / นักศึกษาหรือนักเรียนต่างสถาบัน • คำนวณจาก 50 บาท/session x 1 session = 50 บาท กลุ่มผู้ใช้ที่ตรวจเจอ: PSU Alumni and General Student / นักศึกษาหรือนักเรียนต่างสถาบัน / มหาลัยอื่น รายละเอียดจากตาราง: PlayStation 5 60 นาที (1 ชั่วโมง, 1-2 คน) • PSU Student and Staff: 0 บาท • PSU Alumni and General Student: 50 บาท • General Adult: 150 บาท แหล่งข้อมูล: https://esports.computing.psu.ac.th/wp-content/uploads/2026/01/PSU-Esports-Studio-phuket-SERVICE-FEE-2026.png คำถา",pipeline:multi_question_splitter,multi_question/multi_question_split,100.0,True,1.2171,0,,,
MB-1288-C-052,compound,compound,นักศึกษาต่างมหาลัย เล่น PS5 1 ชั่วโมง เสียกี่บาท แล้วจองยังไง,"คำถามนี้มีหลายเรื่อง ขอแยกตอบเป็นข้อ ๆ: คำถามที่ 1: นักศึกษาต่างมหาลัย เล่น PS5 1 ชั่วโมง เสีย กี่บาท ระยะเวลาที่ถามคือ 1 ชั่วโมง ใช้ 1 session ตามแพ็กเกจ PlayStation 5 60 นาที คำตอบราคา: 50 บาท สำหรับกลุ่ม PSU Alumni and General Student / นักศึกษาหรือนักเรียนต่างสถาบัน • คำนวณจาก 50 บาท/session x 1 session = 50 บาท กลุ่มผู้ใช้ที่ตรวจเจอ: PSU Alumni and General Student / นักศึกษาหรือนักเรียนต่างสถาบัน / มหาลัยอื่น รายละเอียดจากตาราง: PlayStation 5 60 นาที (1 ชั่วโมง, 1-2 คน) • PSU Student and Staff: 0 บาท • PSU Alumni and General Student: 50 บาท • General Adult: 150 บาท แหล่งข้อมูล: https://esports.computing.psu.ac.th/wp-content/uploads/2026/01/PSU-Esports-Studio-phuket-SERVICE-FEE-2026.png ",pipeline:multi_question_splitter,multi_question/multi_question_split,100.0,True,1.2986,0,,,
MB-1289-C-053,compound,compound,นักศึกษาต่างมหาลัย เล่น PS5 2 ชั่วโมง เสียกี่บาท แล้วจองยังไง,"คำถามนี้มีหลายเรื่อง ขอแยกตอบเป็นข้อ ๆ: คำถามที่ 1: นักศึกษาต่างมหาลัย เล่น PS5 2 ชั่วโมง เสีย กี่บาท ระยะเวลาที่ถามคือ 2 ชั่วโมง ใช้ 2 session ตามแพ็กเกจ PlayStation 5 60 นาที คำตอบราคา: 100 บาท สำหรับกลุ่ม PSU Alumni and General Student / นักศึกษาหรือนักเรียนต่างสถาบัน • คำนวณจาก 50 บาท/session x 2 session = 100 บาท กลุ่มผู้ใช้ที่ตรวจเจอ: PSU Alumni and General Student / นักศึกษาหรือนักเรียนต่างสถาบัน / มหาลัยอื่น รายละเอียดจากตาราง: PlayStation 5 60 นาที (1 ชั่วโมง, 1-2 คน) • PSU Student and Staff: 0 บาท • PSU Alumni and General Student: 50 บาท • General Adult: 150 บาท แหล่งข้อมูล: https://esports.computing.psu.ac.th/wp-content/uploads/2026/01/PSU-Esports-Studio-phuket-SERVICE-FEE-2026.pn",pipeline:multi_question_splitter,multi_question/multi_question_split,100.0,True,1.3157,0,,,
MB-1290-C-054,compound,compound,บุคคลทั่วไป เล่น PS5 30 นาที เสียกี่บาท แล้วจองยังไง,"คำถามนี้มีหลายเรื่อง ขอแยกตอบเป็นข้อ ๆ: คำถามที่ 1: บุคคลทั่วไป เล่น PS5 30 นาที เสีย กี่บาท ระยะเวลาที่ถามคือ 30 นาที ใช้ 1 session ตามแพ็กเกจ PlayStation 5 60 นาที คำตอบราคา: 150 บาท สำหรับกลุ่ม General Adult / บุคคลทั่วไป • คำนวณจาก 150 บาท/session x 1 session = 150 บาท กลุ่มผู้ใช้ที่ตรวจเจอ: General Adult / บุคคลทั่วไป รายละเอียดจากตาราง: PlayStation 5 60 นาที (1 ชั่วโมง, 1-2 คน) • PSU Student and Staff: 0 บาท • PSU Alumni and General Student: 50 บาท • General Adult: 150 บาท แหล่งข้อมูล: https://esports.computing.psu.ac.th/wp-content/uploads/2026/01/PSU-Esports-Studio-phuket-SERVICE-FEE-2026.png คำถามที่ 2: จะเล่น บุคคลทั่วไป เล่น PS5 30 นาที เสีย จองยังไง ขั้นตอนจองโดยสรุป: • เลือกบริกา",pipeline:multi_question_splitter,multi_question/multi_question_split,100.0,True,1.1466,0,,,
MB-1291-C-055,compound,compound,บุคคลทั่วไป เล่น PS5 1 ชั่วโมง เสียกี่บาท แล้วจองยังไง,"คำถามนี้มีหลายเรื่อง ขอแยกตอบเป็นข้อ ๆ: คำถามที่ 1: บุคคลทั่วไป เล่น PS5 1 ชั่วโมง เสีย กี่บาท ระยะเวลาที่ถามคือ 1 ชั่วโมง ใช้ 1 session ตามแพ็กเกจ PlayStation 5 60 นาที คำตอบราคา: 150 บาท สำหรับกลุ่ม General Adult / บุคคลทั่วไป • คำนวณจาก 150 บาท/session x 1 session = 150 บาท กลุ่มผู้ใช้ที่ตรวจเจอ: General Adult / บุคคลทั่วไป รายละเอียดจากตาราง: PlayStation 5 60 นาที (1 ชั่วโมง, 1-2 คน) • PSU Student and Staff: 0 บาท • PSU Alumni and General Student: 50 บาท • General Adult: 150 บาท แหล่งข้อมูล: https://esports.computing.psu.ac.th/wp-content/uploads/2026/01/PSU-Esports-Studio-phuket-SERVICE-FEE-2026.png คำถามที่ 2: จะเล่น บุคคลทั่วไป เล่น PS5 1 ชั่วโมง เสีย จองยังไง ขั้นตอนจองโดยสรุป: • เลือ",pipeline:multi_question_splitter,multi_question/multi_question_split,100.0,True,1.1596,0,,,
MB-1292-C-056,compound,compound,บุคคลทั่วไป เล่น PS5 2 ชั่วโมง เสียกี่บาท แล้วจองยังไง,"คำถามนี้มีหลายเรื่อง ขอแยกตอบเป็นข้อ ๆ: คำถามที่ 1: บุคคลทั่วไป เล่น PS5 2 ชั่วโมง เสีย กี่บาท ระยะเวลาที่ถามคือ 2 ชั่วโมง ใช้ 2 session ตามแพ็กเกจ PlayStation 5 60 นาที คำตอบราคา: 300 บาท สำหรับกลุ่ม General Adult / บุคคลทั่วไป • คำนวณจาก 150 บาท/session x 2 session = 300 บาท กลุ่มผู้ใช้ที่ตรวจเจอ: General Adult / บุคคลทั่วไป รายละเอียดจากตาราง: PlayStation 5 60 นาที (1 ชั่วโมง, 1-2 คน) • PSU Student and Staff: 0 บาท • PSU Alumni and General Student: 50 บาท • General Adult: 150 บาท แหล่งข้อมูล: https://esports.computing.psu.ac.th/wp-content/uploads/2026/01/PSU-Esports-Studio-phuket-SERVICE-FEE-2026.png คำถามที่ 2: จะเล่น บุคคลทั่วไป เล่น PS5 2 ชั่วโมง เสีย จองยังไง ขั้นตอนจองโดยสรุป: • เลือ",pipeline:multi_question_splitter,multi_question/multi_question_split,100.0,True,1.1508,0,,,
MB-1293-C-057,compound,compound,นักศึกษา PSU เล่น Nintendo Switch 30 นาที เสียกี่บาท แล้วจองยังไง,คำถามนี้มีหลายเรื่อง ขอแยกตอบเป็นข้อ ๆ: คำถามที่ 1: นักศึกษา PSU เล่น Nintendo Switch 30 นาที เสีย กี่บาท ราคา Nintendo Switch สำหรับกลุ่ม PSU Student and Staff • Nintendo Switch 1-2 คน: 0 บาท • Nintendo Switch 3-4 คน: 0 บาท กลุ่มผู้ใช้ที่ตรวจเจอ: PSU Student and Staff หมายเหตุ: คำถามยังไม่ระบุจำนวนผู้เล่น จึงแสดงทั้งราคา 1-2 คนและ 3-4 คน รายละเอียดจากตาราง: Nintendo Switch 1-2 คน 60 นาที (1 ชั่วโมง) • PSU Student and Staff: 0 บาท • PSU Alumni and General Student: 50 บาท • General Adult: 140 บาท Nintendo Switch 3-4 คน 60 นาที (1 ชั่วโมง) • PSU Student and Staff: 0 บาท • PSU Alumni and General Student: 100 บาท • General Adult: 280 บาท แหล่งข้อมูล: https://esports.computing.psu.ac.th/wp-conten,pipeline:multi_question_splitter,multi_question/multi_question_split,100.0,True,1.5396,0,,,
MB-1294-C-058,compound,compound,นักศึกษา PSU เล่น Nintendo Switch 1 ชั่วโมง เสียกี่บาท แล้วจองยังไง,คำถามนี้มีหลายเรื่อง ขอแยกตอบเป็นข้อ ๆ: คำถามที่ 1: นักศึกษา PSU เล่น Nintendo Switch 1 ชั่วโมง เสีย กี่บาท ราคา Nintendo Switch สำหรับกลุ่ม PSU Student and Staff • Nintendo Switch 1-2 คน: 0 บาท • Nintendo Switch 3-4 คน: 0 บาท กลุ่มผู้ใช้ที่ตรวจเจอ: PSU Student and Staff หมายเหตุ: คำถามยังไม่ระบุจำนวนผู้เล่น จึงแสดงทั้งราคา 1-2 คนและ 3-4 คน รายละเอียดจากตาราง: Nintendo Switch 1-2 คน 60 นาที (1 ชั่วโมง) • PSU Student and Staff: 0 บาท • PSU Alumni and General Student: 50 บาท • General Adult: 140 บาท Nintendo Switch 3-4 คน 60 นาที (1 ชั่วโมง) • PSU Student and Staff: 0 บาท • PSU Alumni and General Student: 100 บาท • General Adult: 280 บาท แหล่งข้อมูล: https://esports.computing.psu.ac.th/wp-cont,pipeline:multi_question_splitter,multi_question/multi_question_split,100.0,True,1.6772,0,,,
MB-1295-C-059,compound,compound,นักศึกษา PSU เล่น Nintendo Switch 2 ชั่วโมง เสียกี่บาท แล้วจองยังไง,คำถามนี้มีหลายเรื่อง ขอแยกตอบเป็นข้อ ๆ: คำถามที่ 1: นักศึกษา PSU เล่น Nintendo Switch 2 ชั่วโมง เสีย กี่บาท ราคา Nintendo Switch สำหรับกลุ่ม PSU Student and Staff • Nintendo Switch 1-2 คน: 0 บาท • Nintendo Switch 3-4 คน: 0 บาท กลุ่มผู้ใช้ที่ตรวจเจอ: PSU Student and Staff หมายเหตุ: คำถามยังไม่ระบุจำนวนผู้เล่น จึงแสดงทั้งราคา 1-2 คนและ 3-4 คน รายละเอียดจากตาราง: Nintendo Switch 1-2 คน 60 นาที (1 ชั่วโมง) • PSU Student and Staff: 0 บาท • PSU Alumni and General Student: 50 บาท • General Adult: 140 บาท Nintendo Switch 3-4 คน 60 นาที (1 ชั่วโมง) • PSU Student and Staff: 0 บาท • PSU Alumni and General Student: 100 บาท • General Adult: 280 บาท แหล่งข้อมูล: https://esports.computing.psu.ac.th/wp-cont,pipeline:multi_question_splitter,multi_question/multi_question_split,100.0,True,1.5371,0,,,
MB-1296-C-060,compound,compound,นักศึกษาต่างมหาลัย เล่น Nintendo Switch 30 นาที เสียกี่บาท แล้วจองยังไง,คำถามนี้มีหลายเรื่อง ขอแยกตอบเป็นข้อ ๆ: คำถามที่ 1: นักศึกษาต่างมหาลัย เล่น Nintendo Switch 30 นาที เสีย กี่บาท ราคา Nintendo Switch สำหรับกลุ่ม PSU Alumni and General Student / นักศึกษาหรือนักเรียนต่างสถาบัน • Nintendo Switch 1-2 คน: 50 บาท • Nintendo Switch 3-4 คน: 100 บาท กลุ่มผู้ใช้ที่ตรวจเจอ: PSU Alumni and General Student / นักศึกษาหรือนักเรียนต่างสถาบัน / มหาลัยอื่น หมายเหตุ: คำถามยังไม่ระบุจำนวนผู้เล่น จึงแสดงทั้งราคา 1-2 คนและ 3-4 คน รายละเอียดจากตาราง: Nintendo Switch 1-2 คน 60 นาที (1 ชั่วโมง) • PSU Student and Staff: 0 บาท • PSU Alumni and General Student: 50 บาท • General Adult: 140 บาท Nintendo Switch 3-4 คน 60 นาที (1 ชั่วโมง) • PSU Student and Staff: 0 บาท • PSU Alumni and Ge,pipeline:multi_question_splitter,multi_question/multi_question_split,100.0,True,1.6583,0,,,
MB-1297-C-061,compound,compound,นักศึกษาต่างมหาลัย เล่น Nintendo Switch 1 ชั่วโมง เสียกี่บาท แล้วจองยังไง,คำถามนี้มีหลายเรื่อง ขอแยกตอบเป็นข้อ ๆ: คำถามที่ 1: นักศึกษาต่างมหาลัย เล่น Nintendo Switch 1 ชั่วโมง เสีย กี่บาท ราคา Nintendo Switch สำหรับกลุ่ม PSU Alumni and General Student / นักศึกษาหรือนักเรียนต่างสถาบัน • Nintendo Switch 1-2 คน: 50 บาท • Nintendo Switch 3-4 คน: 100 บาท กลุ่มผู้ใช้ที่ตรวจเจอ: PSU Alumni and General Student / นักศึกษาหรือนักเรียนต่างสถาบัน / มหาลัยอื่น หมายเหตุ: คำถามยังไม่ระบุจำนวนผู้เล่น จึงแสดงทั้งราคา 1-2 คนและ 3-4 คน รายละเอียดจากตาราง: Nintendo Switch 1-2 คน 60 นาที (1 ชั่วโมง) • PSU Student and Staff: 0 บาท • PSU Alumni and General Student: 50 บาท • General Adult: 140 บาท Nintendo Switch 3-4 คน 60 นาที (1 ชั่วโมง) • PSU Student and Staff: 0 บาท • PSU Alumni and ,pipeline:multi_question_splitter,multi_question/multi_question_split,100.0,True,1.7669,0,,,
MB-1298-C-062,compound,compound,นักศึกษาต่างมหาลัย เล่น Nintendo Switch 2 ชั่วโมง เสียกี่บาท แล้วจองยังไง,คำถามนี้มีหลายเรื่อง ขอแยกตอบเป็นข้อ ๆ: คำถามที่ 1: นักศึกษาต่างมหาลัย เล่น Nintendo Switch 2 ชั่วโมง เสีย กี่บาท ราคา Nintendo Switch สำหรับกลุ่ม PSU Alumni and General Student / นักศึกษาหรือนักเรียนต่างสถาบัน • Nintendo Switch 1-2 คน: 50 บาท • Nintendo Switch 3-4 คน: 100 บาท กลุ่มผู้ใช้ที่ตรวจเจอ: PSU Alumni and General Student / นักศึกษาหรือนักเรียนต่างสถาบัน / มหาลัยอื่น หมายเหตุ: คำถามยังไม่ระบุจำนวนผู้เล่น จึงแสดงทั้งราคา 1-2 คนและ 3-4 คน รายละเอียดจากตาราง: Nintendo Switch 1-2 คน 60 นาที (1 ชั่วโมง) • PSU Student and Staff: 0 บาท • PSU Alumni and General Student: 50 บาท • General Adult: 140 บาท Nintendo Switch 3-4 คน 60 นาที (1 ชั่วโมง) • PSU Student and Staff: 0 บาท • PSU Alumni and ,pipeline:multi_question_splitter,multi_question/multi_question_split,100.0,True,1.7749,0,,,
MB-1299-C-063,compound,compound,บุคคลทั่วไป เล่น Nintendo Switch 30 นาที เสียกี่บาท แล้วจองยังไง,คำถามนี้มีหลายเรื่อง ขอแยกตอบเป็นข้อ ๆ: คำถามที่ 1: บุคคลทั่วไป เล่น Nintendo Switch 30 นาที เสีย กี่บาท ราคา Nintendo Switch สำหรับกลุ่ม General Adult / บุคคลทั่วไป • Nintendo Switch 1-2 คน: 140 บาท • Nintendo Switch 3-4 คน: 280 บาท กลุ่มผู้ใช้ที่ตรวจเจอ: General Adult / บุคคลทั่วไป หมายเหตุ: คำถามยังไม่ระบุจำนวนผู้เล่น จึงแสดงทั้งราคา 1-2 คนและ 3-4 คน รายละเอียดจากตาราง: Nintendo Switch 1-2 คน 60 นาที (1 ชั่วโมง) • PSU Student and Staff: 0 บาท • PSU Alumni and General Student: 50 บาท • General Adult: 140 บาท Nintendo Switch 3-4 คน 60 นาที (1 ชั่วโมง) • PSU Student and Staff: 0 บาท • PSU Alumni and General Student: 100 บาท • General Adult: 280 บาท แหล่งข้อมูล: https://esports.computing.psu.,pipeline:multi_question_splitter,multi_question/multi_question_split,100.0,True,1.5175,0,,,
MB-1300-C-064,compound,compound,บุคคลทั่วไป เล่น Nintendo Switch 1 ชั่วโมง เสียกี่บาท แล้วจองยังไง,คำถามนี้มีหลายเรื่อง ขอแยกตอบเป็นข้อ ๆ: คำถามที่ 1: บุคคลทั่วไป เล่น Nintendo Switch 1 ชั่วโมง เสีย กี่บาท ราคา Nintendo Switch สำหรับกลุ่ม General Adult / บุคคลทั่วไป • Nintendo Switch 1-2 คน: 140 บาท • Nintendo Switch 3-4 คน: 280 บาท กลุ่มผู้ใช้ที่ตรวจเจอ: General Adult / บุคคลทั่วไป หมายเหตุ: คำถามยังไม่ระบุจำนวนผู้เล่น จึงแสดงทั้งราคา 1-2 คนและ 3-4 คน รายละเอียดจากตาราง: Nintendo Switch 1-2 คน 60 นาที (1 ชั่วโมง) • PSU Student and Staff: 0 บาท • PSU Alumni and General Student: 50 บาท • General Adult: 140 บาท Nintendo Switch 3-4 คน 60 นาที (1 ชั่วโมง) • PSU Student and Staff: 0 บาท • PSU Alumni and General Student: 100 บาท • General Adult: 280 บาท แหล่งข้อมูล: https://esports.computing.ps,pipeline:multi_question_splitter,multi_question/multi_question_split,100.0,True,1.5459,0,,,
MB-1301-C-065,compound,compound,บุคคลทั่วไป เล่น Nintendo Switch 2 ชั่วโมง เสียกี่บาท แล้วจองยังไง,คำถามนี้มีหลายเรื่อง ขอแยกตอบเป็นข้อ ๆ: คำถามที่ 1: บุคคลทั่วไป เล่น Nintendo Switch 2 ชั่วโมง เสีย กี่บาท ราคา Nintendo Switch สำหรับกลุ่ม General Adult / บุคคลทั่วไป • Nintendo Switch 1-2 คน: 140 บาท • Nintendo Switch 3-4 คน: 280 บาท กลุ่มผู้ใช้ที่ตรวจเจอ: General Adult / บุคคลทั่วไป หมายเหตุ: คำถามยังไม่ระบุจำนวนผู้เล่น จึงแสดงทั้งราคา 1-2 คนและ 3-4 คน รายละเอียดจากตาราง: Nintendo Switch 1-2 คน 60 นาที (1 ชั่วโมง) • PSU Student and Staff: 0 บาท • PSU Alumni and General Student: 50 บาท • General Adult: 140 บาท Nintendo Switch 3-4 คน 60 นาที (1 ชั่วโมง) • PSU Student and Staff: 0 บาท • PSU Alumni and General Student: 100 บาท • General Adult: 280 บาท แหล่งข้อมูล: https://esports.computing.ps,pipeline:multi_question_splitter,multi_question/multi_question_split,100.0,True,1.5872,0,,,
MB-1302-C-066,compound,compound,นักศึกษา PSU เล่น Cockpit 30 นาที เสียกี่บาท แล้วจองยังไง,"คำถามนี้มีหลายเรื่อง ขอแยกตอบเป็นข้อ ๆ: คำถามที่ 1: นักศึกษา PSU เล่น Cockpit 30 นาที เสีย กี่บาท ระยะเวลาที่ถามคือ 30 นาที ใช้ 1 session ตามแพ็กเกจ Cockpit 60 นาที คำตอบราคา: 0 บาท สำหรับกลุ่ม PSU Student and Staff • คำนวณจาก 0 บาท/session x 1 session = 0 บาท กลุ่มผู้ใช้ที่ตรวจเจอ: PSU Student and Staff รายละเอียดจากตาราง: Cockpit 60 นาที (1 ชั่วโมง, 1 คน) • PSU Student and Staff: 0 บาท • PSU Alumni and General Student: 65 บาท • General Adult: 200 บาท แหล่งข้อมูล: https://esports.computing.psu.ac.th/wp-content/uploads/2026/01/PSU-Esports-Studio-phuket-SERVICE-FEE-2026.png คำถามที่ 2: จะเล่น นักศึกษา PSU เล่น Cockpit 30 นาที เสีย จองยังไง ขั้นตอนจองโดยสรุป: • เลือกบริการหรือโซนที่ต้องการใช้ ",pipeline:multi_question_splitter,multi_question/multi_question_split,100.0,True,1.3094,0,,,
MB-1303-C-067,compound,compound,นักศึกษา PSU เล่น Cockpit 1 ชั่วโมง เสียกี่บาท แล้วจองยังไง,"คำถามนี้มีหลายเรื่อง ขอแยกตอบเป็นข้อ ๆ: คำถามที่ 1: นักศึกษา PSU เล่น Cockpit 1 ชั่วโมง เสีย กี่บาท ระยะเวลาที่ถามคือ 1 ชั่วโมง ใช้ 1 session ตามแพ็กเกจ Cockpit 60 นาที คำตอบราคา: 0 บาท สำหรับกลุ่ม PSU Student and Staff • คำนวณจาก 0 บาท/session x 1 session = 0 บาท กลุ่มผู้ใช้ที่ตรวจเจอ: PSU Student and Staff รายละเอียดจากตาราง: Cockpit 60 นาที (1 ชั่วโมง, 1 คน) • PSU Student and Staff: 0 บาท • PSU Alumni and General Student: 65 บาท • General Adult: 200 บาท แหล่งข้อมูล: https://esports.computing.psu.ac.th/wp-content/uploads/2026/01/PSU-Esports-Studio-phuket-SERVICE-FEE-2026.png คำถามที่ 2: จะเล่น นักศึกษา PSU เล่น Cockpit 1 ชั่วโมง เสีย จองยังไง ขั้นตอนจองโดยสรุป: • เลือกบริการหรือโซนที่ต้องก",pipeline:multi_question_splitter,multi_question/multi_question_split,100.0,True,1.3525,0,,,
MB-1304-C-068,compound,compound,นักศึกษา PSU เล่น Cockpit 2 ชั่วโมง เสียกี่บาท แล้วจองยังไง,"คำถามนี้มีหลายเรื่อง ขอแยกตอบเป็นข้อ ๆ: คำถามที่ 1: นักศึกษา PSU เล่น Cockpit 2 ชั่วโมง เสีย กี่บาท ระยะเวลาที่ถามคือ 2 ชั่วโมง ใช้ 2 session ตามแพ็กเกจ Cockpit 60 นาที คำตอบราคา: 0 บาท สำหรับกลุ่ม PSU Student and Staff • คำนวณจาก 0 บาท/session x 2 session = 0 บาท กลุ่มผู้ใช้ที่ตรวจเจอ: PSU Student and Staff รายละเอียดจากตาราง: Cockpit 60 นาที (1 ชั่วโมง, 1 คน) • PSU Student and Staff: 0 บาท • PSU Alumni and General Student: 65 บาท • General Adult: 200 บาท แหล่งข้อมูล: https://esports.computing.psu.ac.th/wp-content/uploads/2026/01/PSU-Esports-Studio-phuket-SERVICE-FEE-2026.png คำถามที่ 2: จะเล่น นักศึกษา PSU เล่น Cockpit 2 ชั่วโมง เสีย จองยังไง ขั้นตอนจองโดยสรุป: • เลือกบริการหรือโซนที่ต้องก",pipeline:multi_question_splitter,multi_question/multi_question_split,100.0,True,1.4,0,,,
MB-1305-C-069,compound,compound,นักศึกษาต่างมหาลัย เล่น Cockpit 30 นาที เสียกี่บาท แล้วจองยังไง,"คำถามนี้มีหลายเรื่อง ขอแยกตอบเป็นข้อ ๆ: คำถามที่ 1: นักศึกษาต่างมหาลัย เล่น Cockpit 30 นาที เสีย กี่บาท ระยะเวลาที่ถามคือ 30 นาที ใช้ 1 session ตามแพ็กเกจ Cockpit 60 นาที คำตอบราคา: 65 บาท สำหรับกลุ่ม PSU Alumni and General Student / นักศึกษาหรือนักเรียนต่างสถาบัน • คำนวณจาก 65 บาท/session x 1 session = 65 บาท กลุ่มผู้ใช้ที่ตรวจเจอ: PSU Alumni and General Student / นักศึกษาหรือนักเรียนต่างสถาบัน / มหาลัยอื่น รายละเอียดจากตาราง: Cockpit 60 นาที (1 ชั่วโมง, 1 คน) • PSU Student and Staff: 0 บาท • PSU Alumni and General Student: 65 บาท • General Adult: 200 บาท แหล่งข้อมูล: https://esports.computing.psu.ac.th/wp-content/uploads/2026/01/PSU-Esports-Studio-phuket-SERVICE-FEE-2026.png คำถามที่ 2: จะ",pipeline:multi_question_splitter,multi_question/multi_question_split,100.0,True,1.4559,0,,,
MB-1306-C-070,compound,compound,นักศึกษาต่างมหาลัย เล่น Cockpit 1 ชั่วโมง เสียกี่บาท แล้วจองยังไง,"คำถามนี้มีหลายเรื่อง ขอแยกตอบเป็นข้อ ๆ: คำถามที่ 1: นักศึกษาต่างมหาลัย เล่น Cockpit 1 ชั่วโมง เสีย กี่บาท ระยะเวลาที่ถามคือ 1 ชั่วโมง ใช้ 1 session ตามแพ็กเกจ Cockpit 60 นาที คำตอบราคา: 65 บาท สำหรับกลุ่ม PSU Alumni and General Student / นักศึกษาหรือนักเรียนต่างสถาบัน • คำนวณจาก 65 บาท/session x 1 session = 65 บาท กลุ่มผู้ใช้ที่ตรวจเจอ: PSU Alumni and General Student / นักศึกษาหรือนักเรียนต่างสถาบัน / มหาลัยอื่น รายละเอียดจากตาราง: Cockpit 60 นาที (1 ชั่วโมง, 1 คน) • PSU Student and Staff: 0 บาท • PSU Alumni and General Student: 65 บาท • General Adult: 200 บาท แหล่งข้อมูล: https://esports.computing.psu.ac.th/wp-content/uploads/2026/01/PSU-Esports-Studio-phuket-SERVICE-FEE-2026.png คำถามที่ 2",pipeline:multi_question_splitter,multi_question/multi_question_split,100.0,True,1.5186,0,,,
MB-1307-C-071,compound,compound,นักศึกษาต่างมหาลัย เล่น Cockpit 2 ชั่วโมง เสียกี่บาท แล้วจองยังไง,"คำถามนี้มีหลายเรื่อง ขอแยกตอบเป็นข้อ ๆ: คำถามที่ 1: นักศึกษาต่างมหาลัย เล่น Cockpit 2 ชั่วโมง เสีย กี่บาท ระยะเวลาที่ถามคือ 2 ชั่วโมง ใช้ 2 session ตามแพ็กเกจ Cockpit 60 นาที คำตอบราคา: 130 บาท สำหรับกลุ่ม PSU Alumni and General Student / นักศึกษาหรือนักเรียนต่างสถาบัน • คำนวณจาก 65 บาท/session x 2 session = 130 บาท กลุ่มผู้ใช้ที่ตรวจเจอ: PSU Alumni and General Student / นักศึกษาหรือนักเรียนต่างสถาบัน / มหาลัยอื่น รายละเอียดจากตาราง: Cockpit 60 นาที (1 ชั่วโมง, 1 คน) • PSU Student and Staff: 0 บาท • PSU Alumni and General Student: 65 บาท • General Adult: 200 บาท แหล่งข้อมูล: https://esports.computing.psu.ac.th/wp-content/uploads/2026/01/PSU-Esports-Studio-phuket-SERVICE-FEE-2026.png คำถามที่",pipeline:multi_question_splitter,multi_question/multi_question_split,100.0,True,1.5772,0,,,
MB-1308-C-072,compound,compound,บุคคลทั่วไป เล่น Cockpit 30 นาที เสียกี่บาท แล้วจองยังไง,"คำถามนี้มีหลายเรื่อง ขอแยกตอบเป็นข้อ ๆ: คำถามที่ 1: บุคคลทั่วไป เล่น Cockpit 30 นาที เสีย กี่บาท ระยะเวลาที่ถามคือ 30 นาที ใช้ 1 session ตามแพ็กเกจ Cockpit 60 นาที คำตอบราคา: 200 บาท สำหรับกลุ่ม General Adult / บุคคลทั่วไป • คำนวณจาก 200 บาท/session x 1 session = 200 บาท กลุ่มผู้ใช้ที่ตรวจเจอ: General Adult / บุคคลทั่วไป รายละเอียดจากตาราง: Cockpit 60 นาที (1 ชั่วโมง, 1 คน) • PSU Student and Staff: 0 บาท • PSU Alumni and General Student: 65 บาท • General Adult: 200 บาท แหล่งข้อมูล: https://esports.computing.psu.ac.th/wp-content/uploads/2026/01/PSU-Esports-Studio-phuket-SERVICE-FEE-2026.png คำถามที่ 2: จะเล่น บุคคลทั่วไป เล่น Cockpit 30 นาที เสีย จองยังไง ขั้นตอนจองโดยสรุป: • เลือกบริการหรือโ",pipeline:multi_question_splitter,multi_question/multi_question_split,100.0,True,1.3441,0,,,
MB-1309-C-073,compound,compound,บุคคลทั่วไป เล่น Cockpit 1 ชั่วโมง เสียกี่บาท แล้วจองยังไง,"คำถามนี้มีหลายเรื่อง ขอแยกตอบเป็นข้อ ๆ: คำถามที่ 1: บุคคลทั่วไป เล่น Cockpit 1 ชั่วโมง เสีย กี่บาท ระยะเวลาที่ถามคือ 1 ชั่วโมง ใช้ 1 session ตามแพ็กเกจ Cockpit 60 นาที คำตอบราคา: 200 บาท สำหรับกลุ่ม General Adult / บุคคลทั่วไป • คำนวณจาก 200 บาท/session x 1 session = 200 บาท กลุ่มผู้ใช้ที่ตรวจเจอ: General Adult / บุคคลทั่วไป รายละเอียดจากตาราง: Cockpit 60 นาที (1 ชั่วโมง, 1 คน) • PSU Student and Staff: 0 บาท • PSU Alumni and General Student: 65 บาท • General Adult: 200 บาท แหล่งข้อมูล: https://esports.computing.psu.ac.th/wp-content/uploads/2026/01/PSU-Esports-Studio-phuket-SERVICE-FEE-2026.png คำถามที่ 2: จะเล่น บุคคลทั่วไป เล่น Cockpit 1 ชั่วโมง เสีย จองยังไง ขั้นตอนจองโดยสรุป: • เลือกบริกา",pipeline:multi_question_splitter,multi_question/multi_question_split,100.0,True,1.3934,0,,,
MB-1310-C-074,compound,compound,บุคคลทั่วไป เล่น Cockpit 2 ชั่วโมง เสียกี่บาท แล้วจองยังไง,"คำถามนี้มีหลายเรื่อง ขอแยกตอบเป็นข้อ ๆ: คำถามที่ 1: บุคคลทั่วไป เล่น Cockpit 2 ชั่วโมง เสีย กี่บาท ระยะเวลาที่ถามคือ 2 ชั่วโมง ใช้ 2 session ตามแพ็กเกจ Cockpit 60 นาที คำตอบราคา: 400 บาท สำหรับกลุ่ม General Adult / บุคคลทั่วไป • คำนวณจาก 200 บาท/session x 2 session = 400 บาท กลุ่มผู้ใช้ที่ตรวจเจอ: General Adult / บุคคลทั่วไป รายละเอียดจากตาราง: Cockpit 60 นาที (1 ชั่วโมง, 1 คน) • PSU Student and Staff: 0 บาท • PSU Alumni and General Student: 65 บาท • General Adult: 200 บาท แหล่งข้อมูล: https://esports.computing.psu.ac.th/wp-content/uploads/2026/01/PSU-Esports-Studio-phuket-SERVICE-FEE-2026.png คำถามที่ 2: จะเล่น บุคคลทั่วไป เล่น Cockpit 2 ชั่วโมง เสีย จองยังไง ขั้นตอนจองโดยสรุป: • เลือกบริกา",pipeline:multi_question_splitter,multi_question/multi_question_split,100.0,True,1.4571,0,,,
MB-1311-C-075,compound,compound,นักศึกษา PSU เล่น VR 30 นาที เสียกี่บาท แล้วจองยังไง,คำถามนี้มีหลายเรื่อง ขอแยกตอบเป็นข้อ ๆ: คำถามที่ 1: นักศึกษา PSU เล่น VR 30 นาที เสีย กี่บาท ระยะเวลาที่ถามคือ 30 นาที ใช้ 1 session ตามแพ็กเกจ VR 30 นาที คำตอบราคา: 0 บาท สำหรับกลุ่ม PSU Student and Staff • คำนวณจาก 0 บาท/session x 1 session = 0 บาท กลุ่มผู้ใช้ที่ตรวจเจอ: PSU Student and Staff รายละเอียดจากตาราง: VR 30 นาที (1-5 คน) • PSU Student and Staff: 0 บาท • PSU Alumni and General Student: 190 บาท • General Adult: 525 บาท แหล่งข้อมูล: https://esports.computing.psu.ac.th/wp-content/uploads/2026/01/PSU-Esports-Studio-phuket-SERVICE-FEE-2026.png คำถามที่ 2: จะเล่น นักศึกษา PSU เล่น VR 30 นาที เสีย จองยังไง ขั้นตอนจองโดยสรุป: • เลือกบริการหรือโซนที่ต้องการใช้ • เลือกวันและรอบเวลาที่ต้องก,pipeline:multi_question_splitter,multi_question/multi_question_split,100.0,True,1.1845,0,,,
MB-1312-C-076,compound,compound,นักศึกษา PSU เล่น VR 1 ชั่วโมง เสียกี่บาท แล้วจองยังไง,"คำถามนี้มีหลายเรื่อง ขอแยกตอบเป็นข้อ ๆ: คำถามที่ 1: นักศึกษา PSU เล่น VR 1 ชั่วโมง เสีย กี่บาท ระยะเวลาที่ถามคือ 1 ชั่วโมง ใช้ 1 session ตามแพ็กเกจ VR 1 ชั่วโมง คำตอบราคา: 0 บาท สำหรับกลุ่ม PSU Student and Staff • คำนวณจาก 0 บาท/session x 1 session = 0 บาท กลุ่มผู้ใช้ที่ตรวจเจอ: PSU Student and Staff รายละเอียดจากตาราง: VR 1 ชั่วโมง (60 นาที, 1-5 คน) • PSU Student and Staff: 0 บาท • PSU Alumni and General Student: 375 บาท • General Adult: 1,050 บาท แหล่งข้อมูล: https://esports.computing.psu.ac.th/wp-content/uploads/2026/01/PSU-Esports-Studio-phuket-SERVICE-FEE-2026.png คำถามที่ 2: จะเล่น นักศึกษา PSU เล่น VR 1 ชั่วโมง เสีย จองยังไง ขั้นตอนจองโดยสรุป: • เลือกบริการหรือโซนที่ต้องการใช้ • เลือก",pipeline:multi_question_splitter,multi_question/multi_question_split,100.0,True,1.2638,0,,,
MB-1313-C-077,compound,compound,นักศึกษา PSU เล่น VR 2 ชั่วโมง เสียกี่บาท แล้วจองยังไง,"คำถามนี้มีหลายเรื่อง ขอแยกตอบเป็นข้อ ๆ: คำถามที่ 1: นักศึกษา PSU เล่น VR 2 ชั่วโมง เสีย กี่บาท ราคา VR สำหรับกลุ่ม PSU Student and Staff • VR 30 นาที: 0 บาท • VR 1 ชั่วโมง: 0 บาท กลุ่มผู้ใช้ที่ตรวจเจอ: PSU Student and Staff หมายเหตุ: คำถามยังไม่ระบุระยะเวลา จึงแสดงทั้งราคา 30 นาทีและ 1 ชั่วโมง รายละเอียดจากตาราง: VR 30 นาที (1-5 คน) • PSU Student and Staff: 0 บาท • PSU Alumni and General Student: 190 บาท • General Adult: 525 บาท VR 1 ชั่วโมง (60 นาที, 1-5 คน) • PSU Student and Staff: 0 บาท • PSU Alumni and General Student: 375 บาท • General Adult: 1,050 บาท แหล่งข้อมูล: https://esports.computing.psu.ac.th/wp-content/uploads/2026/01/PSU-Esports-Studio-phuket-SERVICE-FEE-2026.png คำถามที่ 2: จ",pipeline:multi_question_splitter,multi_question/multi_question_split,100.0,True,1.265,0,,,
MB-1314-C-078,compound,compound,นักศึกษาต่างมหาลัย เล่น VR 30 นาที เสียกี่บาท แล้วจองยังไง,คำถามนี้มีหลายเรื่อง ขอแยกตอบเป็นข้อ ๆ: คำถามที่ 1: นักศึกษาต่างมหาลัย เล่น VR 30 นาที เสีย กี่บาท ระยะเวลาที่ถามคือ 30 นาที ใช้ 1 session ตามแพ็กเกจ VR 30 นาที คำตอบราคา: 190 บาท สำหรับกลุ่ม PSU Alumni and General Student / นักศึกษาหรือนักเรียนต่างสถาบัน • คำนวณจาก 190 บาท/session x 1 session = 190 บาท กลุ่มผู้ใช้ที่ตรวจเจอ: PSU Alumni and General Student / นักศึกษาหรือนักเรียนต่างสถาบัน / มหาลัยอื่น รายละเอียดจากตาราง: VR 30 นาที (1-5 คน) • PSU Student and Staff: 0 บาท • PSU Alumni and General Student: 190 บาท • General Adult: 525 บาท แหล่งข้อมูล: https://esports.computing.psu.ac.th/wp-content/uploads/2026/01/PSU-Esports-Studio-phuket-SERVICE-FEE-2026.png คำถามที่ 2: จะเล่น นักศึกษาต่างมหา,pipeline:multi_question_splitter,multi_question/multi_question_split,100.0,True,1.3806,0,,,
MB-1315-C-079,compound,compound,นักศึกษาต่างมหาลัย เล่น VR 1 ชั่วโมง เสียกี่บาท แล้วจองยังไง,"คำถามนี้มีหลายเรื่อง ขอแยกตอบเป็นข้อ ๆ: คำถามที่ 1: นักศึกษาต่างมหาลัย เล่น VR 1 ชั่วโมง เสีย กี่บาท ระยะเวลาที่ถามคือ 1 ชั่วโมง ใช้ 1 session ตามแพ็กเกจ VR 1 ชั่วโมง คำตอบราคา: 375 บาท สำหรับกลุ่ม PSU Alumni and General Student / นักศึกษาหรือนักเรียนต่างสถาบัน • คำนวณจาก 375 บาท/session x 1 session = 375 บาท กลุ่มผู้ใช้ที่ตรวจเจอ: PSU Alumni and General Student / นักศึกษาหรือนักเรียนต่างสถาบัน / มหาลัยอื่น รายละเอียดจากตาราง: VR 1 ชั่วโมง (60 นาที, 1-5 คน) • PSU Student and Staff: 0 บาท • PSU Alumni and General Student: 375 บาท • General Adult: 1,050 บาท แหล่งข้อมูล: https://esports.computing.psu.ac.th/wp-content/uploads/2026/01/PSU-Esports-Studio-phuket-SERVICE-FEE-2026.png คำถามที่ 2: จะเ",pipeline:multi_question_splitter,multi_question/multi_question_split,100.0,True,1.397,0,,,
MB-1316-C-080,compound,compound,นักศึกษาต่างมหาลัย เล่น VR 2 ชั่วโมง เสียกี่บาท แล้วจองยังไง,"คำถามนี้มีหลายเรื่อง ขอแยกตอบเป็นข้อ ๆ: คำถามที่ 1: นักศึกษาต่างมหาลัย เล่น VR 2 ชั่วโมง เสีย กี่บาท ราคา VR สำหรับกลุ่ม PSU Alumni and General Student / นักศึกษาหรือนักเรียนต่างสถาบัน • VR 30 นาที: 190 บาท • VR 1 ชั่วโมง: 375 บาท กลุ่มผู้ใช้ที่ตรวจเจอ: PSU Alumni and General Student / นักศึกษาหรือนักเรียนต่างสถาบัน / มหาลัยอื่น หมายเหตุ: คำถามยังไม่ระบุระยะเวลา จึงแสดงทั้งราคา 30 นาทีและ 1 ชั่วโมง รายละเอียดจากตาราง: VR 30 นาที (1-5 คน) • PSU Student and Staff: 0 บาท • PSU Alumni and General Student: 190 บาท • General Adult: 525 บาท VR 1 ชั่วโมง (60 นาที, 1-5 คน) • PSU Student and Staff: 0 บาท • PSU Alumni and General Student: 375 บาท • General Adult: 1,050 บาท แหล่งข้อมูล: https://esports.",pipeline:multi_question_splitter,multi_question/multi_question_split,100.0,True,1.4189,0,,,
MB-1317-C-081,compound,compound,บุคคลทั่วไป เล่น VR 30 นาที เสียกี่บาท แล้วจองยังไง,คำถามนี้มีหลายเรื่อง ขอแยกตอบเป็นข้อ ๆ: คำถามที่ 1: บุคคลทั่วไป เล่น VR 30 นาที เสีย กี่บาท ระยะเวลาที่ถามคือ 30 นาที ใช้ 1 session ตามแพ็กเกจ VR 30 นาที คำตอบราคา: 525 บาท สำหรับกลุ่ม General Adult / บุคคลทั่วไป • คำนวณจาก 525 บาท/session x 1 session = 525 บาท กลุ่มผู้ใช้ที่ตรวจเจอ: General Adult / บุคคลทั่วไป รายละเอียดจากตาราง: VR 30 นาที (1-5 คน) • PSU Student and Staff: 0 บาท • PSU Alumni and General Student: 190 บาท • General Adult: 525 บาท แหล่งข้อมูล: https://esports.computing.psu.ac.th/wp-content/uploads/2026/01/PSU-Esports-Studio-phuket-SERVICE-FEE-2026.png คำถามที่ 2: จะเล่น บุคคลทั่วไป เล่น VR 30 นาที เสีย จองยังไง ขั้นตอนจองโดยสรุป: • เลือกบริการหรือโซนที่ต้องการใช้ • เลือกวันแล,pipeline:multi_question_splitter,multi_question/multi_question_split,100.0,True,1.1723,0,,,
MB-1318-C-082,compound,compound,บุคคลทั่วไป เล่น VR 1 ชั่วโมง เสียกี่บาท แล้วจองยังไง,"คำถามนี้มีหลายเรื่อง ขอแยกตอบเป็นข้อ ๆ: คำถามที่ 1: บุคคลทั่วไป เล่น VR 1 ชั่วโมง เสีย กี่บาท ระยะเวลาที่ถามคือ 1 ชั่วโมง ใช้ 1 session ตามแพ็กเกจ VR 1 ชั่วโมง คำตอบราคา: 1050 บาท สำหรับกลุ่ม General Adult / บุคคลทั่วไป • คำนวณจาก 1050 บาท/session x 1 session = 1050 บาท กลุ่มผู้ใช้ที่ตรวจเจอ: General Adult / บุคคลทั่วไป รายละเอียดจากตาราง: VR 1 ชั่วโมง (60 นาที, 1-5 คน) • PSU Student and Staff: 0 บาท • PSU Alumni and General Student: 375 บาท • General Adult: 1,050 บาท แหล่งข้อมูล: https://esports.computing.psu.ac.th/wp-content/uploads/2026/01/PSU-Esports-Studio-phuket-SERVICE-FEE-2026.png คำถามที่ 2: จะเล่น บุคคลทั่วไป เล่น VR 1 ชั่วโมง เสีย จองยังไง ขั้นตอนจองโดยสรุป: • เลือกบริการหรือโซนที",pipeline:multi_question_splitter,multi_question/multi_question_split,100.0,True,1.2732,0,,,
MB-1319-C-083,compound,compound,บุคคลทั่วไป เล่น VR 2 ชั่วโมง เสียกี่บาท แล้วจองยังไง,"คำถามนี้มีหลายเรื่อง ขอแยกตอบเป็นข้อ ๆ: คำถามที่ 1: บุคคลทั่วไป เล่น VR 2 ชั่วโมง เสีย กี่บาท ราคา VR สำหรับกลุ่ม General Adult / บุคคลทั่วไป • VR 30 นาที: 525 บาท • VR 1 ชั่วโมง: 1,050 บาท กลุ่มผู้ใช้ที่ตรวจเจอ: General Adult / บุคคลทั่วไป หมายเหตุ: คำถามยังไม่ระบุระยะเวลา จึงแสดงทั้งราคา 30 นาทีและ 1 ชั่วโมง รายละเอียดจากตาราง: VR 30 นาที (1-5 คน) • PSU Student and Staff: 0 บาท • PSU Alumni and General Student: 190 บาท • General Adult: 525 บาท VR 1 ชั่วโมง (60 นาที, 1-5 คน) • PSU Student and Staff: 0 บาท • PSU Alumni and General Student: 375 บาท • General Adult: 1,050 บาท แหล่งข้อมูล: https://esports.computing.psu.ac.th/wp-content/uploads/2026/01/PSU-Esports-Studio-phuket-SERVICE-FEE-2026.",pipeline:multi_question_splitter,multi_question/multi_question_split,100.0,True,1.3671,0,,,
MB-1320-C-084,compound,compound,VR 30 นาทีกับ VR 1 ชั่วโมงต่างกันยังไง แล้วจองยังไง,คำถามนี้มีหลายเรื่อง ขอแยกตอบเป็นข้อ ๆ: คำถามที่ 1: VR 30 นาที จองยังไง ยังไม่พบข้อมูลที่ยืนยันได้ในฐานข้อมูลของ PSU Esports Studio - Phuket สำหรับหมวด reservation ตอนนี้ครับ คำถามที่ 2: VR 1 ชั่วโมงต่างกันยังไง แล้ว จองยังไง ยังไม่พบข้อมูลที่ยืนยันได้ในฐานข้อมูลของ PSU Esports Studio - Phuket สำหรับหมวด reservation ตอนนี้ครับ,pipeline:multi_question_splitter,multi_question/multi_question_split,100.0,True,5.6052,1,query_planner,,
MB-1321-C-085,compound,compound,ถ้าเล่น PC 3 ชั่วโมง บุคคลทั่วไปต้องจ่ายเท่าไหร่ แล้วจองยังไง,คำถามนี้มีหลายเรื่อง ขอแยกตอบเป็นข้อ ๆ: คำถามที่ 1: ถ้าเล่น PC 3 ชั่วโมง บุคคลทั่วไปต้องจ่ายเท่าไหร่ ระยะเวลาที่ถามคือ 3 ชั่วโมง ใช้ 3 session ตามแพ็กเกจ PC 1 ชั่วโมง คำตอบราคา: 210 บาท สำหรับกลุ่ม General Adult / บุคคลทั่วไป • คำนวณจาก 70 บาท/session x 3 session = 210 บาท กลุ่มผู้ใช้ที่ตรวจเจอ: General Adult / บุคคลทั่วไป รายละเอียดจากตาราง: PC 1 ชั่วโมง (1 คน) • PSU Student and Staff: 0 บาท • PSU Alumni and General Student: 25 บาท • General Adult: 70 บาท หมายเหตุข้อมูล PC: ราคา PC เพิ่มจาก local service fee update 2026-07-27 แหล่งข้อมูล: https://esports.computing.psu.ac.th/wp-content/uploads/2026/01/PSU-Esports-Studio-phuket-SERVICE-FEE-2026.png คำถามที่ 2: จองยังไง ขั้นตอนจองโดยสรุป: • เล,pipeline:multi_question_splitter,multi_question/multi_question_split,100.0,True,0.4962,0,,,
MB-1322-C-086,compound,compound,ต่างมหาลัยเล่น Cockpit 2 ชั่วโมงกี่บาท แล้วจองยังไง,"คำถามนี้มีหลายเรื่อง ขอแยกตอบเป็นข้อ ๆ: คำถามที่ 1: ต่างมหาลัยเล่น Cockpit 2 ชั่วโมง กี่บาท ระยะเวลาที่ถามคือ 2 ชั่วโมง ใช้ 2 session ตามแพ็กเกจ Cockpit 60 นาที คำตอบราคา: 130 บาท สำหรับกลุ่ม PSU Alumni and General Student / นักศึกษาหรือนักเรียนต่างสถาบัน • คำนวณจาก 65 บาท/session x 2 session = 130 บาท กลุ่มผู้ใช้ที่ตรวจเจอ: PSU Alumni and General Student / นักศึกษาหรือนักเรียนต่างสถาบัน / มหาลัยอื่น รายละเอียดจากตาราง: Cockpit 60 นาที (1 ชั่วโมง, 1 คน) • PSU Student and Staff: 0 บาท • PSU Alumni and General Student: 65 บาท • General Adult: 200 บาท แหล่งข้อมูล: https://esports.computing.psu.ac.th/wp-content/uploads/2026/01/PSU-Esports-Studio-phuket-SERVICE-FEE-2026.png คำถามที่ 2: จะเล่น ต่า",pipeline:multi_question_splitter,multi_question/multi_question_split,100.0,True,0.7388,0,,,
MB-1323-C-087,compound,compound,เด็ก ม.อ. เล่น Nintendo 4 คนเสียเงินไหม แล้วจองยังไง,"คำถามนี้มีหลายเรื่อง ขอแยกตอบเป็นข้อ ๆ: คำถามที่ 1: เด็ก ม.อ. เล่น Nintendo 4 คนเสียเงินไหม ราคา 0 บาท สำหรับกลุ่ม PSU Student and Staff • Nintendo Switch 3-4 คน 60 นาที: 0 บาท กลุ่มผู้ใช้ที่ตรวจเจอ: PSU Student and Staff รายละเอียดจากตาราง: Nintendo Switch 3-4 คน 60 นาที (1 ชั่วโมง) • PSU Student and Staff: 0 บาท • PSU Alumni and General Student: 100 บาท • General Adult: 280 บาท แหล่งข้อมูล: https://esports.computing.psu.ac.th/wp-content/uploads/2026/01/PSU-Esports-Studio-phuket-SERVICE-FEE-2026.png คำถามที่ 2: จองยังไง ขั้นตอนจองโดยสรุป: • เลือกบริการหรือโซนที่ต้องการใช้ • เลือกวันและรอบเวลาที่ต้องการ • กรอก Student ID/Staff ID/National ID, ชื่อ, นามสกุล, อีเมล และเบอร์โทรศัพท์ • ตรวจสอบข้",pipeline:multi_question_splitter,multi_question/multi_question_split,100.0,True,0.4788,0,,,
MB-1324-C-088,compound,compound,General Adult เล่น VR 1 ชั่วโมงกี่บาท แล้วจองยังไง,"คำถามนี้มีหลายเรื่อง ขอแยกตอบเป็นข้อ ๆ: คำถามที่ 1: General Adult เล่น VR 1 ชั่วโมง กี่บาท ระยะเวลาที่ถามคือ 1 ชั่วโมง ใช้ 1 session ตามแพ็กเกจ VR 1 ชั่วโมง ยังไม่ทราบกลุ่มผู้ใช้ จึงแสดงราคาทุกกลุ่มให้เทียบก่อน: • PSU Student and Staff: 0 บาท/session x 1 = 0 บาท • PSU Alumni and General Student / นักศึกษาหรือนักเรียนต่างสถาบัน: 375 บาท/session x 1 = 375 บาท • General Adult / บุคคลทั่วไป: 1050 บาท/session x 1 = 1050 บาท รายละเอียดจากตาราง: VR 1 ชั่วโมง (60 นาที, 1-5 คน) • PSU Student and Staff: 0 บาท • PSU Alumni and General Student: 375 บาท • General Adult: 1,050 บาท แหล่งข้อมูล: https://esports.computing.psu.ac.th/wp-content/uploads/2026/01/PSU-Esports-Studio-phuket-SERVICE-FEE-2026.png คำถ",pipeline:multi_question_splitter,multi_question/multi_question_split,100.0,True,0.8048,0,,,
MB-1325-C-089,compound,compound,PSU Staff เล่น PC ต้องเสียเงินไหม แล้วจองยังไง,"คำถามนี้มีหลายเรื่อง ขอแยกตอบเป็นข้อ ๆ: คำถามที่ 1: PSU Staff เล่น PC ต้องเสียเงินไหม ราคา PC 1 ชั่วโมง สำหรับ PSU Student and Staff: 0 บาท กลุ่มผู้ใช้ที่ตรวจเจอ: PSU Student and Staff หมายเหตุข้อมูล PC: ราคา PC เพิ่มจาก local service fee update 2026-07-27 แหล่งข้อมูล: https://esports.computing.psu.ac.th/wp-content/uploads/2026/01/PSU-Esports-Studio-phuket-SERVICE-FEE-2026.png คำถามที่ 2: จองยังไง ขั้นตอนจองโดยสรุป: • เลือกบริการหรือโซนที่ต้องการใช้ • เลือกวันและรอบเวลาที่ต้องการ • กรอก Student ID/Staff ID/National ID, ชื่อ, นามสกุล, อีเมล และเบอร์โทรศัพท์ • ตรวจสอบข้อมูลและชำระเงินโดยโอนเข้าบัญชีที่ระบบแจ้ง • หลังจองต้องชำระเงินภายใน 10 นาที • แนบสลิปและยืนยันการจอง แหล่งข้อมูล: https://esp",pipeline:multi_question_splitter,multi_question/multi_question_split,100.0,True,0.4062,0,,,
MB-1326-GL-001,general_llm,general_llm,อธิบายคำว่า latency ในระบบคอมพิวเตอร์แบบสั้น ๆ,Latency คือเวลาที่ใช้ในการตอบสนองระหว่างการส่งคำสั่งกับการได้รับผลลัพธ์ครับ หมายเหตุ: คำตอบนี้เป็นความรู้ทั่วไปของโมเดล ไม่ได้อ้างอิงจากฐานข้อมูล PSU Esports Studio - Phuket,pipeline:general_llm_fallback,general/detail,100.0,True,1.9654,1,general_llm,,
MB-1327-GL-002,general_llm,general_llm,เฟรมเรตกับความละเอียดต่างกันยังไง,คำตอบ: เฟรมเรตคือจำนวนเฟรมต่อวินาที ส่วนความละเอียดคือขนาดภาพครับ ข้อดี: เฟรมเรตสูงทำให้เคลื่อนไหวลื่นไหลมากขึ้นครับ ข้อเสีย: ความละเอียดสูงใช้หน่วยความจำมากกว่าครับ หมายเหตุ: คำตอบนี้เป็นความรู้ทั่วไปของโมเดล ไม่ได้อ้างอิงจากฐานข้อมูล PSU Esports Studio - Phuket,pipeline:general_llm_fallback,general/detail,100.0,True,2.8613,1,general_llm,,
MB-1328-GL-003,general_llm,general_llm,API คืออะไร,API คือ Application Programming Interface ซึ่งเป็นช่องทางที่โปรแกรมหนึ่งสามารถสื่อสารและแลกเปลี่ยนข้อมูลกับโปรแกรมอีกโปรแกรมหนึ่งได้ครับ หมายเหตุ: คำตอบนี้เป็นความรู้ทั่วไปของโมเดล ไม่ได้อ้างอิงจากฐานข้อมูล PSU Esports Studio - Phuket,pipeline:general_llm_fallback,general/general_knowledge_query,100.0,True,1.9022,1,general_llm,,
MB-1329-GL-004,general_llm,general_llm,JSON คืออะไร,JSON คือ JavaScript Object Notation เป็นรูปแบบข้อมูลที่ใช้ในการแลกเปลี่ยนข้อมูลระหว่างระบบต่าง ๆ โดยเขียนในรูปแบบโครงสร้างข้อมูลที่อ่านง่ายและเข้าใจได้ง่ายครับ หมายเหตุ: คำตอบนี้เป็นความรู้ทั่วไปของโมเดล ไม่ได้อ้างอิงจากฐานข้อมูล PSU Esports Studio - Phuket,pipeline:general_llm_fallback,general/general_knowledge_query,100.0,True,2.1141,1,general_llm,,
MB-1330-GL-005,general_llm,general_llm,ช่วยสรุปวิธีพูดขอบคุณแบบสุภาพ 2 ประโยค,ขอบคุณสำหรับความช่วยเหลืออย่างยิ่งครับ ขอแสดงความนับถืออย่างสูงสุดครับ หมายเหตุ: คำตอบนี้เป็นความรู้ทั่วไปของโมเดล ไม่ได้อ้างอิงจากฐานข้อมูล PSU Esports Studio - Phuket,pipeline:general_llm_fallback,general/general_knowledge_query,100.0,True,1.6995,1,general_llm,,
MB-1331-GL-006,general_llm,general_llm,แปลคำว่า reservation เป็นภาษาไทย,การจองครับ หมายเหตุ: คำตอบนี้เป็นความรู้ทั่วไปของโมเดล ไม่ได้อ้างอิงจากฐานข้อมูล PSU Esports Studio - Phuket,pipeline:general_llm_fallback,general/detail,100.0,True,1.024,1,general_llm,,
MB-1332-GL-007,general_llm,general_llm,เขียนประโยคประชาสัมพันธ์กิจกรรมแบบสุภาพหนึ่งประโยค,ขอเชิญร่วมกิจกรรมพิเศษเพื่อสร้างความสนุกสนานและแบ่งปันรอยยิ้มไปกับทุกคนครับ หมายเหตุ: คำตอบนี้เป็นความรู้ทั่วไปของโมเดล ไม่ได้อ้างอิงจากฐานข้อมูล PSU Esports Studio - Phuket,pipeline:general_llm_fallback,general/detail,100.0,True,1.8531,1,general_llm,,
MB-1333-GL-008,general_llm,general_llm,คีย์บอร์ด mechanical คืออะไรแบบสั้น,คีย์บอร์ด mechanical เป็นคีย์บอร์ดที่ใช้ปุ่มกดแบบกลไก โดยแต่ละคีย์มีสวิตช์ภายในช่วยให้กดได้แรงและเสียงดังกว่าแบบธรรมดาครับ หมายเหตุ: คำตอบนี้เป็นความรู้ทั่วไปของโมเดล ไม่ได้อ้างอิงจากฐานข้อมูล PSU Esports Studio - Phuket,pipeline:general_llm_fallback,general/detail,100.0,True,2.3574,1,general_llm,,
MB-1334-GL-009,general_llm,general_llm,GPU คืออะไรแบบเข้าใจง่าย,GPU คือ กราฟิกโปรเซสเซอร์ ซึ่งใช้ประมวลผลภาพและกราฟิกให้เร็วขึ้นครับ หมายเหตุ: คำตอบนี้เป็นความรู้ทั่วไปของโมเดล ไม่ได้อ้างอิงจากฐานข้อมูล PSU Esports Studio - Phuket,pipeline:general_llm_fallback,general/general_knowledge_query,100.0,True,1.787,1,general_llm,,
MB-1335-GL-010,general_llm,general_llm,server กับ client ต่างกันยังไง,คำตอบ: Server เป็นเซิร์ฟเวอร์ จัดการข้อมูลให้ Client ใช้งานครับ ข้อดี: เซิร์ฟเวอร์จัดเก็บข้อมูลใหญ่และปลอดภัยมากครับ ข้อเสีย: ต้องใช้โครงสร้างพื้นฐานรองรับอย่างมีประสิทธิภาพครับ หมายเหตุ: คำตอบนี้เป็นความรู้ทั่วไปของโมเดล ไม่ได้อ้างอิงจากฐานข้อมูล PSU Esports Studio - Phuket,pipeline:general_llm_fallback,general/detail,100.0,True,2.9618,1,general_llm,,
MB-1336-GL-011,general_llm,general_llm,อธิบายคำว่า latency ในระบบคอมพิวเตอร์แบบสั้น ๆ ตอบสั้น ๆ,Latency คือเวลาที่ใช้ในการตอบสนองระหว่างการส่งคำสั่งและได้รับผลลัพธ์กลับมาครับ หมายเหตุ: คำตอบนี้เป็นความรู้ทั่วไปของโมเดล ไม่ได้อ้างอิงจากฐานข้อมูล PSU Esports Studio - Phuket,pipeline:general_llm_fallback,general/detail,100.0,True,1.8892,1,general_llm,,
MB-1337-GL-012,general_llm,general_llm,เฟรมเรตกับความละเอียดต่างกันยังไง ตอบสั้น ๆ,คำตอบ: เฟรมเรตคือจำนวนเฟรมต่อวินาที ส่วนความละเอียดคือขนาดภาพ ข้อดี: เฟรมเรตสูงทำให้เคลื่อนไหวลื่นไหลมากขึ้น ข้อเสีย: ความละเอียดสูงใช้หน่วยความจำมากขึ้นครับ หมายเหตุ: คำตอบนี้เป็นความรู้ทั่วไปของโมเดล ไม่ได้อ้างอิงจากฐานข้อมูล PSU Esports Studio - Phuket,pipeline:general_llm_fallback,general/detail,100.0,True,2.6802,1,general_llm,,
MB-1338-GL-013,general_llm,general_llm,API คืออะไร ตอบสั้น ๆ,API คือ Application Programming Interface ซึ่งช่วยให้โปรแกรมต่าง ๆ สื่อสารกันได้ครับ หมายเหตุ: คำตอบนี้เป็นความรู้ทั่วไปของโมเดล ไม่ได้อ้างอิงจากฐานข้อมูล PSU Esports Studio - Phuket,pipeline:general_llm_fallback,general/general_knowledge_query,100.0,True,1.3613,1,general_llm,,
MB-1339-GL-014,general_llm,general_llm,JSON คืออะไร ตอบสั้น ๆ,JSON คือภาษาข้อมูลที่ใช้จัดเก็บและแลกเปลี่ยนข้อมูลในรูปแบบโครงสร้างข้อมูลแบบตารางหรือพจนานุกรมครับ หมายเหตุ: คำตอบนี้เป็นความรู้ทั่วไปของโมเดล ไม่ได้อ้างอิงจากฐานข้อมูล PSU Esports Studio - Phuket,pipeline:general_llm_fallback,general/general_knowledge_query,100.0,True,1.7503,1,general_llm,,
MB-1340-GL-015,general_llm,general_llm,ช่วยสรุปวิธีพูดขอบคุณแบบสุภาพ 2 ประโยค ตอบสั้น ๆ,ขอบคุณสำหรับความช่วยเหลืออย่างยิ่งครับ ขอแสดงความชื่นชมและขอบคุณอีกครั้งครับ หมายเหตุ: คำตอบนี้เป็นความรู้ทั่วไปของโมเดล ไม่ได้อ้างอิงจากฐานข้อมูล PSU Esports Studio - Phuket,pipeline:general_llm_fallback,general/general_knowledge_query,100.0,True,1.7758,1,general_llm,,
MB-1341-GL-016,general_llm,general_llm,แปลคำว่า reservation เป็นภาษาไทย ตอบสั้น ๆ,การจองครับ หมายเหตุ: คำตอบนี้เป็นความรู้ทั่วไปของโมเดล ไม่ได้อ้างอิงจากฐานข้อมูล PSU Esports Studio - Phuket,pipeline:general_llm_fallback,general/detail,100.0,True,1.0596,1,general_llm,,
MB-1342-GL-017,general_llm,general_llm,เขียนประโยคประชาสัมพันธ์กิจกรรมแบบสุภาพหนึ่งประโยค ตอบสั้น ๆ,ขอเชิญร่วมกิจกรรมเพื่อสร้างสรรค์ความสุขและแบ่งปันรอยยิ้มให้กับทุกคนครับ หมายเหตุ: คำตอบนี้เป็นความรู้ทั่วไปของโมเดล ไม่ได้อ้างอิงจากฐานข้อมูล PSU Esports Studio - Phuket,pipeline:general_llm_fallback,general/detail,100.0,True,1.8421,1,general_llm,,
MB-1343-GL-018,general_llm,general_llm,คีย์บอร์ด mechanical คืออะไรแบบสั้น ตอบสั้น ๆ,คีย์บอร์ด mechanical เป็นคีย์บอร์ดที่ใช้ปุ่มกดแบบกลไก โดยแต่ละคีย์มีชิ้นส่วนกลไกภายในทำให้ตอบสนองเร็วและแม่นยำกว่าคีย์บอร์ดธรรมดาครับ หมายเหตุ: คำตอบนี้เป็นความรู้ทั่วไปของโมเดล ไม่ได้อ้างอิงจากฐานข้อมูล PSU Esports Studio - Phuket,pipeline:general_llm_fallback,general/detail,100.0,True,2.5136,1,general_llm,,
MB-1344-GL-019,general_llm,general_llm,GPU คืออะไรแบบเข้าใจง่าย ตอบสั้น ๆ,GPU คือชิปประมวลผลกราฟิก ใช้จัดการภาพและเกมบนคอมพิวเตอร์ครับ หมายเหตุ: คำตอบนี้เป็นความรู้ทั่วไปของโมเดล ไม่ได้อ้างอิงจากฐานข้อมูล PSU Esports Studio - Phuket,pipeline:general_llm_fallback,general/general_knowledge_query,100.0,True,1.5402,1,general_llm,,
MB-1345-GL-020,general_llm,general_llm,server กับ client ต่างกันยังไง ตอบสั้น ๆ,คำตอบ: Server เป็นเซิร์ฟเวอร์ จัดการข้อมูลให้ Client ข้อดี: เซิร์ฟเวอร์จัดเก็บข้อมูลได้มากและปลอดภัย ข้อเสีย: ต้องใช้โครงสร้างพื้นฐานรองรับอย่างมีประสิทธิภาพครับ หมายเหตุ: คำตอบนี้เป็นความรู้ทั่วไปของโมเดล ไม่ได้อ้างอิงจากฐานข้อมูล PSU Esports Studio - Phuket,pipeline:general_llm_fallback,general/detail,100.0,True,2.8891,1,general_llm,,
MB-1346-GL-021,general_llm,general_llm,อธิบายคำว่า latency ในระบบคอมพิวเตอร์แบบสั้น ๆ ขอแบบเข้าใจง่าย,Latency คือเวลาที่ใช้ในการตอบสนองระหว่างสั่งงานกับผลลัพธ์ในระบบคอมพิวเตอร์ครับ หมายเหตุ: คำตอบนี้เป็นความรู้ทั่วไปของโมเดล ไม่ได้อ้างอิงจากฐานข้อมูล PSU Esports Studio - Phuket,pipeline:general_llm_fallback,general/detail,100.0,True,1.8295,1,general_llm,,
MB-1347-GL-022,general_llm,general_llm,เฟรมเรตกับความละเอียดต่างกันยังไง ขอแบบเข้าใจง่าย,คำตอบ: เฟรมเรตคือจำนวนเฟรมต่อวินาที ส่วนความละเอียดคือขนาดภาพ ข้อดี: เฟรมเรตสูงทำให้เคลื่อนไหวลื่นไหลมากขึ้นครับ ข้อเสีย: ความละเอียดสูงใช้หน่วยความจำมากกว่าครับ หมายเหตุ: คำตอบนี้เป็นความรู้ทั่วไปของโมเดล ไม่ได้อ้างอิงจากฐานข้อมูล PSU Esports Studio - Phuket,pipeline:general_llm_fallback,general/detail,100.0,True,2.7445,1,general_llm,,
MB-1348-GL-023,general_llm,general_llm,API คืออะไร ขอแบบเข้าใจง่าย,API คือช่องทางที่โปรแกรมหนึ่งสามารถสื่อสารและแลกเปลี่ยนข้อมูลกับโปรแกรมอีกตัวหนึ่งได้โดยตรงครับ หมายเหตุ: คำตอบนี้เป็นความรู้ทั่วไปของโมเดล ไม่ได้อ้างอิงจากฐานข้อมูล PSU Esports Studio - Phuket,pipeline:general_llm_fallback,general/general_knowledge_query,100.0,True,1.8626,1,general_llm,,
MB-1349-GL-024,general_llm,general_llm,JSON คืออะไร ขอแบบเข้าใจง่าย,JSON คือภาษาข้อมูลที่ใช้จัดเก็บและส่งข้อมูลระหว่างระบบต่าง ๆ โดยเขียนในรูปแบบโครงสร้างชัดเจน เช่น คู่วงเล็บหรือเครื่องหมายจุดต่อท้ายครับ หมายเหตุ: คำตอบนี้เป็นความรู้ทั่วไปของโมเดล ไม่ได้อ้างอิงจากฐานข้อมูล PSU Esports Studio - Phuket,pipeline:general_llm_fallback,general/general_knowledge_query,100.0,True,2.2161,1,general_llm,,
MB-1350-GL-025,general_llm,general_llm,ช่วยสรุปวิธีพูดขอบคุณแบบสุภาพ 2 ประโยค ขอแบบเข้าใจง่าย,ขอบคุณสำหรับความช่วยเหลือครับ ยินดีให้บริการเสมอครับ หมายเหตุ: คำตอบนี้เป็นความรู้ทั่วไปของโมเดล ไม่ได้อ้างอิงจากฐานข้อมูล PSU Esports Studio - Phuket,pipeline:general_llm_fallback,general/general_knowledge_query,100.0,True,1.4787,1,general_llm,,
MB-1351-GL-026,general_llm,general_llm,แปลคำว่า reservation เป็นภาษาไทย ขอแบบเข้าใจง่าย,การจองครับ หมายเหตุ: คำตอบนี้เป็นความรู้ทั่วไปของโมเดล ไม่ได้อ้างอิงจากฐานข้อมูล PSU Esports Studio - Phuket,pipeline:general_llm_fallback,general/detail,100.0,True,1.0932,1,general_llm,,
MB-1352-GL-027,general_llm,general_llm,เขียนประโยคประชาสัมพันธ์กิจกรรมแบบสุภาพหนึ่งประโยค ขอแบบเข้าใจง่าย,ขอเชิญร่วมกิจกรรมสนุก ๆ ที่น่าตื่นเต้นและสร้างสรรค์ได้เลยครับ หมายเหตุ: คำตอบนี้เป็นความรู้ทั่วไปของโมเดล ไม่ได้อ้างอิงจากฐานข้อมูล PSU Esports Studio - Phuket,pipeline:general_llm_fallback,general/detail,100.0,True,1.7874,1,general_llm,,
MB-1353-GL-028,general_llm,general_llm,คีย์บอร์ด mechanical คืออะไรแบบสั้น ขอแบบเข้าใจง่าย,คีย์บอร์ด mechanical เป็นคีย์บอร์ดที่แต่ละปุ่มใช้กลไกภายในเหมือนสวิตช์ช่วยให้กดได้แรงและเสียงดังกว่าแบบธรรมดาครับ หมายเหตุ: คำตอบนี้เป็นความรู้ทั่วไปของโมเดล ไม่ได้อ้างอิงจากฐานข้อมูล PSU Esports Studio - Phuket,pipeline:general_llm_fallback,general/detail,100.0,True,2.3502,1,general_llm,,
MB-1354-GL-029,general_llm,general_llm,GPU คืออะไรแบบเข้าใจง่าย ขอแบบเข้าใจง่าย,GPU คือ กราฟิกพอร์ต หรือชิปประมวลผลกราฟิก ที่ใช้ในการแสดงภาพบนหน้าจอให้ลื่นไหลและคมชัดครับ หมายเหตุ: คำตอบนี้เป็นความรู้ทั่วไปของโมเดล ไม่ได้อ้างอิงจากฐานข้อมูล PSU Esports Studio - Phuket,pipeline:general_llm_fallback,general/general_knowledge_query,100.0,True,2.0228,1,general_llm,,
MB-1355-GL-030,general_llm,general_llm,server กับ client ต่างกันยังไง ขอแบบเข้าใจง่าย,คำตอบ: Server เป็นเซิร์ฟเวอร์ จัดการข้อมูลให้ Client ใช้งานครับ ข้อดี: เซิร์ฟเวอร์จัดเก็บข้อมูลใหญ่และปลอดภัยมากครับ ข้อเสีย: ต้องใช้โครงสร้างพื้นฐานที่แข็งแรงและต้นทุนสูงครับ หมายเหตุ: คำตอบนี้เป็นความรู้ทั่วไปของโมเดล ไม่ได้อ้างอิงจากฐานข้อมูล PSU Esports Studio - Phuket,pipeline:general_llm_fallback,general/detail,100.0,True,3.2137,1,general_llm,,
MB-1356-GL-031,general_llm,general_llm,อธิบายคำว่า latency ในระบบคอมพิวเตอร์แบบสั้น ๆ ตอบเป็นภาษาไทย,Latency คือเวลาที่ใช้ในการตอบสนองระหว่างการสั่งงานกับผลลัพธ์ในระบบคอมพิวเตอร์ครับ หมายเหตุ: คำตอบนี้เป็นความรู้ทั่วไปของโมเดล ไม่ได้อ้างอิงจากฐานข้อมูล PSU Esports Studio - Phuket,pipeline:general_llm_fallback,general/detail,100.0,True,1.8816,1,general_llm,,
MB-1357-GL-032,general_llm,general_llm,เฟรมเรตกับความละเอียดต่างกันยังไง ตอบเป็นภาษาไทย,คำตอบ: เฟรมเรตคือจำนวนเฟรมต่อวินาที ส่วนความละเอียดคือความคมชัดของภาพครับ ข้อดี: เฟรมเรตสูงทำให้เคลื่อนไหวลื่นไหลมากขึ้นครับ ข้อเสีย: ความละเอียดสูงใช้หน่วยความจำมากกว่าครับ หมายเหตุ: คำตอบนี้เป็นความรู้ทั่วไปของโมเดล ไม่ได้อ้างอิงจากฐานข้อมูล PSU Esports Studio - Phuket,pipeline:general_llm_fallback,general/detail,100.0,True,3.0498,1,general_llm,,
MB-1358-GL-033,general_llm,general_llm,API คืออะไร ตอบเป็นภาษาไทย,API คือ Application Programming Interface ซึ่งเป็นช่องทางที่ช่วยให้โปรแกรมต่าง ๆ สามารถสื่อสารและทำงานร่วมกันได้อย่างมีประสิทธิภาพครับ หมายเหตุ: คำตอบนี้เป็นความรู้ทั่วไปของโมเดล ไม่ได้อ้างอิงจากฐานข้อมูล PSU Esports Studio - Phuket,pipeline:general_llm_fallback,general/general_knowledge_query,100.0,True,2.0242,1,general_llm,,
MB-1359-GL-034,general_llm,general_llm,JSON คืออะไร ตอบเป็นภาษาไทย,JSON คือ JavaScript Object Notation เป็นรูปแบบข้อมูลที่ใช้ในการแลกเปลี่ยนข้อมูลระหว่างระบบต่าง ๆ โดยเขียนในรูปแบบโครงสร้างข้อมูลที่อ่านง่ายและเข้าใจได้ง่ายครับ หมายเหตุ: คำตอบนี้เป็นความรู้ทั่วไปของโมเดล ไม่ได้อ้างอิงจากฐานข้อมูล PSU Esports Studio - Phuket,pipeline:general_llm_fallback,general/general_knowledge_query,100.0,True,2.2216,1,general_llm,,
MB-1360-GL-035,general_llm,general_llm,ช่วยสรุปวิธีพูดขอบคุณแบบสุภาพ 2 ประโยค ตอบเป็นภาษาไทย,ขอบคุณสำหรับความช่วยเหลืออย่างยิ่งครับ ขอแสดงความนับถือและขอบคุณอีกครั้งครับ หมายเหตุ: คำตอบนี้เป็นความรู้ทั่วไปของโมเดล ไม่ได้อ้างอิงจากฐานข้อมูล PSU Esports Studio - Phuket,pipeline:general_llm_fallback,general/general_knowledge_query,100.0,True,1.8037,1,general_llm,,
MB-1361-GL-036,general_llm,general_llm,แปลคำว่า reservation เป็นภาษาไทย ตอบเป็นภาษาไทย,การจองครับ หมายเหตุ: คำตอบนี้เป็นความรู้ทั่วไปของโมเดล ไม่ได้อ้างอิงจากฐานข้อมูล PSU Esports Studio - Phuket,pipeline:general_llm_fallback,general/detail,100.0,True,1.0414,1,general_llm,,
MB-1362-GL-037,general_llm,general_llm,เขียนประโยคประชาสัมพันธ์กิจกรรมแบบสุภาพหนึ่งประโยค ตอบเป็นภาษาไทย,ขอเชิญร่วมกิจกรรมเพื่อสร้างสรรค์ความสุขและแบ่งปันรอยยิ้มให้กับทุกคนครับ หมายเหตุ: คำตอบนี้เป็นความรู้ทั่วไปของโมเดล ไม่ได้อ้างอิงจากฐานข้อมูล PSU Esports Studio - Phuket,pipeline:general_llm_fallback,general/detail,100.0,True,1.94,1,general_llm,,
MB-1363-GL-038,general_llm,general_llm,คีย์บอร์ด mechanical คืออะไรแบบสั้น ตอบเป็นภาษาไทย,คีย์บอร์ด mechanical คือ คีย์บอร์ดที่ใช้กลไกภายในแต่ละปุ่มแทนระบบไฟฟ้า เพื่อให้กดได้แรงและชัดเจนกว่าครับ หมายเหตุ: คำตอบนี้เป็นความรู้ทั่วไปของโมเดล ไม่ได้อ้างอิงจากฐานข้อมูล PSU Esports Studio - Phuket,pipeline:general_llm_fallback,general/detail,100.0,True,2.2285,1,general_llm,,
MB-1364-GL-039,general_llm,general_llm,GPU คืออะไรแบบเข้าใจง่าย ตอบเป็นภาษาไทย,GPU คือ กราฟิกพอร์ต หรือชิปประมวลผลกราฟิก ที่ใช้ในการแสดงภาพบนหน้าจออย่างราบรื่นและรวดเร็วครับ หมายเหตุ: คำตอบนี้เป็นความรู้ทั่วไปของโมเดล ไม่ได้อ้างอิงจากฐานข้อมูล PSU Esports Studio - Phuket,pipeline:general_llm_fallback,general/general_knowledge_query,100.0,True,2.0314,1,general_llm,,
MB-1365-GL-040,general_llm,general_llm,server กับ client ต่างกันยังไง ตอบเป็นภาษาไทย,คำตอบ: Server และ Client มีหน้าที่แตกต่างกันในระบบเครือข่ายครับ ข้อดี: Server จัดการข้อมูลและบริการให้ Client ใช้งานได้ตลอดเวลาครับ ข้อเสีย: Client ต้องพึ่งพา Server หากมีปัญหาอาจส่งผลต่อการทำงานครับ หมายเหตุ: คำตอบนี้เป็นความรู้ทั่วไปของโมเดล ไม่ได้อ้างอิงจากฐานข้อมูล PSU Esports Studio - Phuket,pipeline:general_llm_fallback,general/detail,100.0,True,2.8911,1,general_llm,,
MB-1366-GL-041,general_llm,general_llm,อธิบายคำว่า latency ในระบบคอมพิวเตอร์แบบสั้น ๆ ไม่ต้องยาว,Latency คือเวลาที่ใช้ในการตอบสนองระหว่างการกระทำกับผลลัพธ์ในระบบคอมพิวเตอร์ครับ หมายเหตุ: คำตอบนี้เป็นความรู้ทั่วไปของโมเดล ไม่ได้อ้างอิงจากฐานข้อมูล PSU Esports Studio - Phuket,pipeline:general_llm_fallback,general/detail,100.0,True,1.8033,1,general_llm,,
MB-1367-GL-042,general_llm,general_llm,เฟรมเรตกับความละเอียดต่างกันยังไง ไม่ต้องยาว,คำตอบ: เฟรมเรตคือจำนวนเฟรมต่อวินาที ความละเอียดคือขนาดภาพครับ ข้อดี: เฟรมเรตสูงทำให้เคลื่อนไหวลื่นไหลมากขึ้นครับ ข้อเสีย: ความละเอียดสูงใช้หน่วยความจำมากกว่าครับ หมายเหตุ: คำตอบนี้เป็นความรู้ทั่วไปของโมเดล ไม่ได้อ้างอิงจากฐานข้อมูล PSU Esports Studio - Phuket,pipeline:general_llm_fallback,general/detail,100.0,True,2.7731,1,general_llm,,
MB-1368-GL-043,general_llm,general_llm,API คืออะไร ไม่ต้องยาว,API คือ Application Programming Interface ซึ่งเป็นช่องทางที่โปรแกรมหนึ่งสามารถสื่อสารและแลกเปลี่ยนข้อมูลกับโปรแกรมอีกโปรแกรมหนึ่งได้ครับ หมายเหตุ: คำตอบนี้เป็นความรู้ทั่วไปของโมเดล ไม่ได้อ้างอิงจากฐานข้อมูล PSU Esports Studio - Phuket,pipeline:general_llm_fallback,general/general_knowledge_query,100.0,True,1.9729,1,general_llm,,
MB-1369-GL-044,general_llm,general_llm,JSON คืออะไร ไม่ต้องยาว,JSON คือภาษาข้อมูลแบบโครงสร้างที่ใช้ในการแลกเปลี่ยนข้อมูลระหว่างระบบต่าง ๆ โดยเขียนในรูปแบบคู่วงเล็บและเครื่องหมายจุลภาคครับ หมายเหตุ: คำตอบนี้เป็นความรู้ทั่วไปของโมเดล ไม่ได้อ้างอิงจากฐานข้อมูล PSU Esports Studio - Phuket,pipeline:general_llm_fallback,general/general_knowledge_query,100.0,True,1.9712,1,general_llm,,
MB-1370-GL-045,general_llm,general_llm,ช่วยสรุปวิธีพูดขอบคุณแบบสุภาพ 2 ประโยค ไม่ต้องยาว,ขอบคุณสำหรับความช่วยเหลืออย่างยิ่งครับ ขอแสดงความนับถือและขอบคุณอีกครั้งครับ หมายเหตุ: คำตอบนี้เป็นความรู้ทั่วไปของโมเดล ไม่ได้อ้างอิงจากฐานข้อมูล PSU Esports Studio - Phuket,pipeline:general_llm_fallback,general/general_knowledge_query,100.0,True,1.7927,1,general_llm,,
MB-1371-GL-046,general_llm,general_llm,แปลคำว่า reservation เป็นภาษาไทย ไม่ต้องยาว,การจองครับ หมายเหตุ: คำตอบนี้เป็นความรู้ทั่วไปของโมเดล ไม่ได้อ้างอิงจากฐานข้อมูล PSU Esports Studio - Phuket,pipeline:general_llm_fallback,general/detail,100.0,True,1.0011,1,general_llm,,
MB-1372-GL-047,general_llm,general_llm,เขียนประโยคประชาสัมพันธ์กิจกรรมแบบสุภาพหนึ่งประโยค ไม่ต้องยาว,ขอเชิญร่วมกิจกรรมสนุกสนานร่วมสมัยนี้ครับ หมายเหตุ: คำตอบนี้เป็นความรู้ทั่วไปของโมเดล ไม่ได้อ้างอิงจากฐานข้อมูล PSU Esports Studio - Phuket,pipeline:general_llm_fallback,general/detail,100.0,True,1.4631,1,general_llm,,
MB-1373-GL-048,general_llm,general_llm,คีย์บอร์ด mechanical คืออะไรแบบสั้น ไม่ต้องยาว,คีย์บอร์ด mechanical เป็นคีย์บอร์ดที่ใช้กลไกภายในแต่ละปุ่มแทนระบบไฟฟ้าหรือแม่เหล็ก ส่งผลให้ตอบสนองเร็วและชัดเจนกว่าครับ หมายเหตุ: คำตอบนี้เป็นความรู้ทั่วไปของโมเดล ไม่ได้อ้างอิงจากฐานข้อมูล PSU Esports Studio - Phuket,pipeline:general_llm_fallback,general/detail,100.0,True,2.3694,1,general_llm,,
MB-1374-GL-049,general_llm,general_llm,GPU คืออะไรแบบเข้าใจง่าย ไม่ต้องยาว,GPU คือ ชิปประมวลผลกราฟิก ใช้แสดงภาพบนหน้าจอให้ลื่นไหลครับ หมายเหตุ: คำตอบนี้เป็นความรู้ทั่วไปของโมเดล ไม่ได้อ้างอิงจากฐานข้อมูล PSU Esports Studio - Phuket,pipeline:general_llm_fallback,general/general_knowledge_query,100.0,True,1.5676,1,general_llm,,
MB-1375-GL-050,general_llm,general_llm,server กับ client ต่างกันยังไง ไม่ต้องยาว,คำตอบ: Server เป็นเซิร์ฟเวอร์ รับคำสั่งจาก Client ข้อดี: จัดการข้อมูลได้ดี มีความเสถียร ข้อเสีย: ต้องใช้โครงสร้างพื้นฐานรองรับครับ หมายเหตุ: คำตอบนี้เป็นความรู้ทั่วไปของโมเดล ไม่ได้อ้างอิงจากฐานข้อมูล PSU Esports Studio - Phuket,pipeline:general_llm_fallback,general/detail,100.0,True,2.4929,1,general_llm,,
MB-1376-GL-051,general_llm,general_llm,อธิบายคำว่า latency ในระบบคอมพิวเตอร์แบบสั้น ๆ ขอ 1 ย่อหน้า,Latency คือเวลาที่ใช้ในการตอบสนองระหว่างการส่งคำสั่งและได้รับผลลัพธ์ในระบบคอมพิวเตอร์ครับ หมายเหตุ: คำตอบนี้เป็นความรู้ทั่วไปของโมเดล ไม่ได้อ้างอิงจากฐานข้อมูล PSU Esports Studio - Phuket,pipeline:general_llm_fallback,general/detail,100.0,True,2.06,1,general_llm,,
MB-1377-GL-052,general_llm,general_llm,เฟรมเรตกับความละเอียดต่างกันยังไง ขอ 1 ย่อหน้า,คำตอบ: เฟรมเรตคือจำนวนเฟรมต่อวินาที ส่วนความละเอียดคือขนาดภาพ ข้อดี: เฟรมเรตสูงทำให้เคลื่อนไหวลื่นไหลมากขึ้นครับ ข้อเสีย: ความละเอียดสูงใช้หน่วยความจำมากกว่าครับ หมายเหตุ: คำตอบนี้เป็นความรู้ทั่วไปของโมเดล ไม่ได้อ้างอิงจากฐานข้อมูล PSU Esports Studio - Phuket,pipeline:general_llm_fallback,general/detail,100.0,True,2.7142,1,general_llm,,
MB-1378-GL-053,general_llm,general_llm,API คืออะไร ขอ 1 ย่อหน้า,API คือ Application Programming Interface ซึ่งเป็นช่องทางที่อนุญาตให้โปรแกรมหนึ่งสามารถสื่อสารและแลกเปลี่ยนข้อมูลกับโปรแกรมอีกโปรแกรมหนึ่งได้อย่างมีประสิทธิภาพครับ หมายเหตุ: คำตอบนี้เป็นความรู้ทั่วไปของโมเดล ไม่ได้อ้างอิงจากฐานข้อมูล PSU Esports Studio - Phuket,pipeline:general_llm_fallback,general/general_knowledge_query,100.0,True,2.3128,1,general_llm,,
MB-1379-GL-054,general_llm,general_llm,JSON คืออะไร ขอ 1 ย่อหน้า,JSON คือ JavaScript Object Notation เป็นรูปแบบข้อมูลที่ใช้ในการแลกเปลี่ยนข้อมูลระหว่างระบบต่าง ๆ โดยเขียนในรูปแบบโครงสร้างข้อมูลที่อ่านง่ายและเข้าใจได้ง่ายครับ หมายเหตุ: คำตอบนี้เป็นความรู้ทั่วไปของโมเดล ไม่ได้อ้างอิงจากฐานข้อมูล PSU Esports Studio - Phuket,pipeline:general_llm_fallback,general/general_knowledge_query,100.0,True,2.1788,1,general_llm,,
MB-1380-GL-055,general_llm,general_llm,ช่วยสรุปวิธีพูดขอบคุณแบบสุภาพ 2 ประโยค ขอ 1 ย่อหน้า,ขอบคุณสำหรับความช่วยเหลืออย่างยิ่งครับ เป็นกำลังใจให้คุณเสมอครับ หมายเหตุ: คำตอบนี้เป็นความรู้ทั่วไปของโมเดล ไม่ได้อ้างอิงจากฐานข้อมูล PSU Esports Studio - Phuket,pipeline:general_llm_fallback,general/general_knowledge_query,100.0,True,1.6969,1,general_llm,,
MB-1381-GL-056,general_llm,general_llm,แปลคำว่า reservation เป็นภาษาไทย ขอ 1 ย่อหน้า,การจองครับ หมายเหตุ: คำตอบนี้เป็นความรู้ทั่วไปของโมเดล ไม่ได้อ้างอิงจากฐานข้อมูล PSU Esports Studio - Phuket,pipeline:general_llm_fallback,general/detail,100.0,True,0.9733,1,general_llm,,
MB-1382-GL-057,general_llm,general_llm,เขียนประโยคประชาสัมพันธ์กิจกรรมแบบสุภาพหนึ่งประโยค ขอ 1 ย่อหน้า,ขอเชิญร่วมกิจกรรมสนุกสนานร่วมกันอย่างอบอุ่นและสร้างสรรค์ครับ หมายเหตุ: คำตอบนี้เป็นความรู้ทั่วไปของโมเดล ไม่ได้อ้างอิงจากฐานข้อมูล PSU Esports Studio - Phuket,pipeline:general_llm_fallback,general/detail,100.0,True,1.752,1,general_llm,,
MB-1383-GL-058,general_llm,general_llm,คีย์บอร์ด mechanical คืออะไรแบบสั้น ขอ 1 ย่อหน้า,คีย์บอร์ด mechanical เป็นคีย์บอร์ดที่ใช้ปุ่มกดแบบกลไก โดยแต่ละคีย์มีชิ้นส่วนกลไกภายในทำให้ตอบสนองเร็วและแม่นยำกว่าคีย์บอร์ดธรรมดาครับ หมายเหตุ: คำตอบนี้เป็นความรู้ทั่วไปของโมเดล ไม่ได้อ้างอิงจากฐานข้อมูล PSU Esports Studio - Phuket,pipeline:general_llm_fallback,general/detail,100.0,True,2.6731,1,general_llm,,
MB-1384-GL-059,general_llm,general_llm,GPU คืออะไรแบบเข้าใจง่าย ขอ 1 ย่อหน้า,GPU คือ กราฟิกโปรเซสเซอร์ ซึ่งเป็นชิปประมวลผลที่ใช้จัดการงานกราฟิก เช่น การแสดงภาพบนหน้าจอ เล่นเกมหรือดูวิดีโอให้ไหลลื่น โดยทำงานร่วมกับ CPU เพื่อให้ระบบคอมพิวเตอร์ทำงานได้อย่างราบรื่นครับ หมายเหตุ: คำตอบนี้เป็นความรู้ทั่วไปของโมเดล ไม่ได้อ้างอิงจากฐานข้อมูล PSU Esports Studio - Phuket,pipeline:general_llm_fallback,general/general_knowledge_query,100.0,True,3.0403,1,general_llm,,
MB-1385-GL-060,general_llm,general_llm,server กับ client ต่างกันยังไง ขอ 1 ย่อหน้า,คำตอบ: Server และ Client มีหน้าที่แตกต่างกันชัดเจนครับ ข้อดี: Server จัดการข้อมูลหลักและให้บริการแก่ Client ได้อย่างมีประสิทธิภาพครับ ข้อเสีย: Client ต้องพึ่งพา Server หาก Server เกิดปัญหาจะส่งผลต่อการทำงานครับ หมายเหตุ: คำตอบนี้เป็นความรู้ทั่วไปของโมเดล ไม่ได้อ้างอิงจากฐานข้อมูล PSU Esports Studio - Phuket,pipeline:general_llm_fallback,general/detail,100.0,True,3.0316,1,general_llm,,
MB-1386-GL-061,general_llm,general_llm,อธิบายคำว่า latency ในระบบคอมพิวเตอร์แบบสั้น ๆ อธิบายให้มือใหม่เข้าใจ,Latency คือเวลาที่ใช้ในการตอบสนองระหว่างการกระทำกับผลลัพธ์ในระบบคอมพิวเตอร์ครับ หมายเหตุ: คำตอบนี้เป็นความรู้ทั่วไปของโมเดล ไม่ได้อ้างอิงจากฐานข้อมูล PSU Esports Studio - Phuket,pipeline:general_llm_fallback,general/detail,100.0,True,1.8816,1,general_llm,,
MB-1387-GL-062,general_llm,general_llm,เฟรมเรตกับความละเอียดต่างกันยังไง อธิบายให้มือใหม่เข้าใจ,คำตอบ: เฟรมเรตคือจำนวนเฟรมต่อวินาที ความละเอียดคือความคมชัดของภาพครับ ข้อดี: เฟรมเรตสูงทำให้เคลื่อนไหวลื่นไหลมากขึ้นครับ ข้อเสีย: ความละเอียดสูงใช้หน่วยความจำและพลังงานมากครับ หมายเหตุ: คำตอบนี้เป็นความรู้ทั่วไปของโมเดล ไม่ได้อ้างอิงจากฐานข้อมูล PSU Esports Studio - Phuket,pipeline:general_llm_fallback,general/detail,100.0,True,3.0399,1,general_llm,,
MB-1388-GL-063,general_llm,general_llm,API คืออะไร อธิบายให้มือใหม่เข้าใจ,ตอนนี้ยังตอบคำถามความรู้ทั่วไปไม่ได้ชั่วคราวครับ กรุณาลองใหม่อีกครั้ง สำหรับข้อมูลของ PSU Esports Studio - Phuket ยังถามเรื่องเกม ปุ่ม อุปกรณ์ ราคา การจอง เวลาเปิด และกติกาได้ตามปกติครับ,pipeline:general_llm_unavailable,general/general_knowledge_query,59.0,False,3.7557,1,general_llm,missing_any:API|เชื่อมต่อ | llm_required_but_unavailable,
MB-1389-GL-064,general_llm,general_llm,JSON คืออะไร อธิบายให้มือใหม่เข้าใจ,ตอนนี้ยังตอบคำถามความรู้ทั่วไปไม่ได้ชั่วคราวครับ กรุณาลองใหม่อีกครั้ง สำหรับข้อมูลของ PSU Esports Studio - Phuket ยังถามเรื่องเกม ปุ่ม อุปกรณ์ ราคา การจอง เวลาเปิด และกติกาได้ตามปกติครับ,pipeline:general_llm_unavailable,general/general_knowledge_query,75.0,False,3.7368,1,general_llm,llm_required_but_unavailable,
MB-1390-GL-065,general_llm,general_llm,ช่วยสรุปวิธีพูดขอบคุณแบบสุภาพ 2 ประโยค อธิบายให้มือใหม่เข้าใจ,พูดขอบคุณอย่างสุภาพด้วยคำว่า “ขอบคุณมากครับ” หรือ “ขอขอบพระคุณครับ” แสดงความจริงใจและเป็นมิตรเพื่อให้ผู้อื่นรู้สึกดีใจครับ หมายเหตุ: คำตอบนี้เป็นความรู้ทั่วไปของโมเดล ไม่ได้อ้างอิงจากฐานข้อมูล PSU Esports Studio - Phuket,pipeline:general_llm_fallback,general/general_knowledge_query,100.0,True,2.4953,1,general_llm,,
MB-1391-GL-066,general_llm,general_llm,แปลคำว่า reservation เป็นภาษาไทย อธิบายให้มือใหม่เข้าใจ,การจองครับ หมายเหตุ: คำตอบนี้เป็นความรู้ทั่วไปของโมเดล ไม่ได้อ้างอิงจากฐานข้อมูล PSU Esports Studio - Phuket,pipeline:general_llm_fallback,general/detail,100.0,True,1.1485,1,general_llm,,
MB-1392-GL-067,general_llm,general_llm,เขียนประโยคประชาสัมพันธ์กิจกรรมแบบสุภาพหนึ่งประโยค อธิบายให้มือใหม่เข้าใจ,ร่วมกิจกรรมนี้ได้ง่าย ๆ เพื่อเรียนรู้และพัฒนาทักษะอย่างสนุกสนานครับ หมายเหตุ: คำตอบนี้เป็นความรู้ทั่วไปของโมเดล ไม่ได้อ้างอิงจากฐานข้อมูล PSU Esports Studio - Phuket,pipeline:general_llm_fallback,general/detail,100.0,True,1.7253,1,general_llm,,
MB-1393-GL-068,general_llm,general_llm,คีย์บอร์ด mechanical คืออะไรแบบสั้น อธิบายให้มือใหม่เข้าใจ,คีย์บอร์ด mechanical เป็นคีย์บอร์ดที่แต่ละปุ่มใช้กลไกภายในเหมือนสวิตช์ ทำให้กดได้แรงแน่นและชัดเจน ส่งผลให้ตอบสนองเร็วและแม่นยำกว่าคีย์บอร์ดธรรมดาครับ หมายเหตุ: คำตอบนี้เป็นความรู้ทั่วไปของโมเดล ไม่ได้อ้างอิงจากฐานข้อมูล PSU Esports Studio - Phuket,pipeline:general_llm_fallback,general/detail,100.0,True,2.9682,1,general_llm,,
MB-1394-GL-069,general_llm,general_llm,GPU คืออะไรแบบเข้าใจง่าย อธิบายให้มือใหม่เข้าใจ,GPU คือ กราฟิกโปรเซสเซอร์ ซึ่งทำหน้าที่ประมวลผลภาพและกราฟิกในคอมพิวเตอร์ เช่น การเล่นเกมหรือดูวิดีโอให้ไหลลื่น อธิบายง่าย ๆ เหมือนเป็นหัวใจหลักในการแสดงภาพบนหน้าจอครับ หมายเหตุ: คำตอบนี้เป็นความรู้ทั่วไปของโมเดล ไม่ได้อ้างอิงจากฐานข้อมูล PSU Esports Studio - Phuket,pipeline:general_llm_fallback,general/general_knowledge_query,100.0,True,2.9754,1,general_llm,,
MB-1395-GL-070,general_llm,general_llm,server กับ client ต่างกันยังไง อธิบายให้มือใหม่เข้าใจ,คำตอบ: Server เป็นเซิร์ฟเวอร์ รับคำสั่งจาก Client ข้อดี: เซิร์ฟเวอร์จัดการข้อมูลได้ดี มีความเสถียร ข้อเสีย: ต้องใช้เครื่องมือและโครงสร้างพื้นฐานรองรับครับ หมายเหตุ: คำตอบนี้เป็นความรู้ทั่วไปของโมเดล ไม่ได้อ้างอิงจากฐานข้อมูล PSU Esports Studio - Phuket,pipeline:general_llm_fallback,general/detail,100.0,True,2.9546,1,general_llm,,
MB-1396-GL-071,general_llm,general_llm,อธิบายคำว่า latency ในระบบคอมพิวเตอร์แบบสั้น ๆ ตอบแบบเด็กปีหนึ่งเข้าใจได้,Latency คือเวลาที่ใช้รอให้อะไรเกิดขึ้นในเครื่องคอมพิวเตอร์ครับ หมายเหตุ: คำตอบนี้เป็นความรู้ทั่วไปของโมเดล ไม่ได้อ้างอิงจากฐานข้อมูล PSU Esports Studio - Phuket,pipeline:general_llm_fallback,general/detail,100.0,True,1.691,1,general_llm,,
MB-1397-GL-072,general_llm,general_llm,เฟรมเรตกับความละเอียดต่างกันยังไง ตอบแบบเด็กปีหนึ่งเข้าใจได้,คำตอบ: เฟรมเรตคือจำนวนภาพต่อวินาทีครับ ข้อดี: เล่นเกมลื่นไหลมากขึ้นครับ ข้อเสีย: ใช้แบตเตอรี่เร็วขึ้นครับ หมายเหตุ: คำตอบนี้เป็นความรู้ทั่วไปของโมเดล ไม่ได้อ้างอิงจากฐานข้อมูล PSU Esports Studio - Phuket,pipeline:general_llm_fallback,general/detail,100.0,True,2.2997,1,general_llm,,
MB-1398-GL-073,general_llm,general_llm,API คืออะไร ตอบแบบเด็กปีหนึ่งเข้าใจได้,API คือช่องทางให้โปรแกรมต่าง ๆ พูดคุยกันได้เหมือนคนพูดคุยในห้องเรียนครับ หมายเหตุ: คำตอบนี้เป็นความรู้ทั่วไปของโมเดล ไม่ได้อ้างอิงจากฐานข้อมูล PSU Esports Studio - Phuket,pipeline:general_llm_fallback,general/general_knowledge_query,100.0,True,1.7639,1,general_llm,,
MB-1399-GL-074,general_llm,general_llm,JSON คืออะไร ตอบแบบเด็กปีหนึ่งเข้าใจได้,JSON คือภาษาเขียนข้อมูลให้เครื่องจักรเข้าใจง่าย ๆ เหมือนเขียนสูตรอาหารให้แมวหรือสุนัขกินได้ครับ หมายเหตุ: คำตอบนี้เป็นความรู้ทั่วไปของโมเดล ไม่ได้อ้างอิงจากฐานข้อมูล PSU Esports Studio - Phuket,pipeline:general_llm_fallback,general/general_knowledge_query,100.0,True,1.9861,1,general_llm,,
MB-1400-GL-075,general_llm,general_llm,ช่วยสรุปวิธีพูดขอบคุณแบบสุภาพ 2 ประโยค ตอบแบบเด็กปีหนึ่งเข้าใจได้,ขอบคุณมากเลยครับ ขอบคุณที่ให้โอกาสครับ หมายเหตุ: คำตอบนี้เป็นความรู้ทั่วไปของโมเดล ไม่ได้อ้างอิงจากฐานข้อมูล PSU Esports Studio - Phuket,pipeline:general_llm_fallback,general/general_knowledge_query,100.0,True,1.4438,1,general_llm,,
MB-1401-GL-076,general_llm,general_llm,แปลคำว่า reservation เป็นภาษาไทย ตอบแบบเด็กปีหนึ่งเข้าใจได้,การจองครับ หมายเหตุ: คำตอบนี้เป็นความรู้ทั่วไปของโมเดล ไม่ได้อ้างอิงจากฐานข้อมูล PSU Esports Studio - Phuket,pipeline:general_llm_fallback,general/detail,100.0,True,1.1318,1,general_llm,,
MB-1402-GL-077,general_llm,general_llm,เขียนประโยคประชาสัมพันธ์กิจกรรมแบบสุภาพหนึ่งประโยค ตอบแบบเด็กปีหนึ่งเข้าใจได้,ขอเชิญร่วมกิจกรรมสนุก ๆ เพื่อความสุขและเพื่อนฝูงครับ หมายเหตุ: คำตอบนี้เป็นความรู้ทั่วไปของโมเดล ไม่ได้อ้างอิงจากฐานข้อมูล PSU Esports Studio - Phuket,pipeline:general_llm_fallback,general/detail,100.0,True,1.7328,1,general_llm,,
MB-1403-GL-078,general_llm,general_llm,คีย์บอร์ด mechanical คืออะไรแบบสั้น ตอบแบบเด็กปีหนึ่งเข้าใจได้,คีย์บอร์ด mechanical คือคีย์บอร์ดที่แต่ละปุ่มมีกลไกเหมือนลูกศรเลื่อนเองครับ หมายเหตุ: คำตอบนี้เป็นความรู้ทั่วไปของโมเดล ไม่ได้อ้างอิงจากฐานข้อมูล PSU Esports Studio - Phuket,pipeline:general_llm_fallback,general/detail,100.0,True,2.066,1,general_llm,,
MB-1404-GL-079,general_llm,general_llm,GPU คืออะไรแบบเข้าใจง่าย ตอบแบบเด็กปีหนึ่งเข้าใจได้,GPU คืออุปกรณ์ช่วยให้คอมพิวเตอร์วาดภาพสวย ๆ เหมือนภาพวาดบนกระดาษครับ หมายเหตุ: คำตอบนี้เป็นความรู้ทั่วไปของโมเดล ไม่ได้อ้างอิงจากฐานข้อมูล PSU Esports Studio - Phuket,pipeline:general_llm_fallback,general/general_knowledge_query,100.0,True,1.7493,1,general_llm,,
MB-1405-GL-080,general_llm,general_llm,server กับ client ต่างกันยังไง ตอบแบบเด็กปีหนึ่งเข้าใจได้,คำตอบ: Server เป็นเครื่องหลัก รับคำสั่งจาก Client ข้อดี: เครื่องหลักจัดการงานได้ดีกว่า ข้อเสีย: ถ้าเครื่องนี้ล้มเหลว ทุกอย่างหยุดทำงานครับ หมายเหตุ: คำตอบนี้เป็นความรู้ทั่วไปของโมเดล ไม่ได้อ้างอิงจากฐานข้อมูล PSU Esports Studio - Phuket,pipeline:general_llm_fallback,general/detail,100.0,True,2.7494,1,general_llm,,
MB-1406-GL-081,general_llm,general_llm,อธิบายคำว่า latency ในระบบคอมพิวเตอร์แบบสั้น ๆ ขอแบบไม่ใช้ศัพท์ยาก,Latency คือเวลาที่ใช้ระหว่างสั่งงานและได้ผลลัพธ์กลับมาครับ หมายเหตุ: คำตอบนี้เป็นความรู้ทั่วไปของโมเดล ไม่ได้อ้างอิงจากฐานข้อมูล PSU Esports Studio - Phuket,pipeline:general_llm_fallback,general/detail,100.0,True,1.6349,1,general_llm,,
MB-1407-GL-082,general_llm,general_llm,เฟรมเรตกับความละเอียดต่างกันยังไง ขอแบบไม่ใช้ศัพท์ยาก,คำตอบ: เฟรมเรตคือจำนวนภาพต่อวินาที ส่วนความละเอียดคือความคมชัดของภาพครับ ข้อดี: เฟรมเรตสูงทำให้เคลื่อนไหวลื่นไหลมากขึ้นครับ ข้อเสีย: ความละเอียดสูงใช้แบตเตอรี่และหน่วยความจำมากครับ หมายเหตุ: คำตอบนี้เป็นความรู้ทั่วไปของโมเดล ไม่ได้อ้างอิงจากฐานข้อมูล PSU Esports Studio - Phuket,pipeline:general_llm_fallback,general/detail,100.0,True,3.0005,1,general_llm,,
MB-1408-GL-083,general_llm,general_llm,API คืออะไร ขอแบบไม่ใช้ศัพท์ยาก,API คือช่องทางที่โปรแกรมหนึ่งสามารถสื่อสารกับโปรแกรมอีกตัวหนึ่งได้โดยตรงครับ หมายเหตุ: คำตอบนี้เป็นความรู้ทั่วไปของโมเดล ไม่ได้อ้างอิงจากฐานข้อมูล PSU Esports Studio - Phuket,pipeline:general_llm_fallback,general/general_knowledge_query,100.0,True,1.7159,1,general_llm,,
MB-1409-GL-084,general_llm,general_llm,JSON คืออะไร ขอแบบไม่ใช้ศัพท์ยาก,JSON คือรูปแบบข้อมูลที่เขียนเป็นภาษาอังกฤษง่าย ๆ เพื่อบันทึกข้อมูลต่าง ๆ เช่น ชื่อ อายุ ที่อยู่ เป็นต้น โดยใช้โครงสร้างคล้ายกับคำสั่งในคอมพิวเตอร์ แต่เข้าใจง่ายและใช้งานได้ทันทีครับ หมายเหตุ: คำตอบนี้เป็นความรู้ทั่วไปของโมเดล ไม่ได้อ้างอิงจากฐานข้อมูล PSU Esports Studio - Phuket,pipeline:general_llm_fallback,general/general_knowledge_query,100.0,True,2.9694,1,general_llm,,
MB-1410-GL-085,general_llm,general_llm,ช่วยสรุปวิธีพูดขอบคุณแบบสุภาพ 2 ประโยค ขอแบบไม่ใช้ศัพท์ยาก,ขอบคุณสำหรับความช่วยเหลือครับ ยินดีให้บริการเสมอครับ หมายเหตุ: คำตอบนี้เป็นความรู้ทั่วไปของโมเดล ไม่ได้อ้างอิงจากฐานข้อมูล PSU Esports Studio - Phuket,pipeline:general_llm_fallback,general/general_knowledge_query,100.0,True,1.5523,1,general_llm,,
MB-1411-GL-086,general_llm,general_llm,แปลคำว่า reservation เป็นภาษาไทย ขอแบบไม่ใช้ศัพท์ยาก,การจองครับ หมายเหตุ: คำตอบนี้เป็นความรู้ทั่วไปของโมเดล ไม่ได้อ้างอิงจากฐานข้อมูล PSU Esports Studio - Phuket,pipeline:general_llm_fallback,general/detail,100.0,True,1.0803,1,general_llm,,
MB-1412-GL-087,general_llm,general_llm,เขียนประโยคประชาสัมพันธ์กิจกรรมแบบสุภาพหนึ่งประโยค ขอแบบไม่ใช้ศัพท์ยาก,ขอเชิญร่วมงานกิจกรรมสนุก ๆ ที่น่าตื่นเต้นและอบอุ่นใจครับ หมายเหตุ: คำตอบนี้เป็นความรู้ทั่วไปของโมเดล ไม่ได้อ้างอิงจากฐานข้อมูล PSU Esports Studio - Phuket,pipeline:general_llm_fallback,general/detail,100.0,True,1.7746,1,general_llm,,
MB-1413-GL-088,general_llm,general_llm,คีย์บอร์ด mechanical คืออะไรแบบสั้น ขอแบบไม่ใช้ศัพท์ยาก,คีย์บอร์ด mechanical คือคีย์บอร์ดที่แต่ละปุ่มใช้กลไกภายในเหมือนลูกบอลยึดติดกันแทนยางนิ่มครับ หมายเหตุ: คำตอบนี้เป็นความรู้ทั่วไปของโมเดล ไม่ได้อ้างอิงจากฐานข้อมูล PSU Esports Studio - Phuket,pipeline:general_llm_fallback,general/detail,100.0,True,2.2248,1,general_llm,,
MB-1414-GL-089,general_llm,general_llm,GPU คืออะไรแบบเข้าใจง่าย ขอแบบไม่ใช้ศัพท์ยาก,GPU คือชิปประมวลผลกราฟิก ทำหน้าที่จัดการภาพและวิดีโอให้ดูคมชัด เหมาะสำหรับเล่นเกมหรือดูหนังครับ หมายเหตุ: คำตอบนี้เป็นความรู้ทั่วไปของโมเดล ไม่ได้อ้างอิงจากฐานข้อมูล PSU Esports Studio - Phuket,pipeline:general_llm_fallback,general/general_knowledge_query,100.0,True,2.1242,1,general_llm,,
MB-1415-GL-090,general_llm,general_llm,server กับ client ต่างกันยังไง ขอแบบไม่ใช้ศัพท์ยาก,คำตอบ: Server เป็นเครื่องหลักให้บริการ ขณะที่ Client เป็นเครื่องใช้งานบริการ ข้อดี: เครื่อง Server จัดการงานได้มากกว่า ข้อเสีย: เครื่อง Server ต้องใช้พลังงานและบำรุงรักษาบ่อยครับ หมายเหตุ: คำตอบนี้เป็นความรู้ทั่วไปของโมเดล ไม่ได้อ้างอิงจากฐานข้อมูล PSU Esports Studio - Phuket,pipeline:general_llm_fallback,general/detail,100.0,True,2.7675,1,general_llm,,
MB-1416-GL-091,general_llm,general_llm,อธิบายคำว่า latency ในระบบคอมพิวเตอร์แบบสั้น ๆ ขอสรุปเป็น 2 ข้อ,• Latency คือเวลาที่ใช้ในการตอบสนองต่อคำสั่งในระบบคอมพิวเตอร์ครับ • มีผลต่อประสิทธิภาพการทำงาน โดยเฉพาะในแอปพลิเคชันที่ต้องการความเร็วสูงครับ หมายเหตุ: คำตอบนี้เป็นความรู้ทั่วไปของโมเดล ไม่ได้อ้างอิงจากฐานข้อมูล PSU Esports Studio - Phuket,pipeline:general_llm_fallback,general/detail,100.0,True,2.5834,1,general_llm,,
MB-1417-GL-092,general_llm,general_llm,เฟรมเรตกับความละเอียดต่างกันยังไง ขอสรุปเป็น 2 ข้อ,คำตอบ: เฟรมเรตคือจำนวนเฟรมต่อวินาที ส่วนความละเอียดคือขนาดภาพ ข้อดี: เฟรมเรตสูงทำให้เคลื่อนไหวลื่นไหลมากขึ้นครับ ข้อเสีย: ความละเอียดสูงใช้หน่วยความจำมากกว่าครับ หมายเหตุ: คำตอบนี้เป็นความรู้ทั่วไปของโมเดล ไม่ได้อ้างอิงจากฐานข้อมูล PSU Esports Studio - Phuket,pipeline:general_llm_fallback,general/detail,100.0,True,2.8564,1,general_llm,,
MB-1418-GL-093,general_llm,general_llm,API คืออะไร ขอสรุปเป็น 2 ข้อ,API คือช่องทางที่โปรแกรมต่าง ๆ สื่อสารกันได้โดยตรงครับ API ช่วยให้บริการต่าง ๆ เชื่อมต่อกันได้อย่างมีประสิทธิภาพครับ หมายเหตุ: คำตอบนี้เป็นความรู้ทั่วไปของโมเดล ไม่ได้อ้างอิงจากฐานข้อมูล PSU Esports Studio - Phuket,pipeline:general_llm_fallback,general/general_knowledge_query,100.0,True,2.0397,1,general_llm,,
MB-1419-GL-094,general_llm,general_llm,JSON คืออะไร ขอสรุปเป็น 2 ข้อ,• JSON เป็นรูปแบบข้อมูลที่ใช้สื่อสารข้อมูลระหว่างระบบต่าง ๆ • เข้าใจง่าย มีโครงสร้างชัดเจนเหมาะกับการจัดเก็บและแลกเปลี่ยนข้อมูลครับ หมายเหตุ: คำตอบนี้เป็นความรู้ทั่วไปของโมเดล ไม่ได้อ้างอิงจากฐานข้อมูล PSU Esports Studio - Phuket,pipeline:general_llm_fallback,general/general_knowledge_query,100.0,True,2.1822,1,general_llm,,
MB-1420-GL-095,general_llm,general_llm,ช่วยสรุปวิธีพูดขอบคุณแบบสุภาพ 2 ประโยค ขอสรุปเป็น 2 ข้อ,• กรุณาขอบคุณสำหรับความช่วยเหลืออย่างยิ่งครับ • คำขอบคุณนี้แสดงถึงความเคารพและความประทับใจครับ หมายเหตุ: คำตอบนี้เป็นความรู้ทั่วไปของโมเดล ไม่ได้อ้างอิงจากฐานข้อมูล PSU Esports Studio - Phuket,pipeline:general_llm_fallback,general/general_knowledge_query,100.0,True,1.851,1,general_llm,,
MB-1421-GL-096,general_llm,general_llm,แปลคำว่า reservation เป็นภาษาไทย ขอสรุปเป็น 2 ข้อ,การจองครับ การขออนุญาตครับ หมายเหตุ: คำตอบนี้เป็นความรู้ทั่วไปของโมเดล ไม่ได้อ้างอิงจากฐานข้อมูล PSU Esports Studio - Phuket,pipeline:general_llm_fallback,general/detail,100.0,True,1.2428,1,general_llm,,
MB-1422-GL-097,general_llm,general_llm,เขียนประโยคประชาสัมพันธ์กิจกรรมแบบสุภาพหนึ่งประโยค ขอสรุปเป็น 2 ข้อ,ขอเชิญร่วมงานกิจกรรมเพื่อส่งเสริมความร่วมมือและความเข้าใจในชุมชนครับ หมายเหตุ: คำตอบนี้เป็นความรู้ทั่วไปของโมเดล ไม่ได้อ้างอิงจากฐานข้อมูล PSU Esports Studio - Phuket,pipeline:general_llm_fallback,general/detail,100.0,True,2.6251,1,general_llm,,
MB-1423-GL-098,general_llm,general_llm,คีย์บอร์ด mechanical คืออะไรแบบสั้น ขอสรุปเป็น 2 ข้อ,• คีย์บอร์ดกลไกใช้ลูกศรกลไกภายในแทนแป้นธรรมดา • เน้นความแม่นยำและตอบสนองเร็วสูงกว่าแบบทั่วไปครับ หมายเหตุ: คำตอบนี้เป็นความรู้ทั่วไปของโมเดล ไม่ได้อ้างอิงจากฐานข้อมูล PSU Esports Studio - Phuket,pipeline:general_llm_fallback,general/detail,100.0,True,2.3287,1,general_llm,,
MB-1424-GL-099,general_llm,general_llm,GPU คืออะไรแบบเข้าใจง่าย ขอสรุปเป็น 2 ข้อ,• GPU คือชิปประมวลผลกราฟิกที่ใช้แสดงภาพเคลื่อนไหวบนหน้าจอ • เหมาะสำหรับเล่นเกมหรืองานออกแบบกราฟิกได้ดีครับ หมายเหตุ: คำตอบนี้เป็นความรู้ทั่วไปของโมเดล ไม่ได้อ้างอิงจากฐานข้อมูล PSU Esports Studio - Phuket,pipeline:general_llm_fallback,general/general_knowledge_query,100.0,True,2.014,1,general_llm,,
MB-1425-GL-100,general_llm,general_llm,server กับ client ต่างกันยังไง ขอสรุปเป็น 2 ข้อ,คำตอบ: Server เป็นเซิร์ฟเวอร์ จัดการข้อมูลให้ Client ข้อดี: เซิร์ฟเวอร์จัดเก็บข้อมูลและบริการได้ตลอดเวลา ข้อเสีย: ต้องใช้โครงสร้างพื้นฐานที่มั่นคงและบำรุงรักษาอย่างสม่ำเสมอครับ หมายเหตุ: คำตอบนี้เป็นความรู้ทั่วไปของโมเดล ไม่ได้อ้างอิงจากฐานข้อมูล PSU Esports Studio - Phuket,pipeline:general_llm_fallback,general/detail,100.0,True,3.0126,1,general_llm,,
MB-1426-GL-101,general_llm,general_llm,อธิบายคำว่า latency ในระบบคอมพิวเตอร์แบบสั้น ๆ ขอคำตอบไม่เกิน 3 บรรทัด,Latency คือเวลาที่ใช้ในการตอบสนองระหว่างการสั่งงานกับผลลัพธ์ที่ได้รับครับ หมายเหตุ: คำตอบนี้เป็นความรู้ทั่วไปของโมเดล ไม่ได้อ้างอิงจากฐานข้อมูล PSU Esports Studio - Phuket,pipeline:general_llm_fallback,general/detail,100.0,True,1.7893,1,general_llm,,
MB-1427-GL-102,general_llm,general_llm,เฟรมเรตกับความละเอียดต่างกันยังไง ขอคำตอบไม่เกิน 3 บรรทัด,คำตอบ: เฟรมเรตคือจำนวนเฟรมต่อวินาที ส่วนความละเอียดคือความคมชัดของภาพครับ ข้อดี: เฟรมเรตสูงทำให้เคลื่อนไหวลื่นไหลมากขึ้นครับ ข้อเสีย: ความละเอียดสูงใช้หน่วยความจำมากกว่าครับ หมายเหตุ: คำตอบนี้เป็นความรู้ทั่วไปของโมเดล ไม่ได้อ้างอิงจากฐานข้อมูล PSU Esports Studio - Phuket,pipeline:general_llm_fallback,general/detail,100.0,True,2.9204,1,general_llm,,
MB-1428-GL-103,general_llm,general_llm,API คืออะไร ขอคำตอบไม่เกิน 3 บรรทัด,API คือ Application Programming Interface ซึ่งเป็นช่องทางให้โปรแกรมต่าง ๆ สื่อสารกันได้ครับ หมายเหตุ: คำตอบนี้เป็นความรู้ทั่วไปของโมเดล ไม่ได้อ้างอิงจากฐานข้อมูล PSU Esports Studio - Phuket,pipeline:general_llm_fallback,general/general_knowledge_query,100.0,True,1.6125,1,general_llm,,
MB-1429-GL-104,general_llm,general_llm,JSON คืออะไร ขอคำตอบไม่เกิน 3 บรรทัด,JSON คือภาษาข้อมูลที่ใช้จัดรูปแบบข้อมูลในรูปแบบโครงสร้างต้นไม้หรือพจนานุกรม โดยมีโครงสร้างชัดเจนและเข้าใจง่ายครับ หมายเหตุ: คำตอบนี้เป็นความรู้ทั่วไปของโมเดล ไม่ได้อ้างอิงจากฐานข้อมูล PSU Esports Studio - Phuket,pipeline:general_llm_fallback,general/general_knowledge_query,100.0,True,2.0743,1,general_llm,,
MB-1430-GL-105,general_llm,general_llm,ช่วยสรุปวิธีพูดขอบคุณแบบสุภาพ 2 ประโยค ขอคำตอบไม่เกิน 3 บรรทัด,ขอบคุณสำหรับความช่วยเหลืออย่างยิ่งครับ ขอแสดงความนับถืออย่างสูงสุดครับ หมายเหตุ: คำตอบนี้เป็นความรู้ทั่วไปของโมเดล ไม่ได้อ้างอิงจากฐานข้อมูล PSU Esports Studio - Phuket,pipeline:general_llm_fallback,general/general_knowledge_query,100.0,True,1.7625,1,general_llm,,
MB-1431-GL-106,general_llm,general_llm,แปลคำว่า reservation เป็นภาษาไทย ขอคำตอบไม่เกิน 3 บรรทัด,การจองครับ หมายเหตุ: คำตอบนี้เป็นความรู้ทั่วไปของโมเดล ไม่ได้อ้างอิงจากฐานข้อมูล PSU Esports Studio - Phuket,pipeline:general_llm_fallback,general/detail,100.0,True,1.1487,1,general_llm,,
MB-1432-GL-107,general_llm,general_llm,เขียนประโยคประชาสัมพันธ์กิจกรรมแบบสุภาพหนึ่งประโยค ขอคำตอบไม่เกิน 3 บรรทัด,ขอเชิญร่วมงานกิจกรรมเพื่อสร้างแรงบันดาลใจและแบ่งปันความรู้ครับ หมายเหตุ: คำตอบนี้เป็นความรู้ทั่วไปของโมเดล ไม่ได้อ้างอิงจากฐานข้อมูล PSU Esports Studio - Phuket,pipeline:general_llm_fallback,general/detail,100.0,True,1.7659,1,general_llm,,
MB-1433-GL-108,general_llm,general_llm,คีย์บอร์ด mechanical คืออะไรแบบสั้น ขอคำตอบไม่เกิน 3 บรรทัด,คีย์บอร์ด mechanical เป็นคีย์บอร์ดที่ใช้กลไกภายในแต่ละปุ่มแทนระบบแม่เหล็กหรือไฟฟ้า เพื่อให้กดได้แรงและเสียงชัดเจนกว่าครับ หมายเหตุ: คำตอบนี้เป็นความรู้ทั่วไปของโมเดล ไม่ได้อ้างอิงจากฐานข้อมูล PSU Esports Studio - Phuket,pipeline:general_llm_fallback,general/detail,100.0,True,2.5458,1,general_llm,,
MB-1434-GL-109,general_llm,general_llm,GPU คืออะไรแบบเข้าใจง่าย ขอคำตอบไม่เกิน 3 บรรทัด,GPU คือชิปประมวลผลกราฟิกที่ใช้แสดงภาพบนหน้าจอให้ดูน่าสนใจและไหลลื่นครับ หมายเหตุ: คำตอบนี้เป็นความรู้ทั่วไปของโมเดล ไม่ได้อ้างอิงจากฐานข้อมูล PSU Esports Studio - Phuket,pipeline:general_llm_fallback,general/general_knowledge_query,100.0,True,1.7408,1,general_llm,,
MB-1435-GL-110,general_llm,general_llm,server กับ client ต่างกันยังไง ขอคำตอบไม่เกิน 3 บรรทัด,คำตอบ: Server เป็นเซิร์ฟเวอร์ รับคำสั่งจาก Client ข้อดี: จัดการข้อมูลได้ดี มีความเสถียร ข้อเสีย: ต้องใช้โครงสร้างพื้นฐานรองรับครับ หมายเหตุ: คำตอบนี้เป็นความรู้ทั่วไปของโมเดล ไม่ได้อ้างอิงจากฐานข้อมูล PSU Esports Studio - Phuket,pipeline:general_llm_fallback,general/detail,100.0,True,2.6056,1,general_llm,,
MB-1436-GL-111,general_llm,general_llm,อธิบายคำว่า latency ในระบบคอมพิวเตอร์แบบสั้น ๆ อธิบายแบบใช้ในงาน chatbot,Latency คือเวลาที่ใช้ในการตอบสนองระหว่างการส่งคำขอและได้รับผลลัพธ์จากระบบคอมพิวเตอร์ครับ หมายเหตุ: คำตอบนี้เป็นความรู้ทั่วไปของโมเดล ไม่ได้อ้างอิงจากฐานข้อมูล PSU Esports Studio - Phuket,pipeline:general_llm_fallback,general/detail,100.0,True,1.9495,1,general_llm,,
MB-1437-GL-112,general_llm,general_llm,เฟรมเรตกับความละเอียดต่างกันยังไง อธิบายแบบใช้ในงาน chatbot,คำตอบ: เฟรมเรตคือจำนวนเฟรมต่อวินาที ความละเอียดคือขนาดข้อมูลภาพครับ ข้อดี: เฟรมเรตสูงทำให้เคลื่อนไหวลื่นไหลมากขึ้นครับ ข้อเสีย: ความละเอียดสูงใช้หน่วยความจำมากกว่าครับ หมายเหตุ: คำตอบนี้เป็นความรู้ทั่วไปของโมเดล ไม่ได้อ้างอิงจากฐานข้อมูล PSU Esports Studio - Phuket,pipeline:general_llm_fallback,general/detail,100.0,True,3.0207,1,general_llm,,
MB-1438-GL-113,general_llm,general_llm,API คืออะไร อธิบายแบบใช้ในงาน chatbot,API คือ Application Programming Interface ซึ่งเป็นช่องทางให้โปรแกรมต่าง ๆ สื่อสารกันได้ โดยในงาน chatbot จะใช้ API เพื่อดึงข้อมูลหรือส่งคำขอไปยังบริการภายนอก เช่น ฐานข้อมูลหรือโมเดลภาษา เพื่อให้ chatbot ตอบคำถามได้อย่างแม่นยำครับ หมายเหตุ: คำตอบนี้เป็นความรู้ทั่วไปของโมเดล ไม่ได้อ้างอิงจากฐานข้อมูล PSU Esports Studio - Phuket,pipeline:general_llm_fallback,general/general_knowledge_query,100.0,True,2.9751,1,general_llm,,
MB-1439-GL-114,general_llm,general_llm,JSON คืออะไร อธิบายแบบใช้ในงาน chatbot,JSON คือภาษาข้อมูลที่ใช้ในการสื่อสารข้อมูลระหว่างระบบต่าง ๆ โดยเฉพาะในงาน chatbot เพื่อให้สามารถแลกเปลี่ยนข้อมูลได้อย่างรวดเร็วและชัดเจน เช่น การส่งคำถามหรือคำตอบไปยังระบบอื่น ๆ ผ่านรูปแบบโครงสร้างที่เข้าใจง่ายครับ หมายเหตุ: คำตอบนี้เป็นความรู้ทั่วไปของโมเดล ไม่ได้อ้างอิงจากฐานข้อมูล PSU Esports Studio - Phuket,pipeline:general_llm_fallback,general/general_knowledge_query,100.0,True,2.98,1,general_llm,,
MB-1440-GL-115,general_llm,general_llm,ช่วยสรุปวิธีพูดขอบคุณแบบสุภาพ 2 ประโยค อธิบายแบบใช้ในงาน chatbot,ขอบคุณสำหรับความช่วยเหลืออย่างยิ่งครับ ขอแสดงความนับถือและขอบคุณอีกครั้งครับ หมายเหตุ: คำตอบนี้เป็นความรู้ทั่วไปของโมเดล ไม่ได้อ้างอิงจากฐานข้อมูล PSU Esports Studio - Phuket,pipeline:general_llm_fallback,general/general_knowledge_query,100.0,True,1.9946,1,general_llm,,
MB-1441-GL-116,general_llm,general_llm,แปลคำว่า reservation เป็นภาษาไทย อธิบายแบบใช้ในงาน chatbot,การจองครับ หมายเหตุ: คำตอบนี้เป็นความรู้ทั่วไปของโมเดล ไม่ได้อ้างอิงจากฐานข้อมูล PSU Esports Studio - Phuket,pipeline:general_llm_fallback,general/detail,100.0,True,1.1356,1,general_llm,,
MB-1442-GL-117,general_llm,general_llm,เขียนประโยคประชาสัมพันธ์กิจกรรมแบบสุภาพหนึ่งประโยค อธิบายแบบใช้ในงาน chatbot,ขอเชิญร่วมกิจกรรมพิเศษเพื่อสร้างความสนุกสนานและเสริมสร้างความสัมพันธ์ที่ดีขึ้นระหว่างสมาชิกครับ หมายเหตุ: คำตอบนี้เป็นความรู้ทั่วไปของโมเดล ไม่ได้อ้างอิงจากฐานข้อมูล PSU Esports Studio - Phuket,pipeline:general_llm_fallback,general/detail,100.0,True,2.3727,1,general_llm,,
MB-1443-GL-118,general_llm,general_llm,คีย์บอร์ด mechanical คืออะไรแบบสั้น อธิบายแบบใช้ในงาน chatbot,คีย์บอร์ด mechanical เป็นคีย์บอร์ดที่ใช้กลไกภายในแต่ละปุ่มช่วยให้กดได้แรงและเสียงดังกว่าแบบธรรมดาครับ หมายเหตุ: คำตอบนี้เป็นความรู้ทั่วไปของโมเดล ไม่ได้อ้างอิงจากฐานข้อมูล PSU Esports Studio - Phuket,pipeline:general_llm_fallback,general/detail,100.0,True,2.2139,1,general_llm,,
MB-1444-GL-119,general_llm,general_llm,GPU คืออะไรแบบเข้าใจง่าย อธิบายแบบใช้ในงาน chatbot,GPU คือ กราฟิกโปรเซสเซอร์ ซึ่งใช้ประมวลผลข้อมูลจำนวนมาก เช่น การเรียนรู้ของเครื่อง โดยเฉพาะในงาน AI และ Chatbot เพื่อให้ตอบสนองเร็วและแม่นยำมากขึ้นครับ หมายเหตุ: คำตอบนี้เป็นความรู้ทั่วไปของโมเดล ไม่ได้อ้างอิงจากฐานข้อมูล PSU Esports Studio - Phuket,pipeline:general_llm_fallback,general/general_knowledge_query,100.0,True,2.4824,1,general_llm,,
MB-1445-GL-120,general_llm,general_llm,server กับ client ต่างกันยังไง อธิบายแบบใช้ในงาน chatbot,คำตอบ: Server เป็นเซิร์ฟเวอร์ จัดการข้อมูลให้ Client ข้อดี: เซิร์ฟเวอร์จัดการข้อมูลได้ดี มีความปลอดภัยสูง ข้อเสีย: ต้องใช้โครงสร้างพื้นฐานรองรับอย่างมีประสิทธิภาพครับ หมายเหตุ: คำตอบนี้เป็นความรู้ทั่วไปของโมเดล ไม่ได้อ้างอิงจากฐานข้อมูล PSU Esports Studio - Phuket,pipeline:general_llm_fallback,general/detail,100.0,True,3.0276,1,general_llm,,
MB-1446-GL-121,general_llm,general_llm,อธิบายคำว่า latency ในระบบคอมพิวเตอร์แบบสั้น ๆ อธิบายแบบใช้กับวงการเกม,Latency คือเวลาที่ใช้ในการตอบสนองระหว่างผู้เล่นกับเกม โดยมีผลต่อความลื่นไหลของเกมมากครับ หมายเหตุ: คำตอบนี้เป็นความรู้ทั่วไปของโมเดล ไม่ได้อ้างอิงจากฐานข้อมูล PSU Esports Studio - Phuket,pipeline:general_llm_fallback,general/detail,100.0,True,1.8377,1,general_llm,,
MB-1447-GL-122,general_llm,general_llm,เฟรมเรตกับความละเอียดต่างกันยังไง อธิบายแบบใช้กับวงการเกม,คำตอบ: เฟรมเรตคือจำนวนเฟรมต่อวินาที ความละเอียดคือความคมชัดของภาพครับ ข้อดี: เฟรมเรตสูงทำให้เคลื่อนไหวลื่นไหลมากขึ้นครับ ข้อเสีย: ความละเอียดสูงใช้ทรัพยากรมากกว่าครับ หมายเหตุ: คำตอบนี้เป็นความรู้ทั่วไปของโมเดล ไม่ได้อ้างอิงจากฐานข้อมูล PSU Esports Studio - Phuket,pipeline:general_llm_fallback,general/detail,100.0,True,2.9527,1,general_llm,,
MB-1448-GL-123,general_llm,general_llm,API คืออะไร อธิบายแบบใช้กับวงการเกม,API คือ Application Programming Interface ซึ่งในวงการเกมหมายถึงชุดคำสั่งที่อนุญาตให้โปรแกรมหนึ่งสามารถสื่อสารหรือทำงานร่วมกับโปรแกรมอีกตัวได้ เช่น การเชื่อมต่อระหว่างเกมกับระบบจัดการผู้เล่นหรือแพลตฟอร์มบริการต่าง ๆ โดยช่วยให้พัฒนาเกมได้อย่างรวดเร็วและยืดหยุ่นมากขึ้นครับ หมายเหตุ: คำตอบนี้เป็นความรู้ทั่วไปของโมเดล ไม่ได้อ้างอิงจากฐานข้อมูล PSU Esports Studio - Phuket,pipeline:general_llm_fallback,general/general_knowledge_query,100.0,True,3.7546,1,general_llm,,
MB-1449-GL-124,general_llm,general_llm,JSON คืออะไร อธิบายแบบใช้กับวงการเกม,JSON คือรูปแบบข้อมูลที่ใช้ในการสื่อสารระหว่างโปรแกรมต่าง ๆ โดยเฉพาะในวงการเกม เช่น การส่งข้อมูลผู้เล่นหรือสถานะเกมไปยังเซิร์ฟเวอร์อย่างรวดเร็วและชัดเจนครับ หมายเหตุ: คำตอบนี้เป็นความรู้ทั่วไปของโมเดล ไม่ได้อ้างอิงจากฐานข้อมูล PSU Esports Studio - Phuket,pipeline:general_llm_fallback,general/general_knowledge_query,100.0,True,2.5461,1,general_llm,,
MB-1450-GL-125,general_llm,general_llm,ช่วยสรุปวิธีพูดขอบคุณแบบสุภาพ 2 ประโยค อธิบายแบบใช้กับวงการเกม,ขอบคุณสำหรับความช่วยเหลือและแรงบันดาลใจในการแข่งขันครับ ขอแสดงความชื่นชมและความประทับใจในผลงานที่ยอดเยี่ยมครับ หมายเหตุ: คำตอบนี้เป็นความรู้ทั่วไปของโมเดล ไม่ได้อ้างอิงจากฐานข้อมูล PSU Esports Studio - Phuket,pipeline:general_llm_fallback,general/general_knowledge_query,100.0,True,2.0256,1,general_llm,,
MB-1451-GL-126,general_llm,general_llm,แปลคำว่า reservation เป็นภาษาไทย อธิบายแบบใช้กับวงการเกม,การจอง席ครับ หมายเหตุ: คำตอบนี้เป็นความรู้ทั่วไปของโมเดล ไม่ได้อ้างอิงจากฐานข้อมูล PSU Esports Studio - Phuket,pipeline:general_llm_fallback,general/detail,100.0,True,1.1774,1,general_llm,,
MB-1452-GL-127,general_llm,general_llm,เขียนประโยคประชาสัมพันธ์กิจกรรมแบบสุภาพหนึ่งประโยค อธิบายแบบใช้กับวงการเกม,ขอเชิญร่วมสัมผัสประสบการณ์เกมระดับพรีเมียมอย่างอบอุ่นและสนุกสนานครับ หมายเหตุ: คำตอบนี้เป็นความรู้ทั่วไปของโมเดล ไม่ได้อ้างอิงจากฐานข้อมูล PSU Esports Studio - Phuket,pipeline:general_llm_fallback,general/detail,84.0,False,1.8304,1,general_llm,missing_any:กิจกรรม,
MB-1453-GL-128,general_llm,general_llm,คีย์บอร์ด mechanical คืออะไรแบบสั้น อธิบายแบบใช้กับวงการเกม,คีย์บอร์ด mechanical เป็นคีย์บอร์ดที่ใช้ลูกศรกลิ้งแทนระบบสัมผัสช่วยให้ตอบสนองเร็วและแม่นยำในเกมครับ หมายเหตุ: คำตอบนี้เป็นความรู้ทั่วไปของโมเดล ไม่ได้อ้างอิงจากฐานข้อมูล PSU Esports Studio - Phuket,pipeline:general_llm_fallback,general/detail,100.0,True,2.2491,1,general_llm,,
MB-1454-GL-129,general_llm,general_llm,GPU คืออะไรแบบเข้าใจง่าย อธิบายแบบใช้กับวงการเกม,GPU คือ กราฟิกโปรเซสเซอร์ ซึ่งทำหน้าที่ประมวลผลภาพและกราฟิกในเกมให้ไหลลื่น เช่น เวลาเล่นเกม FPS จะต้องใช้ GPU มาช่วยจัดการภาพเคลื่อนไหวให้เร็วและคมชัดมากขึ้นครับ หมายเหตุ: คำตอบนี้เป็นความรู้ทั่วไปของโมเดล ไม่ได้อ้างอิงจากฐานข้อมูล PSU Esports Studio - Phuket,pipeline:general_llm_fallback,general/general_knowledge_query,100.0,True,2.7629,1,general_llm,,
MB-1455-GL-130,general_llm,general_llm,server กับ client ต่างกันยังไง อธิบายแบบใช้กับวงการเกม,"คำตอบ: Server เป็นศูนย์กลางควบคุมเกม, Client เป็นอุปกรณ์เล่นเกม ข้อดี: รักษาความสมดุลและสถานะเกมได้ดี ข้อเสีย: มีภาระหนักต่อเซิร์ฟเวอร์ครับ หมายเหตุ: คำตอบนี้เป็นความรู้ทั่วไปของโมเดล ไม่ได้อ้างอิงจากฐานข้อมูล PSU Esports Studio - Phuket",pipeline:general_llm_fallback,general/detail,100.0,True,2.626,1,general_llm,,
MB-1456-GL-131,general_llm,general_llm,อธิบายคำว่า latency ในระบบคอมพิวเตอร์แบบสั้น ๆ ช่วยยกตัวอย่างสั้น ๆ,Latency คือเวลาที่ใช้ในการตอบสนองของระบบคอมพิวเตอร์ เช่น เมื่อกดปุ่มแล้วจอแสดงผลตอบสนองทันทีครับ หมายเหตุ: คำตอบนี้เป็นความรู้ทั่วไปของโมเดล ไม่ได้อ้างอิงจากฐานข้อมูล PSU Esports Studio - Phuket,pipeline:general_llm_fallback,general/detail,100.0,True,2.0097,1,general_llm,,
MB-1457-GL-132,general_llm,general_llm,เฟรมเรตกับความละเอียดต่างกันยังไง ช่วยยกตัวอย่างสั้น ๆ,คำตอบ: เฟรมเรตคือจำนวนเฟรมต่อวินาที ส่วนความละเอียดคือขนาดภาพ ข้อดี: เฟรมเรตสูงทำให้เคลื่อนไหวลื่นไหลมากขึ้นครับ ข้อเสีย: ความละเอียดสูงใช้หน่วยความจำมากกว่าครับ หมายเหตุ: คำตอบนี้เป็นความรู้ทั่วไปของโมเดล ไม่ได้อ้างอิงจากฐานข้อมูล PSU Esports Studio - Phuket,pipeline:general_llm_fallback,general/detail,100.0,True,2.8678,1,general_llm,,
MB-1458-GL-133,general_llm,general_llm,API คืออะไร ช่วยยกตัวอย่างสั้น ๆ,API คืออินเทอร์เฟซโปรแกรมที่ช่วยให้แอปพลิเคชันต่าง ๆ สื่อสารกันได้ เช่น การเชื่อมโยงเว็บไซต์กับระบบชำระเงินครับ หมายเหตุ: คำตอบนี้เป็นความรู้ทั่วไปของโมเดล ไม่ได้อ้างอิงจากฐานข้อมูล PSU Esports Studio - Phuket,pipeline:general_llm_fallback,general/general_knowledge_query,100.0,True,2.1381,1,general_llm,,
MB-1459-GL-134,general_llm,general_llm,JSON คืออะไร ช่วยยกตัวอย่างสั้น ๆ,"JSON คือรูปแบบข้อมูลที่ใช้จัดเก็บข้อมูลในรูปแบบโครงสร้าง เช่น รายการหรือคู่ค่า โดยตัวอย่างเช่น {""ชื่อ"":""สมชาย"",""อายุ"":30}ครับ หมายเหตุ: คำตอบนี้เป็นความรู้ทั่วไปของโมเดล ไม่ได้อ้างอิงจากฐานข้อมูล PSU Esports Studio - Phuket",pipeline:general_llm_fallback,general/general_knowledge_query,100.0,True,2.1649,1,general_llm,,
MB-1460-GL-135,general_llm,general_llm,ช่วยสรุปวิธีพูดขอบคุณแบบสุภาพ 2 ประโยค ช่วยยกตัวอย่างสั้น ๆ,ขอบคุณสำหรับความช่วยเหลืออันสุภาพครับ ขอแสดงความชื่นชมและขอบใจเป็นอย่างยิ่งครับ หมายเหตุ: คำตอบนี้เป็นความรู้ทั่วไปของโมเดล ไม่ได้อ้างอิงจากฐานข้อมูล PSU Esports Studio - Phuket,pipeline:general_llm_fallback,general/general_knowledge_query,100.0,True,1.8461,1,general_llm,,
MB-1461-GL-136,general_llm,general_llm,แปลคำว่า reservation เป็นภาษาไทย ช่วยยกตัวอย่างสั้น ๆ,การจองครับ หมายเหตุ: คำตอบนี้เป็นความรู้ทั่วไปของโมเดล ไม่ได้อ้างอิงจากฐานข้อมูล PSU Esports Studio - Phuket,pipeline:general_llm_fallback,general/detail,100.0,True,1.051,1,general_llm,,
MB-1462-GL-137,general_llm,general_llm,เขียนประโยคประชาสัมพันธ์กิจกรรมแบบสุภาพหนึ่งประโยค ช่วยยกตัวอย่างสั้น ๆ,ขอเชิญร่วมกิจกรรมสนุกสนานเพื่อสร้างแรงบันดาลใจให้ทุกคนครับ หมายเหตุ: คำตอบนี้เป็นความรู้ทั่วไปของโมเดล ไม่ได้อ้างอิงจากฐานข้อมูล PSU Esports Studio - Phuket,pipeline:general_llm_fallback,general/detail,100.0,True,1.6951,1,general_llm,,
MB-1463-GL-138,general_llm,general_llm,คีย์บอร์ด mechanical คืออะไรแบบสั้น ช่วยยกตัวอย่างสั้น ๆ,คีย์บอร์ด mechanical เป็นคีย์บอร์ดที่ใช้กลไกภายในแต่ละปุ่มแทนระบบแม่เหล็ก เพื่อให้ตอบสนองเร็วและแรงกดชัดเจน เช่น คีย์บอร์ด Cherry MX ครับ หมายเหตุ: คำตอบนี้เป็นความรู้ทั่วไปของโมเดล ไม่ได้อ้างอิงจากฐานข้อมูล PSU Esports Studio - Phuket,pipeline:general_llm_fallback,general/detail,100.0,True,2.7174,1,general_llm,,
MB-1464-GL-139,general_llm,general_llm,GPU คืออะไรแบบเข้าใจง่าย ช่วยยกตัวอย่างสั้น ๆ,GPU คือชิปประมวลผลกราฟิก ใช้ในการแสดงภาพ เช่น เล่นเกมหรือดูวิดีโอครับ หมายเหตุ: คำตอบนี้เป็นความรู้ทั่วไปของโมเดล ไม่ได้อ้างอิงจากฐานข้อมูล PSU Esports Studio - Phuket,pipeline:general_llm_fallback,general/general_knowledge_query,100.0,True,1.8139,1,general_llm,,
MB-1465-GL-140,general_llm,general_llm,server กับ client ต่างกันยังไง ช่วยยกตัวอย่างสั้น ๆ,คำตอบ: Server เป็นเซิร์ฟเวอร์ให้บริการ คลิเอนต์คือผู้ใช้งานเชื่อมต่อครับ ข้อดี: เซิร์ฟเวอร์จัดการข้อมูลได้ดีครับ ข้อเสีย: ต้องมีโครงสร้างเครือข่ายรองรับครับ หมายเหตุ: คำตอบนี้เป็นความรู้ทั่วไปของโมเดล ไม่ได้อ้างอิงจากฐานข้อมูล PSU Esports Studio - Phuket,pipeline:general_llm_fallback,general/detail,100.0,True,2.9856,1,general_llm,,
MB-1466-GL-141,general_llm,general_llm,อธิบายคำว่า latency ในระบบคอมพิวเตอร์แบบสั้น ๆ เปรียบเทียบแบบสั้น,คำตอบ: Latency คือเวลาตอบสนองระหว่างคำสั่งและผลลัพธ์ครับ ข้อดี: เพิ่มความเร็วในการประมวลผลได้ทันทีครับ ข้อเสีย: ส่งผลต่อประสิทธิภาพเมื่อใช้งานต่อเนื่องครับ หมายเหตุ: คำตอบนี้เป็นความรู้ทั่วไปของโมเดล ไม่ได้อ้างอิงจากฐานข้อมูล PSU Esports Studio - Phuket,pipeline:general_llm_fallback,general/detail,100.0,True,2.7529,1,general_llm,,
MB-1467-GL-142,general_llm,general_llm,เฟรมเรตกับความละเอียดต่างกันยังไง เปรียบเทียบแบบสั้น,คำตอบ: เฟรมเรตคือจำนวนเฟรมต่อวินาที ความละเอียดคือขนาดภาพครับ ข้อดี: เฟรมเรตสูงทำให้เคลื่อนไหวลื่นไหลมากขึ้นครับ ข้อเสีย: ความละเอียดสูงใช้หน่วยความจำมากขึ้นครับ หมายเหตุ: คำตอบนี้เป็นความรู้ทั่วไปของโมเดล ไม่ได้อ้างอิงจากฐานข้อมูล PSU Esports Studio - Phuket,pipeline:general_llm_fallback,general/detail,100.0,True,2.8458,1,general_llm,,
MB-1468-GL-143,general_llm,general_llm,API คืออะไร เปรียบเทียบแบบสั้น,คำตอบ: API คือช่องทางเชื่อมโยงระหว่างโปรแกรมต่าง ๆ ข้อดี: เชื่อมต่อระบบได้ง่ายและรวดเร็ว ข้อเสีย: อาจมีข้อจำกัดด้านความปลอดภัยครับ หมายเหตุ: คำตอบนี้เป็นความรู้ทั่วไปของโมเดล ไม่ได้อ้างอิงจากฐานข้อมูล PSU Esports Studio - Phuket,pipeline:general_llm_fallback,general/general_knowledge_query,100.0,True,2.1794,1,general_llm,,
MB-1469-GL-144,general_llm,general_llm,JSON คืออะไร เปรียบเทียบแบบสั้น,คำตอบ: JSON เป็นรูปแบบข้อมูลที่เขียนเป็นข้อความได้ง่าย ข้อดี: อ่านเข้าใจง่าย เหมาะกับเว็บแอปพลิเคชัน ข้อเสีย: ไม่รองรับตรรกะหรือฟังก์ชันซับซ้อนครับ หมายเหตุ: คำตอบนี้เป็นความรู้ทั่วไปของโมเดล ไม่ได้อ้างอิงจากฐานข้อมูล PSU Esports Studio - Phuket,pipeline:general_llm_fallback,general/general_knowledge_query,100.0,True,2.6371,1,general_llm,,
MB-1470-GL-145,general_llm,general_llm,ช่วยสรุปวิธีพูดขอบคุณแบบสุภาพ 2 ประโยค เปรียบเทียบแบบสั้น,คำตอบ: พูดขอบคุณอย่างจริงใจและแสดงความเคารพเสมอครับ ข้อดี: สื่อถึงความรู้สึกขอบคุณอย่างชัดเจนและสุภาพครับ ข้อเสีย: อาจใช้เวลานานหากพูดซ้ำหรือละเอียดเกินไปครับ หมายเหตุ: คำตอบนี้เป็นความรู้ทั่วไปของโมเดล ไม่ได้อ้างอิงจากฐานข้อมูล PSU Esports Studio - Phuket,pipeline:general_llm_fallback,general/general_knowledge_query,100.0,True,2.8016,1,general_llm,,
MB-1471-GL-146,general_llm,general_llm,แปลคำว่า reservation เป็นภาษาไทย เปรียบเทียบแบบสั้น,การจองครับ หมายเหตุ: คำตอบนี้เป็นความรู้ทั่วไปของโมเดล ไม่ได้อ้างอิงจากฐานข้อมูล PSU Esports Studio - Phuket,pipeline:general_llm_fallback,general/detail,100.0,True,1.0972,1,general_llm,,
MB-1472-GL-147,general_llm,general_llm,เขียนประโยคประชาสัมพันธ์กิจกรรมแบบสุภาพหนึ่งประโยค เปรียบเทียบแบบสั้น,กิจกรรมนี้จะเปรียบเทียบความเร็วและประสิทธิภาพอย่างน่าสนใจครับ หมายเหตุ: คำตอบนี้เป็นความรู้ทั่วไปของโมเดล ไม่ได้อ้างอิงจากฐานข้อมูล PSU Esports Studio - Phuket,pipeline:general_llm_fallback,general/detail,100.0,True,1.7188,1,general_llm,,
MB-1473-GL-148,general_llm,general_llm,คีย์บอร์ด mechanical คืออะไรแบบสั้น เปรียบเทียบแบบสั้น,คำตอบ: คีย์บอร์ดกลไกใช้ลูกศรกลไกแทนแป้นธรรมดา ข้อดี: เขียนเร็ว เสียงชัดเจน มีความทนทานสูง ข้อเสีย: ราคาแพงกว่าแบบธรรมดาครับ หมายเหตุ: คำตอบนี้เป็นความรู้ทั่วไปของโมเดล ไม่ได้อ้างอิงจากฐานข้อมูล PSU Esports Studio - Phuket,pipeline:general_llm_fallback,general/detail,100.0,True,2.5149,1,general_llm,,
MB-1474-GL-149,general_llm,general_llm,GPU คืออะไรแบบเข้าใจง่าย เปรียบเทียบแบบสั้น,คำตอบ: GPU คือชิปประมวลผลกราฟิก ใช้เร็วกว่า CPU ในการวาดภาพครับ ข้อดี: เร็วในการประมวลผลภาพและกราฟิกครับ ข้อเสีย: ใช้พลังงานสูงกว่า CPU บ้างครับ หมายเหตุ: คำตอบนี้เป็นความรู้ทั่วไปของโมเดล ไม่ได้อ้างอิงจากฐานข้อมูล PSU Esports Studio - Phuket,pipeline:general_llm_fallback,general/general_knowledge_query,100.0,True,2.6328,1,general_llm,,
MB-1475-GL-150,general_llm,general_llm,server กับ client ต่างกันยังไง เปรียบเทียบแบบสั้น,คำตอบ: Server เป็นเซิร์ฟเวอร์ จัดการข้อมูลให้ Client ใช้งานครับ ข้อดี: จัดการข้อมูลได้ดี มีความปลอดภัยสูงครับ ข้อเสีย: ต้องใช้โครงสร้างพื้นฐานซับซ้อนครับ หมายเหตุ: คำตอบนี้เป็นความรู้ทั่วไปของโมเดล ไม่ได้อ้างอิงจากฐานข้อมูล PSU Esports Studio - Phuket,pipeline:general_llm_fallback,general/detail,100.0,True,2.7492,1,general_llm,,
MB-1476-GL-151,general_llm,general_llm,อธิบายคำว่า latency ในระบบคอมพิวเตอร์แบบสั้น ๆ ตอบแบบสุภาพ,Latency คือเวลาที่ใช้ระหว่างการส่งคำสั่งและได้รับผลตอบกลับในระบบคอมพิวเตอร์ครับ หมายเหตุ: คำตอบนี้เป็นความรู้ทั่วไปของโมเดล ไม่ได้อ้างอิงจากฐานข้อมูล PSU Esports Studio - Phuket,pipeline:general_llm_fallback,general/detail,100.0,True,1.8578,1,general_llm,,
MB-1477-GL-152,general_llm,general_llm,เฟรมเรตกับความละเอียดต่างกันยังไง ตอบแบบสุภาพ,คำตอบ: เฟรมเรตคือจำนวนเฟรมต่อวินาที ส่วนความละเอียดคือความคมชัดของภาพครับ ข้อดี: เฟรมเรตสูงทำให้เคลื่อนไหวลื่นไหลมากขึ้นครับ ข้อเสีย: ความละเอียดสูงอาจทำให้ใช้หน่วยความจำมากขึ้นครับ หมายเหตุ: คำตอบนี้เป็นความรู้ทั่วไปของโมเดล ไม่ได้อ้างอิงจากฐานข้อมูล PSU Esports Studio - Phuket,pipeline:general_llm_fallback,general/detail,100.0,True,3.006,1,general_llm,,
MB-1478-GL-153,general_llm,general_llm,API คืออะไร ตอบแบบสุภาพ,API คือ Application Programming Interface ซึ่งเป็นช่องทางที่ช่วยให้โปรแกรมต่าง ๆ สามารถสื่อสารและแลกเปลี่ยนข้อมูลกันได้อย่างมีประสิทธิภาพครับ หมายเหตุ: คำตอบนี้เป็นความรู้ทั่วไปของโมเดล ไม่ได้อ้างอิงจากฐานข้อมูล PSU Esports Studio - Phuket,pipeline:general_llm_fallback,general/general_knowledge_query,100.0,True,2.0368,1,general_llm,,
MB-1479-GL-154,general_llm,general_llm,JSON คืออะไร ตอบแบบสุภาพ,JSON คือ JavaScript Object Notation เป็นรูปแบบข้อมูลที่ใช้ในการแลกเปลี่ยนข้อมูลระหว่างระบบต่าง ๆ โดยเขียนในรูปแบบโครงสร้างข้อมูลที่อ่านง่ายและเข้าใจได้ง่ายครับ หมายเหตุ: คำตอบนี้เป็นความรู้ทั่วไปของโมเดล ไม่ได้อ้างอิงจากฐานข้อมูล PSU Esports Studio - Phuket,pipeline:general_llm_fallback,general/general_knowledge_query,100.0,True,2.2155,1,general_llm,,
MB-1480-GL-155,general_llm,general_llm,ช่วยสรุปวิธีพูดขอบคุณแบบสุภาพ 2 ประโยค ตอบแบบสุภาพ,ขอบคุณสำหรับความช่วยเหลืออย่างยิ่งครับ ขอแสดงความนับถือและขอบคุณอีกครั้งครับ หมายเหตุ: คำตอบนี้เป็นความรู้ทั่วไปของโมเดล ไม่ได้อ้างอิงจากฐานข้อมูล PSU Esports Studio - Phuket,pipeline:general_llm_fallback,general/general_knowledge_query,100.0,True,1.749,1,general_llm,,
MB-1481-GL-156,general_llm,general_llm,แปลคำว่า reservation เป็นภาษาไทย ตอบแบบสุภาพ,การจองครับ หมายเหตุ: คำตอบนี้เป็นความรู้ทั่วไปของโมเดล ไม่ได้อ้างอิงจากฐานข้อมูล PSU Esports Studio - Phuket,pipeline:general_llm_fallback,general/detail,100.0,True,1.0174,1,general_llm,,
MB-1482-GL-157,general_llm,general_llm,เขียนประโยคประชาสัมพันธ์กิจกรรมแบบสุภาพหนึ่งประโยค ตอบแบบสุภาพ,ขอเชิญร่วมกิจกรรมสนุกสนานร่วมกันได้เลยครับ หมายเหตุ: คำตอบนี้เป็นความรู้ทั่วไปของโมเดล ไม่ได้อ้างอิงจากฐานข้อมูล PSU Esports Studio - Phuket,pipeline:general_llm_fallback,general/detail,100.0,True,1.5244,1,general_llm,,
MB-1483-GL-158,general_llm,general_llm,คีย์บอร์ด mechanical คืออะไรแบบสั้น ตอบแบบสุภาพ,คีย์บอร์ด mechanical เป็นคีย์บอร์ดที่ใช้ปุ่มกดแบบกลไก โดยแต่ละปุ่มมีชิ้นส่วนกลไกภายในทำให้กดได้แรงและชัดเจนครับ หมายเหตุ: คำตอบนี้เป็นความรู้ทั่วไปของโมเดล ไม่ได้อ้างอิงจากฐานข้อมูล PSU Esports Studio - Phuket,pipeline:general_llm_fallback,general/detail,100.0,True,2.3548,1,general_llm,,
MB-1484-GL-159,general_llm,general_llm,GPU คืออะไรแบบเข้าใจง่าย ตอบแบบสุภาพ,GPU คือ กราฟิกโปรเซสเซอร์ ซึ่งใช้ประมวลผลภาพและกราฟิกให้เร็วขึ้น โดยเฉพาะในงานด้านเกมหรือการสร้างภาพเสมือนจริงครับ หมายเหตุ: คำตอบนี้เป็นความรู้ทั่วไปของโมเดล ไม่ได้อ้างอิงจากฐานข้อมูล PSU Esports Studio - Phuket,pipeline:general_llm_fallback,general/general_knowledge_query,100.0,True,2.2493,1,general_llm,,
MB-1485-GL-160,general_llm,general_llm,server กับ client ต่างกันยังไง ตอบแบบสุภาพ,คำตอบ: Server และ Client มีหน้าที่ต่างกันในการเชื่อมต่อเครือข่ายครับ ข้อดี: Server เก็บข้อมูลหลักและจัดการการเชื่อมต่อครับ ข้อเสีย: Client ต้องพึ่งพา Server ทำให้ล่าช้าได้ครับ หมายเหตุ: คำตอบนี้เป็นความรู้ทั่วไปของโมเดล ไม่ได้อ้างอิงจากฐานข้อมูล PSU Esports Studio - Phuket,pipeline:general_llm_fallback,general/detail,100.0,True,2.7598,1,general_llm,,
MB-1486-GL-161,general_llm,general_llm,อธิบายคำว่า latency ในระบบคอมพิวเตอร์แบบสั้น ๆ ตอบให้เหมาะกับนักศึกษา,Latency คือเวลาที่ใช้ในการตอบสนองของระบบคอมพิวเตอร์เมื่อได้รับคำสั่งครับ หมายเหตุ: คำตอบนี้เป็นความรู้ทั่วไปของโมเดล ไม่ได้อ้างอิงจากฐานข้อมูล PSU Esports Studio - Phuket,pipeline:general_llm_fallback,general/detail,100.0,True,1.8248,1,general_llm,,
MB-1487-GL-162,general_llm,general_llm,เฟรมเรตกับความละเอียดต่างกันยังไง ตอบให้เหมาะกับนักศึกษา,คำตอบ: เฟรมเรตคือจำนวนเฟรมต่อวินาที ส่วนความละเอียดคือความคมชัดของภาพครับ ข้อดี: เฟรมเรตสูงทำให้เคลื่อนไหวลื่นไหลมากขึ้นครับ ข้อเสีย: ความละเอียดสูงใช้หน่วยความจำมากกว่าครับ หมายเหตุ: คำตอบนี้เป็นความรู้ทั่วไปของโมเดล ไม่ได้อ้างอิงจากฐานข้อมูล PSU Esports Studio - Phuket,pipeline:general_llm_fallback,general/detail,100.0,True,2.9926,1,general_llm,,
MB-1488-GL-163,general_llm,general_llm,API คืออะไร ตอบให้เหมาะกับนักศึกษา,API คือ Application Programming Interface ซึ่งเป็นช่องทางที่โปรแกรมหนึ่งสามารถสื่อสารและใช้งานฟีเจอร์จากโปรแกรมอื่นได้โดยตรงครับ หมายเหตุ: คำตอบนี้เป็นความรู้ทั่วไปของโมเดล ไม่ได้อ้างอิงจากฐานข้อมูล PSU Esports Studio - Phuket,pipeline:general_llm_fallback,general/general_knowledge_query,100.0,True,1.9253,1,general_llm,,
MB-1489-GL-164,general_llm,general_llm,JSON คืออะไร ตอบให้เหมาะกับนักศึกษา,JSON คือภาษาข้อมูลที่ใช้จัดเก็บและส่งผ่านข้อมูลในรูปแบบโครงสร้าง เช่น ตารางหรือรายการ โดยเขียนได้ง่ายและอ่านง่ายเหมาะกับนักศึกษาครับ หมายเหตุ: คำตอบนี้เป็นความรู้ทั่วไปของโมเดล ไม่ได้อ้างอิงจากฐานข้อมูล PSU Esports Studio - Phuket,pipeline:general_llm_fallback,general/general_knowledge_query,100.0,True,2.1906,1,general_llm,,
MB-1490-GL-165,general_llm,general_llm,ช่วยสรุปวิธีพูดขอบคุณแบบสุภาพ 2 ประโยค ตอบให้เหมาะกับนักศึกษา,ขอขอบคุณมากสำหรับความช่วยเหลือครับ นับถือครับ และหวังว่าจะได้ร่วมงานอีกครั้งในอนาคตครับ หมายเหตุ: คำตอบนี้เป็นความรู้ทั่วไปของโมเดล ไม่ได้อ้างอิงจากฐานข้อมูล PSU Esports Studio - Phuket,pipeline:general_llm_fallback,general/general_knowledge_query,100.0,True,1.9147,1,general_llm,,
MB-1491-GL-166,general_llm,general_llm,แปลคำว่า reservation เป็นภาษาไทย ตอบให้เหมาะกับนักศึกษา,การจองครับ หมายเหตุ: คำตอบนี้เป็นความรู้ทั่วไปของโมเดล ไม่ได้อ้างอิงจากฐานข้อมูล PSU Esports Studio - Phuket,pipeline:general_llm_fallback,general/detail,100.0,True,1.1003,1,general_llm,,
MB-1492-GL-167,general_llm,general_llm,เขียนประโยคประชาสัมพันธ์กิจกรรมแบบสุภาพหนึ่งประโยค ตอบให้เหมาะกับนักศึกษา,ขอเชิญชวนนักศึกษาเข้าร่วมกิจกรรมเพื่อสร้างสรรค์พลังบวกและพัฒนาทักษะร่วมกันครับ หมายเหตุ: คำตอบนี้เป็นความรู้ทั่วไปของโมเดล ไม่ได้อ้างอิงจากฐานข้อมูล PSU Esports Studio - Phuket,pipeline:general_llm_fallback,general/detail,100.0,True,1.9915,1,general_llm,,
MB-1493-GL-168,general_llm,general_llm,คีย์บอร์ด mechanical คืออะไรแบบสั้น ตอบให้เหมาะกับนักศึกษา,คีย์บอร์ด mechanical คือคีย์บอร์ดที่ใช้กลไกภายในแต่ละปุ่มแทนระบบไฟฟ้าช่วยให้กดได้แรงและแม่นยำมากขึ้นครับ หมายเหตุ: คำตอบนี้เป็นความรู้ทั่วไปของโมเดล ไม่ได้อ้างอิงจากฐานข้อมูล PSU Esports Studio - Phuket,pipeline:general_llm_fallback,general/detail,100.0,True,2.3323,1,general_llm,,
MB-1494-GL-169,general_llm,general_llm,GPU คืออะไรแบบเข้าใจง่าย ตอบให้เหมาะกับนักศึกษา,GPU คือ กราฟิกโปรเซสเซอร์ ซึ่งใช้ประมวลผลภาพและกราฟิกในคอมพิวเตอร์ให้ไหลลื่น เช่น เล่นเกมหรือดูวิดีโอได้ราวกับเป็นจริงครับ หมายเหตุ: คำตอบนี้เป็นความรู้ทั่วไปของโมเดล ไม่ได้อ้างอิงจากฐานข้อมูล PSU Esports Studio - Phuket,pipeline:general_llm_fallback,general/general_knowledge_query,100.0,True,2.5025,1,general_llm,,
MB-1495-GL-170,general_llm,general_llm,server กับ client ต่างกันยังไง ตอบให้เหมาะกับนักศึกษา,คำตอบ: Server และ Client มีหน้าที่ต่างกันในการสื่อสารข้อมูลครับ ข้อดี: Server เก็บข้อมูลหลักและจัดการการเชื่อมต่อครับ ข้อเสีย: Client ต้องพึ่งพา Server มากในการทำงานครับ หมายเหตุ: คำตอบนี้เป็นความรู้ทั่วไปของโมเดล ไม่ได้อ้างอิงจากฐานข้อมูล PSU Esports Studio - Phuket,pipeline:general_llm_fallback,general/detail,100.0,True,2.6851,1,general_llm,,
MB-1496-GL-171,general_llm,general_llm,อธิบายคำว่า latency ในระบบคอมพิวเตอร์แบบสั้น ๆ เขียนเป็นภาษาไทยธรรมชาติ,Latency คือเวลาที่ใช้ในการตอบสนองระหว่างการสั่งงานกับผลลัพธ์ที่ได้รับครับ หมายเหตุ: คำตอบนี้เป็นความรู้ทั่วไปของโมเดล ไม่ได้อ้างอิงจากฐานข้อมูล PSU Esports Studio - Phuket,pipeline:general_llm_fallback,general/detail,100.0,True,1.8352,1,general_llm,,
MB-1497-GL-172,general_llm,general_llm,เฟรมเรตกับความละเอียดต่างกันยังไง เขียนเป็นภาษาไทยธรรมชาติ,คำตอบ: เฟรมเรตคือจำนวนเฟรมต่อวินาที ส่วนความละเอียดคือความคมชัดของภาพครับ ข้อดี: เฟรมเรตสูงทำให้เคลื่อนไหวลื่นไหลมากขึ้นครับ ข้อเสีย: ความละเอียดสูงใช้หน่วยความจำมากกว่าครับ หมายเหตุ: คำตอบนี้เป็นความรู้ทั่วไปของโมเดล ไม่ได้อ้างอิงจากฐานข้อมูล PSU Esports Studio - Phuket,pipeline:general_llm_fallback,general/detail,100.0,True,3.0549,1,general_llm,,
MB-1498-GL-173,general_llm,general_llm,API คืออะไร เขียนเป็นภาษาไทยธรรมชาติ,API คือ Application Programming Interface ซึ่งเป็นช่องทางที่โปรแกรมหนึ่งสามารถสื่อสารและทำงานร่วมกับโปรแกรมอีกโปรแกรมหนึ่งได้ครับ หมายเหตุ: คำตอบนี้เป็นความรู้ทั่วไปของโมเดล ไม่ได้อ้างอิงจากฐานข้อมูล PSU Esports Studio - Phuket,pipeline:general_llm_fallback,general/general_knowledge_query,100.0,True,1.9752,1,general_llm,,
MB-1499-GL-174,general_llm,general_llm,JSON คืออะไร เขียนเป็นภาษาไทยธรรมชาติ,JSON คือภาษาโปรแกรมที่ใช้จัดเก็บและแลกเปลี่ยนข้อมูลในรูปแบบโครงสร้างข้อมูลแบบเรียบง่ายครับ หมายเหตุ: คำตอบนี้เป็นความรู้ทั่วไปของโมเดล ไม่ได้อ้างอิงจากฐานข้อมูล PSU Esports Studio - Phuket,pipeline:general_llm_fallback,general/general_knowledge_query,100.0,True,1.8284,1,general_llm,,
MB-1500-GL-175,general_llm,general_llm,ช่วยสรุปวิธีพูดขอบคุณแบบสุภาพ 2 ประโยค เขียนเป็นภาษาไทยธรรมชาติ,ขอบคุณสำหรับความช่วยเหลืออย่างยิ่งครับ ขอแสดงความนับถือและขอบคุณอีกครั้งครับ หมายเหตุ: คำตอบนี้เป็นความรู้ทั่วไปของโมเดล ไม่ได้อ้างอิงจากฐานข้อมูล PSU Esports Studio - Phuket,pipeline:general_llm_fallback,general/general_knowledge_query,100.0,True,1.8981,1,general_llm,,
MB-1501-GL-176,general_llm,general_llm,แปลคำว่า reservation เป็นภาษาไทย เขียนเป็นภาษาไทยธรรมชาติ,การจองครับ หมายเหตุ: คำตอบนี้เป็นความรู้ทั่วไปของโมเดล ไม่ได้อ้างอิงจากฐานข้อมูล PSU Esports Studio - Phuket,pipeline:general_llm_fallback,general/detail,100.0,True,1.1842,1,general_llm,,
MB-1502-GL-177,general_llm,general_llm,เขียนประโยคประชาสัมพันธ์กิจกรรมแบบสุภาพหนึ่งประโยค เขียนเป็นภาษาไทยธรรมชาติ,ขอเชิญร่วมกิจกรรมสนุก ๆ ที่น่าสนใจและอบอุ่นใจครับ หมายเหตุ: คำตอบนี้เป็นความรู้ทั่วไปของโมเดล ไม่ได้อ้างอิงจากฐานข้อมูล PSU Esports Studio - Phuket,pipeline:general_llm_fallback,general/detail,100.0,True,1.7903,1,general_llm,,
MB-1503-GL-178,general_llm,general_llm,คีย์บอร์ด mechanical คืออะไรแบบสั้น เขียนเป็นภาษาไทยธรรมชาติ,คีย์บอร์ด mechanical คือ คีย์บอร์ดที่ใช้กลไกภายในแต่ละปุ่มแทนยางยืดหยุ่น เพื่อให้ตอบสนองเร็วและแม่นยำกว่าครับ หมายเหตุ: คำตอบนี้เป็นความรู้ทั่วไปของโมเดล ไม่ได้อ้างอิงจากฐานข้อมูล PSU Esports Studio - Phuket,pipeline:general_llm_fallback,general/detail,100.0,True,2.4907,1,general_llm,,
MB-1504-GL-179,general_llm,general_llm,GPU คืออะไรแบบเข้าใจง่าย เขียนเป็นภาษาไทยธรรมชาติ,GPU คือ กราฟิกพอร์ตการ์ด หรือชิปประมวลผลกราฟิกครับ หมายเหตุ: คำตอบนี้เป็นความรู้ทั่วไปของโมเดล ไม่ได้อ้างอิงจากฐานข้อมูล PSU Esports Studio - Phuket,pipeline:general_llm_fallback,general/general_knowledge_query,100.0,True,1.6675,1,general_llm,,
MB-1505-GL-180,general_llm,general_llm,server กับ client ต่างกันยังไง เขียนเป็นภาษาไทยธรรมชาติ,คำตอบ: Server และ Client มีหน้าที่ต่างกันในการสื่อสารข้อมูลครับ ข้อดี: Server จัดเก็บข้อมูลและให้บริการแก่ Client ได้อย่างต่อเนื่องครับ ข้อเสีย: Client ต้องพึ่งพา Server หาก Server เกิดปัญหาอาจส่งผลให้ไม่สามารถใช้งานได้ครับ หมายเหตุ: คำตอบนี้เป็นความรู้ทั่วไปของโมเดล ไม่ได้อ้างอิงจากฐานข้อมูล PSU Esports Studio - Phuket,pipeline:general_llm_fallback,general/detail,100.0,True,3.2609,1,general_llm,,
MB-1506-GL-181,general_llm,general_llm,อธิบายคำว่า latency ในระบบคอมพิวเตอร์แบบสั้น ๆ ขอแบบไม่เป็นทางการมาก,Latency คือเวลาที่ใช้ระหว่างสั่งงานกับได้รับผลตอบแทนครับ หมายเหตุ: คำตอบนี้เป็นความรู้ทั่วไปของโมเดล ไม่ได้อ้างอิงจากฐานข้อมูล PSU Esports Studio - Phuket,pipeline:general_llm_fallback,general/detail,100.0,True,1.5991,1,general_llm,,
MB-1507-GL-182,general_llm,general_llm,เฟรมเรตกับความละเอียดต่างกันยังไง ขอแบบไม่เป็นทางการมาก,คำตอบ: เฟรมเรตคือจำนวนเฟรมต่อวินาที ส่วนความละเอียดคือความคมชัดของภาพครับ ข้อดี: เฟรมเรตสูงทำให้เคลื่อนไหวลื่นไหลมากขึ้นครับ ข้อเสีย: ความละเอียดสูงอาจทำให้ใช้แบตเตอรี่เร็วขึ้นครับ หมายเหตุ: คำตอบนี้เป็นความรู้ทั่วไปของโมเดล ไม่ได้อ้างอิงจากฐานข้อมูล PSU Esports Studio - Phuket,pipeline:general_llm_fallback,general/detail,100.0,True,3.1662,1,general_llm,,
MB-1508-GL-183,general_llm,general_llm,API คืออะไร ขอแบบไม่เป็นทางการมาก,API คือช่องทางที่แอปหรือระบบหนึ่งสามารถสื่อสารกับอีกระบบที่หนึ่งได้โดยตรงครับ หมายเหตุ: คำตอบนี้เป็นความรู้ทั่วไปของโมเดล ไม่ได้อ้างอิงจากฐานข้อมูล PSU Esports Studio - Phuket,pipeline:general_llm_fallback,general/general_knowledge_query,100.0,True,1.8206,1,general_llm,,
MB-1509-GL-184,general_llm,general_llm,JSON คืออะไร ขอแบบไม่เป็นทางการมาก,JSON คือภาษาข้อมูลที่ใช้จัดเก็บและส่งข้อมูลในรูปแบบโครงสร้างแบบตัวอย่าง เช่น ตารางหรือรายการ โดยเขียนได้ง่ายและอ่านง่ายครับ หมายเหตุ: คำตอบนี้เป็นความรู้ทั่วไปของโมเดล ไม่ได้อ้างอิงจากฐานข้อมูล PSU Esports Studio - Phuket,pipeline:general_llm_fallback,general/general_knowledge_query,100.0,True,2.1576,1,general_llm,,
MB-1510-GL-185,general_llm,general_llm,ช่วยสรุปวิธีพูดขอบคุณแบบสุภาพ 2 ประโยค ขอแบบไม่เป็นทางการมาก,ขอบคุณสำหรับความช่วยเหลือนะครับ ยินดีช่วยเสมอครับ หมายเหตุ: คำตอบนี้เป็นความรู้ทั่วไปของโมเดล ไม่ได้อ้างอิงจากฐานข้อมูล PSU Esports Studio - Phuket,pipeline:general_llm_fallback,general/general_knowledge_query,100.0,True,1.5748,1,general_llm,,
MB-1511-GL-186,general_llm,general_llm,แปลคำว่า reservation เป็นภาษาไทย ขอแบบไม่เป็นทางการมาก,การจองครับ หมายเหตุ: คำตอบนี้เป็นความรู้ทั่วไปของโมเดล ไม่ได้อ้างอิงจากฐานข้อมูล PSU Esports Studio - Phuket,pipeline:general_llm_fallback,general/detail,100.0,True,1.148,1,general_llm,,
MB-1512-GL-187,general_llm,general_llm,เขียนประโยคประชาสัมพันธ์กิจกรรมแบบสุภาพหนึ่งประโยค ขอแบบไม่เป็นทางการมาก,ขอเชิญชวนเพื่อน ๆ มาเข้าร่วมกิจกรรมสนุก ๆ กันได้เลยครับ หมายเหตุ: คำตอบนี้เป็นความรู้ทั่วไปของโมเดล ไม่ได้อ้างอิงจากฐานข้อมูล PSU Esports Studio - Phuket,pipeline:general_llm_fallback,general/detail,100.0,True,1.6383,1,general_llm,,
MB-1513-GL-188,general_llm,general_llm,คีย์บอร์ด mechanical คืออะไรแบบสั้น ขอแบบไม่เป็นทางการมาก,คีย์บอร์ด mechanical คือคีย์บอร์ดที่แต่ละปุ่มใช้กลไกภายในเหมือนลูกศรยิงออกมาเมื่อกดครับ หมายเหตุ: คำตอบนี้เป็นความรู้ทั่วไปของโมเดล ไม่ได้อ้างอิงจากฐานข้อมูล PSU Esports Studio - Phuket,pipeline:general_llm_fallback,general/detail,100.0,True,2.0648,1,general_llm,,
MB-1514-GL-189,general_llm,general_llm,GPU คืออะไรแบบเข้าใจง่าย ขอแบบไม่เป็นทางการมาก,GPU คือชิปประมวลผลกราฟิก ใช้จัดการภาพและวิดีโอให้ไหลลื่น เช่น เล่นเกมหรือดูหนังได้ดีขึ้นครับ หมายเหตุ: คำตอบนี้เป็นความรู้ทั่วไปของโมเดล ไม่ได้อ้างอิงจากฐานข้อมูล PSU Esports Studio - Phuket,pipeline:general_llm_fallback,general/general_knowledge_query,100.0,True,2.1381,1,general_llm,,
MB-1515-GL-190,general_llm,general_llm,server กับ client ต่างกันยังไง ขอแบบไม่เป็นทางการมาก,คำตอบ: Server เป็นเครื่องหลักให้บริการข้อมูล ขณะที่ Client เป็นอุปกรณ์ใช้งานข้อมูล ข้อดี: เรียกใช้งานได้หลายอุปกรณ์พร้อมกัน ข้อเสีย: ต้องพึ่ง Server ตลอดเวลาครับ หมายเหตุ: คำตอบนี้เป็นความรู้ทั่วไปของโมเดล ไม่ได้อ้างอิงจากฐานข้อมูล PSU Esports Studio - Phuket,pipeline:general_llm_fallback,general/detail,100.0,True,2.7295,1,general_llm,,
MB-1516-GL-191,general_llm,general_llm,อธิบายคำว่า latency ในระบบคอมพิวเตอร์แบบสั้น ๆ ขอแบบเป็นทางการ,Latency คือเวลาที่ใช้ในการตอบสนองระหว่างการส่งคำสั่งและได้รับผลลัพธ์ในระบบคอมพิวเตอร์ครับ หมายเหตุ: คำตอบนี้เป็นความรู้ทั่วไปของโมเดล ไม่ได้อ้างอิงจากฐานข้อมูล PSU Esports Studio - Phuket,pipeline:general_llm_fallback,general/detail,100.0,True,1.9597,1,general_llm,,
MB-1517-GL-192,general_llm,general_llm,เฟรมเรตกับความละเอียดต่างกันยังไง ขอแบบเป็นทางการ,คำตอบ: เฟรมเรตคือจำนวนเฟรมต่อวินาที ส่วนความละเอียดคือขนาดภาพครับ ข้อดี: เฟรมเรตส่งผลต่อความลื่นไหลของภาพครับ ข้อเสีย: ความละเอียดสูงอาจทำให้ใช้หน่วยความจำมากขึ้นครับ หมายเหตุ: คำตอบนี้เป็นความรู้ทั่วไปของโมเดล ไม่ได้อ้างอิงจากฐานข้อมูล PSU Esports Studio - Phuket,pipeline:general_llm_fallback,general/detail,100.0,True,2.8447,1,general_llm,,
MB-1518-GL-193,general_llm,general_llm,API คืออะไร ขอแบบเป็นทางการ,API คือ Application Programming Interface ซึ่งเป็นช่องทางที่อนุญาตให้โปรแกรมหนึ่งสามารถสื่อสารและทำงานร่วมกับโปรแกรมอีกโปรแกรมหนึ่งได้อย่างเป็นระบบครับ หมายเหตุ: คำตอบนี้เป็นความรู้ทั่วไปของโมเดล ไม่ได้อ้างอิงจากฐานข้อมูล PSU Esports Studio - Phuket,pipeline:general_llm_fallback,general/general_knowledge_query,100.0,True,2.154,1,general_llm,,
MB-1519-GL-194,general_llm,general_llm,JSON คืออะไร ขอแบบเป็นทางการ,JSON คือ JavaScript Object Notation เป็นรูปแบบข้อมูลที่ใช้ในการแลกเปลี่ยนข้อมูลระหว่างระบบต่าง ๆ โดยเขียนในรูปแบบโครงสร้างข้อมูลที่อ่านง่ายและเข้าใจได้ง่ายครับ หมายเหตุ: คำตอบนี้เป็นความรู้ทั่วไปของโมเดล ไม่ได้อ้างอิงจากฐานข้อมูล PSU Esports Studio - Phuket,pipeline:general_llm_fallback,general/general_knowledge_query,100.0,True,2.2621,1,general_llm,,
MB-1520-GL-195,general_llm,general_llm,ช่วยสรุปวิธีพูดขอบคุณแบบสุภาพ 2 ประโยค ขอแบบเป็นทางการ,ขอขอบพระคุณอย่างสุดหัวใจสำหรับความช่วยเหลือและคำแนะนำที่ให้มาครับ ขอบคุณอีกครั้งสำหรับความใส่ใจและความเข้าใจในทุกด้านครับ หมายเหตุ: คำตอบนี้เป็นความรู้ทั่วไปของโมเดล ไม่ได้อ้างอิงจากฐานข้อมูล PSU Esports Studio - Phuket,pipeline:general_llm_fallback,general/general_knowledge_query,100.0,True,2.3446,1,general_llm,,
MB-1521-GL-196,general_llm,general_llm,แปลคำว่า reservation เป็นภาษาไทย ขอแบบเป็นทางการ,การจองครับ หมายเหตุ: คำตอบนี้เป็นความรู้ทั่วไปของโมเดล ไม่ได้อ้างอิงจากฐานข้อมูล PSU Esports Studio - Phuket,pipeline:general_llm_fallback,general/detail,100.0,True,1.1739,1,general_llm,,
MB-1522-GL-197,general_llm,general_llm,เขียนประโยคประชาสัมพันธ์กิจกรรมแบบสุภาพหนึ่งประโยค ขอแบบเป็นทางการ,ขอเชิญร่วมงานกิจกรรมอย่างอบอุ่นและเป็นทางการครับ หมายเหตุ: คำตอบนี้เป็นความรู้ทั่วไปของโมเดล ไม่ได้อ้างอิงจากฐานข้อมูล PSU Esports Studio - Phuket,pipeline:general_llm_fallback,general/detail,100.0,True,1.6593,1,general_llm,,
MB-1523-GL-198,general_llm,general_llm,คีย์บอร์ด mechanical คืออะไรแบบสั้น ขอแบบเป็นทางการ,คีย์บอร์ด mechanical เป็นคีย์บอร์ดที่ใช้กลไกภายในแต่ละปุ่มในการตอบสนองแทนระบบแม่เหล็กไฟฟ้าครับ หมายเหตุ: คำตอบนี้เป็นความรู้ทั่วไปของโมเดล ไม่ได้อ้างอิงจากฐานข้อมูล PSU Esports Studio - Phuket,pipeline:general_llm_fallback,general/detail,100.0,True,2.1233,1,general_llm,,
MB-1524-GL-199,general_llm,general_llm,GPU คืออะไรแบบเข้าใจง่าย ขอแบบเป็นทางการ,GPU คือ Graphics Processing Unit หรือหน่วยประมวลผลกราฟิก ซึ่งใช้ในการประมวลผลข้อมูลภาพและกราฟิกต่าง ๆ โดยเฉพาะในงานด้านเกม เทคโนโลยี และการสร้างสรรค์เนื้อหาครับ หมายเหตุ: คำตอบนี้เป็นความรู้ทั่วไปของโมเดล ไม่ได้อ้างอิงจากฐานข้อมูล PSU Esports Studio - Phuket,pipeline:general_llm_fallback,general/general_knowledge_query,100.0,True,2.605,1,general_llm,,
MB-1525-GL-200,general_llm,general_llm,server กับ client ต่างกันยังไง ขอแบบเป็นทางการ,คำตอบ: Server และ Client มีหน้าที่แตกต่างกันอย่างชัดเจนครับ ข้อดี: Server จัดการข้อมูลหลักและให้บริการแก่ Client ได้อย่างมีประสิทธิภาพครับ ข้อเสีย: Client ต้องพึ่งพา Server หากเกิดปัญหาอาจส่งผลต่อการทำงานครับ หมายเหตุ: คำตอบนี้เป็นความรู้ทั่วไปของโมเดล ไม่ได้อ้างอิงจากฐานข้อมูล PSU Esports Studio - Phuket,pipeline:general_llm_fallback,general/detail,100.0,True,3.0467,1,general_llm,,
MB-1526-GL-201,general_llm,general_llm,อธิบายคำว่า latency ในระบบคอมพิวเตอร์แบบสั้น ๆ ช่วยสรุปใจความสำคัญ,Latency คือเวลาที่ใช้ในการตอบสนองระหว่างการกระทำกับผลลัพธ์ในระบบคอมพิวเตอร์ครับ หมายเหตุ: คำตอบนี้เป็นความรู้ทั่วไปของโมเดล ไม่ได้อ้างอิงจากฐานข้อมูล PSU Esports Studio - Phuket,pipeline:general_llm_fallback,general/detail,100.0,True,1.7776,1,general_llm,,
MB-1527-GL-202,general_llm,general_llm,เฟรมเรตกับความละเอียดต่างกันยังไง ช่วยสรุปใจความสำคัญ,คำตอบ: เฟรมเรตคือจำนวนเฟรมต่อวินาที ส่วนความละเอียดคือความคมชัดของภาพ ข้อดี: เฟรมเรตสูงทำให้เคลื่อนไหวลื่นไหลมากขึ้นครับ ข้อเสีย: ความละเอียดสูงใช้หน่วยความจำมากกว่าครับ หมายเหตุ: คำตอบนี้เป็นความรู้ทั่วไปของโมเดล ไม่ได้อ้างอิงจากฐานข้อมูล PSU Esports Studio - Phuket,pipeline:general_llm_fallback,general/detail,100.0,True,3.0337,1,general_llm,,
MB-1528-GL-203,general_llm,general_llm,API คืออะไร ช่วยสรุปใจความสำคัญ,API คือ Application Programming Interface ซึ่งเป็นช่องทางที่อนุญาตให้โปรแกรมหนึ่งสามารถสื่อสารและแลกเปลี่ยนข้อมูลกับโปรแกรมอีกโปรแกรมหนึ่งได้อย่างมีประสิทธิภาพครับ หมายเหตุ: คำตอบนี้เป็นความรู้ทั่วไปของโมเดล ไม่ได้อ้างอิงจากฐานข้อมูล PSU Esports Studio - Phuket,pipeline:general_llm_fallback,general/general_knowledge_query,100.0,True,2.3644,1,general_llm,,
MB-1529-GL-204,general_llm,general_llm,JSON คืออะไร ช่วยสรุปใจความสำคัญ,JSON คือภาษาข้อมูลแบบโครงสร้างที่ใช้ในการแลกเปลี่ยนข้อมูลระหว่างระบบต่าง ๆ โดยมีรูปแบบที่เข้าใจง่ายและสามารถอ่านได้ง่ายครับ หมายเหตุ: คำตอบนี้เป็นความรู้ทั่วไปของโมเดล ไม่ได้อ้างอิงจากฐานข้อมูล PSU Esports Studio - Phuket,pipeline:general_llm_fallback,general/general_knowledge_query,100.0,True,2.0245,1,general_llm,,
MB-1530-GL-205,general_llm,general_llm,ช่วยสรุปวิธีพูดขอบคุณแบบสุภาพ 2 ประโยค ช่วยสรุปใจความสำคัญ,ขอบคุณสำหรับความช่วยเหลือและคำแนะนำที่ให้มาครับ เป็นกำลังใจและแรงบันดาลใจมากครับ หมายเหตุ: คำตอบนี้เป็นความรู้ทั่วไปของโมเดล ไม่ได้อ้างอิงจากฐานข้อมูล PSU Esports Studio - Phuket,pipeline:general_llm_fallback,general/general_knowledge_query,100.0,True,1.7783,1,general_llm,,
MB-1531-GL-206,general_llm,general_llm,แปลคำว่า reservation เป็นภาษาไทย ช่วยสรุปใจความสำคัญ,การจองครับ หมายเหตุ: คำตอบนี้เป็นความรู้ทั่วไปของโมเดล ไม่ได้อ้างอิงจากฐานข้อมูล PSU Esports Studio - Phuket,pipeline:general_llm_fallback,general/detail,100.0,True,1.1308,1,general_llm,,
MB-1532-GL-207,general_llm,general_llm,เขียนประโยคประชาสัมพันธ์กิจกรรมแบบสุภาพหนึ่งประโยค ช่วยสรุปใจความสำคัญ,ขอเชิญร่วมกิจกรรมเพื่อสนับสนุนศิลปะและสังคมอย่างยั่งยืนครับ หมายเหตุ: คำตอบนี้เป็นความรู้ทั่วไปของโมเดล ไม่ได้อ้างอิงจากฐานข้อมูล PSU Esports Studio - Phuket,pipeline:general_llm_fallback,general/detail,100.0,True,1.8172,1,general_llm,,
MB-1533-GL-208,general_llm,general_llm,คีย์บอร์ด mechanical คืออะไรแบบสั้น ช่วยสรุปใจความสำคัญ,คีย์บอร์ด mechanical เป็นคีย์บอร์ดที่ใช้กลไกภายในแต่ละปุ่มแทนระบบแม่เหล็กหรือไฟฟ้า เพื่อให้ตอบสนองเร็วและแม่นยำกว่าครับ หมายเหตุ: คำตอบนี้เป็นความรู้ทั่วไปของโมเดล ไม่ได้อ้างอิงจากฐานข้อมูล PSU Esports Studio - Phuket,pipeline:general_llm_fallback,general/detail,100.0,True,2.5287,1,general_llm,,
MB-1534-GL-209,general_llm,general_llm,GPU คืออะไรแบบเข้าใจง่าย ช่วยสรุปใจความสำคัญ,GPU คือ กราฟิกโปรเซสเซอร์ ซึ่งใช้ประมวลผลภาพและกราฟิกให้เร็วขึ้น โดยเฉพาะในงานด้านเกมหรือการประมวลผลภาพลักษณ์อย่างชัดเจนยิ่งขึ้นครับ หมายเหตุ: คำตอบนี้เป็นความรู้ทั่วไปของโมเดล ไม่ได้อ้างอิงจากฐานข้อมูล PSU Esports Studio - Phuket,pipeline:general_llm_fallback,general/general_knowledge_query,100.0,True,2.5344,1,general_llm,,
MB-1535-GL-210,general_llm,general_llm,server กับ client ต่างกันยังไง ช่วยสรุปใจความสำคัญ,คำตอบ: Server เป็นเซิร์ฟเวอร์ จัดการข้อมูลให้ Client ข้อดี: เซิร์ฟเวอร์จัดเก็บข้อมูลและบริการได้ตลอดเวลา ข้อเสีย: ต้องใช้โครงสร้างพื้นฐานที่มั่นคงและบำรุงรักษาอย่างสม่ำเสมอครับ หมายเหตุ: คำตอบนี้เป็นความรู้ทั่วไปของโมเดล ไม่ได้อ้างอิงจากฐานข้อมูล PSU Esports Studio - Phuket,pipeline:general_llm_fallback,general/detail,100.0,True,3.0665,1,general_llm,,
MB-1536-GL-211,general_llm,general_llm,อธิบายคำว่า latency ในระบบคอมพิวเตอร์แบบสั้น ๆ ตอบแบบ bullet สั้น ๆ,• Latency คือเวลาที่ใช้ในการตอบสนองต่อคำสั่งในระบบคอมพิวเตอร์ครับ • มีผลต่อประสิทธิภาพการทำงานโดยตรงครับ หมายเหตุ: คำตอบนี้เป็นความรู้ทั่วไปของโมเดล ไม่ได้อ้างอิงจากฐานข้อมูล PSU Esports Studio - Phuket,pipeline:general_llm_fallback,general/detail,100.0,True,2.1329,1,general_llm,,
MB-1537-GL-212,general_llm,general_llm,เฟรมเรตกับความละเอียดต่างกันยังไง ตอบแบบ bullet สั้น ๆ,คำตอบ: เฟรมเรตคือจำนวนเฟรมต่อวินาที ความละเอียดคือขนาดภาพ ข้อดี: เฟรมเรตสูงทำให้เคลื่อนไหวลื่นไหลมากขึ้น ข้อเสีย: ความละเอียดสูงใช้หน่วยความจำมากขึ้นครับ หมายเหตุ: คำตอบนี้เป็นความรู้ทั่วไปของโมเดล ไม่ได้อ้างอิงจากฐานข้อมูล PSU Esports Studio - Phuket,pipeline:general_llm_fallback,general/detail,100.0,True,2.9237,1,general_llm,,
MB-1538-GL-213,general_llm,general_llm,API คืออะไร ตอบแบบ bullet สั้น ๆ,• API คือช่องทางที่โปรแกรมต่าง ๆ สื่อสารกันได้โดยตรงครับ • เป็นตัวกลางที่ช่วยให้ข้อมูลไหลเวียนระหว่างระบบต่าง ๆ ได้อย่างมีประสิทธิภาพครับ หมายเหตุ: คำตอบนี้เป็นความรู้ทั่วไปของโมเดล ไม่ได้อ้างอิงจากฐานข้อมูล PSU Esports Studio - Phuket,pipeline:general_llm_fallback,general/general_knowledge_query,100.0,True,2.243,1,general_llm,,
MB-1539-GL-214,general_llm,general_llm,JSON คืออะไร ตอบแบบ bullet สั้น ๆ,• JSON เป็นรูปแบบข้อมูลที่ใช้แทนค่าต่าง ๆ ในโปรแกรมได้อย่างมีประสิทธิภาพครับ • มักใช้ส่งข้อมูลระหว่างระบบต่าง ๆ โดยเขียนในรูปแบบโครงสร้างข้อมูลง่าย ๆ ครับ หมายเหตุ: คำตอบนี้เป็นความรู้ทั่วไปของโมเดล ไม่ได้อ้างอิงจากฐานข้อมูล PSU Esports Studio - Phuket,pipeline:general_llm_fallback,general/general_knowledge_query,100.0,True,2.4066,1,general_llm,,
MB-1540-GL-215,general_llm,general_llm,ช่วยสรุปวิธีพูดขอบคุณแบบสุภาพ 2 ประโยค ตอบแบบ bullet สั้น ๆ,• ขอบคุณสำหรับความช่วยเหลืออย่างยิ่งครับ • ขอแสดงความชื่นชมและขอบคุณอีกครั้งครับ หมายเหตุ: คำตอบนี้เป็นความรู้ทั่วไปของโมเดล ไม่ได้อ้างอิงจากฐานข้อมูล PSU Esports Studio - Phuket,pipeline:general_llm_fallback,general/general_knowledge_query,100.0,True,1.9088,1,general_llm,,
MB-1541-GL-216,general_llm,general_llm,แปลคำว่า reservation เป็นภาษาไทย ตอบแบบ bullet สั้น ๆ,การจองครับ หมายเหตุ: คำตอบนี้เป็นความรู้ทั่วไปของโมเดล ไม่ได้อ้างอิงจากฐานข้อมูล PSU Esports Studio - Phuket,pipeline:general_llm_fallback,general/detail,100.0,True,1.0805,1,general_llm,,
MB-1542-GL-217,general_llm,general_llm,เขียนประโยคประชาสัมพันธ์กิจกรรมแบบสุภาพหนึ่งประโยค ตอบแบบ bullet สั้น ๆ,ขอเชิญร่วมสัมผัสประสบการณ์สนุกสนานและเต็มไปด้วยพลังบวกจากกิจกรรมน่าสนใจครับ หมายเหตุ: คำตอบนี้เป็นความรู้ทั่วไปของโมเดล ไม่ได้อ้างอิงจากฐานข้อมูล PSU Esports Studio - Phuket,pipeline:general_llm_fallback,general/detail,100.0,True,2.1038,1,general_llm,,
MB-1543-GL-218,general_llm,general_llm,คีย์บอร์ด mechanical คืออะไรแบบสั้น ตอบแบบ bullet สั้น ๆ,• คีย์บอร์ดกลไกเป็นคีย์บอร์ดที่ใช้ลูกศรกลไกภายในแทนปุ่มธรรมดาครับ • มีความแม่นยำสูง เสียงตอบสนองชัดเจนกว่าแบบทั่วไปครับ หมายเหตุ: คำตอบนี้เป็นความรู้ทั่วไปของโมเดล ไม่ได้อ้างอิงจากฐานข้อมูล PSU Esports Studio - Phuket,pipeline:general_llm_fallback,general/detail,100.0,True,2.6449,1,general_llm,,
MB-1544-GL-219,general_llm,general_llm,GPU คืออะไรแบบเข้าใจง่าย ตอบแบบ bullet สั้น ๆ,• GPU คือชิปประมวลผลกราฟิก ใช้แสดงภาพบนหน้าจอ • เหมาะสำหรับเล่นเกมหรืองานออกแบบกราฟิกได้ดีครับ หมายเหตุ: คำตอบนี้เป็นความรู้ทั่วไปของโมเดล ไม่ได้อ้างอิงจากฐานข้อมูล PSU Esports Studio - Phuket,pipeline:general_llm_fallback,general/general_knowledge_query,100.0,True,1.9493,1,general_llm,,
MB-1545-GL-220,general_llm,general_llm,server กับ client ต่างกันยังไง ตอบแบบ bullet สั้น ๆ,คำตอบ: Server เป็นเซิร์ฟเวอร์ จัดการข้อมูลให้ Client ข้อดี: เซิร์ฟเวอร์จัดเก็บข้อมูลได้มากและปลอดภัย ข้อเสีย: ต้องใช้โครงสร้างพื้นฐานรองรับอย่างมีประสิทธิภาพครับ หมายเหตุ: คำตอบนี้เป็นความรู้ทั่วไปของโมเดล ไม่ได้อ้างอิงจากฐานข้อมูล PSU Esports Studio - Phuket,pipeline:general_llm_fallback,general/detail,100.0,True,2.8471,1,general_llm,,
MB-1546-GL-221,general_llm,general_llm,อธิบายคำว่า latency ในระบบคอมพิวเตอร์แบบสั้น ๆ ตอบแบบประโยคเดียว,Latency คือเวลาที่ใช้ในการตอบสนองระหว่างการส่งคำสั่งกับการได้รับผลลัพธ์ครับ หมายเหตุ: คำตอบนี้เป็นความรู้ทั่วไปของโมเดล ไม่ได้อ้างอิงจากฐานข้อมูล PSU Esports Studio - Phuket,pipeline:general_llm_fallback,general/detail,100.0,True,1.8912,1,general_llm,,
MB-1547-GL-222,general_llm,general_llm,เฟรมเรตกับความละเอียดต่างกันยังไง ตอบแบบประโยคเดียว,เฟรมเรตกำหนดจำนวนเฟรมต่อวินาที ส่วนความละเอียดคือความคมชัดของภาพครับ หมายเหตุ: คำตอบนี้เป็นความรู้ทั่วไปของโมเดล ไม่ได้อ้างอิงจากฐานข้อมูล PSU Esports Studio - Phuket,pipeline:general_llm_fallback,general/detail,100.0,True,1.5522,1,general_llm,,
MB-1548-GL-223,general_llm,general_llm,API คืออะไร ตอบแบบประโยคเดียว,API คือชุดคำสั่งที่ช่วยให้โปรแกรมต่าง ๆ สื่อสารกันได้อย่างมีประสิทธิภาพครับ หมายเหตุ: คำตอบนี้เป็นความรู้ทั่วไปของโมเดล ไม่ได้อ้างอิงจากฐานข้อมูล PSU Esports Studio - Phuket,pipeline:general_llm_fallback,general/general_knowledge_query,100.0,True,1.637,1,general_llm,,
MB-1549-GL-224,general_llm,general_llm,JSON คืออะไร ตอบแบบประโยคเดียว,JSON คือภาษาเขียนข้อมูลแบบโครงสร้างข้อมูลที่ใช้ในระบบคอมพิวเตอร์ครับ หมายเหตุ: คำตอบนี้เป็นความรู้ทั่วไปของโมเดล ไม่ได้อ้างอิงจากฐานข้อมูล PSU Esports Studio - Phuket,pipeline:general_llm_fallback,general/general_knowledge_query,100.0,True,1.5045,1,general_llm,,
MB-1550-GL-225,general_llm,general_llm,ช่วยสรุปวิธีพูดขอบคุณแบบสุภาพ 2 ประโยค ตอบแบบประโยคเดียว,ขอบคุณสำหรับความช่วยเหลืออย่างยิ่งครับ และขอแสดงความนับถือครับ หมายเหตุ: คำตอบนี้เป็นความรู้ทั่วไปของโมเดล ไม่ได้อ้างอิงจากฐานข้อมูล PSU Esports Studio - Phuket,pipeline:general_llm_fallback,general/general_knowledge_query,100.0,True,1.561,1,general_llm,,
MB-1551-GL-226,general_llm,general_llm,แปลคำว่า reservation เป็นภาษาไทย ตอบแบบประโยคเดียว,"คำว่า reservation ในภาษาไทยคือ ""การจองครับ"" หมายเหตุ: คำตอบนี้เป็นความรู้ทั่วไปของโมเดล ไม่ได้อ้างอิงจากฐานข้อมูล PSU Esports Studio - Phuket",pipeline:general_llm_fallback,general/detail,100.0,True,1.3162,1,general_llm,,
MB-1552-GL-227,general_llm,general_llm,เขียนประโยคประชาสัมพันธ์กิจกรรมแบบสุภาพหนึ่งประโยค ตอบแบบประโยคเดียว,ขอเชิญร่วมกิจกรรมเพื่อสร้างสรรค์ความสุขและแบ่งปันรอยยิ้มให้กับทุกคนครับ หมายเหตุ: คำตอบนี้เป็นความรู้ทั่วไปของโมเดล ไม่ได้อ้างอิงจากฐานข้อมูล PSU Esports Studio - Phuket,pipeline:general_llm_fallback,general/detail,100.0,True,1.9199,1,general_llm,,
MB-1553-GL-228,general_llm,general_llm,คีย์บอร์ด mechanical คืออะไรแบบสั้น ตอบแบบประโยคเดียว,คีย์บอร์ด mechanical เป็นคีย์บอร์ดที่ใช้กลไกภายในแต่ละปุ่มแทนระบบแม่เหล็กครับ หมายเหตุ: คำตอบนี้เป็นความรู้ทั่วไปของโมเดล ไม่ได้อ้างอิงจากฐานข้อมูล PSU Esports Studio - Phuket,pipeline:general_llm_fallback,general/detail,100.0,True,1.8723,1,general_llm,,
MB-1554-GL-229,general_llm,general_llm,GPU คืออะไรแบบเข้าใจง่าย ตอบแบบประโยคเดียว,GPU คือชิปประมวลผลกราฟิกที่ใช้แสดงภาพและวิดีโอให้ดูน่าสนใจขึ้นครับ หมายเหตุ: คำตอบนี้เป็นความรู้ทั่วไปของโมเดล ไม่ได้อ้างอิงจากฐานข้อมูล PSU Esports Studio - Phuket,pipeline:general_llm_fallback,general/general_knowledge_query,100.0,True,1.6708,1,general_llm,,
MB-1555-GL-230,general_llm,general_llm,server กับ client ต่างกันยังไง ตอบแบบประโยคเดียว,Server และ Client ต่างกันตรงที่ Server เป็นเซิร์ฟเวอร์ที่ให้บริการข้อมูล ส่วน Client เป็นอุปกรณ์ที่เชื่อมต่อมาใช้งานครับ หมายเหตุ: คำตอบนี้เป็นความรู้ทั่วไปของโมเดล ไม่ได้อ้างอิงจากฐานข้อมูล PSU Esports Studio - Phuket,pipeline:general_llm_fallback,general/detail,100.0,True,2.1878,1,general_llm,,
MB-1556-GL-231,general_llm,general_llm,อธิบายคำว่า latency ในระบบคอมพิวเตอร์แบบสั้น ๆ อธิบายข้อดีข้อเสียสั้น ๆ,คำตอบ: Latency คือเวลาตอบสนองของระบบคอมพิวเตอร์ครับ ข้อดี: เพิ่มประสิทธิภาพการทำงานทันทีครับ ข้อเสีย: สูงเกินไปอาจทำให้ล่าช้าในการตอบสนองครับ หมายเหตุ: คำตอบนี้เป็นความรู้ทั่วไปของโมเดล ไม่ได้อ้างอิงจากฐานข้อมูล PSU Esports Studio - Phuket,pipeline:general_llm_fallback,general/detail,100.0,True,2.5738,1,general_llm,,
MB-1557-GL-232,general_llm,general_llm,เฟรมเรตกับความละเอียดต่างกันยังไง อธิบายข้อดีข้อเสียสั้น ๆ,คำตอบ: เฟรมเรตคือจำนวนเฟรมต่อวินาที ความละเอียดคือความคมชัดของภาพ ข้อดี: เฟรมเรตสูงทำให้เคลื่อนไหวลื่นไหลมากขึ้นครับ ข้อเสีย: ความละเอียดสูงใช้หน่วยความจำมากกว่าครับ หมายเหตุ: คำตอบนี้เป็นความรู้ทั่วไปของโมเดล ไม่ได้อ้างอิงจากฐานข้อมูล PSU Esports Studio - Phuket,pipeline:general_llm_fallback,general/detail,100.0,True,2.8532,1,general_llm,,
MB-1558-GL-233,general_llm,general_llm,API คืออะไร อธิบายข้อดีข้อเสียสั้น ๆ,คำตอบ: API คือช่องทางให้โปรแกรมสื่อสารกันได้ ข้อดี: เชื่อมต่อระบบได้ง่ายและรวดเร็ว ข้อเสีย: อาจมีข้อจำกัดด้านความปลอดภัยครับ หมายเหตุ: คำตอบนี้เป็นความรู้ทั่วไปของโมเดล ไม่ได้อ้างอิงจากฐานข้อมูล PSU Esports Studio - Phuket,pipeline:general_llm_fallback,general/detail,100.0,True,2.2134,1,general_llm,,
MB-1559-GL-234,general_llm,general_llm,JSON คืออะไร อธิบายข้อดีข้อเสียสั้น ๆ,คำตอบ: JSON เป็นรูปแบบข้อมูลที่ใช้แลกเปลี่ยนข้อมูลระหว่างระบบต่าง ๆ ข้อดี: อ่านเข้าใจง่าย เขียนง่าย ใช้งานได้หลากหลายระบบ ข้อเสีย: ไม่รองรับตรรกะหรือฟังก์ชันซับซ้อนครับ หมายเหตุ: คำตอบนี้เป็นความรู้ทั่วไปของโมเดล ไม่ได้อ้างอิงจากฐานข้อมูล PSU Esports Studio - Phuket,pipeline:general_llm_fallback,general/detail,100.0,True,2.7847,1,general_llm,,
MB-1560-GL-235,general_llm,general_llm,ช่วยสรุปวิธีพูดขอบคุณแบบสุภาพ 2 ประโยค อธิบายข้อดีข้อเสียสั้น ๆ,คำตอบ: พูดขอบคุณอย่างจริงใจและชัดเจน ข้อดี: สื่อถึงความประทับใจและความรู้สึกดีครับ ข้อเสีย: อาจดูซ้ำซากหากใช้บ่อยครับ หมายเหตุ: คำตอบนี้เป็นความรู้ทั่วไปของโมเดล ไม่ได้อ้างอิงจากฐานข้อมูล PSU Esports Studio - Phuket,pipeline:general_llm_fallback,general/detail,100.0,True,2.4548,1,general_llm,,
MB-1561-GL-236,general_llm,general_llm,แปลคำว่า reservation เป็นภาษาไทย อธิบายข้อดีข้อเสียสั้น ๆ,ตอนนี้ยังตอบคำถามความรู้ทั่วไปไม่ได้ชั่วคราวครับ กรุณาลองใหม่อีกครั้ง สำหรับข้อมูลของ PSU Esports Studio - Phuket ยังถามเรื่องเกม ปุ่ม อุปกรณ์ ราคา การจอง เวลาเปิด และกติกาได้ตามปกติครับ,pipeline:general_llm_unavailable,general/detail,75.0,False,2.1041,1,general_llm,llm_required_but_unavailable,
MB-1562-GL-237,general_llm,general_llm,เขียนประโยคประชาสัมพันธ์กิจกรรมแบบสุภาพหนึ่งประโยค อธิบายข้อดีข้อเสียสั้น ๆ,ขอเชิญร่วมงานกิจกรรมเพื่อสร้างสรรค์ความสนุกและเรียนรู้ร่วมกันอย่างมีสุขภาพดีครับ โดยข้อดีคือได้พัฒนาทักษะและสร้างเครือข่าย แต่ข้อเสียอาจต้องใช้เวลาเตรียมตัวครับ หมายเหตุ: คำตอบนี้เป็นความรู้ทั่วไปของโมเดล ไม่ได้อ้างอิงจากฐานข้อมูล PSU Esports Studio - Phuket,pipeline:general_llm_fallback,general/detail,100.0,True,3.0503,1,general_llm,,
MB-1563-GL-238,general_llm,general_llm,คีย์บอร์ด mechanical คืออะไรแบบสั้น อธิบายข้อดีข้อเสียสั้น ๆ,คำตอบ: คีย์บอร์ดกลไกเป็นคีย์บอร์ดที่ใช้กลไกภายในแทนแป้นพิมพ์ ข้อดี: เสียงตีชัด เร็ว มีความทนทานสูง ข้อเสีย: ราคาแพงกว่าแบบธรรมดาครับ หมายเหตุ: คำตอบนี้เป็นความรู้ทั่วไปของโมเดล ไม่ได้อ้างอิงจากฐานข้อมูล PSU Esports Studio - Phuket,pipeline:general_llm_fallback,general/detail,100.0,True,2.8433,1,general_llm,,
MB-1564-GL-239,general_llm,general_llm,GPU คืออะไรแบบเข้าใจง่าย อธิบายข้อดีข้อเสียสั้น ๆ,คำตอบ: GPU คือชิปประมวลผลกราฟิก ใช้แสดงภาพบนหน้าจอ ข้อดี: เล่นเกมได้ราวกับเป็นเทพเจ้าครับ ข้อเสีย: ใช้พลังงานสูงกว่า CPU นิดหน่อยครับ หมายเหตุ: คำตอบนี้เป็นความรู้ทั่วไปของโมเดล ไม่ได้อ้างอิงจากฐานข้อมูล PSU Esports Studio - Phuket,pipeline:general_llm_fallback,general/detail,100.0,True,2.5376,1,general_llm,,
MB-1565-GL-240,general_llm,general_llm,server กับ client ต่างกันยังไง อธิบายข้อดีข้อเสียสั้น ๆ,คำตอบ: Server เป็นเซิร์ฟเวอร์ จัดการข้อมูลให้ Client ข้อดี: เซิร์ฟเวอร์ควบคุมระบบได้ดี มีความปลอดภัยสูง ข้อเสีย: ต้องใช้โครงสร้างพื้นฐานรองรับมากครับ หมายเหตุ: คำตอบนี้เป็นความรู้ทั่วไปของโมเดล ไม่ได้อ้างอิงจากฐานข้อมูล PSU Esports Studio - Phuket,pipeline:general_llm_fallback,general/detail,100.0,True,2.8157,1,general_llm,,
MB-1566-GL-241,general_llm,general_llm,อธิบายคำว่า latency ในระบบคอมพิวเตอร์แบบสั้น ๆ ให้คำจำกัดความแบบสั้น,Latency คือเวลาที่ใช้ในการตอบสนองระหว่างการสั่งงานกับผลลัพธ์ในระบบคอมพิวเตอร์ครับ หมายเหตุ: คำตอบนี้เป็นความรู้ทั่วไปของโมเดล ไม่ได้อ้างอิงจากฐานข้อมูล PSU Esports Studio - Phuket,pipeline:general_llm_fallback,general/detail,100.0,True,2.0026,1,general_llm,,
MB-1567-GL-242,general_llm,general_llm,เฟรมเรตกับความละเอียดต่างกันยังไง ให้คำจำกัดความแบบสั้น,คำตอบ: เฟรมเรตคือจำนวนเฟรมต่อวินาที ส่วนความละเอียดคือขนาดข้อมูลภาพ ข้อดี: เฟรมเรตสูงทำให้เคลื่อนไหวลื่นไหลมากขึ้นครับ ข้อเสีย: ความละเอียดสูงใช้หน่วยความจำและแบตเตอรี่มากครับ หมายเหตุ: คำตอบนี้เป็นความรู้ทั่วไปของโมเดล ไม่ได้อ้างอิงจากฐานข้อมูล PSU Esports Studio - Phuket,pipeline:general_llm_fallback,general/detail,100.0,True,2.9981,1,general_llm,,
MB-1568-GL-243,general_llm,general_llm,API คืออะไร ให้คำจำกัดความแบบสั้น,API คือ Application Programming Interface ซึ่งเป็นช่องทางที่โปรแกรมหนึ่งสามารถสื่อสารและใช้งานฟังก์ชันของโปรแกรมอีกโปรแกรมได้ครับ หมายเหตุ: คำตอบนี้เป็นความรู้ทั่วไปของโมเดล ไม่ได้อ้างอิงจากฐานข้อมูล PSU Esports Studio - Phuket,pipeline:general_llm_fallback,general/general_knowledge_query,100.0,True,1.9474,1,general_llm,,
MB-1569-GL-244,general_llm,general_llm,JSON คืออะไร ให้คำจำกัดความแบบสั้น,JSON คือภาษาข้อมูลที่ใช้จัดรูปแบบข้อมูลเป็นรูปแบบข้อความอย่างง่ายและเข้าใจง่ายครับ หมายเหตุ: คำตอบนี้เป็นความรู้ทั่วไปของโมเดล ไม่ได้อ้างอิงจากฐานข้อมูล PSU Esports Studio - Phuket,pipeline:general_llm_fallback,general/general_knowledge_query,100.0,True,1.7673,1,general_llm,,
MB-1570-GL-245,general_llm,general_llm,ช่วยสรุปวิธีพูดขอบคุณแบบสุภาพ 2 ประโยค ให้คำจำกัดความแบบสั้น,ขอบคุณสำหรับการสนับสนุนอย่างต่อเนื่องครับ ขอแสดงความชื่นชมและขอบคุณอีกครั้งครับ หมายเหตุ: คำตอบนี้เป็นความรู้ทั่วไปของโมเดล ไม่ได้อ้างอิงจากฐานข้อมูล PSU Esports Studio - Phuket,pipeline:general_llm_fallback,general/general_knowledge_query,100.0,True,1.851,1,general_llm,,
MB-1571-GL-246,general_llm,general_llm,แปลคำว่า reservation เป็นภาษาไทย ให้คำจำกัดความแบบสั้น,การจองครับ หมายเหตุ: คำตอบนี้เป็นความรู้ทั่วไปของโมเดล ไม่ได้อ้างอิงจากฐานข้อมูล PSU Esports Studio - Phuket,pipeline:general_llm_fallback,general/detail,100.0,True,1.0907,1,general_llm,,
MB-1572-GL-247,general_llm,general_llm,เขียนประโยคประชาสัมพันธ์กิจกรรมแบบสุภาพหนึ่งประโยค ให้คำจำกัดความแบบสั้น,ขอเสนอแนะกิจกรรมที่สร้างสรรค์และสุภาพเพื่อเสริมสร้างความร่วมมือในชุมชนครับ หมายเหตุ: คำตอบนี้เป็นความรู้ทั่วไปของโมเดล ไม่ได้อ้างอิงจากฐานข้อมูล PSU Esports Studio - Phuket,pipeline:general_llm_fallback,general/detail,100.0,True,1.7956,1,general_llm,,
MB-1573-GL-248,general_llm,general_llm,คีย์บอร์ด mechanical คืออะไรแบบสั้น ให้คำจำกัดความแบบสั้น,คีย์บอร์ด mechanical เป็นคีย์บอร์ดที่ใช้ปุ่มกดแบบกลไก โดยแต่ละคีย์มีชิ้นส่วนกลไกภายในทำให้ตอบสนองเร็วและแม่นยำกว่าคีย์บอร์ดธรรมดาครับ หมายเหตุ: คำตอบนี้เป็นความรู้ทั่วไปของโมเดล ไม่ได้อ้างอิงจากฐานข้อมูล PSU Esports Studio - Phuket,pipeline:general_llm_fallback,general/detail,100.0,True,2.7902,1,general_llm,,
MB-1574-GL-249,general_llm,general_llm,GPU คืออะไรแบบเข้าใจง่าย ให้คำจำกัดความแบบสั้น,GPU คือชิปประมวลผลกราฟิกที่ใช้ในการแสดงภาพเคลื่อนไหวและกราฟิกต่าง ๆ บนหน้าจอครับ หมายเหตุ: คำตอบนี้เป็นความรู้ทั่วไปของโมเดล ไม่ได้อ้างอิงจากฐานข้อมูล PSU Esports Studio - Phuket,pipeline:general_llm_fallback,general/general_knowledge_query,100.0,True,1.7724,1,general_llm,,
MB-1575-GL-250,general_llm,general_llm,server กับ client ต่างกันยังไง ให้คำจำกัดความแบบสั้น,คำตอบ: Server เป็นเซิร์ฟเวอร์ที่ให้บริการข้อมูลแก่ Client ข้อดี: จัดการข้อมูลได้ดี มีประสิทธิภาพสูง ข้อเสีย: ต้องใช้โครงสร้างพื้นฐานรองรับครับ หมายเหตุ: คำตอบนี้เป็นความรู้ทั่วไปของโมเดล ไม่ได้อ้างอิงจากฐานข้อมูล PSU Esports Studio - Phuket,pipeline:general_llm_fallback,general/detail,100.0,True,2.8207,1,general_llm,,
MB-1576-GL-251,general_llm,general_llm,อธิบายคำว่า latency ในระบบคอมพิวเตอร์แบบสั้น ๆ อธิบายด้วยคำง่าย ๆ,Latency คือเวลาที่ใช้ในการตอบสนองของระบบคอมพิวเตอร์เมื่อทำอะไรบางอย่างครับ หมายเหตุ: คำตอบนี้เป็นความรู้ทั่วไปของโมเดล ไม่ได้อ้างอิงจากฐานข้อมูล PSU Esports Studio - Phuket,pipeline:general_llm_fallback,general/detail,100.0,True,1.6905,1,general_llm,,
MB-1577-GL-252,general_llm,general_llm,เฟรมเรตกับความละเอียดต่างกันยังไง อธิบายด้วยคำง่าย ๆ,คำตอบ: เฟรมเรตคือจำนวนภาพต่อวินาที ส่วนความละเอียดคือความคมชัดของภาพครับ ข้อดี: เฟรมเรตสูงทำให้เคลื่อนไหวลื่นไหลมากขึ้นครับ ข้อเสีย: ความละเอียดสูงใช้แบตเตอรี่และหน่วยความจำมากกว่าครับ หมายเหตุ: คำตอบนี้เป็นความรู้ทั่วไปของโมเดล ไม่ได้อ้างอิงจากฐานข้อมูล PSU Esports Studio - Phuket,pipeline:general_llm_fallback,general/detail,100.0,True,3.0809,1,general_llm,,
MB-1578-GL-253,general_llm,general_llm,API คืออะไร อธิบายด้วยคำง่าย ๆ,API คือช่องทางที่โปรแกรมหนึ่งสามารถสื่อสารกับโปรแกรมอีกตัวหนึ่งได้โดยตรง เพื่อแลกเปลี่ยนข้อมูลหรือทำหน้าที่ร่วมกันได้อย่างมีประสิทธิภาพครับ หมายเหตุ: คำตอบนี้เป็นความรู้ทั่วไปของโมเดล ไม่ได้อ้างอิงจากฐานข้อมูล PSU Esports Studio - Phuket,pipeline:general_llm_fallback,general/general_knowledge_query,100.0,True,2.4796,1,general_llm,,
MB-1579-GL-254,general_llm,general_llm,JSON คืออะไร อธิบายด้วยคำง่าย ๆ,JSON คือภาษาเขียนข้อมูลแบบง่าย ๆ เพื่อให้คอมพิวเตอร์อ่านและจัดเก็บข้อมูลได้ง่ายครับ หมายเหตุ: คำตอบนี้เป็นความรู้ทั่วไปของโมเดล ไม่ได้อ้างอิงจากฐานข้อมูล PSU Esports Studio - Phuket,pipeline:general_llm_fallback,general/general_knowledge_query,100.0,True,1.7095,1,general_llm,,
MB-1580-GL-255,general_llm,general_llm,ช่วยสรุปวิธีพูดขอบคุณแบบสุภาพ 2 ประโยค อธิบายด้วยคำง่าย ๆ,ขอบคุณสำหรับความช่วยเหลือครับ ขอให้โชคดีและปลอดภัยนะครับ หมายเหตุ: คำตอบนี้เป็นความรู้ทั่วไปของโมเดล ไม่ได้อ้างอิงจากฐานข้อมูล PSU Esports Studio - Phuket,pipeline:general_llm_fallback,general/general_knowledge_query,100.0,True,1.5187,1,general_llm,,
MB-1581-GL-256,general_llm,general_llm,แปลคำว่า reservation เป็นภาษาไทย อธิบายด้วยคำง่าย ๆ,การจองครับ หมายเหตุ: คำตอบนี้เป็นความรู้ทั่วไปของโมเดล ไม่ได้อ้างอิงจากฐานข้อมูล PSU Esports Studio - Phuket,pipeline:general_llm_fallback,general/detail,100.0,True,1.0854,1,general_llm,,
MB-1582-GL-257,general_llm,general_llm,เขียนประโยคประชาสัมพันธ์กิจกรรมแบบสุภาพหนึ่งประโยค อธิบายด้วยคำง่าย ๆ,ขอเชิญร่วมกิจกรรมสนุกสนานเพื่อสร้างความสุขและความรู้ใหม่ ๆ เหมือนเด็กเล่นเกมครับ หมายเหตุ: คำตอบนี้เป็นความรู้ทั่วไปของโมเดล ไม่ได้อ้างอิงจากฐานข้อมูล PSU Esports Studio - Phuket,pipeline:general_llm_fallback,general/detail,100.0,True,1.8364,1,general_llm,,
MB-1583-GL-258,general_llm,general_llm,คีย์บอร์ด mechanical คืออะไรแบบสั้น อธิบายด้วยคำง่าย ๆ,คีย์บอร์ด mechanical คือคีย์บอร์ดที่แต่ละปุ่มใช้กลไกภายในเหมือนลูกศรยิงออกมาเมื่อกดครับ หมายเหตุ: คำตอบนี้เป็นความรู้ทั่วไปของโมเดล ไม่ได้อ้างอิงจากฐานข้อมูล PSU Esports Studio - Phuket,pipeline:general_llm_fallback,general/detail,100.0,True,2.1888,1,general_llm,,
MB-1584-GL-259,general_llm,general_llm,GPU คืออะไรแบบเข้าใจง่าย อธิบายด้วยคำง่าย ๆ,GPU คือ ชิปประมวลผลกราฟิก ใช้จัดการภาพและเคลื่อนไหวบนหน้าจอให้ไหลลื่น อธิบายง่าย ๆ ก็คือ เครื่องมือที่ทำให้เรามองเห็นภาพสวย ๆ บนจอคอมพิวเตอร์ได้ครับ หมายเหตุ: คำตอบนี้เป็นความรู้ทั่วไปของโมเดล ไม่ได้อ้างอิงจากฐานข้อมูล PSU Esports Studio - Phuket,pipeline:general_llm_fallback,general/general_knowledge_query,100.0,True,2.748,1,general_llm,,
MB-1585-GL-260,general_llm,general_llm,server กับ client ต่างกันยังไง อธิบายด้วยคำง่าย ๆ,คำตอบ: Server และ Client เป็นส่วนประกอบของระบบเครือข่าย ข้อดี: Server เก็บข้อมูลและให้บริการแก่ Client ได้ตลอดเวลา ข้อเสีย: Client ต้องเชื่อมต่อ Server จึงใช้งานได้ครับ หมายเหตุ: คำตอบนี้เป็นความรู้ทั่วไปของโมเดล ไม่ได้อ้างอิงจากฐานข้อมูล PSU Esports Studio - Phuket,pipeline:general_llm_fallback,general/detail,100.0,True,2.5015,1,general_llm,,
MB-1586-GL-261,general_llm,general_llm,อธิบายคำว่า latency ในระบบคอมพิวเตอร์แบบสั้น ๆ ตอบแบบไม่ต้องมีตัวอย่างยาว,Latency คือเวลาที่ใช้ในการตอบสนองระหว่างการสั่งงานกับผลลัพธ์ในระบบคอมพิวเตอร์ครับ หมายเหตุ: คำตอบนี้เป็นความรู้ทั่วไปของโมเดล ไม่ได้อ้างอิงจากฐานข้อมูล PSU Esports Studio - Phuket,pipeline:general_llm_fallback,general/detail,100.0,True,1.9419,1,general_llm,,
MB-1587-GL-262,general_llm,general_llm,เฟรมเรตกับความละเอียดต่างกันยังไง ตอบแบบไม่ต้องมีตัวอย่างยาว,คำตอบ: เฟรมเรตคือจำนวนเฟรมต่อวินาที ส่วนความละเอียดคือความคมชัดของภาพครับ ข้อดี: เฟรมเรตสูงทำให้เคลื่อนไหวลื่นไหลมากขึ้นครับ ข้อเสีย: ความละเอียดสูงใช้หน่วยความจำมากกว่าครับ หมายเหตุ: คำตอบนี้เป็นความรู้ทั่วไปของโมเดล ไม่ได้อ้างอิงจากฐานข้อมูล PSU Esports Studio - Phuket,pipeline:general_llm_fallback,general/detail,100.0,True,2.9455,1,general_llm,,
MB-1588-GL-263,general_llm,general_llm,API คืออะไร ตอบแบบไม่ต้องมีตัวอย่างยาว,API คือ Application Programming Interface ซึ่งเป็นช่องทางที่ทำให้โปรแกรมต่าง ๆ สื่อสารกันได้ครับ หมายเหตุ: คำตอบนี้เป็นความรู้ทั่วไปของโมเดล ไม่ได้อ้างอิงจากฐานข้อมูล PSU Esports Studio - Phuket,pipeline:general_llm_fallback,general/general_knowledge_query,100.0,True,1.7142,1,general_llm,,
MB-1589-GL-264,general_llm,general_llm,JSON คืออะไร ตอบแบบไม่ต้องมีตัวอย่างยาว,JSON คือภาษาข้อมูลเชิงโครงสร้างที่ใช้ในการแลกเปลี่ยนข้อมูลระหว่างระบบต่าง ๆ โดยเขียนในรูปแบบที่อ่านง่ายและเข้าใจได้ทันทีครับ หมายเหตุ: คำตอบนี้เป็นความรู้ทั่วไปของโมเดล ไม่ได้อ้างอิงจากฐานข้อมูล PSU Esports Studio - Phuket,pipeline:general_llm_fallback,general/general_knowledge_query,100.0,True,2.1517,1,general_llm,,
MB-1590-GL-265,general_llm,general_llm,ช่วยสรุปวิธีพูดขอบคุณแบบสุภาพ 2 ประโยค ตอบแบบไม่ต้องมีตัวอย่างยาว,ขอบคุณสำหรับความช่วยเหลืออย่างยิ่งครับ ขอแสดงความชื่นชมและขอบคุณอีกครั้งครับ หมายเหตุ: คำตอบนี้เป็นความรู้ทั่วไปของโมเดล ไม่ได้อ้างอิงจากฐานข้อมูล PSU Esports Studio - Phuket,pipeline:general_llm_fallback,general/general_knowledge_query,100.0,True,1.8768,1,general_llm,,
MB-1591-GL-266,general_llm,general_llm,แปลคำว่า reservation เป็นภาษาไทย ตอบแบบไม่ต้องมีตัวอย่างยาว,การจองครับ หมายเหตุ: คำตอบนี้เป็นความรู้ทั่วไปของโมเดล ไม่ได้อ้างอิงจากฐานข้อมูล PSU Esports Studio - Phuket,pipeline:general_llm_fallback,general/detail,100.0,True,1.2293,1,general_llm,,
MB-1592-GL-267,general_llm,general_llm,เขียนประโยคประชาสัมพันธ์กิจกรรมแบบสุภาพหนึ่งประโยค ตอบแบบไม่ต้องมีตัวอย่างยาว,ขอเชิญร่วมกิจกรรมเพื่อสร้างสรรค์ความสุขและแบ่งปันรอยยิ้มไปกับทุกคนครับ หมายเหตุ: คำตอบนี้เป็นความรู้ทั่วไปของโมเดล ไม่ได้อ้างอิงจากฐานข้อมูล PSU Esports Studio - Phuket,pipeline:general_llm_fallback,general/detail,100.0,True,2.0143,1,general_llm,,
MB-1593-GL-268,general_llm,general_llm,คีย์บอร์ด mechanical คืออะไรแบบสั้น ตอบแบบไม่ต้องมีตัวอย่างยาว,คีย์บอร์ด mechanical เป็นคีย์บอร์ดที่ใช้กลไกภายในแต่ละปุ่มแทนระบบไฟฟ้าหรือแม่เหล็ก เพื่อให้ตอบสนองเร็วและแม่นยำกว่าครับ หมายเหตุ: คำตอบนี้เป็นความรู้ทั่วไปของโมเดล ไม่ได้อ้างอิงจากฐานข้อมูล PSU Esports Studio - Phuket,pipeline:general_llm_fallback,general/detail,100.0,True,2.5052,1,general_llm,,
MB-1594-GL-269,general_llm,general_llm,GPU คืออะไรแบบเข้าใจง่าย ตอบแบบไม่ต้องมีตัวอย่างยาว,GPU คือ ชิปประมวลผลกราฟิก ใช้จัดการการแสดงผลภาพและวิดีโอในคอมพิวเตอร์ครับ หมายเหตุ: คำตอบนี้เป็นความรู้ทั่วไปของโมเดล ไม่ได้อ้างอิงจากฐานข้อมูล PSU Esports Studio - Phuket,pipeline:general_llm_fallback,general/general_knowledge_query,100.0,True,1.8821,1,general_llm,,
MB-1595-GL-270,general_llm,general_llm,server กับ client ต่างกันยังไง ตอบแบบไม่ต้องมีตัวอย่างยาว,คำตอบ: Server เป็นเซิร์ฟเวอร์ จัดการข้อมูลให้ Client ข้อดี: เซิร์ฟเวอร์จัดเก็บข้อมูลได้มากและปลอดภัย ข้อเสีย: ต้องใช้งานเครือข่ายคงที่ครับ หมายเหตุ: คำตอบนี้เป็นความรู้ทั่วไปของโมเดล ไม่ได้อ้างอิงจากฐานข้อมูล PSU Esports Studio - Phuket,pipeline:general_llm_fallback,general/detail,100.0,True,2.6752,1,general_llm,,
MB-1596-GL-271,general_llm,general_llm,อธิบายคำว่า latency ในระบบคอมพิวเตอร์แบบสั้น ๆ ขอแบบใช้พูดกับผู้ใช้บริการ,Latency คือเวลาที่ใช้ในการตอบสนองระหว่างสั่งงานกับผลลัพธ์ในระบบคอมพิวเตอร์ครับ หมายเหตุ: คำตอบนี้เป็นความรู้ทั่วไปของโมเดล ไม่ได้อ้างอิงจากฐานข้อมูล PSU Esports Studio - Phuket,pipeline:general_llm_fallback,general/detail,100.0,True,1.891,1,general_llm,,
MB-1597-GL-272,general_llm,general_llm,เฟรมเรตกับความละเอียดต่างกันยังไง ขอแบบใช้พูดกับผู้ใช้บริการ,คำตอบ: เฟรมเรตคือจำนวนเฟรมต่อวินาทีครับ ข้อดี: ส่งผลต่อความลื่นไหลในการเล่นครับ ข้อเสีย: ความละเอียดสูงอาจลดประสิทธิภาพเครื่องครับ หมายเหตุ: คำตอบนี้เป็นความรู้ทั่วไปของโมเดล ไม่ได้อ้างอิงจากฐานข้อมูล PSU Esports Studio - Phuket,pipeline:general_llm_fallback,general/detail,100.0,True,2.4504,1,general_llm,,
MB-1598-GL-273,general_llm,general_llm,API คืออะไร ขอแบบใช้พูดกับผู้ใช้บริการ,API คือ Application Programming Interface หรืออินเตอร์เฟซการเขียนโปรแกรมสำหรับแอปพลิเคชันที่ใช้งานร่วมกันได้ครับ หมายเหตุ: คำตอบนี้เป็นความรู้ทั่วไปของโมเดล ไม่ได้อ้างอิงจากฐานข้อมูล PSU Esports Studio - Phuket,pipeline:general_llm_fallback,general/general_knowledge_query,100.0,True,1.8653,1,general_llm,,
MB-1599-GL-274,general_llm,general_llm,JSON คืออะไร ขอแบบใช้พูดกับผู้ใช้บริการ,JSON คือภาษาข้อมูลที่ใช้จัดเก็บและส่งข้อมูลระหว่างระบบต่าง ๆ โดยเขียนในรูปแบบโครงสร้างข้อมูลที่อ่านง่ายและเข้าใจได้ทันทีครับ หมายเหตุ: คำตอบนี้เป็นความรู้ทั่วไปของโมเดล ไม่ได้อ้างอิงจากฐานข้อมูล PSU Esports Studio - Phuket,pipeline:general_llm_fallback,general/general_knowledge_query,100.0,True,2.2523,1,general_llm,,
MB-1600-GL-275,general_llm,general_llm,ช่วยสรุปวิธีพูดขอบคุณแบบสุภาพ 2 ประโยค ขอแบบใช้พูดกับผู้ใช้บริการ,ขอขอบพระคุณสำหรับความช่วยเหลือที่ให้มาอย่างจริงใจครับ ยังคงไว้วางใจและใช้บริการต่อไปได้อย่างแน่นอนครับ หมายเหตุ: คำตอบนี้เป็นความรู้ทั่วไปของโมเดล ไม่ได้อ้างอิงจากฐานข้อมูล PSU Esports Studio - Phuket,pipeline:general_llm_fallback,general/general_knowledge_query,84.0,False,2.0769,1,general_llm,missing_any:ขอบคุณ,
