id,group,quality_bucket,question,answer_preview,mode,route,score,passed,wall_sec,llm_call_count,llm_kinds,errors,warnings
MB-0001-SF-001,service_fee,psu_fact,PC ราคาเท่าไหร่,ราคา PC 1 ชั่วโมง (1 คน) • PSU Student and Staff: 0 บาท • PSU Alumni and General Student / นักศึกษาหรือนักเรียนต่างสถาบัน: 25 บาท • General Adult / บุคคลทั่วไป: 70 บาท หมายเหตุข้อมูล PC: ราคา PC เพิ่มจาก local service fee update 2026-07-27 แหล่งข้อมูล: https://esports.computing.psu.ac.th/wp-content/uploads/2026/01/PSU-Esports-Studio-phuket-SERVICE-FEE-2026.png,pipeline:deterministic_calculator_fast,service_fee/service_fee_query,100.0,True,1.6203,0,,,
MB-0002-SF-002,service_fee,psu_fact,นักศึกษา PSU เล่น PC 30 นาที เสียกี่บาท,ระยะเวลาที่ถามคือ 30 นาที ใช้ 1 session ตามแพ็กเกจ PC 1 ชั่วโมง คำตอบราคา: 0 บาท สำหรับกลุ่ม PSU Student and Staff • คำนวณจาก 0 บาท/session x 1 session = 0 บาท กลุ่มผู้ใช้ที่ตรวจเจอ: PSU Student and Staff รายละเอียดจากตาราง: PC 1 ชั่วโมง (1 คน) • PSU Student and Staff: 0 บาท • PSU Alumni and General Student: 25 บาท • General Adult: 70 บาท หมายเหตุข้อมูล PC: ราคา PC เพิ่มจาก local service fee update 2026-07-27 แหล่งข้อมูล: https://esports.computing.psu.ac.th/wp-content/uploads/2026/01/PSU-Esports-Studio-phuket-SERVICE-FEE-2026.png,pipeline:deterministic_calculator_fast,service_fee/service_fee_query,100.0,True,0.4414,0,,,
MB-0003-SF-003,service_fee,psu_fact,นักศึกษา PSU เล่น PC 1 ชั่วโมง เสียกี่บาท,ระยะเวลาที่ถามคือ 1 ชั่วโมง ใช้ 1 session ตามแพ็กเกจ PC 1 ชั่วโมง คำตอบราคา: 0 บาท สำหรับกลุ่ม PSU Student and Staff • คำนวณจาก 0 บาท/session x 1 session = 0 บาท กลุ่มผู้ใช้ที่ตรวจเจอ: PSU Student and Staff รายละเอียดจากตาราง: PC 1 ชั่วโมง (1 คน) • PSU Student and Staff: 0 บาท • PSU Alumni and General Student: 25 บาท • General Adult: 70 บาท หมายเหตุข้อมูล PC: ราคา PC เพิ่มจาก local service fee update 2026-07-27 แหล่งข้อมูล: https://esports.computing.psu.ac.th/wp-content/uploads/2026/01/PSU-Esports-Studio-phuket-SERVICE-FEE-2026.png,pipeline:deterministic_calculator_fast,service_fee/service_fee_query,100.0,True,0.3611,0,,,
MB-0004-SF-004,service_fee,psu_fact,นักศึกษา PSU เล่น PC 2 ชั่วโมง เสียกี่บาท,ระยะเวลาที่ถามคือ 2 ชั่วโมง ใช้ 2 session ตามแพ็กเกจ PC 1 ชั่วโมง คำตอบราคา: 0 บาท สำหรับกลุ่ม PSU Student and Staff • คำนวณจาก 0 บาท/session x 2 session = 0 บาท กลุ่มผู้ใช้ที่ตรวจเจอ: PSU Student and Staff รายละเอียดจากตาราง: PC 1 ชั่วโมง (1 คน) • PSU Student and Staff: 0 บาท • PSU Alumni and General Student: 25 บาท • General Adult: 70 บาท หมายเหตุข้อมูล PC: ราคา PC เพิ่มจาก local service fee update 2026-07-27 แหล่งข้อมูล: https://esports.computing.psu.ac.th/wp-content/uploads/2026/01/PSU-Esports-Studio-phuket-SERVICE-FEE-2026.png,pipeline:deterministic_calculator_fast,service_fee/service_fee_query,100.0,True,0.4272,0,,,
MB-0005-SF-005,service_fee,psu_fact,นักศึกษาต่างมหาลัย เล่น PC 30 นาที เสียกี่บาท,ระยะเวลาที่ถามคือ 30 นาที ใช้ 1 session ตามแพ็กเกจ PC 1 ชั่วโมง คำตอบราคา: 25 บาท สำหรับกลุ่ม PSU Alumni and General Student / นักศึกษาหรือนักเรียนต่างสถาบัน • คำนวณจาก 25 บาท/session x 1 session = 25 บาท กลุ่มผู้ใช้ที่ตรวจเจอ: PSU Alumni and General Student / นักศึกษาหรือนักเรียนต่างสถาบัน / มหาลัยอื่น รายละเอียดจากตาราง: PC 1 ชั่วโมง (1 คน) • PSU Student and Staff: 0 บาท • PSU Alumni and General Student: 25 บาท • General Adult: 70 บาท หมายเหตุข้อมูล PC: ราคา PC เพิ่มจาก local service fee update 2026-07-27 แหล่งข้อมูล: https://esports.computing.psu.ac.th/wp-content/uploads/2026/01/PSU-Esports-Studio-phuket-SERVICE-FEE-2026.png,pipeline:deterministic_calculator_fast,service_fee/service_fee_query,100.0,True,0.5004,0,,,
MB-0006-SF-006,service_fee,psu_fact,นักศึกษาต่างมหาลัย เล่น PC 1 ชั่วโมง เสียกี่บาท,ระยะเวลาที่ถามคือ 1 ชั่วโมง ใช้ 1 session ตามแพ็กเกจ PC 1 ชั่วโมง คำตอบราคา: 25 บาท สำหรับกลุ่ม PSU Alumni and General Student / นักศึกษาหรือนักเรียนต่างสถาบัน • คำนวณจาก 25 บาท/session x 1 session = 25 บาท กลุ่มผู้ใช้ที่ตรวจเจอ: PSU Alumni and General Student / นักศึกษาหรือนักเรียนต่างสถาบัน / มหาลัยอื่น รายละเอียดจากตาราง: PC 1 ชั่วโมง (1 คน) • PSU Student and Staff: 0 บาท • PSU Alumni and General Student: 25 บาท • General Adult: 70 บาท หมายเหตุข้อมูล PC: ราคา PC เพิ่มจาก local service fee update 2026-07-27 แหล่งข้อมูล: https://esports.computing.psu.ac.th/wp-content/uploads/2026/01/PSU-Esports-Studio-phuket-SERVICE-FEE-2026.png,pipeline:deterministic_calculator_fast,service_fee/service_fee_query,100.0,True,0.5018,0,,,
MB-0007-SF-007,service_fee,psu_fact,นักศึกษาต่างมหาลัย เล่น PC 2 ชั่วโมง เสียกี่บาท,ระยะเวลาที่ถามคือ 2 ชั่วโมง ใช้ 2 session ตามแพ็กเกจ PC 1 ชั่วโมง คำตอบราคา: 50 บาท สำหรับกลุ่ม PSU Alumni and General Student / นักศึกษาหรือนักเรียนต่างสถาบัน • คำนวณจาก 25 บาท/session x 2 session = 50 บาท กลุ่มผู้ใช้ที่ตรวจเจอ: PSU Alumni and General Student / นักศึกษาหรือนักเรียนต่างสถาบัน / มหาลัยอื่น รายละเอียดจากตาราง: PC 1 ชั่วโมง (1 คน) • PSU Student and Staff: 0 บาท • PSU Alumni and General Student: 25 บาท • General Adult: 70 บาท หมายเหตุข้อมูล PC: ราคา PC เพิ่มจาก local service fee update 2026-07-27 แหล่งข้อมูล: https://esports.computing.psu.ac.th/wp-content/uploads/2026/01/PSU-Esports-Studio-phuket-SERVICE-FEE-2026.png,pipeline:deterministic_calculator_fast,service_fee/service_fee_query,100.0,True,0.5093,0,,,
MB-0008-SF-008,service_fee,psu_fact,บุคคลทั่วไป เล่น PC 30 นาที เสียกี่บาท,ระยะเวลาที่ถามคือ 30 นาที ใช้ 1 session ตามแพ็กเกจ PC 1 ชั่วโมง คำตอบราคา: 70 บาท สำหรับกลุ่ม General Adult / บุคคลทั่วไป • คำนวณจาก 70 บาท/session x 1 session = 70 บาท กลุ่มผู้ใช้ที่ตรวจเจอ: General Adult / บุคคลทั่วไป รายละเอียดจากตาราง: PC 1 ชั่วโมง (1 คน) • PSU Student and Staff: 0 บาท • PSU Alumni and General Student: 25 บาท • General Adult: 70 บาท หมายเหตุข้อมูล PC: ราคา PC เพิ่มจาก local service fee update 2026-07-27 แหล่งข้อมูล: https://esports.computing.psu.ac.th/wp-content/uploads/2026/01/PSU-Esports-Studio-phuket-SERVICE-FEE-2026.png,pipeline:deterministic_calculator_fast,service_fee/service_fee_query,100.0,True,0.428,0,,,
MB-0009-SF-009,service_fee,psu_fact,บุคคลทั่วไป เล่น PC 1 ชั่วโมง เสียกี่บาท,ระยะเวลาที่ถามคือ 1 ชั่วโมง ใช้ 1 session ตามแพ็กเกจ PC 1 ชั่วโมง คำตอบราคา: 70 บาท สำหรับกลุ่ม General Adult / บุคคลทั่วไป • คำนวณจาก 70 บาท/session x 1 session = 70 บาท กลุ่มผู้ใช้ที่ตรวจเจอ: General Adult / บุคคลทั่วไป รายละเอียดจากตาราง: PC 1 ชั่วโมง (1 คน) • PSU Student and Staff: 0 บาท • PSU Alumni and General Student: 25 บาท • General Adult: 70 บาท หมายเหตุข้อมูล PC: ราคา PC เพิ่มจาก local service fee update 2026-07-27 แหล่งข้อมูล: https://esports.computing.psu.ac.th/wp-content/uploads/2026/01/PSU-Esports-Studio-phuket-SERVICE-FEE-2026.png,pipeline:deterministic_calculator_fast,service_fee/service_fee_query,100.0,True,0.4487,0,,,
MB-0010-SF-010,service_fee,psu_fact,บุคคลทั่วไป เล่น PC 2 ชั่วโมง เสียกี่บาท,ระยะเวลาที่ถามคือ 2 ชั่วโมง ใช้ 2 session ตามแพ็กเกจ PC 1 ชั่วโมง คำตอบราคา: 140 บาท สำหรับกลุ่ม General Adult / บุคคลทั่วไป • คำนวณจาก 70 บาท/session x 2 session = 140 บาท กลุ่มผู้ใช้ที่ตรวจเจอ: General Adult / บุคคลทั่วไป รายละเอียดจากตาราง: PC 1 ชั่วโมง (1 คน) • PSU Student and Staff: 0 บาท • PSU Alumni and General Student: 25 บาท • General Adult: 70 บาท หมายเหตุข้อมูล PC: ราคา PC เพิ่มจาก local service fee update 2026-07-27 แหล่งข้อมูล: https://esports.computing.psu.ac.th/wp-content/uploads/2026/01/PSU-Esports-Studio-phuket-SERVICE-FEE-2026.png,pipeline:deterministic_calculator_fast,service_fee/service_fee_query,100.0,True,0.4252,0,,,
MB-0011-SF-011,service_fee,psu_fact,PS5 ราคาเท่าไหร่,"PlayStation 5 60 นาที (1 ชั่วโมง, 1-2 คน) • PSU Student and Staff: 0 บาท • PSU Alumni and General Student: 50 บาท • General Adult: 150 บาท แหล่งข้อมูล: https://esports.computing.psu.ac.th/wp-content/uploads/2026/01/PSU-Esports-Studio-phuket-SERVICE-FEE-2026.png",pipeline:deterministic_calculator_fast,service_fee/service_fee_query,100.0,True,0.2531,0,,,
MB-0012-SF-012,service_fee,psu_fact,นักศึกษา PSU เล่น PS5 30 นาที เสียกี่บาท,"ระยะเวลาที่ถามคือ 30 นาที ใช้ 1 session ตามแพ็กเกจ PlayStation 5 60 นาที คำตอบราคา: 0 บาท สำหรับกลุ่ม PSU Student and Staff • คำนวณจาก 0 บาท/session x 1 session = 0 บาท กลุ่มผู้ใช้ที่ตรวจเจอ: PSU Student and Staff รายละเอียดจากตาราง: PlayStation 5 60 นาที (1 ชั่วโมง, 1-2 คน) • PSU Student and Staff: 0 บาท • PSU Alumni and General Student: 50 บาท • General Adult: 150 บาท แหล่งข้อมูล: https://esports.computing.psu.ac.th/wp-content/uploads/2026/01/PSU-Esports-Studio-phuket-SERVICE-FEE-2026.png",pipeline:deterministic_calculator_fast,service_fee/service_fee_query,100.0,True,0.411,0,,,
MB-0013-SF-013,service_fee,psu_fact,นักศึกษา PSU เล่น PS5 1 ชั่วโมง เสียกี่บาท,"ระยะเวลาที่ถามคือ 1 ชั่วโมง ใช้ 1 session ตามแพ็กเกจ PlayStation 5 60 นาที คำตอบราคา: 0 บาท สำหรับกลุ่ม PSU Student and Staff • คำนวณจาก 0 บาท/session x 1 session = 0 บาท กลุ่มผู้ใช้ที่ตรวจเจอ: PSU Student and Staff รายละเอียดจากตาราง: PlayStation 5 60 นาที (1 ชั่วโมง, 1-2 คน) • PSU Student and Staff: 0 บาท • PSU Alumni and General Student: 50 บาท • General Adult: 150 บาท แหล่งข้อมูล: https://esports.computing.psu.ac.th/wp-content/uploads/2026/01/PSU-Esports-Studio-phuket-SERVICE-FEE-2026.png",pipeline:deterministic_calculator_fast,service_fee/service_fee_query,100.0,True,0.346,0,,,
MB-0014-SF-014,service_fee,psu_fact,นักศึกษา PSU เล่น PS5 2 ชั่วโมง เสียกี่บาท,"ระยะเวลาที่ถามคือ 2 ชั่วโมง ใช้ 2 session ตามแพ็กเกจ PlayStation 5 60 นาที คำตอบราคา: 0 บาท สำหรับกลุ่ม PSU Student and Staff • คำนวณจาก 0 บาท/session x 2 session = 0 บาท กลุ่มผู้ใช้ที่ตรวจเจอ: PSU Student and Staff รายละเอียดจากตาราง: PlayStation 5 60 นาที (1 ชั่วโมง, 1-2 คน) • PSU Student and Staff: 0 บาท • PSU Alumni and General Student: 50 บาท • General Adult: 150 บาท แหล่งข้อมูล: https://esports.computing.psu.ac.th/wp-content/uploads/2026/01/PSU-Esports-Studio-phuket-SERVICE-FEE-2026.png",pipeline:deterministic_calculator_fast,service_fee/service_fee_query,100.0,True,0.353,0,,,
MB-0015-SF-015,service_fee,psu_fact,นักศึกษาต่างมหาลัย เล่น PS5 30 นาที เสียกี่บาท,"ระยะเวลาที่ถามคือ 30 นาที ใช้ 1 session ตามแพ็กเกจ PlayStation 5 60 นาที คำตอบราคา: 50 บาท สำหรับกลุ่ม PSU Alumni and General Student / นักศึกษาหรือนักเรียนต่างสถาบัน • คำนวณจาก 50 บาท/session x 1 session = 50 บาท กลุ่มผู้ใช้ที่ตรวจเจอ: PSU Alumni and General Student / นักศึกษาหรือนักเรียนต่างสถาบัน / มหาลัยอื่น รายละเอียดจากตาราง: PlayStation 5 60 นาที (1 ชั่วโมง, 1-2 คน) • PSU Student and Staff: 0 บาท • PSU Alumni and General Student: 50 บาท • General Adult: 150 บาท แหล่งข้อมูล: https://esports.computing.psu.ac.th/wp-content/uploads/2026/01/PSU-Esports-Studio-phuket-SERVICE-FEE-2026.png",pipeline:deterministic_calculator_fast,service_fee/service_fee_query,100.0,True,0.3634,0,,,
MB-0016-SF-016,service_fee,psu_fact,นักศึกษาต่างมหาลัย เล่น PS5 1 ชั่วโมง เสียกี่บาท,"ระยะเวลาที่ถามคือ 1 ชั่วโมง ใช้ 1 session ตามแพ็กเกจ PlayStation 5 60 นาที คำตอบราคา: 50 บาท สำหรับกลุ่ม PSU Alumni and General Student / นักศึกษาหรือนักเรียนต่างสถาบัน • คำนวณจาก 50 บาท/session x 1 session = 50 บาท กลุ่มผู้ใช้ที่ตรวจเจอ: PSU Alumni and General Student / นักศึกษาหรือนักเรียนต่างสถาบัน / มหาลัยอื่น รายละเอียดจากตาราง: PlayStation 5 60 นาที (1 ชั่วโมง, 1-2 คน) • PSU Student and Staff: 0 บาท • PSU Alumni and General Student: 50 บาท • General Adult: 150 บาท แหล่งข้อมูล: https://esports.computing.psu.ac.th/wp-content/uploads/2026/01/PSU-Esports-Studio-phuket-SERVICE-FEE-2026.png",pipeline:deterministic_calculator_fast,service_fee/service_fee_query,100.0,True,0.307,0,,,
MB-0017-SF-017,service_fee,psu_fact,นักศึกษาต่างมหาลัย เล่น PS5 2 ชั่วโมง เสียกี่บาท,"ระยะเวลาที่ถามคือ 2 ชั่วโมง ใช้ 2 session ตามแพ็กเกจ PlayStation 5 60 นาที คำตอบราคา: 100 บาท สำหรับกลุ่ม PSU Alumni and General Student / นักศึกษาหรือนักเรียนต่างสถาบัน • คำนวณจาก 50 บาท/session x 2 session = 100 บาท กลุ่มผู้ใช้ที่ตรวจเจอ: PSU Alumni and General Student / นักศึกษาหรือนักเรียนต่างสถาบัน / มหาลัยอื่น รายละเอียดจากตาราง: PlayStation 5 60 นาที (1 ชั่วโมง, 1-2 คน) • PSU Student and Staff: 0 บาท • PSU Alumni and General Student: 50 บาท • General Adult: 150 บาท แหล่งข้อมูล: https://esports.computing.psu.ac.th/wp-content/uploads/2026/01/PSU-Esports-Studio-phuket-SERVICE-FEE-2026.png",pipeline:deterministic_calculator_fast,service_fee/service_fee_query,100.0,True,0.3816,0,,,
MB-0018-SF-018,service_fee,psu_fact,บุคคลทั่วไป เล่น PS5 30 นาที เสียกี่บาท,"ระยะเวลาที่ถามคือ 30 นาที ใช้ 1 session ตามแพ็กเกจ PlayStation 5 60 นาที คำตอบราคา: 150 บาท สำหรับกลุ่ม General Adult / บุคคลทั่วไป • คำนวณจาก 150 บาท/session x 1 session = 150 บาท กลุ่มผู้ใช้ที่ตรวจเจอ: General Adult / บุคคลทั่วไป รายละเอียดจากตาราง: PlayStation 5 60 นาที (1 ชั่วโมง, 1-2 คน) • PSU Student and Staff: 0 บาท • PSU Alumni and General Student: 50 บาท • General Adult: 150 บาท แหล่งข้อมูล: https://esports.computing.psu.ac.th/wp-content/uploads/2026/01/PSU-Esports-Studio-phuket-SERVICE-FEE-2026.png",pipeline:deterministic_calculator_fast,service_fee/service_fee_query,100.0,True,0.3418,0,,,
MB-0019-SF-019,service_fee,psu_fact,บุคคลทั่วไป เล่น PS5 1 ชั่วโมง เสียกี่บาท,"ระยะเวลาที่ถามคือ 1 ชั่วโมง ใช้ 1 session ตามแพ็กเกจ PlayStation 5 60 นาที คำตอบราคา: 150 บาท สำหรับกลุ่ม General Adult / บุคคลทั่วไป • คำนวณจาก 150 บาท/session x 1 session = 150 บาท กลุ่มผู้ใช้ที่ตรวจเจอ: General Adult / บุคคลทั่วไป รายละเอียดจากตาราง: PlayStation 5 60 นาที (1 ชั่วโมง, 1-2 คน) • PSU Student and Staff: 0 บาท • PSU Alumni and General Student: 50 บาท • General Adult: 150 บาท แหล่งข้อมูล: https://esports.computing.psu.ac.th/wp-content/uploads/2026/01/PSU-Esports-Studio-phuket-SERVICE-FEE-2026.png",pipeline:deterministic_calculator_fast,service_fee/service_fee_query,100.0,True,0.2927,0,,,
MB-0020-SF-020,service_fee,psu_fact,บุคคลทั่วไป เล่น PS5 2 ชั่วโมง เสียกี่บาท,"ระยะเวลาที่ถามคือ 2 ชั่วโมง ใช้ 2 session ตามแพ็กเกจ PlayStation 5 60 นาที คำตอบราคา: 300 บาท สำหรับกลุ่ม General Adult / บุคคลทั่วไป • คำนวณจาก 150 บาท/session x 2 session = 300 บาท กลุ่มผู้ใช้ที่ตรวจเจอ: General Adult / บุคคลทั่วไป รายละเอียดจากตาราง: PlayStation 5 60 นาที (1 ชั่วโมง, 1-2 คน) • PSU Student and Staff: 0 บาท • PSU Alumni and General Student: 50 บาท • General Adult: 150 บาท แหล่งข้อมูล: https://esports.computing.psu.ac.th/wp-content/uploads/2026/01/PSU-Esports-Studio-phuket-SERVICE-FEE-2026.png",pipeline:deterministic_calculator_fast,service_fee/service_fee_query,100.0,True,0.3398,0,,,
MB-0021-SF-021,service_fee,psu_fact,Nintendo Switch ราคาเท่าไหร่,Nintendo Switch 1-2 คน 60 นาที (1 ชั่วโมง) • PSU Student and Staff: 0 บาท • PSU Alumni and General Student: 50 บาท • General Adult: 140 บาท Nintendo Switch 3-4 คน 60 นาที (1 ชั่วโมง) • PSU Student and Staff: 0 บาท • PSU Alumni and General Student: 100 บาท • General Adult: 280 บาท แหล่งข้อมูล: https://esports.computing.psu.ac.th/wp-content/uploads/2026/01/PSU-Esports-Studio-phuket-SERVICE-FEE-2026.png,pipeline:deterministic_calculator_fast,service_fee/service_fee_query,100.0,True,0.2775,0,,,
MB-0022-SF-022,service_fee,psu_fact,นักศึกษา PSU เล่น Nintendo Switch 30 นาที เสียกี่บาท,ราคา Nintendo Switch สำหรับกลุ่ม PSU Student and Staff • Nintendo Switch 1-2 คน: 0 บาท • Nintendo Switch 3-4 คน: 0 บาท กลุ่มผู้ใช้ที่ตรวจเจอ: PSU Student and Staff หมายเหตุ: คำถามยังไม่ระบุจำนวนผู้เล่น จึงแสดงทั้งราคา 1-2 คนและ 3-4 คน รายละเอียดจากตาราง: Nintendo Switch 1-2 คน 60 นาที (1 ชั่วโมง) • PSU Student and Staff: 0 บาท • PSU Alumni and General Student: 50 บาท • General Adult: 140 บาท Nintendo Switch 3-4 คน 60 นาที (1 ชั่วโมง) • PSU Student and Staff: 0 บาท • PSU Alumni and General Student: 100 บาท • General Adult: 280 บาท แหล่งข้อมูล: https://esports.computing.psu.ac.th/wp-content/uploads/2026/01/PSU-Esports-Studio-phuket-SERVICE-FEE-2026.png,pipeline:deterministic_calculator_fast,service_fee/service_fee_query,100.0,True,0.3959,0,,,
MB-0023-SF-023,service_fee,psu_fact,นักศึกษา PSU เล่น Nintendo Switch 1 ชั่วโมง เสียกี่บาท,ราคา Nintendo Switch สำหรับกลุ่ม PSU Student and Staff • Nintendo Switch 1-2 คน: 0 บาท • Nintendo Switch 3-4 คน: 0 บาท กลุ่มผู้ใช้ที่ตรวจเจอ: PSU Student and Staff หมายเหตุ: คำถามยังไม่ระบุจำนวนผู้เล่น จึงแสดงทั้งราคา 1-2 คนและ 3-4 คน รายละเอียดจากตาราง: Nintendo Switch 1-2 คน 60 นาที (1 ชั่วโมง) • PSU Student and Staff: 0 บาท • PSU Alumni and General Student: 50 บาท • General Adult: 140 บาท Nintendo Switch 3-4 คน 60 นาที (1 ชั่วโมง) • PSU Student and Staff: 0 บาท • PSU Alumni and General Student: 100 บาท • General Adult: 280 บาท แหล่งข้อมูล: https://esports.computing.psu.ac.th/wp-content/uploads/2026/01/PSU-Esports-Studio-phuket-SERVICE-FEE-2026.png,pipeline:deterministic_calculator_fast,service_fee/service_fee_query,100.0,True,0.4477,0,,,
MB-0024-SF-024,service_fee,psu_fact,นักศึกษา PSU เล่น Nintendo Switch 2 ชั่วโมง เสียกี่บาท,ราคา Nintendo Switch สำหรับกลุ่ม PSU Student and Staff • Nintendo Switch 1-2 คน: 0 บาท • Nintendo Switch 3-4 คน: 0 บาท กลุ่มผู้ใช้ที่ตรวจเจอ: PSU Student and Staff หมายเหตุ: คำถามยังไม่ระบุจำนวนผู้เล่น จึงแสดงทั้งราคา 1-2 คนและ 3-4 คน รายละเอียดจากตาราง: Nintendo Switch 1-2 คน 60 นาที (1 ชั่วโมง) • PSU Student and Staff: 0 บาท • PSU Alumni and General Student: 50 บาท • General Adult: 140 บาท Nintendo Switch 3-4 คน 60 นาที (1 ชั่วโมง) • PSU Student and Staff: 0 บาท • PSU Alumni and General Student: 100 บาท • General Adult: 280 บาท แหล่งข้อมูล: https://esports.computing.psu.ac.th/wp-content/uploads/2026/01/PSU-Esports-Studio-phuket-SERVICE-FEE-2026.png,pipeline:deterministic_calculator_fast,service_fee/service_fee_query,100.0,True,0.4507,0,,,
MB-0025-SF-025,service_fee,psu_fact,นักศึกษาต่างมหาลัย เล่น Nintendo Switch 30 นาที เสียกี่บาท,ราคา Nintendo Switch สำหรับกลุ่ม PSU Alumni and General Student / นักศึกษาหรือนักเรียนต่างสถาบัน • Nintendo Switch 1-2 คน: 50 บาท • Nintendo Switch 3-4 คน: 100 บาท กลุ่มผู้ใช้ที่ตรวจเจอ: PSU Alumni and General Student / นักศึกษาหรือนักเรียนต่างสถาบัน / มหาลัยอื่น หมายเหตุ: คำถามยังไม่ระบุจำนวนผู้เล่น จึงแสดงทั้งราคา 1-2 คนและ 3-4 คน รายละเอียดจากตาราง: Nintendo Switch 1-2 คน 60 นาที (1 ชั่วโมง) • PSU Student and Staff: 0 บาท • PSU Alumni and General Student: 50 บาท • General Adult: 140 บาท Nintendo Switch 3-4 คน 60 นาที (1 ชั่วโมง) • PSU Student and Staff: 0 บาท • PSU Alumni and General Student: 100 บาท • General Adult: 280 บาท แหล่งข้อมูล: https://esports.computing.psu.ac.th/wp-content/uplo,pipeline:deterministic_calculator_fast,service_fee/service_fee_query,100.0,True,0.4456,0,,,
MB-0026-SF-026,service_fee,psu_fact,นักศึกษาต่างมหาลัย เล่น Nintendo Switch 1 ชั่วโมง เสียกี่บาท,ราคา Nintendo Switch สำหรับกลุ่ม PSU Alumni and General Student / นักศึกษาหรือนักเรียนต่างสถาบัน • Nintendo Switch 1-2 คน: 50 บาท • Nintendo Switch 3-4 คน: 100 บาท กลุ่มผู้ใช้ที่ตรวจเจอ: PSU Alumni and General Student / นักศึกษาหรือนักเรียนต่างสถาบัน / มหาลัยอื่น หมายเหตุ: คำถามยังไม่ระบุจำนวนผู้เล่น จึงแสดงทั้งราคา 1-2 คนและ 3-4 คน รายละเอียดจากตาราง: Nintendo Switch 1-2 คน 60 นาที (1 ชั่วโมง) • PSU Student and Staff: 0 บาท • PSU Alumni and General Student: 50 บาท • General Adult: 140 บาท Nintendo Switch 3-4 คน 60 นาที (1 ชั่วโมง) • PSU Student and Staff: 0 บาท • PSU Alumni and General Student: 100 บาท • General Adult: 280 บาท แหล่งข้อมูล: https://esports.computing.psu.ac.th/wp-content/uplo,pipeline:deterministic_calculator_fast,service_fee/service_fee_query,100.0,True,0.4697,0,,,
MB-0027-SF-027,service_fee,psu_fact,นักศึกษาต่างมหาลัย เล่น Nintendo Switch 2 ชั่วโมง เสียกี่บาท,ราคา Nintendo Switch สำหรับกลุ่ม PSU Alumni and General Student / นักศึกษาหรือนักเรียนต่างสถาบัน • Nintendo Switch 1-2 คน: 50 บาท • Nintendo Switch 3-4 คน: 100 บาท กลุ่มผู้ใช้ที่ตรวจเจอ: PSU Alumni and General Student / นักศึกษาหรือนักเรียนต่างสถาบัน / มหาลัยอื่น หมายเหตุ: คำถามยังไม่ระบุจำนวนผู้เล่น จึงแสดงทั้งราคา 1-2 คนและ 3-4 คน รายละเอียดจากตาราง: Nintendo Switch 1-2 คน 60 นาที (1 ชั่วโมง) • PSU Student and Staff: 0 บาท • PSU Alumni and General Student: 50 บาท • General Adult: 140 บาท Nintendo Switch 3-4 คน 60 นาที (1 ชั่วโมง) • PSU Student and Staff: 0 บาท • PSU Alumni and General Student: 100 บาท • General Adult: 280 บาท แหล่งข้อมูล: https://esports.computing.psu.ac.th/wp-content/uplo,pipeline:deterministic_calculator_fast,service_fee/service_fee_query,100.0,True,0.4706,0,,,
MB-0028-SF-028,service_fee,psu_fact,บุคคลทั่วไป เล่น Nintendo Switch 30 นาที เสียกี่บาท,ราคา Nintendo Switch สำหรับกลุ่ม General Adult / บุคคลทั่วไป • Nintendo Switch 1-2 คน: 140 บาท • Nintendo Switch 3-4 คน: 280 บาท กลุ่มผู้ใช้ที่ตรวจเจอ: General Adult / บุคคลทั่วไป หมายเหตุ: คำถามยังไม่ระบุจำนวนผู้เล่น จึงแสดงทั้งราคา 1-2 คนและ 3-4 คน รายละเอียดจากตาราง: Nintendo Switch 1-2 คน 60 นาที (1 ชั่วโมง) • PSU Student and Staff: 0 บาท • PSU Alumni and General Student: 50 บาท • General Adult: 140 บาท Nintendo Switch 3-4 คน 60 นาที (1 ชั่วโมง) • PSU Student and Staff: 0 บาท • PSU Alumni and General Student: 100 บาท • General Adult: 280 บาท แหล่งข้อมูล: https://esports.computing.psu.ac.th/wp-content/uploads/2026/01/PSU-Esports-Studio-phuket-SERVICE-FEE-2026.png,pipeline:deterministic_calculator_fast,service_fee/service_fee_query,100.0,True,0.4149,0,,,
MB-0029-SF-029,service_fee,psu_fact,บุคคลทั่วไป เล่น Nintendo Switch 1 ชั่วโมง เสียกี่บาท,ราคา Nintendo Switch สำหรับกลุ่ม General Adult / บุคคลทั่วไป • Nintendo Switch 1-2 คน: 140 บาท • Nintendo Switch 3-4 คน: 280 บาท กลุ่มผู้ใช้ที่ตรวจเจอ: General Adult / บุคคลทั่วไป หมายเหตุ: คำถามยังไม่ระบุจำนวนผู้เล่น จึงแสดงทั้งราคา 1-2 คนและ 3-4 คน รายละเอียดจากตาราง: Nintendo Switch 1-2 คน 60 นาที (1 ชั่วโมง) • PSU Student and Staff: 0 บาท • PSU Alumni and General Student: 50 บาท • General Adult: 140 บาท Nintendo Switch 3-4 คน 60 นาที (1 ชั่วโมง) • PSU Student and Staff: 0 บาท • PSU Alumni and General Student: 100 บาท • General Adult: 280 บาท แหล่งข้อมูล: https://esports.computing.psu.ac.th/wp-content/uploads/2026/01/PSU-Esports-Studio-phuket-SERVICE-FEE-2026.png,pipeline:deterministic_calculator_fast,service_fee/service_fee_query,100.0,True,0.4369,0,,,
MB-0030-SF-030,service_fee,psu_fact,บุคคลทั่วไป เล่น Nintendo Switch 2 ชั่วโมง เสียกี่บาท,ราคา Nintendo Switch สำหรับกลุ่ม General Adult / บุคคลทั่วไป • Nintendo Switch 1-2 คน: 140 บาท • Nintendo Switch 3-4 คน: 280 บาท กลุ่มผู้ใช้ที่ตรวจเจอ: General Adult / บุคคลทั่วไป หมายเหตุ: คำถามยังไม่ระบุจำนวนผู้เล่น จึงแสดงทั้งราคา 1-2 คนและ 3-4 คน รายละเอียดจากตาราง: Nintendo Switch 1-2 คน 60 นาที (1 ชั่วโมง) • PSU Student and Staff: 0 บาท • PSU Alumni and General Student: 50 บาท • General Adult: 140 บาท Nintendo Switch 3-4 คน 60 นาที (1 ชั่วโมง) • PSU Student and Staff: 0 บาท • PSU Alumni and General Student: 100 บาท • General Adult: 280 บาท แหล่งข้อมูล: https://esports.computing.psu.ac.th/wp-content/uploads/2026/01/PSU-Esports-Studio-phuket-SERVICE-FEE-2026.png,pipeline:deterministic_calculator_fast,service_fee/service_fee_query,100.0,True,0.4542,0,,,
MB-0031-SF-031,service_fee,psu_fact,Cockpit ราคาเท่าไหร่,"Cockpit 60 นาที (1 ชั่วโมง, 1 คน) • PSU Student and Staff: 0 บาท • PSU Alumni and General Student: 65 บาท • General Adult: 200 บาท แหล่งข้อมูล: https://esports.computing.psu.ac.th/wp-content/uploads/2026/01/PSU-Esports-Studio-phuket-SERVICE-FEE-2026.png",pipeline:deterministic_calculator_fast,service_fee/service_fee_query,100.0,True,0.2821,0,,,
MB-0032-SF-032,service_fee,psu_fact,นักศึกษา PSU เล่น Cockpit 30 นาที เสียกี่บาท,"ระยะเวลาที่ถามคือ 30 นาที ใช้ 1 session ตามแพ็กเกจ Cockpit 60 นาที คำตอบราคา: 0 บาท สำหรับกลุ่ม PSU Student and Staff • คำนวณจาก 0 บาท/session x 1 session = 0 บาท กลุ่มผู้ใช้ที่ตรวจเจอ: PSU Student and Staff รายละเอียดจากตาราง: Cockpit 60 นาที (1 ชั่วโมง, 1 คน) • PSU Student and Staff: 0 บาท • PSU Alumni and General Student: 65 บาท • General Adult: 200 บาท แหล่งข้อมูล: https://esports.computing.psu.ac.th/wp-content/uploads/2026/01/PSU-Esports-Studio-phuket-SERVICE-FEE-2026.png",pipeline:deterministic_calculator_fast,service_fee/service_fee_query,100.0,True,0.3909,0,,,
MB-0033-SF-033,service_fee,psu_fact,นักศึกษา PSU เล่น Cockpit 1 ชั่วโมง เสียกี่บาท,"ระยะเวลาที่ถามคือ 1 ชั่วโมง ใช้ 1 session ตามแพ็กเกจ Cockpit 60 นาที คำตอบราคา: 0 บาท สำหรับกลุ่ม PSU Student and Staff • คำนวณจาก 0 บาท/session x 1 session = 0 บาท กลุ่มผู้ใช้ที่ตรวจเจอ: PSU Student and Staff รายละเอียดจากตาราง: Cockpit 60 นาที (1 ชั่วโมง, 1 คน) • PSU Student and Staff: 0 บาท • PSU Alumni and General Student: 65 บาท • General Adult: 200 บาท แหล่งข้อมูล: https://esports.computing.psu.ac.th/wp-content/uploads/2026/01/PSU-Esports-Studio-phuket-SERVICE-FEE-2026.png",pipeline:deterministic_calculator_fast,service_fee/service_fee_query,100.0,True,0.4258,0,,,
MB-0034-SF-034,service_fee,psu_fact,นักศึกษา PSU เล่น Cockpit 2 ชั่วโมง เสียกี่บาท,"ระยะเวลาที่ถามคือ 2 ชั่วโมง ใช้ 2 session ตามแพ็กเกจ Cockpit 60 นาที คำตอบราคา: 0 บาท สำหรับกลุ่ม PSU Student and Staff • คำนวณจาก 0 บาท/session x 2 session = 0 บาท กลุ่มผู้ใช้ที่ตรวจเจอ: PSU Student and Staff รายละเอียดจากตาราง: Cockpit 60 นาที (1 ชั่วโมง, 1 คน) • PSU Student and Staff: 0 บาท • PSU Alumni and General Student: 65 บาท • General Adult: 200 บาท แหล่งข้อมูล: https://esports.computing.psu.ac.th/wp-content/uploads/2026/01/PSU-Esports-Studio-phuket-SERVICE-FEE-2026.png",pipeline:deterministic_calculator_fast,service_fee/service_fee_query,100.0,True,0.3849,0,,,
MB-0035-SF-035,service_fee,psu_fact,นักศึกษาต่างมหาลัย เล่น Cockpit 30 นาที เสียกี่บาท,"ระยะเวลาที่ถามคือ 30 นาที ใช้ 1 session ตามแพ็กเกจ Cockpit 60 นาที คำตอบราคา: 65 บาท สำหรับกลุ่ม PSU Alumni and General Student / นักศึกษาหรือนักเรียนต่างสถาบัน • คำนวณจาก 65 บาท/session x 1 session = 65 บาท กลุ่มผู้ใช้ที่ตรวจเจอ: PSU Alumni and General Student / นักศึกษาหรือนักเรียนต่างสถาบัน / มหาลัยอื่น รายละเอียดจากตาราง: Cockpit 60 นาที (1 ชั่วโมง, 1 คน) • PSU Student and Staff: 0 บาท • PSU Alumni and General Student: 65 บาท • General Adult: 200 บาท แหล่งข้อมูล: https://esports.computing.psu.ac.th/wp-content/uploads/2026/01/PSU-Esports-Studio-phuket-SERVICE-FEE-2026.png",pipeline:deterministic_calculator_fast,service_fee/service_fee_query,100.0,True,0.4528,0,,,
MB-0036-SF-036,service_fee,psu_fact,นักศึกษาต่างมหาลัย เล่น Cockpit 1 ชั่วโมง เสียกี่บาท,"ระยะเวลาที่ถามคือ 1 ชั่วโมง ใช้ 1 session ตามแพ็กเกจ Cockpit 60 นาที คำตอบราคา: 65 บาท สำหรับกลุ่ม PSU Alumni and General Student / นักศึกษาหรือนักเรียนต่างสถาบัน • คำนวณจาก 65 บาท/session x 1 session = 65 บาท กลุ่มผู้ใช้ที่ตรวจเจอ: PSU Alumni and General Student / นักศึกษาหรือนักเรียนต่างสถาบัน / มหาลัยอื่น รายละเอียดจากตาราง: Cockpit 60 นาที (1 ชั่วโมง, 1 คน) • PSU Student and Staff: 0 บาท • PSU Alumni and General Student: 65 บาท • General Adult: 200 บาท แหล่งข้อมูล: https://esports.computing.psu.ac.th/wp-content/uploads/2026/01/PSU-Esports-Studio-phuket-SERVICE-FEE-2026.png",pipeline:deterministic_calculator_fast,service_fee/service_fee_query,100.0,True,0.4464,0,,,
MB-0037-SF-037,service_fee,psu_fact,นักศึกษาต่างมหาลัย เล่น Cockpit 2 ชั่วโมง เสียกี่บาท,"ระยะเวลาที่ถามคือ 2 ชั่วโมง ใช้ 2 session ตามแพ็กเกจ Cockpit 60 นาที คำตอบราคา: 130 บาท สำหรับกลุ่ม PSU Alumni and General Student / นักศึกษาหรือนักเรียนต่างสถาบัน • คำนวณจาก 65 บาท/session x 2 session = 130 บาท กลุ่มผู้ใช้ที่ตรวจเจอ: PSU Alumni and General Student / นักศึกษาหรือนักเรียนต่างสถาบัน / มหาลัยอื่น รายละเอียดจากตาราง: Cockpit 60 นาที (1 ชั่วโมง, 1 คน) • PSU Student and Staff: 0 บาท • PSU Alumni and General Student: 65 บาท • General Adult: 200 บาท แหล่งข้อมูล: https://esports.computing.psu.ac.th/wp-content/uploads/2026/01/PSU-Esports-Studio-phuket-SERVICE-FEE-2026.png",pipeline:deterministic_calculator_fast,service_fee/service_fee_query,100.0,True,0.5116,0,,,
MB-0038-SF-038,service_fee,psu_fact,บุคคลทั่วไป เล่น Cockpit 30 นาที เสียกี่บาท,"ระยะเวลาที่ถามคือ 30 นาที ใช้ 1 session ตามแพ็กเกจ Cockpit 60 นาที คำตอบราคา: 200 บาท สำหรับกลุ่ม General Adult / บุคคลทั่วไป • คำนวณจาก 200 บาท/session x 1 session = 200 บาท กลุ่มผู้ใช้ที่ตรวจเจอ: General Adult / บุคคลทั่วไป รายละเอียดจากตาราง: Cockpit 60 นาที (1 ชั่วโมง, 1 คน) • PSU Student and Staff: 0 บาท • PSU Alumni and General Student: 65 บาท • General Adult: 200 บาท แหล่งข้อมูล: https://esports.computing.psu.ac.th/wp-content/uploads/2026/01/PSU-Esports-Studio-phuket-SERVICE-FEE-2026.png",pipeline:deterministic_calculator_fast,service_fee/service_fee_query,100.0,True,0.4728,0,,,
MB-0039-SF-039,service_fee,psu_fact,บุคคลทั่วไป เล่น Cockpit 1 ชั่วโมง เสียกี่บาท,"ระยะเวลาที่ถามคือ 1 ชั่วโมง ใช้ 1 session ตามแพ็กเกจ Cockpit 60 นาที คำตอบราคา: 200 บาท สำหรับกลุ่ม General Adult / บุคคลทั่วไป • คำนวณจาก 200 บาท/session x 1 session = 200 บาท กลุ่มผู้ใช้ที่ตรวจเจอ: General Adult / บุคคลทั่วไป รายละเอียดจากตาราง: Cockpit 60 นาที (1 ชั่วโมง, 1 คน) • PSU Student and Staff: 0 บาท • PSU Alumni and General Student: 65 บาท • General Adult: 200 บาท แหล่งข้อมูล: https://esports.computing.psu.ac.th/wp-content/uploads/2026/01/PSU-Esports-Studio-phuket-SERVICE-FEE-2026.png",pipeline:deterministic_calculator_fast,service_fee/service_fee_query,100.0,True,0.428,0,,,
MB-0040-SF-040,service_fee,psu_fact,บุคคลทั่วไป เล่น Cockpit 2 ชั่วโมง เสียกี่บาท,"ระยะเวลาที่ถามคือ 2 ชั่วโมง ใช้ 2 session ตามแพ็กเกจ Cockpit 60 นาที คำตอบราคา: 400 บาท สำหรับกลุ่ม General Adult / บุคคลทั่วไป • คำนวณจาก 200 บาท/session x 2 session = 400 บาท กลุ่มผู้ใช้ที่ตรวจเจอ: General Adult / บุคคลทั่วไป รายละเอียดจากตาราง: Cockpit 60 นาที (1 ชั่วโมง, 1 คน) • PSU Student and Staff: 0 บาท • PSU Alumni and General Student: 65 บาท • General Adult: 200 บาท แหล่งข้อมูล: https://esports.computing.psu.ac.th/wp-content/uploads/2026/01/PSU-Esports-Studio-phuket-SERVICE-FEE-2026.png",pipeline:deterministic_calculator_fast,service_fee/service_fee_query,100.0,True,0.4816,0,,,
MB-0041-SF-041,service_fee,psu_fact,VR ราคาเท่าไหร่,"VR 30 นาที (1-5 คน) • PSU Student and Staff: 0 บาท • PSU Alumni and General Student: 190 บาท • General Adult: 525 บาท VR 1 ชั่วโมง (60 นาที, 1-5 คน) • PSU Student and Staff: 0 บาท • PSU Alumni and General Student: 375 บาท • General Adult: 1,050 บาท แหล่งข้อมูล: https://esports.computing.psu.ac.th/wp-content/uploads/2026/01/PSU-Esports-Studio-phuket-SERVICE-FEE-2026.png",pipeline:deterministic_calculator_fast,service_fee/service_fee_query,100.0,True,0.2427,0,,,
MB-0042-SF-042,service_fee,psu_fact,นักศึกษา PSU เล่น VR 30 นาที เสียกี่บาท,ระยะเวลาที่ถามคือ 30 นาที ใช้ 1 session ตามแพ็กเกจ VR 30 นาที คำตอบราคา: 0 บาท สำหรับกลุ่ม PSU Student and Staff • คำนวณจาก 0 บาท/session x 1 session = 0 บาท กลุ่มผู้ใช้ที่ตรวจเจอ: PSU Student and Staff รายละเอียดจากตาราง: VR 30 นาที (1-5 คน) • PSU Student and Staff: 0 บาท • PSU Alumni and General Student: 190 บาท • General Adult: 525 บาท แหล่งข้อมูล: https://esports.computing.psu.ac.th/wp-content/uploads/2026/01/PSU-Esports-Studio-phuket-SERVICE-FEE-2026.png,pipeline:deterministic_calculator_fast,service_fee/service_fee_query,100.0,True,0.4356,0,,,
MB-0043-SF-043,service_fee,psu_fact,นักศึกษา PSU เล่น VR 1 ชั่วโมง เสียกี่บาท,"ระยะเวลาที่ถามคือ 1 ชั่วโมง ใช้ 1 session ตามแพ็กเกจ VR 1 ชั่วโมง คำตอบราคา: 0 บาท สำหรับกลุ่ม PSU Student and Staff • คำนวณจาก 0 บาท/session x 1 session = 0 บาท กลุ่มผู้ใช้ที่ตรวจเจอ: PSU Student and Staff รายละเอียดจากตาราง: VR 1 ชั่วโมง (60 นาที, 1-5 คน) • PSU Student and Staff: 0 บาท • PSU Alumni and General Student: 375 บาท • General Adult: 1,050 บาท แหล่งข้อมูล: https://esports.computing.psu.ac.th/wp-content/uploads/2026/01/PSU-Esports-Studio-phuket-SERVICE-FEE-2026.png",pipeline:deterministic_calculator_fast,service_fee/service_fee_query,100.0,True,0.3852,0,,,
MB-0044-SF-044,service_fee,psu_fact,นักศึกษา PSU เล่น VR 2 ชั่วโมง เสียกี่บาท,"ราคา VR สำหรับกลุ่ม PSU Student and Staff • VR 30 นาที: 0 บาท • VR 1 ชั่วโมง: 0 บาท กลุ่มผู้ใช้ที่ตรวจเจอ: PSU Student and Staff หมายเหตุ: คำถามยังไม่ระบุระยะเวลา จึงแสดงทั้งราคา 30 นาทีและ 1 ชั่วโมง รายละเอียดจากตาราง: VR 30 นาที (1-5 คน) • PSU Student and Staff: 0 บาท • PSU Alumni and General Student: 190 บาท • General Adult: 525 บาท VR 1 ชั่วโมง (60 นาที, 1-5 คน) • PSU Student and Staff: 0 บาท • PSU Alumni and General Student: 375 บาท • General Adult: 1,050 บาท แหล่งข้อมูล: https://esports.computing.psu.ac.th/wp-content/uploads/2026/01/PSU-Esports-Studio-phuket-SERVICE-FEE-2026.png",pipeline:deterministic_calculator_fast,service_fee/service_fee_query,100.0,True,0.3785,0,,,
MB-0045-SF-045,service_fee,psu_fact,นักศึกษาต่างมหาลัย เล่น VR 30 นาที เสียกี่บาท,ระยะเวลาที่ถามคือ 30 นาที ใช้ 1 session ตามแพ็กเกจ VR 30 นาที คำตอบราคา: 190 บาท สำหรับกลุ่ม PSU Alumni and General Student / นักศึกษาหรือนักเรียนต่างสถาบัน • คำนวณจาก 190 บาท/session x 1 session = 190 บาท กลุ่มผู้ใช้ที่ตรวจเจอ: PSU Alumni and General Student / นักศึกษาหรือนักเรียนต่างสถาบัน / มหาลัยอื่น รายละเอียดจากตาราง: VR 30 นาที (1-5 คน) • PSU Student and Staff: 0 บาท • PSU Alumni and General Student: 190 บาท • General Adult: 525 บาท แหล่งข้อมูล: https://esports.computing.psu.ac.th/wp-content/uploads/2026/01/PSU-Esports-Studio-phuket-SERVICE-FEE-2026.png,pipeline:deterministic_calculator_fast,service_fee/service_fee_query,100.0,True,0.4216,0,,,
MB-0046-SF-046,service_fee,psu_fact,นักศึกษาต่างมหาลัย เล่น VR 1 ชั่วโมง เสียกี่บาท,"ระยะเวลาที่ถามคือ 1 ชั่วโมง ใช้ 1 session ตามแพ็กเกจ VR 1 ชั่วโมง คำตอบราคา: 375 บาท สำหรับกลุ่ม PSU Alumni and General Student / นักศึกษาหรือนักเรียนต่างสถาบัน • คำนวณจาก 375 บาท/session x 1 session = 375 บาท กลุ่มผู้ใช้ที่ตรวจเจอ: PSU Alumni and General Student / นักศึกษาหรือนักเรียนต่างสถาบัน / มหาลัยอื่น รายละเอียดจากตาราง: VR 1 ชั่วโมง (60 นาที, 1-5 คน) • PSU Student and Staff: 0 บาท • PSU Alumni and General Student: 375 บาท • General Adult: 1,050 บาท แหล่งข้อมูล: https://esports.computing.psu.ac.th/wp-content/uploads/2026/01/PSU-Esports-Studio-phuket-SERVICE-FEE-2026.png",pipeline:deterministic_calculator_fast,service_fee/service_fee_query,100.0,True,0.3749,0,,,
MB-0047-SF-047,service_fee,psu_fact,นักศึกษาต่างมหาลัย เล่น VR 2 ชั่วโมง เสียกี่บาท,"ราคา VR สำหรับกลุ่ม PSU Alumni and General Student / นักศึกษาหรือนักเรียนต่างสถาบัน • VR 30 นาที: 190 บาท • VR 1 ชั่วโมง: 375 บาท กลุ่มผู้ใช้ที่ตรวจเจอ: PSU Alumni and General Student / นักศึกษาหรือนักเรียนต่างสถาบัน / มหาลัยอื่น หมายเหตุ: คำถามยังไม่ระบุระยะเวลา จึงแสดงทั้งราคา 30 นาทีและ 1 ชั่วโมง รายละเอียดจากตาราง: VR 30 นาที (1-5 คน) • PSU Student and Staff: 0 บาท • PSU Alumni and General Student: 190 บาท • General Adult: 525 บาท VR 1 ชั่วโมง (60 นาที, 1-5 คน) • PSU Student and Staff: 0 บาท • PSU Alumni and General Student: 375 บาท • General Adult: 1,050 บาท แหล่งข้อมูล: https://esports.computing.psu.ac.th/wp-content/uploads/2026/01/PSU-Esports-Studio-phuket-SERVICE-FEE-2026.png",pipeline:deterministic_calculator_fast,service_fee/service_fee_query,100.0,True,0.3314,0,,,
MB-0048-SF-048,service_fee,psu_fact,บุคคลทั่วไป เล่น VR 30 นาที เสียกี่บาท,ระยะเวลาที่ถามคือ 30 นาที ใช้ 1 session ตามแพ็กเกจ VR 30 นาที คำตอบราคา: 525 บาท สำหรับกลุ่ม General Adult / บุคคลทั่วไป • คำนวณจาก 525 บาท/session x 1 session = 525 บาท กลุ่มผู้ใช้ที่ตรวจเจอ: General Adult / บุคคลทั่วไป รายละเอียดจากตาราง: VR 30 นาที (1-5 คน) • PSU Student and Staff: 0 บาท • PSU Alumni and General Student: 190 บาท • General Adult: 525 บาท แหล่งข้อมูล: https://esports.computing.psu.ac.th/wp-content/uploads/2026/01/PSU-Esports-Studio-phuket-SERVICE-FEE-2026.png,pipeline:deterministic_calculator_fast,service_fee/service_fee_query,100.0,True,0.3507,0,,,
MB-0049-SF-049,service_fee,psu_fact,บุคคลทั่วไป เล่น VR 1 ชั่วโมง เสียกี่บาท,"ระยะเวลาที่ถามคือ 1 ชั่วโมง ใช้ 1 session ตามแพ็กเกจ VR 1 ชั่วโมง คำตอบราคา: 1050 บาท สำหรับกลุ่ม General Adult / บุคคลทั่วไป • คำนวณจาก 1050 บาท/session x 1 session = 1050 บาท กลุ่มผู้ใช้ที่ตรวจเจอ: General Adult / บุคคลทั่วไป รายละเอียดจากตาราง: VR 1 ชั่วโมง (60 นาที, 1-5 คน) • PSU Student and Staff: 0 บาท • PSU Alumni and General Student: 375 บาท • General Adult: 1,050 บาท แหล่งข้อมูล: https://esports.computing.psu.ac.th/wp-content/uploads/2026/01/PSU-Esports-Studio-phuket-SERVICE-FEE-2026.png",pipeline:deterministic_calculator_fast,service_fee/service_fee_query,100.0,True,0.4114,0,,,
MB-0050-SF-050,service_fee,psu_fact,บุคคลทั่วไป เล่น VR 2 ชั่วโมง เสียกี่บาท,"ราคา VR สำหรับกลุ่ม General Adult / บุคคลทั่วไป • VR 30 นาที: 525 บาท • VR 1 ชั่วโมง: 1,050 บาท กลุ่มผู้ใช้ที่ตรวจเจอ: General Adult / บุคคลทั่วไป หมายเหตุ: คำถามยังไม่ระบุระยะเวลา จึงแสดงทั้งราคา 30 นาทีและ 1 ชั่วโมง รายละเอียดจากตาราง: VR 30 นาที (1-5 คน) • PSU Student and Staff: 0 บาท • PSU Alumni and General Student: 190 บาท • General Adult: 525 บาท VR 1 ชั่วโมง (60 นาที, 1-5 คน) • PSU Student and Staff: 0 บาท • PSU Alumni and General Student: 375 บาท • General Adult: 1,050 บาท แหล่งข้อมูล: https://esports.computing.psu.ac.th/wp-content/uploads/2026/01/PSU-Esports-Studio-phuket-SERVICE-FEE-2026.png",pipeline:deterministic_calculator_fast,service_fee/service_fee_query,100.0,True,0.4067,0,,,
MB-0051-SF-051,service_fee,psu_fact,ราคา PC กับ PS5 ต่างกันเท่าไหร่,"ราคา PC 1 ชั่วโมง กับ PlayStation 5 60 นาที ต่างกันดังนี้: • PSU Student and Staff: ราคาเท่ากันที่ 0 บาท (PC 1 ชั่วโมง 0 บาท / PlayStation 5 60 นาที 0 บาท) • PSU Alumni and General Student / นักศึกษาหรือนักเรียนต่างสถาบัน: PlayStation 5 60 นาที แพงกว่า 25 บาท (PC 1 ชั่วโมง 25 บาท / PlayStation 5 60 นาที 50 บาท) • General Adult / บุคคลทั่วไป: PlayStation 5 60 นาที แพงกว่า 80 บาท (PC 1 ชั่วโมง 70 บาท / PlayStation 5 60 นาที 150 บาท) รายละเอียดจากตาราง: PC 1 ชั่วโมง (1 คน) • PSU Student and Staff: 0 บาท • PSU Alumni and General Student: 25 บาท • General Adult: 70 บาท หมายเหตุข้อมูล PC: ราคา PC เพิ่มจาก local service fee update 2026-07-27 PlayStation 5 60 นาที (1 ชั่วโมง, 1-2 คน) • PSU Student a",pipeline:deterministic_calculator_fast,service_fee/service_fee_query,100.0,True,0.3086,0,,,
MB-0052-SF-052,service_fee,psu_fact,PS5 กับ Nintendo ราคาอันไหนแพงกว่า,"PlayStation 5 60 นาที (1 ชั่วโมง, 1-2 คน) • PSU Student and Staff: 0 บาท • PSU Alumni and General Student: 50 บาท • General Adult: 150 บาท Nintendo Switch 1-2 คน 60 นาที (1 ชั่วโมง) • PSU Student and Staff: 0 บาท • PSU Alumni and General Student: 50 บาท • General Adult: 140 บาท Nintendo Switch 3-4 คน 60 นาที (1 ชั่วโมง) • PSU Student and Staff: 0 บาท • PSU Alumni and General Student: 100 บาท • General Adult: 280 บาท แหล่งข้อมูล: https://esports.computing.psu.ac.th/wp-content/uploads/2026/01/PSU-Esports-Studio-phuket-SERVICE-FEE-2026.png",pipeline:deterministic_calculator_fast,service_fee/service_fee_query,100.0,True,0.3401,0,,,
MB-0053-SF-053,service_fee,psu_fact,VR 30 นาทีกับ VR 1 ชั่วโมงต่างกันยังไง,"ยังไม่ทราบกลุ่มผู้ใช้ จึงแสดงราคา VR ทุกกลุ่มให้เทียบก่อน VR 30 นาที (1-5 คน) • นักศึกษา/นักเรียน/บุคลากร PSU: 0 บาท • ศิษย์เก่า PSU / นักศึกษา-นักเรียนต่างสถาบัน (General Student): 190 บาท • บุคคลทั่วไป (General Adult): 525 บาท VR 1 ชั่วโมง (1-5 คน) • นักศึกษา/นักเรียน/บุคลากร PSU: 0 บาท • ศิษย์เก่า PSU / นักศึกษา-นักเรียนต่างสถาบัน (General Student): 375 บาท • บุคคลทั่วไป (General Adult): 1,050 บาท หมายเหตุ: คำถามเปรียบเทียบ VR 30 นาทีและ 1 ชั่วโมง จึงแสดงทั้งสองแพ็กเกจ แหล่งข้อมูล: https://esports.computing.psu.ac.th/wp-content/uploads/2026/01/PSU-Esports-Studio-phuket-SERVICE-FEE-2026.png",pipeline:structured_service_fee,service_fee/service_fee_query,100.0,True,0.9901,0,,,
MB-0054-SF-054,service_fee,psu_fact,ถ้าเล่น PC 3 ชั่วโมง บุคคลทั่วไปต้องจ่ายเท่าไหร่,ระยะเวลาที่ถามคือ 3 ชั่วโมง ใช้ 3 session ตามแพ็กเกจ PC 1 ชั่วโมง คำตอบราคา: 210 บาท สำหรับกลุ่ม General Adult / บุคคลทั่วไป • คำนวณจาก 70 บาท/session x 3 session = 210 บาท กลุ่มผู้ใช้ที่ตรวจเจอ: General Adult / บุคคลทั่วไป รายละเอียดจากตาราง: PC 1 ชั่วโมง (1 คน) • PSU Student and Staff: 0 บาท • PSU Alumni and General Student: 25 บาท • General Adult: 70 บาท หมายเหตุข้อมูล PC: ราคา PC เพิ่มจาก local service fee update 2026-07-27 แหล่งข้อมูล: https://esports.computing.psu.ac.th/wp-content/uploads/2026/01/PSU-Esports-Studio-phuket-SERVICE-FEE-2026.png,pipeline:deterministic_calculator_fast,service_fee/service_fee_query,100.0,True,0.3305,0,,,
MB-0055-SF-055,service_fee,psu_fact,ต่างมหาลัยเล่น Cockpit 2 ชั่วโมงกี่บาท,"ระยะเวลาที่ถามคือ 2 ชั่วโมง ใช้ 2 session ตามแพ็กเกจ Cockpit 60 นาที คำตอบราคา: 130 บาท สำหรับกลุ่ม PSU Alumni and General Student / นักศึกษาหรือนักเรียนต่างสถาบัน • คำนวณจาก 65 บาท/session x 2 session = 130 บาท กลุ่มผู้ใช้ที่ตรวจเจอ: PSU Alumni and General Student / นักศึกษาหรือนักเรียนต่างสถาบัน / มหาลัยอื่น รายละเอียดจากตาราง: Cockpit 60 นาที (1 ชั่วโมง, 1 คน) • PSU Student and Staff: 0 บาท • PSU Alumni and General Student: 65 บาท • General Adult: 200 บาท แหล่งข้อมูล: https://esports.computing.psu.ac.th/wp-content/uploads/2026/01/PSU-Esports-Studio-phuket-SERVICE-FEE-2026.png",pipeline:deterministic_calculator_fast,service_fee/service_fee_query,100.0,True,0.3056,0,,,
MB-0056-SF-056,service_fee,psu_fact,เด็ก ม.อ. เล่น Nintendo 4 คนเสียเงินไหม,ราคา 0 บาท สำหรับกลุ่ม PSU Student and Staff • Nintendo Switch 3-4 คน 60 นาที: 0 บาท กลุ่มผู้ใช้ที่ตรวจเจอ: PSU Student and Staff รายละเอียดจากตาราง: Nintendo Switch 3-4 คน 60 นาที (1 ชั่วโมง) • PSU Student and Staff: 0 บาท • PSU Alumni and General Student: 100 บาท • General Adult: 280 บาท แหล่งข้อมูล: https://esports.computing.psu.ac.th/wp-content/uploads/2026/01/PSU-Esports-Studio-phuket-SERVICE-FEE-2026.png,pipeline:deterministic_calculator_fast,service_fee/service_fee_query,100.0,True,0.3127,0,,,
MB-0057-SF-057,service_fee,psu_fact,General Adult เล่น VR 1 ชั่วโมงกี่บาท,"ระยะเวลาที่ถามคือ 1 ชั่วโมง ใช้ 1 session ตามแพ็กเกจ VR 1 ชั่วโมง ยังไม่ทราบกลุ่มผู้ใช้ จึงแสดงราคาทุกกลุ่มให้เทียบก่อน: • PSU Student and Staff: 0 บาท/session x 1 = 0 บาท • PSU Alumni and General Student / นักศึกษาหรือนักเรียนต่างสถาบัน: 375 บาท/session x 1 = 375 บาท • General Adult / บุคคลทั่วไป: 1050 บาท/session x 1 = 1050 บาท รายละเอียดจากตาราง: VR 1 ชั่วโมง (60 นาที, 1-5 คน) • PSU Student and Staff: 0 บาท • PSU Alumni and General Student: 375 บาท • General Adult: 1,050 บาท แหล่งข้อมูล: https://esports.computing.psu.ac.th/wp-content/uploads/2026/01/PSU-Esports-Studio-phuket-SERVICE-FEE-2026.png",pipeline:deterministic_calculator_fast,service_fee/service_fee_query,100.0,True,0.3567,0,,,
MB-0058-SF-058,service_fee,psu_fact,PSU Staff เล่น PC ต้องเสียเงินไหม,ราคา PC 1 ชั่วโมง สำหรับ PSU Student and Staff: 0 บาท กลุ่มผู้ใช้ที่ตรวจเจอ: PSU Student and Staff หมายเหตุข้อมูล PC: ราคา PC เพิ่มจาก local service fee update 2026-07-27 แหล่งข้อมูล: https://esports.computing.psu.ac.th/wp-content/uploads/2026/01/PSU-Esports-Studio-phuket-SERVICE-FEE-2026.png,pipeline:deterministic_calculator_fast,service_fee/service_fee_query,100.0,True,0.368,0,,,
MB-0059-SF-059,service_fee,psu_fact,VALORANT ราคาเท่าไหร่,VALORANT ไม่มีราคาแยกตามชื่อเกมครับ ต้องดูราคาตามโซน/บริการที่ใช้เล่นเกมนี้ PC Zone ยังไม่ทราบกลุ่มผู้ใช้ จึงแสดงราคาทุกกลุ่มให้เทียบก่อน PC 1 ชั่วโมง (1 คน) • นักศึกษา/นักเรียน/บุคลากร PSU: 0 บาท/1 ชั่วโมง • ศิษย์เก่า PSU / นักศึกษา-นักเรียนต่างสถาบัน (General Student): 25 บาท/1 ชั่วโมง • บุคคลทั่วไป (General Adult): 70 บาท/1 ชั่วโมง หมายเหตุข้อมูล PC: ราคา PC เพิ่มจาก local service fee update 2026-07-27 แหล่งข้อมูล: https://esports.computing.psu.ac.th/wp-content/uploads/2026/01/PSU-Esports-Studio-phuket-SERVICE-FEE-2026.png,pipeline:structured_service_fee_by_game,service_fee/service_fee_query,100.0,True,0.6589,0,,,
MB-0060-SF-060,service_fee,psu_fact,Counter-Strike 2 ราคาเท่าไหร่,Counter-Strike 2 ไม่มีราคาแยกตามชื่อเกมครับ ต้องดูราคาตามโซน/บริการที่ใช้เล่นเกมนี้ PC Zone ยังไม่ทราบกลุ่มผู้ใช้ จึงแสดงราคาทุกกลุ่มให้เทียบก่อน PC 1 ชั่วโมง (1 คน) • นักศึกษา/นักเรียน/บุคลากร PSU: 0 บาท/1 ชั่วโมง • ศิษย์เก่า PSU / นักศึกษา-นักเรียนต่างสถาบัน (General Student): 25 บาท/1 ชั่วโมง • บุคคลทั่วไป (General Adult): 70 บาท/1 ชั่วโมง หมายเหตุข้อมูล PC: ราคา PC เพิ่มจาก local service fee update 2026-07-27 แหล่งข้อมูล: https://esports.computing.psu.ac.th/wp-content/uploads/2026/01/PSU-Esports-Studio-phuket-SERVICE-FEE-2026.png,pipeline:structured_service_fee_by_game,service_fee/service_fee_query,100.0,True,0.5136,0,,,
MB-0061-SF-061,service_fee,psu_fact,PUBG: BATTLEGROUNDS ราคาเท่าไหร่,PUBG: BATTLEGROUNDS ไม่มีราคาแยกตามชื่อเกมครับ ต้องดูราคาตามโซน/บริการที่ใช้เล่นเกมนี้ PC Zone ยังไม่ทราบกลุ่มผู้ใช้ จึงแสดงราคาทุกกลุ่มให้เทียบก่อน PC 1 ชั่วโมง (1 คน) • นักศึกษา/นักเรียน/บุคลากร PSU: 0 บาท/1 ชั่วโมง • ศิษย์เก่า PSU / นักศึกษา-นักเรียนต่างสถาบัน (General Student): 25 บาท/1 ชั่วโมง • บุคคลทั่วไป (General Adult): 70 บาท/1 ชั่วโมง หมายเหตุข้อมูล PC: ราคา PC เพิ่มจาก local service fee update 2026-07-27 แหล่งข้อมูล: https://esports.computing.psu.ac.th/wp-content/uploads/2026/01/PSU-Esports-Studio-phuket-SERVICE-FEE-2026.png,pipeline:structured_service_fee_by_game,service_fee/service_fee_query,100.0,True,0.5127,0,,,
MB-0062-SF-062,service_fee,psu_fact,Call of Duty: Warzone ราคาเท่าไหร่,Call of Duty: Warzone ไม่มีราคาแยกตามชื่อเกมครับ ต้องดูราคาตามโซน/บริการที่ใช้เล่นเกมนี้ PC Zone ยังไม่ทราบกลุ่มผู้ใช้ จึงแสดงราคาทุกกลุ่มให้เทียบก่อน PC 1 ชั่วโมง (1 คน) • นักศึกษา/นักเรียน/บุคลากร PSU: 0 บาท/1 ชั่วโมง • ศิษย์เก่า PSU / นักศึกษา-นักเรียนต่างสถาบัน (General Student): 25 บาท/1 ชั่วโมง • บุคคลทั่วไป (General Adult): 70 บาท/1 ชั่วโมง หมายเหตุข้อมูล PC: ราคา PC เพิ่มจาก local service fee update 2026-07-27 แหล่งข้อมูล: https://esports.computing.psu.ac.th/wp-content/uploads/2026/01/PSU-Esports-Studio-phuket-SERVICE-FEE-2026.png,pipeline:structured_service_fee_by_game,service_fee/service_fee_query,100.0,True,0.4926,0,,,
MB-0063-SF-063,service_fee,psu_fact,League of Legends ราคาเท่าไหร่,League of Legends ไม่มีราคาแยกตามชื่อเกมครับ ต้องดูราคาตามโซน/บริการที่ใช้เล่นเกมนี้ PC Zone ยังไม่ทราบกลุ่มผู้ใช้ จึงแสดงราคาทุกกลุ่มให้เทียบก่อน PC 1 ชั่วโมง (1 คน) • นักศึกษา/นักเรียน/บุคลากร PSU: 0 บาท/1 ชั่วโมง • ศิษย์เก่า PSU / นักศึกษา-นักเรียนต่างสถาบัน (General Student): 25 บาท/1 ชั่วโมง • บุคคลทั่วไป (General Adult): 70 บาท/1 ชั่วโมง หมายเหตุข้อมูล PC: ราคา PC เพิ่มจาก local service fee update 2026-07-27 แหล่งข้อมูล: https://esports.computing.psu.ac.th/wp-content/uploads/2026/01/PSU-Esports-Studio-phuket-SERVICE-FEE-2026.png,pipeline:structured_service_fee_by_game,service_fee/service_fee_query,100.0,True,0.5782,0,,,
MB-0064-SF-064,service_fee,psu_fact,TEKKEN 8 ราคาเท่าไหร่,TEKKEN 8 ไม่มีราคาแยกตามชื่อเกมครับ ต้องดูราคาตามโซน/บริการที่ใช้เล่นเกมนี้ PC Zone ยังไม่ทราบกลุ่มผู้ใช้ จึงแสดงราคาทุกกลุ่มให้เทียบก่อน PC 1 ชั่วโมง (1 คน) • นักศึกษา/นักเรียน/บุคลากร PSU: 0 บาท/1 ชั่วโมง • ศิษย์เก่า PSU / นักศึกษา-นักเรียนต่างสถาบัน (General Student): 25 บาท/1 ชั่วโมง • บุคคลทั่วไป (General Adult): 70 บาท/1 ชั่วโมง หมายเหตุข้อมูล PC: ราคา PC เพิ่มจาก local service fee update 2026-07-27 แหล่งข้อมูล: https://esports.computing.psu.ac.th/wp-content/uploads/2026/01/PSU-Esports-Studio-phuket-SERVICE-FEE-2026.png PlayStation 5 Zone ยังไม่ทราบกลุ่มผู้ใช้ จึงแสดงราคาทุกกลุ่มให้เทียบก่อน PlayStation 5 1 ชั่วโมง (1-2 คน) • นักศึกษา/นักเรียน/บุคลากร PSU: 0 บาท/1 ชั่วโมง • ศิษย์เก่า P,pipeline:structured_service_fee_by_game,service_fee/service_fee_query,100.0,True,0.5285,0,,,
MB-0065-SF-065,service_fee,psu_fact,Marvel's Spider-Man 2 ราคาเท่าไหร่,Marvel's Spider-Man 2 ไม่มีราคาแยกตามชื่อเกมครับ ต้องดูราคาตามโซน/บริการที่ใช้เล่นเกมนี้ PlayStation 5 Zone ยังไม่ทราบกลุ่มผู้ใช้ จึงแสดงราคาทุกกลุ่มให้เทียบก่อน PlayStation 5 1 ชั่วโมง (1-2 คน) • นักศึกษา/นักเรียน/บุคลากร PSU: 0 บาท/1 ชั่วโมง • ศิษย์เก่า PSU / นักศึกษา-นักเรียนต่างสถาบัน (General Student): 50 บาท/1 ชั่วโมง • บุคคลทั่วไป (General Adult): 150 บาท/1 ชั่วโมง แหล่งข้อมูล: https://esports.computing.psu.ac.th/wp-content/uploads/2026/01/PSU-Esports-Studio-phuket-SERVICE-FEE-2026.png,pipeline:structured_service_fee_by_game,service_fee/service_fee_query,100.0,True,0.6236,0,,,
MB-0066-SF-066,service_fee,psu_fact,Fortnite ราคาเท่าไหร่,Fortnite ไม่มีราคาแยกตามชื่อเกมครับ ต้องดูราคาตามโซน/บริการที่ใช้เล่นเกมนี้ PlayStation 5 Zone ยังไม่ทราบกลุ่มผู้ใช้ จึงแสดงราคาทุกกลุ่มให้เทียบก่อน PlayStation 5 1 ชั่วโมง (1-2 คน) • นักศึกษา/นักเรียน/บุคลากร PSU: 0 บาท/1 ชั่วโมง • ศิษย์เก่า PSU / นักศึกษา-นักเรียนต่างสถาบัน (General Student): 50 บาท/1 ชั่วโมง • บุคคลทั่วไป (General Adult): 150 บาท/1 ชั่วโมง แหล่งข้อมูล: https://esports.computing.psu.ac.th/wp-content/uploads/2026/01/PSU-Esports-Studio-phuket-SERVICE-FEE-2026.png,pipeline:structured_service_fee_by_game,service_fee/service_fee_query,100.0,True,0.4937,0,,,
MB-0067-SF-067,service_fee,psu_fact,God of War Ragnarok ราคาเท่าไหร่,God of War Ragnarok ไม่มีราคาแยกตามชื่อเกมครับ ต้องดูราคาตามโซน/บริการที่ใช้เล่นเกมนี้ PlayStation 5 Zone ยังไม่ทราบกลุ่มผู้ใช้ จึงแสดงราคาทุกกลุ่มให้เทียบก่อน PlayStation 5 1 ชั่วโมง (1-2 คน) • นักศึกษา/นักเรียน/บุคลากร PSU: 0 บาท/1 ชั่วโมง • ศิษย์เก่า PSU / นักศึกษา-นักเรียนต่างสถาบัน (General Student): 50 บาท/1 ชั่วโมง • บุคคลทั่วไป (General Adult): 150 บาท/1 ชั่วโมง แหล่งข้อมูล: https://esports.computing.psu.ac.th/wp-content/uploads/2026/01/PSU-Esports-Studio-phuket-SERVICE-FEE-2026.png,pipeline:structured_service_fee_by_game,service_fee/service_fee_query,100.0,True,0.6892,0,,,
MB-0068-SF-068,service_fee,psu_fact,Beat Saber ราคาเท่าไหร่,"Beat Saber ไม่มีราคาแยกตามชื่อเกมครับ ต้องดูราคาตามโซน/บริการที่ใช้เล่นเกมนี้ VR Zone ยังไม่ทราบกลุ่มผู้ใช้ จึงแสดงราคา VR ทุกกลุ่มให้เทียบก่อน VR 30 นาที (1-5 คน) • นักศึกษา/นักเรียน/บุคลากร PSU: 0 บาท • ศิษย์เก่า PSU / นักศึกษา-นักเรียนต่างสถาบัน (General Student): 190 บาท • บุคคลทั่วไป (General Adult): 525 บาท VR 1 ชั่วโมง (1-5 คน) • นักศึกษา/นักเรียน/บุคลากร PSU: 0 บาท • ศิษย์เก่า PSU / นักศึกษา-นักเรียนต่างสถาบัน (General Student): 375 บาท • บุคคลทั่วไป (General Adult): 1,050 บาท หมายเหตุ: คำถามยังไม่ระบุระยะเวลา จึงแสดงทั้งราคา 30 นาทีและ 1 ชั่วโมง แหล่งข้อมูล: https://esports.computing.psu.ac.th/wp-content/uploads/2026/01/PSU-Esports-Studio-phuket-SERVICE-FEE-2026.png",pipeline:structured_service_fee_by_game,service_fee/service_fee_query,100.0,True,0.5325,0,,,
MB-0069-SF-069,service_fee,psu_fact,Horizon Call of the Mountain ราคาเท่าไหร่,"Horizon Call of the Mountain ไม่มีราคาแยกตามชื่อเกมครับ ต้องดูราคาตามโซน/บริการที่ใช้เล่นเกมนี้ VR Zone ยังไม่ทราบกลุ่มผู้ใช้ จึงแสดงราคา VR ทุกกลุ่มให้เทียบก่อน VR 30 นาที (1-5 คน) • นักศึกษา/นักเรียน/บุคลากร PSU: 0 บาท • ศิษย์เก่า PSU / นักศึกษา-นักเรียนต่างสถาบัน (General Student): 190 บาท • บุคคลทั่วไป (General Adult): 525 บาท VR 1 ชั่วโมง (1-5 คน) • นักศึกษา/นักเรียน/บุคลากร PSU: 0 บาท • ศิษย์เก่า PSU / นักศึกษา-นักเรียนต่างสถาบัน (General Student): 375 บาท • บุคคลทั่วไป (General Adult): 1,050 บาท หมายเหตุ: คำถามยังไม่ระบุระยะเวลา จึงแสดงทั้งราคา 30 นาทีและ 1 ชั่วโมง แหล่งข้อมูล: https://esports.computing.psu.ac.th/wp-content/uploads/2026/01/PSU-Esports-Studio-phuket-SERVICE-FEE-2026.pn",pipeline:structured_service_fee_by_game,service_fee/service_fee_query,100.0,True,0.6398,0,,,
MB-0070-SF-070,service_fee,psu_fact,Gran Turismo 7 ราคาเท่าไหร่,Gran Turismo 7 ไม่มีราคาแยกตามชื่อเกมครับ ต้องดูราคาตามโซน/บริการที่ใช้เล่นเกมนี้ Cockpit Zone ราคา Cockpit 1 ชั่วโมง (1 คน) สำหรับ ศิษย์เก่า PSU / นักศึกษา-นักเรียนต่างสถาบัน (General Student) • 65 บาท แหล่งข้อมูล: https://esports.computing.psu.ac.th/wp-content/uploads/2026/01/PSU-Esports-Studio-phuket-SERVICE-FEE-2026.png,pipeline:structured_service_fee_by_game,service_fee/service_fee_query,100.0,True,0.5066,0,,,
MB-0071-SF-071,service_fee,psu_fact,Call of Duty: Modern Warfare III ราคาเท่าไหร่,Call of Duty: Modern Warfare III ไม่มีราคาแยกตามชื่อเกมครับ ต้องดูราคาตามโซน/บริการที่ใช้เล่นเกมนี้ PlayStation 5 Zone ยังไม่ทราบกลุ่มผู้ใช้ จึงแสดงราคาทุกกลุ่มให้เทียบก่อน PlayStation 5 1 ชั่วโมง (1-2 คน) • นักศึกษา/นักเรียน/บุคลากร PSU: 0 บาท/1 ชั่วโมง • ศิษย์เก่า PSU / นักศึกษา-นักเรียนต่างสถาบัน (General Student): 50 บาท/1 ชั่วโมง • บุคคลทั่วไป (General Adult): 150 บาท/1 ชั่วโมง แหล่งข้อมูล: https://esports.computing.psu.ac.th/wp-content/uploads/2026/01/PSU-Esports-Studio-phuket-SERVICE-FEE-2026.png,pipeline:structured_service_fee_by_game,service_fee/service_fee_query,100.0,True,0.6097,0,,,
MB-0072-SF-072,service_fee,psu_fact,EA Sports FC 24 ราคาเท่าไหร่,EA Sports FC 24 ไม่มีราคาแยกตามชื่อเกมครับ ต้องดูราคาตามโซน/บริการที่ใช้เล่นเกมนี้ PlayStation 5 Zone ยังไม่ทราบกลุ่มผู้ใช้ จึงแสดงราคาทุกกลุ่มให้เทียบก่อน PlayStation 5 1 ชั่วโมง (1-2 คน) • นักศึกษา/นักเรียน/บุคลากร PSU: 0 บาท/1 ชั่วโมง • ศิษย์เก่า PSU / นักศึกษา-นักเรียนต่างสถาบัน (General Student): 50 บาท/1 ชั่วโมง • บุคคลทั่วไป (General Adult): 150 บาท/1 ชั่วโมง แหล่งข้อมูล: https://esports.computing.psu.ac.th/wp-content/uploads/2026/01/PSU-Esports-Studio-phuket-SERVICE-FEE-2026.png,pipeline:structured_service_fee_by_game,service_fee/service_fee_query,100.0,True,0.5316,0,,,
MB-0073-SF-073,service_fee,psu_fact,FINAL FANTASY XVI ราคาเท่าไหร่,FINAL FANTASY XVI ไม่มีราคาแยกตามชื่อเกมครับ ต้องดูราคาตามโซน/บริการที่ใช้เล่นเกมนี้ PlayStation 5 Zone ยังไม่ทราบกลุ่มผู้ใช้ จึงแสดงราคาทุกกลุ่มให้เทียบก่อน PlayStation 5 1 ชั่วโมง (1-2 คน) • นักศึกษา/นักเรียน/บุคลากร PSU: 0 บาท/1 ชั่วโมง • ศิษย์เก่า PSU / นักศึกษา-นักเรียนต่างสถาบัน (General Student): 50 บาท/1 ชั่วโมง • บุคคลทั่วไป (General Adult): 150 บาท/1 ชั่วโมง แหล่งข้อมูล: https://esports.computing.psu.ac.th/wp-content/uploads/2026/01/PSU-Esports-Studio-phuket-SERVICE-FEE-2026.png,pipeline:structured_service_fee_by_game,service_fee/service_fee_query,100.0,True,0.4456,0,,,
MB-0074-SF-074,service_fee,psu_fact,Hogwarts Legacy ราคาเท่าไหร่,Hogwarts Legacy ไม่มีราคาแยกตามชื่อเกมครับ ต้องดูราคาตามโซน/บริการที่ใช้เล่นเกมนี้ PlayStation 5 Zone ยังไม่ทราบกลุ่มผู้ใช้ จึงแสดงราคาทุกกลุ่มให้เทียบก่อน PlayStation 5 1 ชั่วโมง (1-2 คน) • นักศึกษา/นักเรียน/บุคลากร PSU: 0 บาท/1 ชั่วโมง • ศิษย์เก่า PSU / นักศึกษา-นักเรียนต่างสถาบัน (General Student): 50 บาท/1 ชั่วโมง • บุคคลทั่วไป (General Adult): 150 บาท/1 ชั่วโมง แหล่งข้อมูล: https://esports.computing.psu.ac.th/wp-content/uploads/2026/01/PSU-Esports-Studio-phuket-SERVICE-FEE-2026.png,pipeline:structured_service_fee_by_game,service_fee/service_fee_query,100.0,True,0.6009,0,,,
MB-0075-SF-075,service_fee,psu_fact,Resident Evil 4 ราคาเท่าไหร่,Resident Evil 4 ไม่มีราคาแยกตามชื่อเกมครับ ต้องดูราคาตามโซน/บริการที่ใช้เล่นเกมนี้ PlayStation 5 Zone ยังไม่ทราบกลุ่มผู้ใช้ จึงแสดงราคาทุกกลุ่มให้เทียบก่อน PlayStation 5 1 ชั่วโมง (1-2 คน) • นักศึกษา/นักเรียน/บุคลากร PSU: 0 บาท/1 ชั่วโมง • ศิษย์เก่า PSU / นักศึกษา-นักเรียนต่างสถาบัน (General Student): 50 บาท/1 ชั่วโมง • บุคคลทั่วไป (General Adult): 150 บาท/1 ชั่วโมง แหล่งข้อมูล: https://esports.computing.psu.ac.th/wp-content/uploads/2026/01/PSU-Esports-Studio-phuket-SERVICE-FEE-2026.png VR Zone ยังไม่ทราบกลุ่มผู้ใช้ จึงแสดงราคา VR ทุกกลุ่มให้เทียบก่อน VR 30 นาที (1-5 คน) • นักศึกษา/นักเรียน/บุคลากร PSU: 0 บาท • ศิษย์เก่า PSU / นักศึกษา-นักเรียนต่างสถาบัน (General Student): 190 บาท • บุคคลทั่,pipeline:structured_service_fee_by_game,service_fee/service_fee_query,100.0,True,0.5645,0,,,
MB-0076-SF-076,service_fee,psu_fact,Resident Evil Village ราคาเท่าไหร่,Resident Evil Village ไม่มีราคาแยกตามชื่อเกมครับ ต้องดูราคาตามโซน/บริการที่ใช้เล่นเกมนี้ PlayStation 5 Zone ยังไม่ทราบกลุ่มผู้ใช้ จึงแสดงราคาทุกกลุ่มให้เทียบก่อน PlayStation 5 1 ชั่วโมง (1-2 คน) • นักศึกษา/นักเรียน/บุคลากร PSU: 0 บาท/1 ชั่วโมง • ศิษย์เก่า PSU / นักศึกษา-นักเรียนต่างสถาบัน (General Student): 50 บาท/1 ชั่วโมง • บุคคลทั่วไป (General Adult): 150 บาท/1 ชั่วโมง แหล่งข้อมูล: https://esports.computing.psu.ac.th/wp-content/uploads/2026/01/PSU-Esports-Studio-phuket-SERVICE-FEE-2026.png VR Zone ยังไม่ทราบกลุ่มผู้ใช้ จึงแสดงราคา VR ทุกกลุ่มให้เทียบก่อน VR 30 นาที (1-5 คน) • นักศึกษา/นักเรียน/บุคลากร PSU: 0 บาท • ศิษย์เก่า PSU / นักศึกษา-นักเรียนต่างสถาบัน (General Student): 190 บาท • บุ,pipeline:structured_service_fee_by_game,service_fee/service_fee_query,100.0,True,0.7117,0,,,
MB-0077-SF-077,service_fee,psu_fact,NARUTO X BORUTO Ultimate Ninja Storm Connections ราคาเท่าไหร่,NARUTO X BORUTO Ultimate Ninja Storm Connections ไม่มีราคาแยกตามชื่อเกมครับ ต้องดูราคาตามโซน/บริการที่ใช้เล่นเกมนี้ PlayStation 5 Zone ยังไม่ทราบกลุ่มผู้ใช้ จึงแสดงราคาทุกกลุ่มให้เทียบก่อน PlayStation 5 1 ชั่วโมง (1-2 คน) • นักศึกษา/นักเรียน/บุคลากร PSU: 0 บาท/1 ชั่วโมง • ศิษย์เก่า PSU / นักศึกษา-นักเรียนต่างสถาบัน (General Student): 50 บาท/1 ชั่วโมง • บุคคลทั่วไป (General Adult): 150 บาท/1 ชั่วโมง แหล่งข้อมูล: https://esports.computing.psu.ac.th/wp-content/uploads/2026/01/PSU-Esports-Studio-phuket-SERVICE-FEE-2026.png,pipeline:structured_service_fee_by_game,service_fee/service_fee_query,100.0,True,1.133,0,,,
MB-0078-SF-078,service_fee,psu_fact,The Last of Us Part I / Part II ราคาเท่าไหร่,The Last of Us Part I ไม่มีราคาแยกตามชื่อเกมครับ ต้องดูราคาตามโซน/บริการที่ใช้เล่นเกมนี้ PlayStation 5 Zone ยังไม่ทราบกลุ่มผู้ใช้ จึงแสดงราคาทุกกลุ่มให้เทียบก่อน PlayStation 5 1 ชั่วโมง (1-2 คน) • นักศึกษา/นักเรียน/บุคลากร PSU: 0 บาท/1 ชั่วโมง • ศิษย์เก่า PSU / นักศึกษา-นักเรียนต่างสถาบัน (General Student): 50 บาท/1 ชั่วโมง • บุคคลทั่วไป (General Adult): 150 บาท/1 ชั่วโมง แหล่งข้อมูล: https://esports.computing.psu.ac.th/wp-content/uploads/2026/01/PSU-Esports-Studio-phuket-SERVICE-FEE-2026.png,pipeline:structured_service_fee_by_game,service_fee/service_fee_query,100.0,True,1.0361,0,,,
MB-0079-SF-079,service_fee,psu_fact,Uncharted: Legacy of Thieves Collection ราคาเท่าไหร่,Uncharted: Legacy of Thieves Collection ไม่มีราคาแยกตามชื่อเกมครับ ต้องดูราคาตามโซน/บริการที่ใช้เล่นเกมนี้ PlayStation 5 Zone ยังไม่ทราบกลุ่มผู้ใช้ จึงแสดงราคาทุกกลุ่มให้เทียบก่อน PlayStation 5 1 ชั่วโมง (1-2 คน) • นักศึกษา/นักเรียน/บุคลากร PSU: 0 บาท/1 ชั่วโมง • ศิษย์เก่า PSU / นักศึกษา-นักเรียนต่างสถาบัน (General Student): 50 บาท/1 ชั่วโมง • บุคคลทั่วไป (General Adult): 150 บาท/1 ชั่วโมง แหล่งข้อมูล: https://esports.computing.psu.ac.th/wp-content/uploads/2026/01/PSU-Esports-Studio-phuket-SERVICE-FEE-2026.png,pipeline:structured_service_fee_by_game,service_fee/service_fee_query,100.0,True,0.9338,0,,,
MB-0080-SF-080,service_fee,psu_fact,Mario Kart 8 Deluxe ราคาเท่าไหร่,Mario Kart 8 Deluxe ไม่มีราคาแยกตามชื่อเกมครับ ต้องดูราคาตามโซน/บริการที่ใช้เล่นเกมนี้ Nintendo Switch Zone ยังไม่ทราบกลุ่มผู้ใช้ จึงแสดงราคา Nintendo Switch ทุกกลุ่มให้เทียบก่อน Nintendo Switch 1 ชั่วโมง (1-2 คน) • นักศึกษา/นักเรียน/บุคลากร PSU: 0 บาท • ศิษย์เก่า PSU / นักศึกษา-นักเรียนต่างสถาบัน (General Student): 50 บาท • บุคคลทั่วไป (General Adult): 140 บาท Nintendo Switch 1 ชั่วโมง (3-4 คน) • นักศึกษา/นักเรียน/บุคลากร PSU: 0 บาท • ศิษย์เก่า PSU / นักศึกษา-นักเรียนต่างสถาบัน (General Student): 100 บาท • บุคคลทั่วไป (General Adult): 280 บาท หมายเหตุ: คำถามยังไม่ระบุจำนวนผู้เล่น จึงแสดงทั้งราคา 1-2 คนและ 3-4 คน แหล่งข้อมูล: https://esports.computing.psu.ac.th/wp-content/uploads/2026/01/PSU,pipeline:structured_service_fee_by_game,service_fee/service_fee_query,100.0,True,0.7616,0,,,
MB-0081-SF-081,service_fee,psu_fact,Overcooked 2 ราคาเท่าไหร่,Overcooked 2 / Overcooked! 2 ไม่มีราคาแยกตามชื่อเกมครับ ต้องดูราคาตามโซน/บริการที่ใช้เล่นเกมนี้ Nintendo Switch Zone ยังไม่ทราบกลุ่มผู้ใช้ จึงแสดงราคา Nintendo Switch ทุกกลุ่มให้เทียบก่อน Nintendo Switch 1 ชั่วโมง (1-2 คน) • นักศึกษา/นักเรียน/บุคลากร PSU: 0 บาท • ศิษย์เก่า PSU / นักศึกษา-นักเรียนต่างสถาบัน (General Student): 50 บาท • บุคคลทั่วไป (General Adult): 140 บาท Nintendo Switch 1 ชั่วโมง (3-4 คน) • นักศึกษา/นักเรียน/บุคลากร PSU: 0 บาท • ศิษย์เก่า PSU / นักศึกษา-นักเรียนต่างสถาบัน (General Student): 100 บาท • บุคคลทั่วไป (General Adult): 280 บาท หมายเหตุ: คำถามยังไม่ระบุจำนวนผู้เล่น จึงแสดงทั้งราคา 1-2 คนและ 3-4 คน แหล่งข้อมูล: https://esports.computing.psu.ac.th/wp-content/uploads/20,pipeline:structured_service_fee_by_game,service_fee/service_fee_query,100.0,True,0.787,0,,,
MB-0082-SF-082,service_fee,psu_fact,Super Smash Bros Ultimate ราคาเท่าไหร่,Super Smash Bros Ultimate ไม่มีราคาแยกตามชื่อเกมครับ ต้องดูราคาตามโซน/บริการที่ใช้เล่นเกมนี้ Nintendo Switch Zone ยังไม่ทราบกลุ่มผู้ใช้ จึงแสดงราคา Nintendo Switch ทุกกลุ่มให้เทียบก่อน Nintendo Switch 1 ชั่วโมง (1-2 คน) • นักศึกษา/นักเรียน/บุคลากร PSU: 0 บาท • ศิษย์เก่า PSU / นักศึกษา-นักเรียนต่างสถาบัน (General Student): 50 บาท • บุคคลทั่วไป (General Adult): 140 บาท Nintendo Switch 1 ชั่วโมง (3-4 คน) • นักศึกษา/นักเรียน/บุคลากร PSU: 0 บาท • ศิษย์เก่า PSU / นักศึกษา-นักเรียนต่างสถาบัน (General Student): 100 บาท • บุคคลทั่วไป (General Adult): 280 บาท หมายเหตุ: คำถามยังไม่ระบุจำนวนผู้เล่น จึงแสดงทั้งราคา 1-2 คนและ 3-4 คน แหล่งข้อมูล: https://esports.computing.psu.ac.th/wp-content/uploads/2026/,pipeline:structured_service_fee_by_game,service_fee/service_fee_query,100.0,True,0.9678,0,,,
MB-0083-SF-083,service_fee,psu_fact,Nintendo Switch Sports ราคาเท่าไหร่,Nintendo Switch Sports ไม่มีราคาแยกตามชื่อเกมครับ ต้องดูราคาตามโซน/บริการที่ใช้เล่นเกมนี้ Nintendo Switch Zone ยังไม่ทราบกลุ่มผู้ใช้ จึงแสดงราคา Nintendo Switch ทุกกลุ่มให้เทียบก่อน Nintendo Switch 1 ชั่วโมง (1-2 คน) • นักศึกษา/นักเรียน/บุคลากร PSU: 0 บาท • ศิษย์เก่า PSU / นักศึกษา-นักเรียนต่างสถาบัน (General Student): 50 บาท • บุคคลทั่วไป (General Adult): 140 บาท Nintendo Switch 1 ชั่วโมง (3-4 คน) • นักศึกษา/นักเรียน/บุคลากร PSU: 0 บาท • ศิษย์เก่า PSU / นักศึกษา-นักเรียนต่างสถาบัน (General Student): 100 บาท • บุคคลทั่วไป (General Adult): 280 บาท หมายเหตุ: คำถามยังไม่ระบุจำนวนผู้เล่น จึงแสดงทั้งราคา 1-2 คนและ 3-4 คน แหล่งข้อมูล: https://esports.computing.psu.ac.th/wp-content/uploads/2026/01/,pipeline:structured_service_fee_by_game,service_fee/service_fee_query,100.0,True,0.6877,0,,,
MB-0084-SF-084,service_fee,psu_fact,Animal Crossing: New Horizons ราคาเท่าไหร่,Animal Crossing: New Horizons ไม่มีราคาแยกตามชื่อเกมครับ ต้องดูราคาตามโซน/บริการที่ใช้เล่นเกมนี้ Nintendo Switch Zone ยังไม่ทราบกลุ่มผู้ใช้ จึงแสดงราคา Nintendo Switch ทุกกลุ่มให้เทียบก่อน Nintendo Switch 1 ชั่วโมง (1-2 คน) • นักศึกษา/นักเรียน/บุคลากร PSU: 0 บาท • ศิษย์เก่า PSU / นักศึกษา-นักเรียนต่างสถาบัน (General Student): 50 บาท • บุคคลทั่วไป (General Adult): 140 บาท Nintendo Switch 1 ชั่วโมง (3-4 คน) • นักศึกษา/นักเรียน/บุคลากร PSU: 0 บาท • ศิษย์เก่า PSU / นักศึกษา-นักเรียนต่างสถาบัน (General Student): 100 บาท • บุคคลทั่วไป (General Adult): 280 บาท หมายเหตุ: คำถามยังไม่ระบุจำนวนผู้เล่น จึงแสดงทั้งราคา 1-2 คนและ 3-4 คน แหล่งข้อมูล: https://esports.computing.psu.ac.th/wp-content/uploads/2,pipeline:structured_service_fee_by_game,service_fee/service_fee_query,100.0,True,0.9879,0,,,
MB-0085-SF-085,service_fee,psu_fact,It Takes Two ราคาเท่าไหร่,It Takes Two ไม่มีราคาแยกตามชื่อเกมครับ ต้องดูราคาตามโซน/บริการที่ใช้เล่นเกมนี้ Nintendo Switch Zone ยังไม่ทราบกลุ่มผู้ใช้ จึงแสดงราคา Nintendo Switch ทุกกลุ่มให้เทียบก่อน Nintendo Switch 1 ชั่วโมง (1-2 คน) • นักศึกษา/นักเรียน/บุคลากร PSU: 0 บาท • ศิษย์เก่า PSU / นักศึกษา-นักเรียนต่างสถาบัน (General Student): 50 บาท • บุคคลทั่วไป (General Adult): 140 บาท Nintendo Switch 1 ชั่วโมง (3-4 คน) • นักศึกษา/นักเรียน/บุคลากร PSU: 0 บาท • ศิษย์เก่า PSU / นักศึกษา-นักเรียนต่างสถาบัน (General Student): 100 บาท • บุคคลทั่วไป (General Adult): 280 บาท หมายเหตุ: คำถามยังไม่ระบุจำนวนผู้เล่น จึงแสดงทั้งราคา 1-2 คนและ 3-4 คน แหล่งข้อมูล: https://esports.computing.psu.ac.th/wp-content/uploads/2026/01/PSU-Esport,pipeline:structured_service_fee_by_game,service_fee/service_fee_query,100.0,True,0.8121,0,,,
MB-0086-SF-086,service_fee,psu_fact,Luigi's Mansion 3 ราคาเท่าไหร่,Luigi's Mansion 3 ไม่มีราคาแยกตามชื่อเกมครับ ต้องดูราคาตามโซน/บริการที่ใช้เล่นเกมนี้ Nintendo Switch Zone ยังไม่ทราบกลุ่มผู้ใช้ จึงแสดงราคา Nintendo Switch ทุกกลุ่มให้เทียบก่อน Nintendo Switch 1 ชั่วโมง (1-2 คน) • นักศึกษา/นักเรียน/บุคลากร PSU: 0 บาท • ศิษย์เก่า PSU / นักศึกษา-นักเรียนต่างสถาบัน (General Student): 50 บาท • บุคคลทั่วไป (General Adult): 140 บาท Nintendo Switch 1 ชั่วโมง (3-4 คน) • นักศึกษา/นักเรียน/บุคลากร PSU: 0 บาท • ศิษย์เก่า PSU / นักศึกษา-นักเรียนต่างสถาบัน (General Student): 100 บาท • บุคคลทั่วไป (General Adult): 280 บาท หมายเหตุ: คำถามยังไม่ระบุจำนวนผู้เล่น จึงแสดงทั้งราคา 1-2 คนและ 3-4 คน แหล่งข้อมูล: https://esports.computing.psu.ac.th/wp-content/uploads/2026/01/PSU-E,pipeline:structured_service_fee_by_game,service_fee/service_fee_query,100.0,True,0.8092,0,,,
MB-0087-SF-087,service_fee,psu_fact,Mario Party Superstars ราคาเท่าไหร่,Mario Party Superstars ไม่มีราคาแยกตามชื่อเกมครับ ต้องดูราคาตามโซน/บริการที่ใช้เล่นเกมนี้ Nintendo Switch Zone ยังไม่ทราบกลุ่มผู้ใช้ จึงแสดงราคา Nintendo Switch ทุกกลุ่มให้เทียบก่อน Nintendo Switch 1 ชั่วโมง (1-2 คน) • นักศึกษา/นักเรียน/บุคลากร PSU: 0 บาท • ศิษย์เก่า PSU / นักศึกษา-นักเรียนต่างสถาบัน (General Student): 50 บาท • บุคคลทั่วไป (General Adult): 140 บาท Nintendo Switch 1 ชั่วโมง (3-4 คน) • นักศึกษา/นักเรียน/บุคลากร PSU: 0 บาท • ศิษย์เก่า PSU / นักศึกษา-นักเรียนต่างสถาบัน (General Student): 100 บาท • บุคคลทั่วไป (General Adult): 280 บาท หมายเหตุ: คำถามยังไม่ระบุจำนวนผู้เล่น จึงแสดงทั้งราคา 1-2 คนและ 3-4 คน แหล่งข้อมูล: https://esports.computing.psu.ac.th/wp-content/uploads/2026/01/,pipeline:structured_service_fee_by_game,service_fee/service_fee_query,100.0,True,0.9451,0,,,
MB-0088-SF-088,service_fee,psu_fact,Monster Hunter Rise ราคาเท่าไหร่,Monster Hunter Rise ไม่มีราคาแยกตามชื่อเกมครับ ต้องดูราคาตามโซน/บริการที่ใช้เล่นเกมนี้ Nintendo Switch Zone ยังไม่ทราบกลุ่มผู้ใช้ จึงแสดงราคา Nintendo Switch ทุกกลุ่มให้เทียบก่อน Nintendo Switch 1 ชั่วโมง (1-2 คน) • นักศึกษา/นักเรียน/บุคลากร PSU: 0 บาท • ศิษย์เก่า PSU / นักศึกษา-นักเรียนต่างสถาบัน (General Student): 50 บาท • บุคคลทั่วไป (General Adult): 140 บาท Nintendo Switch 1 ชั่วโมง (3-4 คน) • นักศึกษา/นักเรียน/บุคลากร PSU: 0 บาท • ศิษย์เก่า PSU / นักศึกษา-นักเรียนต่างสถาบัน (General Student): 100 บาท • บุคคลทั่วไป (General Adult): 280 บาท หมายเหตุ: คำถามยังไม่ระบุจำนวนผู้เล่น จึงแสดงทั้งราคา 1-2 คนและ 3-4 คน แหล่งข้อมูล: https://esports.computing.psu.ac.th/wp-content/uploads/2026/01/PSU,pipeline:structured_service_fee_by_game,service_fee/service_fee_query,100.0,True,0.8033,0,,,
MB-1056-SF-089,service_fee,psu_fact,PSU Student เล่น PC 30 นาที เสียกี่บาท,ระยะเวลาที่ถามคือ 30 นาที ใช้ 1 session ตามแพ็กเกจ PC 1 ชั่วโมง คำตอบราคา: 0 บาท สำหรับกลุ่ม PSU Student and Staff • คำนวณจาก 0 บาท/session x 1 session = 0 บาท กลุ่มผู้ใช้ที่ตรวจเจอ: PSU Student and Staff รายละเอียดจากตาราง: PC 1 ชั่วโมง (1 คน) • PSU Student and Staff: 0 บาท • PSU Alumni and General Student: 25 บาท • General Adult: 70 บาท หมายเหตุข้อมูล PC: ราคา PC เพิ่มจาก local service fee update 2026-07-27 แหล่งข้อมูล: https://esports.computing.psu.ac.th/wp-content/uploads/2026/01/PSU-Esports-Studio-phuket-SERVICE-FEE-2026.png,pipeline:deterministic_calculator_fast,service_fee/service_fee_query,100.0,True,0.5233,0,,,
MB-1057-SF-090,service_fee,psu_fact,PSU Student เล่น PC 1 ชั่วโมง เสียกี่บาท,ระยะเวลาที่ถามคือ 1 ชั่วโมง ใช้ 1 session ตามแพ็กเกจ PC 1 ชั่วโมง คำตอบราคา: 0 บาท สำหรับกลุ่ม PSU Student and Staff • คำนวณจาก 0 บาท/session x 1 session = 0 บาท กลุ่มผู้ใช้ที่ตรวจเจอ: PSU Student and Staff รายละเอียดจากตาราง: PC 1 ชั่วโมง (1 คน) • PSU Student and Staff: 0 บาท • PSU Alumni and General Student: 25 บาท • General Adult: 70 บาท หมายเหตุข้อมูล PC: ราคา PC เพิ่มจาก local service fee update 2026-07-27 แหล่งข้อมูล: https://esports.computing.psu.ac.th/wp-content/uploads/2026/01/PSU-Esports-Studio-phuket-SERVICE-FEE-2026.png,pipeline:deterministic_calculator_fast,service_fee/service_fee_query,100.0,True,0.6254,0,,,
MB-1058-SF-091,service_fee,psu_fact,PSU Student เล่น PC 2 ชั่วโมง เสียกี่บาท,ระยะเวลาที่ถามคือ 2 ชั่วโมง ใช้ 2 session ตามแพ็กเกจ PC 1 ชั่วโมง คำตอบราคา: 0 บาท สำหรับกลุ่ม PSU Student and Staff • คำนวณจาก 0 บาท/session x 2 session = 0 บาท กลุ่มผู้ใช้ที่ตรวจเจอ: PSU Student and Staff รายละเอียดจากตาราง: PC 1 ชั่วโมง (1 คน) • PSU Student and Staff: 0 บาท • PSU Alumni and General Student: 25 บาท • General Adult: 70 บาท หมายเหตุข้อมูล PC: ราคา PC เพิ่มจาก local service fee update 2026-07-27 แหล่งข้อมูล: https://esports.computing.psu.ac.th/wp-content/uploads/2026/01/PSU-Esports-Studio-phuket-SERVICE-FEE-2026.png,pipeline:deterministic_calculator_fast,service_fee/service_fee_query,100.0,True,0.5549,0,,,
MB-1059-SF-092,service_fee,psu_fact,PSU Student เล่น PC 3 ชั่วโมง เสียกี่บาท,ระยะเวลาที่ถามคือ 3 ชั่วโมง ใช้ 3 session ตามแพ็กเกจ PC 1 ชั่วโมง คำตอบราคา: 0 บาท สำหรับกลุ่ม PSU Student and Staff • คำนวณจาก 0 บาท/session x 3 session = 0 บาท กลุ่มผู้ใช้ที่ตรวจเจอ: PSU Student and Staff รายละเอียดจากตาราง: PC 1 ชั่วโมง (1 คน) • PSU Student and Staff: 0 บาท • PSU Alumni and General Student: 25 บาท • General Adult: 70 บาท หมายเหตุข้อมูล PC: ราคา PC เพิ่มจาก local service fee update 2026-07-27 แหล่งข้อมูล: https://esports.computing.psu.ac.th/wp-content/uploads/2026/01/PSU-Esports-Studio-phuket-SERVICE-FEE-2026.png,pipeline:deterministic_calculator_fast,service_fee/service_fee_query,100.0,True,0.5222,0,,,
MB-1060-SF-093,service_fee,psu_fact,PSU Staff เล่น PC 30 นาที เสียกี่บาท,ระยะเวลาที่ถามคือ 30 นาที ใช้ 1 session ตามแพ็กเกจ PC 1 ชั่วโมง คำตอบราคา: 0 บาท สำหรับกลุ่ม PSU Student and Staff • คำนวณจาก 0 บาท/session x 1 session = 0 บาท กลุ่มผู้ใช้ที่ตรวจเจอ: PSU Student and Staff รายละเอียดจากตาราง: PC 1 ชั่วโมง (1 คน) • PSU Student and Staff: 0 บาท • PSU Alumni and General Student: 25 บาท • General Adult: 70 บาท หมายเหตุข้อมูล PC: ราคา PC เพิ่มจาก local service fee update 2026-07-27 แหล่งข้อมูล: https://esports.computing.psu.ac.th/wp-content/uploads/2026/01/PSU-Esports-Studio-phuket-SERVICE-FEE-2026.png,pipeline:deterministic_calculator_fast,service_fee/service_fee_query,100.0,True,0.4898,0,,,
MB-1061-SF-094,service_fee,psu_fact,PSU Staff เล่น PC 1 ชั่วโมง เสียกี่บาท,ระยะเวลาที่ถามคือ 1 ชั่วโมง ใช้ 1 session ตามแพ็กเกจ PC 1 ชั่วโมง คำตอบราคา: 0 บาท สำหรับกลุ่ม PSU Student and Staff • คำนวณจาก 0 บาท/session x 1 session = 0 บาท กลุ่มผู้ใช้ที่ตรวจเจอ: PSU Student and Staff รายละเอียดจากตาราง: PC 1 ชั่วโมง (1 คน) • PSU Student and Staff: 0 บาท • PSU Alumni and General Student: 25 บาท • General Adult: 70 บาท หมายเหตุข้อมูล PC: ราคา PC เพิ่มจาก local service fee update 2026-07-27 แหล่งข้อมูล: https://esports.computing.psu.ac.th/wp-content/uploads/2026/01/PSU-Esports-Studio-phuket-SERVICE-FEE-2026.png,pipeline:deterministic_calculator_fast,service_fee/service_fee_query,100.0,True,0.4749,0,,,
MB-1062-SF-095,service_fee,psu_fact,PSU Staff เล่น PC 2 ชั่วโมง เสียกี่บาท,ระยะเวลาที่ถามคือ 2 ชั่วโมง ใช้ 2 session ตามแพ็กเกจ PC 1 ชั่วโมง คำตอบราคา: 0 บาท สำหรับกลุ่ม PSU Student and Staff • คำนวณจาก 0 บาท/session x 2 session = 0 บาท กลุ่มผู้ใช้ที่ตรวจเจอ: PSU Student and Staff รายละเอียดจากตาราง: PC 1 ชั่วโมง (1 คน) • PSU Student and Staff: 0 บาท • PSU Alumni and General Student: 25 บาท • General Adult: 70 บาท หมายเหตุข้อมูล PC: ราคา PC เพิ่มจาก local service fee update 2026-07-27 แหล่งข้อมูล: https://esports.computing.psu.ac.th/wp-content/uploads/2026/01/PSU-Esports-Studio-phuket-SERVICE-FEE-2026.png,pipeline:deterministic_calculator_fast,service_fee/service_fee_query,100.0,True,0.517,0,,,
MB-1063-SF-096,service_fee,psu_fact,PSU Staff เล่น PC 3 ชั่วโมง เสียกี่บาท,ระยะเวลาที่ถามคือ 3 ชั่วโมง ใช้ 3 session ตามแพ็กเกจ PC 1 ชั่วโมง คำตอบราคา: 0 บาท สำหรับกลุ่ม PSU Student and Staff • คำนวณจาก 0 บาท/session x 3 session = 0 บาท กลุ่มผู้ใช้ที่ตรวจเจอ: PSU Student and Staff รายละเอียดจากตาราง: PC 1 ชั่วโมง (1 คน) • PSU Student and Staff: 0 บาท • PSU Alumni and General Student: 25 บาท • General Adult: 70 บาท หมายเหตุข้อมูล PC: ราคา PC เพิ่มจาก local service fee update 2026-07-27 แหล่งข้อมูล: https://esports.computing.psu.ac.th/wp-content/uploads/2026/01/PSU-Esports-Studio-phuket-SERVICE-FEE-2026.png,pipeline:deterministic_calculator_fast,service_fee/service_fee_query,100.0,True,0.4366,0,,,
MB-1064-SF-097,service_fee,psu_fact,Alumni เล่น PC 30 นาที เสียกี่บาท,ระยะเวลาที่ถามคือ 30 นาที ใช้ 1 session ตามแพ็กเกจ PC 1 ชั่วโมง ยังไม่ทราบกลุ่มผู้ใช้ จึงแสดงราคาทุกกลุ่มให้เทียบก่อน: • PSU Student and Staff: 0 บาท/session x 1 = 0 บาท • PSU Alumni and General Student / นักศึกษาหรือนักเรียนต่างสถาบัน: 25 บาท/session x 1 = 25 บาท • General Adult / บุคคลทั่วไป: 70 บาท/session x 1 = 70 บาท รายละเอียดจากตาราง: PC 1 ชั่วโมง (1 คน) • PSU Student and Staff: 0 บาท • PSU Alumni and General Student: 25 บาท • General Adult: 70 บาท หมายเหตุข้อมูล PC: ราคา PC เพิ่มจาก local service fee update 2026-07-27 แหล่งข้อมูล: https://esports.computing.psu.ac.th/wp-content/uploads/2026/01/PSU-Esports-Studio-phuket-SERVICE-FEE-2026.png,pipeline:deterministic_calculator_fast,service_fee/service_fee_query,100.0,True,0.4102,0,,,
MB-1065-SF-098,service_fee,psu_fact,Alumni เล่น PC 1 ชั่วโมง เสียกี่บาท,ระยะเวลาที่ถามคือ 1 ชั่วโมง ใช้ 1 session ตามแพ็กเกจ PC 1 ชั่วโมง ยังไม่ทราบกลุ่มผู้ใช้ จึงแสดงราคาทุกกลุ่มให้เทียบก่อน: • PSU Student and Staff: 0 บาท/session x 1 = 0 บาท • PSU Alumni and General Student / นักศึกษาหรือนักเรียนต่างสถาบัน: 25 บาท/session x 1 = 25 บาท • General Adult / บุคคลทั่วไป: 70 บาท/session x 1 = 70 บาท รายละเอียดจากตาราง: PC 1 ชั่วโมง (1 คน) • PSU Student and Staff: 0 บาท • PSU Alumni and General Student: 25 บาท • General Adult: 70 บาท หมายเหตุข้อมูล PC: ราคา PC เพิ่มจาก local service fee update 2026-07-27 แหล่งข้อมูล: https://esports.computing.psu.ac.th/wp-content/uploads/2026/01/PSU-Esports-Studio-phuket-SERVICE-FEE-2026.png,pipeline:deterministic_calculator_fast,service_fee/service_fee_query,100.0,True,0.5177,0,,,
MB-1066-SF-099,service_fee,psu_fact,Alumni เล่น PC 2 ชั่วโมง เสียกี่บาท,ระยะเวลาที่ถามคือ 2 ชั่วโมง ใช้ 2 session ตามแพ็กเกจ PC 1 ชั่วโมง ยังไม่ทราบกลุ่มผู้ใช้ จึงแสดงราคาทุกกลุ่มให้เทียบก่อน: • PSU Student and Staff: 0 บาท/session x 2 = 0 บาท • PSU Alumni and General Student / นักศึกษาหรือนักเรียนต่างสถาบัน: 25 บาท/session x 2 = 50 บาท • General Adult / บุคคลทั่วไป: 70 บาท/session x 2 = 140 บาท รายละเอียดจากตาราง: PC 1 ชั่วโมง (1 คน) • PSU Student and Staff: 0 บาท • PSU Alumni and General Student: 25 บาท • General Adult: 70 บาท หมายเหตุข้อมูล PC: ราคา PC เพิ่มจาก local service fee update 2026-07-27 แหล่งข้อมูล: https://esports.computing.psu.ac.th/wp-content/uploads/2026/01/PSU-Esports-Studio-phuket-SERVICE-FEE-2026.png,pipeline:deterministic_calculator_fast,service_fee/service_fee_query,100.0,True,0.4155,0,,,
MB-1067-SF-100,service_fee,psu_fact,Alumni เล่น PC 3 ชั่วโมง เสียกี่บาท,ระยะเวลาที่ถามคือ 3 ชั่วโมง ใช้ 3 session ตามแพ็กเกจ PC 1 ชั่วโมง ยังไม่ทราบกลุ่มผู้ใช้ จึงแสดงราคาทุกกลุ่มให้เทียบก่อน: • PSU Student and Staff: 0 บาท/session x 3 = 0 บาท • PSU Alumni and General Student / นักศึกษาหรือนักเรียนต่างสถาบัน: 25 บาท/session x 3 = 75 บาท • General Adult / บุคคลทั่วไป: 70 บาท/session x 3 = 210 บาท รายละเอียดจากตาราง: PC 1 ชั่วโมง (1 คน) • PSU Student and Staff: 0 บาท • PSU Alumni and General Student: 25 บาท • General Adult: 70 บาท หมายเหตุข้อมูล PC: ราคา PC เพิ่มจาก local service fee update 2026-07-27 แหล่งข้อมูล: https://esports.computing.psu.ac.th/wp-content/uploads/2026/01/PSU-Esports-Studio-phuket-SERVICE-FEE-2026.png,pipeline:deterministic_calculator_fast,service_fee/service_fee_query,100.0,True,0.4257,0,,,
MB-1068-SF-101,service_fee,psu_fact,General Student เล่น PC 30 นาที เสียกี่บาท,ระยะเวลาที่ถามคือ 30 นาที ใช้ 1 session ตามแพ็กเกจ PC 1 ชั่วโมง คำตอบราคา: 25 บาท สำหรับกลุ่ม PSU Alumni and General Student / นักศึกษาหรือนักเรียนต่างสถาบัน • คำนวณจาก 25 บาท/session x 1 session = 25 บาท กลุ่มผู้ใช้ที่ตรวจเจอ: PSU Alumni and General Student / นักศึกษาหรือนักเรียนต่างสถาบัน / มหาลัยอื่น รายละเอียดจากตาราง: PC 1 ชั่วโมง (1 คน) • PSU Student and Staff: 0 บาท • PSU Alumni and General Student: 25 บาท • General Adult: 70 บาท หมายเหตุข้อมูล PC: ราคา PC เพิ่มจาก local service fee update 2026-07-27 แหล่งข้อมูล: https://esports.computing.psu.ac.th/wp-content/uploads/2026/01/PSU-Esports-Studio-phuket-SERVICE-FEE-2026.png,pipeline:deterministic_calculator_fast,service_fee/service_fee_query,100.0,True,0.4782,0,,,
MB-1069-SF-102,service_fee,psu_fact,General Student เล่น PC 1 ชั่วโมง เสียกี่บาท,ระยะเวลาที่ถามคือ 1 ชั่วโมง ใช้ 1 session ตามแพ็กเกจ PC 1 ชั่วโมง คำตอบราคา: 25 บาท สำหรับกลุ่ม PSU Alumni and General Student / นักศึกษาหรือนักเรียนต่างสถาบัน • คำนวณจาก 25 บาท/session x 1 session = 25 บาท กลุ่มผู้ใช้ที่ตรวจเจอ: PSU Alumni and General Student / นักศึกษาหรือนักเรียนต่างสถาบัน / มหาลัยอื่น รายละเอียดจากตาราง: PC 1 ชั่วโมง (1 คน) • PSU Student and Staff: 0 บาท • PSU Alumni and General Student: 25 บาท • General Adult: 70 บาท หมายเหตุข้อมูล PC: ราคา PC เพิ่มจาก local service fee update 2026-07-27 แหล่งข้อมูล: https://esports.computing.psu.ac.th/wp-content/uploads/2026/01/PSU-Esports-Studio-phuket-SERVICE-FEE-2026.png,pipeline:deterministic_calculator_fast,service_fee/service_fee_query,100.0,True,0.4202,0,,,
MB-1070-SF-103,service_fee,psu_fact,General Student เล่น PC 2 ชั่วโมง เสียกี่บาท,ระยะเวลาที่ถามคือ 2 ชั่วโมง ใช้ 2 session ตามแพ็กเกจ PC 1 ชั่วโมง คำตอบราคา: 50 บาท สำหรับกลุ่ม PSU Alumni and General Student / นักศึกษาหรือนักเรียนต่างสถาบัน • คำนวณจาก 25 บาท/session x 2 session = 50 บาท กลุ่มผู้ใช้ที่ตรวจเจอ: PSU Alumni and General Student / นักศึกษาหรือนักเรียนต่างสถาบัน / มหาลัยอื่น รายละเอียดจากตาราง: PC 1 ชั่วโมง (1 คน) • PSU Student and Staff: 0 บาท • PSU Alumni and General Student: 25 บาท • General Adult: 70 บาท หมายเหตุข้อมูล PC: ราคา PC เพิ่มจาก local service fee update 2026-07-27 แหล่งข้อมูล: https://esports.computing.psu.ac.th/wp-content/uploads/2026/01/PSU-Esports-Studio-phuket-SERVICE-FEE-2026.png,pipeline:deterministic_calculator_fast,service_fee/service_fee_query,100.0,True,0.4348,0,,,
MB-1071-SF-104,service_fee,psu_fact,General Student เล่น PC 3 ชั่วโมง เสียกี่บาท,ระยะเวลาที่ถามคือ 3 ชั่วโมง ใช้ 3 session ตามแพ็กเกจ PC 1 ชั่วโมง คำตอบราคา: 75 บาท สำหรับกลุ่ม PSU Alumni and General Student / นักศึกษาหรือนักเรียนต่างสถาบัน • คำนวณจาก 25 บาท/session x 3 session = 75 บาท กลุ่มผู้ใช้ที่ตรวจเจอ: PSU Alumni and General Student / นักศึกษาหรือนักเรียนต่างสถาบัน / มหาลัยอื่น รายละเอียดจากตาราง: PC 1 ชั่วโมง (1 คน) • PSU Student and Staff: 0 บาท • PSU Alumni and General Student: 25 บาท • General Adult: 70 บาท หมายเหตุข้อมูล PC: ราคา PC เพิ่มจาก local service fee update 2026-07-27 แหล่งข้อมูล: https://esports.computing.psu.ac.th/wp-content/uploads/2026/01/PSU-Esports-Studio-phuket-SERVICE-FEE-2026.png,pipeline:deterministic_calculator_fast,service_fee/service_fee_query,100.0,True,0.3652,0,,,
MB-1072-SF-105,service_fee,psu_fact,General Adult เล่น PC 30 นาที เสียกี่บาท,ระยะเวลาที่ถามคือ 30 นาที ใช้ 1 session ตามแพ็กเกจ PC 1 ชั่วโมง ยังไม่ทราบกลุ่มผู้ใช้ จึงแสดงราคาทุกกลุ่มให้เทียบก่อน: • PSU Student and Staff: 0 บาท/session x 1 = 0 บาท • PSU Alumni and General Student / นักศึกษาหรือนักเรียนต่างสถาบัน: 25 บาท/session x 1 = 25 บาท • General Adult / บุคคลทั่วไป: 70 บาท/session x 1 = 70 บาท รายละเอียดจากตาราง: PC 1 ชั่วโมง (1 คน) • PSU Student and Staff: 0 บาท • PSU Alumni and General Student: 25 บาท • General Adult: 70 บาท หมายเหตุข้อมูล PC: ราคา PC เพิ่มจาก local service fee update 2026-07-27 แหล่งข้อมูล: https://esports.computing.psu.ac.th/wp-content/uploads/2026/01/PSU-Esports-Studio-phuket-SERVICE-FEE-2026.png,pipeline:deterministic_calculator_fast,service_fee/service_fee_query,100.0,True,0.3567,0,,,
MB-1073-SF-106,service_fee,psu_fact,General Adult เล่น PC 1 ชั่วโมง เสียกี่บาท,ระยะเวลาที่ถามคือ 1 ชั่วโมง ใช้ 1 session ตามแพ็กเกจ PC 1 ชั่วโมง ยังไม่ทราบกลุ่มผู้ใช้ จึงแสดงราคาทุกกลุ่มให้เทียบก่อน: • PSU Student and Staff: 0 บาท/session x 1 = 0 บาท • PSU Alumni and General Student / นักศึกษาหรือนักเรียนต่างสถาบัน: 25 บาท/session x 1 = 25 บาท • General Adult / บุคคลทั่วไป: 70 บาท/session x 1 = 70 บาท รายละเอียดจากตาราง: PC 1 ชั่วโมง (1 คน) • PSU Student and Staff: 0 บาท • PSU Alumni and General Student: 25 บาท • General Adult: 70 บาท หมายเหตุข้อมูล PC: ราคา PC เพิ่มจาก local service fee update 2026-07-27 แหล่งข้อมูล: https://esports.computing.psu.ac.th/wp-content/uploads/2026/01/PSU-Esports-Studio-phuket-SERVICE-FEE-2026.png,pipeline:deterministic_calculator_fast,service_fee/service_fee_query,100.0,True,0.3537,0,,,
MB-1074-SF-107,service_fee,psu_fact,General Adult เล่น PC 2 ชั่วโมง เสียกี่บาท,ระยะเวลาที่ถามคือ 2 ชั่วโมง ใช้ 2 session ตามแพ็กเกจ PC 1 ชั่วโมง ยังไม่ทราบกลุ่มผู้ใช้ จึงแสดงราคาทุกกลุ่มให้เทียบก่อน: • PSU Student and Staff: 0 บาท/session x 2 = 0 บาท • PSU Alumni and General Student / นักศึกษาหรือนักเรียนต่างสถาบัน: 25 บาท/session x 2 = 50 บาท • General Adult / บุคคลทั่วไป: 70 บาท/session x 2 = 140 บาท รายละเอียดจากตาราง: PC 1 ชั่วโมง (1 คน) • PSU Student and Staff: 0 บาท • PSU Alumni and General Student: 25 บาท • General Adult: 70 บาท หมายเหตุข้อมูล PC: ราคา PC เพิ่มจาก local service fee update 2026-07-27 แหล่งข้อมูล: https://esports.computing.psu.ac.th/wp-content/uploads/2026/01/PSU-Esports-Studio-phuket-SERVICE-FEE-2026.png,pipeline:deterministic_calculator_fast,service_fee/service_fee_query,100.0,True,0.355,0,,,
MB-1075-SF-108,service_fee,psu_fact,General Adult เล่น PC 3 ชั่วโมง เสียกี่บาท,ระยะเวลาที่ถามคือ 3 ชั่วโมง ใช้ 3 session ตามแพ็กเกจ PC 1 ชั่วโมง ยังไม่ทราบกลุ่มผู้ใช้ จึงแสดงราคาทุกกลุ่มให้เทียบก่อน: • PSU Student and Staff: 0 บาท/session x 3 = 0 บาท • PSU Alumni and General Student / นักศึกษาหรือนักเรียนต่างสถาบัน: 25 บาท/session x 3 = 75 บาท • General Adult / บุคคลทั่วไป: 70 บาท/session x 3 = 210 บาท รายละเอียดจากตาราง: PC 1 ชั่วโมง (1 คน) • PSU Student and Staff: 0 บาท • PSU Alumni and General Student: 25 บาท • General Adult: 70 บาท หมายเหตุข้อมูล PC: ราคา PC เพิ่มจาก local service fee update 2026-07-27 แหล่งข้อมูล: https://esports.computing.psu.ac.th/wp-content/uploads/2026/01/PSU-Esports-Studio-phuket-SERVICE-FEE-2026.png,pipeline:deterministic_calculator_fast,service_fee/service_fee_query,100.0,True,0.3531,0,,,
MB-1076-SF-109,service_fee,psu_fact,คนทั่วไป เล่น PC 30 นาที เสียกี่บาท,ระยะเวลาที่ถามคือ 30 นาที ใช้ 1 session ตามแพ็กเกจ PC 1 ชั่วโมง คำตอบราคา: 70 บาท สำหรับกลุ่ม General Adult / บุคคลทั่วไป • คำนวณจาก 70 บาท/session x 1 session = 70 บาท กลุ่มผู้ใช้ที่ตรวจเจอ: General Adult / บุคคลทั่วไป รายละเอียดจากตาราง: PC 1 ชั่วโมง (1 คน) • PSU Student and Staff: 0 บาท • PSU Alumni and General Student: 25 บาท • General Adult: 70 บาท หมายเหตุข้อมูล PC: ราคา PC เพิ่มจาก local service fee update 2026-07-27 แหล่งข้อมูล: https://esports.computing.psu.ac.th/wp-content/uploads/2026/01/PSU-Esports-Studio-phuket-SERVICE-FEE-2026.png,pipeline:deterministic_calculator_fast,service_fee/service_fee_query,100.0,True,0.2608,0,,,
MB-1077-SF-110,service_fee,psu_fact,คนทั่วไป เล่น PC 1 ชั่วโมง เสียกี่บาท,ระยะเวลาที่ถามคือ 1 ชั่วโมง ใช้ 1 session ตามแพ็กเกจ PC 1 ชั่วโมง คำตอบราคา: 70 บาท สำหรับกลุ่ม General Adult / บุคคลทั่วไป • คำนวณจาก 70 บาท/session x 1 session = 70 บาท กลุ่มผู้ใช้ที่ตรวจเจอ: General Adult / บุคคลทั่วไป รายละเอียดจากตาราง: PC 1 ชั่วโมง (1 คน) • PSU Student and Staff: 0 บาท • PSU Alumni and General Student: 25 บาท • General Adult: 70 บาท หมายเหตุข้อมูล PC: ราคา PC เพิ่มจาก local service fee update 2026-07-27 แหล่งข้อมูล: https://esports.computing.psu.ac.th/wp-content/uploads/2026/01/PSU-Esports-Studio-phuket-SERVICE-FEE-2026.png,pipeline:deterministic_calculator_fast,service_fee/service_fee_query,100.0,True,0.2768,0,,,
MB-1078-SF-111,service_fee,psu_fact,คนทั่วไป เล่น PC 2 ชั่วโมง เสียกี่บาท,ระยะเวลาที่ถามคือ 2 ชั่วโมง ใช้ 2 session ตามแพ็กเกจ PC 1 ชั่วโมง คำตอบราคา: 140 บาท สำหรับกลุ่ม General Adult / บุคคลทั่วไป • คำนวณจาก 70 บาท/session x 2 session = 140 บาท กลุ่มผู้ใช้ที่ตรวจเจอ: General Adult / บุคคลทั่วไป รายละเอียดจากตาราง: PC 1 ชั่วโมง (1 คน) • PSU Student and Staff: 0 บาท • PSU Alumni and General Student: 25 บาท • General Adult: 70 บาท หมายเหตุข้อมูล PC: ราคา PC เพิ่มจาก local service fee update 2026-07-27 แหล่งข้อมูล: https://esports.computing.psu.ac.th/wp-content/uploads/2026/01/PSU-Esports-Studio-phuket-SERVICE-FEE-2026.png,pipeline:deterministic_calculator_fast,service_fee/service_fee_query,100.0,True,0.305,0,,,
MB-1079-SF-112,service_fee,psu_fact,คนทั่วไป เล่น PC 3 ชั่วโมง เสียกี่บาท,ระยะเวลาที่ถามคือ 3 ชั่วโมง ใช้ 3 session ตามแพ็กเกจ PC 1 ชั่วโมง คำตอบราคา: 210 บาท สำหรับกลุ่ม General Adult / บุคคลทั่วไป • คำนวณจาก 70 บาท/session x 3 session = 210 บาท กลุ่มผู้ใช้ที่ตรวจเจอ: General Adult / บุคคลทั่วไป รายละเอียดจากตาราง: PC 1 ชั่วโมง (1 คน) • PSU Student and Staff: 0 บาท • PSU Alumni and General Student: 25 บาท • General Adult: 70 บาท หมายเหตุข้อมูล PC: ราคา PC เพิ่มจาก local service fee update 2026-07-27 แหล่งข้อมูล: https://esports.computing.psu.ac.th/wp-content/uploads/2026/01/PSU-Esports-Studio-phuket-SERVICE-FEE-2026.png,pipeline:deterministic_calculator_fast,service_fee/service_fee_query,100.0,True,0.3048,0,,,
MB-1080-SF-113,service_fee,psu_fact,นักศึกษา PSU เล่น PC 3 ชั่วโมง เสียกี่บาท,ระยะเวลาที่ถามคือ 3 ชั่วโมง ใช้ 3 session ตามแพ็กเกจ PC 1 ชั่วโมง คำตอบราคา: 0 บาท สำหรับกลุ่ม PSU Student and Staff • คำนวณจาก 0 บาท/session x 3 session = 0 บาท กลุ่มผู้ใช้ที่ตรวจเจอ: PSU Student and Staff รายละเอียดจากตาราง: PC 1 ชั่วโมง (1 คน) • PSU Student and Staff: 0 บาท • PSU Alumni and General Student: 25 บาท • General Adult: 70 บาท หมายเหตุข้อมูล PC: ราคา PC เพิ่มจาก local service fee update 2026-07-27 แหล่งข้อมูล: https://esports.computing.psu.ac.th/wp-content/uploads/2026/01/PSU-Esports-Studio-phuket-SERVICE-FEE-2026.png,pipeline:deterministic_calculator_fast,service_fee/service_fee_query,100.0,True,0.2855,0,,,
MB-1081-SF-114,service_fee,psu_fact,นักศึกษาต่างมหาลัย เล่น PC 3 ชั่วโมง เสียกี่บาท,ระยะเวลาที่ถามคือ 3 ชั่วโมง ใช้ 3 session ตามแพ็กเกจ PC 1 ชั่วโมง คำตอบราคา: 75 บาท สำหรับกลุ่ม PSU Alumni and General Student / นักศึกษาหรือนักเรียนต่างสถาบัน • คำนวณจาก 25 บาท/session x 3 session = 75 บาท กลุ่มผู้ใช้ที่ตรวจเจอ: PSU Alumni and General Student / นักศึกษาหรือนักเรียนต่างสถาบัน / มหาลัยอื่น รายละเอียดจากตาราง: PC 1 ชั่วโมง (1 คน) • PSU Student and Staff: 0 บาท • PSU Alumni and General Student: 25 บาท • General Adult: 70 บาท หมายเหตุข้อมูล PC: ราคา PC เพิ่มจาก local service fee update 2026-07-27 แหล่งข้อมูล: https://esports.computing.psu.ac.th/wp-content/uploads/2026/01/PSU-Esports-Studio-phuket-SERVICE-FEE-2026.png,pipeline:deterministic_calculator_fast,service_fee/service_fee_query,100.0,True,0.2871,0,,,
MB-1082-SF-115,service_fee,psu_fact,PSU Student เล่น PS5 30 นาที เสียกี่บาท,"ระยะเวลาที่ถามคือ 30 นาที ใช้ 1 session ตามแพ็กเกจ PlayStation 5 60 นาที คำตอบราคา: 0 บาท สำหรับกลุ่ม PSU Student and Staff • คำนวณจาก 0 บาท/session x 1 session = 0 บาท กลุ่มผู้ใช้ที่ตรวจเจอ: PSU Student and Staff รายละเอียดจากตาราง: PlayStation 5 60 นาที (1 ชั่วโมง, 1-2 คน) • PSU Student and Staff: 0 บาท • PSU Alumni and General Student: 50 บาท • General Adult: 150 บาท แหล่งข้อมูล: https://esports.computing.psu.ac.th/wp-content/uploads/2026/01/PSU-Esports-Studio-phuket-SERVICE-FEE-2026.png",pipeline:deterministic_calculator_fast,service_fee/service_fee_query,100.0,True,0.2982,0,,,
MB-1083-SF-116,service_fee,psu_fact,PSU Student เล่น PS5 1 ชั่วโมง เสียกี่บาท,"ระยะเวลาที่ถามคือ 1 ชั่วโมง ใช้ 1 session ตามแพ็กเกจ PlayStation 5 60 นาที คำตอบราคา: 0 บาท สำหรับกลุ่ม PSU Student and Staff • คำนวณจาก 0 บาท/session x 1 session = 0 บาท กลุ่มผู้ใช้ที่ตรวจเจอ: PSU Student and Staff รายละเอียดจากตาราง: PlayStation 5 60 นาที (1 ชั่วโมง, 1-2 คน) • PSU Student and Staff: 0 บาท • PSU Alumni and General Student: 50 บาท • General Adult: 150 บาท แหล่งข้อมูล: https://esports.computing.psu.ac.th/wp-content/uploads/2026/01/PSU-Esports-Studio-phuket-SERVICE-FEE-2026.png",pipeline:deterministic_calculator_fast,service_fee/service_fee_query,100.0,True,0.3181,0,,,
MB-1084-SF-117,service_fee,psu_fact,PSU Student เล่น PS5 2 ชั่วโมง เสียกี่บาท,"ระยะเวลาที่ถามคือ 2 ชั่วโมง ใช้ 2 session ตามแพ็กเกจ PlayStation 5 60 นาที คำตอบราคา: 0 บาท สำหรับกลุ่ม PSU Student and Staff • คำนวณจาก 0 บาท/session x 2 session = 0 บาท กลุ่มผู้ใช้ที่ตรวจเจอ: PSU Student and Staff รายละเอียดจากตาราง: PlayStation 5 60 นาที (1 ชั่วโมง, 1-2 คน) • PSU Student and Staff: 0 บาท • PSU Alumni and General Student: 50 บาท • General Adult: 150 บาท แหล่งข้อมูล: https://esports.computing.psu.ac.th/wp-content/uploads/2026/01/PSU-Esports-Studio-phuket-SERVICE-FEE-2026.png",pipeline:deterministic_calculator_fast,service_fee/service_fee_query,100.0,True,0.3037,0,,,
MB-1085-SF-118,service_fee,psu_fact,PSU Student เล่น PS5 3 ชั่วโมง เสียกี่บาท,"ระยะเวลาที่ถามคือ 3 ชั่วโมง ใช้ 3 session ตามแพ็กเกจ PlayStation 5 60 นาที คำตอบราคา: 0 บาท สำหรับกลุ่ม PSU Student and Staff • คำนวณจาก 0 บาท/session x 3 session = 0 บาท กลุ่มผู้ใช้ที่ตรวจเจอ: PSU Student and Staff รายละเอียดจากตาราง: PlayStation 5 60 นาที (1 ชั่วโมง, 1-2 คน) • PSU Student and Staff: 0 บาท • PSU Alumni and General Student: 50 บาท • General Adult: 150 บาท แหล่งข้อมูล: https://esports.computing.psu.ac.th/wp-content/uploads/2026/01/PSU-Esports-Studio-phuket-SERVICE-FEE-2026.png",pipeline:deterministic_calculator_fast,service_fee/service_fee_query,100.0,True,0.3173,0,,,
MB-1086-SF-119,service_fee,psu_fact,PSU Staff เล่น PS5 30 นาที เสียกี่บาท,"ระยะเวลาที่ถามคือ 30 นาที ใช้ 1 session ตามแพ็กเกจ PlayStation 5 60 นาที คำตอบราคา: 0 บาท สำหรับกลุ่ม PSU Student and Staff • คำนวณจาก 0 บาท/session x 1 session = 0 บาท กลุ่มผู้ใช้ที่ตรวจเจอ: PSU Student and Staff รายละเอียดจากตาราง: PlayStation 5 60 นาที (1 ชั่วโมง, 1-2 คน) • PSU Student and Staff: 0 บาท • PSU Alumni and General Student: 50 บาท • General Adult: 150 บาท แหล่งข้อมูล: https://esports.computing.psu.ac.th/wp-content/uploads/2026/01/PSU-Esports-Studio-phuket-SERVICE-FEE-2026.png",pipeline:deterministic_calculator_fast,service_fee/service_fee_query,100.0,True,0.2898,0,,,
MB-1087-SF-120,service_fee,psu_fact,PSU Staff เล่น PS5 1 ชั่วโมง เสียกี่บาท,"ระยะเวลาที่ถามคือ 1 ชั่วโมง ใช้ 1 session ตามแพ็กเกจ PlayStation 5 60 นาที คำตอบราคา: 0 บาท สำหรับกลุ่ม PSU Student and Staff • คำนวณจาก 0 บาท/session x 1 session = 0 บาท กลุ่มผู้ใช้ที่ตรวจเจอ: PSU Student and Staff รายละเอียดจากตาราง: PlayStation 5 60 นาที (1 ชั่วโมง, 1-2 คน) • PSU Student and Staff: 0 บาท • PSU Alumni and General Student: 50 บาท • General Adult: 150 บาท แหล่งข้อมูล: https://esports.computing.psu.ac.th/wp-content/uploads/2026/01/PSU-Esports-Studio-phuket-SERVICE-FEE-2026.png",pipeline:deterministic_calculator_fast,service_fee/service_fee_query,100.0,True,0.3235,0,,,
MB-1088-SF-121,service_fee,psu_fact,PSU Staff เล่น PS5 2 ชั่วโมง เสียกี่บาท,"ระยะเวลาที่ถามคือ 2 ชั่วโมง ใช้ 2 session ตามแพ็กเกจ PlayStation 5 60 นาที คำตอบราคา: 0 บาท สำหรับกลุ่ม PSU Student and Staff • คำนวณจาก 0 บาท/session x 2 session = 0 บาท กลุ่มผู้ใช้ที่ตรวจเจอ: PSU Student and Staff รายละเอียดจากตาราง: PlayStation 5 60 นาที (1 ชั่วโมง, 1-2 คน) • PSU Student and Staff: 0 บาท • PSU Alumni and General Student: 50 บาท • General Adult: 150 บาท แหล่งข้อมูล: https://esports.computing.psu.ac.th/wp-content/uploads/2026/01/PSU-Esports-Studio-phuket-SERVICE-FEE-2026.png",pipeline:deterministic_calculator_fast,service_fee/service_fee_query,100.0,True,0.3332,0,,,
MB-1089-SF-122,service_fee,psu_fact,PSU Staff เล่น PS5 3 ชั่วโมง เสียกี่บาท,"ระยะเวลาที่ถามคือ 3 ชั่วโมง ใช้ 3 session ตามแพ็กเกจ PlayStation 5 60 นาที คำตอบราคา: 0 บาท สำหรับกลุ่ม PSU Student and Staff • คำนวณจาก 0 บาท/session x 3 session = 0 บาท กลุ่มผู้ใช้ที่ตรวจเจอ: PSU Student and Staff รายละเอียดจากตาราง: PlayStation 5 60 นาที (1 ชั่วโมง, 1-2 คน) • PSU Student and Staff: 0 บาท • PSU Alumni and General Student: 50 บาท • General Adult: 150 บาท แหล่งข้อมูล: https://esports.computing.psu.ac.th/wp-content/uploads/2026/01/PSU-Esports-Studio-phuket-SERVICE-FEE-2026.png",pipeline:deterministic_calculator_fast,service_fee/service_fee_query,100.0,True,0.4042,0,,,
MB-1090-SF-123,service_fee,psu_fact,Alumni เล่น PS5 30 นาที เสียกี่บาท,"ระยะเวลาที่ถามคือ 30 นาที ใช้ 1 session ตามแพ็กเกจ PlayStation 5 60 นาที ยังไม่ทราบกลุ่มผู้ใช้ จึงแสดงราคาทุกกลุ่มให้เทียบก่อน: • PSU Student and Staff: 0 บาท/session x 1 = 0 บาท • PSU Alumni and General Student / นักศึกษาหรือนักเรียนต่างสถาบัน: 50 บาท/session x 1 = 50 บาท • General Adult / บุคคลทั่วไป: 150 บาท/session x 1 = 150 บาท รายละเอียดจากตาราง: PlayStation 5 60 นาที (1 ชั่วโมง, 1-2 คน) • PSU Student and Staff: 0 บาท • PSU Alumni and General Student: 50 บาท • General Adult: 150 บาท แหล่งข้อมูล: https://esports.computing.psu.ac.th/wp-content/uploads/2026/01/PSU-Esports-Studio-phuket-SERVICE-FEE-2026.png",pipeline:deterministic_calculator_fast,service_fee/service_fee_query,100.0,True,0.3935,0,,,
MB-1091-SF-124,service_fee,psu_fact,Alumni เล่น PS5 1 ชั่วโมง เสียกี่บาท,"ระยะเวลาที่ถามคือ 1 ชั่วโมง ใช้ 1 session ตามแพ็กเกจ PlayStation 5 60 นาที ยังไม่ทราบกลุ่มผู้ใช้ จึงแสดงราคาทุกกลุ่มให้เทียบก่อน: • PSU Student and Staff: 0 บาท/session x 1 = 0 บาท • PSU Alumni and General Student / นักศึกษาหรือนักเรียนต่างสถาบัน: 50 บาท/session x 1 = 50 บาท • General Adult / บุคคลทั่วไป: 150 บาท/session x 1 = 150 บาท รายละเอียดจากตาราง: PlayStation 5 60 นาที (1 ชั่วโมง, 1-2 คน) • PSU Student and Staff: 0 บาท • PSU Alumni and General Student: 50 บาท • General Adult: 150 บาท แหล่งข้อมูล: https://esports.computing.psu.ac.th/wp-content/uploads/2026/01/PSU-Esports-Studio-phuket-SERVICE-FEE-2026.png",pipeline:deterministic_calculator_fast,service_fee/service_fee_query,100.0,True,0.398,0,,,
MB-1092-SF-125,service_fee,psu_fact,Alumni เล่น PS5 2 ชั่วโมง เสียกี่บาท,"ระยะเวลาที่ถามคือ 2 ชั่วโมง ใช้ 2 session ตามแพ็กเกจ PlayStation 5 60 นาที ยังไม่ทราบกลุ่มผู้ใช้ จึงแสดงราคาทุกกลุ่มให้เทียบก่อน: • PSU Student and Staff: 0 บาท/session x 2 = 0 บาท • PSU Alumni and General Student / นักศึกษาหรือนักเรียนต่างสถาบัน: 50 บาท/session x 2 = 100 บาท • General Adult / บุคคลทั่วไป: 150 บาท/session x 2 = 300 บาท รายละเอียดจากตาราง: PlayStation 5 60 นาที (1 ชั่วโมง, 1-2 คน) • PSU Student and Staff: 0 บาท • PSU Alumni and General Student: 50 บาท • General Adult: 150 บาท แหล่งข้อมูล: https://esports.computing.psu.ac.th/wp-content/uploads/2026/01/PSU-Esports-Studio-phuket-SERVICE-FEE-2026.png",pipeline:deterministic_calculator_fast,service_fee/service_fee_query,100.0,True,0.3806,0,,,
MB-1093-SF-126,service_fee,psu_fact,Alumni เล่น PS5 3 ชั่วโมง เสียกี่บาท,"ระยะเวลาที่ถามคือ 3 ชั่วโมง ใช้ 3 session ตามแพ็กเกจ PlayStation 5 60 นาที ยังไม่ทราบกลุ่มผู้ใช้ จึงแสดงราคาทุกกลุ่มให้เทียบก่อน: • PSU Student and Staff: 0 บาท/session x 3 = 0 บาท • PSU Alumni and General Student / นักศึกษาหรือนักเรียนต่างสถาบัน: 50 บาท/session x 3 = 150 บาท • General Adult / บุคคลทั่วไป: 150 บาท/session x 3 = 450 บาท รายละเอียดจากตาราง: PlayStation 5 60 นาที (1 ชั่วโมง, 1-2 คน) • PSU Student and Staff: 0 บาท • PSU Alumni and General Student: 50 บาท • General Adult: 150 บาท แหล่งข้อมูล: https://esports.computing.psu.ac.th/wp-content/uploads/2026/01/PSU-Esports-Studio-phuket-SERVICE-FEE-2026.png",pipeline:deterministic_calculator_fast,service_fee/service_fee_query,100.0,True,0.3927,0,,,
MB-1094-SF-127,service_fee,psu_fact,General Student เล่น PS5 30 นาที เสียกี่บาท,"ระยะเวลาที่ถามคือ 30 นาที ใช้ 1 session ตามแพ็กเกจ PlayStation 5 60 นาที คำตอบราคา: 50 บาท สำหรับกลุ่ม PSU Alumni and General Student / นักศึกษาหรือนักเรียนต่างสถาบัน • คำนวณจาก 50 บาท/session x 1 session = 50 บาท กลุ่มผู้ใช้ที่ตรวจเจอ: PSU Alumni and General Student / นักศึกษาหรือนักเรียนต่างสถาบัน / มหาลัยอื่น รายละเอียดจากตาราง: PlayStation 5 60 นาที (1 ชั่วโมง, 1-2 คน) • PSU Student and Staff: 0 บาท • PSU Alumni and General Student: 50 บาท • General Adult: 150 บาท แหล่งข้อมูล: https://esports.computing.psu.ac.th/wp-content/uploads/2026/01/PSU-Esports-Studio-phuket-SERVICE-FEE-2026.png",pipeline:deterministic_calculator_fast,service_fee/service_fee_query,100.0,True,0.3754,0,,,
MB-1095-SF-128,service_fee,psu_fact,General Student เล่น PS5 1 ชั่วโมง เสียกี่บาท,"ระยะเวลาที่ถามคือ 1 ชั่วโมง ใช้ 1 session ตามแพ็กเกจ PlayStation 5 60 นาที คำตอบราคา: 50 บาท สำหรับกลุ่ม PSU Alumni and General Student / นักศึกษาหรือนักเรียนต่างสถาบัน • คำนวณจาก 50 บาท/session x 1 session = 50 บาท กลุ่มผู้ใช้ที่ตรวจเจอ: PSU Alumni and General Student / นักศึกษาหรือนักเรียนต่างสถาบัน / มหาลัยอื่น รายละเอียดจากตาราง: PlayStation 5 60 นาที (1 ชั่วโมง, 1-2 คน) • PSU Student and Staff: 0 บาท • PSU Alumni and General Student: 50 บาท • General Adult: 150 บาท แหล่งข้อมูล: https://esports.computing.psu.ac.th/wp-content/uploads/2026/01/PSU-Esports-Studio-phuket-SERVICE-FEE-2026.png",pipeline:deterministic_calculator_fast,service_fee/service_fee_query,100.0,True,0.3859,0,,,
MB-1096-SF-129,service_fee,psu_fact,General Student เล่น PS5 2 ชั่วโมง เสียกี่บาท,"ระยะเวลาที่ถามคือ 2 ชั่วโมง ใช้ 2 session ตามแพ็กเกจ PlayStation 5 60 นาที คำตอบราคา: 100 บาท สำหรับกลุ่ม PSU Alumni and General Student / นักศึกษาหรือนักเรียนต่างสถาบัน • คำนวณจาก 50 บาท/session x 2 session = 100 บาท กลุ่มผู้ใช้ที่ตรวจเจอ: PSU Alumni and General Student / นักศึกษาหรือนักเรียนต่างสถาบัน / มหาลัยอื่น รายละเอียดจากตาราง: PlayStation 5 60 นาที (1 ชั่วโมง, 1-2 คน) • PSU Student and Staff: 0 บาท • PSU Alumni and General Student: 50 บาท • General Adult: 150 บาท แหล่งข้อมูล: https://esports.computing.psu.ac.th/wp-content/uploads/2026/01/PSU-Esports-Studio-phuket-SERVICE-FEE-2026.png",pipeline:deterministic_calculator_fast,service_fee/service_fee_query,100.0,True,0.3494,0,,,
MB-1097-SF-130,service_fee,psu_fact,General Student เล่น PS5 3 ชั่วโมง เสียกี่บาท,"ระยะเวลาที่ถามคือ 3 ชั่วโมง ใช้ 3 session ตามแพ็กเกจ PlayStation 5 60 นาที คำตอบราคา: 150 บาท สำหรับกลุ่ม PSU Alumni and General Student / นักศึกษาหรือนักเรียนต่างสถาบัน • คำนวณจาก 50 บาท/session x 3 session = 150 บาท กลุ่มผู้ใช้ที่ตรวจเจอ: PSU Alumni and General Student / นักศึกษาหรือนักเรียนต่างสถาบัน / มหาลัยอื่น รายละเอียดจากตาราง: PlayStation 5 60 นาที (1 ชั่วโมง, 1-2 คน) • PSU Student and Staff: 0 บาท • PSU Alumni and General Student: 50 บาท • General Adult: 150 บาท แหล่งข้อมูล: https://esports.computing.psu.ac.th/wp-content/uploads/2026/01/PSU-Esports-Studio-phuket-SERVICE-FEE-2026.png",pipeline:deterministic_calculator_fast,service_fee/service_fee_query,100.0,True,0.3975,0,,,
MB-1098-SF-131,service_fee,psu_fact,General Adult เล่น PS5 30 นาที เสียกี่บาท,"ระยะเวลาที่ถามคือ 30 นาที ใช้ 1 session ตามแพ็กเกจ PlayStation 5 60 นาที ยังไม่ทราบกลุ่มผู้ใช้ จึงแสดงราคาทุกกลุ่มให้เทียบก่อน: • PSU Student and Staff: 0 บาท/session x 1 = 0 บาท • PSU Alumni and General Student / นักศึกษาหรือนักเรียนต่างสถาบัน: 50 บาท/session x 1 = 50 บาท • General Adult / บุคคลทั่วไป: 150 บาท/session x 1 = 150 บาท รายละเอียดจากตาราง: PlayStation 5 60 นาที (1 ชั่วโมง, 1-2 คน) • PSU Student and Staff: 0 บาท • PSU Alumni and General Student: 50 บาท • General Adult: 150 บาท แหล่งข้อมูล: https://esports.computing.psu.ac.th/wp-content/uploads/2026/01/PSU-Esports-Studio-phuket-SERVICE-FEE-2026.png",pipeline:deterministic_calculator_fast,service_fee/service_fee_query,100.0,True,0.3614,0,,,
MB-1099-SF-132,service_fee,psu_fact,General Adult เล่น PS5 1 ชั่วโมง เสียกี่บาท,"ระยะเวลาที่ถามคือ 1 ชั่วโมง ใช้ 1 session ตามแพ็กเกจ PlayStation 5 60 นาที ยังไม่ทราบกลุ่มผู้ใช้ จึงแสดงราคาทุกกลุ่มให้เทียบก่อน: • PSU Student and Staff: 0 บาท/session x 1 = 0 บาท • PSU Alumni and General Student / นักศึกษาหรือนักเรียนต่างสถาบัน: 50 บาท/session x 1 = 50 บาท • General Adult / บุคคลทั่วไป: 150 บาท/session x 1 = 150 บาท รายละเอียดจากตาราง: PlayStation 5 60 นาที (1 ชั่วโมง, 1-2 คน) • PSU Student and Staff: 0 บาท • PSU Alumni and General Student: 50 บาท • General Adult: 150 บาท แหล่งข้อมูล: https://esports.computing.psu.ac.th/wp-content/uploads/2026/01/PSU-Esports-Studio-phuket-SERVICE-FEE-2026.png",pipeline:deterministic_calculator_fast,service_fee/service_fee_query,100.0,True,0.3721,0,,,
MB-1100-SF-133,service_fee,psu_fact,General Adult เล่น PS5 2 ชั่วโมง เสียกี่บาท,"ระยะเวลาที่ถามคือ 2 ชั่วโมง ใช้ 2 session ตามแพ็กเกจ PlayStation 5 60 นาที ยังไม่ทราบกลุ่มผู้ใช้ จึงแสดงราคาทุกกลุ่มให้เทียบก่อน: • PSU Student and Staff: 0 บาท/session x 2 = 0 บาท • PSU Alumni and General Student / นักศึกษาหรือนักเรียนต่างสถาบัน: 50 บาท/session x 2 = 100 บาท • General Adult / บุคคลทั่วไป: 150 บาท/session x 2 = 300 บาท รายละเอียดจากตาราง: PlayStation 5 60 นาที (1 ชั่วโมง, 1-2 คน) • PSU Student and Staff: 0 บาท • PSU Alumni and General Student: 50 บาท • General Adult: 150 บาท แหล่งข้อมูล: https://esports.computing.psu.ac.th/wp-content/uploads/2026/01/PSU-Esports-Studio-phuket-SERVICE-FEE-2026.png",pipeline:deterministic_calculator_fast,service_fee/service_fee_query,100.0,True,0.3459,0,,,
MB-1101-SF-134,service_fee,psu_fact,General Adult เล่น PS5 3 ชั่วโมง เสียกี่บาท,"ระยะเวลาที่ถามคือ 3 ชั่วโมง ใช้ 3 session ตามแพ็กเกจ PlayStation 5 60 นาที ยังไม่ทราบกลุ่มผู้ใช้ จึงแสดงราคาทุกกลุ่มให้เทียบก่อน: • PSU Student and Staff: 0 บาท/session x 3 = 0 บาท • PSU Alumni and General Student / นักศึกษาหรือนักเรียนต่างสถาบัน: 50 บาท/session x 3 = 150 บาท • General Adult / บุคคลทั่วไป: 150 บาท/session x 3 = 450 บาท รายละเอียดจากตาราง: PlayStation 5 60 นาที (1 ชั่วโมง, 1-2 คน) • PSU Student and Staff: 0 บาท • PSU Alumni and General Student: 50 บาท • General Adult: 150 บาท แหล่งข้อมูล: https://esports.computing.psu.ac.th/wp-content/uploads/2026/01/PSU-Esports-Studio-phuket-SERVICE-FEE-2026.png",pipeline:deterministic_calculator_fast,service_fee/service_fee_query,100.0,True,0.4293,0,,,
MB-1102-SF-135,service_fee,psu_fact,คนทั่วไป เล่น PS5 30 นาที เสียกี่บาท,"ระยะเวลาที่ถามคือ 30 นาที ใช้ 1 session ตามแพ็กเกจ PlayStation 5 60 นาที คำตอบราคา: 150 บาท สำหรับกลุ่ม General Adult / บุคคลทั่วไป • คำนวณจาก 150 บาท/session x 1 session = 150 บาท กลุ่มผู้ใช้ที่ตรวจเจอ: General Adult / บุคคลทั่วไป รายละเอียดจากตาราง: PlayStation 5 60 นาที (1 ชั่วโมง, 1-2 คน) • PSU Student and Staff: 0 บาท • PSU Alumni and General Student: 50 บาท • General Adult: 150 บาท แหล่งข้อมูล: https://esports.computing.psu.ac.th/wp-content/uploads/2026/01/PSU-Esports-Studio-phuket-SERVICE-FEE-2026.png",pipeline:deterministic_calculator_fast,service_fee/service_fee_query,100.0,True,0.346,0,,,
MB-1103-SF-136,service_fee,psu_fact,คนทั่วไป เล่น PS5 1 ชั่วโมง เสียกี่บาท,"ระยะเวลาที่ถามคือ 1 ชั่วโมง ใช้ 1 session ตามแพ็กเกจ PlayStation 5 60 นาที คำตอบราคา: 150 บาท สำหรับกลุ่ม General Adult / บุคคลทั่วไป • คำนวณจาก 150 บาท/session x 1 session = 150 บาท กลุ่มผู้ใช้ที่ตรวจเจอ: General Adult / บุคคลทั่วไป รายละเอียดจากตาราง: PlayStation 5 60 นาที (1 ชั่วโมง, 1-2 คน) • PSU Student and Staff: 0 บาท • PSU Alumni and General Student: 50 บาท • General Adult: 150 บาท แหล่งข้อมูล: https://esports.computing.psu.ac.th/wp-content/uploads/2026/01/PSU-Esports-Studio-phuket-SERVICE-FEE-2026.png",pipeline:deterministic_calculator_fast,service_fee/service_fee_query,100.0,True,0.3404,0,,,
MB-1104-SF-137,service_fee,psu_fact,คนทั่วไป เล่น PS5 2 ชั่วโมง เสียกี่บาท,"ระยะเวลาที่ถามคือ 2 ชั่วโมง ใช้ 2 session ตามแพ็กเกจ PlayStation 5 60 นาที คำตอบราคา: 300 บาท สำหรับกลุ่ม General Adult / บุคคลทั่วไป • คำนวณจาก 150 บาท/session x 2 session = 300 บาท กลุ่มผู้ใช้ที่ตรวจเจอ: General Adult / บุคคลทั่วไป รายละเอียดจากตาราง: PlayStation 5 60 นาที (1 ชั่วโมง, 1-2 คน) • PSU Student and Staff: 0 บาท • PSU Alumni and General Student: 50 บาท • General Adult: 150 บาท แหล่งข้อมูล: https://esports.computing.psu.ac.th/wp-content/uploads/2026/01/PSU-Esports-Studio-phuket-SERVICE-FEE-2026.png",pipeline:deterministic_calculator_fast,service_fee/service_fee_query,100.0,True,0.3586,0,,,
MB-1105-SF-138,service_fee,psu_fact,คนทั่วไป เล่น PS5 3 ชั่วโมง เสียกี่บาท,"ระยะเวลาที่ถามคือ 3 ชั่วโมง ใช้ 3 session ตามแพ็กเกจ PlayStation 5 60 นาที คำตอบราคา: 450 บาท สำหรับกลุ่ม General Adult / บุคคลทั่วไป • คำนวณจาก 150 บาท/session x 3 session = 450 บาท กลุ่มผู้ใช้ที่ตรวจเจอ: General Adult / บุคคลทั่วไป รายละเอียดจากตาราง: PlayStation 5 60 นาที (1 ชั่วโมง, 1-2 คน) • PSU Student and Staff: 0 บาท • PSU Alumni and General Student: 50 บาท • General Adult: 150 บาท แหล่งข้อมูล: https://esports.computing.psu.ac.th/wp-content/uploads/2026/01/PSU-Esports-Studio-phuket-SERVICE-FEE-2026.png",pipeline:deterministic_calculator_fast,service_fee/service_fee_query,100.0,True,0.2873,0,,,
MB-1106-SF-139,service_fee,psu_fact,นักศึกษา PSU เล่น PS5 3 ชั่วโมง เสียกี่บาท,"ระยะเวลาที่ถามคือ 3 ชั่วโมง ใช้ 3 session ตามแพ็กเกจ PlayStation 5 60 นาที คำตอบราคา: 0 บาท สำหรับกลุ่ม PSU Student and Staff • คำนวณจาก 0 บาท/session x 3 session = 0 บาท กลุ่มผู้ใช้ที่ตรวจเจอ: PSU Student and Staff รายละเอียดจากตาราง: PlayStation 5 60 นาที (1 ชั่วโมง, 1-2 คน) • PSU Student and Staff: 0 บาท • PSU Alumni and General Student: 50 บาท • General Adult: 150 บาท แหล่งข้อมูล: https://esports.computing.psu.ac.th/wp-content/uploads/2026/01/PSU-Esports-Studio-phuket-SERVICE-FEE-2026.png",pipeline:deterministic_calculator_fast,service_fee/service_fee_query,100.0,True,0.3373,0,,,
MB-1107-SF-140,service_fee,psu_fact,นักศึกษาต่างมหาลัย เล่น PS5 3 ชั่วโมง เสียกี่บาท,"ระยะเวลาที่ถามคือ 3 ชั่วโมง ใช้ 3 session ตามแพ็กเกจ PlayStation 5 60 นาที คำตอบราคา: 150 บาท สำหรับกลุ่ม PSU Alumni and General Student / นักศึกษาหรือนักเรียนต่างสถาบัน • คำนวณจาก 50 บาท/session x 3 session = 150 บาท กลุ่มผู้ใช้ที่ตรวจเจอ: PSU Alumni and General Student / นักศึกษาหรือนักเรียนต่างสถาบัน / มหาลัยอื่น รายละเอียดจากตาราง: PlayStation 5 60 นาที (1 ชั่วโมง, 1-2 คน) • PSU Student and Staff: 0 บาท • PSU Alumni and General Student: 50 บาท • General Adult: 150 บาท แหล่งข้อมูล: https://esports.computing.psu.ac.th/wp-content/uploads/2026/01/PSU-Esports-Studio-phuket-SERVICE-FEE-2026.png",pipeline:deterministic_calculator_fast,service_fee/service_fee_query,100.0,True,0.3332,0,,,
MB-1108-SF-141,service_fee,psu_fact,PSU Student เล่น Nintendo Switch 30 นาที เสียกี่บาท,ราคา Nintendo Switch สำหรับกลุ่ม PSU Student and Staff • Nintendo Switch 1-2 คน: 0 บาท • Nintendo Switch 3-4 คน: 0 บาท กลุ่มผู้ใช้ที่ตรวจเจอ: PSU Student and Staff หมายเหตุ: คำถามยังไม่ระบุจำนวนผู้เล่น จึงแสดงทั้งราคา 1-2 คนและ 3-4 คน รายละเอียดจากตาราง: Nintendo Switch 1-2 คน 60 นาที (1 ชั่วโมง) • PSU Student and Staff: 0 บาท • PSU Alumni and General Student: 50 บาท • General Adult: 140 บาท Nintendo Switch 3-4 คน 60 นาที (1 ชั่วโมง) • PSU Student and Staff: 0 บาท • PSU Alumni and General Student: 100 บาท • General Adult: 280 บาท แหล่งข้อมูล: https://esports.computing.psu.ac.th/wp-content/uploads/2026/01/PSU-Esports-Studio-phuket-SERVICE-FEE-2026.png,pipeline:deterministic_calculator_fast,service_fee/service_fee_query,100.0,True,0.3296,0,,,
MB-1109-SF-142,service_fee,psu_fact,PSU Student เล่น Nintendo Switch 1 ชั่วโมง เสียกี่บาท,ราคา Nintendo Switch สำหรับกลุ่ม PSU Student and Staff • Nintendo Switch 1-2 คน: 0 บาท • Nintendo Switch 3-4 คน: 0 บาท กลุ่มผู้ใช้ที่ตรวจเจอ: PSU Student and Staff หมายเหตุ: คำถามยังไม่ระบุจำนวนผู้เล่น จึงแสดงทั้งราคา 1-2 คนและ 3-4 คน รายละเอียดจากตาราง: Nintendo Switch 1-2 คน 60 นาที (1 ชั่วโมง) • PSU Student and Staff: 0 บาท • PSU Alumni and General Student: 50 บาท • General Adult: 140 บาท Nintendo Switch 3-4 คน 60 นาที (1 ชั่วโมง) • PSU Student and Staff: 0 บาท • PSU Alumni and General Student: 100 บาท • General Adult: 280 บาท แหล่งข้อมูล: https://esports.computing.psu.ac.th/wp-content/uploads/2026/01/PSU-Esports-Studio-phuket-SERVICE-FEE-2026.png,pipeline:deterministic_calculator_fast,service_fee/service_fee_query,100.0,True,0.3566,0,,,
MB-1110-SF-143,service_fee,psu_fact,PSU Student เล่น Nintendo Switch 2 ชั่วโมง เสียกี่บาท,ราคา Nintendo Switch สำหรับกลุ่ม PSU Student and Staff • Nintendo Switch 1-2 คน: 0 บาท • Nintendo Switch 3-4 คน: 0 บาท กลุ่มผู้ใช้ที่ตรวจเจอ: PSU Student and Staff หมายเหตุ: คำถามยังไม่ระบุจำนวนผู้เล่น จึงแสดงทั้งราคา 1-2 คนและ 3-4 คน รายละเอียดจากตาราง: Nintendo Switch 1-2 คน 60 นาที (1 ชั่วโมง) • PSU Student and Staff: 0 บาท • PSU Alumni and General Student: 50 บาท • General Adult: 140 บาท Nintendo Switch 3-4 คน 60 นาที (1 ชั่วโมง) • PSU Student and Staff: 0 บาท • PSU Alumni and General Student: 100 บาท • General Adult: 280 บาท แหล่งข้อมูล: https://esports.computing.psu.ac.th/wp-content/uploads/2026/01/PSU-Esports-Studio-phuket-SERVICE-FEE-2026.png,pipeline:deterministic_calculator_fast,service_fee/service_fee_query,100.0,True,0.346,0,,,
MB-1111-SF-144,service_fee,psu_fact,PSU Student เล่น Nintendo Switch 3 ชั่วโมง เสียกี่บาท,ราคา Nintendo Switch สำหรับกลุ่ม PSU Student and Staff • Nintendo Switch 1-2 คน: 0 บาท • Nintendo Switch 3-4 คน: 0 บาท กลุ่มผู้ใช้ที่ตรวจเจอ: PSU Student and Staff หมายเหตุ: คำถามยังไม่ระบุจำนวนผู้เล่น จึงแสดงทั้งราคา 1-2 คนและ 3-4 คน รายละเอียดจากตาราง: Nintendo Switch 1-2 คน 60 นาที (1 ชั่วโมง) • PSU Student and Staff: 0 บาท • PSU Alumni and General Student: 50 บาท • General Adult: 140 บาท Nintendo Switch 3-4 คน 60 นาที (1 ชั่วโมง) • PSU Student and Staff: 0 บาท • PSU Alumni and General Student: 100 บาท • General Adult: 280 บาท แหล่งข้อมูล: https://esports.computing.psu.ac.th/wp-content/uploads/2026/01/PSU-Esports-Studio-phuket-SERVICE-FEE-2026.png,pipeline:deterministic_calculator_fast,service_fee/service_fee_query,100.0,True,0.357,0,,,
MB-1112-SF-145,service_fee,psu_fact,PSU Staff เล่น Nintendo Switch 30 นาที เสียกี่บาท,ราคา Nintendo Switch สำหรับกลุ่ม PSU Student and Staff • Nintendo Switch 1-2 คน: 0 บาท • Nintendo Switch 3-4 คน: 0 บาท กลุ่มผู้ใช้ที่ตรวจเจอ: PSU Student and Staff หมายเหตุ: คำถามยังไม่ระบุจำนวนผู้เล่น จึงแสดงทั้งราคา 1-2 คนและ 3-4 คน รายละเอียดจากตาราง: Nintendo Switch 1-2 คน 60 นาที (1 ชั่วโมง) • PSU Student and Staff: 0 บาท • PSU Alumni and General Student: 50 บาท • General Adult: 140 บาท Nintendo Switch 3-4 คน 60 นาที (1 ชั่วโมง) • PSU Student and Staff: 0 บาท • PSU Alumni and General Student: 100 บาท • General Adult: 280 บาท แหล่งข้อมูล: https://esports.computing.psu.ac.th/wp-content/uploads/2026/01/PSU-Esports-Studio-phuket-SERVICE-FEE-2026.png,pipeline:deterministic_calculator_fast,service_fee/service_fee_query,100.0,True,0.3541,0,,,
MB-1113-SF-146,service_fee,psu_fact,PSU Staff เล่น Nintendo Switch 1 ชั่วโมง เสียกี่บาท,ราคา Nintendo Switch สำหรับกลุ่ม PSU Student and Staff • Nintendo Switch 1-2 คน: 0 บาท • Nintendo Switch 3-4 คน: 0 บาท กลุ่มผู้ใช้ที่ตรวจเจอ: PSU Student and Staff หมายเหตุ: คำถามยังไม่ระบุจำนวนผู้เล่น จึงแสดงทั้งราคา 1-2 คนและ 3-4 คน รายละเอียดจากตาราง: Nintendo Switch 1-2 คน 60 นาที (1 ชั่วโมง) • PSU Student and Staff: 0 บาท • PSU Alumni and General Student: 50 บาท • General Adult: 140 บาท Nintendo Switch 3-4 คน 60 นาที (1 ชั่วโมง) • PSU Student and Staff: 0 บาท • PSU Alumni and General Student: 100 บาท • General Adult: 280 บาท แหล่งข้อมูล: https://esports.computing.psu.ac.th/wp-content/uploads/2026/01/PSU-Esports-Studio-phuket-SERVICE-FEE-2026.png,pipeline:deterministic_calculator_fast,service_fee/service_fee_query,100.0,True,0.3481,0,,,
MB-1114-SF-147,service_fee,psu_fact,PSU Staff เล่น Nintendo Switch 2 ชั่วโมง เสียกี่บาท,ราคา Nintendo Switch สำหรับกลุ่ม PSU Student and Staff • Nintendo Switch 1-2 คน: 0 บาท • Nintendo Switch 3-4 คน: 0 บาท กลุ่มผู้ใช้ที่ตรวจเจอ: PSU Student and Staff หมายเหตุ: คำถามยังไม่ระบุจำนวนผู้เล่น จึงแสดงทั้งราคา 1-2 คนและ 3-4 คน รายละเอียดจากตาราง: Nintendo Switch 1-2 คน 60 นาที (1 ชั่วโมง) • PSU Student and Staff: 0 บาท • PSU Alumni and General Student: 50 บาท • General Adult: 140 บาท Nintendo Switch 3-4 คน 60 นาที (1 ชั่วโมง) • PSU Student and Staff: 0 บาท • PSU Alumni and General Student: 100 บาท • General Adult: 280 บาท แหล่งข้อมูล: https://esports.computing.psu.ac.th/wp-content/uploads/2026/01/PSU-Esports-Studio-phuket-SERVICE-FEE-2026.png,pipeline:deterministic_calculator_fast,service_fee/service_fee_query,100.0,True,0.3787,0,,,
MB-1115-SF-148,service_fee,psu_fact,PSU Staff เล่น Nintendo Switch 3 ชั่วโมง เสียกี่บาท,ราคา Nintendo Switch สำหรับกลุ่ม PSU Student and Staff • Nintendo Switch 1-2 คน: 0 บาท • Nintendo Switch 3-4 คน: 0 บาท กลุ่มผู้ใช้ที่ตรวจเจอ: PSU Student and Staff หมายเหตุ: คำถามยังไม่ระบุจำนวนผู้เล่น จึงแสดงทั้งราคา 1-2 คนและ 3-4 คน รายละเอียดจากตาราง: Nintendo Switch 1-2 คน 60 นาที (1 ชั่วโมง) • PSU Student and Staff: 0 บาท • PSU Alumni and General Student: 50 บาท • General Adult: 140 บาท Nintendo Switch 3-4 คน 60 นาที (1 ชั่วโมง) • PSU Student and Staff: 0 บาท • PSU Alumni and General Student: 100 บาท • General Adult: 280 บาท แหล่งข้อมูล: https://esports.computing.psu.ac.th/wp-content/uploads/2026/01/PSU-Esports-Studio-phuket-SERVICE-FEE-2026.png,pipeline:deterministic_calculator_fast,service_fee/service_fee_query,100.0,True,0.3727,0,,,
MB-1116-SF-149,service_fee,psu_fact,Alumni เล่น Nintendo Switch 30 นาที เสียกี่บาท,Nintendo Switch 1-2 คน 60 นาที (1 ชั่วโมง) • PSU Student and Staff: 0 บาท • PSU Alumni and General Student: 50 บาท • General Adult: 140 บาท Nintendo Switch 3-4 คน 60 นาที (1 ชั่วโมง) • PSU Student and Staff: 0 บาท • PSU Alumni and General Student: 100 บาท • General Adult: 280 บาท แหล่งข้อมูล: https://esports.computing.psu.ac.th/wp-content/uploads/2026/01/PSU-Esports-Studio-phuket-SERVICE-FEE-2026.png,pipeline:deterministic_calculator_fast,service_fee/service_fee_query,100.0,True,0.3408,0,,,
MB-1117-SF-150,service_fee,psu_fact,Alumni เล่น Nintendo Switch 1 ชั่วโมง เสียกี่บาท,Nintendo Switch 1-2 คน 60 นาที (1 ชั่วโมง) • PSU Student and Staff: 0 บาท • PSU Alumni and General Student: 50 บาท • General Adult: 140 บาท Nintendo Switch 3-4 คน 60 นาที (1 ชั่วโมง) • PSU Student and Staff: 0 บาท • PSU Alumni and General Student: 100 บาท • General Adult: 280 บาท แหล่งข้อมูล: https://esports.computing.psu.ac.th/wp-content/uploads/2026/01/PSU-Esports-Studio-phuket-SERVICE-FEE-2026.png,pipeline:deterministic_calculator_fast,service_fee/service_fee_query,100.0,True,0.3835,0,,,
MB-1118-SF-151,service_fee,psu_fact,Alumni เล่น Nintendo Switch 2 ชั่วโมง เสียกี่บาท,Nintendo Switch 1-2 คน 60 นาที (1 ชั่วโมง) • PSU Student and Staff: 0 บาท • PSU Alumni and General Student: 50 บาท • General Adult: 140 บาท Nintendo Switch 3-4 คน 60 นาที (1 ชั่วโมง) • PSU Student and Staff: 0 บาท • PSU Alumni and General Student: 100 บาท • General Adult: 280 บาท แหล่งข้อมูล: https://esports.computing.psu.ac.th/wp-content/uploads/2026/01/PSU-Esports-Studio-phuket-SERVICE-FEE-2026.png,pipeline:deterministic_calculator_fast,service_fee/service_fee_query,100.0,True,0.5181,0,,,
MB-1119-SF-152,service_fee,psu_fact,Alumni เล่น Nintendo Switch 3 ชั่วโมง เสียกี่บาท,Nintendo Switch 1-2 คน 60 นาที (1 ชั่วโมง) • PSU Student and Staff: 0 บาท • PSU Alumni and General Student: 50 บาท • General Adult: 140 บาท Nintendo Switch 3-4 คน 60 นาที (1 ชั่วโมง) • PSU Student and Staff: 0 บาท • PSU Alumni and General Student: 100 บาท • General Adult: 280 บาท แหล่งข้อมูล: https://esports.computing.psu.ac.th/wp-content/uploads/2026/01/PSU-Esports-Studio-phuket-SERVICE-FEE-2026.png,pipeline:deterministic_calculator_fast,service_fee/service_fee_query,100.0,True,0.3782,0,,,
MB-1120-SF-153,service_fee,psu_fact,General Student เล่น Nintendo Switch 30 นาที เสียกี่บาท,ราคา Nintendo Switch สำหรับกลุ่ม PSU Alumni and General Student / นักศึกษาหรือนักเรียนต่างสถาบัน • Nintendo Switch 1-2 คน: 50 บาท • Nintendo Switch 3-4 คน: 100 บาท กลุ่มผู้ใช้ที่ตรวจเจอ: PSU Alumni and General Student / นักศึกษาหรือนักเรียนต่างสถาบัน / มหาลัยอื่น หมายเหตุ: คำถามยังไม่ระบุจำนวนผู้เล่น จึงแสดงทั้งราคา 1-2 คนและ 3-4 คน รายละเอียดจากตาราง: Nintendo Switch 1-2 คน 60 นาที (1 ชั่วโมง) • PSU Student and Staff: 0 บาท • PSU Alumni and General Student: 50 บาท • General Adult: 140 บาท Nintendo Switch 3-4 คน 60 นาที (1 ชั่วโมง) • PSU Student and Staff: 0 บาท • PSU Alumni and General Student: 100 บาท • General Adult: 280 บาท แหล่งข้อมูล: https://esports.computing.psu.ac.th/wp-content/uplo,pipeline:deterministic_calculator_fast,service_fee/service_fee_query,100.0,True,0.4173,0,,,
MB-1121-SF-154,service_fee,psu_fact,General Student เล่น Nintendo Switch 1 ชั่วโมง เสียกี่บาท,ราคา Nintendo Switch สำหรับกลุ่ม PSU Alumni and General Student / นักศึกษาหรือนักเรียนต่างสถาบัน • Nintendo Switch 1-2 คน: 50 บาท • Nintendo Switch 3-4 คน: 100 บาท กลุ่มผู้ใช้ที่ตรวจเจอ: PSU Alumni and General Student / นักศึกษาหรือนักเรียนต่างสถาบัน / มหาลัยอื่น หมายเหตุ: คำถามยังไม่ระบุจำนวนผู้เล่น จึงแสดงทั้งราคา 1-2 คนและ 3-4 คน รายละเอียดจากตาราง: Nintendo Switch 1-2 คน 60 นาที (1 ชั่วโมง) • PSU Student and Staff: 0 บาท • PSU Alumni and General Student: 50 บาท • General Adult: 140 บาท Nintendo Switch 3-4 คน 60 นาที (1 ชั่วโมง) • PSU Student and Staff: 0 บาท • PSU Alumni and General Student: 100 บาท • General Adult: 280 บาท แหล่งข้อมูล: https://esports.computing.psu.ac.th/wp-content/uplo,pipeline:deterministic_calculator_fast,service_fee/service_fee_query,100.0,True,0.43,0,,,
MB-1122-SF-155,service_fee,psu_fact,General Student เล่น Nintendo Switch 2 ชั่วโมง เสียกี่บาท,ราคา Nintendo Switch สำหรับกลุ่ม PSU Alumni and General Student / นักศึกษาหรือนักเรียนต่างสถาบัน • Nintendo Switch 1-2 คน: 50 บาท • Nintendo Switch 3-4 คน: 100 บาท กลุ่มผู้ใช้ที่ตรวจเจอ: PSU Alumni and General Student / นักศึกษาหรือนักเรียนต่างสถาบัน / มหาลัยอื่น หมายเหตุ: คำถามยังไม่ระบุจำนวนผู้เล่น จึงแสดงทั้งราคา 1-2 คนและ 3-4 คน รายละเอียดจากตาราง: Nintendo Switch 1-2 คน 60 นาที (1 ชั่วโมง) • PSU Student and Staff: 0 บาท • PSU Alumni and General Student: 50 บาท • General Adult: 140 บาท Nintendo Switch 3-4 คน 60 นาที (1 ชั่วโมง) • PSU Student and Staff: 0 บาท • PSU Alumni and General Student: 100 บาท • General Adult: 280 บาท แหล่งข้อมูล: https://esports.computing.psu.ac.th/wp-content/uplo,pipeline:deterministic_calculator_fast,service_fee/service_fee_query,100.0,True,0.4117,0,,,
MB-1123-SF-156,service_fee,psu_fact,General Student เล่น Nintendo Switch 3 ชั่วโมง เสียกี่บาท,ราคา Nintendo Switch สำหรับกลุ่ม PSU Alumni and General Student / นักศึกษาหรือนักเรียนต่างสถาบัน • Nintendo Switch 1-2 คน: 50 บาท • Nintendo Switch 3-4 คน: 100 บาท กลุ่มผู้ใช้ที่ตรวจเจอ: PSU Alumni and General Student / นักศึกษาหรือนักเรียนต่างสถาบัน / มหาลัยอื่น หมายเหตุ: คำถามยังไม่ระบุจำนวนผู้เล่น จึงแสดงทั้งราคา 1-2 คนและ 3-4 คน รายละเอียดจากตาราง: Nintendo Switch 1-2 คน 60 นาที (1 ชั่วโมง) • PSU Student and Staff: 0 บาท • PSU Alumni and General Student: 50 บาท • General Adult: 140 บาท Nintendo Switch 3-4 คน 60 นาที (1 ชั่วโมง) • PSU Student and Staff: 0 บาท • PSU Alumni and General Student: 100 บาท • General Adult: 280 บาท แหล่งข้อมูล: https://esports.computing.psu.ac.th/wp-content/uplo,pipeline:deterministic_calculator_fast,service_fee/service_fee_query,100.0,True,0.4724,0,,,
MB-1124-SF-157,service_fee,psu_fact,General Adult เล่น Nintendo Switch 30 นาที เสียกี่บาท,Nintendo Switch 1-2 คน 60 นาที (1 ชั่วโมง) • PSU Student and Staff: 0 บาท • PSU Alumni and General Student: 50 บาท • General Adult: 140 บาท Nintendo Switch 3-4 คน 60 นาที (1 ชั่วโมง) • PSU Student and Staff: 0 บาท • PSU Alumni and General Student: 100 บาท • General Adult: 280 บาท แหล่งข้อมูล: https://esports.computing.psu.ac.th/wp-content/uploads/2026/01/PSU-Esports-Studio-phuket-SERVICE-FEE-2026.png,pipeline:deterministic_calculator_fast,service_fee/service_fee_query,100.0,True,0.4542,0,,,
MB-1125-SF-158,service_fee,psu_fact,General Adult เล่น Nintendo Switch 1 ชั่วโมง เสียกี่บาท,Nintendo Switch 1-2 คน 60 นาที (1 ชั่วโมง) • PSU Student and Staff: 0 บาท • PSU Alumni and General Student: 50 บาท • General Adult: 140 บาท Nintendo Switch 3-4 คน 60 นาที (1 ชั่วโมง) • PSU Student and Staff: 0 บาท • PSU Alumni and General Student: 100 บาท • General Adult: 280 บาท แหล่งข้อมูล: https://esports.computing.psu.ac.th/wp-content/uploads/2026/01/PSU-Esports-Studio-phuket-SERVICE-FEE-2026.png,pipeline:deterministic_calculator_fast,service_fee/service_fee_query,100.0,True,0.4025,0,,,
MB-1126-SF-159,service_fee,psu_fact,General Adult เล่น Nintendo Switch 2 ชั่วโมง เสียกี่บาท,Nintendo Switch 1-2 คน 60 นาที (1 ชั่วโมง) • PSU Student and Staff: 0 บาท • PSU Alumni and General Student: 50 บาท • General Adult: 140 บาท Nintendo Switch 3-4 คน 60 นาที (1 ชั่วโมง) • PSU Student and Staff: 0 บาท • PSU Alumni and General Student: 100 บาท • General Adult: 280 บาท แหล่งข้อมูล: https://esports.computing.psu.ac.th/wp-content/uploads/2026/01/PSU-Esports-Studio-phuket-SERVICE-FEE-2026.png,pipeline:deterministic_calculator_fast,service_fee/service_fee_query,100.0,True,0.4126,0,,,
MB-1127-SF-160,service_fee,psu_fact,General Adult เล่น Nintendo Switch 3 ชั่วโมง เสียกี่บาท,Nintendo Switch 1-2 คน 60 นาที (1 ชั่วโมง) • PSU Student and Staff: 0 บาท • PSU Alumni and General Student: 50 บาท • General Adult: 140 บาท Nintendo Switch 3-4 คน 60 นาที (1 ชั่วโมง) • PSU Student and Staff: 0 บาท • PSU Alumni and General Student: 100 บาท • General Adult: 280 บาท แหล่งข้อมูล: https://esports.computing.psu.ac.th/wp-content/uploads/2026/01/PSU-Esports-Studio-phuket-SERVICE-FEE-2026.png,pipeline:deterministic_calculator_fast,service_fee/service_fee_query,100.0,True,0.393,0,,,
MB-1128-SF-161,service_fee,psu_fact,คนทั่วไป เล่น Nintendo Switch 30 นาที เสียกี่บาท,ราคา Nintendo Switch สำหรับกลุ่ม General Adult / บุคคลทั่วไป • Nintendo Switch 1-2 คน: 140 บาท • Nintendo Switch 3-4 คน: 280 บาท กลุ่มผู้ใช้ที่ตรวจเจอ: General Adult / บุคคลทั่วไป หมายเหตุ: คำถามยังไม่ระบุจำนวนผู้เล่น จึงแสดงทั้งราคา 1-2 คนและ 3-4 คน รายละเอียดจากตาราง: Nintendo Switch 1-2 คน 60 นาที (1 ชั่วโมง) • PSU Student and Staff: 0 บาท • PSU Alumni and General Student: 50 บาท • General Adult: 140 บาท Nintendo Switch 3-4 คน 60 นาที (1 ชั่วโมง) • PSU Student and Staff: 0 บาท • PSU Alumni and General Student: 100 บาท • General Adult: 280 บาท แหล่งข้อมูล: https://esports.computing.psu.ac.th/wp-content/uploads/2026/01/PSU-Esports-Studio-phuket-SERVICE-FEE-2026.png,pipeline:deterministic_calculator_fast,service_fee/service_fee_query,100.0,True,0.4019,0,,,
MB-1129-SF-162,service_fee,psu_fact,คนทั่วไป เล่น Nintendo Switch 1 ชั่วโมง เสียกี่บาท,ราคา Nintendo Switch สำหรับกลุ่ม General Adult / บุคคลทั่วไป • Nintendo Switch 1-2 คน: 140 บาท • Nintendo Switch 3-4 คน: 280 บาท กลุ่มผู้ใช้ที่ตรวจเจอ: General Adult / บุคคลทั่วไป หมายเหตุ: คำถามยังไม่ระบุจำนวนผู้เล่น จึงแสดงทั้งราคา 1-2 คนและ 3-4 คน รายละเอียดจากตาราง: Nintendo Switch 1-2 คน 60 นาที (1 ชั่วโมง) • PSU Student and Staff: 0 บาท • PSU Alumni and General Student: 50 บาท • General Adult: 140 บาท Nintendo Switch 3-4 คน 60 นาที (1 ชั่วโมง) • PSU Student and Staff: 0 บาท • PSU Alumni and General Student: 100 บาท • General Adult: 280 บาท แหล่งข้อมูล: https://esports.computing.psu.ac.th/wp-content/uploads/2026/01/PSU-Esports-Studio-phuket-SERVICE-FEE-2026.png,pipeline:deterministic_calculator_fast,service_fee/service_fee_query,100.0,True,0.3848,0,,,
MB-1130-SF-163,service_fee,psu_fact,คนทั่วไป เล่น Nintendo Switch 2 ชั่วโมง เสียกี่บาท,ราคา Nintendo Switch สำหรับกลุ่ม General Adult / บุคคลทั่วไป • Nintendo Switch 1-2 คน: 140 บาท • Nintendo Switch 3-4 คน: 280 บาท กลุ่มผู้ใช้ที่ตรวจเจอ: General Adult / บุคคลทั่วไป หมายเหตุ: คำถามยังไม่ระบุจำนวนผู้เล่น จึงแสดงทั้งราคา 1-2 คนและ 3-4 คน รายละเอียดจากตาราง: Nintendo Switch 1-2 คน 60 นาที (1 ชั่วโมง) • PSU Student and Staff: 0 บาท • PSU Alumni and General Student: 50 บาท • General Adult: 140 บาท Nintendo Switch 3-4 คน 60 นาที (1 ชั่วโมง) • PSU Student and Staff: 0 บาท • PSU Alumni and General Student: 100 บาท • General Adult: 280 บาท แหล่งข้อมูล: https://esports.computing.psu.ac.th/wp-content/uploads/2026/01/PSU-Esports-Studio-phuket-SERVICE-FEE-2026.png,pipeline:deterministic_calculator_fast,service_fee/service_fee_query,100.0,True,0.3653,0,,,
MB-1131-SF-164,service_fee,psu_fact,คนทั่วไป เล่น Nintendo Switch 3 ชั่วโมง เสียกี่บาท,ราคา Nintendo Switch สำหรับกลุ่ม General Adult / บุคคลทั่วไป • Nintendo Switch 1-2 คน: 140 บาท • Nintendo Switch 3-4 คน: 280 บาท กลุ่มผู้ใช้ที่ตรวจเจอ: General Adult / บุคคลทั่วไป หมายเหตุ: คำถามยังไม่ระบุจำนวนผู้เล่น จึงแสดงทั้งราคา 1-2 คนและ 3-4 คน รายละเอียดจากตาราง: Nintendo Switch 1-2 คน 60 นาที (1 ชั่วโมง) • PSU Student and Staff: 0 บาท • PSU Alumni and General Student: 50 บาท • General Adult: 140 บาท Nintendo Switch 3-4 คน 60 นาที (1 ชั่วโมง) • PSU Student and Staff: 0 บาท • PSU Alumni and General Student: 100 บาท • General Adult: 280 บาท แหล่งข้อมูล: https://esports.computing.psu.ac.th/wp-content/uploads/2026/01/PSU-Esports-Studio-phuket-SERVICE-FEE-2026.png,pipeline:deterministic_calculator_fast,service_fee/service_fee_query,100.0,True,0.3838,0,,,
MB-1132-SF-165,service_fee,psu_fact,นักศึกษา PSU เล่น Nintendo Switch 3 ชั่วโมง เสียกี่บาท,ราคา Nintendo Switch สำหรับกลุ่ม PSU Student and Staff • Nintendo Switch 1-2 คน: 0 บาท • Nintendo Switch 3-4 คน: 0 บาท กลุ่มผู้ใช้ที่ตรวจเจอ: PSU Student and Staff หมายเหตุ: คำถามยังไม่ระบุจำนวนผู้เล่น จึงแสดงทั้งราคา 1-2 คนและ 3-4 คน รายละเอียดจากตาราง: Nintendo Switch 1-2 คน 60 นาที (1 ชั่วโมง) • PSU Student and Staff: 0 บาท • PSU Alumni and General Student: 50 บาท • General Adult: 140 บาท Nintendo Switch 3-4 คน 60 นาที (1 ชั่วโมง) • PSU Student and Staff: 0 บาท • PSU Alumni and General Student: 100 บาท • General Adult: 280 บาท แหล่งข้อมูล: https://esports.computing.psu.ac.th/wp-content/uploads/2026/01/PSU-Esports-Studio-phuket-SERVICE-FEE-2026.png,pipeline:deterministic_calculator_fast,service_fee/service_fee_query,100.0,True,0.3502,0,,,
MB-1133-SF-166,service_fee,psu_fact,นักศึกษาต่างมหาลัย เล่น Nintendo Switch 3 ชั่วโมง เสียกี่บาท,ราคา Nintendo Switch สำหรับกลุ่ม PSU Alumni and General Student / นักศึกษาหรือนักเรียนต่างสถาบัน • Nintendo Switch 1-2 คน: 50 บาท • Nintendo Switch 3-4 คน: 100 บาท กลุ่มผู้ใช้ที่ตรวจเจอ: PSU Alumni and General Student / นักศึกษาหรือนักเรียนต่างสถาบัน / มหาลัยอื่น หมายเหตุ: คำถามยังไม่ระบุจำนวนผู้เล่น จึงแสดงทั้งราคา 1-2 คนและ 3-4 คน รายละเอียดจากตาราง: Nintendo Switch 1-2 คน 60 นาที (1 ชั่วโมง) • PSU Student and Staff: 0 บาท • PSU Alumni and General Student: 50 บาท • General Adult: 140 บาท Nintendo Switch 3-4 คน 60 นาที (1 ชั่วโมง) • PSU Student and Staff: 0 บาท • PSU Alumni and General Student: 100 บาท • General Adult: 280 บาท แหล่งข้อมูล: https://esports.computing.psu.ac.th/wp-content/uplo,pipeline:deterministic_calculator_fast,service_fee/service_fee_query,100.0,True,0.4508,0,,,
MB-1134-SF-167,service_fee,psu_fact,PSU Student เล่น Cockpit 30 นาที เสียกี่บาท,"ระยะเวลาที่ถามคือ 30 นาที ใช้ 1 session ตามแพ็กเกจ Cockpit 60 นาที คำตอบราคา: 0 บาท สำหรับกลุ่ม PSU Student and Staff • คำนวณจาก 0 บาท/session x 1 session = 0 บาท กลุ่มผู้ใช้ที่ตรวจเจอ: PSU Student and Staff รายละเอียดจากตาราง: Cockpit 60 นาที (1 ชั่วโมง, 1 คน) • PSU Student and Staff: 0 บาท • PSU Alumni and General Student: 65 บาท • General Adult: 200 บาท แหล่งข้อมูล: https://esports.computing.psu.ac.th/wp-content/uploads/2026/01/PSU-Esports-Studio-phuket-SERVICE-FEE-2026.png",pipeline:deterministic_calculator_fast,service_fee/service_fee_query,100.0,True,0.3918,0,,,
MB-1135-SF-168,service_fee,psu_fact,PSU Student เล่น Cockpit 1 ชั่วโมง เสียกี่บาท,"ระยะเวลาที่ถามคือ 1 ชั่วโมง ใช้ 1 session ตามแพ็กเกจ Cockpit 60 นาที คำตอบราคา: 0 บาท สำหรับกลุ่ม PSU Student and Staff • คำนวณจาก 0 บาท/session x 1 session = 0 บาท กลุ่มผู้ใช้ที่ตรวจเจอ: PSU Student and Staff รายละเอียดจากตาราง: Cockpit 60 นาที (1 ชั่วโมง, 1 คน) • PSU Student and Staff: 0 บาท • PSU Alumni and General Student: 65 บาท • General Adult: 200 บาท แหล่งข้อมูล: https://esports.computing.psu.ac.th/wp-content/uploads/2026/01/PSU-Esports-Studio-phuket-SERVICE-FEE-2026.png",pipeline:deterministic_calculator_fast,service_fee/service_fee_query,100.0,True,0.4138,0,,,
MB-1136-SF-169,service_fee,psu_fact,PSU Student เล่น Cockpit 2 ชั่วโมง เสียกี่บาท,"ระยะเวลาที่ถามคือ 2 ชั่วโมง ใช้ 2 session ตามแพ็กเกจ Cockpit 60 นาที คำตอบราคา: 0 บาท สำหรับกลุ่ม PSU Student and Staff • คำนวณจาก 0 บาท/session x 2 session = 0 บาท กลุ่มผู้ใช้ที่ตรวจเจอ: PSU Student and Staff รายละเอียดจากตาราง: Cockpit 60 นาที (1 ชั่วโมง, 1 คน) • PSU Student and Staff: 0 บาท • PSU Alumni and General Student: 65 บาท • General Adult: 200 บาท แหล่งข้อมูล: https://esports.computing.psu.ac.th/wp-content/uploads/2026/01/PSU-Esports-Studio-phuket-SERVICE-FEE-2026.png",pipeline:deterministic_calculator_fast,service_fee/service_fee_query,100.0,True,0.4004,0,,,
MB-1137-SF-170,service_fee,psu_fact,PSU Student เล่น Cockpit 3 ชั่วโมง เสียกี่บาท,"ระยะเวลาที่ถามคือ 3 ชั่วโมง ใช้ 3 session ตามแพ็กเกจ Cockpit 60 นาที คำตอบราคา: 0 บาท สำหรับกลุ่ม PSU Student and Staff • คำนวณจาก 0 บาท/session x 3 session = 0 บาท กลุ่มผู้ใช้ที่ตรวจเจอ: PSU Student and Staff รายละเอียดจากตาราง: Cockpit 60 นาที (1 ชั่วโมง, 1 คน) • PSU Student and Staff: 0 บาท • PSU Alumni and General Student: 65 บาท • General Adult: 200 บาท แหล่งข้อมูล: https://esports.computing.psu.ac.th/wp-content/uploads/2026/01/PSU-Esports-Studio-phuket-SERVICE-FEE-2026.png",pipeline:deterministic_calculator_fast,service_fee/service_fee_query,100.0,True,0.3962,0,,,
MB-1138-SF-171,service_fee,psu_fact,PSU Staff เล่น Cockpit 30 นาที เสียกี่บาท,"ระยะเวลาที่ถามคือ 30 นาที ใช้ 1 session ตามแพ็กเกจ Cockpit 60 นาที คำตอบราคา: 0 บาท สำหรับกลุ่ม PSU Student and Staff • คำนวณจาก 0 บาท/session x 1 session = 0 บาท กลุ่มผู้ใช้ที่ตรวจเจอ: PSU Student and Staff รายละเอียดจากตาราง: Cockpit 60 นาที (1 ชั่วโมง, 1 คน) • PSU Student and Staff: 0 บาท • PSU Alumni and General Student: 65 บาท • General Adult: 200 บาท แหล่งข้อมูล: https://esports.computing.psu.ac.th/wp-content/uploads/2026/01/PSU-Esports-Studio-phuket-SERVICE-FEE-2026.png",pipeline:deterministic_calculator_fast,service_fee/service_fee_query,100.0,True,0.3913,0,,,
MB-1139-SF-172,service_fee,psu_fact,PSU Staff เล่น Cockpit 1 ชั่วโมง เสียกี่บาท,"ระยะเวลาที่ถามคือ 1 ชั่วโมง ใช้ 1 session ตามแพ็กเกจ Cockpit 60 นาที คำตอบราคา: 0 บาท สำหรับกลุ่ม PSU Student and Staff • คำนวณจาก 0 บาท/session x 1 session = 0 บาท กลุ่มผู้ใช้ที่ตรวจเจอ: PSU Student and Staff รายละเอียดจากตาราง: Cockpit 60 นาที (1 ชั่วโมง, 1 คน) • PSU Student and Staff: 0 บาท • PSU Alumni and General Student: 65 บาท • General Adult: 200 บาท แหล่งข้อมูล: https://esports.computing.psu.ac.th/wp-content/uploads/2026/01/PSU-Esports-Studio-phuket-SERVICE-FEE-2026.png",pipeline:deterministic_calculator_fast,service_fee/service_fee_query,100.0,True,0.3981,0,,,
MB-1140-SF-173,service_fee,psu_fact,PSU Staff เล่น Cockpit 2 ชั่วโมง เสียกี่บาท,"ระยะเวลาที่ถามคือ 2 ชั่วโมง ใช้ 2 session ตามแพ็กเกจ Cockpit 60 นาที คำตอบราคา: 0 บาท สำหรับกลุ่ม PSU Student and Staff • คำนวณจาก 0 บาท/session x 2 session = 0 บาท กลุ่มผู้ใช้ที่ตรวจเจอ: PSU Student and Staff รายละเอียดจากตาราง: Cockpit 60 นาที (1 ชั่วโมง, 1 คน) • PSU Student and Staff: 0 บาท • PSU Alumni and General Student: 65 บาท • General Adult: 200 บาท แหล่งข้อมูล: https://esports.computing.psu.ac.th/wp-content/uploads/2026/01/PSU-Esports-Studio-phuket-SERVICE-FEE-2026.png",pipeline:deterministic_calculator_fast,service_fee/service_fee_query,100.0,True,0.349,0,,,
MB-1141-SF-174,service_fee,psu_fact,PSU Staff เล่น Cockpit 3 ชั่วโมง เสียกี่บาท,"ระยะเวลาที่ถามคือ 3 ชั่วโมง ใช้ 3 session ตามแพ็กเกจ Cockpit 60 นาที คำตอบราคา: 0 บาท สำหรับกลุ่ม PSU Student and Staff • คำนวณจาก 0 บาท/session x 3 session = 0 บาท กลุ่มผู้ใช้ที่ตรวจเจอ: PSU Student and Staff รายละเอียดจากตาราง: Cockpit 60 นาที (1 ชั่วโมง, 1 คน) • PSU Student and Staff: 0 บาท • PSU Alumni and General Student: 65 บาท • General Adult: 200 บาท แหล่งข้อมูล: https://esports.computing.psu.ac.th/wp-content/uploads/2026/01/PSU-Esports-Studio-phuket-SERVICE-FEE-2026.png",pipeline:deterministic_calculator_fast,service_fee/service_fee_query,100.0,True,0.3182,0,,,
MB-1142-SF-175,service_fee,psu_fact,Alumni เล่น Cockpit 30 นาที เสียกี่บาท,"ระยะเวลาที่ถามคือ 30 นาที ใช้ 1 session ตามแพ็กเกจ Cockpit 60 นาที ยังไม่ทราบกลุ่มผู้ใช้ จึงแสดงราคาทุกกลุ่มให้เทียบก่อน: • PSU Student and Staff: 0 บาท/session x 1 = 0 บาท • PSU Alumni and General Student / นักศึกษาหรือนักเรียนต่างสถาบัน: 65 บาท/session x 1 = 65 บาท • General Adult / บุคคลทั่วไป: 200 บาท/session x 1 = 200 บาท รายละเอียดจากตาราง: Cockpit 60 นาที (1 ชั่วโมง, 1 คน) • PSU Student and Staff: 0 บาท • PSU Alumni and General Student: 65 บาท • General Adult: 200 บาท แหล่งข้อมูล: https://esports.computing.psu.ac.th/wp-content/uploads/2026/01/PSU-Esports-Studio-phuket-SERVICE-FEE-2026.png",pipeline:deterministic_calculator_fast,service_fee/service_fee_query,100.0,True,0.3671,0,,,
MB-1143-SF-176,service_fee,psu_fact,Alumni เล่น Cockpit 1 ชั่วโมง เสียกี่บาท,"ระยะเวลาที่ถามคือ 1 ชั่วโมง ใช้ 1 session ตามแพ็กเกจ Cockpit 60 นาที ยังไม่ทราบกลุ่มผู้ใช้ จึงแสดงราคาทุกกลุ่มให้เทียบก่อน: • PSU Student and Staff: 0 บาท/session x 1 = 0 บาท • PSU Alumni and General Student / นักศึกษาหรือนักเรียนต่างสถาบัน: 65 บาท/session x 1 = 65 บาท • General Adult / บุคคลทั่วไป: 200 บาท/session x 1 = 200 บาท รายละเอียดจากตาราง: Cockpit 60 นาที (1 ชั่วโมง, 1 คน) • PSU Student and Staff: 0 บาท • PSU Alumni and General Student: 65 บาท • General Adult: 200 บาท แหล่งข้อมูล: https://esports.computing.psu.ac.th/wp-content/uploads/2026/01/PSU-Esports-Studio-phuket-SERVICE-FEE-2026.png",pipeline:deterministic_calculator_fast,service_fee/service_fee_query,100.0,True,0.3955,0,,,
MB-1144-SF-177,service_fee,psu_fact,Alumni เล่น Cockpit 2 ชั่วโมง เสียกี่บาท,"ระยะเวลาที่ถามคือ 2 ชั่วโมง ใช้ 2 session ตามแพ็กเกจ Cockpit 60 นาที ยังไม่ทราบกลุ่มผู้ใช้ จึงแสดงราคาทุกกลุ่มให้เทียบก่อน: • PSU Student and Staff: 0 บาท/session x 2 = 0 บาท • PSU Alumni and General Student / นักศึกษาหรือนักเรียนต่างสถาบัน: 65 บาท/session x 2 = 130 บาท • General Adult / บุคคลทั่วไป: 200 บาท/session x 2 = 400 บาท รายละเอียดจากตาราง: Cockpit 60 นาที (1 ชั่วโมง, 1 คน) • PSU Student and Staff: 0 บาท • PSU Alumni and General Student: 65 บาท • General Adult: 200 บาท แหล่งข้อมูล: https://esports.computing.psu.ac.th/wp-content/uploads/2026/01/PSU-Esports-Studio-phuket-SERVICE-FEE-2026.png",pipeline:deterministic_calculator_fast,service_fee/service_fee_query,100.0,True,0.4064,0,,,
MB-1145-SF-178,service_fee,psu_fact,Alumni เล่น Cockpit 3 ชั่วโมง เสียกี่บาท,"ระยะเวลาที่ถามคือ 3 ชั่วโมง ใช้ 3 session ตามแพ็กเกจ Cockpit 60 นาที ยังไม่ทราบกลุ่มผู้ใช้ จึงแสดงราคาทุกกลุ่มให้เทียบก่อน: • PSU Student and Staff: 0 บาท/session x 3 = 0 บาท • PSU Alumni and General Student / นักศึกษาหรือนักเรียนต่างสถาบัน: 65 บาท/session x 3 = 195 บาท • General Adult / บุคคลทั่วไป: 200 บาท/session x 3 = 600 บาท รายละเอียดจากตาราง: Cockpit 60 นาที (1 ชั่วโมง, 1 คน) • PSU Student and Staff: 0 บาท • PSU Alumni and General Student: 65 บาท • General Adult: 200 บาท แหล่งข้อมูล: https://esports.computing.psu.ac.th/wp-content/uploads/2026/01/PSU-Esports-Studio-phuket-SERVICE-FEE-2026.png",pipeline:deterministic_calculator_fast,service_fee/service_fee_query,100.0,True,0.3615,0,,,
MB-1146-SF-179,service_fee,psu_fact,General Student เล่น Cockpit 30 นาที เสียกี่บาท,"ระยะเวลาที่ถามคือ 30 นาที ใช้ 1 session ตามแพ็กเกจ Cockpit 60 นาที คำตอบราคา: 65 บาท สำหรับกลุ่ม PSU Alumni and General Student / นักศึกษาหรือนักเรียนต่างสถาบัน • คำนวณจาก 65 บาท/session x 1 session = 65 บาท กลุ่มผู้ใช้ที่ตรวจเจอ: PSU Alumni and General Student / นักศึกษาหรือนักเรียนต่างสถาบัน / มหาลัยอื่น รายละเอียดจากตาราง: Cockpit 60 นาที (1 ชั่วโมง, 1 คน) • PSU Student and Staff: 0 บาท • PSU Alumni and General Student: 65 บาท • General Adult: 200 บาท แหล่งข้อมูล: https://esports.computing.psu.ac.th/wp-content/uploads/2026/01/PSU-Esports-Studio-phuket-SERVICE-FEE-2026.png",pipeline:deterministic_calculator_fast,service_fee/service_fee_query,100.0,True,0.3558,0,,,
MB-1147-SF-180,service_fee,psu_fact,General Student เล่น Cockpit 1 ชั่วโมง เสียกี่บาท,"ระยะเวลาที่ถามคือ 1 ชั่วโมง ใช้ 1 session ตามแพ็กเกจ Cockpit 60 นาที คำตอบราคา: 65 บาท สำหรับกลุ่ม PSU Alumni and General Student / นักศึกษาหรือนักเรียนต่างสถาบัน • คำนวณจาก 65 บาท/session x 1 session = 65 บาท กลุ่มผู้ใช้ที่ตรวจเจอ: PSU Alumni and General Student / นักศึกษาหรือนักเรียนต่างสถาบัน / มหาลัยอื่น รายละเอียดจากตาราง: Cockpit 60 นาที (1 ชั่วโมง, 1 คน) • PSU Student and Staff: 0 บาท • PSU Alumni and General Student: 65 บาท • General Adult: 200 บาท แหล่งข้อมูล: https://esports.computing.psu.ac.th/wp-content/uploads/2026/01/PSU-Esports-Studio-phuket-SERVICE-FEE-2026.png",pipeline:deterministic_calculator_fast,service_fee/service_fee_query,100.0,True,0.4256,0,,,
MB-1148-SF-181,service_fee,psu_fact,General Student เล่น Cockpit 2 ชั่วโมง เสียกี่บาท,"ระยะเวลาที่ถามคือ 2 ชั่วโมง ใช้ 2 session ตามแพ็กเกจ Cockpit 60 นาที คำตอบราคา: 130 บาท สำหรับกลุ่ม PSU Alumni and General Student / นักศึกษาหรือนักเรียนต่างสถาบัน • คำนวณจาก 65 บาท/session x 2 session = 130 บาท กลุ่มผู้ใช้ที่ตรวจเจอ: PSU Alumni and General Student / นักศึกษาหรือนักเรียนต่างสถาบัน / มหาลัยอื่น รายละเอียดจากตาราง: Cockpit 60 นาที (1 ชั่วโมง, 1 คน) • PSU Student and Staff: 0 บาท • PSU Alumni and General Student: 65 บาท • General Adult: 200 บาท แหล่งข้อมูล: https://esports.computing.psu.ac.th/wp-content/uploads/2026/01/PSU-Esports-Studio-phuket-SERVICE-FEE-2026.png",pipeline:deterministic_calculator_fast,service_fee/service_fee_query,100.0,True,0.4095,0,,,
MB-1149-SF-182,service_fee,psu_fact,General Student เล่น Cockpit 3 ชั่วโมง เสียกี่บาท,"ระยะเวลาที่ถามคือ 3 ชั่วโมง ใช้ 3 session ตามแพ็กเกจ Cockpit 60 นาที คำตอบราคา: 195 บาท สำหรับกลุ่ม PSU Alumni and General Student / นักศึกษาหรือนักเรียนต่างสถาบัน • คำนวณจาก 65 บาท/session x 3 session = 195 บาท กลุ่มผู้ใช้ที่ตรวจเจอ: PSU Alumni and General Student / นักศึกษาหรือนักเรียนต่างสถาบัน / มหาลัยอื่น รายละเอียดจากตาราง: Cockpit 60 นาที (1 ชั่วโมง, 1 คน) • PSU Student and Staff: 0 บาท • PSU Alumni and General Student: 65 บาท • General Adult: 200 บาท แหล่งข้อมูล: https://esports.computing.psu.ac.th/wp-content/uploads/2026/01/PSU-Esports-Studio-phuket-SERVICE-FEE-2026.png",pipeline:deterministic_calculator_fast,service_fee/service_fee_query,100.0,True,0.3593,0,,,
MB-1150-SF-183,service_fee,psu_fact,General Adult เล่น Cockpit 30 นาที เสียกี่บาท,"ระยะเวลาที่ถามคือ 30 นาที ใช้ 1 session ตามแพ็กเกจ Cockpit 60 นาที ยังไม่ทราบกลุ่มผู้ใช้ จึงแสดงราคาทุกกลุ่มให้เทียบก่อน: • PSU Student and Staff: 0 บาท/session x 1 = 0 บาท • PSU Alumni and General Student / นักศึกษาหรือนักเรียนต่างสถาบัน: 65 บาท/session x 1 = 65 บาท • General Adult / บุคคลทั่วไป: 200 บาท/session x 1 = 200 บาท รายละเอียดจากตาราง: Cockpit 60 นาที (1 ชั่วโมง, 1 คน) • PSU Student and Staff: 0 บาท • PSU Alumni and General Student: 65 บาท • General Adult: 200 บาท แหล่งข้อมูล: https://esports.computing.psu.ac.th/wp-content/uploads/2026/01/PSU-Esports-Studio-phuket-SERVICE-FEE-2026.png",pipeline:deterministic_calculator_fast,service_fee/service_fee_query,100.0,True,0.4042,0,,,
MB-1151-SF-184,service_fee,psu_fact,General Adult เล่น Cockpit 1 ชั่วโมง เสียกี่บาท,"ระยะเวลาที่ถามคือ 1 ชั่วโมง ใช้ 1 session ตามแพ็กเกจ Cockpit 60 นาที ยังไม่ทราบกลุ่มผู้ใช้ จึงแสดงราคาทุกกลุ่มให้เทียบก่อน: • PSU Student and Staff: 0 บาท/session x 1 = 0 บาท • PSU Alumni and General Student / นักศึกษาหรือนักเรียนต่างสถาบัน: 65 บาท/session x 1 = 65 บาท • General Adult / บุคคลทั่วไป: 200 บาท/session x 1 = 200 บาท รายละเอียดจากตาราง: Cockpit 60 นาที (1 ชั่วโมง, 1 คน) • PSU Student and Staff: 0 บาท • PSU Alumni and General Student: 65 บาท • General Adult: 200 บาท แหล่งข้อมูล: https://esports.computing.psu.ac.th/wp-content/uploads/2026/01/PSU-Esports-Studio-phuket-SERVICE-FEE-2026.png",pipeline:deterministic_calculator_fast,service_fee/service_fee_query,100.0,True,0.3553,0,,,
MB-1152-SF-185,service_fee,psu_fact,General Adult เล่น Cockpit 2 ชั่วโมง เสียกี่บาท,"ระยะเวลาที่ถามคือ 2 ชั่วโมง ใช้ 2 session ตามแพ็กเกจ Cockpit 60 นาที ยังไม่ทราบกลุ่มผู้ใช้ จึงแสดงราคาทุกกลุ่มให้เทียบก่อน: • PSU Student and Staff: 0 บาท/session x 2 = 0 บาท • PSU Alumni and General Student / นักศึกษาหรือนักเรียนต่างสถาบัน: 65 บาท/session x 2 = 130 บาท • General Adult / บุคคลทั่วไป: 200 บาท/session x 2 = 400 บาท รายละเอียดจากตาราง: Cockpit 60 นาที (1 ชั่วโมง, 1 คน) • PSU Student and Staff: 0 บาท • PSU Alumni and General Student: 65 บาท • General Adult: 200 บาท แหล่งข้อมูล: https://esports.computing.psu.ac.th/wp-content/uploads/2026/01/PSU-Esports-Studio-phuket-SERVICE-FEE-2026.png",pipeline:deterministic_calculator_fast,service_fee/service_fee_query,100.0,True,0.3286,0,,,
MB-1153-SF-186,service_fee,psu_fact,General Adult เล่น Cockpit 3 ชั่วโมง เสียกี่บาท,"ระยะเวลาที่ถามคือ 3 ชั่วโมง ใช้ 3 session ตามแพ็กเกจ Cockpit 60 นาที ยังไม่ทราบกลุ่มผู้ใช้ จึงแสดงราคาทุกกลุ่มให้เทียบก่อน: • PSU Student and Staff: 0 บาท/session x 3 = 0 บาท • PSU Alumni and General Student / นักศึกษาหรือนักเรียนต่างสถาบัน: 65 บาท/session x 3 = 195 บาท • General Adult / บุคคลทั่วไป: 200 บาท/session x 3 = 600 บาท รายละเอียดจากตาราง: Cockpit 60 นาที (1 ชั่วโมง, 1 คน) • PSU Student and Staff: 0 บาท • PSU Alumni and General Student: 65 บาท • General Adult: 200 บาท แหล่งข้อมูล: https://esports.computing.psu.ac.th/wp-content/uploads/2026/01/PSU-Esports-Studio-phuket-SERVICE-FEE-2026.png",pipeline:deterministic_calculator_fast,service_fee/service_fee_query,100.0,True,0.3589,0,,,
MB-1154-SF-187,service_fee,psu_fact,คนทั่วไป เล่น Cockpit 30 นาที เสียกี่บาท,"ระยะเวลาที่ถามคือ 30 นาที ใช้ 1 session ตามแพ็กเกจ Cockpit 60 นาที คำตอบราคา: 200 บาท สำหรับกลุ่ม General Adult / บุคคลทั่วไป • คำนวณจาก 200 บาท/session x 1 session = 200 บาท กลุ่มผู้ใช้ที่ตรวจเจอ: General Adult / บุคคลทั่วไป รายละเอียดจากตาราง: Cockpit 60 นาที (1 ชั่วโมง, 1 คน) • PSU Student and Staff: 0 บาท • PSU Alumni and General Student: 65 บาท • General Adult: 200 บาท แหล่งข้อมูล: https://esports.computing.psu.ac.th/wp-content/uploads/2026/01/PSU-Esports-Studio-phuket-SERVICE-FEE-2026.png",pipeline:deterministic_calculator_fast,service_fee/service_fee_query,100.0,True,0.3171,0,,,
MB-1155-SF-188,service_fee,psu_fact,คนทั่วไป เล่น Cockpit 1 ชั่วโมง เสียกี่บาท,"ระยะเวลาที่ถามคือ 1 ชั่วโมง ใช้ 1 session ตามแพ็กเกจ Cockpit 60 นาที คำตอบราคา: 200 บาท สำหรับกลุ่ม General Adult / บุคคลทั่วไป • คำนวณจาก 200 บาท/session x 1 session = 200 บาท กลุ่มผู้ใช้ที่ตรวจเจอ: General Adult / บุคคลทั่วไป รายละเอียดจากตาราง: Cockpit 60 นาที (1 ชั่วโมง, 1 คน) • PSU Student and Staff: 0 บาท • PSU Alumni and General Student: 65 บาท • General Adult: 200 บาท แหล่งข้อมูล: https://esports.computing.psu.ac.th/wp-content/uploads/2026/01/PSU-Esports-Studio-phuket-SERVICE-FEE-2026.png",pipeline:deterministic_calculator_fast,service_fee/service_fee_query,100.0,True,0.3101,0,,,
MB-1156-SF-189,service_fee,psu_fact,คนทั่วไป เล่น Cockpit 2 ชั่วโมง เสียกี่บาท,"ระยะเวลาที่ถามคือ 2 ชั่วโมง ใช้ 2 session ตามแพ็กเกจ Cockpit 60 นาที คำตอบราคา: 400 บาท สำหรับกลุ่ม General Adult / บุคคลทั่วไป • คำนวณจาก 200 บาท/session x 2 session = 400 บาท กลุ่มผู้ใช้ที่ตรวจเจอ: General Adult / บุคคลทั่วไป รายละเอียดจากตาราง: Cockpit 60 นาที (1 ชั่วโมง, 1 คน) • PSU Student and Staff: 0 บาท • PSU Alumni and General Student: 65 บาท • General Adult: 200 บาท แหล่งข้อมูล: https://esports.computing.psu.ac.th/wp-content/uploads/2026/01/PSU-Esports-Studio-phuket-SERVICE-FEE-2026.png",pipeline:deterministic_calculator_fast,service_fee/service_fee_query,100.0,True,0.3324,0,,,
MB-1157-SF-190,service_fee,psu_fact,คนทั่วไป เล่น Cockpit 3 ชั่วโมง เสียกี่บาท,"ระยะเวลาที่ถามคือ 3 ชั่วโมง ใช้ 3 session ตามแพ็กเกจ Cockpit 60 นาที คำตอบราคา: 600 บาท สำหรับกลุ่ม General Adult / บุคคลทั่วไป • คำนวณจาก 200 บาท/session x 3 session = 600 บาท กลุ่มผู้ใช้ที่ตรวจเจอ: General Adult / บุคคลทั่วไป รายละเอียดจากตาราง: Cockpit 60 นาที (1 ชั่วโมง, 1 คน) • PSU Student and Staff: 0 บาท • PSU Alumni and General Student: 65 บาท • General Adult: 200 บาท แหล่งข้อมูล: https://esports.computing.psu.ac.th/wp-content/uploads/2026/01/PSU-Esports-Studio-phuket-SERVICE-FEE-2026.png",pipeline:deterministic_calculator_fast,service_fee/service_fee_query,100.0,True,0.3218,0,,,
MB-1158-SF-191,service_fee,psu_fact,นักศึกษา PSU เล่น Cockpit 3 ชั่วโมง เสียกี่บาท,"ระยะเวลาที่ถามคือ 3 ชั่วโมง ใช้ 3 session ตามแพ็กเกจ Cockpit 60 นาที คำตอบราคา: 0 บาท สำหรับกลุ่ม PSU Student and Staff • คำนวณจาก 0 บาท/session x 3 session = 0 บาท กลุ่มผู้ใช้ที่ตรวจเจอ: PSU Student and Staff รายละเอียดจากตาราง: Cockpit 60 นาที (1 ชั่วโมง, 1 คน) • PSU Student and Staff: 0 บาท • PSU Alumni and General Student: 65 บาท • General Adult: 200 บาท แหล่งข้อมูล: https://esports.computing.psu.ac.th/wp-content/uploads/2026/01/PSU-Esports-Studio-phuket-SERVICE-FEE-2026.png",pipeline:deterministic_calculator_fast,service_fee/service_fee_query,100.0,True,0.3326,0,,,
MB-1159-SF-192,service_fee,psu_fact,นักศึกษาต่างมหาลัย เล่น Cockpit 3 ชั่วโมง เสียกี่บาท,"ระยะเวลาที่ถามคือ 3 ชั่วโมง ใช้ 3 session ตามแพ็กเกจ Cockpit 60 นาที คำตอบราคา: 195 บาท สำหรับกลุ่ม PSU Alumni and General Student / นักศึกษาหรือนักเรียนต่างสถาบัน • คำนวณจาก 65 บาท/session x 3 session = 195 บาท กลุ่มผู้ใช้ที่ตรวจเจอ: PSU Alumni and General Student / นักศึกษาหรือนักเรียนต่างสถาบัน / มหาลัยอื่น รายละเอียดจากตาราง: Cockpit 60 นาที (1 ชั่วโมง, 1 คน) • PSU Student and Staff: 0 บาท • PSU Alumni and General Student: 65 บาท • General Adult: 200 บาท แหล่งข้อมูล: https://esports.computing.psu.ac.th/wp-content/uploads/2026/01/PSU-Esports-Studio-phuket-SERVICE-FEE-2026.png",pipeline:deterministic_calculator_fast,service_fee/service_fee_query,100.0,True,0.3489,0,,,
MB-1160-SF-193,service_fee,psu_fact,VR 30 นาที ราคาเท่าไหร่,ระยะเวลาที่ถามคือ 30 นาที ใช้ 1 session ตามแพ็กเกจ VR 30 นาที ยังไม่ทราบกลุ่มผู้ใช้ จึงแสดงราคาทุกกลุ่มให้เทียบก่อน: • PSU Student and Staff: 0 บาท/session x 1 = 0 บาท • PSU Alumni and General Student / นักศึกษาหรือนักเรียนต่างสถาบัน: 190 บาท/session x 1 = 190 บาท • General Adult / บุคคลทั่วไป: 525 บาท/session x 1 = 525 บาท รายละเอียดจากตาราง: VR 30 นาที (1-5 คน) • PSU Student and Staff: 0 บาท • PSU Alumni and General Student: 190 บาท • General Adult: 525 บาท แหล่งข้อมูล: https://esports.computing.psu.ac.th/wp-content/uploads/2026/01/PSU-Esports-Studio-phuket-SERVICE-FEE-2026.png,pipeline:deterministic_calculator_fast,service_fee/service_fee_query,100.0,True,0.2331,0,,,
MB-1161-SF-194,service_fee,psu_fact,PSU Student เล่น VR 30 นาที 30 นาที เสียกี่บาท,ระยะเวลาที่ถามคือ 30 นาที ใช้ 1 session ตามแพ็กเกจ VR 30 นาที คำตอบราคา: 0 บาท สำหรับกลุ่ม PSU Student and Staff • คำนวณจาก 0 บาท/session x 1 session = 0 บาท กลุ่มผู้ใช้ที่ตรวจเจอ: PSU Student and Staff รายละเอียดจากตาราง: VR 30 นาที (1-5 คน) • PSU Student and Staff: 0 บาท • PSU Alumni and General Student: 190 บาท • General Adult: 525 บาท แหล่งข้อมูล: https://esports.computing.psu.ac.th/wp-content/uploads/2026/01/PSU-Esports-Studio-phuket-SERVICE-FEE-2026.png,pipeline:deterministic_calculator_fast,service_fee/service_fee_query,100.0,True,0.3189,0,,,
MB-1162-SF-195,service_fee,psu_fact,PSU Student เล่น VR 30 นาที 1 ชั่วโมง เสียกี่บาท,"ราคา VR สำหรับกลุ่ม PSU Student and Staff • VR 30 นาที: 0 บาท • VR 1 ชั่วโมง: 0 บาท กลุ่มผู้ใช้ที่ตรวจเจอ: PSU Student and Staff หมายเหตุ: คำถามยังไม่ระบุระยะเวลา จึงแสดงทั้งราคา 30 นาทีและ 1 ชั่วโมง รายละเอียดจากตาราง: VR 30 นาที (1-5 คน) • PSU Student and Staff: 0 บาท • PSU Alumni and General Student: 190 บาท • General Adult: 525 บาท VR 1 ชั่วโมง (60 นาที, 1-5 คน) • PSU Student and Staff: 0 บาท • PSU Alumni and General Student: 375 บาท • General Adult: 1,050 บาท แหล่งข้อมูล: https://esports.computing.psu.ac.th/wp-content/uploads/2026/01/PSU-Esports-Studio-phuket-SERVICE-FEE-2026.png",pipeline:deterministic_calculator_fast,service_fee/service_fee_query,100.0,True,0.3308,0,,,
MB-1163-SF-196,service_fee,psu_fact,PSU Student เล่น VR 30 นาที 2 ชั่วโมง เสียกี่บาท,ระยะเวลาที่ถามคือ 2 ชั่วโมง ใช้ 4 session ตามแพ็กเกจ VR 30 นาที คำตอบราคา: 0 บาท สำหรับกลุ่ม PSU Student and Staff • คำนวณจาก 0 บาท/session x 4 session = 0 บาท กลุ่มผู้ใช้ที่ตรวจเจอ: PSU Student and Staff รายละเอียดจากตาราง: VR 30 นาที (1-5 คน) • PSU Student and Staff: 0 บาท • PSU Alumni and General Student: 190 บาท • General Adult: 525 บาท แหล่งข้อมูล: https://esports.computing.psu.ac.th/wp-content/uploads/2026/01/PSU-Esports-Studio-phuket-SERVICE-FEE-2026.png,pipeline:deterministic_calculator_fast,service_fee/service_fee_query,100.0,True,0.3478,0,,,
MB-1164-SF-197,service_fee,psu_fact,PSU Student เล่น VR 30 นาที 3 ชั่วโมง เสียกี่บาท,ระยะเวลาที่ถามคือ 3 ชั่วโมง ใช้ 6 session ตามแพ็กเกจ VR 30 นาที คำตอบราคา: 0 บาท สำหรับกลุ่ม PSU Student and Staff • คำนวณจาก 0 บาท/session x 6 session = 0 บาท กลุ่มผู้ใช้ที่ตรวจเจอ: PSU Student and Staff รายละเอียดจากตาราง: VR 30 นาที (1-5 คน) • PSU Student and Staff: 0 บาท • PSU Alumni and General Student: 190 บาท • General Adult: 525 บาท แหล่งข้อมูล: https://esports.computing.psu.ac.th/wp-content/uploads/2026/01/PSU-Esports-Studio-phuket-SERVICE-FEE-2026.png,pipeline:deterministic_calculator_fast,service_fee/service_fee_query,100.0,True,0.3462,0,,,
MB-1165-SF-198,service_fee,psu_fact,PSU Staff เล่น VR 30 นาที 30 นาที เสียกี่บาท,ระยะเวลาที่ถามคือ 30 นาที ใช้ 1 session ตามแพ็กเกจ VR 30 นาที คำตอบราคา: 0 บาท สำหรับกลุ่ม PSU Student and Staff • คำนวณจาก 0 บาท/session x 1 session = 0 บาท กลุ่มผู้ใช้ที่ตรวจเจอ: PSU Student and Staff รายละเอียดจากตาราง: VR 30 นาที (1-5 คน) • PSU Student and Staff: 0 บาท • PSU Alumni and General Student: 190 บาท • General Adult: 525 บาท แหล่งข้อมูล: https://esports.computing.psu.ac.th/wp-content/uploads/2026/01/PSU-Esports-Studio-phuket-SERVICE-FEE-2026.png,pipeline:deterministic_calculator_fast,service_fee/service_fee_query,100.0,True,0.342,0,,,
MB-1166-SF-199,service_fee,psu_fact,PSU Staff เล่น VR 30 นาที 1 ชั่วโมง เสียกี่บาท,"ราคา VR สำหรับกลุ่ม PSU Student and Staff • VR 30 นาที: 0 บาท • VR 1 ชั่วโมง: 0 บาท กลุ่มผู้ใช้ที่ตรวจเจอ: PSU Student and Staff หมายเหตุ: คำถามยังไม่ระบุระยะเวลา จึงแสดงทั้งราคา 30 นาทีและ 1 ชั่วโมง รายละเอียดจากตาราง: VR 30 นาที (1-5 คน) • PSU Student and Staff: 0 บาท • PSU Alumni and General Student: 190 บาท • General Adult: 525 บาท VR 1 ชั่วโมง (60 นาที, 1-5 คน) • PSU Student and Staff: 0 บาท • PSU Alumni and General Student: 375 บาท • General Adult: 1,050 บาท แหล่งข้อมูล: https://esports.computing.psu.ac.th/wp-content/uploads/2026/01/PSU-Esports-Studio-phuket-SERVICE-FEE-2026.png",pipeline:deterministic_calculator_fast,service_fee/service_fee_query,100.0,True,0.3332,0,,,
MB-1167-SF-200,service_fee,psu_fact,PSU Staff เล่น VR 30 นาที 2 ชั่วโมง เสียกี่บาท,ระยะเวลาที่ถามคือ 2 ชั่วโมง ใช้ 4 session ตามแพ็กเกจ VR 30 นาที คำตอบราคา: 0 บาท สำหรับกลุ่ม PSU Student and Staff • คำนวณจาก 0 บาท/session x 4 session = 0 บาท กลุ่มผู้ใช้ที่ตรวจเจอ: PSU Student and Staff รายละเอียดจากตาราง: VR 30 นาที (1-5 คน) • PSU Student and Staff: 0 บาท • PSU Alumni and General Student: 190 บาท • General Adult: 525 บาท แหล่งข้อมูล: https://esports.computing.psu.ac.th/wp-content/uploads/2026/01/PSU-Esports-Studio-phuket-SERVICE-FEE-2026.png,pipeline:deterministic_calculator_fast,service_fee/service_fee_query,100.0,True,0.3182,0,,,
MB-1168-SF-201,service_fee,psu_fact,PSU Staff เล่น VR 30 นาที 3 ชั่วโมง เสียกี่บาท,ระยะเวลาที่ถามคือ 3 ชั่วโมง ใช้ 6 session ตามแพ็กเกจ VR 30 นาที คำตอบราคา: 0 บาท สำหรับกลุ่ม PSU Student and Staff • คำนวณจาก 0 บาท/session x 6 session = 0 บาท กลุ่มผู้ใช้ที่ตรวจเจอ: PSU Student and Staff รายละเอียดจากตาราง: VR 30 นาที (1-5 คน) • PSU Student and Staff: 0 บาท • PSU Alumni and General Student: 190 บาท • General Adult: 525 บาท แหล่งข้อมูล: https://esports.computing.psu.ac.th/wp-content/uploads/2026/01/PSU-Esports-Studio-phuket-SERVICE-FEE-2026.png,pipeline:deterministic_calculator_fast,service_fee/service_fee_query,100.0,True,0.3412,0,,,
MB-1169-SF-202,service_fee,psu_fact,Alumni เล่น VR 30 นาที 30 นาที เสียกี่บาท,ระยะเวลาที่ถามคือ 30 นาที ใช้ 1 session ตามแพ็กเกจ VR 30 นาที ยังไม่ทราบกลุ่มผู้ใช้ จึงแสดงราคาทุกกลุ่มให้เทียบก่อน: • PSU Student and Staff: 0 บาท/session x 1 = 0 บาท • PSU Alumni and General Student / นักศึกษาหรือนักเรียนต่างสถาบัน: 190 บาท/session x 1 = 190 บาท • General Adult / บุคคลทั่วไป: 525 บาท/session x 1 = 525 บาท รายละเอียดจากตาราง: VR 30 นาที (1-5 คน) • PSU Student and Staff: 0 บาท • PSU Alumni and General Student: 190 บาท • General Adult: 525 บาท แหล่งข้อมูล: https://esports.computing.psu.ac.th/wp-content/uploads/2026/01/PSU-Esports-Studio-phuket-SERVICE-FEE-2026.png,pipeline:deterministic_calculator_fast,service_fee/service_fee_query,100.0,True,0.303,0,,,
MB-1170-SF-203,service_fee,psu_fact,Alumni เล่น VR 30 นาที 1 ชั่วโมง เสียกี่บาท,"VR 30 นาที (1-5 คน) • PSU Student and Staff: 0 บาท • PSU Alumni and General Student: 190 บาท • General Adult: 525 บาท VR 1 ชั่วโมง (60 นาที, 1-5 คน) • PSU Student and Staff: 0 บาท • PSU Alumni and General Student: 375 บาท • General Adult: 1,050 บาท แหล่งข้อมูล: https://esports.computing.psu.ac.th/wp-content/uploads/2026/01/PSU-Esports-Studio-phuket-SERVICE-FEE-2026.png",pipeline:deterministic_calculator_fast,service_fee/service_fee_query,100.0,True,0.3169,0,,,
MB-1171-SF-204,service_fee,psu_fact,Alumni เล่น VR 30 นาที 2 ชั่วโมง เสียกี่บาท,ระยะเวลาที่ถามคือ 2 ชั่วโมง ใช้ 4 session ตามแพ็กเกจ VR 30 นาที ยังไม่ทราบกลุ่มผู้ใช้ จึงแสดงราคาทุกกลุ่มให้เทียบก่อน: • PSU Student and Staff: 0 บาท/session x 4 = 0 บาท • PSU Alumni and General Student / นักศึกษาหรือนักเรียนต่างสถาบัน: 190 บาท/session x 4 = 760 บาท • General Adult / บุคคลทั่วไป: 525 บาท/session x 4 = 2100 บาท รายละเอียดจากตาราง: VR 30 นาที (1-5 คน) • PSU Student and Staff: 0 บาท • PSU Alumni and General Student: 190 บาท • General Adult: 525 บาท แหล่งข้อมูล: https://esports.computing.psu.ac.th/wp-content/uploads/2026/01/PSU-Esports-Studio-phuket-SERVICE-FEE-2026.png,pipeline:deterministic_calculator_fast,service_fee/service_fee_query,100.0,True,0.3511,0,,,
MB-1172-SF-205,service_fee,psu_fact,Alumni เล่น VR 30 นาที 3 ชั่วโมง เสียกี่บาท,ระยะเวลาที่ถามคือ 3 ชั่วโมง ใช้ 6 session ตามแพ็กเกจ VR 30 นาที ยังไม่ทราบกลุ่มผู้ใช้ จึงแสดงราคาทุกกลุ่มให้เทียบก่อน: • PSU Student and Staff: 0 บาท/session x 6 = 0 บาท • PSU Alumni and General Student / นักศึกษาหรือนักเรียนต่างสถาบัน: 190 บาท/session x 6 = 1140 บาท • General Adult / บุคคลทั่วไป: 525 บาท/session x 6 = 3150 บาท รายละเอียดจากตาราง: VR 30 นาที (1-5 คน) • PSU Student and Staff: 0 บาท • PSU Alumni and General Student: 190 บาท • General Adult: 525 บาท แหล่งข้อมูล: https://esports.computing.psu.ac.th/wp-content/uploads/2026/01/PSU-Esports-Studio-phuket-SERVICE-FEE-2026.png,pipeline:deterministic_calculator_fast,service_fee/service_fee_query,100.0,True,0.3372,0,,,
MB-1173-SF-206,service_fee,psu_fact,General Student เล่น VR 30 นาที 30 นาที เสียกี่บาท,ระยะเวลาที่ถามคือ 30 นาที ใช้ 1 session ตามแพ็กเกจ VR 30 นาที คำตอบราคา: 190 บาท สำหรับกลุ่ม PSU Alumni and General Student / นักศึกษาหรือนักเรียนต่างสถาบัน • คำนวณจาก 190 บาท/session x 1 session = 190 บาท กลุ่มผู้ใช้ที่ตรวจเจอ: PSU Alumni and General Student / นักศึกษาหรือนักเรียนต่างสถาบัน / มหาลัยอื่น รายละเอียดจากตาราง: VR 30 นาที (1-5 คน) • PSU Student and Staff: 0 บาท • PSU Alumni and General Student: 190 บาท • General Adult: 525 บาท แหล่งข้อมูล: https://esports.computing.psu.ac.th/wp-content/uploads/2026/01/PSU-Esports-Studio-phuket-SERVICE-FEE-2026.png,pipeline:deterministic_calculator_fast,service_fee/service_fee_query,100.0,True,0.341,0,,,
MB-1174-SF-207,service_fee,psu_fact,General Student เล่น VR 30 นาที 1 ชั่วโมง เสียกี่บาท,"ราคา VR สำหรับกลุ่ม PSU Alumni and General Student / นักศึกษาหรือนักเรียนต่างสถาบัน • VR 30 นาที: 190 บาท • VR 1 ชั่วโมง: 375 บาท กลุ่มผู้ใช้ที่ตรวจเจอ: PSU Alumni and General Student / นักศึกษาหรือนักเรียนต่างสถาบัน / มหาลัยอื่น หมายเหตุ: คำถามยังไม่ระบุระยะเวลา จึงแสดงทั้งราคา 30 นาทีและ 1 ชั่วโมง รายละเอียดจากตาราง: VR 30 นาที (1-5 คน) • PSU Student and Staff: 0 บาท • PSU Alumni and General Student: 190 บาท • General Adult: 525 บาท VR 1 ชั่วโมง (60 นาที, 1-5 คน) • PSU Student and Staff: 0 บาท • PSU Alumni and General Student: 375 บาท • General Adult: 1,050 บาท แหล่งข้อมูล: https://esports.computing.psu.ac.th/wp-content/uploads/2026/01/PSU-Esports-Studio-phuket-SERVICE-FEE-2026.png",pipeline:deterministic_calculator_fast,service_fee/service_fee_query,100.0,True,0.3393,0,,,
MB-1175-SF-208,service_fee,psu_fact,General Student เล่น VR 30 นาที 2 ชั่วโมง เสียกี่บาท,ระยะเวลาที่ถามคือ 2 ชั่วโมง ใช้ 4 session ตามแพ็กเกจ VR 30 นาที คำตอบราคา: 760 บาท สำหรับกลุ่ม PSU Alumni and General Student / นักศึกษาหรือนักเรียนต่างสถาบัน • คำนวณจาก 190 บาท/session x 4 session = 760 บาท กลุ่มผู้ใช้ที่ตรวจเจอ: PSU Alumni and General Student / นักศึกษาหรือนักเรียนต่างสถาบัน / มหาลัยอื่น รายละเอียดจากตาราง: VR 30 นาที (1-5 คน) • PSU Student and Staff: 0 บาท • PSU Alumni and General Student: 190 บาท • General Adult: 525 บาท แหล่งข้อมูล: https://esports.computing.psu.ac.th/wp-content/uploads/2026/01/PSU-Esports-Studio-phuket-SERVICE-FEE-2026.png,pipeline:deterministic_calculator_fast,service_fee/service_fee_query,100.0,True,0.4023,0,,,
MB-1176-SF-209,service_fee,psu_fact,General Student เล่น VR 30 นาที 3 ชั่วโมง เสียกี่บาท,ระยะเวลาที่ถามคือ 3 ชั่วโมง ใช้ 6 session ตามแพ็กเกจ VR 30 นาที คำตอบราคา: 1140 บาท สำหรับกลุ่ม PSU Alumni and General Student / นักศึกษาหรือนักเรียนต่างสถาบัน • คำนวณจาก 190 บาท/session x 6 session = 1140 บาท กลุ่มผู้ใช้ที่ตรวจเจอ: PSU Alumni and General Student / นักศึกษาหรือนักเรียนต่างสถาบัน / มหาลัยอื่น รายละเอียดจากตาราง: VR 30 นาที (1-5 คน) • PSU Student and Staff: 0 บาท • PSU Alumni and General Student: 190 บาท • General Adult: 525 บาท แหล่งข้อมูล: https://esports.computing.psu.ac.th/wp-content/uploads/2026/01/PSU-Esports-Studio-phuket-SERVICE-FEE-2026.png,pipeline:deterministic_calculator_fast,service_fee/service_fee_query,100.0,True,0.4679,0,,,
MB-1177-SF-210,service_fee,psu_fact,General Adult เล่น VR 30 นาที 30 นาที เสียกี่บาท,ระยะเวลาที่ถามคือ 30 นาที ใช้ 1 session ตามแพ็กเกจ VR 30 นาที ยังไม่ทราบกลุ่มผู้ใช้ จึงแสดงราคาทุกกลุ่มให้เทียบก่อน: • PSU Student and Staff: 0 บาท/session x 1 = 0 บาท • PSU Alumni and General Student / นักศึกษาหรือนักเรียนต่างสถาบัน: 190 บาท/session x 1 = 190 บาท • General Adult / บุคคลทั่วไป: 525 บาท/session x 1 = 525 บาท รายละเอียดจากตาราง: VR 30 นาที (1-5 คน) • PSU Student and Staff: 0 บาท • PSU Alumni and General Student: 190 บาท • General Adult: 525 บาท แหล่งข้อมูล: https://esports.computing.psu.ac.th/wp-content/uploads/2026/01/PSU-Esports-Studio-phuket-SERVICE-FEE-2026.png,pipeline:deterministic_calculator_fast,service_fee/service_fee_query,100.0,True,0.43,0,,,
MB-1178-SF-211,service_fee,psu_fact,General Adult เล่น VR 30 นาที 1 ชั่วโมง เสียกี่บาท,"VR 30 นาที (1-5 คน) • PSU Student and Staff: 0 บาท • PSU Alumni and General Student: 190 บาท • General Adult: 525 บาท VR 1 ชั่วโมง (60 นาที, 1-5 คน) • PSU Student and Staff: 0 บาท • PSU Alumni and General Student: 375 บาท • General Adult: 1,050 บาท แหล่งข้อมูล: https://esports.computing.psu.ac.th/wp-content/uploads/2026/01/PSU-Esports-Studio-phuket-SERVICE-FEE-2026.png",pipeline:deterministic_calculator_fast,service_fee/service_fee_query,100.0,True,0.4516,0,,,
MB-1179-SF-212,service_fee,psu_fact,General Adult เล่น VR 30 นาที 2 ชั่วโมง เสียกี่บาท,ระยะเวลาที่ถามคือ 2 ชั่วโมง ใช้ 4 session ตามแพ็กเกจ VR 30 นาที ยังไม่ทราบกลุ่มผู้ใช้ จึงแสดงราคาทุกกลุ่มให้เทียบก่อน: • PSU Student and Staff: 0 บาท/session x 4 = 0 บาท • PSU Alumni and General Student / นักศึกษาหรือนักเรียนต่างสถาบัน: 190 บาท/session x 4 = 760 บาท • General Adult / บุคคลทั่วไป: 525 บาท/session x 4 = 2100 บาท รายละเอียดจากตาราง: VR 30 นาที (1-5 คน) • PSU Student and Staff: 0 บาท • PSU Alumni and General Student: 190 บาท • General Adult: 525 บาท แหล่งข้อมูล: https://esports.computing.psu.ac.th/wp-content/uploads/2026/01/PSU-Esports-Studio-phuket-SERVICE-FEE-2026.png,pipeline:deterministic_calculator_fast,service_fee/service_fee_query,100.0,True,0.3593,0,,,
MB-1180-SF-213,service_fee,psu_fact,General Adult เล่น VR 30 นาที 3 ชั่วโมง เสียกี่บาท,ระยะเวลาที่ถามคือ 3 ชั่วโมง ใช้ 6 session ตามแพ็กเกจ VR 30 นาที ยังไม่ทราบกลุ่มผู้ใช้ จึงแสดงราคาทุกกลุ่มให้เทียบก่อน: • PSU Student and Staff: 0 บาท/session x 6 = 0 บาท • PSU Alumni and General Student / นักศึกษาหรือนักเรียนต่างสถาบัน: 190 บาท/session x 6 = 1140 บาท • General Adult / บุคคลทั่วไป: 525 บาท/session x 6 = 3150 บาท รายละเอียดจากตาราง: VR 30 นาที (1-5 คน) • PSU Student and Staff: 0 บาท • PSU Alumni and General Student: 190 บาท • General Adult: 525 บาท แหล่งข้อมูล: https://esports.computing.psu.ac.th/wp-content/uploads/2026/01/PSU-Esports-Studio-phuket-SERVICE-FEE-2026.png,pipeline:deterministic_calculator_fast,service_fee/service_fee_query,100.0,True,0.3614,0,,,
MB-1181-SF-214,service_fee,psu_fact,คนทั่วไป เล่น VR 30 นาที 30 นาที เสียกี่บาท,ระยะเวลาที่ถามคือ 30 นาที ใช้ 1 session ตามแพ็กเกจ VR 30 นาที คำตอบราคา: 525 บาท สำหรับกลุ่ม General Adult / บุคคลทั่วไป • คำนวณจาก 525 บาท/session x 1 session = 525 บาท กลุ่มผู้ใช้ที่ตรวจเจอ: General Adult / บุคคลทั่วไป รายละเอียดจากตาราง: VR 30 นาที (1-5 คน) • PSU Student and Staff: 0 บาท • PSU Alumni and General Student: 190 บาท • General Adult: 525 บาท แหล่งข้อมูล: https://esports.computing.psu.ac.th/wp-content/uploads/2026/01/PSU-Esports-Studio-phuket-SERVICE-FEE-2026.png,pipeline:deterministic_calculator_fast,service_fee/service_fee_query,100.0,True,0.2841,0,,,
MB-1182-SF-215,service_fee,psu_fact,คนทั่วไป เล่น VR 30 นาที 1 ชั่วโมง เสียกี่บาท,"ราคา VR สำหรับกลุ่ม General Adult / บุคคลทั่วไป • VR 30 นาที: 525 บาท • VR 1 ชั่วโมง: 1,050 บาท กลุ่มผู้ใช้ที่ตรวจเจอ: General Adult / บุคคลทั่วไป หมายเหตุ: คำถามยังไม่ระบุระยะเวลา จึงแสดงทั้งราคา 30 นาทีและ 1 ชั่วโมง รายละเอียดจากตาราง: VR 30 นาที (1-5 คน) • PSU Student and Staff: 0 บาท • PSU Alumni and General Student: 190 บาท • General Adult: 525 บาท VR 1 ชั่วโมง (60 นาที, 1-5 คน) • PSU Student and Staff: 0 บาท • PSU Alumni and General Student: 375 บาท • General Adult: 1,050 บาท แหล่งข้อมูล: https://esports.computing.psu.ac.th/wp-content/uploads/2026/01/PSU-Esports-Studio-phuket-SERVICE-FEE-2026.png",pipeline:deterministic_calculator_fast,service_fee/service_fee_query,100.0,True,0.3442,0,,,
MB-1183-SF-216,service_fee,psu_fact,คนทั่วไป เล่น VR 30 นาที 2 ชั่วโมง เสียกี่บาท,ระยะเวลาที่ถามคือ 2 ชั่วโมง ใช้ 4 session ตามแพ็กเกจ VR 30 นาที คำตอบราคา: 2100 บาท สำหรับกลุ่ม General Adult / บุคคลทั่วไป • คำนวณจาก 525 บาท/session x 4 session = 2100 บาท กลุ่มผู้ใช้ที่ตรวจเจอ: General Adult / บุคคลทั่วไป รายละเอียดจากตาราง: VR 30 นาที (1-5 คน) • PSU Student and Staff: 0 บาท • PSU Alumni and General Student: 190 บาท • General Adult: 525 บาท แหล่งข้อมูล: https://esports.computing.psu.ac.th/wp-content/uploads/2026/01/PSU-Esports-Studio-phuket-SERVICE-FEE-2026.png,pipeline:deterministic_calculator_fast,service_fee/service_fee_query,100.0,True,0.3536,0,,,
MB-1184-SF-217,service_fee,psu_fact,คนทั่วไป เล่น VR 30 นาที 3 ชั่วโมง เสียกี่บาท,ระยะเวลาที่ถามคือ 3 ชั่วโมง ใช้ 6 session ตามแพ็กเกจ VR 30 นาที คำตอบราคา: 3150 บาท สำหรับกลุ่ม General Adult / บุคคลทั่วไป • คำนวณจาก 525 บาท/session x 6 session = 3150 บาท กลุ่มผู้ใช้ที่ตรวจเจอ: General Adult / บุคคลทั่วไป รายละเอียดจากตาราง: VR 30 นาที (1-5 คน) • PSU Student and Staff: 0 บาท • PSU Alumni and General Student: 190 บาท • General Adult: 525 บาท แหล่งข้อมูล: https://esports.computing.psu.ac.th/wp-content/uploads/2026/01/PSU-Esports-Studio-phuket-SERVICE-FEE-2026.png,pipeline:deterministic_calculator_fast,service_fee/service_fee_query,100.0,True,0.3163,0,,,
MB-1185-SF-218,service_fee,psu_fact,นักศึกษา PSU เล่น VR 30 นาที 30 นาที เสียกี่บาท,ระยะเวลาที่ถามคือ 30 นาที ใช้ 1 session ตามแพ็กเกจ VR 30 นาที คำตอบราคา: 0 บาท สำหรับกลุ่ม PSU Student and Staff • คำนวณจาก 0 บาท/session x 1 session = 0 บาท กลุ่มผู้ใช้ที่ตรวจเจอ: PSU Student and Staff รายละเอียดจากตาราง: VR 30 นาที (1-5 คน) • PSU Student and Staff: 0 บาท • PSU Alumni and General Student: 190 บาท • General Adult: 525 บาท แหล่งข้อมูล: https://esports.computing.psu.ac.th/wp-content/uploads/2026/01/PSU-Esports-Studio-phuket-SERVICE-FEE-2026.png,pipeline:deterministic_calculator_fast,service_fee/service_fee_query,100.0,True,0.3227,0,,,
MB-1186-SF-219,service_fee,psu_fact,นักศึกษา PSU เล่น VR 30 นาที 1 ชั่วโมง เสียกี่บาท,"ราคา VR สำหรับกลุ่ม PSU Student and Staff • VR 30 นาที: 0 บาท • VR 1 ชั่วโมง: 0 บาท กลุ่มผู้ใช้ที่ตรวจเจอ: PSU Student and Staff หมายเหตุ: คำถามยังไม่ระบุระยะเวลา จึงแสดงทั้งราคา 30 นาทีและ 1 ชั่วโมง รายละเอียดจากตาราง: VR 30 นาที (1-5 คน) • PSU Student and Staff: 0 บาท • PSU Alumni and General Student: 190 บาท • General Adult: 525 บาท VR 1 ชั่วโมง (60 นาที, 1-5 คน) • PSU Student and Staff: 0 บาท • PSU Alumni and General Student: 375 บาท • General Adult: 1,050 บาท แหล่งข้อมูล: https://esports.computing.psu.ac.th/wp-content/uploads/2026/01/PSU-Esports-Studio-phuket-SERVICE-FEE-2026.png",pipeline:deterministic_calculator_fast,service_fee/service_fee_query,100.0,True,0.3284,0,,,
MB-1187-SF-220,service_fee,psu_fact,นักศึกษา PSU เล่น VR 30 นาที 2 ชั่วโมง เสียกี่บาท,ระยะเวลาที่ถามคือ 2 ชั่วโมง ใช้ 4 session ตามแพ็กเกจ VR 30 นาที คำตอบราคา: 0 บาท สำหรับกลุ่ม PSU Student and Staff • คำนวณจาก 0 บาท/session x 4 session = 0 บาท กลุ่มผู้ใช้ที่ตรวจเจอ: PSU Student and Staff รายละเอียดจากตาราง: VR 30 นาที (1-5 คน) • PSU Student and Staff: 0 บาท • PSU Alumni and General Student: 190 บาท • General Adult: 525 บาท แหล่งข้อมูล: https://esports.computing.psu.ac.th/wp-content/uploads/2026/01/PSU-Esports-Studio-phuket-SERVICE-FEE-2026.png,pipeline:deterministic_calculator_fast,service_fee/service_fee_query,100.0,True,0.3306,0,,,
MB-1188-SF-221,service_fee,psu_fact,นักศึกษา PSU เล่น VR 30 นาที 3 ชั่วโมง เสียกี่บาท,ระยะเวลาที่ถามคือ 3 ชั่วโมง ใช้ 6 session ตามแพ็กเกจ VR 30 นาที คำตอบราคา: 0 บาท สำหรับกลุ่ม PSU Student and Staff • คำนวณจาก 0 บาท/session x 6 session = 0 บาท กลุ่มผู้ใช้ที่ตรวจเจอ: PSU Student and Staff รายละเอียดจากตาราง: VR 30 นาที (1-5 คน) • PSU Student and Staff: 0 บาท • PSU Alumni and General Student: 190 บาท • General Adult: 525 บาท แหล่งข้อมูล: https://esports.computing.psu.ac.th/wp-content/uploads/2026/01/PSU-Esports-Studio-phuket-SERVICE-FEE-2026.png,pipeline:deterministic_calculator_fast,service_fee/service_fee_query,100.0,True,0.3351,0,,,
MB-1189-SF-222,service_fee,psu_fact,นักศึกษาต่างมหาลัย เล่น VR 30 นาที 30 นาที เสียกี่บาท,ระยะเวลาที่ถามคือ 30 นาที ใช้ 1 session ตามแพ็กเกจ VR 30 นาที คำตอบราคา: 190 บาท สำหรับกลุ่ม PSU Alumni and General Student / นักศึกษาหรือนักเรียนต่างสถาบัน • คำนวณจาก 190 บาท/session x 1 session = 190 บาท กลุ่มผู้ใช้ที่ตรวจเจอ: PSU Alumni and General Student / นักศึกษาหรือนักเรียนต่างสถาบัน / มหาลัยอื่น รายละเอียดจากตาราง: VR 30 นาที (1-5 คน) • PSU Student and Staff: 0 บาท • PSU Alumni and General Student: 190 บาท • General Adult: 525 บาท แหล่งข้อมูล: https://esports.computing.psu.ac.th/wp-content/uploads/2026/01/PSU-Esports-Studio-phuket-SERVICE-FEE-2026.png,pipeline:deterministic_calculator_fast,service_fee/service_fee_query,100.0,True,0.4047,0,,,
MB-1190-SF-223,service_fee,psu_fact,นักศึกษาต่างมหาลัย เล่น VR 30 นาที 1 ชั่วโมง เสียกี่บาท,"ราคา VR สำหรับกลุ่ม PSU Alumni and General Student / นักศึกษาหรือนักเรียนต่างสถาบัน • VR 30 นาที: 190 บาท • VR 1 ชั่วโมง: 375 บาท กลุ่มผู้ใช้ที่ตรวจเจอ: PSU Alumni and General Student / นักศึกษาหรือนักเรียนต่างสถาบัน / มหาลัยอื่น หมายเหตุ: คำถามยังไม่ระบุระยะเวลา จึงแสดงทั้งราคา 30 นาทีและ 1 ชั่วโมง รายละเอียดจากตาราง: VR 30 นาที (1-5 คน) • PSU Student and Staff: 0 บาท • PSU Alumni and General Student: 190 บาท • General Adult: 525 บาท VR 1 ชั่วโมง (60 นาที, 1-5 คน) • PSU Student and Staff: 0 บาท • PSU Alumni and General Student: 375 บาท • General Adult: 1,050 บาท แหล่งข้อมูล: https://esports.computing.psu.ac.th/wp-content/uploads/2026/01/PSU-Esports-Studio-phuket-SERVICE-FEE-2026.png",pipeline:deterministic_calculator_fast,service_fee/service_fee_query,100.0,True,0.3922,0,,,
MB-1191-SF-224,service_fee,psu_fact,นักศึกษาต่างมหาลัย เล่น VR 30 นาที 2 ชั่วโมง เสียกี่บาท,ระยะเวลาที่ถามคือ 2 ชั่วโมง ใช้ 4 session ตามแพ็กเกจ VR 30 นาที คำตอบราคา: 760 บาท สำหรับกลุ่ม PSU Alumni and General Student / นักศึกษาหรือนักเรียนต่างสถาบัน • คำนวณจาก 190 บาท/session x 4 session = 760 บาท กลุ่มผู้ใช้ที่ตรวจเจอ: PSU Alumni and General Student / นักศึกษาหรือนักเรียนต่างสถาบัน / มหาลัยอื่น รายละเอียดจากตาราง: VR 30 นาที (1-5 คน) • PSU Student and Staff: 0 บาท • PSU Alumni and General Student: 190 บาท • General Adult: 525 บาท แหล่งข้อมูล: https://esports.computing.psu.ac.th/wp-content/uploads/2026/01/PSU-Esports-Studio-phuket-SERVICE-FEE-2026.png,pipeline:deterministic_calculator_fast,service_fee/service_fee_query,100.0,True,0.4009,0,,,
MB-1192-SF-225,service_fee,psu_fact,นักศึกษาต่างมหาลัย เล่น VR 30 นาที 3 ชั่วโมง เสียกี่บาท,ระยะเวลาที่ถามคือ 3 ชั่วโมง ใช้ 6 session ตามแพ็กเกจ VR 30 นาที คำตอบราคา: 1140 บาท สำหรับกลุ่ม PSU Alumni and General Student / นักศึกษาหรือนักเรียนต่างสถาบัน • คำนวณจาก 190 บาท/session x 6 session = 1140 บาท กลุ่มผู้ใช้ที่ตรวจเจอ: PSU Alumni and General Student / นักศึกษาหรือนักเรียนต่างสถาบัน / มหาลัยอื่น รายละเอียดจากตาราง: VR 30 นาที (1-5 คน) • PSU Student and Staff: 0 บาท • PSU Alumni and General Student: 190 บาท • General Adult: 525 บาท แหล่งข้อมูล: https://esports.computing.psu.ac.th/wp-content/uploads/2026/01/PSU-Esports-Studio-phuket-SERVICE-FEE-2026.png,pipeline:deterministic_calculator_fast,service_fee/service_fee_query,100.0,True,0.3368,0,,,
MB-1193-SF-226,service_fee,psu_fact,VR 1 ชั่วโมง ราคาเท่าไหร่,"ระยะเวลาที่ถามคือ 1 ชั่วโมง ใช้ 1 session ตามแพ็กเกจ VR 1 ชั่วโมง ยังไม่ทราบกลุ่มผู้ใช้ จึงแสดงราคาทุกกลุ่มให้เทียบก่อน: • PSU Student and Staff: 0 บาท/session x 1 = 0 บาท • PSU Alumni and General Student / นักศึกษาหรือนักเรียนต่างสถาบัน: 375 บาท/session x 1 = 375 บาท • General Adult / บุคคลทั่วไป: 1050 บาท/session x 1 = 1050 บาท รายละเอียดจากตาราง: VR 1 ชั่วโมง (60 นาที, 1-5 คน) • PSU Student and Staff: 0 บาท • PSU Alumni and General Student: 375 บาท • General Adult: 1,050 บาท แหล่งข้อมูล: https://esports.computing.psu.ac.th/wp-content/uploads/2026/01/PSU-Esports-Studio-phuket-SERVICE-FEE-2026.png",pipeline:deterministic_calculator_fast,service_fee/service_fee_query,100.0,True,0.3292,0,,,
MB-1194-SF-227,service_fee,psu_fact,PSU Student เล่น VR 1 ชั่วโมง 30 นาที เสียกี่บาท,"ราคา VR สำหรับกลุ่ม PSU Student and Staff • VR 30 นาที: 0 บาท • VR 1 ชั่วโมง: 0 บาท กลุ่มผู้ใช้ที่ตรวจเจอ: PSU Student and Staff หมายเหตุ: คำถามยังไม่ระบุระยะเวลา จึงแสดงทั้งราคา 30 นาทีและ 1 ชั่วโมง รายละเอียดจากตาราง: VR 30 นาที (1-5 คน) • PSU Student and Staff: 0 บาท • PSU Alumni and General Student: 190 บาท • General Adult: 525 บาท VR 1 ชั่วโมง (60 นาที, 1-5 คน) • PSU Student and Staff: 0 บาท • PSU Alumni and General Student: 375 บาท • General Adult: 1,050 บาท แหล่งข้อมูล: https://esports.computing.psu.ac.th/wp-content/uploads/2026/01/PSU-Esports-Studio-phuket-SERVICE-FEE-2026.png",pipeline:deterministic_calculator_fast,service_fee/service_fee_query,100.0,True,0.4587,0,,,
MB-1195-SF-228,service_fee,psu_fact,PSU Student เล่น VR 1 ชั่วโมง 1 ชั่วโมง เสียกี่บาท,"ระยะเวลาที่ถามคือ 1 ชั่วโมง ใช้ 1 session ตามแพ็กเกจ VR 1 ชั่วโมง คำตอบราคา: 0 บาท สำหรับกลุ่ม PSU Student and Staff • คำนวณจาก 0 บาท/session x 1 session = 0 บาท กลุ่มผู้ใช้ที่ตรวจเจอ: PSU Student and Staff รายละเอียดจากตาราง: VR 1 ชั่วโมง (60 นาที, 1-5 คน) • PSU Student and Staff: 0 บาท • PSU Alumni and General Student: 375 บาท • General Adult: 1,050 บาท แหล่งข้อมูล: https://esports.computing.psu.ac.th/wp-content/uploads/2026/01/PSU-Esports-Studio-phuket-SERVICE-FEE-2026.png",pipeline:deterministic_calculator_fast,service_fee/service_fee_query,100.0,True,0.4061,0,,,
MB-1196-SF-229,service_fee,psu_fact,PSU Student เล่น VR 1 ชั่วโมง 2 ชั่วโมง เสียกี่บาท,"ระยะเวลาที่ถามคือ 1 ชั่วโมง ใช้ 1 session ตามแพ็กเกจ VR 1 ชั่วโมง คำตอบราคา: 0 บาท สำหรับกลุ่ม PSU Student and Staff • คำนวณจาก 0 บาท/session x 1 session = 0 บาท กลุ่มผู้ใช้ที่ตรวจเจอ: PSU Student and Staff รายละเอียดจากตาราง: VR 1 ชั่วโมง (60 นาที, 1-5 คน) • PSU Student and Staff: 0 บาท • PSU Alumni and General Student: 375 บาท • General Adult: 1,050 บาท แหล่งข้อมูล: https://esports.computing.psu.ac.th/wp-content/uploads/2026/01/PSU-Esports-Studio-phuket-SERVICE-FEE-2026.png",pipeline:deterministic_calculator_fast,service_fee/service_fee_query,100.0,True,0.4086,0,,,
MB-1197-SF-230,service_fee,psu_fact,PSU Student เล่น VR 1 ชั่วโมง 3 ชั่วโมง เสียกี่บาท,"ระยะเวลาที่ถามคือ 1 ชั่วโมง ใช้ 1 session ตามแพ็กเกจ VR 1 ชั่วโมง คำตอบราคา: 0 บาท สำหรับกลุ่ม PSU Student and Staff • คำนวณจาก 0 บาท/session x 1 session = 0 บาท กลุ่มผู้ใช้ที่ตรวจเจอ: PSU Student and Staff รายละเอียดจากตาราง: VR 1 ชั่วโมง (60 นาที, 1-5 คน) • PSU Student and Staff: 0 บาท • PSU Alumni and General Student: 375 บาท • General Adult: 1,050 บาท แหล่งข้อมูล: https://esports.computing.psu.ac.th/wp-content/uploads/2026/01/PSU-Esports-Studio-phuket-SERVICE-FEE-2026.png",pipeline:deterministic_calculator_fast,service_fee/service_fee_query,100.0,True,0.3509,0,,,
MB-1198-SF-231,service_fee,psu_fact,PSU Staff เล่น VR 1 ชั่วโมง 30 นาที เสียกี่บาท,"ราคา VR สำหรับกลุ่ม PSU Student and Staff • VR 30 นาที: 0 บาท • VR 1 ชั่วโมง: 0 บาท กลุ่มผู้ใช้ที่ตรวจเจอ: PSU Student and Staff หมายเหตุ: คำถามยังไม่ระบุระยะเวลา จึงแสดงทั้งราคา 30 นาทีและ 1 ชั่วโมง รายละเอียดจากตาราง: VR 30 นาที (1-5 คน) • PSU Student and Staff: 0 บาท • PSU Alumni and General Student: 190 บาท • General Adult: 525 บาท VR 1 ชั่วโมง (60 นาที, 1-5 คน) • PSU Student and Staff: 0 บาท • PSU Alumni and General Student: 375 บาท • General Adult: 1,050 บาท แหล่งข้อมูล: https://esports.computing.psu.ac.th/wp-content/uploads/2026/01/PSU-Esports-Studio-phuket-SERVICE-FEE-2026.png",pipeline:deterministic_calculator_fast,service_fee/service_fee_query,100.0,True,0.3725,0,,,
MB-1199-SF-232,service_fee,psu_fact,PSU Staff เล่น VR 1 ชั่วโมง 1 ชั่วโมง เสียกี่บาท,"ระยะเวลาที่ถามคือ 1 ชั่วโมง ใช้ 1 session ตามแพ็กเกจ VR 1 ชั่วโมง คำตอบราคา: 0 บาท สำหรับกลุ่ม PSU Student and Staff • คำนวณจาก 0 บาท/session x 1 session = 0 บาท กลุ่มผู้ใช้ที่ตรวจเจอ: PSU Student and Staff รายละเอียดจากตาราง: VR 1 ชั่วโมง (60 นาที, 1-5 คน) • PSU Student and Staff: 0 บาท • PSU Alumni and General Student: 375 บาท • General Adult: 1,050 บาท แหล่งข้อมูล: https://esports.computing.psu.ac.th/wp-content/uploads/2026/01/PSU-Esports-Studio-phuket-SERVICE-FEE-2026.png",pipeline:deterministic_calculator_fast,service_fee/service_fee_query,100.0,True,0.3806,0,,,
MB-1200-SF-233,service_fee,psu_fact,PSU Staff เล่น VR 1 ชั่วโมง 2 ชั่วโมง เสียกี่บาท,"ระยะเวลาที่ถามคือ 1 ชั่วโมง ใช้ 1 session ตามแพ็กเกจ VR 1 ชั่วโมง คำตอบราคา: 0 บาท สำหรับกลุ่ม PSU Student and Staff • คำนวณจาก 0 บาท/session x 1 session = 0 บาท กลุ่มผู้ใช้ที่ตรวจเจอ: PSU Student and Staff รายละเอียดจากตาราง: VR 1 ชั่วโมง (60 นาที, 1-5 คน) • PSU Student and Staff: 0 บาท • PSU Alumni and General Student: 375 บาท • General Adult: 1,050 บาท แหล่งข้อมูล: https://esports.computing.psu.ac.th/wp-content/uploads/2026/01/PSU-Esports-Studio-phuket-SERVICE-FEE-2026.png",pipeline:deterministic_calculator_fast,service_fee/service_fee_query,100.0,True,0.3914,0,,,
MB-1201-SF-234,service_fee,psu_fact,PSU Staff เล่น VR 1 ชั่วโมง 3 ชั่วโมง เสียกี่บาท,"ระยะเวลาที่ถามคือ 1 ชั่วโมง ใช้ 1 session ตามแพ็กเกจ VR 1 ชั่วโมง คำตอบราคา: 0 บาท สำหรับกลุ่ม PSU Student and Staff • คำนวณจาก 0 บาท/session x 1 session = 0 บาท กลุ่มผู้ใช้ที่ตรวจเจอ: PSU Student and Staff รายละเอียดจากตาราง: VR 1 ชั่วโมง (60 นาที, 1-5 คน) • PSU Student and Staff: 0 บาท • PSU Alumni and General Student: 375 บาท • General Adult: 1,050 บาท แหล่งข้อมูล: https://esports.computing.psu.ac.th/wp-content/uploads/2026/01/PSU-Esports-Studio-phuket-SERVICE-FEE-2026.png",pipeline:deterministic_calculator_fast,service_fee/service_fee_query,100.0,True,0.3401,0,,,
MB-1202-SF-235,service_fee,psu_fact,Alumni เล่น VR 1 ชั่วโมง 30 นาที เสียกี่บาท,"VR 30 นาที (1-5 คน) • PSU Student and Staff: 0 บาท • PSU Alumni and General Student: 190 บาท • General Adult: 525 บาท VR 1 ชั่วโมง (60 นาที, 1-5 คน) • PSU Student and Staff: 0 บาท • PSU Alumni and General Student: 375 บาท • General Adult: 1,050 บาท แหล่งข้อมูล: https://esports.computing.psu.ac.th/wp-content/uploads/2026/01/PSU-Esports-Studio-phuket-SERVICE-FEE-2026.png",pipeline:deterministic_calculator_fast,service_fee/service_fee_query,100.0,True,0.3443,0,,,
MB-1203-SF-236,service_fee,psu_fact,Alumni เล่น VR 1 ชั่วโมง 1 ชั่วโมง เสียกี่บาท,"ระยะเวลาที่ถามคือ 1 ชั่วโมง ใช้ 1 session ตามแพ็กเกจ VR 1 ชั่วโมง ยังไม่ทราบกลุ่มผู้ใช้ จึงแสดงราคาทุกกลุ่มให้เทียบก่อน: • PSU Student and Staff: 0 บาท/session x 1 = 0 บาท • PSU Alumni and General Student / นักศึกษาหรือนักเรียนต่างสถาบัน: 375 บาท/session x 1 = 375 บาท • General Adult / บุคคลทั่วไป: 1050 บาท/session x 1 = 1050 บาท รายละเอียดจากตาราง: VR 1 ชั่วโมง (60 นาที, 1-5 คน) • PSU Student and Staff: 0 บาท • PSU Alumni and General Student: 375 บาท • General Adult: 1,050 บาท แหล่งข้อมูล: https://esports.computing.psu.ac.th/wp-content/uploads/2026/01/PSU-Esports-Studio-phuket-SERVICE-FEE-2026.png",pipeline:deterministic_calculator_fast,service_fee/service_fee_query,100.0,True,0.3281,0,,,
MB-1204-SF-237,service_fee,psu_fact,Alumni เล่น VR 1 ชั่วโมง 2 ชั่วโมง เสียกี่บาท,"ระยะเวลาที่ถามคือ 1 ชั่วโมง ใช้ 1 session ตามแพ็กเกจ VR 1 ชั่วโมง ยังไม่ทราบกลุ่มผู้ใช้ จึงแสดงราคาทุกกลุ่มให้เทียบก่อน: • PSU Student and Staff: 0 บาท/session x 1 = 0 บาท • PSU Alumni and General Student / นักศึกษาหรือนักเรียนต่างสถาบัน: 375 บาท/session x 1 = 375 บาท • General Adult / บุคคลทั่วไป: 1050 บาท/session x 1 = 1050 บาท รายละเอียดจากตาราง: VR 1 ชั่วโมง (60 นาที, 1-5 คน) • PSU Student and Staff: 0 บาท • PSU Alumni and General Student: 375 บาท • General Adult: 1,050 บาท แหล่งข้อมูล: https://esports.computing.psu.ac.th/wp-content/uploads/2026/01/PSU-Esports-Studio-phuket-SERVICE-FEE-2026.png",pipeline:deterministic_calculator_fast,service_fee/service_fee_query,100.0,True,0.3465,0,,,
MB-1205-SF-238,service_fee,psu_fact,Alumni เล่น VR 1 ชั่วโมง 3 ชั่วโมง เสียกี่บาท,"ระยะเวลาที่ถามคือ 1 ชั่วโมง ใช้ 1 session ตามแพ็กเกจ VR 1 ชั่วโมง ยังไม่ทราบกลุ่มผู้ใช้ จึงแสดงราคาทุกกลุ่มให้เทียบก่อน: • PSU Student and Staff: 0 บาท/session x 1 = 0 บาท • PSU Alumni and General Student / นักศึกษาหรือนักเรียนต่างสถาบัน: 375 บาท/session x 1 = 375 บาท • General Adult / บุคคลทั่วไป: 1050 บาท/session x 1 = 1050 บาท รายละเอียดจากตาราง: VR 1 ชั่วโมง (60 นาที, 1-5 คน) • PSU Student and Staff: 0 บาท • PSU Alumni and General Student: 375 บาท • General Adult: 1,050 บาท แหล่งข้อมูล: https://esports.computing.psu.ac.th/wp-content/uploads/2026/01/PSU-Esports-Studio-phuket-SERVICE-FEE-2026.png",pipeline:deterministic_calculator_fast,service_fee/service_fee_query,100.0,True,0.3473,0,,,
MB-1206-SF-239,service_fee,psu_fact,General Student เล่น VR 1 ชั่วโมง 30 นาที เสียกี่บาท,"ราคา VR สำหรับกลุ่ม PSU Alumni and General Student / นักศึกษาหรือนักเรียนต่างสถาบัน • VR 30 นาที: 190 บาท • VR 1 ชั่วโมง: 375 บาท กลุ่มผู้ใช้ที่ตรวจเจอ: PSU Alumni and General Student / นักศึกษาหรือนักเรียนต่างสถาบัน / มหาลัยอื่น หมายเหตุ: คำถามยังไม่ระบุระยะเวลา จึงแสดงทั้งราคา 30 นาทีและ 1 ชั่วโมง รายละเอียดจากตาราง: VR 30 นาที (1-5 คน) • PSU Student and Staff: 0 บาท • PSU Alumni and General Student: 190 บาท • General Adult: 525 บาท VR 1 ชั่วโมง (60 นาที, 1-5 คน) • PSU Student and Staff: 0 บาท • PSU Alumni and General Student: 375 บาท • General Adult: 1,050 บาท แหล่งข้อมูล: https://esports.computing.psu.ac.th/wp-content/uploads/2026/01/PSU-Esports-Studio-phuket-SERVICE-FEE-2026.png",pipeline:deterministic_calculator_fast,service_fee/service_fee_query,100.0,True,0.3503,0,,,
MB-1207-SF-240,service_fee,psu_fact,General Student เล่น VR 1 ชั่วโมง 1 ชั่วโมง เสียกี่บาท,"ระยะเวลาที่ถามคือ 1 ชั่วโมง ใช้ 1 session ตามแพ็กเกจ VR 1 ชั่วโมง คำตอบราคา: 375 บาท สำหรับกลุ่ม PSU Alumni and General Student / นักศึกษาหรือนักเรียนต่างสถาบัน • คำนวณจาก 375 บาท/session x 1 session = 375 บาท กลุ่มผู้ใช้ที่ตรวจเจอ: PSU Alumni and General Student / นักศึกษาหรือนักเรียนต่างสถาบัน / มหาลัยอื่น รายละเอียดจากตาราง: VR 1 ชั่วโมง (60 นาที, 1-5 คน) • PSU Student and Staff: 0 บาท • PSU Alumni and General Student: 375 บาท • General Adult: 1,050 บาท แหล่งข้อมูล: https://esports.computing.psu.ac.th/wp-content/uploads/2026/01/PSU-Esports-Studio-phuket-SERVICE-FEE-2026.png",pipeline:deterministic_calculator_fast,service_fee/service_fee_query,100.0,True,0.3739,0,,,
MB-1208-SF-241,service_fee,psu_fact,General Student เล่น VR 1 ชั่วโมง 2 ชั่วโมง เสียกี่บาท,"ระยะเวลาที่ถามคือ 1 ชั่วโมง ใช้ 1 session ตามแพ็กเกจ VR 1 ชั่วโมง คำตอบราคา: 375 บาท สำหรับกลุ่ม PSU Alumni and General Student / นักศึกษาหรือนักเรียนต่างสถาบัน • คำนวณจาก 375 บาท/session x 1 session = 375 บาท กลุ่มผู้ใช้ที่ตรวจเจอ: PSU Alumni and General Student / นักศึกษาหรือนักเรียนต่างสถาบัน / มหาลัยอื่น รายละเอียดจากตาราง: VR 1 ชั่วโมง (60 นาที, 1-5 คน) • PSU Student and Staff: 0 บาท • PSU Alumni and General Student: 375 บาท • General Adult: 1,050 บาท แหล่งข้อมูล: https://esports.computing.psu.ac.th/wp-content/uploads/2026/01/PSU-Esports-Studio-phuket-SERVICE-FEE-2026.png",pipeline:deterministic_calculator_fast,service_fee/service_fee_query,100.0,True,0.3601,0,,,
MB-1209-SF-242,service_fee,psu_fact,General Student เล่น VR 1 ชั่วโมง 3 ชั่วโมง เสียกี่บาท,"ระยะเวลาที่ถามคือ 1 ชั่วโมง ใช้ 1 session ตามแพ็กเกจ VR 1 ชั่วโมง คำตอบราคา: 375 บาท สำหรับกลุ่ม PSU Alumni and General Student / นักศึกษาหรือนักเรียนต่างสถาบัน • คำนวณจาก 375 บาท/session x 1 session = 375 บาท กลุ่มผู้ใช้ที่ตรวจเจอ: PSU Alumni and General Student / นักศึกษาหรือนักเรียนต่างสถาบัน / มหาลัยอื่น รายละเอียดจากตาราง: VR 1 ชั่วโมง (60 นาที, 1-5 คน) • PSU Student and Staff: 0 บาท • PSU Alumni and General Student: 375 บาท • General Adult: 1,050 บาท แหล่งข้อมูล: https://esports.computing.psu.ac.th/wp-content/uploads/2026/01/PSU-Esports-Studio-phuket-SERVICE-FEE-2026.png",pipeline:deterministic_calculator_fast,service_fee/service_fee_query,100.0,True,0.3625,0,,,
MB-1210-SF-243,service_fee,psu_fact,General Adult เล่น VR 1 ชั่วโมง 30 นาที เสียกี่บาท,"VR 30 นาที (1-5 คน) • PSU Student and Staff: 0 บาท • PSU Alumni and General Student: 190 บาท • General Adult: 525 บาท VR 1 ชั่วโมง (60 นาที, 1-5 คน) • PSU Student and Staff: 0 บาท • PSU Alumni and General Student: 375 บาท • General Adult: 1,050 บาท แหล่งข้อมูล: https://esports.computing.psu.ac.th/wp-content/uploads/2026/01/PSU-Esports-Studio-phuket-SERVICE-FEE-2026.png",pipeline:deterministic_calculator_fast,service_fee/service_fee_query,100.0,True,0.3541,0,,,
MB-1211-SF-244,service_fee,psu_fact,General Adult เล่น VR 1 ชั่วโมง 1 ชั่วโมง เสียกี่บาท,"ระยะเวลาที่ถามคือ 1 ชั่วโมง ใช้ 1 session ตามแพ็กเกจ VR 1 ชั่วโมง ยังไม่ทราบกลุ่มผู้ใช้ จึงแสดงราคาทุกกลุ่มให้เทียบก่อน: • PSU Student and Staff: 0 บาท/session x 1 = 0 บาท • PSU Alumni and General Student / นักศึกษาหรือนักเรียนต่างสถาบัน: 375 บาท/session x 1 = 375 บาท • General Adult / บุคคลทั่วไป: 1050 บาท/session x 1 = 1050 บาท รายละเอียดจากตาราง: VR 1 ชั่วโมง (60 นาที, 1-5 คน) • PSU Student and Staff: 0 บาท • PSU Alumni and General Student: 375 บาท • General Adult: 1,050 บาท แหล่งข้อมูล: https://esports.computing.psu.ac.th/wp-content/uploads/2026/01/PSU-Esports-Studio-phuket-SERVICE-FEE-2026.png",pipeline:deterministic_calculator_fast,service_fee/service_fee_query,100.0,True,0.4177,0,,,
MB-1212-SF-245,service_fee,psu_fact,General Adult เล่น VR 1 ชั่วโมง 2 ชั่วโมง เสียกี่บาท,"ระยะเวลาที่ถามคือ 1 ชั่วโมง ใช้ 1 session ตามแพ็กเกจ VR 1 ชั่วโมง ยังไม่ทราบกลุ่มผู้ใช้ จึงแสดงราคาทุกกลุ่มให้เทียบก่อน: • PSU Student and Staff: 0 บาท/session x 1 = 0 บาท • PSU Alumni and General Student / นักศึกษาหรือนักเรียนต่างสถาบัน: 375 บาท/session x 1 = 375 บาท • General Adult / บุคคลทั่วไป: 1050 บาท/session x 1 = 1050 บาท รายละเอียดจากตาราง: VR 1 ชั่วโมง (60 นาที, 1-5 คน) • PSU Student and Staff: 0 บาท • PSU Alumni and General Student: 375 บาท • General Adult: 1,050 บาท แหล่งข้อมูล: https://esports.computing.psu.ac.th/wp-content/uploads/2026/01/PSU-Esports-Studio-phuket-SERVICE-FEE-2026.png",pipeline:deterministic_calculator_fast,service_fee/service_fee_query,100.0,True,0.3953,0,,,
MB-1213-SF-246,service_fee,psu_fact,General Adult เล่น VR 1 ชั่วโมง 3 ชั่วโมง เสียกี่บาท,"ระยะเวลาที่ถามคือ 1 ชั่วโมง ใช้ 1 session ตามแพ็กเกจ VR 1 ชั่วโมง ยังไม่ทราบกลุ่มผู้ใช้ จึงแสดงราคาทุกกลุ่มให้เทียบก่อน: • PSU Student and Staff: 0 บาท/session x 1 = 0 บาท • PSU Alumni and General Student / นักศึกษาหรือนักเรียนต่างสถาบัน: 375 บาท/session x 1 = 375 บาท • General Adult / บุคคลทั่วไป: 1050 บาท/session x 1 = 1050 บาท รายละเอียดจากตาราง: VR 1 ชั่วโมง (60 นาที, 1-5 คน) • PSU Student and Staff: 0 บาท • PSU Alumni and General Student: 375 บาท • General Adult: 1,050 บาท แหล่งข้อมูล: https://esports.computing.psu.ac.th/wp-content/uploads/2026/01/PSU-Esports-Studio-phuket-SERVICE-FEE-2026.png",pipeline:deterministic_calculator_fast,service_fee/service_fee_query,100.0,True,0.3686,0,,,
MB-1214-SF-247,service_fee,psu_fact,คนทั่วไป เล่น VR 1 ชั่วโมง 30 นาที เสียกี่บาท,"ราคา VR สำหรับกลุ่ม General Adult / บุคคลทั่วไป • VR 30 นาที: 525 บาท • VR 1 ชั่วโมง: 1,050 บาท กลุ่มผู้ใช้ที่ตรวจเจอ: General Adult / บุคคลทั่วไป หมายเหตุ: คำถามยังไม่ระบุระยะเวลา จึงแสดงทั้งราคา 30 นาทีและ 1 ชั่วโมง รายละเอียดจากตาราง: VR 30 นาที (1-5 คน) • PSU Student and Staff: 0 บาท • PSU Alumni and General Student: 190 บาท • General Adult: 525 บาท VR 1 ชั่วโมง (60 นาที, 1-5 คน) • PSU Student and Staff: 0 บาท • PSU Alumni and General Student: 375 บาท • General Adult: 1,050 บาท แหล่งข้อมูล: https://esports.computing.psu.ac.th/wp-content/uploads/2026/01/PSU-Esports-Studio-phuket-SERVICE-FEE-2026.png",pipeline:deterministic_calculator_fast,service_fee/service_fee_query,100.0,True,0.3173,0,,,
MB-1215-SF-248,service_fee,psu_fact,คนทั่วไป เล่น VR 1 ชั่วโมง 1 ชั่วโมง เสียกี่บาท,"ระยะเวลาที่ถามคือ 1 ชั่วโมง ใช้ 1 session ตามแพ็กเกจ VR 1 ชั่วโมง คำตอบราคา: 1050 บาท สำหรับกลุ่ม General Adult / บุคคลทั่วไป • คำนวณจาก 1050 บาท/session x 1 session = 1050 บาท กลุ่มผู้ใช้ที่ตรวจเจอ: General Adult / บุคคลทั่วไป รายละเอียดจากตาราง: VR 1 ชั่วโมง (60 นาที, 1-5 คน) • PSU Student and Staff: 0 บาท • PSU Alumni and General Student: 375 บาท • General Adult: 1,050 บาท แหล่งข้อมูล: https://esports.computing.psu.ac.th/wp-content/uploads/2026/01/PSU-Esports-Studio-phuket-SERVICE-FEE-2026.png",pipeline:deterministic_calculator_fast,service_fee/service_fee_query,100.0,True,0.3223,0,,,
MB-1216-SF-249,service_fee,psu_fact,คนทั่วไป เล่น VR 1 ชั่วโมง 2 ชั่วโมง เสียกี่บาท,"ระยะเวลาที่ถามคือ 1 ชั่วโมง ใช้ 1 session ตามแพ็กเกจ VR 1 ชั่วโมง คำตอบราคา: 1050 บาท สำหรับกลุ่ม General Adult / บุคคลทั่วไป • คำนวณจาก 1050 บาท/session x 1 session = 1050 บาท กลุ่มผู้ใช้ที่ตรวจเจอ: General Adult / บุคคลทั่วไป รายละเอียดจากตาราง: VR 1 ชั่วโมง (60 นาที, 1-5 คน) • PSU Student and Staff: 0 บาท • PSU Alumni and General Student: 375 บาท • General Adult: 1,050 บาท แหล่งข้อมูล: https://esports.computing.psu.ac.th/wp-content/uploads/2026/01/PSU-Esports-Studio-phuket-SERVICE-FEE-2026.png",pipeline:deterministic_calculator_fast,service_fee/service_fee_query,100.0,True,0.3418,0,,,
MB-1217-SF-250,service_fee,psu_fact,คนทั่วไป เล่น VR 1 ชั่วโมง 3 ชั่วโมง เสียกี่บาท,"ระยะเวลาที่ถามคือ 1 ชั่วโมง ใช้ 1 session ตามแพ็กเกจ VR 1 ชั่วโมง คำตอบราคา: 1050 บาท สำหรับกลุ่ม General Adult / บุคคลทั่วไป • คำนวณจาก 1050 บาท/session x 1 session = 1050 บาท กลุ่มผู้ใช้ที่ตรวจเจอ: General Adult / บุคคลทั่วไป รายละเอียดจากตาราง: VR 1 ชั่วโมง (60 นาที, 1-5 คน) • PSU Student and Staff: 0 บาท • PSU Alumni and General Student: 375 บาท • General Adult: 1,050 บาท แหล่งข้อมูล: https://esports.computing.psu.ac.th/wp-content/uploads/2026/01/PSU-Esports-Studio-phuket-SERVICE-FEE-2026.png",pipeline:deterministic_calculator_fast,service_fee/service_fee_query,100.0,True,0.3168,0,,,
MB-1218-SF-251,service_fee,psu_fact,นักศึกษา PSU เล่น VR 1 ชั่วโมง 30 นาที เสียกี่บาท,"ราคา VR สำหรับกลุ่ม PSU Student and Staff • VR 30 นาที: 0 บาท • VR 1 ชั่วโมง: 0 บาท กลุ่มผู้ใช้ที่ตรวจเจอ: PSU Student and Staff หมายเหตุ: คำถามยังไม่ระบุระยะเวลา จึงแสดงทั้งราคา 30 นาทีและ 1 ชั่วโมง รายละเอียดจากตาราง: VR 30 นาที (1-5 คน) • PSU Student and Staff: 0 บาท • PSU Alumni and General Student: 190 บาท • General Adult: 525 บาท VR 1 ชั่วโมง (60 นาที, 1-5 คน) • PSU Student and Staff: 0 บาท • PSU Alumni and General Student: 375 บาท • General Adult: 1,050 บาท แหล่งข้อมูล: https://esports.computing.psu.ac.th/wp-content/uploads/2026/01/PSU-Esports-Studio-phuket-SERVICE-FEE-2026.png",pipeline:deterministic_calculator_fast,service_fee/service_fee_query,100.0,True,0.3549,0,,,
MB-1219-SF-252,service_fee,psu_fact,นักศึกษา PSU เล่น VR 1 ชั่วโมง 1 ชั่วโมง เสียกี่บาท,"ระยะเวลาที่ถามคือ 1 ชั่วโมง ใช้ 1 session ตามแพ็กเกจ VR 1 ชั่วโมง คำตอบราคา: 0 บาท สำหรับกลุ่ม PSU Student and Staff • คำนวณจาก 0 บาท/session x 1 session = 0 บาท กลุ่มผู้ใช้ที่ตรวจเจอ: PSU Student and Staff รายละเอียดจากตาราง: VR 1 ชั่วโมง (60 นาที, 1-5 คน) • PSU Student and Staff: 0 บาท • PSU Alumni and General Student: 375 บาท • General Adult: 1,050 บาท แหล่งข้อมูล: https://esports.computing.psu.ac.th/wp-content/uploads/2026/01/PSU-Esports-Studio-phuket-SERVICE-FEE-2026.png",pipeline:deterministic_calculator_fast,service_fee/service_fee_query,100.0,True,0.3486,0,,,
MB-1220-SF-253,service_fee,psu_fact,นักศึกษา PSU เล่น VR 1 ชั่วโมง 2 ชั่วโมง เสียกี่บาท,"ระยะเวลาที่ถามคือ 1 ชั่วโมง ใช้ 1 session ตามแพ็กเกจ VR 1 ชั่วโมง คำตอบราคา: 0 บาท สำหรับกลุ่ม PSU Student and Staff • คำนวณจาก 0 บาท/session x 1 session = 0 บาท กลุ่มผู้ใช้ที่ตรวจเจอ: PSU Student and Staff รายละเอียดจากตาราง: VR 1 ชั่วโมง (60 นาที, 1-5 คน) • PSU Student and Staff: 0 บาท • PSU Alumni and General Student: 375 บาท • General Adult: 1,050 บาท แหล่งข้อมูล: https://esports.computing.psu.ac.th/wp-content/uploads/2026/01/PSU-Esports-Studio-phuket-SERVICE-FEE-2026.png",pipeline:deterministic_calculator_fast,service_fee/service_fee_query,100.0,True,0.3515,0,,,
MB-1221-SF-254,service_fee,psu_fact,นักศึกษา PSU เล่น VR 1 ชั่วโมง 3 ชั่วโมง เสียกี่บาท,"ระยะเวลาที่ถามคือ 1 ชั่วโมง ใช้ 1 session ตามแพ็กเกจ VR 1 ชั่วโมง คำตอบราคา: 0 บาท สำหรับกลุ่ม PSU Student and Staff • คำนวณจาก 0 บาท/session x 1 session = 0 บาท กลุ่มผู้ใช้ที่ตรวจเจอ: PSU Student and Staff รายละเอียดจากตาราง: VR 1 ชั่วโมง (60 นาที, 1-5 คน) • PSU Student and Staff: 0 บาท • PSU Alumni and General Student: 375 บาท • General Adult: 1,050 บาท แหล่งข้อมูล: https://esports.computing.psu.ac.th/wp-content/uploads/2026/01/PSU-Esports-Studio-phuket-SERVICE-FEE-2026.png",pipeline:deterministic_calculator_fast,service_fee/service_fee_query,100.0,True,0.3191,0,,,
MB-1222-SF-255,service_fee,psu_fact,นักศึกษาต่างมหาลัย เล่น VR 1 ชั่วโมง 30 นาที เสียกี่บาท,"ราคา VR สำหรับกลุ่ม PSU Alumni and General Student / นักศึกษาหรือนักเรียนต่างสถาบัน • VR 30 นาที: 190 บาท • VR 1 ชั่วโมง: 375 บาท กลุ่มผู้ใช้ที่ตรวจเจอ: PSU Alumni and General Student / นักศึกษาหรือนักเรียนต่างสถาบัน / มหาลัยอื่น หมายเหตุ: คำถามยังไม่ระบุระยะเวลา จึงแสดงทั้งราคา 30 นาทีและ 1 ชั่วโมง รายละเอียดจากตาราง: VR 30 นาที (1-5 คน) • PSU Student and Staff: 0 บาท • PSU Alumni and General Student: 190 บาท • General Adult: 525 บาท VR 1 ชั่วโมง (60 นาที, 1-5 คน) • PSU Student and Staff: 0 บาท • PSU Alumni and General Student: 375 บาท • General Adult: 1,050 บาท แหล่งข้อมูล: https://esports.computing.psu.ac.th/wp-content/uploads/2026/01/PSU-Esports-Studio-phuket-SERVICE-FEE-2026.png",pipeline:deterministic_calculator_fast,service_fee/service_fee_query,100.0,True,0.348,0,,,
MB-1223-SF-256,service_fee,psu_fact,นักศึกษาต่างมหาลัย เล่น VR 1 ชั่วโมง 1 ชั่วโมง เสียกี่บาท,"ระยะเวลาที่ถามคือ 1 ชั่วโมง ใช้ 1 session ตามแพ็กเกจ VR 1 ชั่วโมง คำตอบราคา: 375 บาท สำหรับกลุ่ม PSU Alumni and General Student / นักศึกษาหรือนักเรียนต่างสถาบัน • คำนวณจาก 375 บาท/session x 1 session = 375 บาท กลุ่มผู้ใช้ที่ตรวจเจอ: PSU Alumni and General Student / นักศึกษาหรือนักเรียนต่างสถาบัน / มหาลัยอื่น รายละเอียดจากตาราง: VR 1 ชั่วโมง (60 นาที, 1-5 คน) • PSU Student and Staff: 0 บาท • PSU Alumni and General Student: 375 บาท • General Adult: 1,050 บาท แหล่งข้อมูล: https://esports.computing.psu.ac.th/wp-content/uploads/2026/01/PSU-Esports-Studio-phuket-SERVICE-FEE-2026.png",pipeline:deterministic_calculator_fast,service_fee/service_fee_query,100.0,True,0.3667,0,,,
MB-1224-SF-257,service_fee,psu_fact,นักศึกษาต่างมหาลัย เล่น VR 1 ชั่วโมง 2 ชั่วโมง เสียกี่บาท,"ระยะเวลาที่ถามคือ 1 ชั่วโมง ใช้ 1 session ตามแพ็กเกจ VR 1 ชั่วโมง คำตอบราคา: 375 บาท สำหรับกลุ่ม PSU Alumni and General Student / นักศึกษาหรือนักเรียนต่างสถาบัน • คำนวณจาก 375 บาท/session x 1 session = 375 บาท กลุ่มผู้ใช้ที่ตรวจเจอ: PSU Alumni and General Student / นักศึกษาหรือนักเรียนต่างสถาบัน / มหาลัยอื่น รายละเอียดจากตาราง: VR 1 ชั่วโมง (60 นาที, 1-5 คน) • PSU Student and Staff: 0 บาท • PSU Alumni and General Student: 375 บาท • General Adult: 1,050 บาท แหล่งข้อมูล: https://esports.computing.psu.ac.th/wp-content/uploads/2026/01/PSU-Esports-Studio-phuket-SERVICE-FEE-2026.png",pipeline:deterministic_calculator_fast,service_fee/service_fee_query,100.0,True,0.4189,0,,,
MB-1225-SF-258,service_fee,psu_fact,นักศึกษาต่างมหาลัย เล่น VR 1 ชั่วโมง 3 ชั่วโมง เสียกี่บาท,"ระยะเวลาที่ถามคือ 1 ชั่วโมง ใช้ 1 session ตามแพ็กเกจ VR 1 ชั่วโมง คำตอบราคา: 375 บาท สำหรับกลุ่ม PSU Alumni and General Student / นักศึกษาหรือนักเรียนต่างสถาบัน • คำนวณจาก 375 บาท/session x 1 session = 375 บาท กลุ่มผู้ใช้ที่ตรวจเจอ: PSU Alumni and General Student / นักศึกษาหรือนักเรียนต่างสถาบัน / มหาลัยอื่น รายละเอียดจากตาราง: VR 1 ชั่วโมง (60 นาที, 1-5 คน) • PSU Student and Staff: 0 บาท • PSU Alumni and General Student: 375 บาท • General Adult: 1,050 บาท แหล่งข้อมูล: https://esports.computing.psu.ac.th/wp-content/uploads/2026/01/PSU-Esports-Studio-phuket-SERVICE-FEE-2026.png",pipeline:deterministic_calculator_fast,service_fee/service_fee_query,100.0,True,0.3367,0,,,
