id,group,quality_bucket,question,answer_preview,mode,route,score,passed,wall_sec,llm_call_count,llm_kinds,errors,warnings
MB-0627-ANA-001,ambiguity_no_answer,psu_fact,PC มีอะไรบ้าง,"คำถามนี้ยังตีได้หลายทางครับ หมายถึงเรื่องไหนของ PC Zone? ข้อมูลย่อที่ยืนยันได้ตอนนี้: • เกม: มี 6 เกม เช่น Call of Duty: Warzone, Counter-Strike 2, League of Legends, PUBG: BATTLEGROUNDS และอื่น ๆ | พิมพ์ `PC มีเกมอะไรบ้าง` • อุปกรณ์: มี 6 รายการ เช่น Gaming PC รุ่น MSI MAG Infinite S3 14th, Gaming Monitor, Gaming Keyboard, Gaming Mouse, Gaming Headset และอื่น ๆ | พิมพ์ `PC มีอุปกรณ์อะไรบ้าง` • ราคา: PC 1 ชั่วโมง (1 คน): PSU 0 บาท, General Student 25 บาท, General Adult 70 บาท | พิมพ์ `PC ราคาเท่าไหร่` • จอง: ต้องจองผ่านระบบก่อนเข้าใช้ | พิมพ์ `PC จองยังไง` พิมพ์ต่อสั้น ๆ ได้ เช่น `เกม`, `อุปกรณ์`, `ราคา` หรือ `จอง`",pipeline:ambiguity_clarification,clarification/ambiguity_gate_clarification,100.0,True,0.6406,0,,,
MB-0628-ANA-002,ambiguity_no_answer,psu_fact,PS5 มีอะไรบ้าง,"คำถามนี้ยังตีได้หลายทางครับ หมายถึงเรื่องไหนของ PlayStation 5 Zone? ข้อมูลย่อที่ยืนยันได้ตอนนี้: • เกม: มี 24 เกม เช่น Beat Saber, Call of Duty: Modern Warfare III, Call of Duty: Warzone, EA Sports FC 24 และอื่น ๆ | พิมพ์ `PS5 มีเกมอะไรบ้าง` • อุปกรณ์: มี 1 รายการ เช่น PlayStation 5 Slim With Ultra HD Blu-Ray Disc Drive | พิมพ์ `PS5 มีอุปกรณ์อะไรบ้าง` • ราคา: PlayStation 5 1 ชั่วโมง (1-2 คน): PSU 0 บาท, General Student 50 บาท, General Adult 150 บาท | พิมพ์ `PS5 ราคาเท่าไหร่` • จอง: ต้องจองผ่านระบบก่อนเข้าใช้ | พิมพ์ `PS5 จองยังไง` พิมพ์ต่อสั้น ๆ ได้ เช่น `เกม`, `อุปกรณ์`, `ราคา` หรือ `จอง`",pipeline:ambiguity_clarification,clarification/ambiguity_gate_clarification,100.0,True,0.0538,0,,,
MB-0629-ANA-003,ambiguity_no_answer,psu_fact,Nintendo มีอะไรบ้าง,"คำถามนี้ยังตีได้หลายทางครับ หมายถึงเรื่องไหนของ Nintendo Switch Zone? ข้อมูลย่อที่ยืนยันได้ตอนนี้: • เกม: มี 17 เกม เช่น Animal Crossing: New Horizons, It Takes Two, Little Nightmares II, Luigi's Mansion 3 และอื่น ๆ | พิมพ์ `Nintendo Switch มีเกมอะไรบ้าง` • อุปกรณ์: มี 3 รายการ เช่น Nintendo Switch OLED, TV 86 นิ้ว, Sofa 2 seats | พิมพ์ `Nintendo Switch มีอุปกรณ์อะไรบ้าง` • ราคา: มีหลายแพ็กเกจตามเวลา/จำนวนผู้เล่น: Nintendo Switch 1 ชั่วโมง (1-2 คน), Nintendo Switch 1 ชั่วโมง (3-4 คน) | พิมพ์ `Nintendo Switch ราคาเท่าไหร่` • จอง: ต้องจองผ่านระบบก่อนเข้าใช้ | พิมพ์ `Nintendo Switch จองยังไง` พิมพ์ต่อสั้น ๆ ได้ เช่น `เกม`, `อุปกรณ์`, `ราคา` หรือ `จอง`",pipeline:ambiguity_clarification,clarification/ambiguity_gate_clarification,100.0,True,0.0457,0,,,
MB-0630-ANA-004,ambiguity_no_answer,psu_fact,VR มีอะไรบ้าง,"คำถามนี้ยังตีได้หลายทางครับ หมายถึงเรื่องไหนของ VR Zone? ข้อมูลย่อที่ยืนยันได้ตอนนี้: • เกม: มี 2 เกม เช่น Beat Saber, Horizon Call of the Mountain | พิมพ์ `VR มีเกมอะไรบ้าง` • อุปกรณ์: มี 1 รายการ เช่น Sony PlayStation VR2 | พิมพ์ `VR มีอุปกรณ์อะไรบ้าง` • ราคา: มีหลายแพ็กเกจตามเวลา/จำนวนผู้เล่น: VR 30 นาที (1-5 คน), VR 1 ชั่วโมง (1-5 คน) | พิมพ์ `VR ราคาเท่าไหร่` • จอง: ต้องจองผ่านระบบก่อนเข้าใช้ | พิมพ์ `VR จองยังไง` พิมพ์ต่อสั้น ๆ ได้ เช่น `เกม`, `อุปกรณ์`, `ราคา` หรือ `จอง`",pipeline:ambiguity_clarification,clarification/ambiguity_gate_clarification,100.0,True,0.0365,0,,,
MB-0631-ANA-005,ambiguity_no_answer,psu_fact,Cockpit มีอะไรบ้าง,"คำถามนี้ยังตีได้หลายทางครับ หมายถึงเรื่องไหนของ Cockpit Zone? ข้อมูลย่อที่ยืนยันได้ตอนนี้: • เกม: มี 1 เกม เช่น Gran Turismo 7 | พิมพ์ `Cockpit มีเกมอะไรบ้าง` • อุปกรณ์: มี 5 รายการ เช่น Logitech G923 TRUEFORCE Racing Wheel, Driving Force Shifter, Racezone Full Cockpit V3, Pulse Elite Wireless Headset, TV 65 นิ้ว | พิมพ์ `Cockpit มีอุปกรณ์อะไรบ้าง` • ราคา: Cockpit 1 ชั่วโมง (1 คน): PSU 0 บาท, General Student 65 บาท, General Adult 200 บาท | พิมพ์ `Cockpit ราคาเท่าไหร่` • จอง: ต้องจองผ่านระบบก่อนเข้าใช้ | พิมพ์ `Cockpit จองยังไง` พิมพ์ต่อสั้น ๆ ได้ เช่น `เกม`, `อุปกรณ์`, `ราคา` หรือ `จอง`",pipeline:ambiguity_clarification,clarification/ambiguity_gate_clarification,100.0,True,0.0392,0,,,
MB-0632-ANA-006,ambiguity_no_answer,psu_fact,เครื่องไหนดีที่สุด,โหมดทดลอง RAG: ยังไม่มี context ที่โยงกับคำถามนี้ได้ชัดในฐานข้อมูลหมวด no_answer ถ้าต้องการให้ตอบได้ ควรเพิ่ม fact/card หรือข้อมูลจริงของเรื่องนั้นเข้า knowledge base ก่อน,pipeline:experimental_rag_no_context,no_answer/guard_no_answer,100.0,True,3.8752,0,,,
MB-0633-ANA-007,ambiguity_no_answer,psu_fact,เล่นอะไรดี,"อุปกรณ์บนหน้า Home: PC Zone • Gaming PC รุ่น MSI MAG Infinite S3 14th (จำนวน 10 เครื่อง) • Gaming Monitor (จำนวน 10 จอ) • Gaming Chair (จำนวน 10 ตัว) • Gaming Gear ครบชุด ทั้ง Keyboard, Mouse และ Headset Cockpit Zone • TV ขนาด 65 นิ้ว (จำนวน 2 เครื่อง) • Racezone Full Cockpit V3 (จำนวน 2 ชุด) • Logitech G923 TRUEFORCE Racing wheel พร้อม Driving Force Shifter (จำนวน 2 ชุด) • Pulse Elite Wireless Headset (จำนวน 2 อัน) Nintendo Switch Zone • TV ขนาด 86 นิ้ว (จำนวน 1 เครื่อง) • Nintendo Switch OLED (จำนวน 1 เครื่อง) • Sofa ขนาด 2 ที่นั่ง (จำนวน 2 ตัว) PlayStation 5 Zone • PlayStation 5 Slim รุ่น Ultra HD Blu-Ray Disc Drive (จำนวน 2 เครื่อง) VR Zone • PlayStation 5 Slim (จำนวน 1 เครื่อง) • Sony P",pipeline:structured_equipment_catalog,equipment/list,100.0,True,0.5662,0,,,
MB-0634-ANA-008,ambiguity_no_answer,psu_fact,มีอะไรแนะนำไหม,โหมดทดลอง RAG: ยังไม่มี context ที่โยงกับคำถามนี้ได้ชัดในฐานข้อมูลหมวด no_answer ถ้าต้องการให้ตอบได้ ควรเพิ่ม fact/card หรือข้อมูลจริงของเรื่องนั้นเข้า knowledge base ก่อน,pipeline:experimental_rag_no_context,no_answer/guard_no_answer,100.0,True,0.1112,0,,,
MB-0635-ANA-009,ambiguity_no_answer,psu_fact,ราคา,"ขอรู้บริการหรือโซนก่อนครับ จะได้ตอบราคาให้ตรง เช่น `PS5 ราคาเท่าไหร่`, `Nintendo 3-4 คนกี่บาท`, `VR 30 นาทีราคาเท่าไหร่` หรือ `Tekken 8 ราคาเท่าไหร่`",pipeline:ambiguity_clarification,clarification/ambiguity_gate_clarification,100.0,True,0.0324,0,,,
MB-0636-ANA-010,ambiguity_no_answer,psu_fact,จอง,ยังไม่พบข้อมูลที่ยืนยันได้ในฐานข้อมูลของ PSU Esports Studio - Phuket สำหรับหมวด reservation ตอนนี้ครับ,pipeline:answer_contract_no_answer,no_answer/answer_contract_rejected,100.0,True,0.5499,0,,,
MB-0637-ANA-011,ambiguity_no_answer,psu_fact,เกม,ตอนนี้มีเกมที่ยืนยันได้ทั้งหมด 42 เกมครับ PC Zone (6 เกม) • Call of Duty: Warzone • Counter-Strike 2 • League of Legends • PUBG: BATTLEGROUNDS • TEKKEN 8 • VALORANT PlayStation 5 Zone (17 เกม) • Call of Duty: Modern Warfare III • Delta Force • EA Sports FC 24 • eFootball • FINAL FANTASY XVI • Fortnite • God of War Ragnarok • Hogwarts Legacy • Marvel's Spider-Man 2 • NARUTO X BORUTO Ultimate Ninja Storm Connections • Resident Evil 4 • Resident Evil Village • TEKKEN 8 • THE FINALS • The Last of Us Part I • The Last of Us Part II (Remastered) • Uncharted: Legacy of Thieves Collection Nintendo Switch Zone (17 เกม) • Animal Crossing: New Horizons • It Takes Two • Little Nightmares II • Luigi's Ma,pipeline:structured_games_catalog,games/list,100.0,True,0.1256,0,,,
MB-0638-ANA-012,ambiguity_no_answer,psu_fact,อุปกรณ์,"อุปกรณ์บนหน้า Home: PC Zone • Gaming PC รุ่น MSI MAG Infinite S3 14th (จำนวน 10 เครื่อง) • Gaming Monitor (จำนวน 10 จอ) • Gaming Chair (จำนวน 10 ตัว) • Gaming Gear ครบชุด ทั้ง Keyboard, Mouse และ Headset Cockpit Zone • TV ขนาด 65 นิ้ว (จำนวน 2 เครื่อง) • Racezone Full Cockpit V3 (จำนวน 2 ชุด) • Logitech G923 TRUEFORCE Racing wheel พร้อม Driving Force Shifter (จำนวน 2 ชุด) • Pulse Elite Wireless Headset (จำนวน 2 อัน) Nintendo Switch Zone • TV ขนาด 86 นิ้ว (จำนวน 1 เครื่อง) • Nintendo Switch OLED (จำนวน 1 เครื่อง) • Sofa ขนาด 2 ที่นั่ง (จำนวน 2 ตัว) PlayStation 5 Zone • PlayStation 5 Slim รุ่น Ultra HD Blu-Ray Disc Drive (จำนวน 2 เครื่อง) VR Zone • PlayStation 5 Slim (จำนวน 1 เครื่อง) • Sony P",pipeline:structured_equipment_catalog,equipment/list,100.0,True,0.1705,0,,,
MB-0639-ANA-013,ambiguity_no_answer,psu_fact,อันนี้เล่นยังไง,"ยังไม่แน่ใจว่าหมายถึงเกมไหนครับ หรือหมายถึงวิธีเล่นเกมไหน/วิธีเข้าใช้บริการ/จอง ตัวอย่างเกมที่มีข้อมูลปุ่มแล้ว: TEKKEN 8, Mario Kart 8 Deluxe, Call of Duty: Modern Warfare III ถ้าถามวิธีเล่น/ปุ่ม ให้พิมพ์ชื่อเกมมาด้วย เช่น `TEKKEN 8 เล่นยังไง` หรือ `Mario Kart 8 Deluxe เล่นยังไง`",pipeline:game_control_missing_game_context,games/game_control_lookup,100.0,True,0.0549,0,,,
MB-0640-ANA-014,ambiguity_no_answer,psu_fact,สรุปคือทำยังไง,โหมดทดลอง RAG: ยังไม่มี context ที่โยงกับคำถามนี้ได้ชัดในฐานข้อมูลหมวด no_answer ถ้าต้องการให้ตอบได้ ควรเพิ่ม fact/card หรือข้อมูลจริงของเรื่องนั้นเข้า knowledge base ก่อน,pipeline:experimental_rag_no_context,no_answer/guard_no_answer,100.0,True,0.1145,0,,,
MB-0641-ANA-015,ambiguity_no_answer,psu_fact,มี Minecraft ไหม,ยังไม่พบข้อมูลที่ยืนยันได้ในฐานข้อมูลของ PSU Esports Studio - Phuket สำหรับหมวด games ตอนนี้ครับ,pipeline:no_answer,games/game_availability_lookup,100.0,True,1.2611,0,,,
MB-0642-ANA-016,ambiguity_no_answer,psu_fact,มี GTA V ไหม,ยังไม่พบข้อมูลที่ยืนยันได้ในฐานข้อมูลของ PSU Esports Studio - Phuket สำหรับหมวด games ตอนนี้ครับ,pipeline:no_answer,games/game_availability_lookup,100.0,True,3.9222,0,,,
MB-0643-ANA-017,ambiguity_no_answer,psu_fact,มี ROV ให้เล่นในศูนย์ไหม,ยังไม่พบข้อมูลที่ยืนยันได้ในฐานข้อมูลของ PSU Esports Studio - Phuket สำหรับหมวด games ตอนนี้ครับ,pipeline:no_answer,games/game_availability_lookup,100.0,True,0.6751,0,,,
MB-0644-ANA-018,ambiguity_no_answer,psu_fact,Roblox เล่นได้ไหม,ยังไม่พบข้อมูลที่ยืนยันได้ในฐานข้อมูลของ PSU Esports Studio - Phuket สำหรับหมวด games ตอนนี้ครับ,pipeline:no_answer,games/game_availability_lookup,100.0,True,0.9516,0,,,
MB-0645-ANA-019,ambiguity_no_answer,psu_fact,เกม Valorant Mobile มีไหม,โหมดทดลอง RAG: ยังไม่มี context ที่โยงกับคำถามนี้ได้ชัดในฐานข้อมูลหมวด no_answer ถ้าต้องการให้ตอบได้ ควรเพิ่ม fact/card หรือข้อมูลจริงของเรื่องนั้นเข้า knowledge base ก่อน,pipeline:experimental_rag_no_context,no_answer/guard_no_answer,100.0,True,0.1381,0,,,
MB-0646-ANA-020,ambiguity_no_answer,psu_fact,ขอเบอร์โทรส่วนตัวเจ้าหน้าที่,โหมดทดลอง RAG: ยังไม่มี context ที่โยงกับคำถามนี้ได้ชัดในฐานข้อมูลหมวด no_answer ถ้าต้องการให้ตอบได้ ควรเพิ่ม fact/card หรือข้อมูลจริงของเรื่องนั้นเข้า knowledge base ก่อน,pipeline:experimental_rag_no_context,no_answer/guard_no_answer,100.0,True,0.1289,0,,,
MB-1050-AC-001,ambiguous_controls,ambiguity,เกมนี้กดอะไร,"ขอชื่อเกมก่อนครับ ยังไม่แน่ใจว่าหมายถึงเกมไหน จึงไม่ขอดึงปุ่มหรือวิธีเล่นของเกมอื่นมาตอบแทน ตัวอย่างเกมที่มีข้อมูลปุ่มแล้ว: TEKKEN 8, Mario Kart 8 Deluxe, Call of Duty: Modern Warfare III เช่น `TEKKEN 8 มีปุ่มอะไรบ้าง` หรือ `Mario Kart 8 Deluxe กดอะไร`",pipeline:game_control_missing_game_context,games/game_control_lookup,100.0,True,0.0452,0,,,
MB-1051-AC-002,ambiguous_controls,ambiguity,ปุ่มยิงคืออะไร,"ขอชื่อเกมก่อนครับ ยังไม่แน่ใจว่าหมายถึงเกมไหน จึงไม่ขอดึงปุ่มหรือวิธีเล่นของเกมอื่นมาตอบแทน ตัวอย่างเกมที่มีข้อมูลปุ่มแล้ว: TEKKEN 8, Mario Kart 8 Deluxe, Call of Duty: Modern Warfare III เช่น `TEKKEN 8 มีปุ่มอะไรบ้าง` หรือ `Mario Kart 8 Deluxe กดอะไร`",pipeline:game_control_missing_game_context,games/game_control_lookup,100.0,True,0.0534,0,,,
MB-1052-AC-003,ambiguous_controls,ambiguity,อยากรู้ปุ่มของเกม,"ขอชื่อเกมก่อนครับ ยังไม่แน่ใจว่าหมายถึงเกมไหน จึงไม่ขอดึงปุ่มหรือวิธีเล่นของเกมอื่นมาตอบแทน ตัวอย่างเกมที่มีข้อมูลปุ่มแล้ว: TEKKEN 8, Mario Kart 8 Deluxe, Call of Duty: Modern Warfare III เช่น `TEKKEN 8 มีปุ่มอะไรบ้าง` หรือ `Mario Kart 8 Deluxe กดอะไร`",pipeline:game_control_missing_game_context,games/game_control_lookup,100.0,True,0.058,0,,,
MB-1053-AC-004,ambiguous_controls,ambiguity,เมื่อกี้ถาม Gran Turismo แล้ว ตอนนี้ขอปุ่ม,Gran Turismo 7 มีข้อมูลปุ่มควบคุมดังนี้: PlayStation / PS5 • L (Left Stick): เลี้ยว / ควบคุมพวงมาลัย - บังคับทิศทางรถ • R2: คันเร่ง - กดเพื่อเร่งเครื่อง • L2: เบรก - กดเพื่อชะลอความเร็วรถ • Cross: เพิ่มเกียร์ - เปลี่ยนเกียร์สูงขึ้น (โหมดเกียร์ธรรมดา) • Square: ลดเกียร์ - เปลี่ยนเกียร์ต่ำลง (โหมดเกียร์ธรรมดา) • Circle: เบรกมือ - ดึงเบรกมือเพื่อสไลด์หรือดริฟต์ • Triangle: ถอยหลัง - เข้าเกียร์ถอยรถ • D-Pad: ควบคุมจอ MFD - สลับและปรับค่า Multi-Function Display เช่น Traction Control หรือ Fuel Map • R1: เปลี่ยนมุมมอง - สลับมุมกล้องในการขับขี่ • L1: มองหลัง - สลับมุมกล้องไปมองด้านหลังชั่วคราว • R3: ไนตรัส / เร่งแซง - ใช้งานระบบเพิ่มความเร็วพิเศษที่มีติดตั้งในรถบางรุ่น • L3: ไฟหน้า - เปิด/ปิด หรือกะ,pipeline:structured_game_controls,games/game_control_lookup,100.0,True,0.4166,0,,,
MB-1054-AC-005,ambiguous_controls,ambiguity,Call of เล่นยังไง,Call of Duty มีหลายเกมในรายการปัจจุบันครับ คำถามนี้จึงยังไม่ชัดว่าหมายถึงเกมไหน ถ้าต้องการถามเรื่องวิธีเล่น ขอเลือกเกมก่อน: • Call of Duty: Modern Warfare III (PlayStation 5 Zone) • Call of Duty: Warzone (PC Zone) พิมพ์ต่อได้ เช่น `Call of Duty: Modern Warfare III เล่นยังไง`,pipeline:ambiguity_clarification,clarification/ambiguity_gate_clarification,100.0,True,0.0722,0,,,
MB-1055-AC-006,ambiguous_controls,ambiguity,Mario Kart Live เล่นยังไง,"ตอนนี้ยังไม่พบ Mario Kart Live: Home Circuit ในรายการเกมปัจจุบันของ PSU Esports Studio - Phuket ครับ จึงไม่ดึงปุ่มของเกมอื่น เช่น Mario Kart 8 Deluxe มาตอบแทน เกมตระกูล Mario ที่อยู่ในรายการปัจจุบันคือ: Mario Kart 8 Deluxe, Mario Party Superstars, New Super Mario Bros. U Deluxe, Super Mario Odyssey แหล่งข้อมูล: https://esports.computing.psu.ac.th/",pipeline:structured_game_controls_no_current_game,games/how_to,100.0,True,0.2367,0,,,
MB-0654-AG-001,availability_game,psu_fact,TEKKEN 8 เล่นได้ที่เครื่องไหน,"ได้ครับ TEKKEN 8 เล่นได้ที่ PC Zone - PC #01-#02, PlayStation 5 Zone - PlayStation 5 #01-#02 แหล่งข้อมูล: https://esports.computing.psu.ac.th/",pipeline:structured_service_game_availability,games/game_availability_lookup,100.0,True,0.5076,0,,,
MB-0655-AG-002,availability_game,psu_fact,มี TEKKEN 8 ไหม,"ได้ครับ TEKKEN 8 เล่นได้ที่ PC Zone - PC #01-#02, PlayStation 5 Zone - PlayStation 5 #01-#02 แหล่งข้อมูล: https://esports.computing.psu.ac.th/",pipeline:structured_service_game_availability,games/game_availability_lookup,100.0,True,0.2323,0,,,
MB-0656-AG-003,availability_game,psu_fact,TEKKEN 8 อยู่โซนไหน,TEKKEN 8: TEKKEN 8 คือเกมต่อสู้แบบตัวต่อตัว ผู้เล่นเลือกตัวละครแล้วใช้คอมโบ การป้องกัน และจังหวะสวนกลับเพื่อชนะคู่แข่ง แนวเกม: เกมต่อสู้ 1v1 วิธีเล่นโดยสรุป: เล่นเป็นรอบ เลือกตัวละคร ฝึกท่าพื้นฐาน/คอมโบ อ่านจังหวะคู่ต่อสู้ และทำให้พลังชีวิตอีกฝ่ายหมดก่อน เล่นได้ที่: PC Zone และ PlayStation 5 Zone แหล่งข้อมูล: https://esports.phuket.psu.ac.th/Services/our-games,pipeline:structured_game_detail,games/game_availability_lookup,100.0,True,0.3543,0,,,
MB-0657-AG-004,availability_game,psu_fact,ถ้าจะเล่น TEKKEN 8 ต้องจองอะไร,"ถ้าจะเล่น TEKKEN 8 ให้จอง PC Zone - PC #01-#02 หรือ PlayStation 5 Zone - PlayStation 5 #01-#02 ครับ • PC Zone - PC #01-#02 (60 นาที, 1 คน) • PlayStation 5 Zone - PlayStation 5 #01-#02 (60 นาที, 1-2 คน) จากนั้นเลือกวัน รอบเวลา กรอกข้อมูลผู้ใช้บริการ ชำระเงิน และแนบสลิปเพื่อยืนยันการจอง แหล่งข้อมูล: https://esports.computing.psu.ac.th/",pipeline:structured_booking_game_service_selection,reservation/booking_policy,100.0,True,0.2723,0,,,
MB-0658-AG-005,availability_game,psu_fact,Counter-Strike 2 เล่นได้ที่เครื่องไหน,"ได้ครับ Counter-Strike 2 เล่นได้ที่ PC Zone - PC #01-#02, PC Zone - PC #03-#10 แหล่งข้อมูล: https://esports.computing.psu.ac.th/",pipeline:structured_service_game_availability,games/game_availability_lookup,100.0,True,0.4409,0,,,
MB-0659-AG-006,availability_game,psu_fact,มี Counter-Strike 2 ไหม,"ได้ครับ Counter-Strike 2 เล่นได้ที่ PC #01-#02, PC #03-#10 แหล่งข้อมูล: https://esports.computing.psu.ac.th/",pipeline:service_game_availability_fast_path,games/count,100.0,True,0.3129,0,,,
MB-0660-AG-007,availability_game,psu_fact,Counter-Strike 2 อยู่โซนไหน,Counter-Strike 2: Counter-Strike 2 คือเกมยิงแข่งขันแบบทีมที่แบ่งเป็นฝ่ายบุกและฝ่ายรับ โดยมีเป้าหมายหลักเกี่ยวกับการวาง/กู้ระเบิดหรือจัดการฝ่ายตรงข้าม แนวเกม: เกมยิง Tactical FPS วิธีเล่นโดยสรุป: เล่นเป็นรอบ ๆ ต้องซื้ออาวุธ วางแผนกับทีม คุมพื้นที่ และใช้การเล็งกับการสื่อสารเพื่อชนะรอบ เล่นได้ที่: PC Zone แหล่งข้อมูล: https://esports.computing.psu.ac.th/reservation,pipeline:structured_game_detail,games/game_availability_lookup,100.0,True,0.4412,0,,,
MB-0661-AG-008,availability_game,psu_fact,ถ้าจะเล่น Counter-Strike 2 ต้องจองอะไร,"ถ้าจะเล่น Counter-Strike 2 ให้จอง PC Zone - PC #01-#02 หรือ PC Zone - PC #03-#10 ครับ • PC Zone - PC #01-#02 (60 นาที, 1 คน) • PC Zone - PC #03-#10 (60 นาที, 1 คน) จากนั้นเลือกวัน รอบเวลา กรอกข้อมูลผู้ใช้บริการ ชำระเงิน และแนบสลิปเพื่อยืนยันการจอง แหล่งข้อมูล: https://esports.computing.psu.ac.th/",pipeline:structured_booking_game_service_selection,reservation/booking_policy,100.0,True,0.2545,0,,,
MB-0662-AG-009,availability_game,psu_fact,League of Legends เล่นได้ที่เครื่องไหน,"ได้ครับ League of Legends เล่นได้ที่ PC Zone - PC #01-#02, PC Zone - PC #03-#10 แหล่งข้อมูล: https://esports.computing.psu.ac.th/",pipeline:structured_service_game_availability,games/game_availability_lookup,100.0,True,0.5004,0,,,
MB-0663-AG-010,availability_game,psu_fact,มี League of Legends ไหม,"ได้ครับ League of Legends เล่นได้ที่ PC Zone - PC #01-#02, PC Zone - PC #03-#10 แหล่งข้อมูล: https://esports.computing.psu.ac.th/",pipeline:structured_service_game_availability,games/detail,100.0,True,0.2858,0,,,
MB-0664-AG-011,availability_game,psu_fact,League of Legends อยู่โซนไหน,League of Legends: League of Legends คือเกมวางแผนต่อสู้แบบทีม ผู้เล่นเลือก Champion และร่วมกันทำลายฐานหลักของฝ่ายตรงข้าม แนวเกม: เกม MOBA แบบทีม 5v5 วิธีเล่นโดยสรุป: แบ่งเลน ฟาร์มเงินและเลเวล คุม objective ช่วยทีมไฟต์ และดันเข้าไปทำลาย Nexus ของศัตรู เล่นได้ที่: PC Zone แหล่งข้อมูล: https://esports.computing.psu.ac.th/reservation,pipeline:structured_game_detail,games/game_availability_lookup,100.0,True,0.4569,0,,,
MB-0665-AG-012,availability_game,psu_fact,ถ้าจะเล่น League of Legends ต้องจองอะไร,"ถ้าจะเล่น League of Legends ให้จอง PC Zone - PC #01-#02 หรือ PC Zone - PC #03-#10 ครับ • PC Zone - PC #01-#02 (60 นาที, 1 คน) • PC Zone - PC #03-#10 (60 นาที, 1 คน) จากนั้นเลือกวัน รอบเวลา กรอกข้อมูลผู้ใช้บริการ ชำระเงิน และแนบสลิปเพื่อยืนยันการจอง แหล่งข้อมูล: https://esports.computing.psu.ac.th/",pipeline:structured_booking_game_service_selection,reservation/booking_policy,100.0,True,0.2716,0,,,
MB-0666-AG-013,availability_game,psu_fact,PUBG: BATTLEGROUNDS เล่นได้ที่เครื่องไหน,"ได้ครับ PUBG: BATTLEGROUNDS เล่นได้ที่ PC Zone - PC #01-#02, PC Zone - PC #03-#10 แหล่งข้อมูล: https://esports.computing.psu.ac.th/",pipeline:structured_service_game_availability,games/game_availability_lookup,100.0,True,0.4959,0,,,
MB-0667-AG-014,availability_game,psu_fact,มี PUBG: BATTLEGROUNDS ไหม,"ได้ครับ PUBG: BATTLEGROUNDS เล่นได้ที่ PC Zone - PC #01-#02, PC Zone - PC #03-#10 แหล่งข้อมูล: https://esports.computing.psu.ac.th/",pipeline:structured_service_game_availability,games/game_availability_lookup,100.0,True,0.3142,0,,,
MB-0668-AG-015,availability_game,psu_fact,PUBG อยู่โซนไหน,PUBG: BATTLEGROUNDS: PUBG: BATTLEGROUNDS คือเกมเอาชีวิตรอดที่ผู้เล่นลงสนาม ค้นหาอาวุธและอุปกรณ์ แล้วพยายามอยู่รอดเป็นคนหรือทีมสุดท้าย แนวเกม: เกม Battle Royale วิธีเล่นโดยสรุป: เลือกจุดลง หาอาวุธ เข้าโซนปลอดภัย วางตำแหน่ง และต่อสู้กับทีมอื่นจนเหลือผู้ชนะท้ายเกม เล่นได้ที่: PC Zone แหล่งข้อมูล: https://esports.computing.psu.ac.th/reservation,pipeline:structured_game_detail,games/game_availability_lookup,100.0,True,0.3412,0,,,
MB-0669-AG-016,availability_game,psu_fact,ถ้าจะเล่น PUBG ต้องจองอะไร,"ถ้าจะเล่น PUBG: BATTLEGROUNDS ให้จอง PC Zone - PC #01-#02 หรือ PC Zone - PC #03-#10 ครับ • PC Zone - PC #01-#02 (60 นาที, 1 คน) • PC Zone - PC #03-#10 (60 นาที, 1 คน) จากนั้นเลือกวัน รอบเวลา กรอกข้อมูลผู้ใช้บริการ ชำระเงิน และแนบสลิปเพื่อยืนยันการจอง แหล่งข้อมูล: https://esports.computing.psu.ac.th/",pipeline:structured_booking_game_service_selection,reservation/booking_policy,100.0,True,0.2473,0,,,
MB-0670-AG-017,availability_game,psu_fact,VALORANT เล่นได้ที่เครื่องไหน,"ได้ครับ VALORANT เล่นได้ที่ PC Zone - PC #01-#02, PC Zone - PC #03-#10 แหล่งข้อมูล: https://esports.computing.psu.ac.th/",pipeline:structured_service_game_availability,games/game_availability_lookup,100.0,True,0.4338,0,,,
MB-0671-AG-018,availability_game,psu_fact,มี VALORANT ไหม,"ได้ครับ VALORANT เล่นได้ที่ PC Zone - PC #01-#02, PC Zone - PC #03-#10 แหล่งข้อมูล: https://esports.computing.psu.ac.th/",pipeline:structured_service_game_availability,games/game_availability_lookup,100.0,True,0.2306,0,,,
MB-0672-AG-019,availability_game,psu_fact,VALORANT อยู่โซนไหน,VALORANT: VALORANT คือเกมยิงเชิงกลยุทธ์ที่ผู้เล่นเลือก Agent ที่มีสกิลเฉพาะ แล้วเล่นเป็นฝ่ายบุก/รับในแต่ละรอบ แนวเกม: เกมยิง Tactical FPS แบบทีม 5v5 วิธีเล่นโดยสรุป: ฝ่ายบุกต้องวาง Spike ส่วนฝ่ายรับต้องป้องกันพื้นที่หรือกู้ Spike การเล่นเน้นการเล็ง การสื่อสาร การใช้สกิล และการเล่นเป็นทีม เล่นได้ที่: PC Zone แหล่งข้อมูล: https://esports.computing.psu.ac.th/reservation,pipeline:structured_game_detail,games/game_availability_lookup,100.0,True,0.3514,0,,,
MB-0673-AG-020,availability_game,psu_fact,ถ้าจะเล่น VALORANT ต้องจองอะไร,"ถ้าจะเล่น VALORANT ให้จอง PC Zone - PC #01-#02 หรือ PC Zone - PC #03-#10 ครับ • PC Zone - PC #01-#02 (60 นาที, 1 คน) • PC Zone - PC #03-#10 (60 นาที, 1 คน) จากนั้นเลือกวัน รอบเวลา กรอกข้อมูลผู้ใช้บริการ ชำระเงิน และแนบสลิปเพื่อยืนยันการจอง แหล่งข้อมูล: https://esports.computing.psu.ac.th/",pipeline:structured_booking_game_service_selection,reservation/booking_policy,100.0,True,0.229,0,,,
MB-0838-AMS-001,availability_machine_split,psu_fact,PC #01 มี Call of Duty: Warzone ไหม,PC #01-#02 ไม่มี Call of Duty: Warzone ครับ Call of Duty: Warzone เล่นได้ที่ PC #03-#10 เกมที่มีใน PC #01-#02: • TEKKEN 8 • Counter-Strike 2 • League of Legends • PUBG: BATTLEGROUNDS • VALORANT แหล่งข้อมูล: https://esports.computing.psu.ac.th/,pipeline:structured_service_game_availability_no_match,games/game_availability_lookup,100.0,True,0.2506,0,,,
MB-0839-AMS-002,availability_machine_split,psu_fact,PC #02 มี Call of Duty: Warzone ไหม,PC #01-#02 ไม่มี Call of Duty: Warzone ครับ Call of Duty: Warzone เล่นได้ที่ PC #03-#10 เกมที่มีใน PC #01-#02: • TEKKEN 8 • Counter-Strike 2 • League of Legends • PUBG: BATTLEGROUNDS • VALORANT แหล่งข้อมูล: https://esports.computing.psu.ac.th/,pipeline:structured_service_game_availability_no_match,games/game_availability_lookup,100.0,True,0.249,0,,,
MB-0840-AMS-003,availability_machine_split,psu_fact,PC #03 มี TEKKEN 8 ไหม,PC #03-#10 ไม่มี TEKKEN 8 ครับ TEKKEN 8 เล่นได้ที่ PC #01-#02 เกมที่มีใน PC #03-#10: • Call of Duty: Warzone • Counter-Strike 2 • League of Legends • PUBG: BATTLEGROUNDS • VALORANT แหล่งข้อมูล: https://esports.computing.psu.ac.th/,pipeline:structured_service_game_availability_no_match,games/game_availability_lookup,100.0,True,0.1993,0,,,
MB-0841-AMS-004,availability_machine_split,psu_fact,PC #10 มี TEKKEN 8 ไหม,PC #03-#10 ไม่มี TEKKEN 8 ครับ TEKKEN 8 เล่นได้ที่ PC #01-#02 เกมที่มีใน PC #03-#10: • Call of Duty: Warzone • Counter-Strike 2 • League of Legends • PUBG: BATTLEGROUNDS • VALORANT แหล่งข้อมูล: https://esports.computing.psu.ac.th/,pipeline:structured_service_game_availability_no_match,games/game_availability_lookup,100.0,True,0.2341,0,,,
MB-0651-AS-001,availability_service,psu_fact,PC #01-#02 มีเกมอะไรบ้าง,"PC Zone มีเกมที่ยืนยันได้ดังนี้ PC #01-#02 (60 นาที, 1 คน) • TEKKEN 8 • Counter-Strike 2 • League of Legends • PUBG: BATTLEGROUNDS • VALORANT หมายเหตุ: PC #01-#02 มี TEKKEN 8 แต่ไม่มี Call of Duty: Warzone หมายเหตุ: PC #01-#02 และ PC #03-#10 มี Counter-Strike 2, League of Legends, PUBG: BATTLEGROUNDS, VALORANT เหมือนกัน แหล่งข้อมูล: https://esports.computing.psu.ac.th/",pipeline:structured_service_game_availability,games/list,100.0,True,0.1819,0,,,
MB-0652-AS-002,availability_service,psu_fact,PC #01-#02 เล่นได้กี่คน,บริการที่ถามรองรับผู้เล่นตามข้อมูลนี้ครับ • PC #01-#02: 1 คน ต่อรอบ 60 นาที แหล่งข้อมูล: https://esports.computing.psu.ac.th/,pipeline:structured_service_capacity,reservation/count,100.0,True,2.0892,0,,,
MB-0653-AS-003,availability_service,psu_fact,PC Zone รายการเกมมีอะไรบ้าง,"PC Zone แยกรายการเกมตามเลขเครื่องดังนี้ PC #01-#02 (60 นาที, 1 คน) • TEKKEN 8 • Counter-Strike 2 • League of Legends • PUBG: BATTLEGROUNDS • VALORANT หมายเหตุ: PC #01-#02 มี TEKKEN 8 แต่ไม่มี Call of Duty: Warzone หมายเหตุ: PC #01-#02 และ PC #03-#10 มี Counter-Strike 2, League of Legends, PUBG: BATTLEGROUNDS, VALORANT เหมือนกัน PC #03-#10 (60 นาที, 1 คน) • Call of Duty: Warzone • Counter-Strike 2 • League of Legends • PUBG: BATTLEGROUNDS • VALORANT หมายเหตุ: PC #03-#10 มี Call of Duty: Warzone แต่ไม่มี TEKKEN 8 หมายเหตุ: PC #01-#02 และ PC #03-#10 มี Counter-Strike 2, League of Legends, PUBG: BATTLEGROUNDS, VALORANT เหมือนกัน แหล่งข้อมูล: https://esports.computing.psu.ac.th/",pipeline:structured_service_game_availability,games/list,100.0,True,0.1862,0,,,
MB-0674-AS-004,availability_service,psu_fact,PC #03-#10 มีเกมอะไรบ้าง,"PC Zone มีเกมที่ยืนยันได้ดังนี้ PC #03-#10 (60 นาที, 1 คน) • Call of Duty: Warzone • Counter-Strike 2 • League of Legends • PUBG: BATTLEGROUNDS • VALORANT หมายเหตุ: PC #03-#10 มี Call of Duty: Warzone แต่ไม่มี TEKKEN 8 หมายเหตุ: PC #01-#02 และ PC #03-#10 มี Counter-Strike 2, League of Legends, PUBG: BATTLEGROUNDS, VALORANT เหมือนกัน แหล่งข้อมูล: https://esports.computing.psu.ac.th/",pipeline:structured_service_game_availability,games/list,100.0,True,0.1485,0,,,
MB-0675-AS-005,availability_service,psu_fact,PC #03-#10 เล่นได้กี่คน,บริการที่ถามรองรับผู้เล่นตามข้อมูลนี้ครับ • PC #03-#10: 1 คน ต่อรอบ 60 นาที แหล่งข้อมูล: https://esports.computing.psu.ac.th/,pipeline:structured_service_capacity,reservation/count,100.0,True,1.8802,0,,,
MB-0680-AS-006,availability_service,psu_fact,PlayStation 5 #01-#02 มีเกมอะไรบ้าง,"PlayStation 5 Zone มีเกมที่ยืนยันได้ดังนี้ PlayStation 5 #01-#02 (60 นาที, 1-2 คน) • Call of Duty: Modern Warfare III • Delta Force • EA Sports FC 24 • eFootball • FINAL FANTASY XVI • Fortnite • God of War Ragnarok • Hogwarts Legacy • Marvel's Spider-Man 2 • NARUTO X BORUTO Ultimate Ninja Storm Connections • Resident Evil 4 • Resident Evil Village • TEKKEN 8 • THE FINALS • The Last of Us Part I • The Last of Us Part II (Remastered) • Uncharted: Legacy of Thieves Collection หมายเหตุ: PlayStation 5 #01 และ #02 ใช้รายการเกมเดียวกัน แหล่งข้อมูล: https://esports.computing.psu.ac.th/",pipeline:structured_service_game_availability,games/list,100.0,True,0.197,0,,,
MB-0681-AS-007,availability_service,psu_fact,PlayStation 5 #01-#02 เล่นได้กี่คน,บริการที่ถามรองรับผู้เล่นตามข้อมูลนี้ครับ • PlayStation 5 #01-#02: 1-2 คน ต่อรอบ 60 นาที แหล่งข้อมูล: https://esports.computing.psu.ac.th/,pipeline:structured_service_capacity,reservation/count,100.0,True,3.5511,0,,,
MB-0682-AS-008,availability_service,psu_fact,PlayStation 5 Zone รายการเกมมีอะไรบ้าง,"PlayStation 5 Zone มีเกมที่ยืนยันได้ดังนี้ PlayStation 5 #01-#02 (60 นาที, 1-2 คน) • Call of Duty: Modern Warfare III • Delta Force • EA Sports FC 24 • eFootball • FINAL FANTASY XVI • Fortnite • God of War Ragnarok • Hogwarts Legacy • Marvel's Spider-Man 2 • NARUTO X BORUTO Ultimate Ninja Storm Connections • Resident Evil 4 • Resident Evil Village • TEKKEN 8 • THE FINALS • The Last of Us Part I • The Last of Us Part II (Remastered) • Uncharted: Legacy of Thieves Collection หมายเหตุ: PlayStation 5 #01 และ #02 ใช้รายการเกมเดียวกัน แหล่งข้อมูล: https://esports.computing.psu.ac.th/",pipeline:structured_service_game_availability,games/list,100.0,True,0.2182,0,,,
MB-0745-AS-009,availability_service,psu_fact,Nintendo Switch (1-2 Persons) มีเกมอะไรบ้าง,"Nintendo Switch Zone มีเกมที่ยืนยันได้ดังนี้ Nintendo Switch (1-2 Persons) (60 นาที, 1-2 คน) • Pokémon Champions • Animal Crossing: New Horizons • It Takes Two • Little Nightmares II • Luigi's Mansion 3 • Mario Kart 8 Deluxe • Mario Party Superstars • Monster Hunter Rise • Moving Out 2 • New Super Mario Bros. U Deluxe • Nintendo Switch Sports • Overcooked! • Overcooked! 2 • Ring Fit Adventure • Super Mario Odyssey • Super Smash Bros Ultimate • The Legend of Zelda: Breath of The Wild หมายเหตุ: Nintendo Switch แบบ 1-2 Persons และ 1-4 Persons ใช้รายการเกมเดียวกัน แหล่งข้อมูล: https://esports.computing.psu.ac.th/",pipeline:structured_service_game_availability,games/list,100.0,True,0.2286,0,,,
MB-0746-AS-010,availability_service,psu_fact,Nintendo Switch (1-2 Persons) เล่นได้กี่คน,บริการที่ถามรองรับผู้เล่นตามข้อมูลนี้ครับ • Nintendo Switch (1-2 Persons): 1-2 คน ต่อรอบ 60 นาที • Nintendo Switch (1-4 Persons): 1-4 คน ต่อรอบ 60 นาที แหล่งข้อมูล: https://esports.computing.psu.ac.th/,pipeline:structured_service_capacity,reservation/count,100.0,True,0.2467,0,,,
MB-0747-AS-011,availability_service,psu_fact,Nintendo Switch Zone รายการเกมมีอะไรบ้าง,"Nintendo Switch Zone มีเกมที่ยืนยันได้ดังนี้ Nintendo Switch (1-2 Persons) (60 นาที, 1-2 คน) • Pokémon Champions • Animal Crossing: New Horizons • It Takes Two • Little Nightmares II • Luigi's Mansion 3 • Mario Kart 8 Deluxe • Mario Party Superstars • Monster Hunter Rise • Moving Out 2 • New Super Mario Bros. U Deluxe • Nintendo Switch Sports • Overcooked! • Overcooked! 2 • Ring Fit Adventure • Super Mario Odyssey • Super Smash Bros Ultimate • The Legend of Zelda: Breath of The Wild หมายเหตุ: Nintendo Switch แบบ 1-2 Persons และ 1-4 Persons ใช้รายการเกมเดียวกัน Nintendo Switch (1-4 Persons) (60 นาที, 1-4 คน) • Pokémon Champions • Animal Crossing: New Horizons • It Takes Two • Little Nightmare",pipeline:structured_service_game_availability,games/list,100.0,True,0.2182,0,,,
MB-0816-AS-012,availability_service,psu_fact,Nintendo Switch (1-4 Persons) มีเกมอะไรบ้าง,"Nintendo Switch Zone มีเกมที่ยืนยันได้ดังนี้ Nintendo Switch (1-4 Persons) (60 นาที, 1-4 คน) • Pokémon Champions • Animal Crossing: New Horizons • It Takes Two • Little Nightmares II • Luigi's Mansion 3 • Mario Kart 8 Deluxe • Mario Party Superstars • Monster Hunter Rise • Moving Out 2 • New Super Mario Bros. U Deluxe • Nintendo Switch Sports • Overcooked! • Overcooked! 2 • Ring Fit Adventure • Super Mario Odyssey • Super Smash Bros Ultimate • The Legend of Zelda: Breath of The Wild หมายเหตุ: Nintendo Switch แบบ 1-2 Persons และ 1-4 Persons ใช้รายการเกมเดียวกัน แหล่งข้อมูล: https://esports.computing.psu.ac.th/",pipeline:structured_service_game_availability,games/list,100.0,True,0.2113,0,,,
MB-0817-AS-013,availability_service,psu_fact,Nintendo Switch (1-4 Persons) เล่นได้กี่คน,บริการที่ถามรองรับผู้เล่นตามข้อมูลนี้ครับ • Nintendo Switch (1-2 Persons): 1-2 คน ต่อรอบ 60 นาที • Nintendo Switch (1-4 Persons): 1-4 คน ต่อรอบ 60 นาที แหล่งข้อมูล: https://esports.computing.psu.ac.th/,pipeline:structured_service_capacity,reservation/count,100.0,True,0.2207,0,,,
MB-0818-AS-014,availability_service,psu_fact,Cockpit #01-#02 มีเกมอะไรบ้าง,"Cockpit Zone มีเกมที่ยืนยันได้ดังนี้ Cockpit #01-#02 (60 นาที, 1 คน) • Gran Turismo 7 หมายเหตุ: Cockpit มี 2 เครื่อง และใช้รายการเกมเดียวกัน แหล่งข้อมูล: https://esports.computing.psu.ac.th/",pipeline:structured_service_game_availability,games/list,100.0,True,0.2,0,,,
MB-0819-AS-015,availability_service,psu_fact,Cockpit #01-#02 เล่นได้กี่คน,บริการที่ถามรองรับผู้เล่นตามข้อมูลนี้ครับ • Cockpit #01-#02: 1 คน ต่อรอบ 60 นาที แหล่งข้อมูล: https://esports.computing.psu.ac.th/,pipeline:structured_service_capacity,reservation/count,100.0,True,2.9404,0,,,
MB-0820-AS-016,availability_service,psu_fact,Cockpit Zone รายการเกมมีอะไรบ้าง,"Cockpit Zone มีเกมที่ยืนยันได้ดังนี้ Cockpit #01-#02 (60 นาที, 1 คน) • Gran Turismo 7 หมายเหตุ: Cockpit มี 2 เครื่อง และใช้รายการเกมเดียวกัน แหล่งข้อมูล: https://esports.computing.psu.ac.th/",pipeline:structured_service_game_availability,games/list,100.0,True,0.2167,0,,,
MB-0825-AS-017,availability_service,psu_fact,VR Station 30 นาที มีเกมอะไรบ้าง,"VR Zone มีเกมที่ยืนยันได้ดังนี้ VR Station 30 นาที (30 นาที, 1-5 คน) • Beat Saber • Horizon Call of the Mountain • Resident Evil 4 • Resident Evil Village หมายเหตุ: VR Station แบบ 30 นาทีและ 1 ชั่วโมงใช้รายการเกมเดียวกัน แหล่งข้อมูล: https://esports.computing.psu.ac.th/",pipeline:structured_service_game_availability,games/list,100.0,True,0.265,0,,,
MB-0826-AS-018,availability_service,psu_fact,VR Station 30 นาที เล่นได้กี่คน,บริการที่ถามรองรับผู้เล่นตามข้อมูลนี้ครับ • VR Station 30 นาที: 1-5 คน ต่อรอบ 30 นาที แหล่งข้อมูล: https://esports.computing.psu.ac.th/,pipeline:structured_service_capacity,reservation/count,100.0,True,4.0854,0,,,
MB-0827-AS-019,availability_service,psu_fact,VR Zone รายการเกมมีอะไรบ้าง,"VR Station มีเกมที่ยืนยันได้ดังนี้ (รอบ 30 นาทีและ 1 ชั่วโมงใช้รายการเกมเดียวกัน) VR Station 30 นาที (30 นาที, 1-5 คน) • Beat Saber • Horizon Call of the Mountain • Resident Evil 4 • Resident Evil Village หมายเหตุ: VR Station แบบ 30 นาทีและ 1 ชั่วโมงใช้รายการเกมเดียวกัน แหล่งข้อมูล: https://esports.computing.psu.ac.th/",pipeline:structured_service_game_availability,games/list,100.0,True,0.2087,0,,,
MB-0836-AS-020,availability_service,psu_fact,VR Station 1 ชั่วโมง มีเกมอะไรบ้าง,"VR Zone มีเกมที่ยืนยันได้ดังนี้ VR Station 1 ชั่วโมง (60 นาที, 1-5 คน) • Beat Saber • Horizon Call of the Mountain • Resident Evil 4 • Resident Evil Village หมายเหตุ: VR Station แบบ 30 นาทีและ 1 ชั่วโมงใช้รายการเกมเดียวกัน แหล่งข้อมูล: https://esports.computing.psu.ac.th/",pipeline:structured_service_game_availability,games/list,100.0,True,0.2607,0,,,
MB-0537-CR-001,competition_rules,psu_fact,VALORANT กติกาการแข่งขันคืออะไร,คำตอบ: VALORANT จำกัดคอนเทนต์ใหม่: Agent ใหม่ต้องรอประมาณ 2 สัปดาห์ และแผนที่ใหม่ต้องรอประมาณ 4 สัปดาห์ก่อนใช้แข่ง หลักฐานจากกติกา: • เอกสารระบุข้อจำกัด Agent ใหม่ประมาณ 2 สัปดาห์ และแผนที่ใหม่ประมาณ 4 สัปดาห์ อ้างอิงจากกติกา: VALORANT / PSU Phuket VALORANT 2026 Tournament แหล่งข้อมูล: local://competition_rules/competition_rules_valorant_psu_phuket_2026,pipeline:competition_fact_card,competition_rules/competition_rules_lookup,100.0,True,0.6508,0,,,
MB-0538-CR-002,competition_rules,psu_fact,VALORANT ใช้ผู้เล่นกี่คน,คำตอบ: VALORANT แต่ละทีมมีผู้เล่นตัวจริง 5 คน หลักฐานจากกติกา: • เอกสารการแข่งขัน VALORANT ระบุการแข่งขันแบบทีม 5 คนต่อทีม อ้างอิงจากกติกา: VALORANT / PSU Phuket VALORANT 2026 Tournament แหล่งข้อมูล: local://competition_rules/competition_rules_valorant_psu_phuket_2026,pipeline:competition_fact_card,competition_rules/competition_rules_lookup,100.0,True,0.2316,0,,,
MB-0539-CR-003,competition_rules,psu_fact,VALORANT มาสายจะโดนอะไร,"คำตอบ: * อุปกรณ์ที่นำมาเองได้ คีย์บอร์ด (มีสาย/ไร้สาย), เมาส์(มีสาย/ไร้สาย), ตัวยึดสายเมาส์ (mouse bungee), แผ่นรองเมาส์ หูฟังแบบ In-ear (มีสาย), Headset (มีสาย) รายละเอียดที่เกี่ยวข้อง: • เมื่อเข้าสู่ช่วงต่อเวลา (Overtime) จะได้เพิ่มอีกทีมละ 1 ครั้ง โดยที่โควตาจากรอบปกติจะไม่ถูกนำมาทบ • Play Through Bug บั๊กที่ไม่ส่งผลกระทบต่อความยุติธรรมอย่างมีนัยสำคัญ ผู้เล่นต้องเล่นต่อไปและไม่สามารถขอ Challenge ได้ • รายการ PSU Phuket VALORANT 2026 Tournament • เทคโนโลยีคีย์บอร์ด อนุญาตให้ใช้ Snap Tap, SOCD หรือเทคโนโลยีที่เทียบเท่าได้ เว้นแต่เจ้าหน้าที่จะสั่งเป็นอย่างอื่น • Major Bug บั๊กที่ส่งผลกระทบต่อการเล่นหรือกลไกเกมอย่างมากและไม่มีทางแก้ไขเฉพาะหน้า ทีมสามารถขอ Challenge เพื่อตรวจสอบได้ อ้างอิงจากก",pipeline:rag_direct_curated,competition_rules/competition_rules_lookup,100.0,True,0.4079,0,,,
MB-0540-CR-004,competition_rules,psu_fact,VALORANT pause ได้ไหม,คำตอบ: VALORANT Emergency/Technical Pause ขอได้ทีมละ 1 ครั้งต่อแผนที่ และเวลาหยุดรวมสูงสุด 10 นาที หลักฐานจากกติกา: • เอกสารระบุแต่ละทีมมี Emergency Pause ได้ 1 ครั้งต่อแผนที่ และเวลาหยุดรวมสูงสุด 10 นาที อ้างอิงจากกติกา: VALORANT / PSU Phuket VALORANT 2026 Tournament แหล่งข้อมูล: local://competition_rules/competition_rules_valorant_psu_phuket_2026,pipeline:competition_fact_card,competition_rules/competition_rules_lookup,100.0,True,0.2034,0,,,
MB-0541-CR-005,competition_rules,psu_fact,VALORANT ถ้าเกมหลุดทำยังไง,คำตอบ: VALORANT Emergency/Technical Pause ขอได้ทีมละ 1 ครั้งต่อแผนที่ และเวลาหยุดรวมสูงสุด 10 นาที หลักฐานจากกติกา: • เอกสารระบุแต่ละทีมมี Emergency Pause ได้ 1 ครั้งต่อแผนที่ และเวลาหยุดรวมสูงสุด 10 นาที อ้างอิงจากกติกา: VALORANT / PSU Phuket VALORANT 2026 Tournament แหล่งข้อมูล: local://competition_rules/competition_rules_valorant_psu_phuket_2026,pipeline:competition_fact_card,competition_rules/competition_rules_lookup,100.0,True,0.2413,0,,,
MB-0542-CR-006,competition_rules,psu_fact,VALORANT ขอ restart ได้ไหม,คำตอบ: VALORANT Emergency/Technical Pause ขอได้ทีมละ 1 ครั้งต่อแผนที่ และเวลาหยุดรวมสูงสุด 10 นาที หลักฐานจากกติกา: • เอกสารระบุแต่ละทีมมี Emergency Pause ได้ 1 ครั้งต่อแผนที่ และเวลาหยุดรวมสูงสุด 10 นาที อ้างอิงจากกติกา: VALORANT / PSU Phuket VALORANT 2026 Tournament แหล่งข้อมูล: local://competition_rules/competition_rules_valorant_psu_phuket_2026,pipeline:competition_fact_card,competition_rules/competition_rules_lookup,100.0,True,0.247,0,,,
MB-0543-CR-007,competition_rules,psu_fact,VALORANT รูปแบบการแข่งขันเป็นยังไง,"คำตอบ: กฎระเบียบและรูปแบบการแข่งขัน VALORANT รายละเอียดที่เกี่ยวข้อง: • ในการแข่งขันแบบ LAN ผู้เล่นต้องปฏิบัติตามข้อกำหนดเรื่องอุปกรณ์อย่างเคร่งครัดเพื่อความเท่าเทียม • พื้นที่การแข่งขันและกฎระเบียบ • เวลาการรายงานตัว ต้องมาถึงสนามแข่งไม่น้อยกว่า 30 นาที ก่อนเวลาแข่ง • ห้ามแสดงกราฟ FPS หรือ Latency ระหว่างการแข่งขัน • เทคโนโลยีคีย์บอร์ด อนุญาตให้ใช้ Snap Tap, SOCD หรือเทคโนโลยีที่เทียบเท่าได้ เว้นแต่เจ้าหน้าที่จะสั่งเป็นอย่างอื่น อ้างอิงจากกติกา: VALORANT / PSU Phuket VALORANT 2026 Tournament แหล่งข้อมูล: local://competition_rules/competition_rules_valorant_psu_phuket_2026",pipeline:rag_direct_curated,competition_rules/competition_rules_lookup,100.0,True,0.4124,0,,,
MB-0544-CR-008,competition_rules,psu_fact,VALORANT รอบชิงเล่นกี่เกม,คำตอบ: * จำนวนบุคลากร ในช่วงเตรียมตัว (Match Prep) มีผู้เล่นได้ไม่เกิน 6 คน รายละเอียดที่เกี่ยวข้อง: • รวมเวลาทั้งหมดไม่เกิน 10 นาที ต่อหนึ่งแมตช์ หากเกินเวลาผู้เล่นรายนั้นอาจหมดสิทธิ์แข่งต่อและต้องใช้ตัวสำรองแทน • Play Through Bug บั๊กที่ไม่ส่งผลกระทบต่อความยุติธรรมอย่างมีนัยสำคัญ ผู้เล่นต้องเล่นต่อไปและไม่สามารถขอ Challenge ได้ • ขอได้ 1 ครั้งต่อแผนที่ • รายการ PSU Phuket VALORANT 2026 Tournament • Update: 17/02/2026 อ้างอิงจากกติกา: VALORANT / PSU Phuket VALORANT 2026 Tournament แหล่งข้อมูล: local://competition_rules/competition_rules_valorant_psu_phuket_2026,pipeline:rag_direct_curated,competition_rules/competition_rules_lookup,100.0,True,0.2579,0,,,
MB-0545-CR-009,competition_rules,psu_fact,VALORANT มีตัวสำรองได้ไหม,คำตอบ: VALORANT แต่ละทีมมีผู้เล่นตัวจริง 5 คน หลักฐานจากกติกา: • เอกสารการแข่งขัน VALORANT ระบุการแข่งขันแบบทีม 5 คนต่อทีม อ้างอิงจากกติกา: VALORANT / PSU Phuket VALORANT 2026 Tournament แหล่งข้อมูล: local://competition_rules/competition_rules_valorant_psu_phuket_2026,pipeline:competition_fact_card,competition_rules/competition_rules_lookup,100.0,True,0.2432,0,,,
MB-0546-CR-010,competition_rules,psu_fact,VALORANT มีข้อห้ามอะไรบ้าง,"คำตอบ: VALORANT ใช้แผนที่ Abyss, Ascent, Bind, Corrode, Haven, Lotus และ Sunset หลักฐานจากกติกา: • เอกสารระบุ map pool ของ VALORANT ได้แก่ Abyss, Ascent, Bind, Corrode, Haven, Lotus และ Sunset อ้างอิงจากกติกา: VALORANT / PSU Phuket VALORANT 2026 Tournament แหล่งข้อมูล: local://competition_rules/competition_rules_valorant_psu_phuket_2026",pipeline:competition_fact_card,competition_rules/competition_rules_lookup,100.0,True,0.3187,0,,,
MB-0547-CR-011,competition_rules,psu_fact,VALORANT ถ้าใช้ bug จะโดนอะไร,"คำตอบ: * Play Through Bug บั๊กที่ไม่ส่งผลกระทบต่อความยุติธรรมอย่างมีนัยสำคัญ ผู้เล่นต้องเล่นต่อไปและไม่สามารถขอ Challenge ได้ รายละเอียดที่เกี่ยวข้อง: • Major Bug บั๊กที่ส่งผลกระทบต่อการเล่นหรือกลไกเกมอย่างมากและไม่มีทางแก้ไขเฉพาะหน้า ทีมสามารถขอ Challenge เพื่อตรวจสอบได้ • Game Breaking Bug บั๊กที่ทำลายความยุติธรรมของรอบนั้นจนไม่สามารถตัดสินผลแพ้ชนะได้ • หากเป็น Game Breaking Bug เจ้าหน้าที่จะสั่งย้อนรอบไปยังจุดเริ่มต้นของรอบนั้นทันที • การใช้ช่องโหว่ (Exploit Adjudication) • เทคโนโลยีคีย์บอร์ด อนุญาตให้ใช้ Snap Tap, SOCD หรือเทคโนโลยีที่เทียบเท่าได้ เว้นแต่เจ้าหน้าที่จะสั่งเป็นอย่างอื่น อ้างอิงจากกติกา: VALORANT / PSU Phuket VALORANT 2026 Tournament แหล่งข้อมูล: local://competition_rules/c",pipeline:rag_direct_curated,competition_rules/competition_rules_lookup,100.0,True,0.3062,0,,,
MB-0548-CR-012,competition_rules,psu_fact,VALORANT ต้องเช็คอินก่อนแข่งไหม,คำตอบ: VALORANT จำกัดคอนเทนต์ใหม่: Agent ใหม่ต้องรอประมาณ 2 สัปดาห์ และแผนที่ใหม่ต้องรอประมาณ 4 สัปดาห์ก่อนใช้แข่ง หลักฐานจากกติกา: • เอกสารระบุข้อจำกัด Agent ใหม่ประมาณ 2 สัปดาห์ และแผนที่ใหม่ประมาณ 4 สัปดาห์ อ้างอิงจากกติกา: VALORANT / PSU Phuket VALORANT 2026 Tournament แหล่งข้อมูล: local://competition_rules/competition_rules_valorant_psu_phuket_2026,pipeline:competition_fact_card,competition_rules/competition_rules_lookup,100.0,True,0.3304,0,,,
MB-0549-CR-013,competition_rules,psu_fact,VALORANT ใช้บัญชีอะไรแข่ง,"คำตอบ: VALORANT ใช้แผนที่ Abyss, Ascent, Bind, Corrode, Haven, Lotus และ Sunset หลักฐานจากกติกา: • เอกสารระบุ map pool ของ VALORANT ได้แก่ Abyss, Ascent, Bind, Corrode, Haven, Lotus และ Sunset อ้างอิงจากกติกา: VALORANT / PSU Phuket VALORANT 2026 Tournament แหล่งข้อมูล: local://competition_rules/competition_rules_valorant_psu_phuket_2026",pipeline:competition_fact_card,competition_rules/competition_rules_lookup,100.0,True,0.2876,0,,,
MB-0550-CR-014,competition_rules,psu_fact,VALORANT แผนที่มีอะไรบ้าง,"คำตอบ: VALORANT ใช้แผนที่ Abyss, Ascent, Bind, Corrode, Haven, Lotus และ Sunset หลักฐานจากกติกา: • เอกสารระบุ map pool ของ VALORANT ได้แก่ Abyss, Ascent, Bind, Corrode, Haven, Lotus และ Sunset อ้างอิงจากกติกา: VALORANT / PSU Phuket VALORANT 2026 Tournament แหล่งข้อมูล: local://competition_rules/competition_rules_valorant_psu_phuket_2026",pipeline:competition_fact_card,competition_rules/competition_rules_lookup,100.0,True,0.3027,0,,,
MB-0551-CR-015,competition_rules,psu_fact,VALORANT สรุปกติกาสั้นๆ,คำตอบ: VALORANT ขอ Tactical Timeout ได้ทีมละ 2 ครั้งต่อแผนที่ ครั้งละ 60 วินาที และถ้าเข้า Overtime จะได้เพิ่มอีก 1 ครั้ง แหล่งข้อมูล: local://competition_rules/competition_rules_valorant_psu_phuket_2026,pipeline:competition_fact_card,competition_rules/competition_rules_lookup,100.0,True,0.2981,0,,,
MB-0552-CR-016,competition_rules,psu_fact,CS2 กติกาการแข่งขันคืออะไร,"คำตอบ: Counter-Strike 2: CS2 ใช้แผนที่ Ancient, Anubis, Dust 2, Inferno, Mirage, Nuke และ Train หลักฐานจากกติกา: • เอกสารระบุ map pool สำหรับการแข่งขัน CS2 ได้แก่ Ancient, Anubis, Dust 2, Inferno, Mirage, Nuke และ Train อ้างอิงจากกติกา: Counter-Strike 2 / PSU Phuket CS2 2026 Tournament แหล่งข้อมูล: local://competition_rules/competition_rules_cs2_psu_phuket_2026",pipeline:competition_fact_card,competition_rules/competition_rules_lookup,100.0,True,0.4845,0,,,
MB-0553-CR-017,competition_rules,psu_fact,CS2 ใช้ผู้เล่นกี่คน,คำตอบ: Counter-Strike 2: CS2 แต่ละทีมประกอบด้วยผู้เล่น 5 คน หลักฐานจากกติกา: • เอกสารระบุว่าองค์ประกอบทีมแต่ละทีมประกอบด้วยผู้เล่น 5 คน อ้างอิงจากกติกา: Counter-Strike 2 / PSU Phuket CS2 2026 Tournament แหล่งข้อมูล: local://competition_rules/competition_rules_cs2_psu_phuket_2026,pipeline:competition_fact_card,competition_rules/competition_rules_lookup,100.0,True,0.2546,0,,,
MB-0554-CR-018,competition_rules,psu_fact,CS2 มาสายจะโดนอะไร,"คำตอบ: 7. เวลาการแข่งขัน สายการแข่งขันจะประกาศล่วงหน้าอย่างน้อย 1 วัน ต้องยืนยันการเข้าแข่งขันก่อนเริ่มแมตช์ การมาสายอาจถูกตัดสิทธิ์ รายละเอียดที่เกี่ยวข้อง: • 1. ผู้เล่นสามารถนำคีย์บอร์ด (มีสาย/ไร้สาย), เมาส์(มีสาย/ไร้สาย), ตัวยึดสายเมาส์ (mouse bungee), แผ่นรองเมาส์ หูฟังแบบ In-ear (มีสาย), Headset (มีสาย) มาเองได้ • 2. การประท้วง ต้องยื่นเรื่องภายใน 15 นาทีหลังจากจบแมตช์ โดยกัปตันทีมหรือโค้ชเท่านั้น อ้างอิงจากกติกา: Counter-Strike 2 / PSU Phuket CS2 2026 Tournament แหล่งข้อมูล: local://competition_rules/competition_rules_cs2_psu_phuket_2026",pipeline:rag_direct_curated,competition_rules/competition_rules_lookup,100.0,True,0.4302,0,,,
MB-0555-CR-019,competition_rules,psu_fact,CS2 pause ได้ไหม,คำตอบ: Counter-Strike 2: ต่างกันคือ CS2 Technical Pause ขอได้ทีมละ 2 ครั้ง รวมไม่เกิน 10 นาที ส่วน Tactical Timeout ขอได้ทีมละ 4 ครั้ง ครั้งละ 30 วินาที หลักฐานจากกติกา: • เอกสารระบุ Technical Pause ได้ทีมละ 2 ครั้ง ระยะเวลารวมไม่เกิน 10 นาที และ Tactical Timeout ได้ทีมละ 4 ครั้ง ครั้งละ 30 วินาที อ้างอิงจากกติกา: Counter-Strike 2 / PSU Phuket CS2 2026 Tournament แหล่งข้อมูล: local://competition_rules/competition_rules_cs2_psu_phuket_2026,pipeline:competition_fact_card,competition_rules/competition_rules_lookup,100.0,True,0.1884,0,,,
MB-0556-CR-020,competition_rules,psu_fact,CS2 ถ้าเกมหลุดทำยังไง,คำตอบ: Counter-Strike 2: ต่างกันคือ CS2 Technical Pause ขอได้ทีมละ 2 ครั้ง รวมไม่เกิน 10 นาที ส่วน Tactical Timeout ขอได้ทีมละ 4 ครั้ง ครั้งละ 30 วินาที หลักฐานจากกติกา: • เอกสารระบุ Technical Pause ได้ทีมละ 2 ครั้ง ระยะเวลารวมไม่เกิน 10 นาที และ Tactical Timeout ได้ทีมละ 4 ครั้ง ครั้งละ 30 วินาที อ้างอิงจากกติกา: Counter-Strike 2 / PSU Phuket CS2 2026 Tournament แหล่งข้อมูล: local://competition_rules/competition_rules_cs2_psu_phuket_2026,pipeline:competition_fact_card,competition_rules/competition_rules_lookup,100.0,True,0.2414,0,,,
MB-0612-C-001,compound,psu_fact,Tekken 8 ปุ่มอะไร แล้ว PC ราคาเท่าไหร่,คำถามนี้มีหลายเรื่อง ขอแยกตอบเป็นข้อ ๆ: คำถามที่ 1: Tekken 8 ปุ่มอะไร TEKKEN 8 มีข้อมูลปุ่มควบคุมดังนี้: PlayStation / PS5 • Square: หมัดซ้าย / ต่อยซ้าย - ออกหมัดแย็บหรือโจมตีด้วยมือซ้าย เป็นปุ่มหลักในการเริ่มต้นเฟรมคอมโบที่รวดเร็ว • Triangle: หมัดขวา / ต่อยขวา - ออกหมัดหนักหรือโจมตีด้วยมือขวา มักใช้ทำดาเมจแรงหรือสวนกลับ (Counter) • Cross: ลูกเตะซ้าย - ใช้ขาซ้ายเตะสกัดหรือโจมตีเพื่อเปิดช่องว่างของศัตรู • Circle: ลูกเตะขวา - ใช้ขาขวาหวดเตะอย่างรุนแรง มักเป็นท่าเคลียร์ระยะหรือตัดขาที่ทำดาเมจสูง • D-Pad Up: กระโดด - ควบคุมให้ตัวละครกระโดดขึ้นด้านบนเพื่อหลบการโจมตีล่าง หรือใช้กดร่วมกับปุ่มโจมตีกลางอากาศ • D-Pad Left: ถอยหลัง / บล็อก - บังคับตัวละครให้เดินถอยหลังเพื่อรักษาระยะ หรือใช้กดค้างเพื่อ ,pipeline:multi_question_splitter,multi_question/multi_question_split,100.0,True,0.8038,0,,,
MB-0613-C-002,compound,psu_fact,PS5 มีเกมอะไรกับราคาเท่าไหร่,"คำถามนี้มีหลายเรื่อง ขอแยกตอบเป็นข้อ ๆ: คำถามที่ 1: PS5 มีเกมอะไร PlayStation 5 Zone มีเกมที่ยืนยันได้ดังนี้ PlayStation 5 #01-#02 (60 นาที, 1-2 คน) • Call of Duty: Modern Warfare III • Delta Force • EA Sports FC 24 • eFootball • FINAL FANTASY XVI • Fortnite • God of War Ragnarok • Hogwarts Legacy • Marvel's Spider-Man 2 • NARUTO X BORUTO Ultimate Ninja Storm Connections • Resident Evil 4 • Resident Evil Village • TEKKEN 8 • THE FINALS • The Last of Us Part I • The Last of Us Part II (Remastered) • Uncharted: Legacy of Thieves Collection หมายเหตุ: PlayStation 5 #01 และ #02 ใช้รายการเกมเดียวกัน แหล่งข้อมูล: https://esports.computing.psu.ac.th/ คำถามที่ 2: PS5 ราคาเท่าไหร่ PlayStation 5 60 นาท",pipeline:multi_question_splitter,multi_question/multi_question_split,100.0,True,0.7286,0,,,
MB-0614-C-003,compound,psu_fact,PC มีอุปกรณ์อะไร แล้วมีเกมอะไรบ้าง,"คำถามนี้มีหลายเรื่อง ขอแยกตอบเป็นข้อ ๆ: คำถามที่ 1: PC มีอุปกรณ์อะไร อุปกรณ์ใน PC Zone: PC Zone • Gaming PC รุ่น MSI MAG Infinite S3 14th (10 Units) • Gaming Monitor (10 Units) • Gaming Keyboard • Gaming Mouse • Gaming Headset • Gaming Chair (10 Units) แหล่งข้อมูล: https://esports.phuket.psu.ac.th/home คำถามที่ 2: PC มีเกมอะไรบ้าง PC Zone แยกรายการเกมตามเลขเครื่องดังนี้ PC #01-#02 (60 นาที, 1 คน) • TEKKEN 8 • Counter-Strike 2 • League of Legends • PUBG: BATTLEGROUNDS • VALORANT หมายเหตุ: PC #01-#02 มี TEKKEN 8 แต่ไม่มี Call of Duty: Warzone หมายเหตุ: PC #01-#02 และ PC #03-#10 มี Counter-Strike 2, League of Legends, PUBG: BATTLEGROUNDS, VALORANT เหมือนกัน PC #03-#10 (60 นาที, 1 คน) • Call of ",pipeline:multi_question_splitter,multi_question/multi_question_split,100.0,True,0.913,0,,,
MB-0615-C-004,compound,psu_fact,Gran Turismo 7 เล่นยังไง แล้วปุ่มเร่งกดอะไร,คำถามนี้มีหลายเรื่อง ขอแยกตอบเป็นข้อ ๆ: คำถามที่ 1: Gran Turismo 7 เล่นยังไง Gran Turismo 7: Gran Turismo 7 คือเกมแข่งรถที่เน้นการขับรถสมจริง การเลือกสนาม รถ และการควบคุมจังหวะเข้าโค้ง แนวเกม: เกมแข่งรถ / Driving Simulator วิธีเล่นโดยสรุป: ใน Cockpit Zone เล่นโดยใช้พวงมาลัย คันเร่ง เบรก และชุดเบาะจำลองการขับรถ เป้าหมายคือขับให้เร็วและควบคุมรถให้แม่นในแต่ละสนาม เล่นได้ที่: Cockpit Zone แหล่งข้อมูล: https://esports.phuket.psu.ac.th/Services/our-games คำถามที่ 2: Gran Turismo 7 ปุ่มเร่งกดอะไร Gran Turismo 7 ปุ่มที่ตรงกับคำถาม: PlayStation / PS5 • R2: คันเร่ง - กดเพื่อเร่งเครื่อง • R3: ไนตรัส / เร่งแซง - ใช้งานระบบเพิ่มความเร็วพิเศษที่มีติดตั้งในรถบางรุ่น แหล่งข้อมูล: https://gameinputdatabase.c,pipeline:multi_question_splitter,multi_question/multi_question_split,100.0,True,0.64,0,,,
MB-0616-C-005,compound,psu_fact,Nintendo Switch ราคาเท่าไหร่ แล้วมีเกมอะไรบ้าง,"คำถามนี้มีหลายเรื่อง ขอแยกตอบเป็นข้อ ๆ: คำถามที่ 1: Nintendo Switch ราคาเท่าไหร่ Nintendo Switch 1-2 คน 60 นาที (1 ชั่วโมง) • PSU Student and Staff: 0 บาท • PSU Alumni and General Student: 50 บาท • General Adult: 140 บาท Nintendo Switch 3-4 คน 60 นาที (1 ชั่วโมง) • PSU Student and Staff: 0 บาท • PSU Alumni and General Student: 100 บาท • General Adult: 280 บาท แหล่งข้อมูล: https://esports.computing.psu.ac.th/wp-content/uploads/2026/01/PSU-Esports-Studio-phuket-SERVICE-FEE-2026.png คำถามที่ 2: Nintendo Switch มีเกมอะไรบ้าง Nintendo Switch Zone มีเกมที่ยืนยันได้ดังนี้ Nintendo Switch (1-2 Persons) (60 นาที, 1-2 คน) • Pokémon Champions • Animal Crossing: New Horizons • It Takes Two • Little Nigh",pipeline:multi_question_splitter,multi_question/multi_question_split,100.0,True,1.8751,0,,,
MB-0617-C-006,compound,psu_fact,VR ราคาเท่าไหร่ แล้วจองยังไง,"คำถามนี้มีหลายเรื่อง ขอแยกตอบเป็นข้อ ๆ: คำถามที่ 1: VR ราคาเท่าไหร่ VR 30 นาที (1-5 คน) • PSU Student and Staff: 0 บาท • PSU Alumni and General Student: 190 บาท • General Adult: 525 บาท VR 1 ชั่วโมง (60 นาที, 1-5 คน) • PSU Student and Staff: 0 บาท • PSU Alumni and General Student: 375 บาท • General Adult: 1,050 บาท แหล่งข้อมูล: https://esports.computing.psu.ac.th/wp-content/uploads/2026/01/PSU-Esports-Studio-phuket-SERVICE-FEE-2026.png คำถามที่ 2: จะเล่น VR จองยังไง จองคิวเล่นเกม/ใช้อุปกรณ์ได้ผ่านระบบจองออนไลน์ครับ ถ้าต้องการจอง VR ให้เลือกบริการ VR Station และเลือกรอบ 30 นาทีหรือ 1 ชั่วโมงตามที่ระบบมีให้เลือก ขั้นตอนโดยสรุปคือ 1) เลือกบริการหรือโซนที่ต้องการใช้ 2) เลือกวันและรอบเวลา 3) กรอก",pipeline:multi_question_splitter,multi_question/multi_question_split,100.0,True,1.3772,0,,,
MB-0618-C-007,compound,psu_fact,สมาชิกมีกี่คน แล้วใครเป็นอธิการบดี,คำถามนี้มีหลายเรื่อง ขอแยกตอบเป็นข้อ ๆ: คำถามที่ 1: สมาชิกมีกี่คน สมาชิกในหน้า Members แบ่งเป็น 3 หมวดครับ • Members: 7 คน • cooperative education and Internship student: 5 คน • PSU Phuket Esports Club - PSU Phuket: 13 คน รวมทั้งหมด 25 คน แหล่งข้อมูล: https://esports.phuket.psu.ac.th/about-us/Members คำถามที่ 2: สมาชิก ใครเป็นอธิการบดี ตำแหน่ง อธิการบดี มี 1 คนครับ • ผศ.ดร.นิวัติ แก้วประดับ: อธิการบดี (มหาวิทยาลัยสงขลานครินทร์) ◦ หมวด: Members แหล่งข้อมูล: https://esports.phuket.psu.ac.th/about-us/Members,pipeline:multi_question_splitter,multi_question/multi_question_split,100.0,True,2.383,0,,,
MB-0619-C-008,compound,psu_fact,Tekken 8 กับ Mario Kart 8 Deluxe มีปุ่มอะไรบ้าง,คำถามนี้มีหลายเรื่อง ขอแยกตอบเป็นข้อ ๆ: คำถามที่ 1: Tekken 8 มีปุ่มอะไรบ้าง TEKKEN 8 มีข้อมูลปุ่มควบคุมดังนี้: PlayStation / PS5 • Square: หมัดซ้าย / ต่อยซ้าย - ออกหมัดแย็บหรือโจมตีด้วยมือซ้าย เป็นปุ่มหลักในการเริ่มต้นเฟรมคอมโบที่รวดเร็ว • Triangle: หมัดขวา / ต่อยขวา - ออกหมัดหนักหรือโจมตีด้วยมือขวา มักใช้ทำดาเมจแรงหรือสวนกลับ (Counter) • Cross: ลูกเตะซ้าย - ใช้ขาซ้ายเตะสกัดหรือโจมตีเพื่อเปิดช่องว่างของศัตรู • Circle: ลูกเตะขวา - ใช้ขาขวาหวดเตะอย่างรุนแรง มักเป็นท่าเคลียร์ระยะหรือตัดขาที่ทำดาเมจสูง • D-Pad Up: กระโดด - ควบคุมให้ตัวละครกระโดดขึ้นด้านบนเพื่อหลบการโจมตีล่าง หรือใช้กดร่วมกับปุ่มโจมตีกลางอากาศ • D-Pad Left: ถอยหลัง / บล็อก - บังคับตัวละครให้เดินถอยหลังเพื่อรักษาระยะ หรือใช้กดค้าง,pipeline:multi_question_splitter,multi_question/multi_question_split,100.0,True,0.6138,0,,,
MB-0620-C-009,compound,psu_fact,PS5 กับ Nintendo Switch มีเกมอะไรบ้าง,"คำถามนี้มีหลายเรื่อง ขอแยกตอบเป็นข้อ ๆ: คำถามที่ 1: PS5 มีเกมอะไรบ้าง PlayStation 5 Zone มีเกมที่ยืนยันได้ดังนี้ PlayStation 5 #01-#02 (60 นาที, 1-2 คน) • Call of Duty: Modern Warfare III • Delta Force • EA Sports FC 24 • eFootball • FINAL FANTASY XVI • Fortnite • God of War Ragnarok • Hogwarts Legacy • Marvel's Spider-Man 2 • NARUTO X BORUTO Ultimate Ninja Storm Connections • Resident Evil 4 • Resident Evil Village • TEKKEN 8 • THE FINALS • The Last of Us Part I • The Last of Us Part II (Remastered) • Uncharted: Legacy of Thieves Collection หมายเหตุ: PlayStation 5 #01 และ #02 ใช้รายการเกมเดียวกัน แหล่งข้อมูล: https://esports.computing.psu.ac.th/ คำถามที่ 2: Nintendo Switch มีเกมอะไรบ้าง Nin",pipeline:multi_question_splitter,multi_question/multi_question_split,100.0,True,0.3631,0,,,
MB-0621-C-010,compound,psu_fact,Cockpit มีอุปกรณ์อะไร แล้ว Gran Turismo ปุ่มอะไร,คำถามนี้มีหลายเรื่อง ขอแยกตอบเป็นข้อ ๆ: คำถามที่ 1: Cockpit มีอุปกรณ์อะไร อุปกรณ์ใน Cockpit Zone: Cockpit Zone • Logitech G923 TRUEFORCE Racing Wheel (2 Units with Driving Force Shifter) • Driving Force Shifter (2 Units with Logitech G923) • Racezone Full Cockpit V3 (2 Units) • Pulse Elite Wireless Headset (2 Units) • TV 65 นิ้ว (2 Units) แหล่งข้อมูล: https://esports.phuket.psu.ac.th/home คำถามที่ 2: Gran Turismo ปุ่มอะไร Gran Turismo 7 มีข้อมูลปุ่มควบคุมดังนี้: PlayStation / PS5 • L (Left Stick): เลี้ยว / ควบคุมพวงมาลัย - บังคับทิศทางรถ • R2: คันเร่ง - กดเพื่อเร่งเครื่อง • L2: เบรก - กดเพื่อชะลอความเร็วรถ • Cross: เพิ่มเกียร์ - เปลี่ยนเกียร์สูงขึ้น (โหมดเกียร์ธรรมดา) • Square: ลดเกียร์ - เป,pipeline:multi_question_splitter,multi_question/multi_question_split,100.0,True,2.9758,0,,,
MB-0622-C-011,compound,psu_fact,Call of Duty ปุ่มยิงอะไร แล้วเล่นได้ที่ไหน,คำถามนี้มีหลายเรื่อง ขอแยกตอบเป็นข้อ ๆ: คำถามที่ 1: Call of Duty ปุ่มยิงอะไร Call of Duty มีหลายเกมในรายการปัจจุบันครับ คำถามนี้จึงยังไม่ชัดว่าหมายถึงเกมไหน ถ้าต้องการถามเรื่องปุ่ม/วิธีควบคุม ขอเลือกเกมก่อน: • Call of Duty: Modern Warfare III (PlayStation 5 Zone) • Call of Duty: Warzone (PC Zone) พิมพ์ต่อได้ เช่น `Call of Duty: Modern Warfare III ปุ่มอะไร` หรือ `Call of Duty: Warzone ปุ่มอะไร` คำถามที่ 2: Call of Duty เล่นได้ที่ไหน พบเกมที่เกี่ยวข้องกับ Call of Duty ในรายการที่ยืนยันได้ครับ • Call of Duty: Modern Warfare III: เล่นได้ที่ PlayStation 5 Zone • Call of Duty: Warzone: เล่นได้ที่ PC Zone แหล่งข้อมูล: https://esports.phuket.psu.ac.th/Services/our-games,pipeline:multi_question_splitter,multi_question/multi_question_split,100.0,True,0.5477,0,,,
MB-0623-C-012,compound,psu_fact,PC ราคาเท่าไหร่ แล้วจองได้กี่ session,คำถามนี้มีหลายเรื่อง ขอแยกตอบเป็นข้อ ๆ: คำถามที่ 1: PC ราคาเท่าไหร่ ราคา PC 1 ชั่วโมง (1 คน) • PSU Student and Staff: 0 บาท • PSU Alumni and General Student / นักศึกษาหรือนักเรียนต่างสถาบัน: 25 บาท • General Adult / บุคคลทั่วไป: 70 บาท หมายเหตุข้อมูล PC: ราคา PC เพิ่มจาก local service fee update 2026-07-27 แหล่งข้อมูล: https://esports.computing.psu.ac.th/wp-content/uploads/2026/01/PSU-Esports-Studio-phuket-SERVICE-FEE-2026.png คำถามที่ 2: จองได้กี่ session การจอง 1 ครั้งสามารถจองได้สูงสุด 3 Sessions สำหรับ PlayStation 5: 1 session = 1 ชั่วโมง ดังนั้น 3 sessions = สูงสุด 3 ชั่วโมงต่อการจอง 1 ครั้ง แหล่งข้อมูล: https://esports.computing.psu.ac.th/,pipeline:multi_question_splitter,multi_question/multi_question_split,100.0,True,1.8549,0,,,
MB-0624-C-013,compound,psu_fact,วันนี้เปิดไหม แล้วจอง PS5 ยังไง,คำถามนี้มีหลายเรื่อง ขอแยกตอบเป็นข้อ ๆ: คำถามที่ 1: วันนี้เปิดไหม วันนี้ 03/08/2026 (วันจันทร์): วันจันทร์เปิดให้เล่นช่วง 13:00-16:00 ส่วนช่วงเช้า 09:00-12:00 เป็น Maintenance* วันที่อ้างอิงของระบบ: วันนี้คือ 03/08/2026 (วันจันทร์) ตามเวลาไทย ปฏิทินไทยของวันที่นี้: ไม่พบวันหยุดไทยหรือเทศกาลในปฏิทินที่บันทึกไว้สำหรับวันที่นี้ รายละเอียดจากตาราง: • วันจันทร์ช่วงเช้า 09:00-12:00 เป็น Maintenance* และเปิดช่วงบ่าย 13:00-16:00 • วันอังคาร-พฤหัสบดีเปิด 09:00-12:00 และ 13:00-16:00 • วันศุกร์เปิดช่วงเช้า 09:00-12:00 และช่วงบ่าย 13:00-16:00 เป็น Maintenance • วันหยุดราชการ/วันปิดพิเศษในไฟล์ปฏิทินจะมีผลก่อนตารางปกติ แหล่งข้อมูลตารางบริการ: https://esports.computing.psu.ac.th/reservation คำถามที่ 2: จอง,pipeline:multi_question_splitter,multi_question/multi_question_split,100.0,True,2.015,0,,,
MB-0625-C-014,compound,psu_fact,VR 30 นาทีราคาเท่าไหร่ แล้ว 1 ชั่วโมงราคาเท่าไหร่,คำถามนี้มีหลายเรื่อง ขอแยกตอบเป็นข้อ ๆ: คำถามที่ 1: VR 30 นาทีราคาเท่าไหร่ ระยะเวลาที่ถามคือ 30 นาที ใช้ 1 session ตามแพ็กเกจ VR 30 นาที ยังไม่ทราบกลุ่มผู้ใช้ จึงแสดงราคาทุกกลุ่มให้เทียบก่อน: • PSU Student and Staff: 0 บาท/session x 1 = 0 บาท • PSU Alumni and General Student / นักศึกษาหรือนักเรียนต่างสถาบัน: 190 บาท/session x 1 = 190 บาท • General Adult / บุคคลทั่วไป: 525 บาท/session x 1 = 525 บาท รายละเอียดจากตาราง: VR 30 นาที (1-5 คน) • PSU Student and Staff: 0 บาท • PSU Alumni and General Student: 190 บาท • General Adult: 525 บาท แหล่งข้อมูล: https://esports.computing.psu.ac.th/wp-content/uploads/2026/01/PSU-Esports-Studio-phuket-SERVICE-FEE-2026.png คำถามที่ 2: 1 ชั่วโมงราคาเท่าไหร่ ขอรู,pipeline:multi_question_splitter,multi_question/multi_question_split,100.0,True,1.3469,0,,,
MB-0626-C-015,compound,psu_fact,Tekken 8 ราคาเท่าไหร่ แล้วมีปุ่มอะไรบ้าง,คำถามนี้มีหลายเรื่อง ขอแยกตอบเป็นข้อ ๆ: คำถามที่ 1: Tekken 8 ราคาเท่าไหร่ TEKKEN 8 ไม่มีราคาแยกตามชื่อเกมครับ ต้องดูราคาตามโซน/บริการที่ใช้เล่นเกมนี้ PC Zone ยังไม่ทราบกลุ่มผู้ใช้ จึงแสดงราคาทุกกลุ่มให้เทียบก่อน PC 1 ชั่วโมง (1 คน) • นักศึกษา/นักเรียน/บุคลากร PSU: 0 บาท/1 ชั่วโมง • ศิษย์เก่า PSU / นักศึกษา-นักเรียนต่างสถาบัน (General Student): 25 บาท/1 ชั่วโมง • บุคคลทั่วไป (General Adult): 70 บาท/1 ชั่วโมง หมายเหตุข้อมูล PC: ราคา PC เพิ่มจาก local service fee update 2026-07-27 แหล่งข้อมูล: https://esports.computing.psu.ac.th/wp-content/uploads/2026/01/PSU-Esports-Studio-phuket-SERVICE-FEE-2026.png PlayStation 5 Zone ยังไม่ทราบกลุ่มผู้ใช้ จึงแสดงราคาทุกกลุ่มให้เทียบก่อน PlayStation 5 1 ชั่วโ,pipeline:multi_question_splitter,multi_question/multi_question_split,100.0,True,0.837,0,,,
MB-1250-C-016,compound,compound,PC ราคาเท่าไหร่ แล้วมีเกมอะไรบ้าง,"คำถามนี้มีหลายเรื่อง ขอแยกตอบเป็นข้อ ๆ: คำถามที่ 1: PC ราคาเท่าไหร่ ราคา PC 1 ชั่วโมง (1 คน) • PSU Student and Staff: 0 บาท • PSU Alumni and General Student / นักศึกษาหรือนักเรียนต่างสถาบัน: 25 บาท • General Adult / บุคคลทั่วไป: 70 บาท หมายเหตุข้อมูล PC: ราคา PC เพิ่มจาก local service fee update 2026-07-27 แหล่งข้อมูล: https://esports.computing.psu.ac.th/wp-content/uploads/2026/01/PSU-Esports-Studio-phuket-SERVICE-FEE-2026.png คำถามที่ 2: PC มีเกมอะไรบ้าง PC Zone แยกรายการเกมตามเลขเครื่องดังนี้ PC #01-#02 (60 นาที, 1 คน) • TEKKEN 8 • Counter-Strike 2 • League of Legends • PUBG: BATTLEGROUNDS • VALORANT หมายเหตุ: PC #01-#02 มี TEKKEN 8 แต่ไม่มี Call of Duty: Warzone หมายเหตุ: PC #01-#02 และ P",pipeline:multi_question_splitter,multi_question/multi_question_split,100.0,True,0.6902,0,,,
MB-1251-C-017,compound,compound,PC จองยังไง แล้วเปิดวันไหนบ้าง,"คำถามนี้มีหลายเรื่อง ขอแยกตอบเป็นข้อ ๆ: คำถามที่ 1: PC จองยังไง สำหรับ PC ให้เลือกบริการ/โซน PC ในระบบจอง แล้วทำตามขั้นตอนนี้ครับ ขั้นตอนจองโดยสรุป: • เลือกบริการหรือโซนที่ต้องการใช้ • เลือกวันและรอบเวลาที่ต้องการ • กรอก Student ID/Staff ID/National ID, ชื่อ, นามสกุล, อีเมล และเบอร์โทรศัพท์ • ตรวจสอบข้อมูลและชำระเงินโดยโอนเข้าบัญชีที่ระบบแจ้ง • หลังจองต้องชำระเงินภายใน 10 นาที • แนบสลิปและยืนยันการจอง แหล่งข้อมูล: https://esports.computing.psu.ac.th/ คำถามที่ 2: เปิดวันไหนบ้าง เวลาบริการตามตารางคือ Morning 09:00-12:00 และ Afternoon 13:00-16:00 รายละเอียดจากตาราง: • วันจันทร์: Morning 09:00-12:00 = maintenance, Afternoon 13:00-16:00 = open • วันอังคาร: Morning 09:00-12:00 = open, Afternoon 13",pipeline:multi_question_splitter,multi_question/multi_question_split,100.0,True,1.5789,0,,,
MB-1252-C-018,compound,compound,PS5 ราคาเท่าไหร่ แล้วมีเกมอะไรบ้าง,"คำถามนี้มีหลายเรื่อง ขอแยกตอบเป็นข้อ ๆ: คำถามที่ 1: PS5 ราคาเท่าไหร่ PlayStation 5 60 นาที (1 ชั่วโมง, 1-2 คน) • PSU Student and Staff: 0 บาท • PSU Alumni and General Student: 50 บาท • General Adult: 150 บาท แหล่งข้อมูล: https://esports.computing.psu.ac.th/wp-content/uploads/2026/01/PSU-Esports-Studio-phuket-SERVICE-FEE-2026.png คำถามที่ 2: PS5 มีเกมอะไรบ้าง PlayStation 5 Zone มีเกมที่ยืนยันได้ดังนี้ PlayStation 5 #01-#02 (60 นาที, 1-2 คน) • Call of Duty: Modern Warfare III • Delta Force • EA Sports FC 24 • eFootball • FINAL FANTASY XVI • Fortnite • God of War Ragnarok • Hogwarts Legacy • Marvel's Spider-Man 2 • NARUTO X BORUTO Ultimate Ninja Storm Connections • Resident Evil 4 • Resident Ev",pipeline:multi_question_splitter,multi_question/multi_question_split,100.0,True,0.7408,0,,,
MB-1253-C-019,compound,compound,PS5 จองยังไง แล้วเปิดวันไหนบ้าง,"คำถามนี้มีหลายเรื่อง ขอแยกตอบเป็นข้อ ๆ: คำถามที่ 1: PS5 จองยังไง จอง PlayStation 5 ต้องเลือกบริการ PlayStation 5 และเลือกรอบเวลาที่ต้องการครับ • ข้อมูลค่าบริการที่มีระบุ PlayStation 5 ต่อ 60 นาที สำหรับ 1-2 คน • จากนั้นกรอกข้อมูลผู้ใช้บริการ ชำระเงิน และแนบสลิปเพื่อยืนยันการจอง แหล่งข้อมูล: https://esports.computing.psu.ac.th/ คำถามที่ 2: เปิดวันไหนบ้าง เวลาบริการตามตารางคือ Morning 09:00-12:00 และ Afternoon 13:00-16:00 รายละเอียดจากตาราง: • วันจันทร์: Morning 09:00-12:00 = maintenance, Afternoon 13:00-16:00 = open • วันอังคาร: Morning 09:00-12:00 = open, Afternoon 13:00-16:00 = open • วันพุธ: Morning 09:00-12:00 = open, Afternoon 13:00-16:00 = open • วันพฤหัสบดี: Morning 09:00-12:00 = open,",pipeline:multi_question_splitter,multi_question/multi_question_split,100.0,True,1.0775,0,,,
MB-1254-C-020,compound,compound,Nintendo Switch จองยังไง แล้วเปิดวันไหนบ้าง,"คำถามนี้มีหลายเรื่อง ขอแยกตอบเป็นข้อ ๆ: คำถามที่ 1: Nintendo Switch จองยังไง จอง Nintendo Switch ต้องเลือกบริการตามจำนวนผู้เล่นครับ • ถ้าเล่น 1-2 คน ให้เลือก Nintendo Switch แบบ 1-2 Persons • ถ้าเล่น 3-4 คน ให้เลือก Nintendo Switch แบบ 3-4 Persons • จากนั้นเลือกวัน รอบเวลา กรอกข้อมูลผู้ใช้บริการ ชำระเงิน และแนบสลิปเพื่อยืนยันการจอง แหล่งข้อมูล: https://esports.computing.psu.ac.th/ คำถามที่ 2: เปิดวันไหนบ้าง เวลาบริการตามตารางคือ Morning 09:00-12:00 และ Afternoon 13:00-16:00 รายละเอียดจากตาราง: • วันจันทร์: Morning 09:00-12:00 = maintenance, Afternoon 13:00-16:00 = open • วันอังคาร: Morning 09:00-12:00 = open, Afternoon 13:00-16:00 = open • วันพุธ: Morning 09:00-12:00 = open, Afternoon 13:00-",pipeline:multi_question_splitter,multi_question/multi_question_split,100.0,True,2.3384,0,,,
MB-0402-E-001,equipment,psu_fact,PC Zone มีอุปกรณ์อะไรบ้าง,อุปกรณ์ใน PC Zone: PC Zone • Gaming PC รุ่น MSI MAG Infinite S3 14th (10 Units) • Gaming Monitor (10 Units) • Gaming Keyboard • Gaming Mouse • Gaming Headset • Gaming Chair (10 Units) แหล่งข้อมูล: https://esports.phuket.psu.ac.th/home,pipeline:structured_equipment_catalog,equipment/list,100.0,True,1.5397,0,,,
MB-0403-E-002,equipment,psu_fact,PC Zone มีอะไรให้ใช้บ้าง,"คำถามนี้ยังตีได้หลายทางครับ หมายถึงเรื่องไหนของ PC Zone? ข้อมูลย่อที่ยืนยันได้ตอนนี้: • เกม: มี 6 เกม เช่น Call of Duty: Warzone, Counter-Strike 2, League of Legends, PUBG: BATTLEGROUNDS และอื่น ๆ | พิมพ์ `PC มีเกมอะไรบ้าง` • อุปกรณ์: มี 6 รายการ เช่น Gaming PC รุ่น MSI MAG Infinite S3 14th, Gaming Monitor, Gaming Keyboard, Gaming Mouse, Gaming Headset และอื่น ๆ | พิมพ์ `PC มีอุปกรณ์อะไรบ้าง` • ราคา: PC 1 ชั่วโมง (1 คน): PSU 0 บาท, General Student 25 บาท, General Adult 70 บาท | พิมพ์ `PC ราคาเท่าไหร่` • จอง: ต้องจองผ่านระบบก่อนเข้าใช้ | พิมพ์ `PC จองยังไง` พิมพ์ต่อสั้น ๆ ได้ เช่น `เกม`, `อุปกรณ์`, `ราคา` หรือ `จอง`",pipeline:ambiguity_clarification,clarification/ambiguity_gate_clarification,100.0,True,0.0768,0,,,
MB-0404-E-003,equipment,psu_fact,PlayStation 5 Zone มีอุปกรณ์อะไรบ้าง,อุปกรณ์ใน PlayStation 5 Zone: PlayStation 5 Zone / VR Zone • PlayStation 5 Slim With Ultra HD Blu-Ray Disc Drive (2 Units in PlayStation 5 Zone and 1 Unit in VR Zone) แหล่งข้อมูล: https://esports.phuket.psu.ac.th/home,pipeline:structured_equipment_catalog,equipment/list,100.0,True,2.7442,0,,,
MB-0405-E-004,equipment,psu_fact,PlayStation 5 Zone มีอะไรให้ใช้บ้าง,"คำถามนี้ยังตีได้หลายทางครับ หมายถึงเรื่องไหนของ PlayStation 5 Zone? ข้อมูลย่อที่ยืนยันได้ตอนนี้: • เกม: มี 24 เกม เช่น Beat Saber, Call of Duty: Modern Warfare III, Call of Duty: Warzone, EA Sports FC 24 และอื่น ๆ | พิมพ์ `PS5 มีเกมอะไรบ้าง` • อุปกรณ์: มี 1 รายการ เช่น PlayStation 5 Slim With Ultra HD Blu-Ray Disc Drive | พิมพ์ `PS5 มีอุปกรณ์อะไรบ้าง` • ราคา: PlayStation 5 1 ชั่วโมง (1-2 คน): PSU 0 บาท, General Student 50 บาท, General Adult 150 บาท | พิมพ์ `PS5 ราคาเท่าไหร่` • จอง: ต้องจองผ่านระบบก่อนเข้าใช้ | พิมพ์ `PS5 จองยังไง` พิมพ์ต่อสั้น ๆ ได้ เช่น `เกม`, `อุปกรณ์`, `ราคา` หรือ `จอง`",pipeline:ambiguity_clarification,clarification/ambiguity_gate_clarification,100.0,True,0.0883,0,,,
MB-0406-E-005,equipment,psu_fact,Nintendo Switch Zone มีอุปกรณ์อะไรบ้าง,อุปกรณ์ใน Nintendo Switch Zone: Nintendo Switch Zone • Nintendo Switch OLED (1 Unit) • TV 86 นิ้ว (1 Unit) • Sofa 2 seats (2 Sets) แหล่งข้อมูล: https://esports.phuket.psu.ac.th/home,pipeline:structured_equipment_catalog,equipment/list,100.0,True,2.9618,0,,,
MB-0407-E-006,equipment,psu_fact,Nintendo Switch Zone มีอะไรให้ใช้บ้าง,Nintendo Switch OLED: เครื่องเกม Nintendo Switch รุ่น OLED สำหรับเล่นเกมคอนโซลแบบกลุ่มหรือครอบครัว จำนวน: 1 Unit อยู่ที่: Nintendo Switch Zone ใช้สำหรับ: • เล่น Mario Kart 8 Deluxe • เล่น Overcooked 2 • เล่น Super Smash Bros Ultimate • เล่น Nintendo Switch Sports แหล่งข้อมูล: https://esports.phuket.psu.ac.th/home,pipeline:structured_equipment_item,equipment/equipment_item_lookup,100.0,True,0.2876,0,,,
MB-0408-E-007,equipment,psu_fact,VR Zone มีอุปกรณ์อะไรบ้าง,อุปกรณ์ใน PlayStation 5 Zone: PlayStation 5 Zone / VR Zone • PlayStation 5 Slim With Ultra HD Blu-Ray Disc Drive (2 Units in PlayStation 5 Zone and 1 Unit in VR Zone) แหล่งข้อมูล: https://esports.phuket.psu.ac.th/home,pipeline:structured_equipment_catalog,equipment/list,100.0,True,3.5509,0,,,
MB-0409-E-008,equipment,psu_fact,VR Zone มีอะไรให้ใช้บ้าง,"คำถามนี้ยังตีได้หลายทางครับ หมายถึงเรื่องไหนของ VR Zone? ข้อมูลย่อที่ยืนยันได้ตอนนี้: • เกม: มี 2 เกม เช่น Beat Saber, Horizon Call of the Mountain | พิมพ์ `VR มีเกมอะไรบ้าง` • อุปกรณ์: มี 1 รายการ เช่น Sony PlayStation VR2 | พิมพ์ `VR มีอุปกรณ์อะไรบ้าง` • ราคา: มีหลายแพ็กเกจตามเวลา/จำนวนผู้เล่น: VR 30 นาที (1-5 คน), VR 1 ชั่วโมง (1-5 คน) | พิมพ์ `VR ราคาเท่าไหร่` • จอง: ต้องจองผ่านระบบก่อนเข้าใช้ | พิมพ์ `VR จองยังไง` พิมพ์ต่อสั้น ๆ ได้ เช่น `เกม`, `อุปกรณ์`, `ราคา` หรือ `จอง`",pipeline:ambiguity_clarification,clarification/ambiguity_gate_clarification,100.0,True,0.0737,0,,,
MB-0410-E-009,equipment,psu_fact,Cockpit Zone มีอุปกรณ์อะไรบ้าง,อุปกรณ์ใน Cockpit Zone: Cockpit Zone • Logitech G923 TRUEFORCE Racing Wheel (2 Units with Driving Force Shifter) • Driving Force Shifter (2 Units with Logitech G923) • Racezone Full Cockpit V3 (2 Units) • Pulse Elite Wireless Headset (2 Units) • TV 65 นิ้ว (2 Units) แหล่งข้อมูล: https://esports.phuket.psu.ac.th/home,pipeline:structured_equipment_catalog,equipment/list,100.0,True,2.1281,0,,,
MB-0411-E-010,equipment,psu_fact,Cockpit Zone มีอะไรให้ใช้บ้าง,"คำถามนี้ยังตีได้หลายทางครับ หมายถึงเรื่องไหนของ Cockpit Zone? ข้อมูลย่อที่ยืนยันได้ตอนนี้: • เกม: มี 1 เกม เช่น Gran Turismo 7 | พิมพ์ `Cockpit มีเกมอะไรบ้าง` • อุปกรณ์: มี 5 รายการ เช่น Logitech G923 TRUEFORCE Racing Wheel, Driving Force Shifter, Racezone Full Cockpit V3, Pulse Elite Wireless Headset, TV 65 นิ้ว | พิมพ์ `Cockpit มีอุปกรณ์อะไรบ้าง` • ราคา: Cockpit 1 ชั่วโมง (1 คน): PSU 0 บาท, General Student 65 บาท, General Adult 200 บาท | พิมพ์ `Cockpit ราคาเท่าไหร่` • จอง: ต้องจองผ่านระบบก่อนเข้าใช้ | พิมพ์ `Cockpit จองยังไง` พิมพ์ต่อสั้น ๆ ได้ เช่น `เกม`, `อุปกรณ์`, `ราคา` หรือ `จอง`",pipeline:ambiguity_clarification,clarification/ambiguity_gate_clarification,100.0,True,0.0839,0,,,
MB-0412-E-011,equipment,psu_fact,Gaming PC รุ่น MSI MAG Infinite S3 14th คืออะไร,"Gaming PC รุ่น MSI MAG Infinite S3 14th: เครื่องคอมพิวเตอร์เกมมิ่งของ PC Zone สำหรับเล่นเกมบนคอมและฝึกซ้อมอีสปอร์ต จำนวน: 10 Units อยู่ที่: PC Zone ใช้สำหรับ: • เล่น VALORANT • เล่น Counter-Strike 2 • เล่น PUBG: BATTLEGROUNDS • เล่น Call of Duty: Warzone • เล่น TEKKEN 8 • เล่น League of Legends หมายเหตุ: สเปกที่บันทึกไว้ในโปรเจกต์: Intel Core i5-14400, RAM DDR5 32GB, NVIDIA GeForce RTX 5060 8GB แหล่งข้อมูล: https://esports.phuket.psu.ac.th/home",pipeline:structured_equipment_item,equipment/equipment_item_lookup,100.0,True,6.5064,0,,,
MB-0413-E-012,equipment,psu_fact,Gaming PC รุ่น MSI MAG Infinite S3 14th อยู่โซนไหน,"Gaming PC รุ่น MSI MAG Infinite S3 14th: เครื่องคอมพิวเตอร์เกมมิ่งของ PC Zone สำหรับเล่นเกมบนคอมและฝึกซ้อมอีสปอร์ต จำนวน: 10 Units อยู่ที่: PC Zone ใช้สำหรับ: • เล่น VALORANT • เล่น Counter-Strike 2 • เล่น PUBG: BATTLEGROUNDS • เล่น Call of Duty: Warzone • เล่น TEKKEN 8 • เล่น League of Legends หมายเหตุ: สเปกที่บันทึกไว้ในโปรเจกต์: Intel Core i5-14400, RAM DDR5 32GB, NVIDIA GeForce RTX 5060 8GB แหล่งข้อมูล: https://esports.phuket.psu.ac.th/home",pipeline:structured_equipment_item,equipment/equipment_item_lookup,100.0,True,7.147,0,,,
MB-0414-E-013,equipment,psu_fact,Gaming PC รุ่น MSI MAG Infinite S3 14th ใช้ทำอะไร,"Gaming PC รุ่น MSI MAG Infinite S3 14th: เครื่องคอมพิวเตอร์เกมมิ่งของ PC Zone สำหรับเล่นเกมบนคอมและฝึกซ้อมอีสปอร์ต จำนวน: 10 Units อยู่ที่: PC Zone ใช้สำหรับ: • เล่น VALORANT • เล่น Counter-Strike 2 • เล่น PUBG: BATTLEGROUNDS • เล่น Call of Duty: Warzone • เล่น TEKKEN 8 • เล่น League of Legends หมายเหตุ: สเปกที่บันทึกไว้ในโปรเจกต์: Intel Core i5-14400, RAM DDR5 32GB, NVIDIA GeForce RTX 5060 8GB แหล่งข้อมูล: https://esports.phuket.psu.ac.th/home",pipeline:structured_equipment_item,equipment/equipment_item_lookup,100.0,True,6.6469,0,,,
MB-0415-E-014,equipment,psu_fact,Gaming Monitor คืออะไร,Gaming Monitor: จอภาพสำหรับใช้คู่กับ Gaming PC ใน PC Zone จำนวน: 10 Units อยู่ที่: PC Zone ใช้สำหรับ: • แสดงผลเกมและโปรแกรมบน PC Zone แหล่งข้อมูล: https://esports.phuket.psu.ac.th/home,pipeline:structured_equipment_item,equipment/equipment_item_lookup,100.0,True,3.4597,0,,,
MB-0416-E-015,equipment,psu_fact,Gaming Monitor อยู่โซนไหน,Gaming Monitor: จอภาพสำหรับใช้คู่กับ Gaming PC ใน PC Zone จำนวน: 10 Units อยู่ที่: PC Zone ใช้สำหรับ: • แสดงผลเกมและโปรแกรมบน PC Zone แหล่งข้อมูล: https://esports.phuket.psu.ac.th/home,pipeline:structured_equipment_item,equipment/equipment_item_lookup,100.0,True,3.7581,0,,,
MB-0417-E-016,equipment,psu_fact,Gaming Monitor ใช้ทำอะไร,Gaming Monitor: จอภาพสำหรับใช้คู่กับ Gaming PC ใน PC Zone จำนวน: 10 Units อยู่ที่: PC Zone ใช้สำหรับ: • แสดงผลเกมและโปรแกรมบน PC Zone แหล่งข้อมูล: https://esports.phuket.psu.ac.th/home,pipeline:structured_equipment_item,equipment/equipment_item_lookup,100.0,True,3.0846,0,,,
MB-0418-E-017,equipment,psu_fact,Gaming Keyboard คืออะไร,Gaming Keyboard: คีย์บอร์ดสำหรับควบคุมเกมและพิมพ์บน Gaming PC อยู่ที่: PC Zone ใช้สำหรับ: • ควบคุมเกม PC • พิมพ์ข้อมูล แหล่งข้อมูล: https://esports.phuket.psu.ac.th/home,pipeline:structured_equipment_item,equipment/equipment_item_lookup,100.0,True,2.9956,0,,,
MB-0419-E-018,equipment,psu_fact,Gaming Keyboard อยู่โซนไหน,Gaming Keyboard: คีย์บอร์ดสำหรับควบคุมเกมและพิมพ์บน Gaming PC อยู่ที่: PC Zone ใช้สำหรับ: • ควบคุมเกม PC • พิมพ์ข้อมูล แหล่งข้อมูล: https://esports.phuket.psu.ac.th/home,pipeline:structured_equipment_item,equipment/equipment_item_lookup,100.0,True,3.6063,0,,,
MB-0420-E-019,equipment,psu_fact,Gaming Keyboard ใช้ทำอะไร,Gaming Keyboard: คีย์บอร์ดสำหรับควบคุมเกมและพิมพ์บน Gaming PC อยู่ที่: PC Zone ใช้สำหรับ: • ควบคุมเกม PC • พิมพ์ข้อมูล แหล่งข้อมูล: https://esports.phuket.psu.ac.th/home,pipeline:structured_equipment_item,equipment/equipment_item_lookup,100.0,True,3.0645,0,,,
MB-0421-E-020,equipment,psu_fact,Gaming Mouse คืออะไร,Gaming Mouse: เมาส์สำหรับเล่นเกมบน Gaming PC อยู่ที่: PC Zone ใช้สำหรับ: • ควบคุมเกม PC โดยเฉพาะเกม FPS/MOBA แหล่งข้อมูล: https://esports.phuket.psu.ac.th/home,pipeline:structured_equipment_item,equipment/equipment_item_lookup,100.0,True,2.382,0,,,
MB-0247-GC-001,game_controls,psu_fact,Animal Crossing: New Horizons ปุ่มทั้งหมดมีอะไรบ้าง,Animal Crossing: New Horizons มีข้อมูลปุ่มควบคุมดังนี้: Nintendo Switch • L (Left Stick): เคลื่อนที่ - บังคับทิศทางการเดินของตัวละคร • R (Right Stick): มุมกล้อง - ปรับมุมมองกล้อง ขึ้นหรือลง • A: โต้ตอบ / ใช้ไอเทม / ย้ายเฟอร์นิเจอร์ (กดค้าง) - โต้ตอบกับสิ่งแวดล้อม คุยกับ NPC ใช้ไอเทม และกดค้างเพื่อย้ายเฟอร์นิเจอร์ • B: ยกเลิก - ยกเลิกคำสั่งหรือออกจากเมนู • X: กระเป๋าช่องเก็บของ - เปิดหน้าต่างช่องเก็บของที่พกติดตัว • Y: หยิบไอเทม - หยิบไอเทมที่อยู่บนพื้น • D-Pad Up: วงล้อเครื่องมือ - เปิดเมนูวงล้อเพื่อเลือกหยิบเครื่องมืออย่างรวดเร็ว • D-Pad Left / Right: สลับเครื่องมือ - สลับไปถือเครื่องมือชิ้นอื่นในกระเป๋าซ้ายหรือขวา • D-Pad Down: เก็บเครื่องมือ - เก็บเครื่องมือในมือลงกระเป๋าทันที • ZL: สมาร์,pipeline:structured_game_controls,games/game_control_lookup,100.0,True,0.4586,0,,,
MB-0248-GC-002,game_controls,psu_fact,Animal Crossing: New Horizons ใช้จอยยังไง,Animal Crossing: New Horizons มีข้อมูลปุ่มควบคุมดังนี้: Nintendo Switch • L (Left Stick): เคลื่อนที่ - บังคับทิศทางการเดินของตัวละคร • R (Right Stick): มุมกล้อง - ปรับมุมมองกล้อง ขึ้นหรือลง • A: โต้ตอบ / ใช้ไอเทม / ย้ายเฟอร์นิเจอร์ (กดค้าง) - โต้ตอบกับสิ่งแวดล้อม คุยกับ NPC ใช้ไอเทม และกดค้างเพื่อย้ายเฟอร์นิเจอร์ • B: ยกเลิก - ยกเลิกคำสั่งหรือออกจากเมนู • X: กระเป๋าช่องเก็บของ - เปิดหน้าต่างช่องเก็บของที่พกติดตัว • Y: หยิบไอเทม - หยิบไอเทมที่อยู่บนพื้น • D-Pad Up: วงล้อเครื่องมือ - เปิดเมนูวงล้อเพื่อเลือกหยิบเครื่องมืออย่างรวดเร็ว • D-Pad Left / Right: สลับเครื่องมือ - สลับไปถือเครื่องมือชิ้นอื่นในกระเป๋าซ้ายหรือขวา • D-Pad Down: เก็บเครื่องมือ - เก็บเครื่องมือในมือลงกระเป๋าทันที • ZL: สมาร์,pipeline:structured_game_controls,games/game_control_lookup,100.0,True,0.3651,0,,,
MB-0249-GC-003,game_controls,psu_fact,Animal Crossing: New Horizons ปุ่มเคลื่อนที่กดอะไร,Animal Crossing: New Horizons ปุ่มที่ตรงกับคำถาม: Nintendo Switch • L (Left Stick): เคลื่อนที่ - บังคับทิศทางการเดินของตัวละคร แหล่งข้อมูล: https://gameinputdatabase.com/game/66,pipeline:structured_game_controls,games/game_control_lookup,100.0,True,0.4582,0,,,
MB-0250-GC-004,game_controls,psu_fact,Animal Crossing: New Horizons ปุ่มมุมกล้องกดอะไร,Animal Crossing: New Horizons ปุ่มที่ตรงกับคำถาม: Nintendo Switch • R (Right Stick): มุมกล้อง - ปรับมุมมองกล้อง ขึ้นหรือลง แหล่งข้อมูล: https://gameinputdatabase.com/game/66,pipeline:structured_game_controls,games/game_control_lookup,100.0,True,0.418,0,,,
MB-0251-GC-005,game_controls,psu_fact,Beat Saber ปุ่มทั้งหมดมีอะไรบ้าง,Beat Saber มีข้อมูลปุ่มควบคุมดังนี้: PlayStation VR2 / PS5 • Left PS VR2 Sense controller motion: ฟันบล็อกด้วยดาบมือซ้าย - ใช้การขยับคอนโทรลเลอร์ฝั่งซ้ายเพื่อฟันบล็อกตามจังหวะเพลง โดยอิงจากหลักการเล่น Beat Saber ที่ให้ผู้เล่นฟัน beat ใน VR • Right PS VR2 Sense controller motion: ฟันบล็อกด้วยดาบมือขวา - ใช้การขยับคอนโทรลเลอร์ฝั่งขวาเพื่อฟันบล็อกตามจังหวะเพลง โดยอิงจากหลักการเล่น Beat Saber ที่ให้ผู้เล่นฟัน beat ใน VR • Head/body movement: หลบและจัดตำแหน่งร่างกาย - เป็นข้อมูลวิธีเล่นระดับภาพรวมจากแหล่งทางการ ไม่ใช่ผังคีย์ละเอียดรายปุ่ม แหล่งข้อมูล: https://www.playstation.com/en-us/games/beat-saber/,pipeline:structured_game_controls,games/game_control_lookup,100.0,True,0.3071,0,,,
MB-0252-GC-006,game_controls,psu_fact,Beat Saber ใช้จอยยังไง,Beat Saber มีข้อมูลปุ่มควบคุมดังนี้: PlayStation VR2 / PS5 • Left PS VR2 Sense controller motion: ฟันบล็อกด้วยดาบมือซ้าย - ใช้การขยับคอนโทรลเลอร์ฝั่งซ้ายเพื่อฟันบล็อกตามจังหวะเพลง โดยอิงจากหลักการเล่น Beat Saber ที่ให้ผู้เล่นฟัน beat ใน VR • Right PS VR2 Sense controller motion: ฟันบล็อกด้วยดาบมือขวา - ใช้การขยับคอนโทรลเลอร์ฝั่งขวาเพื่อฟันบล็อกตามจังหวะเพลง โดยอิงจากหลักการเล่น Beat Saber ที่ให้ผู้เล่นฟัน beat ใน VR • Head/body movement: หลบและจัดตำแหน่งร่างกาย - เป็นข้อมูลวิธีเล่นระดับภาพรวมจากแหล่งทางการ ไม่ใช่ผังคีย์ละเอียดรายปุ่ม แหล่งข้อมูล: https://www.playstation.com/en-us/games/beat-saber/,pipeline:structured_game_controls,games/game_control_lookup,100.0,True,0.2429,0,,,
MB-0253-GC-007,game_controls,psu_fact,Beat Saber ปุ่มฟันบล็อกด้วยดาบมือซ้ายกดอะไร,Beat Saber ปุ่มที่ตรงกับคำถาม: PlayStation VR2 / PS5 • Left PS VR2 Sense controller motion: ฟันบล็อกด้วยดาบมือซ้าย - ใช้การขยับคอนโทรลเลอร์ฝั่งซ้ายเพื่อฟันบล็อกตามจังหวะเพลง โดยอิงจากหลักการเล่น Beat Saber ที่ให้ผู้เล่นฟัน beat ใน VR • Right PS VR2 Sense controller motion: ฟันบล็อกด้วยดาบมือขวา - ใช้การขยับคอนโทรลเลอร์ฝั่งขวาเพื่อฟันบล็อกตามจังหวะเพลง โดยอิงจากหลักการเล่น Beat Saber ที่ให้ผู้เล่นฟัน beat ใน VR แหล่งข้อมูล: https://www.playstation.com/en-us/games/beat-saber/,pipeline:structured_game_controls,games/game_control_lookup,100.0,True,0.4734,0,,,
MB-0254-GC-008,game_controls,psu_fact,Beat Saber ปุ่มฟันบล็อกด้วยดาบมือขวากดอะไร,Beat Saber ปุ่มที่ตรงกับคำถาม: PlayStation VR2 / PS5 • Left PS VR2 Sense controller motion: ฟันบล็อกด้วยดาบมือซ้าย - ใช้การขยับคอนโทรลเลอร์ฝั่งซ้ายเพื่อฟันบล็อกตามจังหวะเพลง โดยอิงจากหลักการเล่น Beat Saber ที่ให้ผู้เล่นฟัน beat ใน VR • Right PS VR2 Sense controller motion: ฟันบล็อกด้วยดาบมือขวา - ใช้การขยับคอนโทรลเลอร์ฝั่งขวาเพื่อฟันบล็อกตามจังหวะเพลง โดยอิงจากหลักการเล่น Beat Saber ที่ให้ผู้เล่นฟัน beat ใน VR แหล่งข้อมูล: https://www.playstation.com/en-us/games/beat-saber/,pipeline:structured_game_controls,games/game_control_lookup,100.0,True,0.4343,0,,,
MB-0255-GC-009,game_controls,psu_fact,Call of Duty: Modern Warfare III ปุ่มทั้งหมดมีอะไรบ้าง,Call of Duty: Modern Warfare III มีข้อมูลปุ่มควบคุมดังนี้: PlayStation / PS5 • L1: กระโดด / ปีนป่าย - กระโดดข้ามสิ่งกีดขวาง (จุดเด่นของ Bumper Jumper) • R3: เปลี่ยนท่า / สไลด์ / พุ่งหลบ - กดหรือกดค้างขณะวิ่งเพื่อสไลด์หรือพุ่ง (จุดเด่นของ Tactical) • Cross: ใช้อุปกรณ์ยุทธวิธี - ปาระเบิดแฟลชหรือสตัน • Circle: โจมตีประชิด - ใช้มีดฟันหรือพานท้ายปืนทุบศัตรู • L2: เล็งผ่านศูนย์เล็ง - กดค้างเพื่อยกปืนเล็ง • R2: ยิงอาวุธ - กดยิงปืน • R1: ใช้อุปกรณ์ทำลายล้าง - ขว้างระเบิดมือ ระเบิดเพลิง หรือมีดขว้าง • Square: โต้ตอบ / รีโหลด - เปลี่ยนกระสุนปืนหรือเก็บไอเทม • Triangle: สลับอาวุธ - สลับปืนหลักและปืนรอง • L3: วิ่ง / กลั้นหายใจ - กดเพื่อวิ่งเร็วขึ้น หรือกลั้นหายใจนิ่ง ๆ ตอนเล็งสไนเปอร์ แหล่งข้อมูล: https,pipeline:structured_game_controls,games/game_control_lookup,100.0,True,0.4467,0,,,
MB-0256-GC-010,game_controls,psu_fact,Call of Duty: Modern Warfare III ใช้จอยยังไง,Call of Duty: Modern Warfare III มีข้อมูลปุ่มควบคุมดังนี้: PlayStation / PS5 • L1: กระโดด / ปีนป่าย - กระโดดข้ามสิ่งกีดขวาง (จุดเด่นของ Bumper Jumper) • R3: เปลี่ยนท่า / สไลด์ / พุ่งหลบ - กดหรือกดค้างขณะวิ่งเพื่อสไลด์หรือพุ่ง (จุดเด่นของ Tactical) • Cross: ใช้อุปกรณ์ยุทธวิธี - ปาระเบิดแฟลชหรือสตัน • Circle: โจมตีประชิด - ใช้มีดฟันหรือพานท้ายปืนทุบศัตรู • L2: เล็งผ่านศูนย์เล็ง - กดค้างเพื่อยกปืนเล็ง • R2: ยิงอาวุธ - กดยิงปืน • R1: ใช้อุปกรณ์ทำลายล้าง - ขว้างระเบิดมือ ระเบิดเพลิง หรือมีดขว้าง • Square: โต้ตอบ / รีโหลด - เปลี่ยนกระสุนปืนหรือเก็บไอเทม • Triangle: สลับอาวุธ - สลับปืนหลักและปืนรอง • L3: วิ่ง / กลั้นหายใจ - กดเพื่อวิ่งเร็วขึ้น หรือกลั้นหายใจนิ่ง ๆ ตอนเล็งสไนเปอร์ แหล่งข้อมูล: https,pipeline:structured_game_controls,games/game_control_lookup,100.0,True,0.3854,0,,,
MB-0257-GC-011,game_controls,psu_fact,Call of Duty: Modern Warfare III ปุ่มกระโดด / ปีนป่ายกดอะไร,Call of Duty: Modern Warfare III ปุ่มที่ตรงกับคำถาม: PlayStation / PS5 • L1: กระโดด / ปีนป่าย - กระโดดข้ามสิ่งกีดขวาง (จุดเด่นของ Bumper Jumper) แหล่งข้อมูล: https://www.gamepur.com/guides/best-modern-warfare-3-controller-settings-aim-assist-deadzones-button-layout,pipeline:structured_game_controls,games/game_control_lookup,100.0,True,0.4919,0,,,
MB-0258-GC-012,game_controls,psu_fact,Call of Duty: Modern Warfare III ปุ่มเปลี่ยนท่า / สไลด์ / พุ่งหลบกดอะไร,Call of Duty: Modern Warfare III ปุ่มที่ตรงกับคำถาม: PlayStation / PS5 • R3: เปลี่ยนท่า / สไลด์ / พุ่งหลบ - กดหรือกดค้างขณะวิ่งเพื่อสไลด์หรือพุ่ง (จุดเด่นของ Tactical) แหล่งข้อมูล: https://www.gamepur.com/guides/best-modern-warfare-3-controller-settings-aim-assist-deadzones-button-layout,pipeline:structured_game_controls,games/game_control_lookup,100.0,True,0.6282,0,,,
MB-0259-GC-013,game_controls,psu_fact,Call of Duty: Warzone ปุ่มทั้งหมดมีอะไรบ้าง,Call of Duty: Warzone มีข้อมูลปุ่มควบคุมดังนี้: PlayStation / PS5 • Cross: กระโดด / ปีนป่าย - กระโดด หรือปีนข้ามสิ่งกีดขวาง • Circle: ย่อตัว / หมอบ / สไลด์ - กดเปลี่ยนท่าทาง หรือกดขณะวิ่งเพื่อสไลด์เข่า • Square: โต้ตอบ / รีโหลด - เก็บของ เปิดกล่อง ฟาร์มไอเทม หรือรีโหลดกระสุน • Triangle: สลับอาวุธ - สลับเปลี่ยนปืน • D-Pad: คำสั่งเฉพาะโหมด - คำสั่งเสริมตามโหมดการเล่น เช่น ปิง หรือ คิลสตรีค • Touch Pad: ตารางคะแนน / แผนที่ - เปิดตารางคะแนนและแผนที่ยุทธวิธี • Options: เมนูหลัก - เปิดเมนูตั้งค่าและหยุดเกม • L1: ใช้อุปกรณ์ยุทธวิธี - ใช้งานระเบิดควัน แฟลช หรืออุปกรณ์สายสนับสนุน • R1: ใช้อุปกรณ์ทำลายล้าง - ใช้งานระเบิดทำลายล้างต่าง ๆ • L2: เล็งปืน (ADS) - ยกปืนเล็งศูนย์ • R2: ยิง - ลั่นไกปืน • L3: ว,pipeline:structured_game_controls,games/game_control_lookup,100.0,True,0.4814,0,,,
MB-0260-GC-014,game_controls,psu_fact,Call of Duty: Warzone ใช้จอยยังไง,Call of Duty: Warzone มีข้อมูลปุ่มควบคุมดังนี้: PlayStation / PS5 • Cross: กระโดด / ปีนป่าย - กระโดด หรือปีนข้ามสิ่งกีดขวาง • Circle: ย่อตัว / หมอบ / สไลด์ - กดเปลี่ยนท่าทาง หรือกดขณะวิ่งเพื่อสไลด์เข่า • Square: โต้ตอบ / รีโหลด - เก็บของ เปิดกล่อง ฟาร์มไอเทม หรือรีโหลดกระสุน • Triangle: สลับอาวุธ - สลับเปลี่ยนปืน • D-Pad: คำสั่งเฉพาะโหมด - คำสั่งเสริมตามโหมดการเล่น เช่น ปิง หรือ คิลสตรีค • Touch Pad: ตารางคะแนน / แผนที่ - เปิดตารางคะแนนและแผนที่ยุทธวิธี • Options: เมนูหลัก - เปิดเมนูตั้งค่าและหยุดเกม • L1: ใช้อุปกรณ์ยุทธวิธี - ใช้งานระเบิดควัน แฟลช หรืออุปกรณ์สายสนับสนุน • R1: ใช้อุปกรณ์ทำลายล้าง - ใช้งานระเบิดทำลายล้างต่าง ๆ • L2: เล็งปืน (ADS) - ยกปืนเล็งศูนย์ • R2: ยิง - ลั่นไกปืน • L3: ว,pipeline:structured_game_controls,games/game_control_lookup,100.0,True,0.3112,0,,,
MB-0261-GC-015,game_controls,psu_fact,Call of Duty: Warzone ปุ่มกระโดด / ปีนป่ายกดอะไร,Call of Duty: Warzone ปุ่มที่ตรงกับคำถาม: PlayStation / PS5 • Cross: กระโดด / ปีนป่าย - กระโดด หรือปีนข้ามสิ่งกีดขวาง แหล่งข้อมูล: https://gameaccess.info/call-of-duty-warzone-battle-royale-mode-controls/,pipeline:structured_game_controls,games/game_control_lookup,100.0,True,0.4589,0,,,
MB-0262-GC-016,game_controls,psu_fact,Call of Duty: Warzone ปุ่มย่อตัว / หมอบ / สไลด์กดอะไร,Call of Duty: Warzone ปุ่มที่ตรงกับคำถาม: PlayStation / PS5 • Circle: ย่อตัว / หมอบ / สไลด์ - กดเปลี่ยนท่าทาง หรือกดขณะวิ่งเพื่อสไลด์เข่า แหล่งข้อมูล: https://gameaccess.info/call-of-duty-warzone-battle-royale-mode-controls/,pipeline:structured_game_controls,games/game_control_lookup,100.0,True,0.4756,0,,,
MB-0263-GC-017,game_controls,psu_fact,Counter-Strike 2 ปุ่มทั้งหมดมีอะไรบ้าง,"Counter-Strike 2 มีข้อมูลปุ่มควบคุมดังนี้: PC • W / A / S / D: เคลื่อนที่ - W เดินหน้า, A ไปซ้าย, S ถอยหลัง, D ไปขวา • Left Shift: เดินช้า - เดินแบบลดเสียงเท้า • Left Ctrl: ย่อตัว - ย่อตัว/ก้ม • Spacebar: กระโดด - กระโดด • E: ใช้งาน/โต้ตอบ - ใช้โต้ตอบ เช่น กู้ระเบิดหรือใช้งานวัตถุ • Left Mouse Button: ยิง - ยิงอาวุธ • Right Mouse Button: ยิง/เล็งแบบรอง - โหมดรองของอาวุธตามชนิดอาวุธ • R: รีโหลด - เปลี่ยนกระสุน • Q: สลับกลับอาวุธล่าสุด - กลับไปอาวุธที่ใช้ก่อนหน้า • G: ทิ้งอาวุธ - โยนอาวุธที่ถืออยู่ลงพื้น • B: เปิดเมนูซื้อของ - เปิดเมนูซื้ออาวุธ/อุปกรณ์ • 1 / 2 / 3: เลือกอาวุธ - 1 อาวุธหลัก, 2 อาวุธรอง, 3 มีด • 4: เลือก/วนระเบิด - เลือกกลุ่มระเบิด • Tab: ดูตารางคะแนน - เปิด scoreboard • Y / U: ",pipeline:structured_game_controls,games/game_control_lookup,100.0,True,0.3835,0,,,
MB-0264-GC-018,game_controls,psu_fact,Counter-Strike 2 ใช้จอยยังไง,"Counter-Strike 2 มีข้อมูลปุ่มควบคุมดังนี้: PC • W / A / S / D: เคลื่อนที่ - W เดินหน้า, A ไปซ้าย, S ถอยหลัง, D ไปขวา • Left Shift: เดินช้า - เดินแบบลดเสียงเท้า • Left Ctrl: ย่อตัว - ย่อตัว/ก้ม • Spacebar: กระโดด - กระโดด • E: ใช้งาน/โต้ตอบ - ใช้โต้ตอบ เช่น กู้ระเบิดหรือใช้งานวัตถุ • Left Mouse Button: ยิง - ยิงอาวุธ • Right Mouse Button: ยิง/เล็งแบบรอง - โหมดรองของอาวุธตามชนิดอาวุธ • R: รีโหลด - เปลี่ยนกระสุน • Q: สลับกลับอาวุธล่าสุด - กลับไปอาวุธที่ใช้ก่อนหน้า • G: ทิ้งอาวุธ - โยนอาวุธที่ถืออยู่ลงพื้น • B: เปิดเมนูซื้อของ - เปิดเมนูซื้ออาวุธ/อุปกรณ์ • 1 / 2 / 3: เลือกอาวุธ - 1 อาวุธหลัก, 2 อาวุธรอง, 3 มีด • 4: เลือก/วนระเบิด - เลือกกลุ่มระเบิด • Tab: ดูตารางคะแนน - เปิด scoreboard • Y / U: ",pipeline:structured_game_controls,games/game_control_lookup,100.0,True,0.294,0,,,
MB-0265-GC-019,game_controls,psu_fact,Counter-Strike 2 ปุ่มเคลื่อนที่กดอะไร,"Counter-Strike 2 ปุ่มที่ตรงกับคำถาม: PC • W / A / S / D: เคลื่อนที่ - W เดินหน้า, A ไปซ้าย, S ถอยหลัง, D ไปขวา แหล่งข้อมูล: https://www.holy.gg/en/post/counter-strike-2-keyboard-mouse-controls-pc",pipeline:structured_game_controls,games/game_control_lookup,100.0,True,0.4097,0,,,
MB-0266-GC-020,game_controls,psu_fact,Counter-Strike 2 ปุ่มเดินช้ากดอะไร,Counter-Strike 2 ปุ่มที่ตรงกับคำถาม: PC • Left Shift: เดินช้า - เดินแบบลดเสียงเท้า แหล่งข้อมูล: https://www.holy.gg/en/post/counter-strike-2-keyboard-mouse-controls-pc,pipeline:structured_game_controls,games/game_control_lookup,100.0,True,0.3618,0,,,
MB-0842-GD-001,game_detail,psu_fact,PUBG เป็นเกมแนวไหน,PUBG: BATTLEGROUNDS: PUBG: BATTLEGROUNDS คือเกมเอาชีวิตรอดที่ผู้เล่นลงสนาม ค้นหาอาวุธและอุปกรณ์ แล้วพยายามอยู่รอดเป็นคนหรือทีมสุดท้าย แนวเกม: เกม Battle Royale วิธีเล่นโดยสรุป: เลือกจุดลง หาอาวุธ เข้าโซนปลอดภัย วางตำแหน่ง และต่อสู้กับทีมอื่นจนเหลือผู้ชนะท้ายเกม เล่นได้ที่: PC Zone แหล่งข้อมูล: https://esports.computing.psu.ac.th/reservation,pipeline:structured_game_detail,games/game_detail_lookup,100.0,True,0.6393,0,,,
MB-0843-GD-002,game_detail,psu_fact,PUBG เล่นยังไง,PUBG: BATTLEGROUNDS: PUBG: BATTLEGROUNDS คือเกมเอาชีวิตรอดที่ผู้เล่นลงสนาม ค้นหาอาวุธและอุปกรณ์ แล้วพยายามอยู่รอดเป็นคนหรือทีมสุดท้าย แนวเกม: เกม Battle Royale วิธีเล่นโดยสรุป: เลือกจุดลง หาอาวุธ เข้าโซนปลอดภัย วางตำแหน่ง และต่อสู้กับทีมอื่นจนเหลือผู้ชนะท้ายเกม เล่นได้ที่: PC Zone แหล่งข้อมูล: https://esports.computing.psu.ac.th/reservation,pipeline:structured_game_detail,games/game_detail_lookup,100.0,True,0.3718,0,,,
MB-0844-GD-003,game_detail,psu_fact,PUBG เล่นได้ที่ไหน,"ได้ครับ PUBG: BATTLEGROUNDS เล่นได้ที่ PC Zone - PC #01-#02, PC Zone - PC #03-#10 แหล่งข้อมูล: https://esports.computing.psu.ac.th/",pipeline:structured_service_game_availability,games/game_availability_lookup,100.0,True,0.4333,0,,,
MB-0845-GD-004,game_detail,psu_fact,Call of Duty เป็นเกมแนวไหน,Call of Duty มีหลายเกมในรายการปัจจุบันครับ คำถามนี้จึงยังไม่ชัดว่าหมายถึงเกมไหน ถ้าต้องการถามเรื่องข้อมูลเกม ขอเลือกเกมก่อน: • Call of Duty: Modern Warfare III (PlayStation 5 Zone) • Call of Duty: Warzone (PC Zone),pipeline:ambiguity_clarification,clarification/ambiguity_gate_clarification,100.0,True,0.1271,0,,,
MB-0846-GD-005,game_detail,psu_fact,Call of Duty เล่นยังไง,Call of Duty มีหลายเกมในรายการปัจจุบันครับ คำถามนี้จึงยังไม่ชัดว่าหมายถึงเกมไหน ถ้าต้องการถามเรื่องวิธีเล่น ขอเลือกเกมก่อน: • Call of Duty: Modern Warfare III (PlayStation 5 Zone) • Call of Duty: Warzone (PC Zone) พิมพ์ต่อได้ เช่น `Call of Duty: Modern Warfare III เล่นยังไง`,pipeline:ambiguity_clarification,clarification/ambiguity_gate_clarification,100.0,True,0.0846,0,,,
MB-0847-GD-006,game_detail,psu_fact,Call of Duty เล่นได้ที่ไหน,พบเกมที่เกี่ยวข้องกับ Call of Duty ในรายการที่ยืนยันได้ครับ • Call of Duty: Modern Warfare III: เล่นได้ที่ PlayStation 5 Zone • Call of Duty: Warzone: เล่นได้ที่ PC Zone แหล่งข้อมูล: https://esports.phuket.psu.ac.th/Services/our-games,pipeline:structured_games_family,games/list,100.0,True,0.3725,0,,,
MB-0848-GD-007,game_detail,psu_fact,The Last of Us Part I เป็นเกมแนวไหน,"The Last of Us Part I / Part II: The Last of Us คือเกมผจญภัยเอาตัวรอดที่เน้นเนื้อเรื่อง การลอบเร้น และการจัดการทรัพยากร แนวเกม: เกม Action-Adventure / Survival วิธีเล่นโดยสรุป: สำรวจ ฉวยโอกาสลอบเร้น ต่อสู้ เก็บทรัพยากร และดำเนินเรื่องผ่านภารกิจต่าง ๆ เล่นได้ที่: PlayStation 5 Zone รายการปัจจุบันในระบบจอง: The Last of Us Part I, The Last of Us Part II (Remastered) แหล่งข้อมูล: https://esports.phuket.psu.ac.th/Services/our-games",pipeline:structured_game_detail,games/game_detail_lookup,100.0,True,0.604,0,,,
MB-0849-GD-008,game_detail,psu_fact,The Last of Us Part I เล่นยังไง,"The Last of Us Part I / Part II: The Last of Us คือเกมผจญภัยเอาตัวรอดที่เน้นเนื้อเรื่อง การลอบเร้น และการจัดการทรัพยากร แนวเกม: เกม Action-Adventure / Survival วิธีเล่นโดยสรุป: สำรวจ ฉวยโอกาสลอบเร้น ต่อสู้ เก็บทรัพยากร และดำเนินเรื่องผ่านภารกิจต่าง ๆ เล่นได้ที่: PlayStation 5 Zone รายการปัจจุบันในระบบจอง: The Last of Us Part I, The Last of Us Part II (Remastered) แหล่งข้อมูล: https://esports.phuket.psu.ac.th/Services/our-games",pipeline:structured_game_detail,games/game_detail_lookup,100.0,True,0.322,0,,,
MB-0850-GD-009,game_detail,psu_fact,The Last of Us Part I เล่นได้ที่ไหน,ได้ครับ The Last of Us Part I เล่นได้ที่ PlayStation 5 Zone - PlayStation 5 #01-#02 แหล่งข้อมูล: https://esports.computing.psu.ac.th/,pipeline:structured_service_game_availability,games/game_availability_lookup,100.0,True,0.4697,0,,,
MB-0851-GD-010,game_detail,psu_fact,Uncharted เป็นเกมแนวไหน,Uncharted: Legacy of Thieves Collection: Uncharted คือเกมผจญภัยแนวล่าสมบัติที่เน้นปีนป่าย สำรวจ แก้ปริศนา และฉากแอ็กชัน แนวเกม: เกม Action-Adventure วิธีเล่นโดยสรุป: สำรวจฉาก ปีนป่าย แก้ปริศนา ยิงต่อสู้ และดำเนินเรื่องผ่านภารกิจ เล่นได้ที่: PlayStation 5 Zone แหล่งข้อมูล: https://esports.phuket.psu.ac.th/Services/our-games,pipeline:structured_game_detail,games/game_detail_lookup,100.0,True,0.5331,0,,,
MB-0852-GD-011,game_detail,psu_fact,Uncharted เล่นยังไง,Uncharted: Legacy of Thieves Collection: Uncharted คือเกมผจญภัยแนวล่าสมบัติที่เน้นปีนป่าย สำรวจ แก้ปริศนา และฉากแอ็กชัน แนวเกม: เกม Action-Adventure วิธีเล่นโดยสรุป: สำรวจฉาก ปีนป่าย แก้ปริศนา ยิงต่อสู้ และดำเนินเรื่องผ่านภารกิจ เล่นได้ที่: PlayStation 5 Zone แหล่งข้อมูล: https://esports.phuket.psu.ac.th/Services/our-games,pipeline:structured_game_detail,games/game_detail_lookup,100.0,True,0.3912,0,,,
MB-0853-GD-012,game_detail,psu_fact,Uncharted เล่นได้ที่ไหน,ได้ครับ Uncharted: Legacy of Thieves Collection เล่นได้ที่ PlayStation 5 Zone - PlayStation 5 #01-#02 แหล่งข้อมูล: https://esports.computing.psu.ac.th/,pipeline:structured_service_game_availability,games/game_availability_lookup,100.0,True,0.4172,0,,,
MB-0854-GD-013,game_detail,psu_fact,Animal Crossing เป็นเกมแนวไหน,Animal Crossing: New Horizons: Animal Crossing: New Horizons คือเกมใช้ชีวิตบนเกาะ ผู้เล่นตกแต่งบ้าน เก็บของ สร้างพื้นที่ และพูดคุยกับชาวเกาะ แนวเกม: เกม Life Simulation วิธีเล่นโดยสรุป: เล่นแบบสบาย ๆ โดยเก็บทรัพยากร ตกปลา จับแมลง ตกแต่งเกาะ และทำกิจกรรมประจำวัน เล่นได้ที่: Nintendo Switch Zone แหล่งข้อมูล: https://esports.phuket.psu.ac.th/Services/our-games,pipeline:structured_game_detail,games/game_detail_lookup,100.0,True,0.5419,0,,,
MB-0855-GD-014,game_detail,psu_fact,Animal Crossing เล่นยังไง,Animal Crossing: New Horizons: Animal Crossing: New Horizons คือเกมใช้ชีวิตบนเกาะ ผู้เล่นตกแต่งบ้าน เก็บของ สร้างพื้นที่ และพูดคุยกับชาวเกาะ แนวเกม: เกม Life Simulation วิธีเล่นโดยสรุป: เล่นแบบสบาย ๆ โดยเก็บทรัพยากร ตกปลา จับแมลง ตกแต่งเกาะ และทำกิจกรรมประจำวัน เล่นได้ที่: Nintendo Switch Zone แหล่งข้อมูล: https://esports.phuket.psu.ac.th/Services/our-games,pipeline:structured_game_detail,games/game_detail_lookup,100.0,True,0.4174,0,,,
MB-0856-GD-015,game_detail,psu_fact,Animal Crossing เล่นได้ที่ไหน,"ได้ครับ Animal Crossing: New Horizons เล่นได้ที่ Nintendo Switch Zone - Nintendo Switch (1-2 Persons), Nintendo Switch Zone - Nintendo Switch (1-4 Persons) แหล่งข้อมูล: https://esports.computing.psu.ac.th/",pipeline:structured_service_game_availability,games/game_availability_lookup,100.0,True,0.4689,0,,,
MB-0857-GD-016,game_detail,psu_fact,The Legend of Zelda เป็นเกมแนวไหน,The Legend of Zelda: Breath of The Wild: The Legend of Zelda: Breath of the Wild คือเกมผจญภัยโลกเปิดที่ให้ผู้เล่นสำรวจ ต่อสู้ แก้ปริศนา และทดลองวิธีผ่านสถานการณ์ต่าง ๆ แนวเกม: เกม Open-world Adventure วิธีเล่นโดยสรุป: สำรวจแผนที่ เก็บอาวุธ/อาหาร แก้ shrine ต่อสู้ และเลือกเส้นทางการผจญภัยเองได้มาก เล่นได้ที่: Nintendo Switch Zone แหล่งข้อมูล: https://esports.phuket.psu.ac.th/Services/our-games,pipeline:structured_game_detail,games/game_detail_lookup,100.0,True,0.6401,0,,,
MB-0858-GD-017,game_detail,psu_fact,The Legend of Zelda เล่นยังไง,The Legend of Zelda: Breath of The Wild: The Legend of Zelda: Breath of the Wild คือเกมผจญภัยโลกเปิดที่ให้ผู้เล่นสำรวจ ต่อสู้ แก้ปริศนา และทดลองวิธีผ่านสถานการณ์ต่าง ๆ แนวเกม: เกม Open-world Adventure วิธีเล่นโดยสรุป: สำรวจแผนที่ เก็บอาวุธ/อาหาร แก้ shrine ต่อสู้ และเลือกเส้นทางการผจญภัยเองได้มาก เล่นได้ที่: Nintendo Switch Zone แหล่งข้อมูล: https://esports.phuket.psu.ac.th/Services/our-games,pipeline:structured_game_detail,games/game_detail_lookup,100.0,True,0.4483,0,,,
MB-0859-GD-018,game_detail,psu_fact,The Legend of Zelda เล่นได้ที่ไหน,"ได้ครับ The Legend of Zelda: Breath of The Wild เล่นได้ที่ Nintendo Switch Zone - Nintendo Switch (1-2 Persons), Nintendo Switch Zone - Nintendo Switch (1-4 Persons) แหล่งข้อมูล: https://esports.computing.psu.ac.th/",pipeline:structured_service_game_availability,games/game_availability_lookup,100.0,True,0.4806,0,,,
MB-0089-G-001,games,psu_fact,VALORANT คือเกมอะไร,VALORANT: VALORANT คือเกมยิงเชิงกลยุทธ์ที่ผู้เล่นเลือก Agent ที่มีสกิลเฉพาะ แล้วเล่นเป็นฝ่ายบุก/รับในแต่ละรอบ แนวเกม: เกมยิง Tactical FPS แบบทีม 5v5 วิธีเล่นโดยสรุป: ฝ่ายบุกต้องวาง Spike ส่วนฝ่ายรับต้องป้องกันพื้นที่หรือกู้ Spike การเล่นเน้นการเล็ง การสื่อสาร การใช้สกิล และการเล่นเป็นทีม เล่นได้ที่: PC Zone แหล่งข้อมูล: https://esports.computing.psu.ac.th/reservation,pipeline:structured_game_detail,games/game_availability_lookup,100.0,True,0.4439,0,,,
MB-0090-G-002,games,psu_fact,VALORANT เล่นได้ที่ไหน,"ได้ครับ VALORANT เล่นได้ที่ PC Zone - PC #01-#02, PC Zone - PC #03-#10 แหล่งข้อมูล: https://esports.computing.psu.ac.th/",pipeline:structured_service_game_availability,games/game_availability_lookup,100.0,True,0.3537,0,,,
MB-0091-G-003,games,psu_fact,VALORANT เล่นยังไง,VALORANT: VALORANT คือเกมยิงเชิงกลยุทธ์ที่ผู้เล่นเลือก Agent ที่มีสกิลเฉพาะ แล้วเล่นเป็นฝ่ายบุก/รับในแต่ละรอบ แนวเกม: เกมยิง Tactical FPS แบบทีม 5v5 วิธีเล่นโดยสรุป: ฝ่ายบุกต้องวาง Spike ส่วนฝ่ายรับต้องป้องกันพื้นที่หรือกู้ Spike การเล่นเน้นการเล็ง การสื่อสาร การใช้สกิล และการเล่นเป็นทีม เล่นได้ที่: PC Zone แหล่งข้อมูล: https://esports.computing.psu.ac.th/reservation,pipeline:structured_game_detail,games/game_detail_lookup,100.0,True,0.2779,0,,,
MB-0092-G-004,games,psu_fact,VALORANT เป็นเกมแนวไหน,VALORANT: VALORANT คือเกมยิงเชิงกลยุทธ์ที่ผู้เล่นเลือก Agent ที่มีสกิลเฉพาะ แล้วเล่นเป็นฝ่ายบุก/รับในแต่ละรอบ แนวเกม: เกมยิง Tactical FPS แบบทีม 5v5 วิธีเล่นโดยสรุป: ฝ่ายบุกต้องวาง Spike ส่วนฝ่ายรับต้องป้องกันพื้นที่หรือกู้ Spike การเล่นเน้นการเล็ง การสื่อสาร การใช้สกิล และการเล่นเป็นทีม เล่นได้ที่: PC Zone แหล่งข้อมูล: https://esports.computing.psu.ac.th/reservation,pipeline:structured_game_detail,games/game_detail_lookup,100.0,True,0.5792,0,,,
MB-0093-G-005,games,psu_fact,Counter-Strike 2 คือเกมอะไร,Counter-Strike 2: Counter-Strike 2 คือเกมยิงแข่งขันแบบทีมที่แบ่งเป็นฝ่ายบุกและฝ่ายรับ โดยมีเป้าหมายหลักเกี่ยวกับการวาง/กู้ระเบิดหรือจัดการฝ่ายตรงข้าม แนวเกม: เกมยิง Tactical FPS วิธีเล่นโดยสรุป: เล่นเป็นรอบ ๆ ต้องซื้ออาวุธ วางแผนกับทีม คุมพื้นที่ และใช้การเล็งกับการสื่อสารเพื่อชนะรอบ เล่นได้ที่: PC Zone แหล่งข้อมูล: https://esports.computing.psu.ac.th/reservation,pipeline:structured_game_detail,games/game_detail_lookup,100.0,True,0.8025,0,,,
MB-0094-G-006,games,psu_fact,Counter-Strike 2 เล่นได้ที่ไหน,"ได้ครับ Counter-Strike 2 เล่นได้ที่ PC Zone - PC #01-#02, PC Zone - PC #03-#10 แหล่งข้อมูล: https://esports.computing.psu.ac.th/",pipeline:structured_service_game_availability,games/game_availability_lookup,100.0,True,0.6479,0,,,
MB-0095-G-007,games,psu_fact,Counter-Strike 2 เล่นยังไง,Counter-Strike 2: Counter-Strike 2 คือเกมยิงแข่งขันแบบทีมที่แบ่งเป็นฝ่ายบุกและฝ่ายรับ โดยมีเป้าหมายหลักเกี่ยวกับการวาง/กู้ระเบิดหรือจัดการฝ่ายตรงข้าม แนวเกม: เกมยิง Tactical FPS วิธีเล่นโดยสรุป: เล่นเป็นรอบ ๆ ต้องซื้ออาวุธ วางแผนกับทีม คุมพื้นที่ และใช้การเล็งกับการสื่อสารเพื่อชนะรอบ เล่นได้ที่: PC Zone แหล่งข้อมูล: https://esports.computing.psu.ac.th/reservation,pipeline:structured_game_detail,games/game_detail_lookup,100.0,True,0.5682,0,,,
MB-0096-G-008,games,psu_fact,Counter-Strike 2 เป็นเกมแนวไหน,Counter-Strike 2: Counter-Strike 2 คือเกมยิงแข่งขันแบบทีมที่แบ่งเป็นฝ่ายบุกและฝ่ายรับ โดยมีเป้าหมายหลักเกี่ยวกับการวาง/กู้ระเบิดหรือจัดการฝ่ายตรงข้าม แนวเกม: เกมยิง Tactical FPS วิธีเล่นโดยสรุป: เล่นเป็นรอบ ๆ ต้องซื้ออาวุธ วางแผนกับทีม คุมพื้นที่ และใช้การเล็งกับการสื่อสารเพื่อชนะรอบ เล่นได้ที่: PC Zone แหล่งข้อมูล: https://esports.computing.psu.ac.th/reservation,pipeline:structured_game_detail,games/game_detail_lookup,100.0,True,0.8037,0,,,
MB-0097-G-009,games,psu_fact,PUBG: BATTLEGROUNDS คือเกมอะไร,PUBG: BATTLEGROUNDS: PUBG: BATTLEGROUNDS คือเกมเอาชีวิตรอดที่ผู้เล่นลงสนาม ค้นหาอาวุธและอุปกรณ์ แล้วพยายามอยู่รอดเป็นคนหรือทีมสุดท้าย แนวเกม: เกม Battle Royale วิธีเล่นโดยสรุป: เลือกจุดลง หาอาวุธ เข้าโซนปลอดภัย วางตำแหน่ง และต่อสู้กับทีมอื่นจนเหลือผู้ชนะท้ายเกม เล่นได้ที่: PC Zone แหล่งข้อมูล: https://esports.computing.psu.ac.th/reservation,pipeline:structured_game_detail,games/game_availability_lookup,100.0,True,0.5199,0,,,
MB-0098-G-010,games,psu_fact,PUBG: BATTLEGROUNDS เล่นได้ที่ไหน,"ได้ครับ PUBG: BATTLEGROUNDS เล่นได้ที่ PC Zone - PC #01-#02, PC Zone - PC #03-#10 แหล่งข้อมูล: https://esports.computing.psu.ac.th/",pipeline:structured_service_game_availability,games/game_availability_lookup,100.0,True,0.4403,0,,,
MB-0099-G-011,games,psu_fact,PUBG: BATTLEGROUNDS เล่นยังไง,PUBG: BATTLEGROUNDS: PUBG: BATTLEGROUNDS คือเกมเอาชีวิตรอดที่ผู้เล่นลงสนาม ค้นหาอาวุธและอุปกรณ์ แล้วพยายามอยู่รอดเป็นคนหรือทีมสุดท้าย แนวเกม: เกม Battle Royale วิธีเล่นโดยสรุป: เลือกจุดลง หาอาวุธ เข้าโซนปลอดภัย วางตำแหน่ง และต่อสู้กับทีมอื่นจนเหลือผู้ชนะท้ายเกม เล่นได้ที่: PC Zone แหล่งข้อมูล: https://esports.computing.psu.ac.th/reservation,pipeline:structured_game_detail,games/game_detail_lookup,100.0,True,0.3871,0,,,
MB-0100-G-012,games,psu_fact,PUBG: BATTLEGROUNDS เป็นเกมแนวไหน,PUBG: BATTLEGROUNDS: PUBG: BATTLEGROUNDS คือเกมเอาชีวิตรอดที่ผู้เล่นลงสนาม ค้นหาอาวุธและอุปกรณ์ แล้วพยายามอยู่รอดเป็นคนหรือทีมสุดท้าย แนวเกม: เกม Battle Royale วิธีเล่นโดยสรุป: เลือกจุดลง หาอาวุธ เข้าโซนปลอดภัย วางตำแหน่ง และต่อสู้กับทีมอื่นจนเหลือผู้ชนะท้ายเกม เล่นได้ที่: PC Zone แหล่งข้อมูล: https://esports.computing.psu.ac.th/reservation,pipeline:structured_game_detail,games/game_detail_lookup,100.0,True,0.6329,0,,,
MB-0101-G-013,games,psu_fact,Call of Duty: Warzone คือเกมอะไร,Call of Duty: Warzone: Call of Duty: Warzone คือเกมยิงแนว Battle Royale ที่เน้นการยิงรวดเร็ว การเก็บอุปกรณ์ และการเอาตัวรอดในแผนที่ขนาดใหญ่ แนวเกม: เกมยิง Battle Royale วิธีเล่นโดยสรุป: ลงพื้นที่ หาอาวุธ ใช้ loadout/อุปกรณ์ช่วยทีม เคลื่อนตามวง และพยายามอยู่รอดจนจบเกม เล่นได้ที่: PC Zone แหล่งข้อมูล: https://esports.computing.psu.ac.th/reservation,pipeline:structured_game_detail,games/game_availability_lookup,100.0,True,0.5257,0,,,
MB-0102-G-014,games,psu_fact,Call of Duty: Warzone เล่นได้ที่ไหน,ได้ครับ Call of Duty: Warzone เล่นได้ที่ PC Zone - PC #03-#10 แหล่งข้อมูล: https://esports.computing.psu.ac.th/,pipeline:structured_service_game_availability,games/game_availability_lookup,100.0,True,0.439,0,,,
MB-0103-G-015,games,psu_fact,Call of Duty: Warzone เล่นยังไง,Call of Duty: Warzone: Call of Duty: Warzone คือเกมยิงแนว Battle Royale ที่เน้นการยิงรวดเร็ว การเก็บอุปกรณ์ และการเอาตัวรอดในแผนที่ขนาดใหญ่ แนวเกม: เกมยิง Battle Royale วิธีเล่นโดยสรุป: ลงพื้นที่ หาอาวุธ ใช้ loadout/อุปกรณ์ช่วยทีม เคลื่อนตามวง และพยายามอยู่รอดจนจบเกม เล่นได้ที่: PC Zone แหล่งข้อมูล: https://esports.computing.psu.ac.th/reservation,pipeline:structured_game_detail,games/game_detail_lookup,100.0,True,0.3945,0,,,
MB-0104-G-016,games,psu_fact,Call of Duty: Warzone เป็นเกมแนวไหน,Call of Duty: Warzone: Call of Duty: Warzone คือเกมยิงแนว Battle Royale ที่เน้นการยิงรวดเร็ว การเก็บอุปกรณ์ และการเอาตัวรอดในแผนที่ขนาดใหญ่ แนวเกม: เกมยิง Battle Royale วิธีเล่นโดยสรุป: ลงพื้นที่ หาอาวุธ ใช้ loadout/อุปกรณ์ช่วยทีม เคลื่อนตามวง และพยายามอยู่รอดจนจบเกม เล่นได้ที่: PC Zone แหล่งข้อมูล: https://esports.computing.psu.ac.th/reservation,pipeline:structured_game_detail,games/game_detail_lookup,100.0,True,0.6102,0,,,
MB-0105-G-017,games,psu_fact,League of Legends คือเกมอะไร,League of Legends: League of Legends คือเกมวางแผนต่อสู้แบบทีม ผู้เล่นเลือก Champion และร่วมกันทำลายฐานหลักของฝ่ายตรงข้าม แนวเกม: เกม MOBA แบบทีม 5v5 วิธีเล่นโดยสรุป: แบ่งเลน ฟาร์มเงินและเลเวล คุม objective ช่วยทีมไฟต์ และดันเข้าไปทำลาย Nexus ของศัตรู เล่นได้ที่: PC Zone แหล่งข้อมูล: https://esports.computing.psu.ac.th/reservation,pipeline:structured_game_detail,games/game_availability_lookup,100.0,True,0.5286,0,,,
MB-0106-G-018,games,psu_fact,League of Legends เล่นได้ที่ไหน,"ได้ครับ League of Legends เล่นได้ที่ PC Zone - PC #01-#02, PC Zone - PC #03-#10 แหล่งข้อมูล: https://esports.computing.psu.ac.th/",pipeline:structured_service_game_availability,games/game_availability_lookup,100.0,True,0.5153,0,,,
MB-0107-G-019,games,psu_fact,League of Legends เล่นยังไง,League of Legends: League of Legends คือเกมวางแผนต่อสู้แบบทีม ผู้เล่นเลือก Champion และร่วมกันทำลายฐานหลักของฝ่ายตรงข้าม แนวเกม: เกม MOBA แบบทีม 5v5 วิธีเล่นโดยสรุป: แบ่งเลน ฟาร์มเงินและเลเวล คุม objective ช่วยทีมไฟต์ และดันเข้าไปทำลาย Nexus ของศัตรู เล่นได้ที่: PC Zone แหล่งข้อมูล: https://esports.computing.psu.ac.th/reservation,pipeline:structured_game_detail,games/game_detail_lookup,100.0,True,0.3661,0,,,
MB-0108-G-020,games,psu_fact,League of Legends เป็นเกมแนวไหน,League of Legends: League of Legends คือเกมวางแผนต่อสู้แบบทีม ผู้เล่นเลือก Champion และร่วมกันทำลายฐานหลักของฝ่ายตรงข้าม แนวเกม: เกม MOBA แบบทีม 5v5 วิธีเล่นโดยสรุป: แบ่งเลน ฟาร์มเงินและเลเวล คุม objective ช่วยทีมไฟต์ และดันเข้าไปทำลาย Nexus ของศัตรู เล่นได้ที่: PC Zone แหล่งข้อมูล: https://esports.computing.psu.ac.th/reservation,pipeline:structured_game_detail,games/game_detail_lookup,100.0,True,0.5205,0,,,
MB-1324-GL-001,general_llm,general_llm,อธิบายคำว่า latency ในระบบคอมพิวเตอร์แบบสั้น ๆ,ตอนนี้โหมดตอบจากความรู้ทั่วไปของ Local LLM ยังไม่ได้เปิดในสภาพแวดล้อมนี้ครับ ให้เปิด `experimental_allow_llm=True` หรือใช้ notebook local hybrid chat เพื่อให้โมเดลตอบคำถามทั่วไป,pipeline:general_llm_disabled,general/unknown_domain_query,84.0,False,0.281,0,,missing_any:latency|หน่วง,expected_decline_for_no_llm
MB-1325-GL-002,general_llm,general_llm,เฟรมเรตกับความละเอียดต่างกันยังไง,ตอนนี้โหมดตอบจากความรู้ทั่วไปของ Local LLM ยังไม่ได้เปิดในสภาพแวดล้อมนี้ครับ ให้เปิด `experimental_allow_llm=True` หรือใช้ notebook local hybrid chat เพื่อให้โมเดลตอบคำถามทั่วไป,pipeline:general_llm_disabled,general/unknown_domain_query,84.0,False,0.2322,0,,missing_any:เฟรม|ความละเอียด,expected_decline_for_no_llm
MB-1326-GL-003,general_llm,general_llm,API คืออะไร,ตอนนี้โหมดตอบจากความรู้ทั่วไปของ Local LLM ยังไม่ได้เปิดในสภาพแวดล้อมนี้ครับ ให้เปิด `experimental_allow_llm=True` หรือใช้ notebook local hybrid chat เพื่อให้โมเดลตอบคำถามทั่วไป,pipeline:general_llm_disabled,general/general_knowledge_query,84.0,False,0.1181,0,,missing_any:API|เชื่อมต่อ,expected_decline_for_no_llm
MB-1327-GL-004,general_llm,general_llm,JSON คืออะไร,ตอนนี้โหมดตอบจากความรู้ทั่วไปของ Local LLM ยังไม่ได้เปิดในสภาพแวดล้อมนี้ครับ ให้เปิด `experimental_allow_llm=True` หรือใช้ notebook local hybrid chat เพื่อให้โมเดลตอบคำถามทั่วไป,pipeline:general_llm_disabled,general/general_knowledge_query,84.0,False,0.1157,0,,missing_any:JSON|ข้อมูล,expected_decline_for_no_llm
MB-1328-GL-005,general_llm,general_llm,ช่วยสรุปวิธีพูดขอบคุณแบบสุภาพ 2 ประโยค,ตอนนี้โหมดตอบจากความรู้ทั่วไปของ Local LLM ยังไม่ได้เปิดในสภาพแวดล้อมนี้ครับ ให้เปิด `experimental_allow_llm=True` หรือใช้ notebook local hybrid chat เพื่อให้โมเดลตอบคำถามทั่วไป,pipeline:general_llm_disabled,general/general_knowledge_query,84.0,False,0.2008,0,,missing_any:ขอบคุณ,expected_decline_for_no_llm
MB-1329-GL-006,general_llm,general_llm,แปลคำว่า reservation เป็นภาษาไทย,ตอนนี้โหมดตอบจากความรู้ทั่วไปของ Local LLM ยังไม่ได้เปิดในสภาพแวดล้อมนี้ครับ ให้เปิด `experimental_allow_llm=True` หรือใช้ notebook local hybrid chat เพื่อให้โมเดลตอบคำถามทั่วไป,pipeline:general_llm_disabled,general/general_knowledge_query,84.0,False,0.2558,0,,missing_any:จอง,expected_decline_for_no_llm
MB-1330-GL-007,general_llm,general_llm,เขียนประโยคประชาสัมพันธ์กิจกรรมแบบสุภาพหนึ่งประโยค,ตอนนี้โหมดตอบจากความรู้ทั่วไปของ Local LLM ยังไม่ได้เปิดในสภาพแวดล้อมนี้ครับ ให้เปิด `experimental_allow_llm=True` หรือใช้ notebook local hybrid chat เพื่อให้โมเดลตอบคำถามทั่วไป,pipeline:general_llm_disabled,general/general_knowledge_query,84.0,False,0.2816,0,,missing_any:กิจกรรม,expected_decline_for_no_llm
MB-1331-GL-008,general_llm,general_llm,คีย์บอร์ด mechanical คืออะไรแบบสั้น,ตอนนี้โหมดตอบจากความรู้ทั่วไปของ Local LLM ยังไม่ได้เปิดในสภาพแวดล้อมนี้ครับ ให้เปิด `experimental_allow_llm=True` หรือใช้ notebook local hybrid chat เพื่อให้โมเดลตอบคำถามทั่วไป,pipeline:general_llm_disabled,general/general_knowledge_query,84.0,False,0.3039,0,,missing_any:คีย์บอร์ด|mechanical,expected_decline_for_no_llm
MB-1332-GL-009,general_llm,general_llm,GPU คืออะไรแบบเข้าใจง่าย,ตอนนี้โหมดตอบจากความรู้ทั่วไปของ Local LLM ยังไม่ได้เปิดในสภาพแวดล้อมนี้ครับ ให้เปิด `experimental_allow_llm=True` หรือใช้ notebook local hybrid chat เพื่อให้โมเดลตอบคำถามทั่วไป,pipeline:general_llm_disabled,general/general_knowledge_query,84.0,False,0.2252,0,,missing_any:GPU|กราฟิก,expected_decline_for_no_llm
MB-1333-GL-010,general_llm,general_llm,server กับ client ต่างกันยังไง,ตอนนี้โหมดตอบจากความรู้ทั่วไปของ Local LLM ยังไม่ได้เปิดในสภาพแวดล้อมนี้ครับ ให้เปิด `experimental_allow_llm=True` หรือใช้ notebook local hybrid chat เพื่อให้โมเดลตอบคำถามทั่วไป,pipeline:general_llm_disabled,general/unknown_domain_query,84.0,False,0.2348,0,,missing_any:server|client,expected_decline_for_no_llm
MB-1334-GL-011,general_llm,general_llm,อธิบายคำว่า latency ในระบบคอมพิวเตอร์แบบสั้น ๆ ตอบสั้น ๆ,ตอนนี้โหมดตอบจากความรู้ทั่วไปของ Local LLM ยังไม่ได้เปิดในสภาพแวดล้อมนี้ครับ ให้เปิด `experimental_allow_llm=True` หรือใช้ notebook local hybrid chat เพื่อให้โมเดลตอบคำถามทั่วไป,pipeline:general_llm_disabled,general/general_knowledge_query,84.0,False,0.3307,0,,missing_any:latency|หน่วง,expected_decline_for_no_llm
MB-1335-GL-012,general_llm,general_llm,เฟรมเรตกับความละเอียดต่างกันยังไง ตอบสั้น ๆ,ตอนนี้โหมดตอบจากความรู้ทั่วไปของ Local LLM ยังไม่ได้เปิดในสภาพแวดล้อมนี้ครับ ให้เปิด `experimental_allow_llm=True` หรือใช้ notebook local hybrid chat เพื่อให้โมเดลตอบคำถามทั่วไป,pipeline:general_llm_disabled,general/unknown_domain_query,84.0,False,0.2761,0,,missing_any:เฟรม|ความละเอียด,expected_decline_for_no_llm
MB-1336-GL-013,general_llm,general_llm,API คืออะไร ตอบสั้น ๆ,ตอนนี้โหมดตอบจากความรู้ทั่วไปของ Local LLM ยังไม่ได้เปิดในสภาพแวดล้อมนี้ครับ ให้เปิด `experimental_allow_llm=True` หรือใช้ notebook local hybrid chat เพื่อให้โมเดลตอบคำถามทั่วไป,pipeline:general_llm_disabled,general/general_knowledge_query,84.0,False,0.2637,0,,missing_any:API|เชื่อมต่อ,expected_decline_for_no_llm
MB-1337-GL-014,general_llm,general_llm,JSON คืออะไร ตอบสั้น ๆ,ตอนนี้โหมดตอบจากความรู้ทั่วไปของ Local LLM ยังไม่ได้เปิดในสภาพแวดล้อมนี้ครับ ให้เปิด `experimental_allow_llm=True` หรือใช้ notebook local hybrid chat เพื่อให้โมเดลตอบคำถามทั่วไป,pipeline:general_llm_disabled,general/general_knowledge_query,84.0,False,0.247,0,,missing_any:JSON|ข้อมูล,expected_decline_for_no_llm
MB-1338-GL-015,general_llm,general_llm,ช่วยสรุปวิธีพูดขอบคุณแบบสุภาพ 2 ประโยค ตอบสั้น ๆ,ตอนนี้โหมดตอบจากความรู้ทั่วไปของ Local LLM ยังไม่ได้เปิดในสภาพแวดล้อมนี้ครับ ให้เปิด `experimental_allow_llm=True` หรือใช้ notebook local hybrid chat เพื่อให้โมเดลตอบคำถามทั่วไป,pipeline:general_llm_disabled,general/general_knowledge_query,84.0,False,0.2865,0,,missing_any:ขอบคุณ,expected_decline_for_no_llm
MB-1339-GL-016,general_llm,general_llm,แปลคำว่า reservation เป็นภาษาไทย ตอบสั้น ๆ,ตอนนี้โหมดตอบจากความรู้ทั่วไปของ Local LLM ยังไม่ได้เปิดในสภาพแวดล้อมนี้ครับ ให้เปิด `experimental_allow_llm=True` หรือใช้ notebook local hybrid chat เพื่อให้โมเดลตอบคำถามทั่วไป,pipeline:general_llm_disabled,general/general_knowledge_query,84.0,False,0.3901,0,,missing_any:จอง,expected_decline_for_no_llm
MB-1340-GL-017,general_llm,general_llm,เขียนประโยคประชาสัมพันธ์กิจกรรมแบบสุภาพหนึ่งประโยค ตอบสั้น ๆ,ตอนนี้โหมดตอบจากความรู้ทั่วไปของ Local LLM ยังไม่ได้เปิดในสภาพแวดล้อมนี้ครับ ให้เปิด `experimental_allow_llm=True` หรือใช้ notebook local hybrid chat เพื่อให้โมเดลตอบคำถามทั่วไป,pipeline:general_llm_disabled,general/general_knowledge_query,84.0,False,0.5037,0,,missing_any:กิจกรรม,expected_decline_for_no_llm
MB-1341-GL-018,general_llm,general_llm,คีย์บอร์ด mechanical คืออะไรแบบสั้น ตอบสั้น ๆ,ตอนนี้โหมดตอบจากความรู้ทั่วไปของ Local LLM ยังไม่ได้เปิดในสภาพแวดล้อมนี้ครับ ให้เปิด `experimental_allow_llm=True` หรือใช้ notebook local hybrid chat เพื่อให้โมเดลตอบคำถามทั่วไป,pipeline:general_llm_disabled,general/general_knowledge_query,84.0,False,0.3776,0,,missing_any:คีย์บอร์ด|mechanical,expected_decline_for_no_llm
MB-1342-GL-019,general_llm,general_llm,GPU คืออะไรแบบเข้าใจง่าย ตอบสั้น ๆ,ตอนนี้โหมดตอบจากความรู้ทั่วไปของ Local LLM ยังไม่ได้เปิดในสภาพแวดล้อมนี้ครับ ให้เปิด `experimental_allow_llm=True` หรือใช้ notebook local hybrid chat เพื่อให้โมเดลตอบคำถามทั่วไป,pipeline:general_llm_disabled,general/general_knowledge_query,84.0,False,0.3164,0,,missing_any:GPU|กราฟิก,expected_decline_for_no_llm
MB-1343-GL-020,general_llm,general_llm,server กับ client ต่างกันยังไง ตอบสั้น ๆ,ตอนนี้โหมดตอบจากความรู้ทั่วไปของ Local LLM ยังไม่ได้เปิดในสภาพแวดล้อมนี้ครับ ให้เปิด `experimental_allow_llm=True` หรือใช้ notebook local hybrid chat เพื่อให้โมเดลตอบคำถามทั่วไป,pipeline:general_llm_disabled,general/unknown_domain_query,84.0,False,0.3673,0,,missing_any:server|client,expected_decline_for_no_llm
MB-0490-M-001,members,psu_fact,สมาชิกมีใครบ้าง,สมาชิกจากหน้า Members แยกตามหมวด รวม 25 คน: Members (7 คน): • ผศ.ดร.นิวัติ แก้วประดับ: อธิการบดี • รศ.ดร.พันธ์ ทองชุมนุม: รองอธิการบดี • รศ.ดร.อซีส นันทอมรพงศ์: คณบดี • ผศ.ดร.ณัฐพงศ์ ทองเทพ: ผู้ช่วยอธิการบดีฝ่ายวิชาการ • นายพฤทธิ์ เกษตรสมบูรณ์: นักวิชาการคอมพิวเตอร์ • นายณัฐวัฒน์ นิธิคุณานนต์: นักวิชาการคอมพิวเตอร์ • นายชนะชัย สิริพันธ์วราภรณ์: ผู้จัดการ cooperative education and Internship student (5 คน): • นายณภัทร เชื้อเหล่าวานิช: นักศึกษาสหกิจ Game and 3D Developer • Mr. Amine Abidellaoui: Internship Student • นายสุพศิน อะนะฝรั่ง: นักศึกษาสหกิจ Web & AI Developer • Mr. Yanis Igoudjil: Internship Student • นายภาสวุฒิ ชูติประชากิจ: นักศึกษาฝึกงานโครงการ Super AI SS6 ตำแหน่ง AI Chat Bot Dev,pipeline:structured_members_group_list,overview/list,100.0,True,0.7011,0,,,
MB-0491-M-002,members,psu_fact,สมาชิก PSU Esports มีกี่คน,สมาชิกในหน้า Members แบ่งเป็น 3 หมวดครับ • Members: 7 คน • cooperative education and Internship student: 5 คน • PSU Phuket Esports Club - PSU Phuket: 13 คน รวมทั้งหมด 25 คน แหล่งข้อมูล: https://esports.phuket.psu.ac.th/about-us/Members,pipeline:structured_members_group_count,overview/group_count,100.0,True,1.7009,0,,,
MB-0492-M-003,members,psu_fact,สมาชิกแบ่งเป็นกี่หมวด,สมาชิกในหน้า Members แบ่งเป็น 3 หมวดครับ • Members: 7 คน • cooperative education and Internship student: 5 คน • PSU Phuket Esports Club - PSU Phuket: 13 คน รวมทั้งหมด 25 คน แหล่งข้อมูล: https://esports.phuket.psu.ac.th/about-us/Members,pipeline:structured_members_group_count,overview/group_count,100.0,True,1.4677,0,,,
MB-0493-M-004,members,psu_fact,แต่ละหมวดมีใครบ้าง,สมาชิกจากหน้า Members แยกตามหมวด รวม 25 คน: Members (7 คน): • ผศ.ดร.นิวัติ แก้วประดับ: อธิการบดี • รศ.ดร.พันธ์ ทองชุมนุม: รองอธิการบดี • รศ.ดร.อซีส นันทอมรพงศ์: คณบดี • ผศ.ดร.ณัฐพงศ์ ทองเทพ: ผู้ช่วยอธิการบดีฝ่ายวิชาการ • นายพฤทธิ์ เกษตรสมบูรณ์: นักวิชาการคอมพิวเตอร์ • นายณัฐวัฒน์ นิธิคุณานนต์: นักวิชาการคอมพิวเตอร์ • นายชนะชัย สิริพันธ์วราภรณ์: ผู้จัดการ cooperative education and Internship student (5 คน): • นายณภัทร เชื้อเหล่าวานิช: นักศึกษาสหกิจ Game and 3D Developer • Mr. Amine Abidellaoui: Internship Student • นายสุพศิน อะนะฝรั่ง: นักศึกษาสหกิจ Web & AI Developer • Mr. Yanis Igoudjil: Internship Student • นายภาสวุฒิ ชูติประชากิจ: นักศึกษาฝึกงานโครงการ Super AI SS6 ตำแหน่ง AI Chat Bot Dev,pipeline:structured_members_group_list,overview/list,100.0,True,0.9055,0,,,
MB-0494-M-005,members,psu_fact,cooperative education มีใครบ้าง,"สมาชิกในหมวด cooperative education and Internship student: cooperative education and Internship student (5 คน): • นายณภัทร เชื้อเหล่าวานิช: นักศึกษาสหกิจ Game and 3D Developer (วิทยาลัยการคอมพิวเตอร์ มหาวิทยาลัยสงขลานครินทร์ วิทยาเขตภูเก็ต; ระยะเวลา: 6/1/2025 - 30/4/2025) • Mr. Amine Abidellaoui: Internship Student (High School Bristol Cannes, France; ระยะเวลา: 10/11/2025 - 19/12/2025) • นายสุพศิน อะนะฝรั่ง: นักศึกษาสหกิจ Web & AI Developer (วิทยาลัยการคอมพิวเตอร์ มหาวิทยาลัยสงขลานครินทร์ วิทยาเขตภูเก็ต; ระยะเวลา: 12/1/2026 - 8/5/2026) • Mr. Yanis Igoudjil: Internship Student (Industrial Engineering and Information Systems, EPF Graduate School of Engineering, Cachan Val-De-Marne, France; ระย",pipeline:structured_members_group_list,overview/list,100.0,True,1.976,0,,,
MB-0495-M-006,members,psu_fact,PSU Phuket Esports Club มีใครบ้าง,สมาชิกในหมวด PSU Phuket Esports Club - PSU Phuket: PSU Phuket Esports Club - PSU Phuket (13 คน): • นายษุภากรณ์ จิราจินดากุล: ประธาน • นายนพัทธ์ ฝอยทอง: รองประธาน • นายปัณณวิชญ์ หนูเรือง: เลขานุการ • นายภูจิตร จิรวิริยาภรณ์: เหรัญญิก • นายธนชาติ เอ่งฉ้วน: ประชาสัมพันธ์ • นางสาวกมลวรรณ นวลสาย: กรรมการ • นางสาวชญาภา จันทร์เอิบ: กรรมการ • นางสาวณัฐธิดา คำทะเนตร์: กรรมการ • นางสาวสุภาสินี ธนภพ: กรรมการ • นางสาวอาทิตยา แดงประดับ: กรรมการ • นายณัฐพนธ์ อินทรสังขนาวิน: กรรมการ • นายอภิวิชญ์ เลิศกมลรักษ์: กรรมการ • นายอรรถนนท์ สุขแก้ว: กรรมการ แหล่งข้อมูล: https://esports.phuket.psu.ac.th/about-us/Members,pipeline:structured_members_group_list,overview/list,100.0,True,1.9939,0,,,
MB-0496-M-007,members,psu_fact,ผศ.ดร.นิวัติ แก้วประดับ ทำตำแหน่งอะไร,ผศ.ดร.นิวัติ แก้วประดับ: อธิการบดี หมวด: Members สังกัด/รายละเอียด: มหาวิทยาลัยสงขลานครินทร์ แหล่งข้อมูล: https://esports.phuket.psu.ac.th/about-us/Members,pipeline:structured_members_person_lookup,overview/members_lookup,100.0,True,3.1661,0,,,
MB-0497-M-008,members,psu_fact,ใครเป็นอธิการบดี,ตำแหน่ง อธิการบดี มี 1 คนครับ • ผศ.ดร.นิวัติ แก้วประดับ: อธิการบดี (มหาวิทยาลัยสงขลานครินทร์) ◦ หมวด: Members แหล่งข้อมูล: https://esports.phuket.psu.ac.th/about-us/Members,pipeline:structured_members_role_lookup,overview/members_lookup,100.0,True,1.0134,0,,,
MB-0498-M-009,members,psu_fact,รศ.ดร.พันธ์ ทองชุมนุม ทำตำแหน่งอะไร,รศ.ดร.พันธ์ ทองชุมนุม: รองอธิการบดี หมวด: Members สังกัด/รายละเอียด: มหาวิทยาลัยสงขลานครินทร์ วิทยาเขตภูเก็ต แหล่งข้อมูล: https://esports.phuket.psu.ac.th/about-us/Members,pipeline:structured_members_person_lookup,overview/members_lookup,100.0,True,3.1629,0,,,
MB-0499-M-010,members,psu_fact,ใครเป็นรองอธิการบดี,ตำแหน่ง รองอธิการบดี มี 1 คนครับ • รศ.ดร.พันธ์ ทองชุมนุม: รองอธิการบดี (มหาวิทยาลัยสงขลานครินทร์ วิทยาเขตภูเก็ต) ◦ หมวด: Members แหล่งข้อมูล: https://esports.phuket.psu.ac.th/about-us/Members,pipeline:structured_members_role_lookup,overview/members_lookup,100.0,True,1.5061,0,,,
MB-0500-M-011,members,psu_fact,รศ.ดร.อซีส นันทอมรพงศ์ ทำตำแหน่งอะไร,รศ.ดร.อซีส นันทอมรพงศ์: คณบดี หมวด: Members สังกัด/รายละเอียด: วิทยาลัยการคอมพิวเตอร์ มหาวิทยาลัยสงขลานครินทร์ วิทยาเขตภูเก็ต แหล่งข้อมูล: https://esports.phuket.psu.ac.th/about-us/Members,pipeline:structured_members_person_lookup,overview/members_lookup,100.0,True,3.2513,0,,,
MB-0501-M-012,members,psu_fact,ใครเป็นคณบดี,ตำแหน่ง คณบดี มี 1 คนครับ • รศ.ดร.อซีส นันทอมรพงศ์: คณบดี (วิทยาลัยการคอมพิวเตอร์ มหาวิทยาลัยสงขลานครินทร์ วิทยาเขตภูเก็ต) ◦ หมวด: Members แหล่งข้อมูล: https://esports.phuket.psu.ac.th/about-us/Members,pipeline:structured_members_role_lookup,overview/members_lookup,100.0,True,0.4675,0,,,
MB-0502-M-013,members,psu_fact,ผศ.ดร.ณัฐพงศ์ ทองเทพ ทำตำแหน่งอะไร,ผศ.ดร.ณัฐพงศ์ ทองเทพ: ผู้ช่วยอธิการบดีฝ่ายวิชาการ หมวด: Members สังกัด/รายละเอียด: มหาวิทยาลัยสงขลานครินทร์ วิทยาเขตภูเก็ต แหล่งข้อมูล: https://esports.phuket.psu.ac.th/about-us/Members,pipeline:structured_members_person_lookup,overview/members_lookup,100.0,True,2.6183,0,,,
MB-0503-M-014,members,psu_fact,ใครเป็นผู้ช่วยอธิการบดีฝ่ายวิชาการ,ตำแหน่ง ผู้ช่วยอธิการบดีฝ่ายวิชาการ มี 1 คนครับ • ผศ.ดร.ณัฐพงศ์ ทองเทพ: ผู้ช่วยอธิการบดีฝ่ายวิชาการ (มหาวิทยาลัยสงขลานครินทร์ วิทยาเขตภูเก็ต) ◦ หมวด: Members แหล่งข้อมูล: https://esports.phuket.psu.ac.th/about-us/Members,pipeline:structured_members_role_lookup,overview/members_lookup,100.0,True,3.0398,0,,,
MB-0504-M-015,members,psu_fact,นายพฤทธิ์ เกษตรสมบูรณ์ ทำตำแหน่งอะไร,นายพฤทธิ์ เกษตรสมบูรณ์: นักวิชาการคอมพิวเตอร์ หมวด: Members สังกัด/รายละเอียด: วิทยาลัยการคอมพิวเตอร์ มหาวิทยาลัยสงขลานครินทร์ วิทยาเขตภูเก็ต แหล่งข้อมูล: https://esports.phuket.psu.ac.th/about-us/Members,pipeline:structured_members_person_lookup,overview/members_lookup,100.0,True,2.9855,0,,,
MB-0505-M-016,members,psu_fact,ใครเป็นนักวิชาการคอมพิวเตอร์,ตำแหน่ง นักวิชาการคอมพิวเตอร์ มี 2 คนครับ • นายพฤทธิ์ เกษตรสมบูรณ์: นักวิชาการคอมพิวเตอร์ (วิทยาลัยการคอมพิวเตอร์ มหาวิทยาลัยสงขลานครินทร์ วิทยาเขตภูเก็ต) ◦ หมวด: Members • นายณัฐวัฒน์ นิธิคุณานนต์: นักวิชาการคอมพิวเตอร์ (วิทยาลัยการคอมพิวเตอร์ มหาวิทยาลัยสงขลานครินทร์ วิทยาเขตภูเก็ต) ◦ หมวด: Members แหล่งข้อมูล: https://esports.phuket.psu.ac.th/about-us/Members,pipeline:structured_members_role_lookup,overview/members_lookup,100.0,True,2.4155,0,,,
MB-0506-M-017,members,psu_fact,นายณัฐวัฒน์ นิธิคุณานนต์ ทำตำแหน่งอะไร,นายณัฐวัฒน์ นิธิคุณานนต์: นักวิชาการคอมพิวเตอร์ หมวด: Members สังกัด/รายละเอียด: วิทยาลัยการคอมพิวเตอร์ มหาวิทยาลัยสงขลานครินทร์ วิทยาเขตภูเก็ต แหล่งข้อมูล: https://esports.phuket.psu.ac.th/about-us/Members,pipeline:structured_members_person_lookup,overview/members_lookup,100.0,True,2.9775,0,,,
MB-0507-M-018,members,psu_fact,นายชนะชัย สิริพันธ์วราภรณ์ ทำตำแหน่งอะไร,นายชนะชัย สิริพันธ์วราภรณ์: ผู้จัดการ หมวด: Members สังกัด/รายละเอียด: PSU Esports Studio - Phuket วิทยาลัยการคอมพิวเตอร์ มหาวิทยาลัยสงขลานครินทร์ วิทยาเขตภูเก็ต แหล่งข้อมูล: https://esports.phuket.psu.ac.th/about-us/Members,pipeline:structured_members_person_lookup,overview/members_lookup,100.0,True,3.347,0,,,
MB-0508-M-019,members,psu_fact,ใครเป็นผู้จัดการ,ตำแหน่ง ผู้จัดการ มี 1 คนครับ • นายชนะชัย สิริพันธ์วราภรณ์: ผู้จัดการ (PSU Esports Studio - Phuket วิทยาลัยการคอมพิวเตอร์ มหาวิทยาลัยสงขลานครินทร์ วิทยาเขตภูเก็ต) ◦ หมวด: Members แหล่งข้อมูล: https://esports.phuket.psu.ac.th/about-us/Members,pipeline:structured_members_role_lookup,overview/members_lookup,100.0,True,0.7417,0,,,
MB-0509-M-020,members,psu_fact,นายณภัทร เชื้อเหล่าวานิช ทำตำแหน่งอะไร,นายณภัทร เชื้อเหล่าวานิช: นักศึกษาสหกิจ Game and 3D Developer หมวด: cooperative education and Internship student สังกัด/รายละเอียด: วิทยาลัยการคอมพิวเตอร์ มหาวิทยาลัยสงขลานครินทร์ วิทยาเขตภูเก็ต ระยะเวลา: 6/1/2025 - 30/4/2025 แหล่งข้อมูล: https://esports.phuket.psu.ac.th/about-us/Members,pipeline:structured_members_person_lookup,overview/members_lookup,100.0,True,3.3476,0,,,
MB-1242-PSR-001,policy_schedule_rules,psu_fact,ศุกร์บ่ายเปิดไหม,"วันศุกร์: เปิดให้เล่นช่วง 09:00-12:00 ส่วน 13:00-16:00 เป็น Maintenance สำหรับ Weekly hardware inspection and cleaning รายละเอียดจากตาราง: • วันศุกร์: Morning 09:00-12:00 = open, Afternoon 13:00-16:00 = maintenance แหล่งข้อมูล: https://esports.computing.psu.ac.th/",pipeline:structured_schedule,schedule/schedule_query,100.0,True,0.7139,0,,,
MB-1243-PSR-002,policy_schedule_rules,psu_fact,ช่วงเช้าวันจันทร์เปิดไหม,"วันจันทร์ Morning เล่นไม่ได้/ปิด/ไม่เปิดให้จองเล่น เพราะ 09:00-12:00 เป็น Maintenance* รายละเอียดจากตาราง: • วันจันทร์: Morning 09:00-12:00 = maintenance, Afternoon 13:00-16:00 = open แหล่งข้อมูล: https://esports.computing.psu.ac.th/",pipeline:structured_schedule,schedule/schedule_query,100.0,True,1.6526,0,,,
MB-1244-PSR-003,policy_schedule_rules,psu_fact,วันศุกร์ช่วงบ่ายปิดใช่ไหม,"วันศุกร์ Afternoon เล่นไม่ได้/ปิด/ไม่เปิดให้จองเล่น เพราะ 13:00-16:00 เป็น Maintenance รายละเอียดจากตาราง: • วันศุกร์: Morning 09:00-12:00 = open, Afternoon 13:00-16:00 = maintenance แหล่งข้อมูล: https://esports.computing.psu.ac.th/",pipeline:structured_schedule,schedule/schedule_query,100.0,True,1.3765,0,,,
MB-1245-PSR-004,policy_schedule_rules,psu_fact,ต้องจ่ายภายในกี่นาที,หลังจองต้องชำระเงินทันที หากไม่ชำระภายใน 10 นาที การจองจะถูกยกเลิก และหากต้องการใช้บริการต้องทำรายการจองใหม่ แหล่งข้อมูล: https://esports.computing.psu.ac.th/,pipeline:category_rule_fast_path,reservation/count,100.0,True,1.0417,0,,,
MB-1246-PSR-005,policy_schedule_rules,psu_fact,เอาอาหารเข้าได้ไหม,อนุญาตให้รับประทานอาหารและเครื่องดื่มเฉพาะในพื้นที่ที่กำหนดเท่านั้น แหล่งข้อมูล: https://esports.computing.psu.ac.th/reservation,pipeline:rules_fast_path,rules/studio_rules,100.0,True,0.1812,0,,,
MB-1247-PSR-006,policy_schedule_rules,psu_fact,ทำจอยพังโดนปรับเท่าไหร่,"ต้องรับผิดชอบค่าปรับ/ค่าซ่อมครับ หากทำเมาส์หรืออุปกรณ์ของศูนย์เสียหาย โดยข้อมูลกฎที่มีระบุว่า ความเสียหายเล็กน้อยคิด 100-500 บาท และความเสียหายปานกลางคิด 500-2,000 บาทหรือตามราคาซ่อมจริง หากเสียหายร้ายแรงอาจต้องชดเชยเต็มจำนวนตามราคากลาง แหล่งข้อมูล: https://esports.computing.psu.ac.th/reservation",pipeline:penalty_fast_path,penalty/penalty_policy,100.0,True,0.2768,0,,,
MB-1248-PSR-007,policy_schedule_rules,psu_fact,ของหายต้องทำยังไง,ทรัพย์สินสูญหายศูนย์ไม่รับผิดชอบ แต่ถ้าผู้ใช้ทำอุปกรณ์เสียหายหรือเปียก ผู้ใช้ต้องรับผิดชอบค่าปรับ/ค่าซ่อม แหล่งข้อมูล: https://esports.computing.psu.ac.th/reservation,pipeline:mixed_rules_fast,rules/studio_rules,100.0,True,0.2441,0,,,
MB-1249-PSR-008,policy_schedule_rules,psu_fact,กติกาในศูนย์มีอะไรบ้าง,กติกาการใช้บริการในศูนย์โดยสรุปครับ • ฝากสัมภาระก่อนเข้าใช้บริการ และศูนย์ไม่รับผิดชอบทรัพย์สินสูญหาย • รับประทานอาหารและเครื่องดื่มได้เฉพาะพื้นที่ที่กำหนด • คืนอุปกรณ์และแผ่นเกมหลังใช้งานเสร็จ • งดส่งเสียงดังเกินควร และห้ามพูดจาดูหมิ่นหรือเสียดสีผู้อื่น • ห้ามเคลื่อนย้ายอุปกรณ์/สิ่งของโดยไม่ได้รับอนุญาต และห้ามใช้ปลั๊กไฟส่วนตัวโดยไม่ได้รับอนุญาต • ห้ามสูบบุหรี่ เสพสารเสพติด ดื่มแอลกอฮอล์ พกอาวุธ ทะเลาะวิวาท หรือเล่นการพนัน • หากทำอุปกรณ์เสียหาย อาจมีค่าปรับ/ค่าซ่อมหรือชดเชยตามระดับความเสียหาย แหล่งข้อมูล: https://esports.computing.psu.ac.th/reservation,pipeline:studio_rules_overview_fast_path,rules/studio_rules,100.0,True,0.2029,0,,,
MB-0460-R-001,reservation,psu_fact,จองยังไง,"ขั้นตอนจองโดยสรุป: • เลือกบริการหรือโซนที่ต้องการใช้ • เลือกวันและรอบเวลาที่ต้องการ • กรอก Student ID/Staff ID/National ID, ชื่อ, นามสกุล, อีเมล และเบอร์โทรศัพท์ • ตรวจสอบข้อมูลและชำระเงินโดยโอนเข้าบัญชีที่ระบบแจ้ง • หลังจองต้องชำระเงินภายใน 10 นาที • แนบสลิปและยืนยันการจอง แหล่งข้อมูล: https://esports.computing.psu.ac.th/",pipeline:structured_reservation_fact,reservation/booking_policy,100.0,True,0.4884,0,,,
MB-0461-R-002,reservation,psu_fact,สรุปขั้นตอนจองให้หน่อย,"ขั้นตอนจองโดยสรุป: • เลือกบริการหรือโซนที่ต้องการใช้ • เลือกวันและรอบเวลาที่ต้องการ • กรอก Student ID/Staff ID/National ID, ชื่อ, นามสกุล, อีเมล และเบอร์โทรศัพท์ • ตรวจสอบข้อมูลและชำระเงินโดยโอนเข้าบัญชีที่ระบบแจ้ง • หลังจองต้องชำระเงินภายใน 10 นาที • แนบสลิปและยืนยันการจอง แหล่งข้อมูล: https://esports.computing.psu.ac.th/",pipeline:structured_reservation_fact,reservation/booking_policy,100.0,True,3.6276,0,,,
MB-0462-R-003,reservation,psu_fact,จอง PS5 ต้องทำยังไง,จอง PlayStation 5 ต้องเลือกบริการ PlayStation 5 และเลือกรอบเวลาที่ต้องการครับ • ข้อมูลค่าบริการที่มีระบุ PlayStation 5 ต่อ 60 นาที สำหรับ 1-2 คน • จากนั้นกรอกข้อมูลผู้ใช้บริการ ชำระเงิน และแนบสลิปเพื่อยืนยันการจอง แหล่งข้อมูล: https://esports.computing.psu.ac.th/,pipeline:structured_booking_selection,reservation/booking_policy,100.0,True,1.203,0,,,
MB-0463-R-004,reservation,psu_fact,จอง Nintendo Switch ต้องทำยังไง,จอง Nintendo Switch ต้องเลือกบริการตามจำนวนผู้เล่นครับ • ถ้าเล่น 1-2 คน ให้เลือก Nintendo Switch แบบ 1-2 Persons • ถ้าเล่น 3-4 คน ให้เลือก Nintendo Switch แบบ 3-4 Persons • จากนั้นเลือกวัน รอบเวลา กรอกข้อมูลผู้ใช้บริการ ชำระเงิน และแนบสลิปเพื่อยืนยันการจอง แหล่งข้อมูล: https://esports.computing.psu.ac.th/,pipeline:structured_booking_selection,reservation/booking_policy,100.0,True,2.0638,0,,,
MB-0464-R-005,reservation,psu_fact,จอง VR ต้องทำยังไง,จองคิวเล่นเกม/ใช้อุปกรณ์ได้ผ่านระบบจองออนไลน์ครับ ถ้าต้องการจอง VR ให้เลือกบริการ VR Station และเลือกรอบ 30 นาทีหรือ 1 ชั่วโมงตามที่ระบบมีให้เลือก ขั้นตอนโดยสรุปคือ 1) เลือกบริการหรือโซนที่ต้องการใช้ 2) เลือกวันและรอบเวลา 3) กรอก Student ID/Staff ID/National ID ชื่อ นามสกุล อีเมล และเบอร์โทรศัพท์ 4) ตรวจสอบข้อมูลและชำระเงินโดยโอนเข้าบัญชีที่ระบบแจ้ง 5) แนบสลิปและยืนยันการจอง ต้องจองล่วงหน้าอย่างน้อย 1 ชั่วโมง และหลังจองต้องชำระเงินภายใน 10 นาทีครับ แหล่งข้อมูล: https://esports.computing.psu.ac.th/reservation,pipeline:booking_howto_fast_path,reservation/booking_policy,100.0,True,0.9996,0,,,
MB-0465-R-006,reservation,psu_fact,จอง Cockpit ต้องทำยังไง,ถ้าอยากเล่นเกมขับรถหรือใช้พวงมาลัย ให้จอง Cockpit Zone / Cockpit ครับ • โซนนี้ใช้กับชุด Racezone Full Cockpit V3 และ Logitech G923 TRUEFORCE Racing Wheel • เกมที่ยืนยันได้คือ Gran Turismo 7 แหล่งข้อมูล: https://esports.computing.psu.ac.th/,pipeline:structured_booking_selection,reservation/booking_policy,100.0,True,1.3275,0,,,
MB-0466-R-007,reservation,psu_fact,จอง PC ต้องทำยังไง,"สำหรับ PC ให้เลือกบริการ/โซน PC ในระบบจอง แล้วทำตามขั้นตอนนี้ครับ ขั้นตอนจองโดยสรุป: • เลือกบริการหรือโซนที่ต้องการใช้ • เลือกวันและรอบเวลาที่ต้องการ • กรอก Student ID/Staff ID/National ID, ชื่อ, นามสกุล, อีเมล และเบอร์โทรศัพท์ • ตรวจสอบข้อมูลและชำระเงินโดยโอนเข้าบัญชีที่ระบบแจ้ง • หลังจองต้องชำระเงินภายใน 10 นาที • แนบสลิปและยืนยันการจอง แหล่งข้อมูล: https://esports.computing.psu.ac.th/",pipeline:structured_reservation_fact,reservation/booking_policy,100.0,True,2.2485,0,,,
MB-0467-R-008,reservation,psu_fact,ต้องจองล่วงหน้ากี่ชั่วโมง,ต้องจองล่วงหน้าผ่านระบบออนไลน์ก่อนเวลาใช้งานอย่างน้อย 1 ชั่วโมง แหล่งข้อมูล: https://esports.computing.psu.ac.th/,pipeline:structured_reservation_fact,reservation/booking_policy,100.0,True,3.2014,0,,,
MB-0468-R-009,reservation,psu_fact,จองได้สูงสุดกี่ session,การจอง 1 ครั้งสามารถจองได้สูงสุด 3 Sessions สำหรับ PlayStation 5: 1 session = 1 ชั่วโมง ดังนั้น 3 sessions = สูงสุด 3 ชั่วโมงต่อการจอง 1 ครั้ง แหล่งข้อมูล: https://esports.computing.psu.ac.th/,pipeline:structured_reservation_fact,reservation/booking_policy,100.0,True,2.4581,0,,,
MB-0469-R-010,reservation,psu_fact,หลังจองต้องจ่ายภายในกี่นาที,หลังจองต้องชำระเงินทันที หากไม่ชำระภายใน 10 นาที การจองจะถูกยกเลิกและต้องจองใหม่ แหล่งข้อมูล: https://esports.computing.psu.ac.th/,pipeline:structured_reservation_fact,reservation/booking_policy,100.0,True,2.2536,0,,,
MB-0470-R-011,reservation,psu_fact,จองแล้วแก้ไขได้ไหม,เมื่อกดจองแล้วจะไม่สามารถแก้ไขข้อมูลได้ หากต้องการแก้ไขต้องยกเลิกผ่านอีเมลก่อนเวลาใช้งานอย่างน้อย 1 ชั่วโมง แล้วจองใหม่ พร้อมแนบสลิปการโอนเงินเดิม แหล่งข้อมูล: https://esports.computing.psu.ac.th/reservation,pipeline:booking_fast_path,reservation/how_to,100.0,True,1.82,0,,,
MB-0471-R-012,reservation,psu_fact,จองแล้วโอนสิทธิ์ให้เพื่อนได้ไหม,ไม่สามารถโอนสิทธิ์การจองให้ผู้อื่นได้ แหล่งข้อมูล: https://esports.computing.psu.ac.th/,pipeline:structured_reservation_fact,reservation/booking_policy,100.0,True,6.8567,0,,,
MB-0472-R-013,reservation,psu_fact,เช็คอินล่วงหน้าได้กี่นาที,"เช็คอินได้ล่วงหน้าสูงสุด 30 นาที หรือ 1,800 วินาที และต้องเช็คอินก่อนเวลาเริ่มต้นของรอบที่จอง แหล่งข้อมูล: https://esports.computing.psu.ac.th/reservation",pipeline:checkin_fast_path,reservation/count,100.0,True,1.9112,0,,,
MB-0473-R-014,reservation,psu_fact,ถ้ายกเลิกต้องทำยังไง,"ขั้นตอนจองโดยสรุป: • เลือกบริการหรือโซนที่ต้องการใช้ • เลือกวันและรอบเวลาที่ต้องการ • กรอก Student ID/Staff ID/National ID, ชื่อ, นามสกุล, อีเมล และเบอร์โทรศัพท์ • ตรวจสอบข้อมูลและชำระเงินโดยโอนเข้าบัญชีที่ระบบแจ้ง • หลังจองต้องชำระเงินภายใน 10 นาที • แนบสลิปและยืนยันการจอง แหล่งข้อมูล: https://esports.computing.psu.ac.th/",pipeline:structured_reservation_fact,reservation/booking_policy,100.0,True,1.5811,0,,,
MB-0474-R-015,reservation,psu_fact,ถ้าไปช้าจะเป็นอะไรไหม,ถ้าไม่เช็คอินก่อนเวลาเริ่มต้นของรอบ ระบบจะยกเลิกการจองทันที และไม่มีการคืนเงิน แหล่งข้อมูล: https://esports.computing.psu.ac.th/,pipeline:structured_reservation_fact,reservation/booking_policy,100.0,True,1.9567,0,,,
MB-0475-R-016,reservation,psu_fact,walk in ได้ไหม,ผู้ใช้งานต้องจองล่วงหน้าผ่านระบบออนไลน์ก่อนเวลาใช้งานอย่างน้อย 1 ชั่วโมง จึงไม่ควร walk in โดยไม่จองก่อน แหล่งข้อมูล: https://esports.computing.psu.ac.th/,pipeline:structured_reservation_fact,reservation/booking_policy,100.0,True,0.5046,0,,,
MB-0476-R-017,reservation,psu_fact,ต้องแนบสลิปไหม,ตอนจองต้องกรอก Student ID/Staff ID/National ID ชื่อ นามสกุล อีเมล เบอร์โทรศัพท์ และชำระโดยโอนเงินพร้อมแนบสลิป แหล่งข้อมูล: https://esports.computing.psu.ac.th/reservation,pipeline:mixed_reservation_fast,reservation/competition_rules_lookup,100.0,True,0.7677,0,,,
MB-0477-R-018,reservation,psu_fact,จองแล้วไม่สามารถยกเลิกได้ใช่ไหม,เมื่อกดจองแล้วจะไม่สามารถแก้ไขข้อมูลได้ หากต้องการแก้ไขต้องยกเลิกการจองผ่านทางอีเมลก่อนเวลาใช้งานอย่างน้อย 1 ชั่วโมง แล้วจองใหม่อีกครั้ง พร้อมแนบสลิปการโอนเงินเดิม แหล่งข้อมูล: https://esports.computing.psu.ac.th/,pipeline:rag_direct_curated,reservation/how_to,100.0,True,7.326,0,,,
MB-0478-R-019,reservation,psu_fact,ถ้าจองผิดข้อมูลต้องทำยังไง,"ขั้นตอนจองโดยสรุป: • เลือกบริการหรือโซนที่ต้องการใช้ • เลือกวันและรอบเวลาที่ต้องการ • กรอก Student ID/Staff ID/National ID, ชื่อ, นามสกุล, อีเมล และเบอร์โทรศัพท์ • ตรวจสอบข้อมูลและชำระเงินโดยโอนเข้าบัญชีที่ระบบแจ้ง • หลังจองต้องชำระเงินภายใน 10 นาที • แนบสลิปและยืนยันการจอง แหล่งข้อมูล: https://esports.computing.psu.ac.th/",pipeline:structured_reservation_fact,reservation/booking_policy,100.0,True,5.3966,0,,,
MB-0479-R-020,reservation,psu_fact,จ่ายเงินผ่านช่องทางไหน,ชำระเงินโดยโอนผ่านธนาคารไทยพาณิชย์ ชื่อบัญชี PSU Esports Studio - Phuket เลขบัญชี 795-276244-1 และต้องแนบสลิปการโอนเงิน แหล่งข้อมูล: https://esports.computing.psu.ac.th/,pipeline:structured_reservation_fact,reservation/booking_policy,100.0,True,1.6062,0,,,
MB-0480-S-001,schedule,psu_fact,เปิดกี่โมง,"เวลาบริการตามตารางคือ Morning 09:00-12:00 และ Afternoon 13:00-16:00 รายละเอียดจากตาราง: • วันจันทร์: Morning 09:00-12:00 = maintenance, Afternoon 13:00-16:00 = open • วันอังคาร: Morning 09:00-12:00 = open, Afternoon 13:00-16:00 = open • วันพุธ: Morning 09:00-12:00 = open, Afternoon 13:00-16:00 = open • วันพฤหัสบดี: Morning 09:00-12:00 = open, Afternoon 13:00-16:00 = open • วันศุกร์: Morning 09:00-12:00 = open, Afternoon 13:00-16:00 = maintenance แหล่งข้อมูล: https://esports.computing.psu.ac.th/",pipeline:structured_schedule,schedule/schedule_query,100.0,True,0.2609,0,,,
MB-0481-S-002,schedule,psu_fact,ปิดกี่โมง,"เวลาบริการตามตารางคือ Morning 09:00-12:00 และ Afternoon 13:00-16:00 รายละเอียดจากตาราง: • วันจันทร์: Morning 09:00-12:00 = maintenance, Afternoon 13:00-16:00 = open • วันอังคาร: Morning 09:00-12:00 = open, Afternoon 13:00-16:00 = open • วันพุธ: Morning 09:00-12:00 = open, Afternoon 13:00-16:00 = open • วันพฤหัสบดี: Morning 09:00-12:00 = open, Afternoon 13:00-16:00 = open • วันศุกร์: Morning 09:00-12:00 = open, Afternoon 13:00-16:00 = maintenance แหล่งข้อมูล: https://esports.computing.psu.ac.th/",pipeline:structured_schedule,schedule/schedule_query,100.0,True,0.2451,0,,,
MB-0482-S-003,schedule,psu_fact,วันนี้เปิดไหม,วันนี้ 03/08/2026 (วันจันทร์): วันจันทร์เปิดให้เล่นช่วง 13:00-16:00 ส่วนช่วงเช้า 09:00-12:00 เป็น Maintenance* วันที่อ้างอิงของระบบ: วันนี้คือ 03/08/2026 (วันจันทร์) ตามเวลาไทย ปฏิทินไทยของวันที่นี้: ไม่พบวันหยุดไทยหรือเทศกาลในปฏิทินที่บันทึกไว้สำหรับวันที่นี้ รายละเอียดจากตาราง: • วันจันทร์ช่วงเช้า 09:00-12:00 เป็น Maintenance* และเปิดช่วงบ่าย 13:00-16:00 • วันอังคาร-พฤหัสบดีเปิด 09:00-12:00 และ 13:00-16:00 • วันศุกร์เปิดช่วงเช้า 09:00-12:00 และช่วงบ่าย 13:00-16:00 เป็น Maintenance • วันหยุดราชการ/วันปิดพิเศษในไฟล์ปฏิทินจะมีผลก่อนตารางปกติ แหล่งข้อมูลตารางบริการ: https://esports.computing.psu.ac.th/reservation,pipeline:calendar_schedule_fast_path,schedule/schedule_query,100.0,True,1.3944,0,,,
MB-0483-S-004,schedule,psu_fact,วันจันทร์เปิดกี่โมง,"วันจันทร์: เปิดให้เล่นช่วง 13:00-16:00 ส่วน 09:00-12:00 เป็น Maintenance* รายละเอียดจากตาราง: • วันจันทร์: Morning 09:00-12:00 = maintenance, Afternoon 13:00-16:00 = open แหล่งข้อมูล: https://esports.computing.psu.ac.th/",pipeline:structured_schedule,schedule/schedule_query,100.0,True,1.1761,0,,,
MB-0484-S-005,schedule,psu_fact,วันอาทิตย์เปิดไหม,"เวลาบริการตามตารางคือ Morning 09:00-12:00 และ Afternoon 13:00-16:00 รายละเอียดจากตาราง: • วันจันทร์: Morning 09:00-12:00 = maintenance, Afternoon 13:00-16:00 = open • วันอังคาร: Morning 09:00-12:00 = open, Afternoon 13:00-16:00 = open • วันพุธ: Morning 09:00-12:00 = open, Afternoon 13:00-16:00 = open • วันพฤหัสบดี: Morning 09:00-12:00 = open, Afternoon 13:00-16:00 = open • วันศุกร์: Morning 09:00-12:00 = open, Afternoon 13:00-16:00 = maintenance แหล่งข้อมูล: https://esports.computing.psu.ac.th/",pipeline:structured_schedule,schedule/schedule_query,100.0,True,0.937,0,,,
MB-0485-S-006,schedule,psu_fact,ช่วงเช้าเล่นได้ไหม,"รอบเช้า Morning คือ 09:00-12:00 แต่วันจันทร์ช่วงนี้เป็น Maintenance* รายละเอียดจากตาราง: • วันจันทร์: Morning 09:00-12:00 = maintenance, Afternoon 13:00-16:00 = open • วันอังคาร: Morning 09:00-12:00 = open, Afternoon 13:00-16:00 = open • วันพุธ: Morning 09:00-12:00 = open, Afternoon 13:00-16:00 = open • วันพฤหัสบดี: Morning 09:00-12:00 = open, Afternoon 13:00-16:00 = open • วันศุกร์: Morning 09:00-12:00 = open, Afternoon 13:00-16:00 = maintenance แหล่งข้อมูล: https://esports.computing.psu.ac.th/",pipeline:structured_schedule,schedule/schedule_query,100.0,True,0.6844,0,,,
MB-0486-S-007,schedule,psu_fact,ตอนเย็นเปิดถึงกี่โมง,"เวลาบริการตามตารางคือ Morning 09:00-12:00 และ Afternoon 13:00-16:00 รายละเอียดจากตาราง: • วันจันทร์: Morning 09:00-12:00 = maintenance, Afternoon 13:00-16:00 = open • วันอังคาร: Morning 09:00-12:00 = open, Afternoon 13:00-16:00 = open • วันพุธ: Morning 09:00-12:00 = open, Afternoon 13:00-16:00 = open • วันพฤหัสบดี: Morning 09:00-12:00 = open, Afternoon 13:00-16:00 = open • วันศุกร์: Morning 09:00-12:00 = open, Afternoon 13:00-16:00 = maintenance แหล่งข้อมูล: https://esports.computing.psu.ac.th/",pipeline:structured_schedule,schedule/schedule_query,100.0,True,1.1868,0,,,
MB-0487-S-008,schedule,psu_fact,พรุ่งนี้เปิดไหม,พรุ่งนี้ 04/08/2026 (วันอังคาร): วันอังคารเปิดให้เล่น 09:00-12:00 และ 13:00-16:00 วันที่อ้างอิงของระบบ: วันนี้คือ 03/08/2026 (วันจันทร์) ตามเวลาไทย ปฏิทินไทยของวันที่นี้: ไม่พบวันหยุดไทยหรือเทศกาลในปฏิทินที่บันทึกไว้สำหรับวันที่นี้ รายละเอียดจากตาราง: • วันจันทร์ช่วงเช้า 09:00-12:00 เป็น Maintenance* และเปิดช่วงบ่าย 13:00-16:00 • วันอังคาร-พฤหัสบดีเปิด 09:00-12:00 และ 13:00-16:00 • วันศุกร์เปิดช่วงเช้า 09:00-12:00 และช่วงบ่าย 13:00-16:00 เป็น Maintenance • วันหยุดราชการ/วันปิดพิเศษในไฟล์ปฏิทินจะมีผลก่อนตารางปกติ แหล่งข้อมูลตารางบริการ: https://esports.computing.psu.ac.th/reservation,pipeline:calendar_schedule_fast_path,schedule/schedule_query,100.0,True,1.7306,0,,,
MB-0488-S-009,schedule,psu_fact,วันหยุดเปิดไหม,วันหยุดไทย/เทศกาลถัดไปที่มีในปฏิทิน: • 12/08/2026 (วันพุธ): วันแม่แห่งชาติ / วันเฉลิมพระชนมพรรษาสมเด็จพระบรมราชชนนีพันปีหลวง (national_holiday) • 24/09/2026 (วันพฤหัสบดี): วันมหิดล (observance) • 13/10/2026 (วันอังคาร): วันนวมินทรมหาราช (national_holiday) • 16/10/2026 (วันศุกร์): วันหยุดพิเศษของสถาบันการเงินในกรุงเทพฯ (bank_holiday_bangkok) • 23/10/2026 (วันศุกร์): วันปิยมหาราช (national_holiday) หมายเหตุ: รายการนี้เป็นข้อมูลปฏิทินไทยประกอบ ไม่ได้แปลว่าศูนย์ปิดโดยอัตโนมัติ แหล่งข้อมูลปฏิทินไทย: https://www.timeanddate.com/holidays/thailand,pipeline:calendar_upcoming_holidays_fast_path,schedule/schedule_query,100.0,True,1.9618,0,,,
MB-0489-S-010,schedule,psu_fact,ตารางเวลาให้บริการเป็นยังไง,"เวลาบริการตามตารางคือ Morning 09:00-12:00 และ Afternoon 13:00-16:00 รายละเอียดจากตาราง: • วันจันทร์: Morning 09:00-12:00 = maintenance, Afternoon 13:00-16:00 = open • วันอังคาร: Morning 09:00-12:00 = open, Afternoon 13:00-16:00 = open • วันพุธ: Morning 09:00-12:00 = open, Afternoon 13:00-16:00 = open • วันพฤหัสบดี: Morning 09:00-12:00 = open, Afternoon 13:00-16:00 = open • วันศุกร์: Morning 09:00-12:00 = open, Afternoon 13:00-16:00 = maintenance แหล่งข้อมูล: https://esports.computing.psu.ac.th/",pipeline:structured_schedule,schedule/schedule_query,100.0,True,2.2794,0,,,
MB-0001-SF-001,service_fee,psu_fact,PC ราคาเท่าไหร่,ราคา PC 1 ชั่วโมง (1 คน) • PSU Student and Staff: 0 บาท • PSU Alumni and General Student / นักศึกษาหรือนักเรียนต่างสถาบัน: 25 บาท • General Adult / บุคคลทั่วไป: 70 บาท หมายเหตุข้อมูล PC: ราคา PC เพิ่มจาก local service fee update 2026-07-27 แหล่งข้อมูล: https://esports.computing.psu.ac.th/wp-content/uploads/2026/01/PSU-Esports-Studio-phuket-SERVICE-FEE-2026.png,pipeline:deterministic_calculator_fast,service_fee/service_fee_query,100.0,True,0.5304,0,,,
MB-0002-SF-002,service_fee,psu_fact,นักศึกษา PSU เล่น PC 30 นาที เสียกี่บาท,ระยะเวลาที่ถามคือ 30 นาที ใช้ 1 session ตามแพ็กเกจ PC 1 ชั่วโมง คำตอบราคา: 0 บาท สำหรับกลุ่ม PSU Student and Staff • คำนวณจาก 0 บาท/session x 1 session = 0 บาท กลุ่มผู้ใช้ที่ตรวจเจอ: PSU Student and Staff รายละเอียดจากตาราง: PC 1 ชั่วโมง (1 คน) • PSU Student and Staff: 0 บาท • PSU Alumni and General Student: 25 บาท • General Adult: 70 บาท หมายเหตุข้อมูล PC: ราคา PC เพิ่มจาก local service fee update 2026-07-27 แหล่งข้อมูล: https://esports.computing.psu.ac.th/wp-content/uploads/2026/01/PSU-Esports-Studio-phuket-SERVICE-FEE-2026.png,pipeline:deterministic_calculator_fast,service_fee/service_fee_query,100.0,True,2.9299,0,,,
MB-0003-SF-003,service_fee,psu_fact,นักศึกษา PSU เล่น PC 1 ชั่วโมง เสียกี่บาท,ระยะเวลาที่ถามคือ 1 ชั่วโมง ใช้ 1 session ตามแพ็กเกจ PC 1 ชั่วโมง คำตอบราคา: 0 บาท สำหรับกลุ่ม PSU Student and Staff • คำนวณจาก 0 บาท/session x 1 session = 0 บาท กลุ่มผู้ใช้ที่ตรวจเจอ: PSU Student and Staff รายละเอียดจากตาราง: PC 1 ชั่วโมง (1 คน) • PSU Student and Staff: 0 บาท • PSU Alumni and General Student: 25 บาท • General Adult: 70 บาท หมายเหตุข้อมูล PC: ราคา PC เพิ่มจาก local service fee update 2026-07-27 แหล่งข้อมูล: https://esports.computing.psu.ac.th/wp-content/uploads/2026/01/PSU-Esports-Studio-phuket-SERVICE-FEE-2026.png,pipeline:deterministic_calculator_fast,service_fee/service_fee_query,100.0,True,2.8351,0,,,
MB-0004-SF-004,service_fee,psu_fact,นักศึกษา PSU เล่น PC 2 ชั่วโมง เสียกี่บาท,ระยะเวลาที่ถามคือ 2 ชั่วโมง ใช้ 2 session ตามแพ็กเกจ PC 1 ชั่วโมง คำตอบราคา: 0 บาท สำหรับกลุ่ม PSU Student and Staff • คำนวณจาก 0 บาท/session x 2 session = 0 บาท กลุ่มผู้ใช้ที่ตรวจเจอ: PSU Student and Staff รายละเอียดจากตาราง: PC 1 ชั่วโมง (1 คน) • PSU Student and Staff: 0 บาท • PSU Alumni and General Student: 25 บาท • General Adult: 70 บาท หมายเหตุข้อมูล PC: ราคา PC เพิ่มจาก local service fee update 2026-07-27 แหล่งข้อมูล: https://esports.computing.psu.ac.th/wp-content/uploads/2026/01/PSU-Esports-Studio-phuket-SERVICE-FEE-2026.png,pipeline:deterministic_calculator_fast,service_fee/service_fee_query,100.0,True,2.8283,0,,,
MB-0005-SF-005,service_fee,psu_fact,นักศึกษาต่างมหาลัย เล่น PC 30 นาที เสียกี่บาท,ระยะเวลาที่ถามคือ 30 นาที ใช้ 1 session ตามแพ็กเกจ PC 1 ชั่วโมง คำตอบราคา: 25 บาท สำหรับกลุ่ม PSU Alumni and General Student / นักศึกษาหรือนักเรียนต่างสถาบัน • คำนวณจาก 25 บาท/session x 1 session = 25 บาท กลุ่มผู้ใช้ที่ตรวจเจอ: PSU Alumni and General Student / นักศึกษาหรือนักเรียนต่างสถาบัน / มหาลัยอื่น รายละเอียดจากตาราง: PC 1 ชั่วโมง (1 คน) • PSU Student and Staff: 0 บาท • PSU Alumni and General Student: 25 บาท • General Adult: 70 บาท หมายเหตุข้อมูล PC: ราคา PC เพิ่มจาก local service fee update 2026-07-27 แหล่งข้อมูล: https://esports.computing.psu.ac.th/wp-content/uploads/2026/01/PSU-Esports-Studio-phuket-SERVICE-FEE-2026.png,pipeline:deterministic_calculator_fast,service_fee/service_fee_query,100.0,True,3.6589,0,,,
MB-0006-SF-006,service_fee,psu_fact,นักศึกษาต่างมหาลัย เล่น PC 1 ชั่วโมง เสียกี่บาท,ระยะเวลาที่ถามคือ 1 ชั่วโมง ใช้ 1 session ตามแพ็กเกจ PC 1 ชั่วโมง คำตอบราคา: 25 บาท สำหรับกลุ่ม PSU Alumni and General Student / นักศึกษาหรือนักเรียนต่างสถาบัน • คำนวณจาก 25 บาท/session x 1 session = 25 บาท กลุ่มผู้ใช้ที่ตรวจเจอ: PSU Alumni and General Student / นักศึกษาหรือนักเรียนต่างสถาบัน / มหาลัยอื่น รายละเอียดจากตาราง: PC 1 ชั่วโมง (1 คน) • PSU Student and Staff: 0 บาท • PSU Alumni and General Student: 25 บาท • General Adult: 70 บาท หมายเหตุข้อมูล PC: ราคา PC เพิ่มจาก local service fee update 2026-07-27 แหล่งข้อมูล: https://esports.computing.psu.ac.th/wp-content/uploads/2026/01/PSU-Esports-Studio-phuket-SERVICE-FEE-2026.png,pipeline:deterministic_calculator_fast,service_fee/service_fee_query,100.0,True,3.7048,0,,,
MB-0007-SF-007,service_fee,psu_fact,นักศึกษาต่างมหาลัย เล่น PC 2 ชั่วโมง เสียกี่บาท,ระยะเวลาที่ถามคือ 2 ชั่วโมง ใช้ 2 session ตามแพ็กเกจ PC 1 ชั่วโมง คำตอบราคา: 50 บาท สำหรับกลุ่ม PSU Alumni and General Student / นักศึกษาหรือนักเรียนต่างสถาบัน • คำนวณจาก 25 บาท/session x 2 session = 50 บาท กลุ่มผู้ใช้ที่ตรวจเจอ: PSU Alumni and General Student / นักศึกษาหรือนักเรียนต่างสถาบัน / มหาลัยอื่น รายละเอียดจากตาราง: PC 1 ชั่วโมง (1 คน) • PSU Student and Staff: 0 บาท • PSU Alumni and General Student: 25 บาท • General Adult: 70 บาท หมายเหตุข้อมูล PC: ราคา PC เพิ่มจาก local service fee update 2026-07-27 แหล่งข้อมูล: https://esports.computing.psu.ac.th/wp-content/uploads/2026/01/PSU-Esports-Studio-phuket-SERVICE-FEE-2026.png,pipeline:deterministic_calculator_fast,service_fee/service_fee_query,100.0,True,3.6913,0,,,
MB-0008-SF-008,service_fee,psu_fact,บุคคลทั่วไป เล่น PC 30 นาที เสียกี่บาท,ระยะเวลาที่ถามคือ 30 นาที ใช้ 1 session ตามแพ็กเกจ PC 1 ชั่วโมง คำตอบราคา: 70 บาท สำหรับกลุ่ม General Adult / บุคคลทั่วไป • คำนวณจาก 70 บาท/session x 1 session = 70 บาท กลุ่มผู้ใช้ที่ตรวจเจอ: General Adult / บุคคลทั่วไป รายละเอียดจากตาราง: PC 1 ชั่วโมง (1 คน) • PSU Student and Staff: 0 บาท • PSU Alumni and General Student: 25 บาท • General Adult: 70 บาท หมายเหตุข้อมูล PC: ราคา PC เพิ่มจาก local service fee update 2026-07-27 แหล่งข้อมูล: https://esports.computing.psu.ac.th/wp-content/uploads/2026/01/PSU-Esports-Studio-phuket-SERVICE-FEE-2026.png,pipeline:deterministic_calculator_fast,service_fee/service_fee_query,100.0,True,2.7444,0,,,
MB-0009-SF-009,service_fee,psu_fact,บุคคลทั่วไป เล่น PC 1 ชั่วโมง เสียกี่บาท,ระยะเวลาที่ถามคือ 1 ชั่วโมง ใช้ 1 session ตามแพ็กเกจ PC 1 ชั่วโมง คำตอบราคา: 70 บาท สำหรับกลุ่ม General Adult / บุคคลทั่วไป • คำนวณจาก 70 บาท/session x 1 session = 70 บาท กลุ่มผู้ใช้ที่ตรวจเจอ: General Adult / บุคคลทั่วไป รายละเอียดจากตาราง: PC 1 ชั่วโมง (1 คน) • PSU Student and Staff: 0 บาท • PSU Alumni and General Student: 25 บาท • General Adult: 70 บาท หมายเหตุข้อมูล PC: ราคา PC เพิ่มจาก local service fee update 2026-07-27 แหล่งข้อมูล: https://esports.computing.psu.ac.th/wp-content/uploads/2026/01/PSU-Esports-Studio-phuket-SERVICE-FEE-2026.png,pipeline:deterministic_calculator_fast,service_fee/service_fee_query,100.0,True,2.7403,0,,,
MB-0010-SF-010,service_fee,psu_fact,บุคคลทั่วไป เล่น PC 2 ชั่วโมง เสียกี่บาท,ระยะเวลาที่ถามคือ 2 ชั่วโมง ใช้ 2 session ตามแพ็กเกจ PC 1 ชั่วโมง คำตอบราคา: 140 บาท สำหรับกลุ่ม General Adult / บุคคลทั่วไป • คำนวณจาก 70 บาท/session x 2 session = 140 บาท กลุ่มผู้ใช้ที่ตรวจเจอ: General Adult / บุคคลทั่วไป รายละเอียดจากตาราง: PC 1 ชั่วโมง (1 คน) • PSU Student and Staff: 0 บาท • PSU Alumni and General Student: 25 บาท • General Adult: 70 บาท หมายเหตุข้อมูล PC: ราคา PC เพิ่มจาก local service fee update 2026-07-27 แหล่งข้อมูล: https://esports.computing.psu.ac.th/wp-content/uploads/2026/01/PSU-Esports-Studio-phuket-SERVICE-FEE-2026.png,pipeline:deterministic_calculator_fast,service_fee/service_fee_query,100.0,True,2.7795,0,,,
MB-0011-SF-011,service_fee,psu_fact,PS5 ราคาเท่าไหร่,"PlayStation 5 60 นาที (1 ชั่วโมง, 1-2 คน) • PSU Student and Staff: 0 บาท • PSU Alumni and General Student: 50 บาท • General Adult: 150 บาท แหล่งข้อมูล: https://esports.computing.psu.ac.th/wp-content/uploads/2026/01/PSU-Esports-Studio-phuket-SERVICE-FEE-2026.png",pipeline:deterministic_calculator_fast,service_fee/service_fee_query,100.0,True,0.5447,0,,,
MB-0012-SF-012,service_fee,psu_fact,นักศึกษา PSU เล่น PS5 30 นาที เสียกี่บาท,"ระยะเวลาที่ถามคือ 30 นาที ใช้ 1 session ตามแพ็กเกจ PlayStation 5 60 นาที คำตอบราคา: 0 บาท สำหรับกลุ่ม PSU Student and Staff • คำนวณจาก 0 บาท/session x 1 session = 0 บาท กลุ่มผู้ใช้ที่ตรวจเจอ: PSU Student and Staff รายละเอียดจากตาราง: PlayStation 5 60 นาที (1 ชั่วโมง, 1-2 คน) • PSU Student and Staff: 0 บาท • PSU Alumni and General Student: 50 บาท • General Adult: 150 บาท แหล่งข้อมูล: https://esports.computing.psu.ac.th/wp-content/uploads/2026/01/PSU-Esports-Studio-phuket-SERVICE-FEE-2026.png",pipeline:deterministic_calculator_fast,service_fee/service_fee_query,100.0,True,3.0719,0,,,
MB-0013-SF-013,service_fee,psu_fact,นักศึกษา PSU เล่น PS5 1 ชั่วโมง เสียกี่บาท,"ระยะเวลาที่ถามคือ 1 ชั่วโมง ใช้ 1 session ตามแพ็กเกจ PlayStation 5 60 นาที คำตอบราคา: 0 บาท สำหรับกลุ่ม PSU Student and Staff • คำนวณจาก 0 บาท/session x 1 session = 0 บาท กลุ่มผู้ใช้ที่ตรวจเจอ: PSU Student and Staff รายละเอียดจากตาราง: PlayStation 5 60 นาที (1 ชั่วโมง, 1-2 คน) • PSU Student and Staff: 0 บาท • PSU Alumni and General Student: 50 บาท • General Adult: 150 บาท แหล่งข้อมูล: https://esports.computing.psu.ac.th/wp-content/uploads/2026/01/PSU-Esports-Studio-phuket-SERVICE-FEE-2026.png",pipeline:deterministic_calculator_fast,service_fee/service_fee_query,100.0,True,3.0166,0,,,
MB-0014-SF-014,service_fee,psu_fact,นักศึกษา PSU เล่น PS5 2 ชั่วโมง เสียกี่บาท,"ระยะเวลาที่ถามคือ 2 ชั่วโมง ใช้ 2 session ตามแพ็กเกจ PlayStation 5 60 นาที คำตอบราคา: 0 บาท สำหรับกลุ่ม PSU Student and Staff • คำนวณจาก 0 บาท/session x 2 session = 0 บาท กลุ่มผู้ใช้ที่ตรวจเจอ: PSU Student and Staff รายละเอียดจากตาราง: PlayStation 5 60 นาที (1 ชั่วโมง, 1-2 คน) • PSU Student and Staff: 0 บาท • PSU Alumni and General Student: 50 บาท • General Adult: 150 บาท แหล่งข้อมูล: https://esports.computing.psu.ac.th/wp-content/uploads/2026/01/PSU-Esports-Studio-phuket-SERVICE-FEE-2026.png",pipeline:deterministic_calculator_fast,service_fee/service_fee_query,100.0,True,3.049,0,,,
MB-0015-SF-015,service_fee,psu_fact,นักศึกษาต่างมหาลัย เล่น PS5 30 นาที เสียกี่บาท,"ระยะเวลาที่ถามคือ 30 นาที ใช้ 1 session ตามแพ็กเกจ PlayStation 5 60 นาที คำตอบราคา: 50 บาท สำหรับกลุ่ม PSU Alumni and General Student / นักศึกษาหรือนักเรียนต่างสถาบัน • คำนวณจาก 50 บาท/session x 1 session = 50 บาท กลุ่มผู้ใช้ที่ตรวจเจอ: PSU Alumni and General Student / นักศึกษาหรือนักเรียนต่างสถาบัน / มหาลัยอื่น รายละเอียดจากตาราง: PlayStation 5 60 นาที (1 ชั่วโมง, 1-2 คน) • PSU Student and Staff: 0 บาท • PSU Alumni and General Student: 50 บาท • General Adult: 150 บาท แหล่งข้อมูล: https://esports.computing.psu.ac.th/wp-content/uploads/2026/01/PSU-Esports-Studio-phuket-SERVICE-FEE-2026.png",pipeline:deterministic_calculator_fast,service_fee/service_fee_query,100.0,True,3.7463,0,,,
MB-0016-SF-016,service_fee,psu_fact,นักศึกษาต่างมหาลัย เล่น PS5 1 ชั่วโมง เสียกี่บาท,"ระยะเวลาที่ถามคือ 1 ชั่วโมง ใช้ 1 session ตามแพ็กเกจ PlayStation 5 60 นาที คำตอบราคา: 50 บาท สำหรับกลุ่ม PSU Alumni and General Student / นักศึกษาหรือนักเรียนต่างสถาบัน • คำนวณจาก 50 บาท/session x 1 session = 50 บาท กลุ่มผู้ใช้ที่ตรวจเจอ: PSU Alumni and General Student / นักศึกษาหรือนักเรียนต่างสถาบัน / มหาลัยอื่น รายละเอียดจากตาราง: PlayStation 5 60 นาที (1 ชั่วโมง, 1-2 คน) • PSU Student and Staff: 0 บาท • PSU Alumni and General Student: 50 บาท • General Adult: 150 บาท แหล่งข้อมูล: https://esports.computing.psu.ac.th/wp-content/uploads/2026/01/PSU-Esports-Studio-phuket-SERVICE-FEE-2026.png",pipeline:deterministic_calculator_fast,service_fee/service_fee_query,100.0,True,4.0186,0,,,
MB-0017-SF-017,service_fee,psu_fact,นักศึกษาต่างมหาลัย เล่น PS5 2 ชั่วโมง เสียกี่บาท,"ระยะเวลาที่ถามคือ 2 ชั่วโมง ใช้ 2 session ตามแพ็กเกจ PlayStation 5 60 นาที คำตอบราคา: 100 บาท สำหรับกลุ่ม PSU Alumni and General Student / นักศึกษาหรือนักเรียนต่างสถาบัน • คำนวณจาก 50 บาท/session x 2 session = 100 บาท กลุ่มผู้ใช้ที่ตรวจเจอ: PSU Alumni and General Student / นักศึกษาหรือนักเรียนต่างสถาบัน / มหาลัยอื่น รายละเอียดจากตาราง: PlayStation 5 60 นาที (1 ชั่วโมง, 1-2 คน) • PSU Student and Staff: 0 บาท • PSU Alumni and General Student: 50 บาท • General Adult: 150 บาท แหล่งข้อมูล: https://esports.computing.psu.ac.th/wp-content/uploads/2026/01/PSU-Esports-Studio-phuket-SERVICE-FEE-2026.png",pipeline:deterministic_calculator_fast,service_fee/service_fee_query,100.0,True,4.1458,0,,,
MB-0018-SF-018,service_fee,psu_fact,บุคคลทั่วไป เล่น PS5 30 นาที เสียกี่บาท,"ระยะเวลาที่ถามคือ 30 นาที ใช้ 1 session ตามแพ็กเกจ PlayStation 5 60 นาที คำตอบราคา: 150 บาท สำหรับกลุ่ม General Adult / บุคคลทั่วไป • คำนวณจาก 150 บาท/session x 1 session = 150 บาท กลุ่มผู้ใช้ที่ตรวจเจอ: General Adult / บุคคลทั่วไป รายละเอียดจากตาราง: PlayStation 5 60 นาที (1 ชั่วโมง, 1-2 คน) • PSU Student and Staff: 0 บาท • PSU Alumni and General Student: 50 บาท • General Adult: 150 บาท แหล่งข้อมูล: https://esports.computing.psu.ac.th/wp-content/uploads/2026/01/PSU-Esports-Studio-phuket-SERVICE-FEE-2026.png",pipeline:deterministic_calculator_fast,service_fee/service_fee_query,100.0,True,2.8961,0,,,
MB-0019-SF-019,service_fee,psu_fact,บุคคลทั่วไป เล่น PS5 1 ชั่วโมง เสียกี่บาท,"ระยะเวลาที่ถามคือ 1 ชั่วโมง ใช้ 1 session ตามแพ็กเกจ PlayStation 5 60 นาที คำตอบราคา: 150 บาท สำหรับกลุ่ม General Adult / บุคคลทั่วไป • คำนวณจาก 150 บาท/session x 1 session = 150 บาท กลุ่มผู้ใช้ที่ตรวจเจอ: General Adult / บุคคลทั่วไป รายละเอียดจากตาราง: PlayStation 5 60 นาที (1 ชั่วโมง, 1-2 คน) • PSU Student and Staff: 0 บาท • PSU Alumni and General Student: 50 บาท • General Adult: 150 บาท แหล่งข้อมูล: https://esports.computing.psu.ac.th/wp-content/uploads/2026/01/PSU-Esports-Studio-phuket-SERVICE-FEE-2026.png",pipeline:deterministic_calculator_fast,service_fee/service_fee_query,100.0,True,2.9646,0,,,
MB-0020-SF-020,service_fee,psu_fact,บุคคลทั่วไป เล่น PS5 2 ชั่วโมง เสียกี่บาท,"ระยะเวลาที่ถามคือ 2 ชั่วโมง ใช้ 2 session ตามแพ็กเกจ PlayStation 5 60 นาที คำตอบราคา: 300 บาท สำหรับกลุ่ม General Adult / บุคคลทั่วไป • คำนวณจาก 150 บาท/session x 2 session = 300 บาท กลุ่มผู้ใช้ที่ตรวจเจอ: General Adult / บุคคลทั่วไป รายละเอียดจากตาราง: PlayStation 5 60 นาที (1 ชั่วโมง, 1-2 คน) • PSU Student and Staff: 0 บาท • PSU Alumni and General Student: 50 บาท • General Adult: 150 บาท แหล่งข้อมูล: https://esports.computing.psu.ac.th/wp-content/uploads/2026/01/PSU-Esports-Studio-phuket-SERVICE-FEE-2026.png",pipeline:deterministic_calculator_fast,service_fee/service_fee_query,100.0,True,3.0389,0,,,
