id,group,quality_bucket,question,answer_preview,mode,route,score,passed,wall_sec,llm_call_count,llm_kinds,errors,warnings
MB-0089-G-001,games,psu_fact,VALORANT คือเกมอะไร,VALORANT: VALORANT คือเกมยิงเชิงกลยุทธ์ที่ผู้เล่นเลือก Agent ที่มีสกิลเฉพาะ แล้วเล่นเป็นฝ่ายบุก/รับในแต่ละรอบ แนวเกม: เกมยิง Tactical FPS แบบทีม 5v5 วิธีเล่นโดยสรุป: ฝ่ายบุกต้องวาง Spike ส่วนฝ่ายรับต้องป้องกันพื้นที่หรือกู้ Spike การเล่นเน้นการเล็ง การสื่อสาร การใช้สกิล และการเล่นเป็นทีม เล่นได้ที่: PC Zone แหล่งข้อมูล: https://esports.computing.psu.ac.th/reservation,pipeline:structured_game_detail,games/game_availability_lookup,100.0,True,0.6979,0,,,
MB-0090-G-002,games,psu_fact,VALORANT เล่นได้ที่ไหน,"ได้ครับ VALORANT เล่นได้ที่ PC Zone - PC #01-#02, PC Zone - PC #03-#10 แหล่งข้อมูล: https://esports.computing.psu.ac.th/",pipeline:structured_service_game_availability,games/game_availability_lookup,100.0,True,0.5591,0,,,
MB-0091-G-003,games,psu_fact,VALORANT เล่นยังไง,VALORANT: VALORANT คือเกมยิงเชิงกลยุทธ์ที่ผู้เล่นเลือก Agent ที่มีสกิลเฉพาะ แล้วเล่นเป็นฝ่ายบุก/รับในแต่ละรอบ แนวเกม: เกมยิง Tactical FPS แบบทีม 5v5 วิธีเล่นโดยสรุป: ฝ่ายบุกต้องวาง Spike ส่วนฝ่ายรับต้องป้องกันพื้นที่หรือกู้ Spike การเล่นเน้นการเล็ง การสื่อสาร การใช้สกิล และการเล่นเป็นทีม เล่นได้ที่: PC Zone แหล่งข้อมูล: https://esports.computing.psu.ac.th/reservation,pipeline:structured_game_detail,games/game_detail_lookup,100.0,True,0.503,0,,,
MB-0092-G-004,games,psu_fact,VALORANT เป็นเกมแนวไหน,VALORANT: VALORANT คือเกมยิงเชิงกลยุทธ์ที่ผู้เล่นเลือก Agent ที่มีสกิลเฉพาะ แล้วเล่นเป็นฝ่ายบุก/รับในแต่ละรอบ แนวเกม: เกมยิง Tactical FPS แบบทีม 5v5 วิธีเล่นโดยสรุป: ฝ่ายบุกต้องวาง Spike ส่วนฝ่ายรับต้องป้องกันพื้นที่หรือกู้ Spike การเล่นเน้นการเล็ง การสื่อสาร การใช้สกิล และการเล่นเป็นทีม เล่นได้ที่: PC Zone แหล่งข้อมูล: https://esports.computing.psu.ac.th/reservation,pipeline:structured_game_detail,games/game_detail_lookup,100.0,True,0.7595,0,,,
MB-0093-G-005,games,psu_fact,Counter-Strike 2 คือเกมอะไร,Counter-Strike 2: Counter-Strike 2 คือเกมยิงแข่งขันแบบทีมที่แบ่งเป็นฝ่ายบุกและฝ่ายรับ โดยมีเป้าหมายหลักเกี่ยวกับการวาง/กู้ระเบิดหรือจัดการฝ่ายตรงข้าม แนวเกม: เกมยิง Tactical FPS วิธีเล่นโดยสรุป: เล่นเป็นรอบ ๆ ต้องซื้ออาวุธ วางแผนกับทีม คุมพื้นที่ และใช้การเล็งกับการสื่อสารเพื่อชนะรอบ เล่นได้ที่: PC Zone แหล่งข้อมูล: https://esports.computing.psu.ac.th/reservation,pipeline:structured_game_detail,games/game_detail_lookup,100.0,True,0.8276,0,,,
MB-0094-G-006,games,psu_fact,Counter-Strike 2 เล่นได้ที่ไหน,"ได้ครับ Counter-Strike 2 เล่นได้ที่ PC Zone - PC #01-#02, PC Zone - PC #03-#10 แหล่งข้อมูล: https://esports.computing.psu.ac.th/",pipeline:structured_service_game_availability,games/game_availability_lookup,100.0,True,0.6205,0,,,
MB-0095-G-007,games,psu_fact,Counter-Strike 2 เล่นยังไง,Counter-Strike 2: Counter-Strike 2 คือเกมยิงแข่งขันแบบทีมที่แบ่งเป็นฝ่ายบุกและฝ่ายรับ โดยมีเป้าหมายหลักเกี่ยวกับการวาง/กู้ระเบิดหรือจัดการฝ่ายตรงข้าม แนวเกม: เกมยิง Tactical FPS วิธีเล่นโดยสรุป: เล่นเป็นรอบ ๆ ต้องซื้ออาวุธ วางแผนกับทีม คุมพื้นที่ และใช้การเล็งกับการสื่อสารเพื่อชนะรอบ เล่นได้ที่: PC Zone แหล่งข้อมูล: https://esports.computing.psu.ac.th/reservation,pipeline:structured_game_detail,games/game_detail_lookup,100.0,True,0.5867,0,,,
MB-0096-G-008,games,psu_fact,Counter-Strike 2 เป็นเกมแนวไหน,Counter-Strike 2: Counter-Strike 2 คือเกมยิงแข่งขันแบบทีมที่แบ่งเป็นฝ่ายบุกและฝ่ายรับ โดยมีเป้าหมายหลักเกี่ยวกับการวาง/กู้ระเบิดหรือจัดการฝ่ายตรงข้าม แนวเกม: เกมยิง Tactical FPS วิธีเล่นโดยสรุป: เล่นเป็นรอบ ๆ ต้องซื้ออาวุธ วางแผนกับทีม คุมพื้นที่ และใช้การเล็งกับการสื่อสารเพื่อชนะรอบ เล่นได้ที่: PC Zone แหล่งข้อมูล: https://esports.computing.psu.ac.th/reservation,pipeline:structured_game_detail,games/game_detail_lookup,100.0,True,0.8909,0,,,
MB-0097-G-009,games,psu_fact,PUBG: BATTLEGROUNDS คือเกมอะไร,PUBG: BATTLEGROUNDS: PUBG: BATTLEGROUNDS คือเกมเอาชีวิตรอดที่ผู้เล่นลงสนาม ค้นหาอาวุธและอุปกรณ์ แล้วพยายามอยู่รอดเป็นคนหรือทีมสุดท้าย แนวเกม: เกม Battle Royale วิธีเล่นโดยสรุป: เลือกจุดลง หาอาวุธ เข้าโซนปลอดภัย วางตำแหน่ง และต่อสู้กับทีมอื่นจนเหลือผู้ชนะท้ายเกม เล่นได้ที่: PC Zone แหล่งข้อมูล: https://esports.computing.psu.ac.th/reservation,pipeline:structured_game_detail,games/game_availability_lookup,100.0,True,0.868,0,,,
MB-0098-G-010,games,psu_fact,PUBG: BATTLEGROUNDS เล่นได้ที่ไหน,"ได้ครับ PUBG: BATTLEGROUNDS เล่นได้ที่ PC Zone - PC #01-#02, PC Zone - PC #03-#10 แหล่งข้อมูล: https://esports.computing.psu.ac.th/",pipeline:structured_service_game_availability,games/game_availability_lookup,100.0,True,0.688,0,,,
MB-0099-G-011,games,psu_fact,PUBG: BATTLEGROUNDS เล่นยังไง,PUBG: BATTLEGROUNDS: PUBG: BATTLEGROUNDS คือเกมเอาชีวิตรอดที่ผู้เล่นลงสนาม ค้นหาอาวุธและอุปกรณ์ แล้วพยายามอยู่รอดเป็นคนหรือทีมสุดท้าย แนวเกม: เกม Battle Royale วิธีเล่นโดยสรุป: เลือกจุดลง หาอาวุธ เข้าโซนปลอดภัย วางตำแหน่ง และต่อสู้กับทีมอื่นจนเหลือผู้ชนะท้ายเกม เล่นได้ที่: PC Zone แหล่งข้อมูล: https://esports.computing.psu.ac.th/reservation,pipeline:structured_game_detail,games/game_detail_lookup,100.0,True,0.6407,0,,,
MB-0100-G-012,games,psu_fact,PUBG: BATTLEGROUNDS เป็นเกมแนวไหน,PUBG: BATTLEGROUNDS: PUBG: BATTLEGROUNDS คือเกมเอาชีวิตรอดที่ผู้เล่นลงสนาม ค้นหาอาวุธและอุปกรณ์ แล้วพยายามอยู่รอดเป็นคนหรือทีมสุดท้าย แนวเกม: เกม Battle Royale วิธีเล่นโดยสรุป: เลือกจุดลง หาอาวุธ เข้าโซนปลอดภัย วางตำแหน่ง และต่อสู้กับทีมอื่นจนเหลือผู้ชนะท้ายเกม เล่นได้ที่: PC Zone แหล่งข้อมูล: https://esports.computing.psu.ac.th/reservation,pipeline:structured_game_detail,games/game_detail_lookup,100.0,True,0.9238,0,,,
MB-0101-G-013,games,psu_fact,Call of Duty: Warzone คือเกมอะไร,Call of Duty: Warzone: Call of Duty: Warzone คือเกมยิงแนว Battle Royale ที่เน้นการยิงรวดเร็ว การเก็บอุปกรณ์ และการเอาตัวรอดในแผนที่ขนาดใหญ่ แนวเกม: เกมยิง Battle Royale วิธีเล่นโดยสรุป: ลงพื้นที่ หาอาวุธ ใช้ loadout/อุปกรณ์ช่วยทีม เคลื่อนตามวง และพยายามอยู่รอดจนจบเกม เล่นได้ที่: PC Zone แหล่งข้อมูล: https://esports.computing.psu.ac.th/reservation,pipeline:structured_game_detail,games/game_availability_lookup,100.0,True,0.8704,0,,,
MB-0102-G-014,games,psu_fact,Call of Duty: Warzone เล่นได้ที่ไหน,ได้ครับ Call of Duty: Warzone เล่นได้ที่ PC Zone - PC #03-#10 แหล่งข้อมูล: https://esports.computing.psu.ac.th/,pipeline:structured_service_game_availability,games/game_availability_lookup,100.0,True,0.6836,0,,,
MB-0103-G-015,games,psu_fact,Call of Duty: Warzone เล่นยังไง,Call of Duty: Warzone: Call of Duty: Warzone คือเกมยิงแนว Battle Royale ที่เน้นการยิงรวดเร็ว การเก็บอุปกรณ์ และการเอาตัวรอดในแผนที่ขนาดใหญ่ แนวเกม: เกมยิง Battle Royale วิธีเล่นโดยสรุป: ลงพื้นที่ หาอาวุธ ใช้ loadout/อุปกรณ์ช่วยทีม เคลื่อนตามวง และพยายามอยู่รอดจนจบเกม เล่นได้ที่: PC Zone แหล่งข้อมูล: https://esports.computing.psu.ac.th/reservation,pipeline:structured_game_detail,games/game_detail_lookup,100.0,True,0.6576,0,,,
MB-0104-G-016,games,psu_fact,Call of Duty: Warzone เป็นเกมแนวไหน,Call of Duty: Warzone: Call of Duty: Warzone คือเกมยิงแนว Battle Royale ที่เน้นการยิงรวดเร็ว การเก็บอุปกรณ์ และการเอาตัวรอดในแผนที่ขนาดใหญ่ แนวเกม: เกมยิง Battle Royale วิธีเล่นโดยสรุป: ลงพื้นที่ หาอาวุธ ใช้ loadout/อุปกรณ์ช่วยทีม เคลื่อนตามวง และพยายามอยู่รอดจนจบเกม เล่นได้ที่: PC Zone แหล่งข้อมูล: https://esports.computing.psu.ac.th/reservation,pipeline:structured_game_detail,games/game_detail_lookup,100.0,True,0.9549,0,,,
MB-0105-G-017,games,psu_fact,League of Legends คือเกมอะไร,League of Legends: League of Legends คือเกมวางแผนต่อสู้แบบทีม ผู้เล่นเลือก Champion และร่วมกันทำลายฐานหลักของฝ่ายตรงข้าม แนวเกม: เกม MOBA แบบทีม 5v5 วิธีเล่นโดยสรุป: แบ่งเลน ฟาร์มเงินและเลเวล คุม objective ช่วยทีมไฟต์ และดันเข้าไปทำลาย Nexus ของศัตรู เล่นได้ที่: PC Zone แหล่งข้อมูล: https://esports.computing.psu.ac.th/reservation,pipeline:structured_game_detail,games/game_availability_lookup,100.0,True,0.8627,0,,,
MB-0106-G-018,games,psu_fact,League of Legends เล่นได้ที่ไหน,"ได้ครับ League of Legends เล่นได้ที่ PC Zone - PC #01-#02, PC Zone - PC #03-#10 แหล่งข้อมูล: https://esports.computing.psu.ac.th/",pipeline:structured_service_game_availability,games/game_availability_lookup,100.0,True,0.6283,0,,,
MB-0107-G-019,games,psu_fact,League of Legends เล่นยังไง,League of Legends: League of Legends คือเกมวางแผนต่อสู้แบบทีม ผู้เล่นเลือก Champion และร่วมกันทำลายฐานหลักของฝ่ายตรงข้าม แนวเกม: เกม MOBA แบบทีม 5v5 วิธีเล่นโดยสรุป: แบ่งเลน ฟาร์มเงินและเลเวล คุม objective ช่วยทีมไฟต์ และดันเข้าไปทำลาย Nexus ของศัตรู เล่นได้ที่: PC Zone แหล่งข้อมูล: https://esports.computing.psu.ac.th/reservation,pipeline:structured_game_detail,games/game_detail_lookup,100.0,True,0.607,0,,,
MB-0108-G-020,games,psu_fact,League of Legends เป็นเกมแนวไหน,League of Legends: League of Legends คือเกมวางแผนต่อสู้แบบทีม ผู้เล่นเลือก Champion และร่วมกันทำลายฐานหลักของฝ่ายตรงข้าม แนวเกม: เกม MOBA แบบทีม 5v5 วิธีเล่นโดยสรุป: แบ่งเลน ฟาร์มเงินและเลเวล คุม objective ช่วยทีมไฟต์ และดันเข้าไปทำลาย Nexus ของศัตรู เล่นได้ที่: PC Zone แหล่งข้อมูล: https://esports.computing.psu.ac.th/reservation,pipeline:structured_game_detail,games/game_detail_lookup,100.0,True,0.8947,0,,,
MB-0109-G-021,games,psu_fact,TEKKEN 8 คือเกมอะไร,TEKKEN 8: TEKKEN 8 คือเกมต่อสู้แบบตัวต่อตัว ผู้เล่นเลือกตัวละครแล้วใช้คอมโบ การป้องกัน และจังหวะสวนกลับเพื่อชนะคู่แข่ง แนวเกม: เกมต่อสู้ 1v1 วิธีเล่นโดยสรุป: เล่นเป็นรอบ เลือกตัวละคร ฝึกท่าพื้นฐาน/คอมโบ อ่านจังหวะคู่ต่อสู้ และทำให้พลังชีวิตอีกฝ่ายหมดก่อน เล่นได้ที่: PC Zone และ PlayStation 5 Zone แหล่งข้อมูล: https://esports.phuket.psu.ac.th/Services/our-games,pipeline:structured_game_detail,games/game_availability_lookup,100.0,True,0.661,0,,,
MB-0110-G-022,games,psu_fact,TEKKEN 8 เล่นได้ที่ไหน,"ได้ครับ TEKKEN 8 เล่นได้ที่ PC Zone - PC #01-#02, PlayStation 5 Zone - PlayStation 5 #01-#02 แหล่งข้อมูล: https://esports.computing.psu.ac.th/",pipeline:structured_service_game_availability,games/game_availability_lookup,100.0,True,0.5608,0,,,
MB-0111-G-023,games,psu_fact,TEKKEN 8 เล่นยังไง,TEKKEN 8: TEKKEN 8 คือเกมต่อสู้แบบตัวต่อตัว ผู้เล่นเลือกตัวละครแล้วใช้คอมโบ การป้องกัน และจังหวะสวนกลับเพื่อชนะคู่แข่ง แนวเกม: เกมต่อสู้ 1v1 วิธีเล่นโดยสรุป: เล่นเป็นรอบ เลือกตัวละคร ฝึกท่าพื้นฐาน/คอมโบ อ่านจังหวะคู่ต่อสู้ และทำให้พลังชีวิตอีกฝ่ายหมดก่อน เล่นได้ที่: PC Zone และ PlayStation 5 Zone แหล่งข้อมูล: https://esports.phuket.psu.ac.th/Services/our-games,pipeline:structured_game_detail,games/game_detail_lookup,100.0,True,0.4819,0,,,
MB-0112-G-024,games,psu_fact,TEKKEN 8 เป็นเกมแนวไหน,TEKKEN 8: TEKKEN 8 คือเกมต่อสู้แบบตัวต่อตัว ผู้เล่นเลือกตัวละครแล้วใช้คอมโบ การป้องกัน และจังหวะสวนกลับเพื่อชนะคู่แข่ง แนวเกม: เกมต่อสู้ 1v1 วิธีเล่นโดยสรุป: เล่นเป็นรอบ เลือกตัวละคร ฝึกท่าพื้นฐาน/คอมโบ อ่านจังหวะคู่ต่อสู้ และทำให้พลังชีวิตอีกฝ่ายหมดก่อน เล่นได้ที่: PC Zone และ PlayStation 5 Zone แหล่งข้อมูล: https://esports.phuket.psu.ac.th/Services/our-games,pipeline:structured_game_detail,games/game_detail_lookup,100.0,True,0.7318,0,,,
MB-0113-G-025,games,psu_fact,Marvel's Spider-Man 2 คือเกมอะไร,Marvel's Spider-Man 2: Marvel's Spider-Man 2 คือเกมแอ็กชันผจญภัยที่ผู้เล่นรับบท Spider-Man ต่อสู้กับศัตรูและสำรวจเมือง แนวเกม: เกม Action-Adventure วิธีเล่นโดยสรุป: โหนใยเดินทาง ทำภารกิจ ใช้การต่อสู้แบบคอมโบ หลบหลีก และอัปเกรดสกิลระหว่างเนื้อเรื่อง เล่นได้ที่: PlayStation 5 Zone แหล่งข้อมูล: https://esports.phuket.psu.ac.th/Services/our-games,pipeline:structured_game_detail,games/game_availability_lookup,100.0,True,0.928,0,,,
MB-0114-G-026,games,psu_fact,Marvel's Spider-Man 2 เล่นได้ที่ไหน,ได้ครับ Marvel's Spider-Man 2 เล่นได้ที่ PlayStation 5 Zone - PlayStation 5 #01-#02 แหล่งข้อมูล: https://esports.computing.psu.ac.th/,pipeline:structured_service_game_availability,games/game_availability_lookup,100.0,True,0.7354,0,,,
MB-0115-G-027,games,psu_fact,Marvel's Spider-Man 2 เล่นยังไง,Marvel's Spider-Man 2: Marvel's Spider-Man 2 คือเกมแอ็กชันผจญภัยที่ผู้เล่นรับบท Spider-Man ต่อสู้กับศัตรูและสำรวจเมือง แนวเกม: เกม Action-Adventure วิธีเล่นโดยสรุป: โหนใยเดินทาง ทำภารกิจ ใช้การต่อสู้แบบคอมโบ หลบหลีก และอัปเกรดสกิลระหว่างเนื้อเรื่อง เล่นได้ที่: PlayStation 5 Zone แหล่งข้อมูล: https://esports.phuket.psu.ac.th/Services/our-games,pipeline:structured_game_detail,games/game_detail_lookup,100.0,True,0.7465,0,,,
MB-0116-G-028,games,psu_fact,Marvel's Spider-Man 2 เป็นเกมแนวไหน,Marvel's Spider-Man 2: Marvel's Spider-Man 2 คือเกมแอ็กชันผจญภัยที่ผู้เล่นรับบท Spider-Man ต่อสู้กับศัตรูและสำรวจเมือง แนวเกม: เกม Action-Adventure วิธีเล่นโดยสรุป: โหนใยเดินทาง ทำภารกิจ ใช้การต่อสู้แบบคอมโบ หลบหลีก และอัปเกรดสกิลระหว่างเนื้อเรื่อง เล่นได้ที่: PlayStation 5 Zone แหล่งข้อมูล: https://esports.phuket.psu.ac.th/Services/our-games,pipeline:structured_game_detail,games/game_detail_lookup,100.0,True,1.0216,0,,,
MB-0117-G-029,games,psu_fact,Fortnite คือเกมอะไร,Fortnite: Fortnite คือเกมต่อสู้เอาชีวิตรอดที่ผู้เล่นแข่งกันในแผนที่ขนาดใหญ่และพยายามอยู่เป็นคนสุดท้าย แนวเกม: เกม Battle Royale / Action วิธีเล่นโดยสรุป: เก็บอาวุธ เคลื่อนตามวง ต่อสู้กับผู้เล่นอื่น และใช้การสร้างหรือโหมดไม่สร้างตามรูปแบบที่เลือก เล่นได้ที่: PlayStation 5 Zone แหล่งข้อมูล: https://esports.computing.psu.ac.th/reservation,pipeline:structured_game_detail,games/game_availability_lookup,100.0,True,0.7076,0,,,
MB-0118-G-030,games,psu_fact,Fortnite เล่นได้ที่ไหน,ได้ครับ Fortnite เล่นได้ที่ PlayStation 5 Zone - PlayStation 5 #01-#02 แหล่งข้อมูล: https://esports.computing.psu.ac.th/,pipeline:structured_service_game_availability,games/game_availability_lookup,100.0,True,0.5506,0,,,
MB-0119-G-031,games,psu_fact,Fortnite เล่นยังไง,Fortnite: Fortnite คือเกมต่อสู้เอาชีวิตรอดที่ผู้เล่นแข่งกันในแผนที่ขนาดใหญ่และพยายามอยู่เป็นคนสุดท้าย แนวเกม: เกม Battle Royale / Action วิธีเล่นโดยสรุป: เก็บอาวุธ เคลื่อนตามวง ต่อสู้กับผู้เล่นอื่น และใช้การสร้างหรือโหมดไม่สร้างตามรูปแบบที่เลือก เล่นได้ที่: PlayStation 5 Zone แหล่งข้อมูล: https://esports.computing.psu.ac.th/reservation,pipeline:structured_game_detail,games/game_detail_lookup,100.0,True,0.4992,0,,,
MB-0120-G-032,games,psu_fact,Fortnite เป็นเกมแนวไหน,Fortnite: Fortnite คือเกมต่อสู้เอาชีวิตรอดที่ผู้เล่นแข่งกันในแผนที่ขนาดใหญ่และพยายามอยู่เป็นคนสุดท้าย แนวเกม: เกม Battle Royale / Action วิธีเล่นโดยสรุป: เก็บอาวุธ เคลื่อนตามวง ต่อสู้กับผู้เล่นอื่น และใช้การสร้างหรือโหมดไม่สร้างตามรูปแบบที่เลือก เล่นได้ที่: PlayStation 5 Zone แหล่งข้อมูล: https://esports.computing.psu.ac.th/reservation,pipeline:structured_game_detail,games/game_detail_lookup,100.0,True,0.8147,0,,,
MB-0121-G-033,games,psu_fact,God of War Ragnarok คือเกมอะไร,God of War Ragnarok: God of War Ragnarok คือเกมแอ็กชันผจญภัยที่เน้นเนื้อเรื่อง การต่อสู้ และการสำรวจในโลกตำนานนอร์ส แนวเกม: เกม Action-Adventure วิธีเล่นโดยสรุป: ควบคุมตัวละครหลัก ต่อสู้กับศัตรู แก้ปริศนา สำรวจพื้นที่ และพัฒนาอาวุธ/สกิลตามเนื้อเรื่อง เล่นได้ที่: PlayStation 5 Zone แหล่งข้อมูล: https://esports.phuket.psu.ac.th/Services/our-games,pipeline:structured_game_detail,games/game_availability_lookup,100.0,True,0.8985,0,,,
MB-0122-G-034,games,psu_fact,God of War Ragnarok เล่นได้ที่ไหน,ได้ครับ God of War Ragnarok เล่นได้ที่ PlayStation 5 Zone - PlayStation 5 #01-#02 แหล่งข้อมูล: https://esports.computing.psu.ac.th/,pipeline:structured_service_game_availability,games/game_availability_lookup,100.0,True,0.6819,0,,,
MB-0123-G-035,games,psu_fact,God of War Ragnarok เล่นยังไง,God of War Ragnarok: God of War Ragnarok คือเกมแอ็กชันผจญภัยที่เน้นเนื้อเรื่อง การต่อสู้ และการสำรวจในโลกตำนานนอร์ส แนวเกม: เกม Action-Adventure วิธีเล่นโดยสรุป: ควบคุมตัวละครหลัก ต่อสู้กับศัตรู แก้ปริศนา สำรวจพื้นที่ และพัฒนาอาวุธ/สกิลตามเนื้อเรื่อง เล่นได้ที่: PlayStation 5 Zone แหล่งข้อมูล: https://esports.phuket.psu.ac.th/Services/our-games,pipeline:structured_game_detail,games/game_detail_lookup,100.0,True,0.6308,0,,,
MB-0124-G-036,games,psu_fact,God of War Ragnarok เป็นเกมแนวไหน,God of War Ragnarok: God of War Ragnarok คือเกมแอ็กชันผจญภัยที่เน้นเนื้อเรื่อง การต่อสู้ และการสำรวจในโลกตำนานนอร์ส แนวเกม: เกม Action-Adventure วิธีเล่นโดยสรุป: ควบคุมตัวละครหลัก ต่อสู้กับศัตรู แก้ปริศนา สำรวจพื้นที่ และพัฒนาอาวุธ/สกิลตามเนื้อเรื่อง เล่นได้ที่: PlayStation 5 Zone แหล่งข้อมูล: https://esports.phuket.psu.ac.th/Services/our-games,pipeline:structured_game_detail,games/game_detail_lookup,100.0,True,0.9625,0,,,
MB-0125-G-037,games,psu_fact,Beat Saber คือเกมอะไร,Beat Saber: Beat Saber คือเกม VR จังหวะดนตรีที่ผู้เล่นใช้ดาบแสงฟันบล็อกตามจังหวะเพลง แนวเกม: เกม VR Rhythm วิธีเล่นโดยสรุป: สวมแว่น VR ถือคอนโทรลเลอร์ แล้วฟันบล็อกตามทิศทาง หลบสิ่งกีดขวาง และพยายามทำคะแนนตามจังหวะเพลง เล่นได้ที่: VR Zone แหล่งข้อมูล: https://esports.phuket.psu.ac.th/Services/our-games,pipeline:structured_game_detail,games/game_availability_lookup,100.0,True,0.7005,0,,,
MB-0126-G-038,games,psu_fact,Beat Saber เล่นได้ที่ไหน,"ได้ครับ Beat Saber เล่นได้ที่ VR Zone - VR Station 30 นาที, VR Zone - VR Station 1 ชั่วโมง แหล่งข้อมูล: https://esports.computing.psu.ac.th/",pipeline:structured_service_game_availability,games/game_availability_lookup,100.0,True,0.5725,0,,,
MB-0127-G-039,games,psu_fact,Beat Saber เล่นยังไง,Beat Saber: Beat Saber คือเกม VR จังหวะดนตรีที่ผู้เล่นใช้ดาบแสงฟันบล็อกตามจังหวะเพลง แนวเกม: เกม VR Rhythm วิธีเล่นโดยสรุป: สวมแว่น VR ถือคอนโทรลเลอร์ แล้วฟันบล็อกตามทิศทาง หลบสิ่งกีดขวาง และพยายามทำคะแนนตามจังหวะเพลง เล่นได้ที่: VR Zone แหล่งข้อมูล: https://esports.phuket.psu.ac.th/Services/our-games,pipeline:structured_game_detail,games/game_detail_lookup,100.0,True,0.4996,0,,,
MB-0128-G-040,games,psu_fact,Beat Saber เป็นเกมแนวไหน,Beat Saber: Beat Saber คือเกม VR จังหวะดนตรีที่ผู้เล่นใช้ดาบแสงฟันบล็อกตามจังหวะเพลง แนวเกม: เกม VR Rhythm วิธีเล่นโดยสรุป: สวมแว่น VR ถือคอนโทรลเลอร์ แล้วฟันบล็อกตามทิศทาง หลบสิ่งกีดขวาง และพยายามทำคะแนนตามจังหวะเพลง เล่นได้ที่: VR Zone แหล่งข้อมูล: https://esports.phuket.psu.ac.th/Services/our-games,pipeline:structured_game_detail,games/game_detail_lookup,100.0,True,0.736,0,,,
MB-0129-G-041,games,psu_fact,Horizon Call of the Mountain คือเกมอะไร,Horizon Call of the Mountain: Horizon Call of the Mountain คือเกม VR ผจญภัยในโลก Horizon ที่เน้นการปีนป่าย สำรวจ และต่อสู้กับจักรกล แนวเกม: เกม VR Action-Adventure วิธีเล่นโดยสรุป: สวมแว่น VR ใช้คอนโทรลเลอร์ปีน เคลื่อนที่ เล็งธนู และทำภารกิจตามฉาก เล่นได้ที่: VR Zone แหล่งข้อมูล: https://esports.computing.psu.ac.th/reservation,pipeline:structured_game_detail,games/game_availability_lookup,100.0,True,1.0401,0,,,
MB-0130-G-042,games,psu_fact,Horizon Call of the Mountain เล่นได้ที่ไหน,"ได้ครับ Horizon Call of the Mountain เล่นได้ที่ VR Zone - VR Station 30 นาที, VR Zone - VR Station 1 ชั่วโมง แหล่งข้อมูล: https://esports.computing.psu.ac.th/",pipeline:structured_service_game_availability,games/game_availability_lookup,100.0,True,0.7518,0,,,
MB-0131-G-043,games,psu_fact,Horizon Call of the Mountain เล่นยังไง,Horizon Call of the Mountain: Horizon Call of the Mountain คือเกม VR ผจญภัยในโลก Horizon ที่เน้นการปีนป่าย สำรวจ และต่อสู้กับจักรกล แนวเกม: เกม VR Action-Adventure วิธีเล่นโดยสรุป: สวมแว่น VR ใช้คอนโทรลเลอร์ปีน เคลื่อนที่ เล็งธนู และทำภารกิจตามฉาก เล่นได้ที่: VR Zone แหล่งข้อมูล: https://esports.computing.psu.ac.th/reservation,pipeline:structured_game_detail,games/game_detail_lookup,100.0,True,0.7452,0,,,
MB-0132-G-044,games,psu_fact,Horizon Call of the Mountain เป็นเกมแนวไหน,Horizon Call of the Mountain: Horizon Call of the Mountain คือเกม VR ผจญภัยในโลก Horizon ที่เน้นการปีนป่าย สำรวจ และต่อสู้กับจักรกล แนวเกม: เกม VR Action-Adventure วิธีเล่นโดยสรุป: สวมแว่น VR ใช้คอนโทรลเลอร์ปีน เคลื่อนที่ เล็งธนู และทำภารกิจตามฉาก เล่นได้ที่: VR Zone แหล่งข้อมูล: https://esports.computing.psu.ac.th/reservation,pipeline:structured_game_detail,games/game_detail_lookup,100.0,True,1.0512,0,,,
MB-0133-G-045,games,psu_fact,Gran Turismo 7 คือเกมอะไร,Gran Turismo 7: Gran Turismo 7 คือเกมแข่งรถที่เน้นการขับรถสมจริง การเลือกสนาม รถ และการควบคุมจังหวะเข้าโค้ง แนวเกม: เกมแข่งรถ / Driving Simulator วิธีเล่นโดยสรุป: ใน Cockpit Zone เล่นโดยใช้พวงมาลัย คันเร่ง เบรก และชุดเบาะจำลองการขับรถ เป้าหมายคือขับให้เร็วและควบคุมรถให้แม่นในแต่ละสนาม เล่นได้ที่: Cockpit Zone แหล่งข้อมูล: https://esports.phuket.psu.ac.th/Services/our-games,pipeline:structured_game_detail,games/game_availability_lookup,100.0,True,0.7764,0,,,
MB-0134-G-046,games,psu_fact,Gran Turismo 7 เล่นได้ที่ไหน,ได้ครับ Gran Turismo 7 เล่นได้ที่ Cockpit Zone - Cockpit #01-#02 แหล่งข้อมูล: https://esports.computing.psu.ac.th/,pipeline:structured_service_game_availability,games/game_availability_lookup,100.0,True,0.6079,0,,,
MB-0135-G-047,games,psu_fact,Gran Turismo 7 เล่นยังไง,Gran Turismo 7: Gran Turismo 7 คือเกมแข่งรถที่เน้นการขับรถสมจริง การเลือกสนาม รถ และการควบคุมจังหวะเข้าโค้ง แนวเกม: เกมแข่งรถ / Driving Simulator วิธีเล่นโดยสรุป: ใน Cockpit Zone เล่นโดยใช้พวงมาลัย คันเร่ง เบรก และชุดเบาะจำลองการขับรถ เป้าหมายคือขับให้เร็วและควบคุมรถให้แม่นในแต่ละสนาม เล่นได้ที่: Cockpit Zone แหล่งข้อมูล: https://esports.phuket.psu.ac.th/Services/our-games,pipeline:structured_game_detail,games/game_detail_lookup,100.0,True,0.4954,0,,,
MB-0136-G-048,games,psu_fact,Gran Turismo 7 เป็นเกมแนวไหน,Gran Turismo 7: Gran Turismo 7 คือเกมแข่งรถที่เน้นการขับรถสมจริง การเลือกสนาม รถ และการควบคุมจังหวะเข้าโค้ง แนวเกม: เกมแข่งรถ / Driving Simulator วิธีเล่นโดยสรุป: ใน Cockpit Zone เล่นโดยใช้พวงมาลัย คันเร่ง เบรก และชุดเบาะจำลองการขับรถ เป้าหมายคือขับให้เร็วและควบคุมรถให้แม่นในแต่ละสนาม เล่นได้ที่: Cockpit Zone แหล่งข้อมูล: https://esports.phuket.psu.ac.th/Services/our-games,pipeline:structured_game_detail,games/game_detail_lookup,100.0,True,0.6498,0,,,
MB-0137-G-049,games,psu_fact,Call of Duty: Modern Warfare III คือเกมอะไร,Call of Duty: Modern Warfare III: Call of Duty: Modern Warfare III คือเกมยิงมุมมองบุคคลที่หนึ่งที่เน้นภารกิจและการยิงต่อสู้แบบรวดเร็ว แนวเกม: เกมยิง FPS วิธีเล่นโดยสรุป: เล็ง ยิง เคลื่อนที่ ใช้อุปกรณ์ และทำ objective ของโหมดเกมหรือภารกิจให้สำเร็จ เล่นได้ที่: PlayStation 5 Zone แหล่งข้อมูล: https://esports.phuket.psu.ac.th/Services/our-games,pipeline:structured_game_detail,games/game_availability_lookup,100.0,True,0.8775,0,,,
MB-0138-G-050,games,psu_fact,Call of Duty: Modern Warfare III เล่นได้ที่ไหน,ได้ครับ Call of Duty: Modern Warfare III เล่นได้ที่ PlayStation 5 Zone - PlayStation 5 #01-#02 แหล่งข้อมูล: https://esports.computing.psu.ac.th/,pipeline:structured_service_game_availability,games/game_availability_lookup,100.0,True,0.6358,0,,,
MB-0139-G-051,games,psu_fact,Call of Duty: Modern Warfare III เล่นยังไง,Call of Duty: Modern Warfare III: Call of Duty: Modern Warfare III คือเกมยิงมุมมองบุคคลที่หนึ่งที่เน้นภารกิจและการยิงต่อสู้แบบรวดเร็ว แนวเกม: เกมยิง FPS วิธีเล่นโดยสรุป: เล็ง ยิง เคลื่อนที่ ใช้อุปกรณ์ และทำ objective ของโหมดเกมหรือภารกิจให้สำเร็จ เล่นได้ที่: PlayStation 5 Zone แหล่งข้อมูล: https://esports.phuket.psu.ac.th/Services/our-games,pipeline:structured_game_detail,games/game_detail_lookup,100.0,True,0.6465,0,,,
MB-0140-G-052,games,psu_fact,Call of Duty: Modern Warfare III เป็นเกมแนวไหน,Call of Duty: Modern Warfare III: Call of Duty: Modern Warfare III คือเกมยิงมุมมองบุคคลที่หนึ่งที่เน้นภารกิจและการยิงต่อสู้แบบรวดเร็ว แนวเกม: เกมยิง FPS วิธีเล่นโดยสรุป: เล็ง ยิง เคลื่อนที่ ใช้อุปกรณ์ และทำ objective ของโหมดเกมหรือภารกิจให้สำเร็จ เล่นได้ที่: PlayStation 5 Zone แหล่งข้อมูล: https://esports.phuket.psu.ac.th/Services/our-games,pipeline:structured_game_detail,games/game_detail_lookup,100.0,True,1.0537,0,,,
MB-0141-G-053,games,psu_fact,EA Sports FC 24 คือเกมอะไร,EA Sports FC 24: EA Sports FC 24 คือเกมฟุตบอลที่ให้ผู้เล่นควบคุมทีม แข่งขัน ยิงประตู และวางแผนเกมเหมือนการแข่งขันฟุตบอล แนวเกม: เกมฟุตบอล วิธีเล่นโดยสรุป: เลือกทีม จัดตัว ควบคุมการส่งบอล เลี้ยง ยิง และตั้งรับเพื่อทำประตูให้มากกว่าคู่แข่ง เล่นได้ที่: PlayStation 5 Zone แหล่งข้อมูล: https://esports.phuket.psu.ac.th/Services/our-games,pipeline:structured_game_detail,games/game_availability_lookup,100.0,True,0.746,0,,,
MB-0142-G-054,games,psu_fact,EA Sports FC 24 เล่นได้ที่ไหน,ได้ครับ EA Sports FC 24 เล่นได้ที่ PlayStation 5 Zone - PlayStation 5 #01-#02 แหล่งข้อมูล: https://esports.computing.psu.ac.th/,pipeline:structured_service_game_availability,games/game_availability_lookup,100.0,True,0.7194,0,,,
MB-0143-G-055,games,psu_fact,EA Sports FC 24 เล่นยังไง,EA Sports FC 24 ปุ่มที่ตรงกับคำถาม: PlayStation / PS5 • L1: เปลี่ยนตัวผู้เล่น - สลับการควบคุมไปยังนักเตะคนอื่นที่อยู่ใกล้บอล แหล่งข้อมูล: https://fifauteam.com/fc-24-controls/,pipeline:structured_game_controls,games/game_control_lookup,100.0,True,0.8959,0,,,
MB-0144-G-056,games,psu_fact,EA Sports FC 24 เป็นเกมแนวไหน,EA Sports FC 24: EA Sports FC 24 คือเกมฟุตบอลที่ให้ผู้เล่นควบคุมทีม แข่งขัน ยิงประตู และวางแผนเกมเหมือนการแข่งขันฟุตบอล แนวเกม: เกมฟุตบอล วิธีเล่นโดยสรุป: เลือกทีม จัดตัว ควบคุมการส่งบอล เลี้ยง ยิง และตั้งรับเพื่อทำประตูให้มากกว่าคู่แข่ง เล่นได้ที่: PlayStation 5 Zone แหล่งข้อมูล: https://esports.phuket.psu.ac.th/Services/our-games,pipeline:structured_game_detail,games/game_detail_lookup,100.0,True,0.6758,0,,,
MB-0145-G-057,games,psu_fact,FINAL FANTASY XVI คือเกมอะไร,FINAL FANTASY XVI: FINAL FANTASY XVI คือเกมแอ็กชัน RPG แฟนตาซีที่เน้นเนื้อเรื่อง การต่อสู้ และการพัฒนาตัวละคร แนวเกม: เกม Action RPG วิธีเล่นโดยสรุป: เล่นตามเนื้อเรื่อง ต่อสู้ด้วยสกิล/คอมโบ ทำภารกิจ และพัฒนาความสามารถของตัวละคร เล่นได้ที่: PlayStation 5 Zone แหล่งข้อมูล: https://esports.phuket.psu.ac.th/Services/our-games,pipeline:structured_game_detail,games/game_availability_lookup,100.0,True,0.6194,0,,,
MB-0146-G-058,games,psu_fact,FINAL FANTASY XVI เล่นได้ที่ไหน,ได้ครับ FINAL FANTASY XVI เล่นได้ที่ PlayStation 5 Zone - PlayStation 5 #01-#02 แหล่งข้อมูล: https://esports.computing.psu.ac.th/,pipeline:structured_service_game_availability,games/game_availability_lookup,100.0,True,0.5712,0,,,
MB-0147-G-059,games,psu_fact,FINAL FANTASY XVI เล่นยังไง,FINAL FANTASY XVI: FINAL FANTASY XVI คือเกมแอ็กชัน RPG แฟนตาซีที่เน้นเนื้อเรื่อง การต่อสู้ และการพัฒนาตัวละคร แนวเกม: เกม Action RPG วิธีเล่นโดยสรุป: เล่นตามเนื้อเรื่อง ต่อสู้ด้วยสกิล/คอมโบ ทำภารกิจ และพัฒนาความสามารถของตัวละคร เล่นได้ที่: PlayStation 5 Zone แหล่งข้อมูล: https://esports.phuket.psu.ac.th/Services/our-games,pipeline:structured_game_detail,games/game_detail_lookup,100.0,True,0.5181,0,,,
MB-0148-G-060,games,psu_fact,FINAL FANTASY XVI เป็นเกมแนวไหน,FINAL FANTASY XVI: FINAL FANTASY XVI คือเกมแอ็กชัน RPG แฟนตาซีที่เน้นเนื้อเรื่อง การต่อสู้ และการพัฒนาตัวละคร แนวเกม: เกม Action RPG วิธีเล่นโดยสรุป: เล่นตามเนื้อเรื่อง ต่อสู้ด้วยสกิล/คอมโบ ทำภารกิจ และพัฒนาความสามารถของตัวละคร เล่นได้ที่: PlayStation 5 Zone แหล่งข้อมูล: https://esports.phuket.psu.ac.th/Services/our-games,pipeline:structured_game_detail,games/game_detail_lookup,100.0,True,0.7009,0,,,
MB-0149-G-061,games,psu_fact,Hogwarts Legacy คือเกมอะไร,Hogwarts Legacy: Hogwarts Legacy คือเกมผจญภัยในโลกเวทมนตร์ ผู้เล่นเรียนคาถา สำรวจ และทำภารกิจในฮอกวอตส์และพื้นที่รอบ ๆ แนวเกม: เกม Open-world Action RPG วิธีเล่นโดยสรุป: สำรวจพื้นที่ ใช้คาถา ต่อสู้ แก้ปริศนา และทำเควสต์เพื่อพัฒนาตัวละคร เล่นได้ที่: PlayStation 5 Zone แหล่งข้อมูล: https://esports.phuket.psu.ac.th/Services/our-games,pipeline:structured_game_detail,games/game_availability_lookup,100.0,True,0.6687,0,,,
MB-0150-G-062,games,psu_fact,Hogwarts Legacy เล่นได้ที่ไหน,ได้ครับ Hogwarts Legacy เล่นได้ที่ PlayStation 5 Zone - PlayStation 5 #01-#02 แหล่งข้อมูล: https://esports.computing.psu.ac.th/,pipeline:structured_service_game_availability,games/game_availability_lookup,100.0,True,0.4712,0,,,
MB-0151-G-063,games,psu_fact,Hogwarts Legacy เล่นยังไง,Hogwarts Legacy: Hogwarts Legacy คือเกมผจญภัยในโลกเวทมนตร์ ผู้เล่นเรียนคาถา สำรวจ และทำภารกิจในฮอกวอตส์และพื้นที่รอบ ๆ แนวเกม: เกม Open-world Action RPG วิธีเล่นโดยสรุป: สำรวจพื้นที่ ใช้คาถา ต่อสู้ แก้ปริศนา และทำเควสต์เพื่อพัฒนาตัวละคร เล่นได้ที่: PlayStation 5 Zone แหล่งข้อมูล: https://esports.phuket.psu.ac.th/Services/our-games,pipeline:structured_game_detail,games/game_detail_lookup,100.0,True,0.4503,0,,,
MB-0152-G-064,games,psu_fact,Hogwarts Legacy เป็นเกมแนวไหน,Hogwarts Legacy: Hogwarts Legacy คือเกมผจญภัยในโลกเวทมนตร์ ผู้เล่นเรียนคาถา สำรวจ และทำภารกิจในฮอกวอตส์และพื้นที่รอบ ๆ แนวเกม: เกม Open-world Action RPG วิธีเล่นโดยสรุป: สำรวจพื้นที่ ใช้คาถา ต่อสู้ แก้ปริศนา และทำเควสต์เพื่อพัฒนาตัวละคร เล่นได้ที่: PlayStation 5 Zone แหล่งข้อมูล: https://esports.phuket.psu.ac.th/Services/our-games,pipeline:structured_game_detail,games/game_detail_lookup,100.0,True,0.6692,0,,,
MB-0153-G-065,games,psu_fact,Resident Evil 4 คือเกมอะไร,Resident Evil 4: Resident Evil 4 คือเกมเอาตัวรอดสยองขวัญที่เน้นการต่อสู้ การสำรวจ และการบริหารกระสุน/ไอเทม แนวเกม: เกม Survival Horror / Action วิธีเล่นโดยสรุป: สำรวจพื้นที่ เก็บทรัพยากร ต่อสู้กับศัตรู แก้ปริศนา และเอาตัวรอดตามเนื้อเรื่อง เล่นได้ที่: PlayStation 5 Zone และ VR Zone แหล่งข้อมูล: https://esports.phuket.psu.ac.th/Services/our-games,pipeline:structured_game_detail,games/game_availability_lookup,100.0,True,0.6498,0,,,
MB-0154-G-066,games,psu_fact,Resident Evil 4 เล่นได้ที่ไหน,"ได้ครับ Resident Evil 4 เล่นได้ที่ PlayStation 5 Zone - PlayStation 5 #01-#02, VR Zone - VR Station 30 นาที, VR Zone - VR Station 1 ชั่วโมง แหล่งข้อมูล: https://esports.computing.psu.ac.th/",pipeline:structured_service_game_availability,games/game_availability_lookup,100.0,True,0.4581,0,,,
MB-0155-G-067,games,psu_fact,Resident Evil 4 เล่นยังไง,Resident Evil 4: Resident Evil 4 คือเกมเอาตัวรอดสยองขวัญที่เน้นการต่อสู้ การสำรวจ และการบริหารกระสุน/ไอเทม แนวเกม: เกม Survival Horror / Action วิธีเล่นโดยสรุป: สำรวจพื้นที่ เก็บทรัพยากร ต่อสู้กับศัตรู แก้ปริศนา และเอาตัวรอดตามเนื้อเรื่อง เล่นได้ที่: PlayStation 5 Zone และ VR Zone แหล่งข้อมูล: https://esports.phuket.psu.ac.th/Services/our-games,pipeline:structured_game_detail,games/game_detail_lookup,100.0,True,0.5083,0,,,
MB-0156-G-068,games,psu_fact,Resident Evil 4 เป็นเกมแนวไหน,Resident Evil 4: Resident Evil 4 คือเกมเอาตัวรอดสยองขวัญที่เน้นการต่อสู้ การสำรวจ และการบริหารกระสุน/ไอเทม แนวเกม: เกม Survival Horror / Action วิธีเล่นโดยสรุป: สำรวจพื้นที่ เก็บทรัพยากร ต่อสู้กับศัตรู แก้ปริศนา และเอาตัวรอดตามเนื้อเรื่อง เล่นได้ที่: PlayStation 5 Zone และ VR Zone แหล่งข้อมูล: https://esports.phuket.psu.ac.th/Services/our-games,pipeline:structured_game_detail,games/game_detail_lookup,100.0,True,0.7661,0,,,
MB-0157-G-069,games,psu_fact,Resident Evil Village คือเกมอะไร,Resident Evil Village: Resident Evil Village คือเกมสยองขวัญเอาตัวรอดที่เน้นบรรยากาศ การสำรวจ และการต่อสู้กับศัตรูหลากหลายรูปแบบ แนวเกม: เกม Survival Horror วิธีเล่นโดยสรุป: สำรวจฉาก เก็บไอเทม จัดการทรัพยากร ต่อสู้ และแก้ปริศนาเพื่อดำเนินเรื่อง เล่นได้ที่: PlayStation 5 Zone และ VR Zone แหล่งข้อมูล: https://esports.phuket.psu.ac.th/Services/our-games,pipeline:structured_game_detail,games/game_availability_lookup,100.0,True,1.0354,0,,,
MB-0158-G-070,games,psu_fact,Resident Evil Village เล่นได้ที่ไหน,"ได้ครับ Resident Evil Village เล่นได้ที่ PlayStation 5 Zone - PlayStation 5 #01-#02, VR Zone - VR Station 30 นาที, VR Zone - VR Station 1 ชั่วโมง แหล่งข้อมูล: https://esports.computing.psu.ac.th/",pipeline:structured_service_game_availability,games/game_availability_lookup,100.0,True,0.7592,0,,,
MB-0159-G-071,games,psu_fact,Resident Evil Village เล่นยังไง,Resident Evil Village: Resident Evil Village คือเกมสยองขวัญเอาตัวรอดที่เน้นบรรยากาศ การสำรวจ และการต่อสู้กับศัตรูหลากหลายรูปแบบ แนวเกม: เกม Survival Horror วิธีเล่นโดยสรุป: สำรวจฉาก เก็บไอเทม จัดการทรัพยากร ต่อสู้ และแก้ปริศนาเพื่อดำเนินเรื่อง เล่นได้ที่: PlayStation 5 Zone และ VR Zone แหล่งข้อมูล: https://esports.phuket.psu.ac.th/Services/our-games,pipeline:structured_game_detail,games/game_detail_lookup,100.0,True,0.6226,0,,,
MB-0160-G-072,games,psu_fact,Resident Evil Village เป็นเกมแนวไหน,Resident Evil Village: Resident Evil Village คือเกมสยองขวัญเอาตัวรอดที่เน้นบรรยากาศ การสำรวจ และการต่อสู้กับศัตรูหลากหลายรูปแบบ แนวเกม: เกม Survival Horror วิธีเล่นโดยสรุป: สำรวจฉาก เก็บไอเทม จัดการทรัพยากร ต่อสู้ และแก้ปริศนาเพื่อดำเนินเรื่อง เล่นได้ที่: PlayStation 5 Zone และ VR Zone แหล่งข้อมูล: https://esports.phuket.psu.ac.th/Services/our-games,pipeline:structured_game_detail,games/game_detail_lookup,100.0,True,0.8065,0,,,
MB-0161-G-073,games,psu_fact,NARUTO X BORUTO Ultimate Ninja Storm Connections คือเกมอะไร,NARUTO X BORUTO Ultimate Ninja Storm Connections: NARUTO X BORUTO Ultimate Ninja Storm Connections คือเกมต่อสู้ที่ใช้ตัวละครจากจักรวาล Naruto/Boruto แนวเกม: เกมต่อสู้จากอนิเมะ วิธีเล่นโดยสรุป: เลือกตัวละคร ใช้คอมโบ สกิลนินจา และจังหวะหลบ/สวนกลับเพื่อเอาชนะคู่ต่อสู้ เล่นได้ที่: PlayStation 5 Zone แหล่งข้อมูล: https://esports.phuket.psu.ac.th/Services/our-games,pipeline:structured_game_detail,games/game_availability_lookup,100.0,True,1.2727,0,,,
MB-0162-G-074,games,psu_fact,NARUTO X BORUTO Ultimate Ninja Storm Connections เล่นได้ที่ไหน,ได้ครับ NARUTO X BORUTO Ultimate Ninja Storm Connections เล่นได้ที่ PlayStation 5 Zone - PlayStation 5 #01-#02 แหล่งข้อมูล: https://esports.computing.psu.ac.th/,pipeline:structured_service_game_availability,games/game_availability_lookup,100.0,True,0.8671,0,,,
MB-0163-G-075,games,psu_fact,NARUTO X BORUTO Ultimate Ninja Storm Connections เล่นยังไง,NARUTO X BORUTO Ultimate Ninja Storm Connections: NARUTO X BORUTO Ultimate Ninja Storm Connections คือเกมต่อสู้ที่ใช้ตัวละครจากจักรวาล Naruto/Boruto แนวเกม: เกมต่อสู้จากอนิเมะ วิธีเล่นโดยสรุป: เลือกตัวละคร ใช้คอมโบ สกิลนินจา และจังหวะหลบ/สวนกลับเพื่อเอาชนะคู่ต่อสู้ เล่นได้ที่: PlayStation 5 Zone แหล่งข้อมูล: https://esports.phuket.psu.ac.th/Services/our-games,pipeline:structured_game_detail,games/game_detail_lookup,100.0,True,0.9257,0,,,
MB-0164-G-076,games,psu_fact,NARUTO X BORUTO Ultimate Ninja Storm Connections เป็นเกมแนวไหน,NARUTO X BORUTO Ultimate Ninja Storm Connections: NARUTO X BORUTO Ultimate Ninja Storm Connections คือเกมต่อสู้ที่ใช้ตัวละครจากจักรวาล Naruto/Boruto แนวเกม: เกมต่อสู้จากอนิเมะ วิธีเล่นโดยสรุป: เลือกตัวละคร ใช้คอมโบ สกิลนินจา และจังหวะหลบ/สวนกลับเพื่อเอาชนะคู่ต่อสู้ เล่นได้ที่: PlayStation 5 Zone แหล่งข้อมูล: https://esports.phuket.psu.ac.th/Services/our-games,pipeline:structured_game_detail,games/game_detail_lookup,100.0,True,1.1386,0,,,
MB-0165-G-077,games,psu_fact,The Last of Us Part I / Part II คือเกมอะไร,"The Last of Us Part I / Part II: The Last of Us คือเกมผจญภัยเอาตัวรอดที่เน้นเนื้อเรื่อง การลอบเร้น และการจัดการทรัพยากร แนวเกม: เกม Action-Adventure / Survival วิธีเล่นโดยสรุป: สำรวจ ฉวยโอกาสลอบเร้น ต่อสู้ เก็บทรัพยากร และดำเนินเรื่องผ่านภารกิจต่าง ๆ เล่นได้ที่: PlayStation 5 Zone รายการปัจจุบันในระบบจอง: The Last of Us Part I, The Last of Us Part II (Remastered) แหล่งข้อมูล: https://esports.phuket.psu.ac.th/Services/our-games",pipeline:structured_game_detail,games/game_availability_lookup,100.0,True,0.6893,0,,,
MB-0166-G-078,games,psu_fact,The Last of Us Part I / Part II เล่นได้ที่ไหน,ได้ครับ The Last of Us Part I เล่นได้ที่ PlayStation 5 Zone - PlayStation 5 #01-#02 แหล่งข้อมูล: https://esports.computing.psu.ac.th/,pipeline:structured_service_game_availability,games/game_availability_lookup,100.0,True,0.5832,0,,,
MB-0167-G-079,games,psu_fact,The Last of Us Part I / Part II เล่นยังไง,"The Last of Us Part I / Part II: The Last of Us คือเกมผจญภัยเอาตัวรอดที่เน้นเนื้อเรื่อง การลอบเร้น และการจัดการทรัพยากร แนวเกม: เกม Action-Adventure / Survival วิธีเล่นโดยสรุป: สำรวจ ฉวยโอกาสลอบเร้น ต่อสู้ เก็บทรัพยากร และดำเนินเรื่องผ่านภารกิจต่าง ๆ เล่นได้ที่: PlayStation 5 Zone รายการปัจจุบันในระบบจอง: The Last of Us Part I, The Last of Us Part II (Remastered) แหล่งข้อมูล: https://esports.phuket.psu.ac.th/Services/our-games",pipeline:structured_game_detail,games/game_detail_lookup,100.0,True,0.5577,0,,,
MB-0168-G-080,games,psu_fact,The Last of Us Part I / Part II เป็นเกมแนวไหน,"The Last of Us Part I / Part II: The Last of Us คือเกมผจญภัยเอาตัวรอดที่เน้นเนื้อเรื่อง การลอบเร้น และการจัดการทรัพยากร แนวเกม: เกม Action-Adventure / Survival วิธีเล่นโดยสรุป: สำรวจ ฉวยโอกาสลอบเร้น ต่อสู้ เก็บทรัพยากร และดำเนินเรื่องผ่านภารกิจต่าง ๆ เล่นได้ที่: PlayStation 5 Zone รายการปัจจุบันในระบบจอง: The Last of Us Part I, The Last of Us Part II (Remastered) แหล่งข้อมูล: https://esports.phuket.psu.ac.th/Services/our-games",pipeline:structured_game_detail,games/game_detail_lookup,100.0,True,0.9795,0,,,
MB-0169-G-081,games,psu_fact,Uncharted: Legacy of Thieves Collection คือเกมอะไร,Uncharted: Legacy of Thieves Collection: Uncharted คือเกมผจญภัยแนวล่าสมบัติที่เน้นปีนป่าย สำรวจ แก้ปริศนา และฉากแอ็กชัน แนวเกม: เกม Action-Adventure วิธีเล่นโดยสรุป: สำรวจฉาก ปีนป่าย แก้ปริศนา ยิงต่อสู้ และดำเนินเรื่องผ่านภารกิจ เล่นได้ที่: PlayStation 5 Zone แหล่งข้อมูล: https://esports.phuket.psu.ac.th/Services/our-games,pipeline:structured_game_detail,games/game_availability_lookup,100.0,True,1.0201,0,,,
MB-0170-G-082,games,psu_fact,Uncharted: Legacy of Thieves Collection เล่นได้ที่ไหน,ได้ครับ Uncharted: Legacy of Thieves Collection เล่นได้ที่ PlayStation 5 Zone - PlayStation 5 #01-#02 แหล่งข้อมูล: https://esports.computing.psu.ac.th/,pipeline:structured_service_game_availability,games/game_availability_lookup,100.0,True,0.9276,0,,,
MB-0171-G-083,games,psu_fact,Uncharted: Legacy of Thieves Collection เล่นยังไง,Uncharted: Legacy of Thieves Collection: Uncharted คือเกมผจญภัยแนวล่าสมบัติที่เน้นปีนป่าย สำรวจ แก้ปริศนา และฉากแอ็กชัน แนวเกม: เกม Action-Adventure วิธีเล่นโดยสรุป: สำรวจฉาก ปีนป่าย แก้ปริศนา ยิงต่อสู้ และดำเนินเรื่องผ่านภารกิจ เล่นได้ที่: PlayStation 5 Zone แหล่งข้อมูล: https://esports.phuket.psu.ac.th/Services/our-games,pipeline:structured_game_detail,games/game_detail_lookup,100.0,True,0.8281,0,,,
MB-0172-G-084,games,psu_fact,Uncharted: Legacy of Thieves Collection เป็นเกมแนวไหน,Uncharted: Legacy of Thieves Collection: Uncharted คือเกมผจญภัยแนวล่าสมบัติที่เน้นปีนป่าย สำรวจ แก้ปริศนา และฉากแอ็กชัน แนวเกม: เกม Action-Adventure วิธีเล่นโดยสรุป: สำรวจฉาก ปีนป่าย แก้ปริศนา ยิงต่อสู้ และดำเนินเรื่องผ่านภารกิจ เล่นได้ที่: PlayStation 5 Zone แหล่งข้อมูล: https://esports.phuket.psu.ac.th/Services/our-games,pipeline:structured_game_detail,games/game_detail_lookup,100.0,True,1.0574,0,,,
MB-0173-G-085,games,psu_fact,Mario Kart 8 Deluxe คือเกมอะไร,Mario Kart 8 Deluxe: Mario Kart 8 Deluxe คือเกมแข่งรถสไตล์ปาร์ตี้ที่ใช้ตัวละคร Nintendo ขับรถแข่งกันในสนามหลากหลายแบบ แนวเกม: เกมแข่งรถ Party Racing วิธีเล่นโดยสรุป: เลือกตัวละครและรถ ขับเข้าเส้นชัย ใช้ไอเทมช่วยโจมตี/ป้องกัน และเล่นสนุกได้หลายคน เล่นได้ที่: Nintendo Switch Zone แหล่งข้อมูล: https://esports.phuket.psu.ac.th/Services/our-games,pipeline:structured_game_detail,games/game_availability_lookup,100.0,True,0.6928,0,,,
MB-0174-G-086,games,psu_fact,Mario Kart 8 Deluxe เล่นได้ที่ไหน,"ได้ครับ Mario Kart 8 Deluxe เล่นได้ที่ Nintendo Switch Zone - Nintendo Switch (1-2 Persons), Nintendo Switch Zone - Nintendo Switch (1-4 Persons) แหล่งข้อมูล: https://esports.computing.psu.ac.th/",pipeline:structured_service_game_availability,games/game_availability_lookup,100.0,True,0.5276,0,,,
MB-0175-G-087,games,psu_fact,Mario Kart 8 Deluxe เล่นยังไง,Mario Kart 8 Deluxe: Mario Kart 8 Deluxe คือเกมแข่งรถสไตล์ปาร์ตี้ที่ใช้ตัวละคร Nintendo ขับรถแข่งกันในสนามหลากหลายแบบ แนวเกม: เกมแข่งรถ Party Racing วิธีเล่นโดยสรุป: เลือกตัวละครและรถ ขับเข้าเส้นชัย ใช้ไอเทมช่วยโจมตี/ป้องกัน และเล่นสนุกได้หลายคน เล่นได้ที่: Nintendo Switch Zone แหล่งข้อมูล: https://esports.phuket.psu.ac.th/Services/our-games,pipeline:structured_game_detail,games/game_detail_lookup,100.0,True,0.4622,0,,,
MB-0176-G-088,games,psu_fact,Mario Kart 8 Deluxe เป็นเกมแนวไหน,Mario Kart 8 Deluxe: Mario Kart 8 Deluxe คือเกมแข่งรถสไตล์ปาร์ตี้ที่ใช้ตัวละคร Nintendo ขับรถแข่งกันในสนามหลากหลายแบบ แนวเกม: เกมแข่งรถ Party Racing วิธีเล่นโดยสรุป: เลือกตัวละครและรถ ขับเข้าเส้นชัย ใช้ไอเทมช่วยโจมตี/ป้องกัน และเล่นสนุกได้หลายคน เล่นได้ที่: Nintendo Switch Zone แหล่งข้อมูล: https://esports.phuket.psu.ac.th/Services/our-games,pipeline:structured_game_detail,games/game_detail_lookup,100.0,True,0.8169,0,,,
MB-0177-G-089,games,psu_fact,Overcooked 2 คือเกมอะไร,Overcooked! 2: Overcooked 2 คือเกมทำอาหารแบบร่วมมือกัน ผู้เล่นต้องแบ่งหน้าที่ เตรียมอาหาร เสิร์ฟ และจัดการครัวที่วุ่นวาย แนวเกม: เกม Co-op ทำอาหาร วิธีเล่นโดยสรุป: ช่วยกันหั่นวัตถุดิบ ปรุง เสิร์ฟ ล้างจาน และสื่อสารกับทีมให้ทันเวลา เล่นได้ที่: Nintendo Switch Zone แหล่งข้อมูล: https://esports.phuket.psu.ac.th/Services/our-games,pipeline:structured_game_detail,games/game_availability_lookup,100.0,True,0.6337,0,,,
MB-0178-G-090,games,psu_fact,Overcooked 2 เล่นได้ที่ไหน,"ได้ครับ Overcooked! 2 เล่นได้ที่ Nintendo Switch Zone - Nintendo Switch (1-2 Persons), Nintendo Switch Zone - Nintendo Switch (1-4 Persons) แหล่งข้อมูล: https://esports.computing.psu.ac.th/",pipeline:structured_service_game_availability,games/game_availability_lookup,100.0,True,0.5041,0,,,
MB-0179-G-091,games,psu_fact,Overcooked 2 เล่นยังไง,Overcooked! 2: Overcooked 2 คือเกมทำอาหารแบบร่วมมือกัน ผู้เล่นต้องแบ่งหน้าที่ เตรียมอาหาร เสิร์ฟ และจัดการครัวที่วุ่นวาย แนวเกม: เกม Co-op ทำอาหาร วิธีเล่นโดยสรุป: ช่วยกันหั่นวัตถุดิบ ปรุง เสิร์ฟ ล้างจาน และสื่อสารกับทีมให้ทันเวลา เล่นได้ที่: Nintendo Switch Zone แหล่งข้อมูล: https://esports.phuket.psu.ac.th/Services/our-games,pipeline:structured_game_detail,games/game_detail_lookup,100.0,True,0.3912,0,,,
MB-0180-G-092,games,psu_fact,Overcooked 2 เป็นเกมแนวไหน,Overcooked! 2: Overcooked 2 คือเกมทำอาหารแบบร่วมมือกัน ผู้เล่นต้องแบ่งหน้าที่ เตรียมอาหาร เสิร์ฟ และจัดการครัวที่วุ่นวาย แนวเกม: เกม Co-op ทำอาหาร วิธีเล่นโดยสรุป: ช่วยกันหั่นวัตถุดิบ ปรุง เสิร์ฟ ล้างจาน และสื่อสารกับทีมให้ทันเวลา เล่นได้ที่: Nintendo Switch Zone แหล่งข้อมูล: https://esports.phuket.psu.ac.th/Services/our-games,pipeline:structured_game_detail,games/game_detail_lookup,100.0,True,0.6436,0,,,
MB-0181-G-093,games,psu_fact,Super Smash Bros Ultimate คือเกมอะไร,Super Smash Bros Ultimate: Super Smash Bros Ultimate คือเกมต่อสู้ที่ใช้ตัวละครจากหลายเกม ผลักคู่ต่อสู้ออกจากฉากเพื่อทำคะแนน แนวเกม: เกมต่อสู้แบบ Platform Fighter วิธีเล่นโดยสรุป: เลือกตัวละคร ใช้ท่าโจมตี หลบ กระโดด และพยายามทำให้คู่แข่งกระเด็นออกนอกสนาม เล่นได้ที่: Nintendo Switch Zone แหล่งข้อมูล: https://esports.phuket.psu.ac.th/Services/our-games,pipeline:structured_game_detail,games/game_availability_lookup,100.0,True,0.7282,0,,,
MB-0182-G-094,games,psu_fact,Super Smash Bros Ultimate เล่นได้ที่ไหน,"ได้ครับ Super Smash Bros Ultimate เล่นได้ที่ Nintendo Switch Zone - Nintendo Switch (1-2 Persons), Nintendo Switch Zone - Nintendo Switch (1-4 Persons) แหล่งข้อมูล: https://esports.computing.psu.ac.th/",pipeline:structured_service_game_availability,games/game_availability_lookup,100.0,True,0.5369,0,,,
MB-0183-G-095,games,psu_fact,Super Smash Bros Ultimate เล่นยังไง,Super Smash Bros Ultimate: Super Smash Bros Ultimate คือเกมต่อสู้ที่ใช้ตัวละครจากหลายเกม ผลักคู่ต่อสู้ออกจากฉากเพื่อทำคะแนน แนวเกม: เกมต่อสู้แบบ Platform Fighter วิธีเล่นโดยสรุป: เลือกตัวละคร ใช้ท่าโจมตี หลบ กระโดด และพยายามทำให้คู่แข่งกระเด็นออกนอกสนาม เล่นได้ที่: Nintendo Switch Zone แหล่งข้อมูล: https://esports.phuket.psu.ac.th/Services/our-games,pipeline:structured_game_detail,games/game_detail_lookup,100.0,True,0.5713,0,,,
MB-0184-G-096,games,psu_fact,Super Smash Bros Ultimate เป็นเกมแนวไหน,Super Smash Bros Ultimate: Super Smash Bros Ultimate คือเกมต่อสู้ที่ใช้ตัวละครจากหลายเกม ผลักคู่ต่อสู้ออกจากฉากเพื่อทำคะแนน แนวเกม: เกมต่อสู้แบบ Platform Fighter วิธีเล่นโดยสรุป: เลือกตัวละคร ใช้ท่าโจมตี หลบ กระโดด และพยายามทำให้คู่แข่งกระเด็นออกนอกสนาม เล่นได้ที่: Nintendo Switch Zone แหล่งข้อมูล: https://esports.phuket.psu.ac.th/Services/our-games,pipeline:structured_game_detail,games/game_detail_lookup,100.0,True,0.7657,0,,,
MB-0185-G-097,games,psu_fact,Nintendo Switch Sports คือเกมอะไร,Nintendo Switch Sports: Nintendo Switch Sports คือเกมกีฬาที่ใช้การขยับ Joy-Con จำลองการเล่นกีฬาหลายประเภท แนวเกม: เกมกีฬา Motion Control วิธีเล่นโดยสรุป: ถือ Joy-Con แล้วขยับตามกีฬาที่เลือก เช่น ตี โยน หรือแกว่งตามท่าทางในเกม เล่นได้ที่: Nintendo Switch Zone แหล่งข้อมูล: https://esports.phuket.psu.ac.th/Services/our-games,pipeline:structured_game_detail,games/game_availability_lookup,100.0,True,0.5182,0,,,
MB-0186-G-098,games,psu_fact,Nintendo Switch Sports เล่นได้ที่ไหน,"ได้ครับ Nintendo Switch Sports เล่นได้ที่ Nintendo Switch Zone - Nintendo Switch (1-2 Persons), Nintendo Switch Zone - Nintendo Switch (1-4 Persons) แหล่งข้อมูล: https://esports.computing.psu.ac.th/",pipeline:structured_service_game_availability,games/game_availability_lookup,100.0,True,0.5474,0,,,
MB-0187-G-099,games,psu_fact,Nintendo Switch Sports เล่นยังไง,Nintendo Switch Sports ปุ่มที่ตรงกับคำถาม: Nintendo Switch • Joy-Con motion: เล่นท่ากีฬาด้วยการขยับ Joy-Con - เกมใช้ Joy-Con หรือ Joy-Con 2 ตามชนิดกีฬาที่เลือก โดยการออกท่าจะขึ้นกับกีฬานั้น ๆ • + Button on controller-holding screen: เลือกโหมดสายรัดขาใน Soccer ตอนเล่น Local/Friends - ในหน้าวิธีถือ Joy-Con ให้กด + เพื่อเปลี่ยนเป็น Leg-Strap Mode แหล่งข้อมูล: https://en-americas-support.nintendo.com/app/answers/detail/a_id/58596/~/nintendo-switch-sports-faq,pipeline:structured_game_controls,games/game_control_lookup,100.0,True,0.5225,0,,,
MB-0188-G-100,games,psu_fact,Nintendo Switch Sports เป็นเกมแนวไหน,Nintendo Switch Sports: Nintendo Switch Sports คือเกมกีฬาที่ใช้การขยับ Joy-Con จำลองการเล่นกีฬาหลายประเภท แนวเกม: เกมกีฬา Motion Control วิธีเล่นโดยสรุป: ถือ Joy-Con แล้วขยับตามกีฬาที่เลือก เช่น ตี โยน หรือแกว่งตามท่าทางในเกม เล่นได้ที่: Nintendo Switch Zone แหล่งข้อมูล: https://esports.phuket.psu.ac.th/Services/our-games,pipeline:structured_game_detail,games/game_detail_lookup,100.0,True,0.5669,0,,,
MB-0189-G-101,games,psu_fact,Animal Crossing: New Horizons คือเกมอะไร,Animal Crossing: New Horizons: Animal Crossing: New Horizons คือเกมใช้ชีวิตบนเกาะ ผู้เล่นตกแต่งบ้าน เก็บของ สร้างพื้นที่ และพูดคุยกับชาวเกาะ แนวเกม: เกม Life Simulation วิธีเล่นโดยสรุป: เล่นแบบสบาย ๆ โดยเก็บทรัพยากร ตกปลา จับแมลง ตกแต่งเกาะ และทำกิจกรรมประจำวัน เล่นได้ที่: Nintendo Switch Zone แหล่งข้อมูล: https://esports.phuket.psu.ac.th/Services/our-games,pipeline:structured_game_detail,games/game_availability_lookup,100.0,True,0.8156,0,,,
MB-0190-G-102,games,psu_fact,Animal Crossing: New Horizons เล่นได้ที่ไหน,"ได้ครับ Animal Crossing: New Horizons เล่นได้ที่ Nintendo Switch Zone - Nintendo Switch (1-2 Persons), Nintendo Switch Zone - Nintendo Switch (1-4 Persons) แหล่งข้อมูล: https://esports.computing.psu.ac.th/",pipeline:structured_service_game_availability,games/game_availability_lookup,100.0,True,0.6099,0,,,
MB-0191-G-103,games,psu_fact,Animal Crossing: New Horizons เล่นยังไง,Animal Crossing: New Horizons: Animal Crossing: New Horizons คือเกมใช้ชีวิตบนเกาะ ผู้เล่นตกแต่งบ้าน เก็บของ สร้างพื้นที่ และพูดคุยกับชาวเกาะ แนวเกม: เกม Life Simulation วิธีเล่นโดยสรุป: เล่นแบบสบาย ๆ โดยเก็บทรัพยากร ตกปลา จับแมลง ตกแต่งเกาะ และทำกิจกรรมประจำวัน เล่นได้ที่: Nintendo Switch Zone แหล่งข้อมูล: https://esports.phuket.psu.ac.th/Services/our-games,pipeline:structured_game_detail,games/game_detail_lookup,100.0,True,0.6117,0,,,
MB-0192-G-104,games,psu_fact,Animal Crossing: New Horizons เป็นเกมแนวไหน,Animal Crossing: New Horizons: Animal Crossing: New Horizons คือเกมใช้ชีวิตบนเกาะ ผู้เล่นตกแต่งบ้าน เก็บของ สร้างพื้นที่ และพูดคุยกับชาวเกาะ แนวเกม: เกม Life Simulation วิธีเล่นโดยสรุป: เล่นแบบสบาย ๆ โดยเก็บทรัพยากร ตกปลา จับแมลง ตกแต่งเกาะ และทำกิจกรรมประจำวัน เล่นได้ที่: Nintendo Switch Zone แหล่งข้อมูล: https://esports.phuket.psu.ac.th/Services/our-games,pipeline:structured_game_detail,games/game_detail_lookup,100.0,True,0.8795,0,,,
MB-0193-G-105,games,psu_fact,It Takes Two คือเกมอะไร,It Takes Two: It Takes Two คือเกมผจญภัยสำหรับเล่นร่วมกันสองคน ที่ต้องช่วยกันแก้ปริศนาและผ่านด่าน แนวเกม: เกม Co-op Adventure วิธีเล่นโดยสรุป: ผู้เล่นสองคนต้องสื่อสาร แบ่งหน้าที่ ใช้ความสามารถของตัวละคร และช่วยกันผ่านอุปสรรค เล่นได้ที่: Nintendo Switch Zone แหล่งข้อมูล: https://esports.phuket.psu.ac.th/Services/our-games,pipeline:structured_game_detail,games/game_availability_lookup,100.0,True,0.5811,0,,,
MB-0194-G-106,games,psu_fact,It Takes Two เล่นได้ที่ไหน,"ได้ครับ It Takes Two เล่นได้ที่ Nintendo Switch Zone - Nintendo Switch (1-2 Persons), Nintendo Switch Zone - Nintendo Switch (1-4 Persons) แหล่งข้อมูล: https://esports.computing.psu.ac.th/",pipeline:structured_service_game_availability,games/game_availability_lookup,100.0,True,0.4319,0,,,
MB-0195-G-107,games,psu_fact,It Takes Two เล่นยังไง,It Takes Two: It Takes Two คือเกมผจญภัยสำหรับเล่นร่วมกันสองคน ที่ต้องช่วยกันแก้ปริศนาและผ่านด่าน แนวเกม: เกม Co-op Adventure วิธีเล่นโดยสรุป: ผู้เล่นสองคนต้องสื่อสาร แบ่งหน้าที่ ใช้ความสามารถของตัวละคร และช่วยกันผ่านอุปสรรค เล่นได้ที่: Nintendo Switch Zone แหล่งข้อมูล: https://esports.phuket.psu.ac.th/Services/our-games,pipeline:structured_game_detail,games/game_detail_lookup,100.0,True,0.4077,0,,,
MB-0196-G-108,games,psu_fact,It Takes Two เป็นเกมแนวไหน,It Takes Two: It Takes Two คือเกมผจญภัยสำหรับเล่นร่วมกันสองคน ที่ต้องช่วยกันแก้ปริศนาและผ่านด่าน แนวเกม: เกม Co-op Adventure วิธีเล่นโดยสรุป: ผู้เล่นสองคนต้องสื่อสาร แบ่งหน้าที่ ใช้ความสามารถของตัวละคร และช่วยกันผ่านอุปสรรค เล่นได้ที่: Nintendo Switch Zone แหล่งข้อมูล: https://esports.phuket.psu.ac.th/Services/our-games,pipeline:structured_game_detail,games/game_detail_lookup,100.0,True,0.5758,0,,,
MB-0197-G-109,games,psu_fact,Luigi's Mansion 3 คือเกมอะไร,Luigi's Mansion 3: Luigi's Mansion 3 คือเกมผจญภัยจับผีที่ผู้เล่นสำรวจโรงแรมและแก้ปริศนา แนวเกม: เกม Action Puzzle วิธีเล่นโดยสรุป: ใช้เครื่องดูดผี สำรวจห้อง แก้ปริศนา และจับผีเพื่อผ่านด่าน เล่นได้ที่: Nintendo Switch Zone แหล่งข้อมูล: https://esports.phuket.psu.ac.th/Services/our-games,pipeline:structured_game_detail,games/game_availability_lookup,100.0,True,0.651,0,,,
MB-0198-G-110,games,psu_fact,Luigi's Mansion 3 เล่นได้ที่ไหน,"ได้ครับ Luigi's Mansion 3 เล่นได้ที่ Nintendo Switch Zone - Nintendo Switch (1-2 Persons), Nintendo Switch Zone - Nintendo Switch (1-4 Persons) แหล่งข้อมูล: https://esports.computing.psu.ac.th/",pipeline:structured_service_game_availability,games/game_availability_lookup,100.0,True,0.5455,0,,,
MB-0199-G-111,games,psu_fact,Luigi's Mansion 3 เล่นยังไง,Luigi's Mansion 3: Luigi's Mansion 3 คือเกมผจญภัยจับผีที่ผู้เล่นสำรวจโรงแรมและแก้ปริศนา แนวเกม: เกม Action Puzzle วิธีเล่นโดยสรุป: ใช้เครื่องดูดผี สำรวจห้อง แก้ปริศนา และจับผีเพื่อผ่านด่าน เล่นได้ที่: Nintendo Switch Zone แหล่งข้อมูล: https://esports.phuket.psu.ac.th/Services/our-games,pipeline:structured_game_detail,games/game_detail_lookup,100.0,True,0.475,0,,,
MB-0200-G-112,games,psu_fact,Luigi's Mansion 3 เป็นเกมแนวไหน,Luigi's Mansion 3: Luigi's Mansion 3 คือเกมผจญภัยจับผีที่ผู้เล่นสำรวจโรงแรมและแก้ปริศนา แนวเกม: เกม Action Puzzle วิธีเล่นโดยสรุป: ใช้เครื่องดูดผี สำรวจห้อง แก้ปริศนา และจับผีเพื่อผ่านด่าน เล่นได้ที่: Nintendo Switch Zone แหล่งข้อมูล: https://esports.phuket.psu.ac.th/Services/our-games,pipeline:structured_game_detail,games/game_detail_lookup,100.0,True,0.7241,0,,,
MB-0201-G-113,games,psu_fact,Mario Party Superstars คือเกมอะไร,Mario Party Superstars: Mario Party Superstars คือเกมปาร์ตี้ที่เล่นบนกระดานและแข่งมินิเกมกับเพื่อน แนวเกม: เกม Party / Mini-games วิธีเล่นโดยสรุป: ทอยลูกเต๋าเดินบนกระดาน เก็บดาว และเล่นมินิเกมเพื่อทำคะแนน เล่นได้ที่: Nintendo Switch Zone แหล่งข้อมูล: https://esports.phuket.psu.ac.th/Services/our-games,pipeline:structured_game_detail,games/game_availability_lookup,100.0,True,0.7357,0,,,
MB-0202-G-114,games,psu_fact,Mario Party Superstars เล่นได้ที่ไหน,"ได้ครับ Mario Party Superstars เล่นได้ที่ Nintendo Switch Zone - Nintendo Switch (1-2 Persons), Nintendo Switch Zone - Nintendo Switch (1-4 Persons) แหล่งข้อมูล: https://esports.computing.psu.ac.th/",pipeline:structured_service_game_availability,games/game_availability_lookup,100.0,True,0.6845,0,,,
MB-0203-G-115,games,psu_fact,Mario Party Superstars เล่นยังไง,"Mario Party Superstars มีข้อมูลปุ่มควบคุมดังนี้: Nintendo Switch • Button controls: เล่นบอร์ดและมินิเกมด้วยปุ่ม - แหล่งทางการยืนยันว่า 100 มินิเกมรองรับ button controls และเล่นได้ด้วย Joy-Con หรือ Nintendo Switch Pro Controller • Single Joy-Con / Joy-Con grip / Pro Controller: รูปแบบคอนโทรลเลอร์ที่รองรับ - สามารถเล่นด้วย Joy-Con เดี่ยว, Joy-Con grip, Nintendo Switch Pro Controller หรือ Nintendo Switch Lite ตามข้อมูล Play Nintendo แหล่งข้อมูล: https://play.nintendo.com/news-tips/game-releases/mario-party-superstars-game-announcement/",pipeline:structured_game_controls,games/game_control_lookup,100.0,True,0.6735,0,,,
MB-0204-G-116,games,psu_fact,Mario Party Superstars เป็นเกมแนวไหน,Mario Party Superstars: Mario Party Superstars คือเกมปาร์ตี้ที่เล่นบนกระดานและแข่งมินิเกมกับเพื่อน แนวเกม: เกม Party / Mini-games วิธีเล่นโดยสรุป: ทอยลูกเต๋าเดินบนกระดาน เก็บดาว และเล่นมินิเกมเพื่อทำคะแนน เล่นได้ที่: Nintendo Switch Zone แหล่งข้อมูล: https://esports.phuket.psu.ac.th/Services/our-games,pipeline:structured_game_detail,games/game_detail_lookup,100.0,True,0.8706,0,,,
MB-0205-G-117,games,psu_fact,Monster Hunter Rise คือเกมอะไร,Monster Hunter Rise: Monster Hunter Rise คือเกมล่ามอนสเตอร์ที่ผู้เล่นเลือกอาวุธ ทำภารกิจ และเก็บวัตถุดิบมาสร้างอุปกรณ์ แนวเกม: เกม Action RPG ล่ามอนสเตอร์ วิธีเล่นโดยสรุป: เลือกอาวุธ รับเควสต์ ตามหามอนสเตอร์ หลบ/โจมตีให้ถูกจังหวะ และคราฟต์อุปกรณ์จากวัตถุดิบ เล่นได้ที่: Nintendo Switch Zone แหล่งข้อมูล: https://esports.phuket.psu.ac.th/Services/our-games,pipeline:structured_game_detail,games/game_availability_lookup,100.0,True,0.7104,0,,,
MB-0206-G-118,games,psu_fact,Monster Hunter Rise เล่นได้ที่ไหน,"ได้ครับ Monster Hunter Rise เล่นได้ที่ Nintendo Switch Zone - Nintendo Switch (1-2 Persons), Nintendo Switch Zone - Nintendo Switch (1-4 Persons) แหล่งข้อมูล: https://esports.computing.psu.ac.th/",pipeline:structured_service_game_availability,games/game_availability_lookup,100.0,True,0.5998,0,,,
MB-0207-G-119,games,psu_fact,Monster Hunter Rise เล่นยังไง,Monster Hunter Rise: Monster Hunter Rise คือเกมล่ามอนสเตอร์ที่ผู้เล่นเลือกอาวุธ ทำภารกิจ และเก็บวัตถุดิบมาสร้างอุปกรณ์ แนวเกม: เกม Action RPG ล่ามอนสเตอร์ วิธีเล่นโดยสรุป: เลือกอาวุธ รับเควสต์ ตามหามอนสเตอร์ หลบ/โจมตีให้ถูกจังหวะ และคราฟต์อุปกรณ์จากวัตถุดิบ เล่นได้ที่: Nintendo Switch Zone แหล่งข้อมูล: https://esports.phuket.psu.ac.th/Services/our-games,pipeline:structured_game_detail,games/game_detail_lookup,100.0,True,0.612,0,,,
MB-0208-G-120,games,psu_fact,Monster Hunter Rise เป็นเกมแนวไหน,Monster Hunter Rise: Monster Hunter Rise คือเกมล่ามอนสเตอร์ที่ผู้เล่นเลือกอาวุธ ทำภารกิจ และเก็บวัตถุดิบมาสร้างอุปกรณ์ แนวเกม: เกม Action RPG ล่ามอนสเตอร์ วิธีเล่นโดยสรุป: เลือกอาวุธ รับเควสต์ ตามหามอนสเตอร์ หลบ/โจมตีให้ถูกจังหวะ และคราฟต์อุปกรณ์จากวัตถุดิบ เล่นได้ที่: Nintendo Switch Zone แหล่งข้อมูล: https://esports.phuket.psu.ac.th/Services/our-games,pipeline:structured_game_detail,games/game_detail_lookup,100.0,True,0.7736,0,,,
MB-0209-G-121,games,psu_fact,Moving Out 2 คือเกมอะไร,Moving Out 2: Moving Out 2 คือเกมย้ายของแบบร่วมมือกันที่ต้องช่วยกันขนของผ่านฉากวุ่น ๆ แนวเกม: เกม Co-op Puzzle / Party วิธีเล่นโดยสรุป: ช่วยกันยก โยน วางแผนเส้นทาง และขนของให้เสร็จภายในเวลา เล่นได้ที่: Nintendo Switch Zone แหล่งข้อมูล: https://esports.phuket.psu.ac.th/Services/our-games,pipeline:structured_game_detail,games/game_availability_lookup,100.0,True,0.6225,0,,,
MB-0210-G-122,games,psu_fact,Moving Out 2 เล่นได้ที่ไหน,"ได้ครับ Moving Out 2 เล่นได้ที่ Nintendo Switch Zone - Nintendo Switch (1-2 Persons), Nintendo Switch Zone - Nintendo Switch (1-4 Persons) แหล่งข้อมูล: https://esports.computing.psu.ac.th/",pipeline:structured_service_game_availability,games/game_availability_lookup,100.0,True,0.4218,0,,,
MB-0211-G-123,games,psu_fact,Moving Out 2 เล่นยังไง,Moving Out 2: Moving Out 2 คือเกมย้ายของแบบร่วมมือกันที่ต้องช่วยกันขนของผ่านฉากวุ่น ๆ แนวเกม: เกม Co-op Puzzle / Party วิธีเล่นโดยสรุป: ช่วยกันยก โยน วางแผนเส้นทาง และขนของให้เสร็จภายในเวลา เล่นได้ที่: Nintendo Switch Zone แหล่งข้อมูล: https://esports.phuket.psu.ac.th/Services/our-games,pipeline:structured_game_detail,games/game_detail_lookup,100.0,True,0.4198,0,,,
MB-0212-G-124,games,psu_fact,Moving Out 2 เป็นเกมแนวไหน,Moving Out 2: Moving Out 2 คือเกมย้ายของแบบร่วมมือกันที่ต้องช่วยกันขนของผ่านฉากวุ่น ๆ แนวเกม: เกม Co-op Puzzle / Party วิธีเล่นโดยสรุป: ช่วยกันยก โยน วางแผนเส้นทาง และขนของให้เสร็จภายในเวลา เล่นได้ที่: Nintendo Switch Zone แหล่งข้อมูล: https://esports.phuket.psu.ac.th/Services/our-games,pipeline:structured_game_detail,games/game_detail_lookup,100.0,True,0.6629,0,,,
MB-0213-G-125,games,psu_fact,New Super Mario Bros. U Deluxe คือเกมอะไร,New Super Mario Bros. U Deluxe: New Super Mario Bros. U Deluxe คือเกมมาริโอแบบเดินลุยด่าน กระโดด หลบศัตรู และเก็บเหรียญ แนวเกม: เกม Platformer 2D วิธีเล่นโดยสรุป: วิ่ง กระโดด ใช้ power-up ผ่านด่าน และร่วมมือกับเพื่อนได้หลายคน เล่นได้ที่: Nintendo Switch Zone แหล่งข้อมูล: https://esports.phuket.psu.ac.th/Services/our-games,pipeline:structured_game_detail,games/game_availability_lookup,100.0,True,0.7595,0,,,
MB-0214-G-126,games,psu_fact,New Super Mario Bros. U Deluxe เล่นได้ที่ไหน,"ได้ครับ New Super Mario Bros. U Deluxe เล่นได้ที่ Nintendo Switch Zone - Nintendo Switch (1-2 Persons), Nintendo Switch Zone - Nintendo Switch (1-4 Persons) แหล่งข้อมูล: https://esports.computing.psu.ac.th/",pipeline:structured_service_game_availability,games/game_availability_lookup,100.0,True,0.5645,0,,,
MB-0215-G-127,games,psu_fact,New Super Mario Bros. U Deluxe เล่นยังไง,New Super Mario Bros. U Deluxe: New Super Mario Bros. U Deluxe คือเกมมาริโอแบบเดินลุยด่าน กระโดด หลบศัตรู และเก็บเหรียญ แนวเกม: เกม Platformer 2D วิธีเล่นโดยสรุป: วิ่ง กระโดด ใช้ power-up ผ่านด่าน และร่วมมือกับเพื่อนได้หลายคน เล่นได้ที่: Nintendo Switch Zone แหล่งข้อมูล: https://esports.phuket.psu.ac.th/Services/our-games,pipeline:structured_game_detail,games/game_detail_lookup,100.0,True,0.6996,0,,,
MB-0216-G-128,games,psu_fact,New Super Mario Bros. U Deluxe เป็นเกมแนวไหน,New Super Mario Bros. U Deluxe: New Super Mario Bros. U Deluxe คือเกมมาริโอแบบเดินลุยด่าน กระโดด หลบศัตรู และเก็บเหรียญ แนวเกม: เกม Platformer 2D วิธีเล่นโดยสรุป: วิ่ง กระโดด ใช้ power-up ผ่านด่าน และร่วมมือกับเพื่อนได้หลายคน เล่นได้ที่: Nintendo Switch Zone แหล่งข้อมูล: https://esports.phuket.psu.ac.th/Services/our-games,pipeline:structured_game_detail,games/game_detail_lookup,100.0,True,0.8894,0,,,
MB-0217-G-129,games,psu_fact,Ring Fit Adventure คือเกมอะไร,Ring Fit Adventure: Ring Fit Adventure คือเกมออกกำลังกายที่ใช้ Ring-Con และท่าทางร่างกายเพื่อผจญภัยในเกม แนวเกม: เกมออกกำลังกาย Adventure วิธีเล่นโดยสรุป: ใส่ Joy-Con กับ Ring-Con แล้วทำท่าออกกำลังกาย เช่น วิ่ง บีบ ดัน หรือยืด เพื่อโจมตีและผ่านด่าน เล่นได้ที่: Nintendo Switch Zone แหล่งข้อมูล: https://esports.phuket.psu.ac.th/Services/our-games,pipeline:structured_game_detail,games/game_availability_lookup,100.0,True,0.6138,0,,,
MB-0218-G-130,games,psu_fact,Ring Fit Adventure เล่นได้ที่ไหน,"ได้ครับ Ring Fit Adventure เล่นได้ที่ Nintendo Switch Zone - Nintendo Switch (1-2 Persons), Nintendo Switch Zone - Nintendo Switch (1-4 Persons) แหล่งข้อมูล: https://esports.computing.psu.ac.th/",pipeline:structured_service_game_availability,games/game_availability_lookup,100.0,True,0.5146,0,,,
MB-0219-G-131,games,psu_fact,Ring Fit Adventure เล่นยังไง,Ring Fit Adventure: Ring Fit Adventure คือเกมออกกำลังกายที่ใช้ Ring-Con และท่าทางร่างกายเพื่อผจญภัยในเกม แนวเกม: เกมออกกำลังกาย Adventure วิธีเล่นโดยสรุป: ใส่ Joy-Con กับ Ring-Con แล้วทำท่าออกกำลังกาย เช่น วิ่ง บีบ ดัน หรือยืด เพื่อโจมตีและผ่านด่าน เล่นได้ที่: Nintendo Switch Zone แหล่งข้อมูล: https://esports.phuket.psu.ac.th/Services/our-games,pipeline:structured_game_detail,games/game_detail_lookup,100.0,True,0.5655,0,,,
MB-0220-G-132,games,psu_fact,Ring Fit Adventure เป็นเกมแนวไหน,Ring Fit Adventure: Ring Fit Adventure คือเกมออกกำลังกายที่ใช้ Ring-Con และท่าทางร่างกายเพื่อผจญภัยในเกม แนวเกม: เกมออกกำลังกาย Adventure วิธีเล่นโดยสรุป: ใส่ Joy-Con กับ Ring-Con แล้วทำท่าออกกำลังกาย เช่น วิ่ง บีบ ดัน หรือยืด เพื่อโจมตีและผ่านด่าน เล่นได้ที่: Nintendo Switch Zone แหล่งข้อมูล: https://esports.phuket.psu.ac.th/Services/our-games,pipeline:structured_game_detail,games/game_detail_lookup,100.0,True,0.7907,0,,,
MB-0221-G-133,games,psu_fact,Super Mario Odyssey คือเกมอะไร,Super Mario Odyssey: Super Mario Odyssey คือเกมผจญภัย 3D ที่ Mario สำรวจโลกต่าง ๆ และเก็บ Power Moon แนวเกม: เกม Platformer 3D วิธีเล่นโดยสรุป: วิ่ง กระโดด ใช้หมวก Cappy จับ/ควบคุมบางสิ่ง และสำรวจฉากเพื่อเก็บเป้าหมาย เล่นได้ที่: Nintendo Switch Zone แหล่งข้อมูล: https://esports.phuket.psu.ac.th/Services/our-games,pipeline:structured_game_detail,games/game_availability_lookup,100.0,True,0.6717,0,,,
MB-0222-G-134,games,psu_fact,Super Mario Odyssey เล่นได้ที่ไหน,"ได้ครับ Super Mario Odyssey เล่นได้ที่ Nintendo Switch Zone - Nintendo Switch (1-2 Persons), Nintendo Switch Zone - Nintendo Switch (1-4 Persons) แหล่งข้อมูล: https://esports.computing.psu.ac.th/",pipeline:structured_service_game_availability,games/game_availability_lookup,100.0,True,0.5921,0,,,
MB-0223-G-135,games,psu_fact,Super Mario Odyssey เล่นยังไง,Super Mario Odyssey: Super Mario Odyssey คือเกมผจญภัย 3D ที่ Mario สำรวจโลกต่าง ๆ และเก็บ Power Moon แนวเกม: เกม Platformer 3D วิธีเล่นโดยสรุป: วิ่ง กระโดด ใช้หมวก Cappy จับ/ควบคุมบางสิ่ง และสำรวจฉากเพื่อเก็บเป้าหมาย เล่นได้ที่: Nintendo Switch Zone แหล่งข้อมูล: https://esports.phuket.psu.ac.th/Services/our-games,pipeline:structured_game_detail,games/game_detail_lookup,100.0,True,0.5494,0,,,
MB-0224-G-136,games,psu_fact,Super Mario Odyssey เป็นเกมแนวไหน,Super Mario Odyssey: Super Mario Odyssey คือเกมผจญภัย 3D ที่ Mario สำรวจโลกต่าง ๆ และเก็บ Power Moon แนวเกม: เกม Platformer 3D วิธีเล่นโดยสรุป: วิ่ง กระโดด ใช้หมวก Cappy จับ/ควบคุมบางสิ่ง และสำรวจฉากเพื่อเก็บเป้าหมาย เล่นได้ที่: Nintendo Switch Zone แหล่งข้อมูล: https://esports.phuket.psu.ac.th/Services/our-games,pipeline:structured_game_detail,games/game_detail_lookup,100.0,True,0.76,0,,,
MB-0225-G-137,games,psu_fact,The Legend of Zelda: Breath of the Wild คือเกมอะไร,The Legend of Zelda: Breath of The Wild: The Legend of Zelda: Breath of the Wild คือเกมผจญภัยโลกเปิดที่ให้ผู้เล่นสำรวจ ต่อสู้ แก้ปริศนา และทดลองวิธีผ่านสถานการณ์ต่าง ๆ แนวเกม: เกม Open-world Adventure วิธีเล่นโดยสรุป: สำรวจแผนที่ เก็บอาวุธ/อาหาร แก้ shrine ต่อสู้ และเลือกเส้นทางการผจญภัยเองได้มาก เล่นได้ที่: Nintendo Switch Zone แหล่งข้อมูล: https://esports.phuket.psu.ac.th/Services/our-games,pipeline:structured_game_detail,games/game_availability_lookup,100.0,True,1.0139,0,,,
MB-0226-G-138,games,psu_fact,The Legend of Zelda: Breath of the Wild เล่นได้ที่ไหน,"ได้ครับ The Legend of Zelda: Breath of The Wild เล่นได้ที่ Nintendo Switch Zone - Nintendo Switch (1-2 Persons), Nintendo Switch Zone - Nintendo Switch (1-4 Persons) แหล่งข้อมูล: https://esports.computing.psu.ac.th/",pipeline:structured_service_game_availability,games/game_availability_lookup,100.0,True,0.5965,0,,,
MB-0227-G-139,games,psu_fact,The Legend of Zelda: Breath of the Wild เล่นยังไง,The Legend of Zelda: Breath of The Wild: The Legend of Zelda: Breath of the Wild คือเกมผจญภัยโลกเปิดที่ให้ผู้เล่นสำรวจ ต่อสู้ แก้ปริศนา และทดลองวิธีผ่านสถานการณ์ต่าง ๆ แนวเกม: เกม Open-world Adventure วิธีเล่นโดยสรุป: สำรวจแผนที่ เก็บอาวุธ/อาหาร แก้ shrine ต่อสู้ และเลือกเส้นทางการผจญภัยเองได้มาก เล่นได้ที่: Nintendo Switch Zone แหล่งข้อมูล: https://esports.phuket.psu.ac.th/Services/our-games,pipeline:structured_game_detail,games/game_detail_lookup,100.0,True,0.7315,0,,,
MB-0228-G-140,games,psu_fact,The Legend of Zelda: Breath of the Wild เป็นเกมแนวไหน,The Legend of Zelda: Breath of The Wild: The Legend of Zelda: Breath of the Wild คือเกมผจญภัยโลกเปิดที่ให้ผู้เล่นสำรวจ ต่อสู้ แก้ปริศนา และทดลองวิธีผ่านสถานการณ์ต่าง ๆ แนวเกม: เกม Open-world Adventure วิธีเล่นโดยสรุป: สำรวจแผนที่ เก็บอาวุธ/อาหาร แก้ shrine ต่อสู้ และเลือกเส้นทางการผจญภัยเองได้มาก เล่นได้ที่: Nintendo Switch Zone แหล่งข้อมูล: https://esports.phuket.psu.ac.th/Services/our-games,pipeline:structured_game_detail,games/game_detail_lookup,100.0,True,0.9958,0,,,
MB-0229-G-141,games,psu_fact,Little Nightmares II คือเกมอะไร,Little Nightmares II: Little Nightmares II คือเกมผจญภัยบรรยากาศสยองที่เน้นการหลบหนี แก้ปริศนา และผ่านฉากอันตราย แนวเกม: เกม Puzzle Platform / Horror วิธีเล่นโดยสรุป: เดิน สำรวจ หลบศัตรู ใช้สิ่งของในฉากแก้ปริศนา และหาจังหวะผ่านอุปสรรค เล่นได้ที่: Nintendo Switch Zone แหล่งข้อมูล: https://esports.phuket.psu.ac.th/Services/our-games,pipeline:structured_game_detail,games/game_availability_lookup,100.0,True,0.7659,0,,,
MB-0230-G-142,games,psu_fact,Little Nightmares II เล่นได้ที่ไหน,"ได้ครับ Little Nightmares II เล่นได้ที่ Nintendo Switch Zone - Nintendo Switch (1-2 Persons), Nintendo Switch Zone - Nintendo Switch (1-4 Persons) แหล่งข้อมูล: https://esports.computing.psu.ac.th/",pipeline:structured_service_game_availability,games/game_availability_lookup,100.0,True,0.6315,0,,,
MB-0231-G-143,games,psu_fact,Little Nightmares II เล่นยังไง,Little Nightmares II: Little Nightmares II คือเกมผจญภัยบรรยากาศสยองที่เน้นการหลบหนี แก้ปริศนา และผ่านฉากอันตราย แนวเกม: เกม Puzzle Platform / Horror วิธีเล่นโดยสรุป: เดิน สำรวจ หลบศัตรู ใช้สิ่งของในฉากแก้ปริศนา และหาจังหวะผ่านอุปสรรค เล่นได้ที่: Nintendo Switch Zone แหล่งข้อมูล: https://esports.phuket.psu.ac.th/Services/our-games,pipeline:structured_game_detail,games/game_detail_lookup,100.0,True,0.5452,0,,,
MB-0232-G-144,games,psu_fact,Little Nightmares II เป็นเกมแนวไหน,Little Nightmares II: Little Nightmares II คือเกมผจญภัยบรรยากาศสยองที่เน้นการหลบหนี แก้ปริศนา และผ่านฉากอันตราย แนวเกม: เกม Puzzle Platform / Horror วิธีเล่นโดยสรุป: เดิน สำรวจ หลบศัตรู ใช้สิ่งของในฉากแก้ปริศนา และหาจังหวะผ่านอุปสรรค เล่นได้ที่: Nintendo Switch Zone แหล่งข้อมูล: https://esports.phuket.psu.ac.th/Services/our-games,pipeline:structured_game_detail,games/game_detail_lookup,100.0,True,0.7867,0,,,
MB-0233-G-145,games,psu_fact,มีเกมทั้งหมดกี่เกม,ตอนนี้มีเกมที่ยืนยันได้ทั้งหมด 42 เกมครับ PC Zone (6 เกม) • Call of Duty: Warzone • Counter-Strike 2 • League of Legends • PUBG: BATTLEGROUNDS • TEKKEN 8 • VALORANT PlayStation 5 Zone (17 เกม) • Call of Duty: Modern Warfare III • Delta Force • EA Sports FC 24 • eFootball • FINAL FANTASY XVI • Fortnite • God of War Ragnarok • Hogwarts Legacy • Marvel's Spider-Man 2 • NARUTO X BORUTO Ultimate Ninja Storm Connections • Resident Evil 4 • Resident Evil Village • TEKKEN 8 • THE FINALS • The Last of Us Part I • The Last of Us Part II (Remastered) • Uncharted: Legacy of Thieves Collection Nintendo Switch Zone (17 เกม) • Animal Crossing: New Horizons • It Takes Two • Little Nightmares II • Luigi's Ma,pipeline:structured_games_catalog,games/list,100.0,True,0.3937,0,,,
MB-0234-G-146,games,psu_fact,ตอนนี้มีเกมอะไรบ้าง,ตอนนี้มีเกมที่ยืนยันได้ทั้งหมด 42 เกมครับ PC Zone (6 เกม) • Call of Duty: Warzone • Counter-Strike 2 • League of Legends • PUBG: BATTLEGROUNDS • TEKKEN 8 • VALORANT PlayStation 5 Zone (17 เกม) • Call of Duty: Modern Warfare III • Delta Force • EA Sports FC 24 • eFootball • FINAL FANTASY XVI • Fortnite • God of War Ragnarok • Hogwarts Legacy • Marvel's Spider-Man 2 • NARUTO X BORUTO Ultimate Ninja Storm Connections • Resident Evil 4 • Resident Evil Village • TEKKEN 8 • THE FINALS • The Last of Us Part I • The Last of Us Part II (Remastered) • Uncharted: Legacy of Thieves Collection Nintendo Switch Zone (17 เกม) • Animal Crossing: New Horizons • It Takes Two • Little Nightmares II • Luigi's Ma,pipeline:structured_games_catalog,games/list,100.0,True,0.4452,0,,,
MB-0235-G-147,games,psu_fact,PC มีเกมอะไรบ้าง,"PC Zone แยกรายการเกมตามเลขเครื่องดังนี้ PC #01-#02 (60 นาที, 1 คน) • TEKKEN 8 • Counter-Strike 2 • League of Legends • PUBG: BATTLEGROUNDS • VALORANT หมายเหตุ: PC #01-#02 มี TEKKEN 8 แต่ไม่มี Call of Duty: Warzone หมายเหตุ: PC #01-#02 และ PC #03-#10 มี Counter-Strike 2, League of Legends, PUBG: BATTLEGROUNDS, VALORANT เหมือนกัน PC #03-#10 (60 นาที, 1 คน) • Call of Duty: Warzone • Counter-Strike 2 • League of Legends • PUBG: BATTLEGROUNDS • VALORANT หมายเหตุ: PC #03-#10 มี Call of Duty: Warzone แต่ไม่มี TEKKEN 8 หมายเหตุ: PC #01-#02 และ PC #03-#10 มี Counter-Strike 2, League of Legends, PUBG: BATTLEGROUNDS, VALORANT เหมือนกัน แหล่งข้อมูล: https://esports.computing.psu.ac.th/",pipeline:structured_service_game_availability,games/list,100.0,True,0.2353,0,,,
MB-0236-G-148,games,psu_fact,PS5 มีเกมอะไรบ้าง,"PlayStation 5 Zone มีเกมที่ยืนยันได้ดังนี้ PlayStation 5 #01-#02 (60 นาที, 1-2 คน) • Call of Duty: Modern Warfare III • Delta Force • EA Sports FC 24 • eFootball • FINAL FANTASY XVI • Fortnite • God of War Ragnarok • Hogwarts Legacy • Marvel's Spider-Man 2 • NARUTO X BORUTO Ultimate Ninja Storm Connections • Resident Evil 4 • Resident Evil Village • TEKKEN 8 • THE FINALS • The Last of Us Part I • The Last of Us Part II (Remastered) • Uncharted: Legacy of Thieves Collection หมายเหตุ: PlayStation 5 #01 และ #02 ใช้รายการเกมเดียวกัน แหล่งข้อมูล: https://esports.computing.psu.ac.th/",pipeline:structured_service_game_availability,games/list,100.0,True,0.2174,0,,,
MB-0237-G-149,games,psu_fact,Nintendo Switch มีเกมอะไรบ้าง,"Nintendo Switch Zone มีเกมที่ยืนยันได้ดังนี้ Nintendo Switch (1-2 Persons) (60 นาที, 1-2 คน) • Pokémon Champions • Animal Crossing: New Horizons • It Takes Two • Little Nightmares II • Luigi's Mansion 3 • Mario Kart 8 Deluxe • Mario Party Superstars • Monster Hunter Rise • Moving Out 2 • New Super Mario Bros. U Deluxe • Nintendo Switch Sports • Overcooked! • Overcooked! 2 • Ring Fit Adventure • Super Mario Odyssey • Super Smash Bros Ultimate • The Legend of Zelda: Breath of The Wild หมายเหตุ: Nintendo Switch แบบ 1-2 Persons และ 1-4 Persons ใช้รายการเกมเดียวกัน Nintendo Switch (1-4 Persons) (60 นาที, 1-4 คน) • Pokémon Champions • Animal Crossing: New Horizons • It Takes Two • Little Nightmare",pipeline:structured_service_game_availability,games/list,100.0,True,0.3205,0,,,
MB-0238-G-150,games,psu_fact,VR มีเกมอะไรบ้าง,"VR Station มีเกมที่ยืนยันได้ดังนี้ (รอบ 30 นาทีและ 1 ชั่วโมงใช้รายการเกมเดียวกัน) VR Station 30 นาที (30 นาที, 1-5 คน) • Beat Saber • Horizon Call of the Mountain • Resident Evil 4 • Resident Evil Village หมายเหตุ: VR Station แบบ 30 นาทีและ 1 ชั่วโมงใช้รายการเกมเดียวกัน แหล่งข้อมูล: https://esports.computing.psu.ac.th/",pipeline:structured_service_game_availability,games/list,100.0,True,0.265,0,,,
MB-0239-G-151,games,psu_fact,Cockpit มีเกมอะไรบ้าง,"Cockpit Zone มีเกมที่ยืนยันได้ดังนี้ Cockpit #01-#02 (60 นาที, 1 คน) • Gran Turismo 7 หมายเหตุ: Cockpit มี 2 เครื่อง และใช้รายการเกมเดียวกัน แหล่งข้อมูล: https://esports.computing.psu.ac.th/",pipeline:structured_service_game_availability,games/list,100.0,True,0.2432,0,,,
MB-0240-G-152,games,psu_fact,อุปกรณ์ไหนเกมเยอะสุด,ถ้านับตามโซน/บริการที่มีรายชื่อเกมยืนยันได้ PlayStation 5 Zone และ Nintendo Switch Zone มีเกมเยอะสุดครับ (17 เกม) จำนวนเกมตามโซน: • PlayStation 5 Zone: 17 เกม • Nintendo Switch Zone: 17 เกม • PC Zone: 6 เกม • VR Zone: 4 เกม • Cockpit Zone: 1 เกม แหล่งข้อมูล: https://esports.phuket.psu.ac.th/Services/our-games,pipeline:structured_game_zone_ranking,games/list,100.0,True,0.2232,0,,,
MB-0241-G-153,games,psu_fact,เกมไหนเล่นได้หลายโซน,"บริการที่ถาม มีเกมที่ยืนยันได้ดังนี้ PC #01-#02 (60 นาที, 1 คน) • TEKKEN 8 • Counter-Strike 2 • League of Legends • PUBG: BATTLEGROUNDS • VALORANT หมายเหตุ: PC #01-#02 มี TEKKEN 8 แต่ไม่มี Call of Duty: Warzone หมายเหตุ: PC #01-#02 และ PC #03-#10 มี Counter-Strike 2, League of Legends, PUBG: BATTLEGROUNDS, VALORANT เหมือนกัน PC #03-#10 (60 นาที, 1 คน) • Call of Duty: Warzone • Counter-Strike 2 • League of Legends • PUBG: BATTLEGROUNDS • VALORANT หมายเหตุ: PC #03-#10 มี Call of Duty: Warzone แต่ไม่มี TEKKEN 8 หมายเหตุ: PC #01-#02 และ PC #03-#10 มี Counter-Strike 2, League of Legends, PUBG: BATTLEGROUNDS, VALORANT เหมือนกัน PlayStation 5 #01-#02 (60 นาที, 1-2 คน) • Call of Duty: Modern Warfare",pipeline:structured_service_game_availability,games/list,100.0,True,0.2523,0,,,
MB-0242-G-154,games,psu_fact,เกมแข่งรถมีอะไรบ้าง,เกมแนว Racing / เกมแข่งรถ ที่พบในรายการเกมที่ยืนยันได้: Gran Turismo 7 • แนวเกม: เกมแข่งรถ / Driving Simulator • เล่นได้ที่: Cockpit Zone Mario Kart 8 Deluxe • แนวเกม: เกมแข่งรถ Party Racing • เล่นได้ที่: Nintendo Switch Zone แหล่งข้อมูล: https://esports.phuket.psu.ac.th/Services/our-games,pipeline:structured_games_genre_list,games/list,100.0,True,0.3208,0,,,
MB-0243-G-155,games,psu_fact,เกมยิงมีอะไรบ้าง,เกมแนว FPS / เกมยิง ที่พบในรายการเกมที่ยืนยันได้: Call of Duty: Modern Warfare III • แนวเกม: เกมยิง FPS • เล่นได้ที่: PlayStation 5 Zone Call of Duty: Warzone • แนวเกม: เกมยิง Battle Royale • เล่นได้ที่: PC Zone Counter-Strike 2 • แนวเกม: เกมยิง Tactical FPS • เล่นได้ที่: PC Zone VALORANT • แนวเกม: เกมยิง Tactical FPS แบบทีม 5v5 • เล่นได้ที่: PC Zone แหล่งข้อมูล: https://esports.phuket.psu.ac.th/Services/our-games,pipeline:structured_games_genre_list,games/list,100.0,True,0.2979,0,,,
MB-0244-G-156,games,psu_fact,เกมปาร์ตี้มีอะไรบ้าง,เกมแนว Party / Co-op ที่พบในรายการเกมที่ยืนยันได้: It Takes Two • แนวเกม: เกม Co-op Adventure • เล่นได้ที่: Nintendo Switch Zone Mario Kart 8 Deluxe • แนวเกม: เกมแข่งรถ Party Racing • เล่นได้ที่: Nintendo Switch Zone Mario Party Superstars • แนวเกม: เกม Party / Mini-games • เล่นได้ที่: Nintendo Switch Zone Moving Out 2 • แนวเกม: เกม Co-op Puzzle / Party • เล่นได้ที่: Nintendo Switch Zone Overcooked! 2 • แนวเกม: เกม Co-op ทำอาหาร • เล่นได้ที่: Nintendo Switch Zone แหล่งข้อมูล: https://esports.phuket.psu.ac.th/Services/our-games,pipeline:structured_games_genre_list,games/list,100.0,True,0.3177,0,,,
MB-0245-G-157,games,psu_fact,Over cook มีเกมไหม,พบเกมที่เกี่ยวข้องกับ Overcooked ในรายการที่ยืนยันได้ครับ • Overcooked!: เล่นได้ที่ Nintendo Switch Zone • Overcooked! 2: เล่นได้ที่ Nintendo Switch Zone แหล่งข้อมูล: https://esports.phuket.psu.ac.th/Services/our-games,pipeline:structured_games_family,games/list,100.0,True,0.3187,0,,,
MB-0246-G-158,games,psu_fact,Tekken 8 มีในเครื่องไหน,"ได้ครับ TEKKEN 8 เล่นได้ที่ PC Zone - PC #01-#02, PlayStation 5 Zone - PlayStation 5 #01-#02 แหล่งข้อมูล: https://esports.computing.psu.ac.th/",pipeline:structured_service_game_availability,games/game_availability_lookup,100.0,True,0.4681,0,,,
MB-0460-R-001,reservation,psu_fact,จองยังไง,"ขั้นตอนจองโดยสรุป: • เลือกบริการหรือโซนที่ต้องการใช้ • เลือกวันและรอบเวลาที่ต้องการ • กรอก Student ID/Staff ID/National ID, ชื่อ, นามสกุล, อีเมล และเบอร์โทรศัพท์ • ตรวจสอบข้อมูลและชำระเงินโดยโอนเข้าบัญชีที่ระบบแจ้ง • หลังจองต้องชำระเงินภายใน 10 นาที • แนบสลิปและยืนยันการจอง แหล่งข้อมูล: https://esports.computing.psu.ac.th/",pipeline:structured_reservation_fact,reservation/booking_policy,100.0,True,0.2164,0,,,
MB-0461-R-002,reservation,psu_fact,สรุปขั้นตอนจองให้หน่อย,"ขั้นตอนจองโดยสรุป: • เลือกบริการหรือโซนที่ต้องการใช้ • เลือกวันและรอบเวลาที่ต้องการ • กรอก Student ID/Staff ID/National ID, ชื่อ, นามสกุล, อีเมล และเบอร์โทรศัพท์ • ตรวจสอบข้อมูลและชำระเงินโดยโอนเข้าบัญชีที่ระบบแจ้ง • หลังจองต้องชำระเงินภายใน 10 นาที • แนบสลิปและยืนยันการจอง แหล่งข้อมูล: https://esports.computing.psu.ac.th/",pipeline:structured_reservation_fact,reservation/booking_policy,100.0,True,0.2481,0,,,
MB-0462-R-003,reservation,psu_fact,จอง PS5 ต้องทำยังไง,จอง PlayStation 5 ต้องเลือกบริการ PlayStation 5 และเลือกรอบเวลาที่ต้องการครับ • ข้อมูลค่าบริการที่มีระบุ PlayStation 5 ต่อ 60 นาที สำหรับ 1-2 คน • จากนั้นกรอกข้อมูลผู้ใช้บริการ ชำระเงิน และแนบสลิปเพื่อยืนยันการจอง แหล่งข้อมูล: https://esports.computing.psu.ac.th/,pipeline:structured_booking_selection,reservation/booking_policy,100.0,True,0.2161,0,,,
MB-0463-R-004,reservation,psu_fact,จอง Nintendo Switch ต้องทำยังไง,จอง Nintendo Switch ต้องเลือกบริการตามจำนวนผู้เล่นครับ • ถ้าเล่น 1-2 คน ให้เลือก Nintendo Switch แบบ 1-2 Persons • ถ้าเล่น 3-4 คน ให้เลือก Nintendo Switch แบบ 3-4 Persons • จากนั้นเลือกวัน รอบเวลา กรอกข้อมูลผู้ใช้บริการ ชำระเงิน และแนบสลิปเพื่อยืนยันการจอง แหล่งข้อมูล: https://esports.computing.psu.ac.th/,pipeline:structured_booking_selection,reservation/booking_policy,100.0,True,0.317,0,,,
MB-0464-R-005,reservation,psu_fact,จอง VR ต้องทำยังไง,จองคิวเล่นเกม/ใช้อุปกรณ์ได้ผ่านระบบจองออนไลน์ครับ ถ้าต้องการจอง VR ให้เลือกบริการ VR Station และเลือกรอบ 30 นาทีหรือ 1 ชั่วโมงตามที่ระบบมีให้เลือก ขั้นตอนโดยสรุปคือ 1) เลือกบริการหรือโซนที่ต้องการใช้ 2) เลือกวันและรอบเวลา 3) กรอก Student ID/Staff ID/National ID ชื่อ นามสกุล อีเมล และเบอร์โทรศัพท์ 4) ตรวจสอบข้อมูลและชำระเงินโดยโอนเข้าบัญชีที่ระบบแจ้ง 5) แนบสลิปและยืนยันการจอง ต้องจองล่วงหน้าอย่างน้อย 1 ชั่วโมง และหลังจองต้องชำระเงินภายใน 10 นาทีครับ แหล่งข้อมูล: https://esports.computing.psu.ac.th/reservation,pipeline:booking_howto_fast_path,reservation/booking_policy,100.0,True,0.2141,0,,,
MB-0465-R-006,reservation,psu_fact,จอง Cockpit ต้องทำยังไง,ถ้าอยากเล่นเกมขับรถหรือใช้พวงมาลัย ให้จอง Cockpit Zone / Cockpit ครับ • โซนนี้ใช้กับชุด Racezone Full Cockpit V3 และ Logitech G923 TRUEFORCE Racing Wheel • เกมที่ยืนยันได้คือ Gran Turismo 7 แหล่งข้อมูล: https://esports.computing.psu.ac.th/,pipeline:structured_booking_selection,reservation/booking_policy,100.0,True,0.2253,0,,,
MB-0466-R-007,reservation,psu_fact,จอง PC ต้องทำยังไง,"สำหรับ PC ให้เลือกบริการ/โซน PC ในระบบจอง แล้วทำตามขั้นตอนนี้ครับ ขั้นตอนจองโดยสรุป: • เลือกบริการหรือโซนที่ต้องการใช้ • เลือกวันและรอบเวลาที่ต้องการ • กรอก Student ID/Staff ID/National ID, ชื่อ, นามสกุล, อีเมล และเบอร์โทรศัพท์ • ตรวจสอบข้อมูลและชำระเงินโดยโอนเข้าบัญชีที่ระบบแจ้ง • หลังจองต้องชำระเงินภายใน 10 นาที • แนบสลิปและยืนยันการจอง แหล่งข้อมูล: https://esports.computing.psu.ac.th/",pipeline:structured_reservation_fact,reservation/booking_policy,100.0,True,0.2553,0,,,
MB-0467-R-008,reservation,psu_fact,ต้องจองล่วงหน้ากี่ชั่วโมง,ต้องจองล่วงหน้าผ่านระบบออนไลน์ก่อนเวลาใช้งานอย่างน้อย 1 ชั่วโมง แหล่งข้อมูล: https://esports.computing.psu.ac.th/,pipeline:structured_reservation_fact,reservation/booking_policy,100.0,True,0.272,0,,,
MB-0468-R-009,reservation,psu_fact,จองได้สูงสุดกี่ session,การจอง 1 ครั้งสามารถจองได้สูงสุด 3 Sessions สำหรับ PlayStation 5: 1 session = 1 ชั่วโมง ดังนั้น 3 sessions = สูงสุด 3 ชั่วโมงต่อการจอง 1 ครั้ง แหล่งข้อมูล: https://esports.computing.psu.ac.th/,pipeline:structured_reservation_fact,reservation/booking_policy,100.0,True,0.2593,0,,,
MB-0469-R-010,reservation,psu_fact,หลังจองต้องจ่ายภายในกี่นาที,หลังจองต้องชำระเงินทันที หากไม่ชำระภายใน 10 นาที การจองจะถูกยกเลิกและต้องจองใหม่ แหล่งข้อมูล: https://esports.computing.psu.ac.th/,pipeline:structured_reservation_fact,reservation/booking_policy,100.0,True,0.2533,0,,,
MB-0470-R-011,reservation,psu_fact,จองแล้วแก้ไขได้ไหม,เมื่อกดจองแล้วจะไม่สามารถแก้ไขข้อมูลได้ หากต้องการแก้ไขต้องยกเลิกผ่านอีเมลก่อนเวลาใช้งานอย่างน้อย 1 ชั่วโมง แล้วจองใหม่ พร้อมแนบสลิปการโอนเงินเดิม แหล่งข้อมูล: https://esports.computing.psu.ac.th/reservation,pipeline:booking_fast_path,reservation/how_to,100.0,True,0.3099,0,,,
MB-0471-R-012,reservation,psu_fact,จองแล้วโอนสิทธิ์ให้เพื่อนได้ไหม,ไม่สามารถโอนสิทธิ์การจองให้ผู้อื่นได้ แหล่งข้อมูล: https://esports.computing.psu.ac.th/,pipeline:structured_reservation_fact,reservation/booking_policy,100.0,True,0.361,0,,,
MB-0472-R-013,reservation,psu_fact,เช็คอินล่วงหน้าได้กี่นาที,"เช็คอินได้ล่วงหน้าสูงสุด 30 นาที หรือ 1,800 วินาที และต้องเช็คอินก่อนเวลาเริ่มต้นของรอบที่จอง แหล่งข้อมูล: https://esports.computing.psu.ac.th/reservation",pipeline:checkin_fast_path,reservation/count,100.0,True,0.3151,0,,,
MB-0473-R-014,reservation,psu_fact,ถ้ายกเลิกต้องทำยังไง,"ขั้นตอนจองโดยสรุป: • เลือกบริการหรือโซนที่ต้องการใช้ • เลือกวันและรอบเวลาที่ต้องการ • กรอก Student ID/Staff ID/National ID, ชื่อ, นามสกุล, อีเมล และเบอร์โทรศัพท์ • ตรวจสอบข้อมูลและชำระเงินโดยโอนเข้าบัญชีที่ระบบแจ้ง • หลังจองต้องชำระเงินภายใน 10 นาที • แนบสลิปและยืนยันการจอง แหล่งข้อมูล: https://esports.computing.psu.ac.th/",pipeline:structured_reservation_fact,reservation/booking_policy,100.0,True,0.4357,0,,,
MB-0474-R-015,reservation,psu_fact,ถ้าไปช้าจะเป็นอะไรไหม,ถ้าไม่เช็คอินก่อนเวลาเริ่มต้นของรอบ ระบบจะยกเลิกการจองทันที และไม่มีการคืนเงิน แหล่งข้อมูล: https://esports.computing.psu.ac.th/,pipeline:structured_reservation_fact,reservation/booking_policy,100.0,True,0.2511,0,,,
MB-0475-R-016,reservation,psu_fact,walk in ได้ไหม,ผู้ใช้งานต้องจองล่วงหน้าผ่านระบบออนไลน์ก่อนเวลาใช้งานอย่างน้อย 1 ชั่วโมง จึงไม่ควร walk in โดยไม่จองก่อน แหล่งข้อมูล: https://esports.computing.psu.ac.th/,pipeline:structured_reservation_fact,reservation/booking_policy,100.0,True,0.1751,0,,,
MB-0476-R-017,reservation,psu_fact,ต้องแนบสลิปไหม,ตอนจองต้องกรอก Student ID/Staff ID/National ID ชื่อ นามสกุล อีเมล เบอร์โทรศัพท์ และชำระโดยโอนเงินพร้อมแนบสลิป แหล่งข้อมูล: https://esports.computing.psu.ac.th/reservation,pipeline:mixed_reservation_fast,reservation/competition_rules_lookup,100.0,True,0.2212,0,,,
MB-0477-R-018,reservation,psu_fact,จองแล้วไม่สามารถยกเลิกได้ใช่ไหม,เมื่อกดจองแล้วจะไม่สามารถแก้ไขข้อมูลได้ หากต้องการแก้ไขต้องยกเลิกการจองผ่านทางอีเมลก่อนเวลาใช้งานอย่างน้อย 1 ชั่วโมง แล้วจองใหม่อีกครั้ง พร้อมแนบสลิปการโอนเงินเดิม แหล่งข้อมูล: https://esports.computing.psu.ac.th/,pipeline:rag_direct_curated,reservation/how_to,100.0,True,0.7196,0,,,
MB-0478-R-019,reservation,psu_fact,ถ้าจองผิดข้อมูลต้องทำยังไง,"ขั้นตอนจองโดยสรุป: • เลือกบริการหรือโซนที่ต้องการใช้ • เลือกวันและรอบเวลาที่ต้องการ • กรอก Student ID/Staff ID/National ID, ชื่อ, นามสกุล, อีเมล และเบอร์โทรศัพท์ • ตรวจสอบข้อมูลและชำระเงินโดยโอนเข้าบัญชีที่ระบบแจ้ง • หลังจองต้องชำระเงินภายใน 10 นาที • แนบสลิปและยืนยันการจอง แหล่งข้อมูล: https://esports.computing.psu.ac.th/",pipeline:structured_reservation_fact,reservation/booking_policy,100.0,True,0.5044,0,,,
MB-0479-R-020,reservation,psu_fact,จ่ายเงินผ่านช่องทางไหน,ชำระเงินโดยโอนผ่านธนาคารไทยพาณิชย์ ชื่อบัญชี PSU Esports Studio - Phuket เลขบัญชี 795-276244-1 และต้องแนบสลิปการโอนเงิน แหล่งข้อมูล: https://esports.computing.psu.ac.th/,pipeline:structured_reservation_fact,reservation/booking_policy,100.0,True,0.22,0,,,
MB-0612-C-001,compound,psu_fact,Tekken 8 ปุ่มอะไร แล้ว PC ราคาเท่าไหร่,คำถามนี้มีหลายเรื่อง ขอแยกตอบเป็นข้อ ๆ: คำถามที่ 1: Tekken 8 ปุ่มอะไร TEKKEN 8 มีข้อมูลปุ่มควบคุมดังนี้: PlayStation / PS5 • Square: หมัดซ้าย / ต่อยซ้าย - ออกหมัดแย็บหรือโจมตีด้วยมือซ้าย เป็นปุ่มหลักในการเริ่มต้นเฟรมคอมโบที่รวดเร็ว • Triangle: หมัดขวา / ต่อยขวา - ออกหมัดหนักหรือโจมตีด้วยมือขวา มักใช้ทำดาเมจแรงหรือสวนกลับ (Counter) • Cross: ลูกเตะซ้าย - ใช้ขาซ้ายเตะสกัดหรือโจมตีเพื่อเปิดช่องว่างของศัตรู • Circle: ลูกเตะขวา - ใช้ขาขวาหวดเตะอย่างรุนแรง มักเป็นท่าเคลียร์ระยะหรือตัดขาที่ทำดาเมจสูง • D-Pad Up: กระโดด - ควบคุมให้ตัวละครกระโดดขึ้นด้านบนเพื่อหลบการโจมตีล่าง หรือใช้กดร่วมกับปุ่มโจมตีกลางอากาศ • D-Pad Left: ถอยหลัง / บล็อก - บังคับตัวละครให้เดินถอยหลังเพื่อรักษาระยะ หรือใช้กดค้างเพื่อ ,pipeline:multi_question_splitter,multi_question/multi_question_split,100.0,True,0.4282,0,,,
MB-0613-C-002,compound,psu_fact,PS5 มีเกมอะไรกับราคาเท่าไหร่,"คำถามนี้มีหลายเรื่อง ขอแยกตอบเป็นข้อ ๆ: คำถามที่ 1: PS5 มีเกมอะไร PlayStation 5 Zone มีเกมที่ยืนยันได้ดังนี้ PlayStation 5 #01-#02 (60 นาที, 1-2 คน) • Call of Duty: Modern Warfare III • Delta Force • EA Sports FC 24 • eFootball • FINAL FANTASY XVI • Fortnite • God of War Ragnarok • Hogwarts Legacy • Marvel's Spider-Man 2 • NARUTO X BORUTO Ultimate Ninja Storm Connections • Resident Evil 4 • Resident Evil Village • TEKKEN 8 • THE FINALS • The Last of Us Part I • The Last of Us Part II (Remastered) • Uncharted: Legacy of Thieves Collection หมายเหตุ: PlayStation 5 #01 และ #02 ใช้รายการเกมเดียวกัน แหล่งข้อมูล: https://esports.computing.psu.ac.th/ คำถามที่ 2: PS5 ราคาเท่าไหร่ PlayStation 5 60 นาท",pipeline:multi_question_splitter,multi_question/multi_question_split,100.0,True,0.3542,0,,,
MB-0614-C-003,compound,psu_fact,PC มีอุปกรณ์อะไร แล้วมีเกมอะไรบ้าง,"คำถามนี้มีหลายเรื่อง ขอแยกตอบเป็นข้อ ๆ: คำถามที่ 1: PC มีอุปกรณ์อะไร อุปกรณ์ใน PC Zone: PC Zone • Gaming PC รุ่น MSI MAG Infinite S3 14th (10 Units) • Gaming Monitor (10 Units) • Gaming Keyboard • Gaming Mouse • Gaming Headset • Gaming Chair (10 Units) แหล่งข้อมูล: https://esports.phuket.psu.ac.th/home คำถามที่ 2: PC มีเกมอะไรบ้าง PC Zone แยกรายการเกมตามเลขเครื่องดังนี้ PC #01-#02 (60 นาที, 1 คน) • TEKKEN 8 • Counter-Strike 2 • League of Legends • PUBG: BATTLEGROUNDS • VALORANT หมายเหตุ: PC #01-#02 มี TEKKEN 8 แต่ไม่มี Call of Duty: Warzone หมายเหตุ: PC #01-#02 และ PC #03-#10 มี Counter-Strike 2, League of Legends, PUBG: BATTLEGROUNDS, VALORANT เหมือนกัน PC #03-#10 (60 นาที, 1 คน) • Call of ",pipeline:multi_question_splitter,multi_question/multi_question_split,100.0,True,0.376,0,,,
MB-0615-C-004,compound,psu_fact,Gran Turismo 7 เล่นยังไง แล้วปุ่มเร่งกดอะไร,คำถามนี้มีหลายเรื่อง ขอแยกตอบเป็นข้อ ๆ: คำถามที่ 1: Gran Turismo 7 เล่นยังไง Gran Turismo 7: Gran Turismo 7 คือเกมแข่งรถที่เน้นการขับรถสมจริง การเลือกสนาม รถ และการควบคุมจังหวะเข้าโค้ง แนวเกม: เกมแข่งรถ / Driving Simulator วิธีเล่นโดยสรุป: ใน Cockpit Zone เล่นโดยใช้พวงมาลัย คันเร่ง เบรก และชุดเบาะจำลองการขับรถ เป้าหมายคือขับให้เร็วและควบคุมรถให้แม่นในแต่ละสนาม เล่นได้ที่: Cockpit Zone แหล่งข้อมูล: https://esports.phuket.psu.ac.th/Services/our-games คำถามที่ 2: Gran Turismo 7 ปุ่มเร่งกดอะไร Gran Turismo 7 ปุ่มที่ตรงกับคำถาม: PlayStation / PS5 • R2: คันเร่ง - กดเพื่อเร่งเครื่อง • R3: ไนตรัส / เร่งแซง - ใช้งานระบบเพิ่มความเร็วพิเศษที่มีติดตั้งในรถบางรุ่น แหล่งข้อมูล: https://gameinputdatabase.c,pipeline:multi_question_splitter,multi_question/multi_question_split,100.0,True,0.8232,0,,,
MB-0616-C-005,compound,psu_fact,Nintendo Switch ราคาเท่าไหร่ แล้วมีเกมอะไรบ้าง,"คำถามนี้มีหลายเรื่อง ขอแยกตอบเป็นข้อ ๆ: คำถามที่ 1: Nintendo Switch ราคาเท่าไหร่ Nintendo Switch 1-2 คน 60 นาที (1 ชั่วโมง) • PSU Student and Staff: 0 บาท • PSU Alumni and General Student: 50 บาท • General Adult: 140 บาท Nintendo Switch 3-4 คน 60 นาที (1 ชั่วโมง) • PSU Student and Staff: 0 บาท • PSU Alumni and General Student: 100 บาท • General Adult: 280 บาท แหล่งข้อมูล: https://esports.computing.psu.ac.th/wp-content/uploads/2026/01/PSU-Esports-Studio-phuket-SERVICE-FEE-2026.png คำถามที่ 2: Nintendo Switch มีเกมอะไรบ้าง Nintendo Switch Zone มีเกมที่ยืนยันได้ดังนี้ Nintendo Switch (1-2 Persons) (60 นาที, 1-2 คน) • Pokémon Champions • Animal Crossing: New Horizons • It Takes Two • Little Nigh",pipeline:multi_question_splitter,multi_question/multi_question_split,100.0,True,0.5694,0,,,
MB-0617-C-006,compound,psu_fact,VR ราคาเท่าไหร่ แล้วจองยังไง,"คำถามนี้มีหลายเรื่อง ขอแยกตอบเป็นข้อ ๆ: คำถามที่ 1: VR ราคาเท่าไหร่ VR 30 นาที (1-5 คน) • PSU Student and Staff: 0 บาท • PSU Alumni and General Student: 190 บาท • General Adult: 525 บาท VR 1 ชั่วโมง (60 นาที, 1-5 คน) • PSU Student and Staff: 0 บาท • PSU Alumni and General Student: 375 บาท • General Adult: 1,050 บาท แหล่งข้อมูล: https://esports.computing.psu.ac.th/wp-content/uploads/2026/01/PSU-Esports-Studio-phuket-SERVICE-FEE-2026.png คำถามที่ 2: จะเล่น VR จองยังไง จองคิวเล่นเกม/ใช้อุปกรณ์ได้ผ่านระบบจองออนไลน์ครับ ถ้าต้องการจอง VR ให้เลือกบริการ VR Station และเลือกรอบ 30 นาทีหรือ 1 ชั่วโมงตามที่ระบบมีให้เลือก ขั้นตอนโดยสรุปคือ 1) เลือกบริการหรือโซนที่ต้องการใช้ 2) เลือกวันและรอบเวลา 3) กรอก",pipeline:multi_question_splitter,multi_question/multi_question_split,100.0,True,0.4913,0,,,
MB-0618-C-007,compound,psu_fact,สมาชิกมีกี่คน แล้วใครเป็นอธิการบดี,คำถามนี้มีหลายเรื่อง ขอแยกตอบเป็นข้อ ๆ: คำถามที่ 1: สมาชิกมีกี่คน สมาชิกในหน้า Members แบ่งเป็น 3 หมวดครับ • Members: 7 คน • cooperative education and Internship student: 5 คน • PSU Phuket Esports Club - PSU Phuket: 13 คน รวมทั้งหมด 25 คน แหล่งข้อมูล: https://esports.phuket.psu.ac.th/about-us/Members คำถามที่ 2: สมาชิก ใครเป็นอธิการบดี ตำแหน่ง อธิการบดี มี 1 คนครับ • ผศ.ดร.นิวัติ แก้วประดับ: อธิการบดี (มหาวิทยาลัยสงขลานครินทร์) ◦ หมวด: Members แหล่งข้อมูล: https://esports.phuket.psu.ac.th/about-us/Members,pipeline:multi_question_splitter,multi_question/multi_question_split,100.0,True,0.3621,0,,,
MB-0619-C-008,compound,psu_fact,Tekken 8 กับ Mario Kart 8 Deluxe มีปุ่มอะไรบ้าง,คำถามนี้มีหลายเรื่อง ขอแยกตอบเป็นข้อ ๆ: คำถามที่ 1: Tekken 8 มีปุ่มอะไรบ้าง TEKKEN 8 มีข้อมูลปุ่มควบคุมดังนี้: PlayStation / PS5 • Square: หมัดซ้าย / ต่อยซ้าย - ออกหมัดแย็บหรือโจมตีด้วยมือซ้าย เป็นปุ่มหลักในการเริ่มต้นเฟรมคอมโบที่รวดเร็ว • Triangle: หมัดขวา / ต่อยขวา - ออกหมัดหนักหรือโจมตีด้วยมือขวา มักใช้ทำดาเมจแรงหรือสวนกลับ (Counter) • Cross: ลูกเตะซ้าย - ใช้ขาซ้ายเตะสกัดหรือโจมตีเพื่อเปิดช่องว่างของศัตรู • Circle: ลูกเตะขวา - ใช้ขาขวาหวดเตะอย่างรุนแรง มักเป็นท่าเคลียร์ระยะหรือตัดขาที่ทำดาเมจสูง • D-Pad Up: กระโดด - ควบคุมให้ตัวละครกระโดดขึ้นด้านบนเพื่อหลบการโจมตีล่าง หรือใช้กดร่วมกับปุ่มโจมตีกลางอากาศ • D-Pad Left: ถอยหลัง / บล็อก - บังคับตัวละครให้เดินถอยหลังเพื่อรักษาระยะ หรือใช้กดค้าง,pipeline:multi_question_splitter,multi_question/multi_question_split,100.0,True,0.8369,0,,,
MB-0620-C-009,compound,psu_fact,PS5 กับ Nintendo Switch มีเกมอะไรบ้าง,"คำถามนี้มีหลายเรื่อง ขอแยกตอบเป็นข้อ ๆ: คำถามที่ 1: PS5 มีเกมอะไรบ้าง PlayStation 5 Zone มีเกมที่ยืนยันได้ดังนี้ PlayStation 5 #01-#02 (60 นาที, 1-2 คน) • Call of Duty: Modern Warfare III • Delta Force • EA Sports FC 24 • eFootball • FINAL FANTASY XVI • Fortnite • God of War Ragnarok • Hogwarts Legacy • Marvel's Spider-Man 2 • NARUTO X BORUTO Ultimate Ninja Storm Connections • Resident Evil 4 • Resident Evil Village • TEKKEN 8 • THE FINALS • The Last of Us Part I • The Last of Us Part II (Remastered) • Uncharted: Legacy of Thieves Collection หมายเหตุ: PlayStation 5 #01 และ #02 ใช้รายการเกมเดียวกัน แหล่งข้อมูล: https://esports.computing.psu.ac.th/ คำถามที่ 2: Nintendo Switch มีเกมอะไรบ้าง Nin",pipeline:multi_question_splitter,multi_question/multi_question_split,100.0,True,0.5895,0,,,
MB-0621-C-010,compound,psu_fact,Cockpit มีอุปกรณ์อะไร แล้ว Gran Turismo ปุ่มอะไร,คำถามนี้มีหลายเรื่อง ขอแยกตอบเป็นข้อ ๆ: คำถามที่ 1: Cockpit มีอุปกรณ์อะไร อุปกรณ์ใน Cockpit Zone: Cockpit Zone • Logitech G923 TRUEFORCE Racing Wheel (2 Units with Driving Force Shifter) • Driving Force Shifter (2 Units with Logitech G923) • Racezone Full Cockpit V3 (2 Units) • Pulse Elite Wireless Headset (2 Units) • TV 65 นิ้ว (2 Units) แหล่งข้อมูล: https://esports.phuket.psu.ac.th/home คำถามที่ 2: Gran Turismo ปุ่มอะไร Gran Turismo 7 มีข้อมูลปุ่มควบคุมดังนี้: PlayStation / PS5 • L (Left Stick): เลี้ยว / ควบคุมพวงมาลัย - บังคับทิศทางรถ • R2: คันเร่ง - กดเพื่อเร่งเครื่อง • L2: เบรก - กดเพื่อชะลอความเร็วรถ • Cross: เพิ่มเกียร์ - เปลี่ยนเกียร์สูงขึ้น (โหมดเกียร์ธรรมดา) • Square: ลดเกียร์ - เป,pipeline:multi_question_splitter,multi_question/multi_question_split,100.0,True,0.5089,0,,,
MB-0622-C-011,compound,psu_fact,Call of Duty ปุ่มยิงอะไร แล้วเล่นได้ที่ไหน,คำถามนี้มีหลายเรื่อง ขอแยกตอบเป็นข้อ ๆ: คำถามที่ 1: Call of Duty ปุ่มยิงอะไร Call of Duty มีหลายเกมในรายการปัจจุบันครับ คำถามนี้จึงยังไม่ชัดว่าหมายถึงเกมไหน ถ้าต้องการถามเรื่องปุ่ม/วิธีควบคุม ขอเลือกเกมก่อน: • Call of Duty: Modern Warfare III (PlayStation 5 Zone) • Call of Duty: Warzone (PC Zone) พิมพ์ต่อได้ เช่น `Call of Duty: Modern Warfare III ปุ่มอะไร` หรือ `Call of Duty: Warzone ปุ่มอะไร` คำถามที่ 2: Call of Duty เล่นได้ที่ไหน พบเกมที่เกี่ยวข้องกับ Call of Duty ในรายการที่ยืนยันได้ครับ • Call of Duty: Modern Warfare III: เล่นได้ที่ PlayStation 5 Zone • Call of Duty: Warzone: เล่นได้ที่ PC Zone แหล่งข้อมูล: https://esports.phuket.psu.ac.th/Services/our-games,pipeline:multi_question_splitter,multi_question/multi_question_split,100.0,True,0.6491,0,,,
MB-0623-C-012,compound,psu_fact,PC ราคาเท่าไหร่ แล้วจองได้กี่ session,คำถามนี้มีหลายเรื่อง ขอแยกตอบเป็นข้อ ๆ: คำถามที่ 1: PC ราคาเท่าไหร่ ราคา PC 1 ชั่วโมง (1 คน) • PSU Student and Staff: 0 บาท • PSU Alumni and General Student / นักศึกษาหรือนักเรียนต่างสถาบัน: 25 บาท • General Adult / บุคคลทั่วไป: 70 บาท หมายเหตุข้อมูล PC: ราคา PC เพิ่มจาก local service fee update 2026-07-27 แหล่งข้อมูล: https://esports.computing.psu.ac.th/wp-content/uploads/2026/01/PSU-Esports-Studio-phuket-SERVICE-FEE-2026.png คำถามที่ 2: จองได้กี่ session การจอง 1 ครั้งสามารถจองได้สูงสุด 3 Sessions สำหรับ PlayStation 5: 1 session = 1 ชั่วโมง ดังนั้น 3 sessions = สูงสุด 3 ชั่วโมงต่อการจอง 1 ครั้ง แหล่งข้อมูล: https://esports.computing.psu.ac.th/,pipeline:multi_question_splitter,multi_question/multi_question_split,100.0,True,0.5065,0,,,
MB-0624-C-013,compound,psu_fact,วันนี้เปิดไหม แล้วจอง PS5 ยังไง,คำถามนี้มีหลายเรื่อง ขอแยกตอบเป็นข้อ ๆ: คำถามที่ 1: วันนี้เปิดไหม วันนี้ 23/08/2026 (วันอาทิตย์): วันอาทิตย์ยังไม่พบช่วงให้บริการในตารางประจำที่มีอยู่ จึงควรตรวจสอบกับศูนย์ก่อนเดินทาง วันที่อ้างอิงของระบบ: วันนี้คือ 23/08/2026 (วันอาทิตย์) ตามเวลาไทย ปฏิทินไทยของวันที่นี้: ไม่พบวันหยุดไทยหรือเทศกาลในปฏิทินที่บันทึกไว้สำหรับวันที่นี้ รายละเอียดจากตาราง: • วันจันทร์ช่วงเช้า 09:00-12:00 เป็น Maintenance* และเปิดช่วงบ่าย 13:00-16:00 • วันอังคาร-พฤหัสบดีเปิด 09:00-12:00 และ 13:00-16:00 • วันศุกร์เปิดช่วงเช้า 09:00-12:00 และช่วงบ่าย 13:00-16:00 เป็น Maintenance • วันหยุดราชการ/วันปิดพิเศษในไฟล์ปฏิทินจะมีผลก่อนตารางปกติ แหล่งข้อมูลตารางบริการ: https://esports.computing.psu.ac.th/reservation คำถามที,pipeline:multi_question_splitter,multi_question/multi_question_split,100.0,True,1.471,0,,,
MB-0625-C-014,compound,psu_fact,VR 30 นาทีราคาเท่าไหร่ แล้ว 1 ชั่วโมงราคาเท่าไหร่,คำถามนี้มีหลายเรื่อง ขอแยกตอบเป็นข้อ ๆ: คำถามที่ 1: VR 30 นาทีราคาเท่าไหร่ ระยะเวลาที่ถามคือ 30 นาที ใช้ 1 session ตามแพ็กเกจ VR 30 นาที ยังไม่ทราบกลุ่มผู้ใช้ จึงแสดงราคาทุกกลุ่มให้เทียบก่อน: • PSU Student and Staff: 0 บาท/session x 1 = 0 บาท • PSU Alumni and General Student / นักศึกษาหรือนักเรียนต่างสถาบัน: 190 บาท/session x 1 = 190 บาท • General Adult / บุคคลทั่วไป: 525 บาท/session x 1 = 525 บาท รายละเอียดจากตาราง: VR 30 นาที (1-5 คน) • PSU Student and Staff: 0 บาท • PSU Alumni and General Student: 190 บาท • General Adult: 525 บาท แหล่งข้อมูล: https://esports.computing.psu.ac.th/wp-content/uploads/2026/01/PSU-Esports-Studio-phuket-SERVICE-FEE-2026.png คำถามที่ 2: 1 ชั่วโมงราคาเท่าไหร่ ขอรู,pipeline:multi_question_splitter,multi_question/multi_question_split,100.0,True,0.4023,0,,,
MB-0626-C-015,compound,psu_fact,Tekken 8 ราคาเท่าไหร่ แล้วมีปุ่มอะไรบ้าง,คำถามนี้มีหลายเรื่อง ขอแยกตอบเป็นข้อ ๆ: คำถามที่ 1: Tekken 8 ราคาเท่าไหร่ TEKKEN 8 ไม่มีราคาแยกตามชื่อเกมครับ ต้องดูราคาตามโซน/บริการที่ใช้เล่นเกมนี้ PC Zone ยังไม่ทราบกลุ่มผู้ใช้ จึงแสดงราคาทุกกลุ่มให้เทียบก่อน PC 1 ชั่วโมง (1 คน) • นักศึกษา/นักเรียน/บุคลากร PSU: 0 บาท/1 ชั่วโมง • ศิษย์เก่า PSU / นักศึกษา-นักเรียนต่างสถาบัน (General Student): 25 บาท/1 ชั่วโมง • บุคคลทั่วไป (General Adult): 70 บาท/1 ชั่วโมง หมายเหตุข้อมูล PC: ราคา PC เพิ่มจาก local service fee update 2026-07-27 แหล่งข้อมูล: https://esports.computing.psu.ac.th/wp-content/uploads/2026/01/PSU-Esports-Studio-phuket-SERVICE-FEE-2026.png PlayStation 5 Zone ยังไม่ทราบกลุ่มผู้ใช้ จึงแสดงราคาทุกกลุ่มให้เทียบก่อน PlayStation 5 1 ชั่วโ,pipeline:multi_question_splitter,multi_question/multi_question_split,100.0,True,1.2735,0,,,
MB-0651-AS-001,availability_service,psu_fact,PC #01-#02 มีเกมอะไรบ้าง,"PC Zone มีเกมที่ยืนยันได้ดังนี้ PC #01-#02 (60 นาที, 1 คน) • TEKKEN 8 • Counter-Strike 2 • League of Legends • PUBG: BATTLEGROUNDS • VALORANT หมายเหตุ: PC #01-#02 มี TEKKEN 8 แต่ไม่มี Call of Duty: Warzone หมายเหตุ: PC #01-#02 และ PC #03-#10 มี Counter-Strike 2, League of Legends, PUBG: BATTLEGROUNDS, VALORANT เหมือนกัน แหล่งข้อมูล: https://esports.computing.psu.ac.th/",pipeline:structured_service_game_availability,games/list,100.0,True,0.2483,0,,,
MB-0652-AS-002,availability_service,psu_fact,PC #01-#02 เล่นได้กี่คน,บริการที่ถามรองรับผู้เล่นตามข้อมูลนี้ครับ • PC #01-#02: 1 คน ต่อรอบ 60 นาที แหล่งข้อมูล: https://esports.computing.psu.ac.th/,pipeline:structured_service_capacity,reservation/count,100.0,True,0.2512,0,,,
MB-0653-AS-003,availability_service,psu_fact,PC Zone รายการเกมมีอะไรบ้าง,"PC Zone แยกรายการเกมตามเลขเครื่องดังนี้ PC #01-#02 (60 นาที, 1 คน) • TEKKEN 8 • Counter-Strike 2 • League of Legends • PUBG: BATTLEGROUNDS • VALORANT หมายเหตุ: PC #01-#02 มี TEKKEN 8 แต่ไม่มี Call of Duty: Warzone หมายเหตุ: PC #01-#02 และ PC #03-#10 มี Counter-Strike 2, League of Legends, PUBG: BATTLEGROUNDS, VALORANT เหมือนกัน PC #03-#10 (60 นาที, 1 คน) • Call of Duty: Warzone • Counter-Strike 2 • League of Legends • PUBG: BATTLEGROUNDS • VALORANT หมายเหตุ: PC #03-#10 มี Call of Duty: Warzone แต่ไม่มี TEKKEN 8 หมายเหตุ: PC #01-#02 และ PC #03-#10 มี Counter-Strike 2, League of Legends, PUBG: BATTLEGROUNDS, VALORANT เหมือนกัน แหล่งข้อมูล: https://esports.computing.psu.ac.th/",pipeline:structured_service_game_availability,games/list,100.0,True,0.2978,0,,,
MB-0654-AG-001,availability_game,psu_fact,TEKKEN 8 เล่นได้ที่เครื่องไหน,"ได้ครับ TEKKEN 8 เล่นได้ที่ PC Zone - PC #01-#02, PlayStation 5 Zone - PlayStation 5 #01-#02 แหล่งข้อมูล: https://esports.computing.psu.ac.th/",pipeline:structured_service_game_availability,games/game_availability_lookup,100.0,True,0.5618,0,,,
MB-0655-AG-002,availability_game,psu_fact,มี TEKKEN 8 ไหม,"ได้ครับ TEKKEN 8 เล่นได้ที่ PC Zone - PC #01-#02, PlayStation 5 Zone - PlayStation 5 #01-#02 แหล่งข้อมูล: https://esports.computing.psu.ac.th/",pipeline:structured_service_game_availability,games/game_availability_lookup,100.0,True,0.3081,0,,,
MB-0656-AG-003,availability_game,psu_fact,TEKKEN 8 อยู่โซนไหน,"ได้ครับ TEKKEN 8 เล่นได้ที่ PC Zone - PC #01-#02, PlayStation 5 Zone - PlayStation 5 #01-#02 แหล่งข้อมูล: https://esports.computing.psu.ac.th/",pipeline:structured_service_game_availability,games/game_availability_lookup,100.0,True,0.3647,0,,,
MB-0657-AG-004,availability_game,psu_fact,ถ้าจะเล่น TEKKEN 8 ต้องจองอะไร,"ถ้าจะเล่น TEKKEN 8 ให้จอง PC Zone - PC #01-#02 หรือ PlayStation 5 Zone - PlayStation 5 #01-#02 ครับ • PC Zone - PC #01-#02 (60 นาที, 1 คน) • PlayStation 5 Zone - PlayStation 5 #01-#02 (60 นาที, 1-2 คน) จากนั้นเลือกวัน รอบเวลา กรอกข้อมูลผู้ใช้บริการ ชำระเงิน และแนบสลิปเพื่อยืนยันการจอง แหล่งข้อมูล: https://esports.computing.psu.ac.th/",pipeline:structured_booking_game_service_selection,reservation/booking_policy,100.0,True,0.3576,0,,,
MB-0658-AG-005,availability_game,psu_fact,Counter-Strike 2 เล่นได้ที่เครื่องไหน,"ได้ครับ Counter-Strike 2 เล่นได้ที่ PC Zone - PC #01-#02, PC Zone - PC #03-#10 แหล่งข้อมูล: https://esports.computing.psu.ac.th/",pipeline:structured_service_game_availability,games/game_availability_lookup,100.0,True,0.5592,0,,,
MB-0659-AG-006,availability_game,psu_fact,มี Counter-Strike 2 ไหม,"ได้ครับ Counter-Strike 2 เล่นได้ที่ PC #01-#02, PC #03-#10 แหล่งข้อมูล: https://esports.computing.psu.ac.th/",pipeline:service_game_availability_fast_path,games/count,100.0,True,0.5662,0,,,
MB-0660-AG-007,availability_game,psu_fact,Counter-Strike 2 อยู่โซนไหน,"ได้ครับ Counter-Strike 2 เล่นได้ที่ PC Zone - PC #01-#02, PC Zone - PC #03-#10 แหล่งข้อมูล: https://esports.computing.psu.ac.th/",pipeline:structured_service_game_availability,games/game_availability_lookup,100.0,True,0.5551,0,,,
MB-0661-AG-008,availability_game,psu_fact,ถ้าจะเล่น Counter-Strike 2 ต้องจองอะไร,"ถ้าจะเล่น Counter-Strike 2 ให้จอง PC Zone - PC #01-#02 หรือ PC Zone - PC #03-#10 ครับ • PC Zone - PC #01-#02 (60 นาที, 1 คน) • PC Zone - PC #03-#10 (60 นาที, 1 คน) จากนั้นเลือกวัน รอบเวลา กรอกข้อมูลผู้ใช้บริการ ชำระเงิน และแนบสลิปเพื่อยืนยันการจอง แหล่งข้อมูล: https://esports.computing.psu.ac.th/",pipeline:structured_booking_game_service_selection,reservation/booking_policy,100.0,True,0.3865,0,,,
MB-0662-AG-009,availability_game,psu_fact,League of Legends เล่นได้ที่เครื่องไหน,"ได้ครับ League of Legends เล่นได้ที่ PC Zone - PC #01-#02, PC Zone - PC #03-#10 แหล่งข้อมูล: https://esports.computing.psu.ac.th/",pipeline:structured_service_game_availability,games/game_availability_lookup,100.0,True,0.7041,0,,,
MB-0663-AG-010,availability_game,psu_fact,มี League of Legends ไหม,"ได้ครับ League of Legends เล่นได้ที่ PC Zone - PC #01-#02, PC Zone - PC #03-#10 แหล่งข้อมูล: https://esports.computing.psu.ac.th/",pipeline:structured_service_game_availability,games/detail,100.0,True,0.4674,0,,,
MB-0664-AG-011,availability_game,psu_fact,League of Legends อยู่โซนไหน,"ได้ครับ League of Legends เล่นได้ที่ PC Zone - PC #01-#02, PC Zone - PC #03-#10 แหล่งข้อมูล: https://esports.computing.psu.ac.th/",pipeline:structured_service_game_availability,games/game_availability_lookup,100.0,True,0.5958,0,,,
MB-0665-AG-012,availability_game,psu_fact,ถ้าจะเล่น League of Legends ต้องจองอะไร,"ถ้าจะเล่น League of Legends ให้จอง PC Zone - PC #01-#02 หรือ PC Zone - PC #03-#10 ครับ • PC Zone - PC #01-#02 (60 นาที, 1 คน) • PC Zone - PC #03-#10 (60 นาที, 1 คน) จากนั้นเลือกวัน รอบเวลา กรอกข้อมูลผู้ใช้บริการ ชำระเงิน และแนบสลิปเพื่อยืนยันการจอง แหล่งข้อมูล: https://esports.computing.psu.ac.th/",pipeline:structured_booking_game_service_selection,reservation/booking_policy,100.0,True,0.378,0,,,
MB-0666-AG-013,availability_game,psu_fact,PUBG: BATTLEGROUNDS เล่นได้ที่เครื่องไหน,"ได้ครับ PUBG: BATTLEGROUNDS เล่นได้ที่ PC Zone - PC #01-#02, PC Zone - PC #03-#10 แหล่งข้อมูล: https://esports.computing.psu.ac.th/",pipeline:structured_service_game_availability,games/game_availability_lookup,100.0,True,0.7873,0,,,
MB-0667-AG-014,availability_game,psu_fact,มี PUBG: BATTLEGROUNDS ไหม,"ได้ครับ PUBG: BATTLEGROUNDS เล่นได้ที่ PC Zone - PC #01-#02, PC Zone - PC #03-#10 แหล่งข้อมูล: https://esports.computing.psu.ac.th/",pipeline:structured_service_game_availability,games/game_availability_lookup,100.0,True,0.5072,0,,,
MB-0668-AG-015,availability_game,psu_fact,PUBG อยู่โซนไหน,"ได้ครับ PUBG: BATTLEGROUNDS เล่นได้ที่ PC Zone - PC #01-#02, PC Zone - PC #03-#10 แหล่งข้อมูล: https://esports.computing.psu.ac.th/",pipeline:structured_service_game_availability,games/game_availability_lookup,100.0,True,0.4567,0,,,
MB-0669-AG-016,availability_game,psu_fact,ถ้าจะเล่น PUBG ต้องจองอะไร,"ถ้าจะเล่น PUBG: BATTLEGROUNDS ให้จอง PC Zone - PC #01-#02 หรือ PC Zone - PC #03-#10 ครับ • PC Zone - PC #01-#02 (60 นาที, 1 คน) • PC Zone - PC #03-#10 (60 นาที, 1 คน) จากนั้นเลือกวัน รอบเวลา กรอกข้อมูลผู้ใช้บริการ ชำระเงิน และแนบสลิปเพื่อยืนยันการจอง แหล่งข้อมูล: https://esports.computing.psu.ac.th/",pipeline:structured_booking_game_service_selection,reservation/booking_policy,100.0,True,0.3456,0,,,
MB-0670-AG-017,availability_game,psu_fact,VALORANT เล่นได้ที่เครื่องไหน,"ได้ครับ VALORANT เล่นได้ที่ PC Zone - PC #01-#02, PC Zone - PC #03-#10 แหล่งข้อมูล: https://esports.computing.psu.ac.th/",pipeline:structured_service_game_availability,games/game_availability_lookup,100.0,True,0.6634,0,,,
MB-0671-AG-018,availability_game,psu_fact,มี VALORANT ไหม,"ได้ครับ VALORANT เล่นได้ที่ PC Zone - PC #01-#02, PC Zone - PC #03-#10 แหล่งข้อมูล: https://esports.computing.psu.ac.th/",pipeline:structured_service_game_availability,games/game_availability_lookup,100.0,True,0.3978,0,,,
MB-0672-AG-019,availability_game,psu_fact,VALORANT อยู่โซนไหน,"ได้ครับ VALORANT เล่นได้ที่ PC Zone - PC #01-#02, PC Zone - PC #03-#10 แหล่งข้อมูล: https://esports.computing.psu.ac.th/",pipeline:structured_service_game_availability,games/game_availability_lookup,100.0,True,0.5142,0,,,
MB-0673-AG-020,availability_game,psu_fact,ถ้าจะเล่น VALORANT ต้องจองอะไร,"ถ้าจะเล่น VALORANT ให้จอง PC Zone - PC #01-#02 หรือ PC Zone - PC #03-#10 ครับ • PC Zone - PC #01-#02 (60 นาที, 1 คน) • PC Zone - PC #03-#10 (60 นาที, 1 คน) จากนั้นเลือกวัน รอบเวลา กรอกข้อมูลผู้ใช้บริการ ชำระเงิน และแนบสลิปเพื่อยืนยันการจอง แหล่งข้อมูล: https://esports.computing.psu.ac.th/",pipeline:structured_booking_game_service_selection,reservation/booking_policy,100.0,True,0.3782,0,,,
MB-0674-AS-004,availability_service,psu_fact,PC #03-#10 มีเกมอะไรบ้าง,"PC Zone มีเกมที่ยืนยันได้ดังนี้ PC #03-#10 (60 นาที, 1 คน) • Call of Duty: Warzone • Counter-Strike 2 • League of Legends • PUBG: BATTLEGROUNDS • VALORANT หมายเหตุ: PC #03-#10 มี Call of Duty: Warzone แต่ไม่มี TEKKEN 8 หมายเหตุ: PC #01-#02 และ PC #03-#10 มี Counter-Strike 2, League of Legends, PUBG: BATTLEGROUNDS, VALORANT เหมือนกัน แหล่งข้อมูล: https://esports.computing.psu.ac.th/",pipeline:structured_service_game_availability,games/list,100.0,True,0.2553,0,,,
MB-0675-AS-005,availability_service,psu_fact,PC #03-#10 เล่นได้กี่คน,บริการที่ถามรองรับผู้เล่นตามข้อมูลนี้ครับ • PC #03-#10: 1 คน ต่อรอบ 60 นาที แหล่งข้อมูล: https://esports.computing.psu.ac.th/,pipeline:structured_service_capacity,reservation/count,100.0,True,0.2502,0,,,
MB-0676-AG-021,availability_game,psu_fact,Call of Duty: Warzone เล่นได้ที่เครื่องไหน,ได้ครับ Call of Duty: Warzone เล่นได้ที่ PC Zone - PC #03-#10 แหล่งข้อมูล: https://esports.computing.psu.ac.th/,pipeline:structured_service_game_availability,games/game_availability_lookup,100.0,True,0.7995,0,,,
MB-0677-AG-022,availability_game,psu_fact,มี Call of Duty: Warzone ไหม,ได้ครับ Call of Duty: Warzone เล่นได้ที่ PC Zone - PC #03-#10 แหล่งข้อมูล: https://esports.computing.psu.ac.th/,pipeline:structured_service_game_availability,games/game_availability_lookup,100.0,True,0.5039,0,,,
MB-0678-AG-023,availability_game,psu_fact,Call of Duty อยู่โซนไหน,พบเกมที่เกี่ยวข้องกับ Call of Duty ในรายการที่ยืนยันได้ครับ • Call of Duty: Modern Warfare III: เล่นได้ที่ PlayStation 5 Zone • Call of Duty: Warzone: เล่นได้ที่ PC Zone แหล่งข้อมูล: https://esports.phuket.psu.ac.th/Services/our-games,pipeline:structured_games_family,games/list,100.0,True,0.4784,0,,,
MB-0679-AG-024,availability_game,psu_fact,ถ้าจะเล่น Call of Duty ต้องจองอะไร,Call of Duty ในข้อมูลตอนนี้มีมากกว่า 1 เกมครับ ต้องเลือกให้ตรงกับเกมที่จะเล่น • ถ้าหมายถึง Call of Duty: Modern Warfare III ให้จอง PlayStation 5 #01-#02 • ถ้าหมายถึง Call of Duty: Warzone ให้จอง PC #03-#10 พิมพ์ต่อได้เลยว่า Warzone หรือ Modern Warfare III ถ้าต้องการให้ช่วยเจาะจง แหล่งข้อมูล: https://esports.computing.psu.ac.th/,pipeline:structured_booking_game_family_clarification,reservation/booking_policy,100.0,True,0.3367,0,,,
MB-0680-AS-006,availability_service,psu_fact,PlayStation 5 #01-#02 มีเกมอะไรบ้าง,"PlayStation 5 Zone มีเกมที่ยืนยันได้ดังนี้ PlayStation 5 #01-#02 (60 นาที, 1-2 คน) • Call of Duty: Modern Warfare III • Delta Force • EA Sports FC 24 • eFootball • FINAL FANTASY XVI • Fortnite • God of War Ragnarok • Hogwarts Legacy • Marvel's Spider-Man 2 • NARUTO X BORUTO Ultimate Ninja Storm Connections • Resident Evil 4 • Resident Evil Village • TEKKEN 8 • THE FINALS • The Last of Us Part I • The Last of Us Part II (Remastered) • Uncharted: Legacy of Thieves Collection หมายเหตุ: PlayStation 5 #01 และ #02 ใช้รายการเกมเดียวกัน แหล่งข้อมูล: https://esports.computing.psu.ac.th/",pipeline:structured_service_game_availability,games/list,100.0,True,0.2688,0,,,
MB-0681-AS-007,availability_service,psu_fact,PlayStation 5 #01-#02 เล่นได้กี่คน,บริการที่ถามรองรับผู้เล่นตามข้อมูลนี้ครับ • PlayStation 5 #01-#02: 1-2 คน ต่อรอบ 60 นาที แหล่งข้อมูล: https://esports.computing.psu.ac.th/,pipeline:structured_service_capacity,reservation/count,100.0,True,0.2548,0,,,
MB-0682-AS-008,availability_service,psu_fact,PlayStation 5 Zone รายการเกมมีอะไรบ้าง,"PlayStation 5 Zone มีเกมที่ยืนยันได้ดังนี้ PlayStation 5 #01-#02 (60 นาที, 1-2 คน) • Call of Duty: Modern Warfare III • Delta Force • EA Sports FC 24 • eFootball • FINAL FANTASY XVI • Fortnite • God of War Ragnarok • Hogwarts Legacy • Marvel's Spider-Man 2 • NARUTO X BORUTO Ultimate Ninja Storm Connections • Resident Evil 4 • Resident Evil Village • TEKKEN 8 • THE FINALS • The Last of Us Part I • The Last of Us Part II (Remastered) • Uncharted: Legacy of Thieves Collection หมายเหตุ: PlayStation 5 #01 และ #02 ใช้รายการเกมเดียวกัน แหล่งข้อมูล: https://esports.computing.psu.ac.th/",pipeline:structured_service_game_availability,games/list,100.0,True,0.3978,0,,,
MB-0683-AG-025,availability_game,psu_fact,Call of Duty: Modern Warfare III เล่นได้ที่เครื่องไหน,ได้ครับ Call of Duty: Modern Warfare III เล่นได้ที่ PlayStation 5 Zone - PlayStation 5 #01-#02 แหล่งข้อมูล: https://esports.computing.psu.ac.th/,pipeline:structured_service_game_availability,games/game_availability_lookup,100.0,True,0.7496,0,,,
MB-0684-AG-026,availability_game,psu_fact,มี Call of Duty: Modern Warfare III ไหม,ได้ครับ Call of Duty: Modern Warfare III เล่นได้ที่ PlayStation 5 Zone - PlayStation 5 #01-#02 แหล่งข้อมูล: https://esports.computing.psu.ac.th/,pipeline:structured_service_game_availability,games/detail,100.0,True,0.5985,0,,,
MB-0685-AG-027,availability_game,psu_fact,Delta Force เล่นได้ที่เครื่องไหน,ได้ครับ Delta Force เล่นได้ที่ PlayStation 5 Zone - PlayStation 5 #01-#02 แหล่งข้อมูล: https://esports.computing.psu.ac.th/,pipeline:structured_service_game_availability,games/game_availability_lookup,100.0,True,0.7661,0,,,
MB-0686-AG-028,availability_game,psu_fact,มี Delta Force ไหม,ได้ครับ Delta Force เล่นได้ที่ PlayStation 5 Zone - PlayStation 5 #01-#02 แหล่งข้อมูล: https://esports.computing.psu.ac.th/,pipeline:structured_service_game_availability,games/game_availability_lookup,100.0,True,0.4097,0,,,
MB-0687-AG-029,availability_game,psu_fact,Delta Force อยู่โซนไหน,ได้ครับ Delta Force เล่นได้ที่ PlayStation 5 Zone - PlayStation 5 #01-#02 แหล่งข้อมูล: https://esports.computing.psu.ac.th/,pipeline:structured_service_game_availability,games/game_availability_lookup,100.0,True,0.415,0,,,
MB-0688-AG-030,availability_game,psu_fact,ถ้าจะเล่น Delta Force ต้องจองอะไร,"ถ้าจะเล่น Delta Force ให้จอง PlayStation 5 Zone - PlayStation 5 #01-#02 ครับ • PlayStation 5 Zone - PlayStation 5 #01-#02 (60 นาที, 1-2 คน) จากนั้นเลือกวัน รอบเวลา กรอกข้อมูลผู้ใช้บริการ ชำระเงิน และแนบสลิปเพื่อยืนยันการจอง แหล่งข้อมูล: https://esports.computing.psu.ac.th/",pipeline:structured_booking_game_service_selection,reservation/booking_policy,100.0,True,0.4205,0,,,
MB-0689-AG-031,availability_game,psu_fact,EA Sports FC 24 เล่นได้ที่เครื่องไหน,ได้ครับ EA Sports FC 24 เล่นได้ที่ PlayStation 5 Zone - PlayStation 5 #01-#02 แหล่งข้อมูล: https://esports.computing.psu.ac.th/,pipeline:structured_service_game_availability,games/game_availability_lookup,100.0,True,0.6775,0,,,
MB-0690-AG-032,availability_game,psu_fact,มี EA Sports FC 24 ไหม,ได้ครับ EA Sports FC 24 เล่นได้ที่ PlayStation 5 Zone - PlayStation 5 #01-#02 แหล่งข้อมูล: https://esports.computing.psu.ac.th/,pipeline:structured_service_game_availability,games/detail,100.0,True,0.329,0,,,
MB-0691-AG-033,availability_game,psu_fact,EA Sports FC 24 อยู่โซนไหน,ได้ครับ EA Sports FC 24 เล่นได้ที่ PlayStation 5 Zone - PlayStation 5 #01-#02 แหล่งข้อมูล: https://esports.computing.psu.ac.th/,pipeline:structured_service_game_availability,games/game_availability_lookup,100.0,True,0.3927,0,,,
MB-0692-AG-034,availability_game,psu_fact,ถ้าจะเล่น EA Sports FC 24 ต้องจองอะไร,"ถ้าจะเล่น EA Sports FC 24 ให้จอง PlayStation 5 Zone - PlayStation 5 #01-#02 ครับ • PlayStation 5 Zone - PlayStation 5 #01-#02 (60 นาที, 1-2 คน) จากนั้นเลือกวัน รอบเวลา กรอกข้อมูลผู้ใช้บริการ ชำระเงิน และแนบสลิปเพื่อยืนยันการจอง แหล่งข้อมูล: https://esports.computing.psu.ac.th/",pipeline:structured_booking_game_service_selection,reservation/booking_policy,100.0,True,0.2764,0,,,
MB-0693-AG-035,availability_game,psu_fact,eFootball เล่นได้ที่เครื่องไหน,ได้ครับ eFootball เล่นได้ที่ PlayStation 5 Zone - PlayStation 5 #01-#02 แหล่งข้อมูล: https://esports.computing.psu.ac.th/,pipeline:structured_service_game_availability,games/game_availability_lookup,100.0,True,0.6415,0,,,
MB-0694-AG-036,availability_game,psu_fact,มี eFootball ไหม,ได้ครับ eFootball เล่นได้ที่ PlayStation 5 Zone - PlayStation 5 #01-#02 แหล่งข้อมูล: https://esports.computing.psu.ac.th/,pipeline:structured_service_game_availability,games/game_availability_lookup,100.0,True,0.4248,0,,,
MB-0695-AG-037,availability_game,psu_fact,eFootball อยู่โซนไหน,ได้ครับ eFootball เล่นได้ที่ PlayStation 5 Zone - PlayStation 5 #01-#02 แหล่งข้อมูล: https://esports.computing.psu.ac.th/,pipeline:structured_service_game_availability,games/game_availability_lookup,100.0,True,0.5409,0,,,
MB-0696-AG-038,availability_game,psu_fact,ถ้าจะเล่น eFootball ต้องจองอะไร,"ถ้าจะเล่น eFootball ให้จอง PlayStation 5 Zone - PlayStation 5 #01-#02 ครับ • PlayStation 5 Zone - PlayStation 5 #01-#02 (60 นาที, 1-2 คน) จากนั้นเลือกวัน รอบเวลา กรอกข้อมูลผู้ใช้บริการ ชำระเงิน และแนบสลิปเพื่อยืนยันการจอง แหล่งข้อมูล: https://esports.computing.psu.ac.th/",pipeline:structured_booking_game_service_selection,reservation/booking_policy,100.0,True,0.4067,0,,,
MB-0697-AG-039,availability_game,psu_fact,FINAL FANTASY XVI เล่นได้ที่เครื่องไหน,ได้ครับ FINAL FANTASY XVI เล่นได้ที่ PlayStation 5 Zone - PlayStation 5 #01-#02 แหล่งข้อมูล: https://esports.computing.psu.ac.th/,pipeline:structured_service_game_availability,games/game_availability_lookup,100.0,True,0.7458,0,,,
MB-0698-AG-040,availability_game,psu_fact,มี FINAL FANTASY XVI ไหม,ได้ครับ FINAL FANTASY XVI เล่นได้ที่ PlayStation 5 Zone - PlayStation 5 #01-#02 แหล่งข้อมูล: https://esports.computing.psu.ac.th/,pipeline:structured_service_game_availability,games/detail,100.0,True,0.4836,0,,,
MB-0699-AG-041,availability_game,psu_fact,FINAL FANTASY XVI อยู่โซนไหน,ได้ครับ FINAL FANTASY XVI เล่นได้ที่ PlayStation 5 Zone - PlayStation 5 #01-#02 แหล่งข้อมูล: https://esports.computing.psu.ac.th/,pipeline:structured_service_game_availability,games/game_availability_lookup,100.0,True,0.5839,0,,,
MB-0700-AG-042,availability_game,psu_fact,ถ้าจะเล่น FINAL FANTASY XVI ต้องจองอะไร,"ถ้าจะเล่น FINAL FANTASY XVI ให้จอง PlayStation 5 Zone - PlayStation 5 #01-#02 ครับ • PlayStation 5 Zone - PlayStation 5 #01-#02 (60 นาที, 1-2 คน) จากนั้นเลือกวัน รอบเวลา กรอกข้อมูลผู้ใช้บริการ ชำระเงิน และแนบสลิปเพื่อยืนยันการจอง แหล่งข้อมูล: https://esports.computing.psu.ac.th/",pipeline:structured_booking_game_service_selection,reservation/booking_policy,100.0,True,0.3832,0,,,
MB-0701-AG-043,availability_game,psu_fact,Fortnite เล่นได้ที่เครื่องไหน,ได้ครับ Fortnite เล่นได้ที่ PlayStation 5 Zone - PlayStation 5 #01-#02 แหล่งข้อมูล: https://esports.computing.psu.ac.th/,pipeline:structured_service_game_availability,games/game_availability_lookup,100.0,True,0.6463,0,,,
MB-0702-AG-044,availability_game,psu_fact,มี Fortnite ไหม,ได้ครับ Fortnite เล่นได้ที่ PlayStation 5 Zone - PlayStation 5 #01-#02 แหล่งข้อมูล: https://esports.computing.psu.ac.th/,pipeline:structured_service_game_availability,games/game_availability_lookup,100.0,True,0.3898,0,,,
MB-0703-AG-045,availability_game,psu_fact,Fortnite อยู่โซนไหน,ได้ครับ Fortnite เล่นได้ที่ PlayStation 5 Zone - PlayStation 5 #01-#02 แหล่งข้อมูล: https://esports.computing.psu.ac.th/,pipeline:structured_service_game_availability,games/game_availability_lookup,100.0,True,0.4617,0,,,
MB-0704-AG-046,availability_game,psu_fact,ถ้าจะเล่น Fortnite ต้องจองอะไร,"ถ้าจะเล่น Fortnite ให้จอง PlayStation 5 Zone - PlayStation 5 #01-#02 ครับ • PlayStation 5 Zone - PlayStation 5 #01-#02 (60 นาที, 1-2 คน) จากนั้นเลือกวัน รอบเวลา กรอกข้อมูลผู้ใช้บริการ ชำระเงิน และแนบสลิปเพื่อยืนยันการจอง แหล่งข้อมูล: https://esports.computing.psu.ac.th/",pipeline:structured_booking_game_service_selection,reservation/booking_policy,100.0,True,0.3574,0,,,
MB-0705-AG-047,availability_game,psu_fact,God of War Ragnarok เล่นได้ที่เครื่องไหน,ได้ครับ God of War Ragnarok เล่นได้ที่ PlayStation 5 Zone - PlayStation 5 #01-#02 แหล่งข้อมูล: https://esports.computing.psu.ac.th/,pipeline:structured_service_game_availability,games/game_availability_lookup,100.0,True,0.7558,0,,,
MB-0706-AG-048,availability_game,psu_fact,มี God of War Ragnarok ไหม,ได้ครับ God of War Ragnarok เล่นได้ที่ PlayStation 5 Zone - PlayStation 5 #01-#02 แหล่งข้อมูล: https://esports.computing.psu.ac.th/,pipeline:structured_service_game_availability,games/detail,100.0,True,0.4461,0,,,
MB-0707-AG-049,availability_game,psu_fact,God of War Ragnarok อยู่โซนไหน,ได้ครับ God of War Ragnarok เล่นได้ที่ PlayStation 5 Zone - PlayStation 5 #01-#02 แหล่งข้อมูล: https://esports.computing.psu.ac.th/,pipeline:structured_service_game_availability,games/game_availability_lookup,100.0,True,0.4726,0,,,
MB-0708-AG-050,availability_game,psu_fact,ถ้าจะเล่น God of War Ragnarok ต้องจองอะไร,"ถ้าจะเล่น God of War Ragnarok ให้จอง PlayStation 5 Zone - PlayStation 5 #01-#02 ครับ • PlayStation 5 Zone - PlayStation 5 #01-#02 (60 นาที, 1-2 คน) จากนั้นเลือกวัน รอบเวลา กรอกข้อมูลผู้ใช้บริการ ชำระเงิน และแนบสลิปเพื่อยืนยันการจอง แหล่งข้อมูล: https://esports.computing.psu.ac.th/",pipeline:structured_booking_game_service_selection,reservation/booking_policy,100.0,True,0.3823,0,,,
MB-0709-AG-051,availability_game,psu_fact,Hogwarts Legacy เล่นได้ที่เครื่องไหน,ได้ครับ Hogwarts Legacy เล่นได้ที่ PlayStation 5 Zone - PlayStation 5 #01-#02 แหล่งข้อมูล: https://esports.computing.psu.ac.th/,pipeline:structured_service_game_availability,games/game_availability_lookup,100.0,True,0.8098,0,,,
MB-0710-AG-052,availability_game,psu_fact,มี Hogwarts Legacy ไหม,ได้ครับ Hogwarts Legacy เล่นได้ที่ PlayStation 5 Zone - PlayStation 5 #01-#02 แหล่งข้อมูล: https://esports.computing.psu.ac.th/,pipeline:structured_service_game_availability,games/detail,100.0,True,0.4782,0,,,
MB-0711-AG-053,availability_game,psu_fact,Hogwarts Legacy อยู่โซนไหน,ได้ครับ Hogwarts Legacy เล่นได้ที่ PlayStation 5 Zone - PlayStation 5 #01-#02 แหล่งข้อมูล: https://esports.computing.psu.ac.th/,pipeline:structured_service_game_availability,games/game_availability_lookup,100.0,True,0.5908,0,,,
MB-0712-AG-054,availability_game,psu_fact,ถ้าจะเล่น Hogwarts Legacy ต้องจองอะไร,"ถ้าจะเล่น Hogwarts Legacy ให้จอง PlayStation 5 Zone - PlayStation 5 #01-#02 ครับ • PlayStation 5 Zone - PlayStation 5 #01-#02 (60 นาที, 1-2 คน) จากนั้นเลือกวัน รอบเวลา กรอกข้อมูลผู้ใช้บริการ ชำระเงิน และแนบสลิปเพื่อยืนยันการจอง แหล่งข้อมูล: https://esports.computing.psu.ac.th/",pipeline:structured_booking_game_service_selection,reservation/booking_policy,100.0,True,0.4269,0,,,
MB-0713-AG-055,availability_game,psu_fact,Marvel's Spider-Man 2 เล่นได้ที่เครื่องไหน,ได้ครับ Marvel's Spider-Man 2 เล่นได้ที่ PlayStation 5 Zone - PlayStation 5 #01-#02 แหล่งข้อมูล: https://esports.computing.psu.ac.th/,pipeline:structured_service_game_availability,games/game_availability_lookup,100.0,True,1.024,0,,,
MB-0714-AG-056,availability_game,psu_fact,มี Marvel's Spider-Man 2 ไหม,ได้ครับ Marvel's Spider-Man 2 เล่นได้ที่ PlayStation 5 Zone - PlayStation 5 #01-#02 แหล่งข้อมูล: https://esports.computing.psu.ac.th/,pipeline:structured_service_game_availability,games/detail,100.0,True,0.7224,0,,,
MB-0715-AG-057,availability_game,psu_fact,Marvel's Spider-Man 2 อยู่โซนไหน,ได้ครับ Marvel's Spider-Man 2 เล่นได้ที่ PlayStation 5 Zone - PlayStation 5 #01-#02 แหล่งข้อมูล: https://esports.computing.psu.ac.th/,pipeline:structured_service_game_availability,games/game_availability_lookup,100.0,True,0.8871,0,,,
MB-0716-AG-058,availability_game,psu_fact,ถ้าจะเล่น Marvel's Spider-Man 2 ต้องจองอะไร,"ถ้าจะเล่น Marvel's Spider-Man 2 ให้จอง PlayStation 5 Zone - PlayStation 5 #01-#02 ครับ • PlayStation 5 Zone - PlayStation 5 #01-#02 (60 นาที, 1-2 คน) จากนั้นเลือกวัน รอบเวลา กรอกข้อมูลผู้ใช้บริการ ชำระเงิน และแนบสลิปเพื่อยืนยันการจอง แหล่งข้อมูล: https://esports.computing.psu.ac.th/",pipeline:structured_booking_game_service_selection,reservation/booking_policy,100.0,True,0.4972,0,,,
MB-0717-AG-059,availability_game,psu_fact,NARUTO X BORUTO Ultimate Ninja Storm Connections เล่นได้ที่เครื่องไหน,ได้ครับ NARUTO X BORUTO Ultimate Ninja Storm Connections เล่นได้ที่ PlayStation 5 Zone - PlayStation 5 #01-#02 แหล่งข้อมูล: https://esports.computing.psu.ac.th/,pipeline:structured_service_game_availability,games/game_availability_lookup,100.0,True,1.196,0,,,
MB-0718-AG-060,availability_game,psu_fact,มี NARUTO X BORUTO Ultimate Ninja Storm Connections ไหม,ได้ครับ NARUTO X BORUTO Ultimate Ninja Storm Connections เล่นได้ที่ PlayStation 5 Zone - PlayStation 5 #01-#02 แหล่งข้อมูล: https://esports.computing.psu.ac.th/,pipeline:structured_service_game_availability,games/detail,100.0,True,0.9471,0,,,
MB-0719-AG-061,availability_game,psu_fact,NARUTO X BORUTO Ultimate Ninja Storm Connections อยู่โซนไหน,ได้ครับ NARUTO X BORUTO Ultimate Ninja Storm Connections เล่นได้ที่ PlayStation 5 Zone - PlayStation 5 #01-#02 แหล่งข้อมูล: https://esports.computing.psu.ac.th/,pipeline:structured_service_game_availability,games/game_availability_lookup,100.0,True,0.9179,0,,,
MB-0720-AG-062,availability_game,psu_fact,ถ้าจะเล่น NARUTO X BORUTO Ultimate Ninja Storm Connections ต้องจองอะไร,"ถ้าจะเล่น NARUTO X BORUTO Ultimate Ninja Storm Connections ให้จอง PlayStation 5 Zone - PlayStation 5 #01-#02 ครับ • PlayStation 5 Zone - PlayStation 5 #01-#02 (60 นาที, 1-2 คน) จากนั้นเลือกวัน รอบเวลา กรอกข้อมูลผู้ใช้บริการ ชำระเงิน และแนบสลิปเพื่อยืนยันการจอง แหล่งข้อมูล: https://esports.computing.psu.ac.th/",pipeline:structured_booking_game_service_selection,reservation/booking_policy,100.0,True,0.584,0,,,
MB-0721-AG-063,availability_game,psu_fact,Resident Evil 4 เล่นได้ที่เครื่องไหน,"ได้ครับ Resident Evil 4 เล่นได้ที่ PlayStation 5 Zone - PlayStation 5 #01-#02, VR Zone - VR Station 30 นาที, VR Zone - VR Station 1 ชั่วโมง แหล่งข้อมูล: https://esports.computing.psu.ac.th/",pipeline:structured_service_game_availability,games/game_availability_lookup,100.0,True,0.9229,0,,,
MB-0722-AG-064,availability_game,psu_fact,มี Resident Evil 4 ไหม,"ได้ครับ Resident Evil 4 เล่นได้ที่ PlayStation 5 Zone - PlayStation 5 #01-#02, VR Zone - VR Station 30 นาที, VR Zone - VR Station 1 ชั่วโมง แหล่งข้อมูล: https://esports.computing.psu.ac.th/",pipeline:structured_service_game_availability,games/detail,100.0,True,0.5523,0,,,
MB-0723-AG-065,availability_game,psu_fact,Resident Evil 4 อยู่โซนไหน,"ได้ครับ Resident Evil 4 เล่นได้ที่ PlayStation 5 Zone - PlayStation 5 #01-#02, VR Zone - VR Station 30 นาที, VR Zone - VR Station 1 ชั่วโมง แหล่งข้อมูล: https://esports.computing.psu.ac.th/",pipeline:structured_service_game_availability,games/game_availability_lookup,100.0,True,0.5866,0,,,
MB-0724-AG-066,availability_game,psu_fact,ถ้าจะเล่น Resident Evil 4 ต้องจองอะไร,"ถ้าจะเล่น Resident Evil 4 ให้จอง PlayStation 5 Zone - PlayStation 5 #01-#02 หรือ VR Zone - VR Station 30 นาที หรือ VR Zone - VR Station 1 ชั่วโมง ครับ • PlayStation 5 Zone - PlayStation 5 #01-#02 (60 นาที, 1-2 คน) • VR Zone - VR Station 30 นาที (30 นาที, 1-5 คน) • VR Zone - VR Station 1 ชั่วโมง (60 นาที, 1-5 คน) จากนั้นเลือกวัน รอบเวลา กรอกข้อมูลผู้ใช้บริการ ชำระเงิน และแนบสลิปเพื่อยืนยันการจอง แหล่งข้อมูล: https://esports.computing.psu.ac.th/",pipeline:structured_booking_game_service_selection,reservation/booking_policy,100.0,True,0.3736,0,,,
MB-0725-AG-067,availability_game,psu_fact,Resident Evil Village เล่นได้ที่เครื่องไหน,"ได้ครับ Resident Evil Village เล่นได้ที่ PlayStation 5 Zone - PlayStation 5 #01-#02, VR Zone - VR Station 30 นาที, VR Zone - VR Station 1 ชั่วโมง แหล่งข้อมูล: https://esports.computing.psu.ac.th/",pipeline:structured_service_game_availability,games/game_availability_lookup,100.0,True,0.8335,0,,,
MB-0726-AG-068,availability_game,psu_fact,มี Resident Evil Village ไหม,"ได้ครับ Resident Evil Village เล่นได้ที่ PlayStation 5 Zone - PlayStation 5 #01-#02, VR Zone - VR Station 30 นาที, VR Zone - VR Station 1 ชั่วโมง แหล่งข้อมูล: https://esports.computing.psu.ac.th/",pipeline:structured_service_game_availability,games/detail,100.0,True,0.5472,0,,,
MB-0727-AG-069,availability_game,psu_fact,Resident Evil Village อยู่โซนไหน,"ได้ครับ Resident Evil Village เล่นได้ที่ PlayStation 5 Zone - PlayStation 5 #01-#02, VR Zone - VR Station 30 นาที, VR Zone - VR Station 1 ชั่วโมง แหล่งข้อมูล: https://esports.computing.psu.ac.th/",pipeline:structured_service_game_availability,games/game_availability_lookup,100.0,True,0.666,0,,,
MB-0728-AG-070,availability_game,psu_fact,ถ้าจะเล่น Resident Evil Village ต้องจองอะไร,"ถ้าจะเล่น Resident Evil Village ให้จอง PlayStation 5 Zone - PlayStation 5 #01-#02 หรือ VR Zone - VR Station 30 นาที หรือ VR Zone - VR Station 1 ชั่วโมง ครับ • PlayStation 5 Zone - PlayStation 5 #01-#02 (60 นาที, 1-2 คน) • VR Zone - VR Station 30 นาที (30 นาที, 1-5 คน) • VR Zone - VR Station 1 ชั่วโมง (60 นาที, 1-5 คน) จากนั้นเลือกวัน รอบเวลา กรอกข้อมูลผู้ใช้บริการ ชำระเงิน และแนบสลิปเพื่อยืนยันการจอง แหล่งข้อมูล: https://esports.computing.psu.ac.th/",pipeline:structured_booking_game_service_selection,reservation/booking_policy,100.0,True,0.4154,0,,,
MB-0729-AG-071,availability_game,psu_fact,THE FINALS เล่นได้ที่เครื่องไหน,ได้ครับ THE FINALS เล่นได้ที่ PlayStation 5 Zone - PlayStation 5 #01-#02 แหล่งข้อมูล: https://esports.computing.psu.ac.th/,pipeline:structured_service_game_availability,games/game_availability_lookup,100.0,True,0.6913,0,,,
MB-0730-AG-072,availability_game,psu_fact,มี THE FINALS ไหม,ได้ครับ THE FINALS เล่นได้ที่ PlayStation 5 Zone - PlayStation 5 #01-#02 แหล่งข้อมูล: https://esports.computing.psu.ac.th/,pipeline:structured_service_game_availability,games/game_availability_lookup,100.0,True,0.3976,0,,,
MB-0731-AG-073,availability_game,psu_fact,THE FINALS อยู่โซนไหน,ได้ครับ THE FINALS เล่นได้ที่ PlayStation 5 Zone - PlayStation 5 #01-#02 แหล่งข้อมูล: https://esports.computing.psu.ac.th/,pipeline:structured_service_game_availability,games/game_availability_lookup,100.0,True,0.5642,0,,,
MB-0732-AG-074,availability_game,psu_fact,ถ้าจะเล่น THE FINALS ต้องจองอะไร,"ถ้าจะเล่น THE FINALS ให้จอง PlayStation 5 Zone - PlayStation 5 #01-#02 ครับ • PlayStation 5 Zone - PlayStation 5 #01-#02 (60 นาที, 1-2 คน) จากนั้นเลือกวัน รอบเวลา กรอกข้อมูลผู้ใช้บริการ ชำระเงิน และแนบสลิปเพื่อยืนยันการจอง แหล่งข้อมูล: https://esports.computing.psu.ac.th/",pipeline:structured_booking_game_service_selection,reservation/booking_policy,100.0,True,0.3286,0,,,
MB-0733-AG-075,availability_game,psu_fact,The Last of Us Part I เล่นได้ที่เครื่องไหน,ได้ครับ The Last of Us Part I เล่นได้ที่ PlayStation 5 Zone - PlayStation 5 #01-#02 แหล่งข้อมูล: https://esports.computing.psu.ac.th/,pipeline:structured_service_game_availability,games/game_availability_lookup,100.0,True,0.6596,0,,,
MB-0734-AG-076,availability_game,psu_fact,มี The Last of Us Part I ไหม,ได้ครับ The Last of Us Part I เล่นได้ที่ PlayStation 5 Zone - PlayStation 5 #01-#02 แหล่งข้อมูล: https://esports.computing.psu.ac.th/,pipeline:structured_service_game_availability,games/detail,100.0,True,0.3853,0,,,
MB-0735-AG-077,availability_game,psu_fact,The Last of Us Part I อยู่โซนไหน,ได้ครับ The Last of Us Part I เล่นได้ที่ PlayStation 5 Zone - PlayStation 5 #01-#02 แหล่งข้อมูล: https://esports.computing.psu.ac.th/,pipeline:structured_service_game_availability,games/game_availability_lookup,100.0,True,0.5849,0,,,
MB-0736-AG-078,availability_game,psu_fact,ถ้าจะเล่น The Last of Us Part I ต้องจองอะไร,"ถ้าจะเล่น The Last of Us Part I ให้จอง PlayStation 5 Zone - PlayStation 5 #01-#02 ครับ • PlayStation 5 Zone - PlayStation 5 #01-#02 (60 นาที, 1-2 คน) จากนั้นเลือกวัน รอบเวลา กรอกข้อมูลผู้ใช้บริการ ชำระเงิน และแนบสลิปเพื่อยืนยันการจอง แหล่งข้อมูล: https://esports.computing.psu.ac.th/",pipeline:structured_booking_game_service_selection,reservation/booking_policy,100.0,True,0.3356,0,,,
MB-0737-AG-079,availability_game,psu_fact,The Last of Us Part II (Remastered) เล่นได้ที่เครื่องไหน,ได้ครับ The Last of Us Part II (Remastered) เล่นได้ที่ PlayStation 5 Zone - PlayStation 5 #01-#02 แหล่งข้อมูล: https://esports.computing.psu.ac.th/,pipeline:structured_service_game_availability,games/game_availability_lookup,100.0,True,0.9543,0,,,
MB-0738-AG-080,availability_game,psu_fact,มี The Last of Us Part II (Remastered) ไหม,ได้ครับ The Last of Us Part II (Remastered) เล่นได้ที่ PlayStation 5 Zone - PlayStation 5 #01-#02 แหล่งข้อมูล: https://esports.computing.psu.ac.th/,pipeline:structured_service_game_availability,games/detail,100.0,True,0.642,0,,,
MB-0739-AG-081,availability_game,psu_fact,The Last of Us Part II อยู่โซนไหน,ได้ครับ The Last of Us Part II (Remastered) เล่นได้ที่ PlayStation 5 Zone - PlayStation 5 #01-#02 แหล่งข้อมูล: https://esports.computing.psu.ac.th/,pipeline:structured_service_game_availability,games/game_availability_lookup,100.0,True,0.6623,0,,,
MB-0740-AG-082,availability_game,psu_fact,ถ้าจะเล่น The Last of Us Part II ต้องจองอะไร,"ถ้าจะเล่น The Last of Us Part II (Remastered) ให้จอง PlayStation 5 Zone - PlayStation 5 #01-#02 ครับ • PlayStation 5 Zone - PlayStation 5 #01-#02 (60 นาที, 1-2 คน) จากนั้นเลือกวัน รอบเวลา กรอกข้อมูลผู้ใช้บริการ ชำระเงิน และแนบสลิปเพื่อยืนยันการจอง แหล่งข้อมูล: https://esports.computing.psu.ac.th/",pipeline:structured_booking_game_service_selection,reservation/booking_policy,100.0,True,0.4698,0,,,
MB-0741-AG-083,availability_game,psu_fact,Uncharted: Legacy of Thieves Collection เล่นได้ที่เครื่องไหน,ได้ครับ Uncharted: Legacy of Thieves Collection เล่นได้ที่ PlayStation 5 Zone - PlayStation 5 #01-#02 แหล่งข้อมูล: https://esports.computing.psu.ac.th/,pipeline:structured_service_game_availability,games/game_availability_lookup,100.0,True,0.9448,0,,,
MB-0742-AG-084,availability_game,psu_fact,มี Uncharted: Legacy of Thieves Collection ไหม,ได้ครับ Uncharted: Legacy of Thieves Collection เล่นได้ที่ PlayStation 5 Zone - PlayStation 5 #01-#02 แหล่งข้อมูล: https://esports.computing.psu.ac.th/,pipeline:structured_service_game_availability,games/detail,100.0,True,0.6249,0,,,
MB-0743-AG-085,availability_game,psu_fact,Uncharted อยู่โซนไหน,ได้ครับ Uncharted: Legacy of Thieves Collection เล่นได้ที่ PlayStation 5 Zone - PlayStation 5 #01-#02 แหล่งข้อมูล: https://esports.computing.psu.ac.th/,pipeline:structured_service_game_availability,games/game_availability_lookup,100.0,True,0.5347,0,,,
MB-0744-AG-086,availability_game,psu_fact,ถ้าจะเล่น Uncharted ต้องจองอะไร,"ถ้าจะเล่น Uncharted: Legacy of Thieves Collection ให้จอง PlayStation 5 Zone - PlayStation 5 #01-#02 ครับ • PlayStation 5 Zone - PlayStation 5 #01-#02 (60 นาที, 1-2 คน) จากนั้นเลือกวัน รอบเวลา กรอกข้อมูลผู้ใช้บริการ ชำระเงิน และแนบสลิปเพื่อยืนยันการจอง แหล่งข้อมูล: https://esports.computing.psu.ac.th/",pipeline:structured_booking_game_service_selection,reservation/booking_policy,100.0,True,0.3105,0,,,
MB-0745-AS-009,availability_service,psu_fact,Nintendo Switch (1-2 Persons) มีเกมอะไรบ้าง,"Nintendo Switch Zone มีเกมที่ยืนยันได้ดังนี้ Nintendo Switch (1-2 Persons) (60 นาที, 1-2 คน) • Pokémon Champions • Animal Crossing: New Horizons • It Takes Two • Little Nightmares II • Luigi's Mansion 3 • Mario Kart 8 Deluxe • Mario Party Superstars • Monster Hunter Rise • Moving Out 2 • New Super Mario Bros. U Deluxe • Nintendo Switch Sports • Overcooked! • Overcooked! 2 • Ring Fit Adventure • Super Mario Odyssey • Super Smash Bros Ultimate • The Legend of Zelda: Breath of The Wild หมายเหตุ: Nintendo Switch แบบ 1-2 Persons และ 1-4 Persons ใช้รายการเกมเดียวกัน แหล่งข้อมูล: https://esports.computing.psu.ac.th/",pipeline:structured_service_game_availability,games/list,100.0,True,0.369,0,,,
MB-0746-AS-010,availability_service,psu_fact,Nintendo Switch (1-2 Persons) เล่นได้กี่คน,บริการที่ถามรองรับผู้เล่นตามข้อมูลนี้ครับ • Nintendo Switch (1-2 Persons): 1-2 คน ต่อรอบ 60 นาที • Nintendo Switch (1-4 Persons): 1-4 คน ต่อรอบ 60 นาที แหล่งข้อมูล: https://esports.computing.psu.ac.th/,pipeline:structured_service_capacity,reservation/count,100.0,True,0.3155,0,,,
MB-0747-AS-011,availability_service,psu_fact,Nintendo Switch Zone รายการเกมมีอะไรบ้าง,"Nintendo Switch Zone มีเกมที่ยืนยันได้ดังนี้ Nintendo Switch (1-2 Persons) (60 นาที, 1-2 คน) • Pokémon Champions • Animal Crossing: New Horizons • It Takes Two • Little Nightmares II • Luigi's Mansion 3 • Mario Kart 8 Deluxe • Mario Party Superstars • Monster Hunter Rise • Moving Out 2 • New Super Mario Bros. U Deluxe • Nintendo Switch Sports • Overcooked! • Overcooked! 2 • Ring Fit Adventure • Super Mario Odyssey • Super Smash Bros Ultimate • The Legend of Zelda: Breath of The Wild หมายเหตุ: Nintendo Switch แบบ 1-2 Persons และ 1-4 Persons ใช้รายการเกมเดียวกัน Nintendo Switch (1-4 Persons) (60 นาที, 1-4 คน) • Pokémon Champions • Animal Crossing: New Horizons • It Takes Two • Little Nightmare",pipeline:structured_service_game_availability,games/list,100.0,True,0.35,0,,,
MB-0748-AG-087,availability_game,psu_fact,Pokémon Champions เล่นได้ที่เครื่องไหน,"ได้ครับ Pokémon Champions เล่นได้ที่ Nintendo Switch Zone - Nintendo Switch (1-2 Persons), Nintendo Switch Zone - Nintendo Switch (1-4 Persons) แหล่งข้อมูล: https://esports.computing.psu.ac.th/",pipeline:structured_service_game_availability,games/game_availability_lookup,100.0,True,0.7691,0,,,
MB-0749-AG-088,availability_game,psu_fact,มี Pokémon Champions ไหม,"ได้ครับ Pokémon Champions เล่นได้ที่ Nintendo Switch Zone - Nintendo Switch (1-2 Persons), Nintendo Switch Zone - Nintendo Switch (1-4 Persons) แหล่งข้อมูล: https://esports.computing.psu.ac.th/",pipeline:structured_service_game_availability,games/game_availability_lookup,100.0,True,0.4524,0,,,
MB-0750-AG-089,availability_game,psu_fact,Pokémon Champions อยู่โซนไหน,"ได้ครับ Pokémon Champions เล่นได้ที่ Nintendo Switch Zone - Nintendo Switch (1-2 Persons), Nintendo Switch Zone - Nintendo Switch (1-4 Persons) แหล่งข้อมูล: https://esports.computing.psu.ac.th/",pipeline:structured_service_game_availability,games/game_availability_lookup,100.0,True,0.5965,0,,,
MB-0751-AG-090,availability_game,psu_fact,ถ้าจะเล่น Pokémon Champions ต้องจองอะไร,"ถ้าจะเล่น Pokémon Champions ให้จอง Nintendo Switch Zone - Nintendo Switch (1-2 Persons) หรือ Nintendo Switch Zone - Nintendo Switch (1-4 Persons) ครับ • Nintendo Switch Zone - Nintendo Switch (1-2 Persons) (60 นาที, 1-2 คน) • Nintendo Switch Zone - Nintendo Switch (1-4 Persons) (60 นาที, 1-4 คน) จากนั้นเลือกวัน รอบเวลา กรอกข้อมูลผู้ใช้บริการ ชำระเงิน และแนบสลิปเพื่อยืนยันการจอง แหล่งข้อมูล: https://esports.computing.psu.ac.th/",pipeline:structured_booking_game_service_selection,reservation/booking_policy,100.0,True,0.3745,0,,,
MB-0752-AG-091,availability_game,psu_fact,Animal Crossing: New Horizons เล่นได้ที่เครื่องไหน,"ได้ครับ Animal Crossing: New Horizons เล่นได้ที่ Nintendo Switch Zone - Nintendo Switch (1-2 Persons), Nintendo Switch Zone - Nintendo Switch (1-4 Persons) แหล่งข้อมูล: https://esports.computing.psu.ac.th/",pipeline:structured_service_game_availability,games/game_availability_lookup,100.0,True,0.6702,0,,,
MB-0753-AG-092,availability_game,psu_fact,มี Animal Crossing: New Horizons ไหม,"ได้ครับ Animal Crossing: New Horizons เล่นได้ที่ Nintendo Switch Zone - Nintendo Switch (1-2 Persons), Nintendo Switch Zone - Nintendo Switch (1-4 Persons) แหล่งข้อมูล: https://esports.computing.psu.ac.th/",pipeline:structured_service_game_availability,games/detail,100.0,True,0.4764,0,,,
MB-0754-AG-093,availability_game,psu_fact,Animal Crossing อยู่โซนไหน,"ได้ครับ Animal Crossing: New Horizons เล่นได้ที่ Nintendo Switch Zone - Nintendo Switch (1-2 Persons), Nintendo Switch Zone - Nintendo Switch (1-4 Persons) แหล่งข้อมูล: https://esports.computing.psu.ac.th/",pipeline:structured_service_game_availability,games/game_availability_lookup,100.0,True,0.5476,0,,,
MB-0755-AG-094,availability_game,psu_fact,ถ้าจะเล่น Animal Crossing ต้องจองอะไร,"ถ้าจะเล่น Animal Crossing: New Horizons ให้จอง Nintendo Switch Zone - Nintendo Switch (1-2 Persons) หรือ Nintendo Switch Zone - Nintendo Switch (1-4 Persons) ครับ • Nintendo Switch Zone - Nintendo Switch (1-2 Persons) (60 นาที, 1-2 คน) • Nintendo Switch Zone - Nintendo Switch (1-4 Persons) (60 นาที, 1-4 คน) จากนั้นเลือกวัน รอบเวลา กรอกข้อมูลผู้ใช้บริการ ชำระเงิน และแนบสลิปเพื่อยืนยันการจอง แหล่งข้อมูล: https://esports.computing.psu.ac.th/",pipeline:structured_booking_game_service_selection,reservation/booking_policy,100.0,True,0.3254,0,,,
MB-0756-AG-095,availability_game,psu_fact,It Takes Two เล่นได้ที่เครื่องไหน,"ได้ครับ It Takes Two เล่นได้ที่ Nintendo Switch Zone - Nintendo Switch (1-2 Persons), Nintendo Switch Zone - Nintendo Switch (1-4 Persons) แหล่งข้อมูล: https://esports.computing.psu.ac.th/",pipeline:structured_service_game_availability,games/game_availability_lookup,100.0,True,0.5742,0,,,
MB-0757-AG-096,availability_game,psu_fact,มี It Takes Two ไหม,"ได้ครับ It Takes Two เล่นได้ที่ Nintendo Switch Zone - Nintendo Switch (1-2 Persons), Nintendo Switch Zone - Nintendo Switch (1-4 Persons) แหล่งข้อมูล: https://esports.computing.psu.ac.th/",pipeline:structured_service_game_availability,games/detail,100.0,True,0.305,0,,,
MB-0758-AG-097,availability_game,psu_fact,It Takes Two อยู่โซนไหน,"ได้ครับ It Takes Two เล่นได้ที่ Nintendo Switch Zone - Nintendo Switch (1-2 Persons), Nintendo Switch Zone - Nintendo Switch (1-4 Persons) แหล่งข้อมูล: https://esports.computing.psu.ac.th/",pipeline:structured_service_game_availability,games/game_availability_lookup,100.0,True,0.4406,0,,,
MB-0759-AG-098,availability_game,psu_fact,ถ้าจะเล่น It Takes Two ต้องจองอะไร,"ถ้าจะเล่น It Takes Two ให้จอง Nintendo Switch Zone - Nintendo Switch (1-2 Persons) หรือ Nintendo Switch Zone - Nintendo Switch (1-4 Persons) ครับ • Nintendo Switch Zone - Nintendo Switch (1-2 Persons) (60 นาที, 1-2 คน) • Nintendo Switch Zone - Nintendo Switch (1-4 Persons) (60 นาที, 1-4 คน) จากนั้นเลือกวัน รอบเวลา กรอกข้อมูลผู้ใช้บริการ ชำระเงิน และแนบสลิปเพื่อยืนยันการจอง แหล่งข้อมูล: https://esports.computing.psu.ac.th/",pipeline:structured_booking_game_service_selection,reservation/booking_policy,100.0,True,0.278,0,,,
MB-0760-AG-099,availability_game,psu_fact,Little Nightmares II เล่นได้ที่เครื่องไหน,"ได้ครับ Little Nightmares II เล่นได้ที่ Nintendo Switch Zone - Nintendo Switch (1-2 Persons), Nintendo Switch Zone - Nintendo Switch (1-4 Persons) แหล่งข้อมูล: https://esports.computing.psu.ac.th/",pipeline:structured_service_game_availability,games/game_availability_lookup,100.0,True,0.6636,0,,,
MB-0761-AG-100,availability_game,psu_fact,มี Little Nightmares II ไหม,"ได้ครับ Little Nightmares II เล่นได้ที่ Nintendo Switch Zone - Nintendo Switch (1-2 Persons), Nintendo Switch Zone - Nintendo Switch (1-4 Persons) แหล่งข้อมูล: https://esports.computing.psu.ac.th/",pipeline:structured_service_game_availability,games/detail,100.0,True,0.4176,0,,,
MB-0762-AG-101,availability_game,psu_fact,Little Nightmares II อยู่โซนไหน,"ได้ครับ Little Nightmares II เล่นได้ที่ Nintendo Switch Zone - Nintendo Switch (1-2 Persons), Nintendo Switch Zone - Nintendo Switch (1-4 Persons) แหล่งข้อมูล: https://esports.computing.psu.ac.th/",pipeline:structured_service_game_availability,games/game_availability_lookup,100.0,True,0.5204,0,,,
MB-0763-AG-102,availability_game,psu_fact,ถ้าจะเล่น Little Nightmares II ต้องจองอะไร,"ถ้าจะเล่น Little Nightmares II ให้จอง Nintendo Switch Zone - Nintendo Switch (1-2 Persons) หรือ Nintendo Switch Zone - Nintendo Switch (1-4 Persons) ครับ • Nintendo Switch Zone - Nintendo Switch (1-2 Persons) (60 นาที, 1-2 คน) • Nintendo Switch Zone - Nintendo Switch (1-4 Persons) (60 นาที, 1-4 คน) จากนั้นเลือกวัน รอบเวลา กรอกข้อมูลผู้ใช้บริการ ชำระเงิน และแนบสลิปเพื่อยืนยันการจอง แหล่งข้อมูล: https://esports.computing.psu.ac.th/",pipeline:structured_booking_game_service_selection,reservation/booking_policy,100.0,True,0.3538,0,,,
MB-0764-AG-103,availability_game,psu_fact,Luigi's Mansion 3 เล่นได้ที่เครื่องไหน,"ได้ครับ Luigi's Mansion 3 เล่นได้ที่ Nintendo Switch Zone - Nintendo Switch (1-2 Persons), Nintendo Switch Zone - Nintendo Switch (1-4 Persons) แหล่งข้อมูล: https://esports.computing.psu.ac.th/",pipeline:structured_service_game_availability,games/game_availability_lookup,100.0,True,0.6041,0,,,
MB-0765-AG-104,availability_game,psu_fact,มี Luigi's Mansion 3 ไหม,"ได้ครับ Luigi's Mansion 3 เล่นได้ที่ Nintendo Switch Zone - Nintendo Switch (1-2 Persons), Nintendo Switch Zone - Nintendo Switch (1-4 Persons) แหล่งข้อมูล: https://esports.computing.psu.ac.th/",pipeline:structured_service_game_availability,games/detail,100.0,True,0.3807,0,,,
MB-0766-AG-105,availability_game,psu_fact,Luigi's Mansion 3 อยู่โซนไหน,"ได้ครับ Luigi's Mansion 3 เล่นได้ที่ Nintendo Switch Zone - Nintendo Switch (1-2 Persons), Nintendo Switch Zone - Nintendo Switch (1-4 Persons) แหล่งข้อมูล: https://esports.computing.psu.ac.th/",pipeline:structured_service_game_availability,games/game_availability_lookup,100.0,True,0.5161,0,,,
MB-0767-AG-106,availability_game,psu_fact,ถ้าจะเล่น Luigi's Mansion 3 ต้องจองอะไร,"ถ้าจะเล่น Luigi's Mansion 3 ให้จอง Nintendo Switch Zone - Nintendo Switch (1-2 Persons) หรือ Nintendo Switch Zone - Nintendo Switch (1-4 Persons) ครับ • Nintendo Switch Zone - Nintendo Switch (1-2 Persons) (60 นาที, 1-2 คน) • Nintendo Switch Zone - Nintendo Switch (1-4 Persons) (60 นาที, 1-4 คน) จากนั้นเลือกวัน รอบเวลา กรอกข้อมูลผู้ใช้บริการ ชำระเงิน และแนบสลิปเพื่อยืนยันการจอง แหล่งข้อมูล: https://esports.computing.psu.ac.th/",pipeline:structured_booking_game_service_selection,reservation/booking_policy,100.0,True,0.3192,0,,,
MB-0768-AG-107,availability_game,psu_fact,Mario Kart 8 Deluxe เล่นได้ที่เครื่องไหน,"ได้ครับ Mario Kart 8 Deluxe เล่นได้ที่ Nintendo Switch Zone - Nintendo Switch (1-2 Persons), Nintendo Switch Zone - Nintendo Switch (1-4 Persons) แหล่งข้อมูล: https://esports.computing.psu.ac.th/",pipeline:structured_service_game_availability,games/game_availability_lookup,100.0,True,0.6164,0,,,
MB-0769-AG-108,availability_game,psu_fact,มี Mario Kart 8 Deluxe ไหม,"ได้ครับ Mario Kart 8 Deluxe เล่นได้ที่ Nintendo Switch Zone - Nintendo Switch (1-2 Persons), Nintendo Switch Zone - Nintendo Switch (1-4 Persons) แหล่งข้อมูล: https://esports.computing.psu.ac.th/",pipeline:structured_service_game_availability,games/game_availability_lookup,100.0,True,0.4021,0,,,
MB-0770-AG-109,availability_game,psu_fact,Mario Kart 8 Deluxe อยู่โซนไหน,"ได้ครับ Mario Kart 8 Deluxe เล่นได้ที่ Nintendo Switch Zone - Nintendo Switch (1-2 Persons), Nintendo Switch Zone - Nintendo Switch (1-4 Persons) แหล่งข้อมูล: https://esports.computing.psu.ac.th/",pipeline:structured_service_game_availability,games/game_availability_lookup,100.0,True,0.5336,0,,,
MB-0771-AG-110,availability_game,psu_fact,ถ้าจะเล่น Mario Kart 8 Deluxe ต้องจองอะไร,"ถ้าจะเล่น Mario Kart 8 Deluxe ให้จอง Nintendo Switch Zone - Nintendo Switch (1-2 Persons) หรือ Nintendo Switch Zone - Nintendo Switch (1-4 Persons) ครับ • Nintendo Switch Zone - Nintendo Switch (1-2 Persons) (60 นาที, 1-2 คน) • Nintendo Switch Zone - Nintendo Switch (1-4 Persons) (60 นาที, 1-4 คน) จากนั้นเลือกวัน รอบเวลา กรอกข้อมูลผู้ใช้บริการ ชำระเงิน และแนบสลิปเพื่อยืนยันการจอง แหล่งข้อมูล: https://esports.computing.psu.ac.th/",pipeline:structured_booking_game_service_selection,reservation/booking_policy,100.0,True,0.417,0,,,
MB-0772-AG-111,availability_game,psu_fact,Mario Party Superstars เล่นได้ที่เครื่องไหน,"ได้ครับ Mario Party Superstars เล่นได้ที่ Nintendo Switch Zone - Nintendo Switch (1-2 Persons), Nintendo Switch Zone - Nintendo Switch (1-4 Persons) แหล่งข้อมูล: https://esports.computing.psu.ac.th/",pipeline:structured_service_game_availability,games/game_availability_lookup,100.0,True,0.6878,0,,,
MB-0773-AG-112,availability_game,psu_fact,มี Mario Party Superstars ไหม,"ได้ครับ Mario Party Superstars เล่นได้ที่ Nintendo Switch Zone - Nintendo Switch (1-2 Persons), Nintendo Switch Zone - Nintendo Switch (1-4 Persons) แหล่งข้อมูล: https://esports.computing.psu.ac.th/",pipeline:structured_service_game_availability,games/game_availability_lookup,100.0,True,0.4506,0,,,
MB-0774-AG-113,availability_game,psu_fact,Mario Party Superstars อยู่โซนไหน,"ได้ครับ Mario Party Superstars เล่นได้ที่ Nintendo Switch Zone - Nintendo Switch (1-2 Persons), Nintendo Switch Zone - Nintendo Switch (1-4 Persons) แหล่งข้อมูล: https://esports.computing.psu.ac.th/",pipeline:structured_service_game_availability,games/game_availability_lookup,100.0,True,0.5273,0,,,
MB-0775-AG-114,availability_game,psu_fact,ถ้าจะเล่น Mario Party Superstars ต้องจองอะไร,"ถ้าจะเล่น Mario Party Superstars ให้จอง Nintendo Switch Zone - Nintendo Switch (1-2 Persons) หรือ Nintendo Switch Zone - Nintendo Switch (1-4 Persons) ครับ • Nintendo Switch Zone - Nintendo Switch (1-2 Persons) (60 นาที, 1-2 คน) • Nintendo Switch Zone - Nintendo Switch (1-4 Persons) (60 นาที, 1-4 คน) จากนั้นเลือกวัน รอบเวลา กรอกข้อมูลผู้ใช้บริการ ชำระเงิน และแนบสลิปเพื่อยืนยันการจอง แหล่งข้อมูล: https://esports.computing.psu.ac.th/",pipeline:structured_booking_game_service_selection,reservation/booking_policy,100.0,True,0.3464,0,,,
MB-0776-AG-115,availability_game,psu_fact,Monster Hunter Rise เล่นได้ที่เครื่องไหน,"ได้ครับ Monster Hunter Rise เล่นได้ที่ Nintendo Switch Zone - Nintendo Switch (1-2 Persons), Nintendo Switch Zone - Nintendo Switch (1-4 Persons) แหล่งข้อมูล: https://esports.computing.psu.ac.th/",pipeline:structured_service_game_availability,games/game_availability_lookup,100.0,True,0.6962,0,,,
MB-0777-AG-116,availability_game,psu_fact,มี Monster Hunter Rise ไหม,"ได้ครับ Monster Hunter Rise เล่นได้ที่ Nintendo Switch Zone - Nintendo Switch (1-2 Persons), Nintendo Switch Zone - Nintendo Switch (1-4 Persons) แหล่งข้อมูล: https://esports.computing.psu.ac.th/",pipeline:structured_service_game_availability,games/detail,100.0,True,0.4756,0,,,
MB-0778-AG-117,availability_game,psu_fact,Monster Hunter Rise อยู่โซนไหน,"ได้ครับ Monster Hunter Rise เล่นได้ที่ Nintendo Switch Zone - Nintendo Switch (1-2 Persons), Nintendo Switch Zone - Nintendo Switch (1-4 Persons) แหล่งข้อมูล: https://esports.computing.psu.ac.th/",pipeline:structured_service_game_availability,games/game_availability_lookup,100.0,True,0.6109,0,,,
MB-0779-AG-118,availability_game,psu_fact,ถ้าจะเล่น Monster Hunter Rise ต้องจองอะไร,"ถ้าจะเล่น Monster Hunter Rise ให้จอง Nintendo Switch Zone - Nintendo Switch (1-2 Persons) หรือ Nintendo Switch Zone - Nintendo Switch (1-4 Persons) ครับ • Nintendo Switch Zone - Nintendo Switch (1-2 Persons) (60 นาที, 1-2 คน) • Nintendo Switch Zone - Nintendo Switch (1-4 Persons) (60 นาที, 1-4 คน) จากนั้นเลือกวัน รอบเวลา กรอกข้อมูลผู้ใช้บริการ ชำระเงิน และแนบสลิปเพื่อยืนยันการจอง แหล่งข้อมูล: https://esports.computing.psu.ac.th/",pipeline:structured_booking_game_service_selection,reservation/booking_policy,100.0,True,0.4258,0,,,
MB-0780-AG-119,availability_game,psu_fact,Moving Out 2 เล่นได้ที่เครื่องไหน,"ได้ครับ Moving Out 2 เล่นได้ที่ Nintendo Switch Zone - Nintendo Switch (1-2 Persons), Nintendo Switch Zone - Nintendo Switch (1-4 Persons) แหล่งข้อมูล: https://esports.computing.psu.ac.th/",pipeline:structured_service_game_availability,games/game_availability_lookup,100.0,True,0.6449,0,,,
MB-0781-AG-120,availability_game,psu_fact,มี Moving Out 2 ไหม,"ได้ครับ Moving Out 2 เล่นได้ที่ Nintendo Switch Zone - Nintendo Switch (1-2 Persons), Nintendo Switch Zone - Nintendo Switch (1-4 Persons) แหล่งข้อมูล: https://esports.computing.psu.ac.th/",pipeline:structured_service_game_availability,games/detail,100.0,True,0.3257,0,,,
MB-0782-AG-121,availability_game,psu_fact,Moving Out 2 อยู่โซนไหน,"ได้ครับ Moving Out 2 เล่นได้ที่ Nintendo Switch Zone - Nintendo Switch (1-2 Persons), Nintendo Switch Zone - Nintendo Switch (1-4 Persons) แหล่งข้อมูล: https://esports.computing.psu.ac.th/",pipeline:structured_service_game_availability,games/game_availability_lookup,100.0,True,0.4082,0,,,
MB-0783-AG-122,availability_game,psu_fact,ถ้าจะเล่น Moving Out 2 ต้องจองอะไร,"ถ้าจะเล่น Moving Out 2 ให้จอง Nintendo Switch Zone - Nintendo Switch (1-2 Persons) หรือ Nintendo Switch Zone - Nintendo Switch (1-4 Persons) ครับ • Nintendo Switch Zone - Nintendo Switch (1-2 Persons) (60 นาที, 1-2 คน) • Nintendo Switch Zone - Nintendo Switch (1-4 Persons) (60 นาที, 1-4 คน) จากนั้นเลือกวัน รอบเวลา กรอกข้อมูลผู้ใช้บริการ ชำระเงิน และแนบสลิปเพื่อยืนยันการจอง แหล่งข้อมูล: https://esports.computing.psu.ac.th/",pipeline:structured_booking_game_service_selection,reservation/booking_policy,100.0,True,0.37,0,,,
MB-0784-AG-123,availability_game,psu_fact,New Super Mario Bros. U Deluxe เล่นได้ที่เครื่องไหน,"ได้ครับ New Super Mario Bros. U Deluxe เล่นได้ที่ Nintendo Switch Zone - Nintendo Switch (1-2 Persons), Nintendo Switch Zone - Nintendo Switch (1-4 Persons) แหล่งข้อมูล: https://esports.computing.psu.ac.th/",pipeline:structured_service_game_availability,games/game_availability_lookup,100.0,True,0.7515,0,,,
MB-0785-AG-124,availability_game,psu_fact,มี New Super Mario Bros. U Deluxe ไหม,"ได้ครับ New Super Mario Bros. U Deluxe เล่นได้ที่ Nintendo Switch Zone - Nintendo Switch (1-2 Persons), Nintendo Switch Zone - Nintendo Switch (1-4 Persons) แหล่งข้อมูล: https://esports.computing.psu.ac.th/",pipeline:structured_service_game_availability,games/game_availability_lookup,100.0,True,0.4458,0,,,
MB-0786-AG-125,availability_game,psu_fact,New Super Mario Bros. U Deluxe อยู่โซนไหน,"ได้ครับ New Super Mario Bros. U Deluxe เล่นได้ที่ Nintendo Switch Zone - Nintendo Switch (1-2 Persons), Nintendo Switch Zone - Nintendo Switch (1-4 Persons) แหล่งข้อมูล: https://esports.computing.psu.ac.th/",pipeline:structured_service_game_availability,games/game_availability_lookup,100.0,True,0.5459,0,,,
MB-0787-AG-126,availability_game,psu_fact,ถ้าจะเล่น New Super Mario Bros. U Deluxe ต้องจองอะไร,"ถ้าจะเล่น New Super Mario Bros. U Deluxe ให้จอง Nintendo Switch Zone - Nintendo Switch (1-2 Persons) หรือ Nintendo Switch Zone - Nintendo Switch (1-4 Persons) ครับ • Nintendo Switch Zone - Nintendo Switch (1-2 Persons) (60 นาที, 1-2 คน) • Nintendo Switch Zone - Nintendo Switch (1-4 Persons) (60 นาที, 1-4 คน) จากนั้นเลือกวัน รอบเวลา กรอกข้อมูลผู้ใช้บริการ ชำระเงิน และแนบสลิปเพื่อยืนยันการจอง แหล่งข้อมูล: https://esports.computing.psu.ac.th/",pipeline:structured_booking_game_service_selection,reservation/booking_policy,100.0,True,0.3765,0,,,
MB-0788-AG-127,availability_game,psu_fact,Nintendo Switch Sports เล่นได้ที่เครื่องไหน,"ได้ครับ Nintendo Switch Sports เล่นได้ที่ Nintendo Switch Zone - Nintendo Switch (1-2 Persons), Nintendo Switch Zone - Nintendo Switch (1-4 Persons) แหล่งข้อมูล: https://esports.computing.psu.ac.th/",pipeline:structured_service_game_availability,games/game_availability_lookup,100.0,True,0.5632,0,,,
MB-0789-AG-128,availability_game,psu_fact,มี Nintendo Switch Sports ไหม,"ได้ครับ Nintendo Switch Sports เล่นได้ที่ Nintendo Switch Zone - Nintendo Switch (1-2 Persons), Nintendo Switch Zone - Nintendo Switch (1-4 Persons) แหล่งข้อมูล: https://esports.computing.psu.ac.th/",pipeline:structured_service_game_availability,games/detail,100.0,True,0.3551,0,,,
MB-0790-AG-129,availability_game,psu_fact,Nintendo Switch Sports อยู่โซนไหน,"ได้ครับ Nintendo Switch Sports เล่นได้ที่ Nintendo Switch Zone - Nintendo Switch (1-2 Persons), Nintendo Switch Zone - Nintendo Switch (1-4 Persons) แหล่งข้อมูล: https://esports.computing.psu.ac.th/",pipeline:structured_service_game_availability,games/game_availability_lookup,100.0,True,0.4488,0,,,
MB-0791-AG-130,availability_game,psu_fact,ถ้าจะเล่น Nintendo Switch Sports ต้องจองอะไร,"ถ้าจะเล่น Nintendo Switch Sports ให้จอง Nintendo Switch Zone - Nintendo Switch (1-2 Persons) หรือ Nintendo Switch Zone - Nintendo Switch (1-4 Persons) ครับ • Nintendo Switch Zone - Nintendo Switch (1-2 Persons) (60 นาที, 1-2 คน) • Nintendo Switch Zone - Nintendo Switch (1-4 Persons) (60 นาที, 1-4 คน) จากนั้นเลือกวัน รอบเวลา กรอกข้อมูลผู้ใช้บริการ ชำระเงิน และแนบสลิปเพื่อยืนยันการจอง แหล่งข้อมูล: https://esports.computing.psu.ac.th/",pipeline:structured_booking_game_service_selection,reservation/booking_policy,100.0,True,0.2559,0,,,
MB-0792-AG-131,availability_game,psu_fact,Overcooked! เล่นได้ที่เครื่องไหน,"ได้ครับ Overcooked! เล่นได้ที่ Nintendo Switch Zone - Nintendo Switch (1-2 Persons), Nintendo Switch Zone - Nintendo Switch (1-4 Persons) แหล่งข้อมูล: https://esports.computing.psu.ac.th/",pipeline:structured_service_game_availability,games/game_availability_lookup,100.0,True,0.5397,0,,,
MB-0793-AG-132,availability_game,psu_fact,มี Overcooked! ไหม,"ได้ครับ Overcooked! เล่นได้ที่ Nintendo Switch Zone - Nintendo Switch (1-2 Persons), Nintendo Switch Zone - Nintendo Switch (1-4 Persons) แหล่งข้อมูล: https://esports.computing.psu.ac.th/",pipeline:structured_service_game_availability,games/detail,100.0,True,0.3269,0,,,
MB-0794-AG-133,availability_game,psu_fact,Overcooked! อยู่โซนไหน,"ได้ครับ Overcooked! เล่นได้ที่ Nintendo Switch Zone - Nintendo Switch (1-2 Persons), Nintendo Switch Zone - Nintendo Switch (1-4 Persons) แหล่งข้อมูล: https://esports.computing.psu.ac.th/",pipeline:structured_service_game_availability,games/game_availability_lookup,100.0,True,0.4309,0,,,
MB-0795-AG-134,availability_game,psu_fact,ถ้าจะเล่น Overcooked! ต้องจองอะไร,"ถ้าจะเล่น Overcooked! ให้จอง Nintendo Switch Zone - Nintendo Switch (1-2 Persons) หรือ Nintendo Switch Zone - Nintendo Switch (1-4 Persons) ครับ • Nintendo Switch Zone - Nintendo Switch (1-2 Persons) (60 นาที, 1-2 คน) • Nintendo Switch Zone - Nintendo Switch (1-4 Persons) (60 นาที, 1-4 คน) จากนั้นเลือกวัน รอบเวลา กรอกข้อมูลผู้ใช้บริการ ชำระเงิน และแนบสลิปเพื่อยืนยันการจอง แหล่งข้อมูล: https://esports.computing.psu.ac.th/",pipeline:structured_booking_game_service_selection,reservation/booking_policy,100.0,True,0.3195,0,,,
MB-0796-AG-135,availability_game,psu_fact,Overcooked! 2 เล่นได้ที่เครื่องไหน,"ได้ครับ Overcooked! 2 เล่นได้ที่ Nintendo Switch Zone - Nintendo Switch (1-2 Persons), Nintendo Switch Zone - Nintendo Switch (1-4 Persons) แหล่งข้อมูล: https://esports.computing.psu.ac.th/",pipeline:structured_service_game_availability,games/game_availability_lookup,100.0,True,0.6504,0,,,
MB-0797-AG-136,availability_game,psu_fact,มี Overcooked! 2 ไหม,"ได้ครับ Overcooked! 2 เล่นได้ที่ Nintendo Switch Zone - Nintendo Switch (1-2 Persons), Nintendo Switch Zone - Nintendo Switch (1-4 Persons) แหล่งข้อมูล: https://esports.computing.psu.ac.th/",pipeline:structured_service_game_availability,games/detail,100.0,True,0.4219,0,,,
MB-0798-AG-137,availability_game,psu_fact,Overcooked! 2 อยู่โซนไหน,"ได้ครับ Overcooked! 2 เล่นได้ที่ Nintendo Switch Zone - Nintendo Switch (1-2 Persons), Nintendo Switch Zone - Nintendo Switch (1-4 Persons) แหล่งข้อมูล: https://esports.computing.psu.ac.th/",pipeline:structured_service_game_availability,games/game_availability_lookup,100.0,True,0.5021,0,,,
MB-0799-AG-138,availability_game,psu_fact,ถ้าจะเล่น Overcooked! 2 ต้องจองอะไร,"ถ้าจะเล่น Overcooked! 2 ให้จอง Nintendo Switch Zone - Nintendo Switch (1-2 Persons) หรือ Nintendo Switch Zone - Nintendo Switch (1-4 Persons) ครับ • Nintendo Switch Zone - Nintendo Switch (1-2 Persons) (60 นาที, 1-2 คน) • Nintendo Switch Zone - Nintendo Switch (1-4 Persons) (60 นาที, 1-4 คน) จากนั้นเลือกวัน รอบเวลา กรอกข้อมูลผู้ใช้บริการ ชำระเงิน และแนบสลิปเพื่อยืนยันการจอง แหล่งข้อมูล: https://esports.computing.psu.ac.th/",pipeline:structured_booking_game_service_selection,reservation/booking_policy,100.0,True,0.4637,0,,,
MB-0800-AG-139,availability_game,psu_fact,Ring Fit Adventure เล่นได้ที่เครื่องไหน,"ได้ครับ Ring Fit Adventure เล่นได้ที่ Nintendo Switch Zone - Nintendo Switch (1-2 Persons), Nintendo Switch Zone - Nintendo Switch (1-4 Persons) แหล่งข้อมูล: https://esports.computing.psu.ac.th/",pipeline:structured_service_game_availability,games/game_availability_lookup,100.0,True,0.7184,0,,,
MB-0801-AG-140,availability_game,psu_fact,มี Ring Fit Adventure ไหม,"ได้ครับ Ring Fit Adventure เล่นได้ที่ Nintendo Switch Zone - Nintendo Switch (1-2 Persons), Nintendo Switch Zone - Nintendo Switch (1-4 Persons) แหล่งข้อมูล: https://esports.computing.psu.ac.th/",pipeline:structured_service_game_availability,games/detail,100.0,True,0.5383,0,,,
MB-0802-AG-141,availability_game,psu_fact,Ring Fit Adventure อยู่โซนไหน,"ได้ครับ Ring Fit Adventure เล่นได้ที่ Nintendo Switch Zone - Nintendo Switch (1-2 Persons), Nintendo Switch Zone - Nintendo Switch (1-4 Persons) แหล่งข้อมูล: https://esports.computing.psu.ac.th/",pipeline:structured_service_game_availability,games/game_availability_lookup,100.0,True,0.6286,0,,,
MB-0803-AG-142,availability_game,psu_fact,ถ้าจะเล่น Ring Fit Adventure ต้องจองอะไร,"ถ้าจะเล่น Ring Fit Adventure ให้จอง Nintendo Switch Zone - Nintendo Switch (1-2 Persons) หรือ Nintendo Switch Zone - Nintendo Switch (1-4 Persons) ครับ • Nintendo Switch Zone - Nintendo Switch (1-2 Persons) (60 นาที, 1-2 คน) • Nintendo Switch Zone - Nintendo Switch (1-4 Persons) (60 นาที, 1-4 คน) จากนั้นเลือกวัน รอบเวลา กรอกข้อมูลผู้ใช้บริการ ชำระเงิน และแนบสลิปเพื่อยืนยันการจอง แหล่งข้อมูล: https://esports.computing.psu.ac.th/",pipeline:structured_booking_game_service_selection,reservation/booking_policy,100.0,True,0.4073,0,,,
MB-0804-AG-143,availability_game,psu_fact,Super Mario Odyssey เล่นได้ที่เครื่องไหน,"ได้ครับ Super Mario Odyssey เล่นได้ที่ Nintendo Switch Zone - Nintendo Switch (1-2 Persons), Nintendo Switch Zone - Nintendo Switch (1-4 Persons) แหล่งข้อมูล: https://esports.computing.psu.ac.th/",pipeline:structured_service_game_availability,games/game_availability_lookup,100.0,True,0.7703,0,,,
MB-0805-AG-144,availability_game,psu_fact,มี Super Mario Odyssey ไหม,"ได้ครับ Super Mario Odyssey เล่นได้ที่ Nintendo Switch Zone - Nintendo Switch (1-2 Persons), Nintendo Switch Zone - Nintendo Switch (1-4 Persons) แหล่งข้อมูล: https://esports.computing.psu.ac.th/",pipeline:structured_service_game_availability,games/game_availability_lookup,100.0,True,0.5228,0,,,
MB-0806-AG-145,availability_game,psu_fact,Super Mario Odyssey อยู่โซนไหน,"ได้ครับ Super Mario Odyssey เล่นได้ที่ Nintendo Switch Zone - Nintendo Switch (1-2 Persons), Nintendo Switch Zone - Nintendo Switch (1-4 Persons) แหล่งข้อมูล: https://esports.computing.psu.ac.th/",pipeline:structured_service_game_availability,games/game_availability_lookup,100.0,True,0.5843,0,,,
MB-0807-AG-146,availability_game,psu_fact,ถ้าจะเล่น Super Mario Odyssey ต้องจองอะไร,"ถ้าจะเล่น Super Mario Odyssey ให้จอง Nintendo Switch Zone - Nintendo Switch (1-2 Persons) หรือ Nintendo Switch Zone - Nintendo Switch (1-4 Persons) ครับ • Nintendo Switch Zone - Nintendo Switch (1-2 Persons) (60 นาที, 1-2 คน) • Nintendo Switch Zone - Nintendo Switch (1-4 Persons) (60 นาที, 1-4 คน) จากนั้นเลือกวัน รอบเวลา กรอกข้อมูลผู้ใช้บริการ ชำระเงิน และแนบสลิปเพื่อยืนยันการจอง แหล่งข้อมูล: https://esports.computing.psu.ac.th/",pipeline:structured_booking_game_service_selection,reservation/booking_policy,100.0,True,0.3702,0,,,
MB-0808-AG-147,availability_game,psu_fact,Super Smash Bros Ultimate เล่นได้ที่เครื่องไหน,"ได้ครับ Super Smash Bros Ultimate เล่นได้ที่ Nintendo Switch Zone - Nintendo Switch (1-2 Persons), Nintendo Switch Zone - Nintendo Switch (1-4 Persons) แหล่งข้อมูล: https://esports.computing.psu.ac.th/",pipeline:structured_service_game_availability,games/game_availability_lookup,100.0,True,0.7341,0,,,
MB-0809-AG-148,availability_game,psu_fact,มี Super Smash Bros Ultimate ไหม,"ได้ครับ Super Smash Bros Ultimate เล่นได้ที่ Nintendo Switch Zone - Nintendo Switch (1-2 Persons), Nintendo Switch Zone - Nintendo Switch (1-4 Persons) แหล่งข้อมูล: https://esports.computing.psu.ac.th/",pipeline:structured_service_game_availability,games/detail,100.0,True,0.4663,0,,,
MB-0810-AG-149,availability_game,psu_fact,Super Smash Bros Ultimate อยู่โซนไหน,"ได้ครับ Super Smash Bros Ultimate เล่นได้ที่ Nintendo Switch Zone - Nintendo Switch (1-2 Persons), Nintendo Switch Zone - Nintendo Switch (1-4 Persons) แหล่งข้อมูล: https://esports.computing.psu.ac.th/",pipeline:structured_service_game_availability,games/game_availability_lookup,100.0,True,0.5733,0,,,
MB-0811-AG-150,availability_game,psu_fact,ถ้าจะเล่น Super Smash Bros Ultimate ต้องจองอะไร,"ถ้าจะเล่น Super Smash Bros Ultimate ให้จอง Nintendo Switch Zone - Nintendo Switch (1-2 Persons) หรือ Nintendo Switch Zone - Nintendo Switch (1-4 Persons) ครับ • Nintendo Switch Zone - Nintendo Switch (1-2 Persons) (60 นาที, 1-2 คน) • Nintendo Switch Zone - Nintendo Switch (1-4 Persons) (60 นาที, 1-4 คน) จากนั้นเลือกวัน รอบเวลา กรอกข้อมูลผู้ใช้บริการ ชำระเงิน และแนบสลิปเพื่อยืนยันการจอง แหล่งข้อมูล: https://esports.computing.psu.ac.th/",pipeline:structured_booking_game_service_selection,reservation/booking_policy,100.0,True,0.3609,0,,,
MB-0812-AG-151,availability_game,psu_fact,The Legend of Zelda: Breath of The Wild เล่นได้ที่เครื่องไหน,"ได้ครับ The Legend of Zelda: Breath of The Wild เล่นได้ที่ Nintendo Switch Zone - Nintendo Switch (1-2 Persons), Nintendo Switch Zone - Nintendo Switch (1-4 Persons) แหล่งข้อมูล: https://esports.computing.psu.ac.th/",pipeline:structured_service_game_availability,games/game_availability_lookup,100.0,True,0.7415,0,,,
MB-0813-AG-152,availability_game,psu_fact,มี The Legend of Zelda: Breath of The Wild ไหม,"ได้ครับ The Legend of Zelda: Breath of The Wild เล่นได้ที่ Nintendo Switch Zone - Nintendo Switch (1-2 Persons), Nintendo Switch Zone - Nintendo Switch (1-4 Persons) แหล่งข้อมูล: https://esports.computing.psu.ac.th/",pipeline:structured_service_game_availability,games/detail,100.0,True,0.5905,0,,,
MB-0814-AG-153,availability_game,psu_fact,The Legend of Zelda อยู่โซนไหน,"ได้ครับ The Legend of Zelda: Breath of The Wild เล่นได้ที่ Nintendo Switch Zone - Nintendo Switch (1-2 Persons), Nintendo Switch Zone - Nintendo Switch (1-4 Persons) แหล่งข้อมูล: https://esports.computing.psu.ac.th/",pipeline:structured_service_game_availability,games/game_availability_lookup,100.0,True,0.549,0,,,
MB-0815-AG-154,availability_game,psu_fact,ถ้าจะเล่น The Legend of Zelda ต้องจองอะไร,"ถ้าจะเล่น The Legend of Zelda: Breath of The Wild ให้จอง Nintendo Switch Zone - Nintendo Switch (1-2 Persons) หรือ Nintendo Switch Zone - Nintendo Switch (1-4 Persons) ครับ • Nintendo Switch Zone - Nintendo Switch (1-2 Persons) (60 นาที, 1-2 คน) • Nintendo Switch Zone - Nintendo Switch (1-4 Persons) (60 นาที, 1-4 คน) จากนั้นเลือกวัน รอบเวลา กรอกข้อมูลผู้ใช้บริการ ชำระเงิน และแนบสลิปเพื่อยืนยันการจอง แหล่งข้อมูล: https://esports.computing.psu.ac.th/",pipeline:structured_booking_game_service_selection,reservation/booking_policy,100.0,True,0.5596,0,,,
MB-0816-AS-012,availability_service,psu_fact,Nintendo Switch (1-4 Persons) มีเกมอะไรบ้าง,"Nintendo Switch Zone มีเกมที่ยืนยันได้ดังนี้ Nintendo Switch (1-4 Persons) (60 นาที, 1-4 คน) • Pokémon Champions • Animal Crossing: New Horizons • It Takes Two • Little Nightmares II • Luigi's Mansion 3 • Mario Kart 8 Deluxe • Mario Party Superstars • Monster Hunter Rise • Moving Out 2 • New Super Mario Bros. U Deluxe • Nintendo Switch Sports • Overcooked! • Overcooked! 2 • Ring Fit Adventure • Super Mario Odyssey • Super Smash Bros Ultimate • The Legend of Zelda: Breath of The Wild หมายเหตุ: Nintendo Switch แบบ 1-2 Persons และ 1-4 Persons ใช้รายการเกมเดียวกัน แหล่งข้อมูล: https://esports.computing.psu.ac.th/",pipeline:structured_service_game_availability,games/list,100.0,True,0.3267,0,,,
MB-0817-AS-013,availability_service,psu_fact,Nintendo Switch (1-4 Persons) เล่นได้กี่คน,บริการที่ถามรองรับผู้เล่นตามข้อมูลนี้ครับ • Nintendo Switch (1-2 Persons): 1-2 คน ต่อรอบ 60 นาที • Nintendo Switch (1-4 Persons): 1-4 คน ต่อรอบ 60 นาที แหล่งข้อมูล: https://esports.computing.psu.ac.th/,pipeline:structured_service_capacity,reservation/count,100.0,True,0.2967,0,,,
MB-0818-AS-014,availability_service,psu_fact,Cockpit #01-#02 มีเกมอะไรบ้าง,"Cockpit Zone มีเกมที่ยืนยันได้ดังนี้ Cockpit #01-#02 (60 นาที, 1 คน) • Gran Turismo 7 หมายเหตุ: Cockpit มี 2 เครื่อง และใช้รายการเกมเดียวกัน แหล่งข้อมูล: https://esports.computing.psu.ac.th/",pipeline:structured_service_game_availability,games/list,100.0,True,0.2725,0,,,
MB-0819-AS-015,availability_service,psu_fact,Cockpit #01-#02 เล่นได้กี่คน,บริการที่ถามรองรับผู้เล่นตามข้อมูลนี้ครับ • Cockpit #01-#02: 1 คน ต่อรอบ 60 นาที แหล่งข้อมูล: https://esports.computing.psu.ac.th/,pipeline:structured_service_capacity,reservation/count,100.0,True,0.2527,0,,,
MB-0820-AS-016,availability_service,psu_fact,Cockpit Zone รายการเกมมีอะไรบ้าง,"Cockpit Zone มีเกมที่ยืนยันได้ดังนี้ Cockpit #01-#02 (60 นาที, 1 คน) • Gran Turismo 7 หมายเหตุ: Cockpit มี 2 เครื่อง และใช้รายการเกมเดียวกัน แหล่งข้อมูล: https://esports.computing.psu.ac.th/",pipeline:structured_service_game_availability,games/list,100.0,True,0.289,0,,,
MB-0821-AG-155,availability_game,psu_fact,Gran Turismo 7 เล่นได้ที่เครื่องไหน,ได้ครับ Gran Turismo 7 เล่นได้ที่ Cockpit Zone - Cockpit #01-#02 แหล่งข้อมูล: https://esports.computing.psu.ac.th/,pipeline:structured_service_game_availability,games/game_availability_lookup,100.0,True,0.5557,0,,,
MB-0822-AG-156,availability_game,psu_fact,มี Gran Turismo 7 ไหม,ได้ครับ Gran Turismo 7 เล่นได้ที่ Cockpit Zone - Cockpit #01-#02 แหล่งข้อมูล: https://esports.computing.psu.ac.th/,pipeline:structured_service_game_availability,games/game_availability_lookup,100.0,True,0.3311,0,,,
MB-0823-AG-157,availability_game,psu_fact,Gran Turismo 7 อยู่โซนไหน,ได้ครับ Gran Turismo 7 เล่นได้ที่ Cockpit Zone - Cockpit #01-#02 แหล่งข้อมูล: https://esports.computing.psu.ac.th/,pipeline:structured_service_game_availability,games/game_availability_lookup,100.0,True,0.4385,0,,,
MB-0824-AG-158,availability_game,psu_fact,ถ้าจะเล่น Gran Turismo 7 ต้องจองอะไร,"ถ้าจะเล่น Gran Turismo 7 ให้จอง Cockpit Zone - Cockpit #01-#02 ครับ • Cockpit Zone - Cockpit #01-#02 (60 นาที, 1 คน) จากนั้นเลือกวัน รอบเวลา กรอกข้อมูลผู้ใช้บริการ ชำระเงิน และแนบสลิปเพื่อยืนยันการจอง แหล่งข้อมูล: https://esports.computing.psu.ac.th/",pipeline:structured_booking_game_service_selection,reservation/booking_policy,100.0,True,0.3134,0,,,
MB-0825-AS-017,availability_service,psu_fact,VR Station 30 นาที มีเกมอะไรบ้าง,"VR Zone มีเกมที่ยืนยันได้ดังนี้ VR Station 30 นาที (30 นาที, 1-5 คน) • Beat Saber • Horizon Call of the Mountain • Resident Evil 4 • Resident Evil Village หมายเหตุ: VR Station แบบ 30 นาทีและ 1 ชั่วโมงใช้รายการเกมเดียวกัน แหล่งข้อมูล: https://esports.computing.psu.ac.th/",pipeline:structured_service_game_availability,games/list,100.0,True,0.3793,0,,,
MB-0826-AS-018,availability_service,psu_fact,VR Station 30 นาที เล่นได้กี่คน,บริการที่ถามรองรับผู้เล่นตามข้อมูลนี้ครับ • VR Station 30 นาที: 1-5 คน ต่อรอบ 30 นาที แหล่งข้อมูล: https://esports.computing.psu.ac.th/,pipeline:structured_service_capacity,reservation/count,100.0,True,0.3979,0,,,
MB-0827-AS-019,availability_service,psu_fact,VR Zone รายการเกมมีอะไรบ้าง,"VR Station มีเกมที่ยืนยันได้ดังนี้ (รอบ 30 นาทีและ 1 ชั่วโมงใช้รายการเกมเดียวกัน) VR Station 30 นาที (30 นาที, 1-5 คน) • Beat Saber • Horizon Call of the Mountain • Resident Evil 4 • Resident Evil Village หมายเหตุ: VR Station แบบ 30 นาทีและ 1 ชั่วโมงใช้รายการเกมเดียวกัน แหล่งข้อมูล: https://esports.computing.psu.ac.th/",pipeline:structured_service_game_availability,games/list,100.0,True,0.2914,0,,,
MB-0828-AG-159,availability_game,psu_fact,Beat Saber เล่นได้ที่เครื่องไหน,"ได้ครับ Beat Saber เล่นได้ที่ VR Zone - VR Station 30 นาที, VR Zone - VR Station 1 ชั่วโมง แหล่งข้อมูล: https://esports.computing.psu.ac.th/",pipeline:structured_service_game_availability,games/game_availability_lookup,100.0,True,0.527,0,,,
MB-0829-AG-160,availability_game,psu_fact,มี Beat Saber ไหม,"ได้ครับ Beat Saber เล่นได้ที่ VR Zone - VR Station 30 นาที, VR Zone - VR Station 1 ชั่วโมง แหล่งข้อมูล: https://esports.computing.psu.ac.th/",pipeline:structured_service_game_availability,games/game_availability_lookup,100.0,True,0.3367,0,,,
MB-0830-AG-161,availability_game,psu_fact,Beat Saber อยู่โซนไหน,"ได้ครับ Beat Saber เล่นได้ที่ VR Zone - VR Station 30 นาที, VR Zone - VR Station 1 ชั่วโมง แหล่งข้อมูล: https://esports.computing.psu.ac.th/",pipeline:structured_service_game_availability,games/game_availability_lookup,100.0,True,0.4179,0,,,
MB-0831-AG-162,availability_game,psu_fact,ถ้าจะเล่น Beat Saber ต้องจองอะไร,"ถ้าจะเล่น Beat Saber ให้จอง VR Zone - VR Station 30 นาที หรือ VR Zone - VR Station 1 ชั่วโมง ครับ • VR Zone - VR Station 30 นาที (30 นาที, 1-5 คน) • VR Zone - VR Station 1 ชั่วโมง (60 นาที, 1-5 คน) จากนั้นเลือกวัน รอบเวลา กรอกข้อมูลผู้ใช้บริการ ชำระเงิน และแนบสลิปเพื่อยืนยันการจอง แหล่งข้อมูล: https://esports.computing.psu.ac.th/",pipeline:structured_booking_game_service_selection,reservation/booking_policy,100.0,True,0.2831,0,,,
MB-0832-AG-163,availability_game,psu_fact,Horizon Call of the Mountain เล่นได้ที่เครื่องไหน,"ได้ครับ Horizon Call of the Mountain เล่นได้ที่ VR Zone - VR Station 30 นาที, VR Zone - VR Station 1 ชั่วโมง แหล่งข้อมูล: https://esports.computing.psu.ac.th/",pipeline:structured_service_game_availability,games/game_availability_lookup,100.0,True,0.744,0,,,
MB-0833-AG-164,availability_game,psu_fact,มี Horizon Call of the Mountain ไหม,"ได้ครับ Horizon Call of the Mountain เล่นได้ที่ VR Zone - VR Station 30 นาที, VR Zone - VR Station 1 ชั่วโมง แหล่งข้อมูล: https://esports.computing.psu.ac.th/",pipeline:structured_service_game_availability,games/detail,100.0,True,0.5023,0,,,
MB-0834-AG-165,availability_game,psu_fact,Horizon Call of the Mountain อยู่โซนไหน,"ได้ครับ Horizon Call of the Mountain เล่นได้ที่ VR Zone - VR Station 30 นาที, VR Zone - VR Station 1 ชั่วโมง แหล่งข้อมูล: https://esports.computing.psu.ac.th/",pipeline:structured_service_game_availability,games/game_availability_lookup,100.0,True,0.6227,0,,,
MB-0835-AG-166,availability_game,psu_fact,ถ้าจะเล่น Horizon Call of the Mountain ต้องจองอะไร,"ถ้าจะเล่น Horizon Call of the Mountain ให้จอง VR Zone - VR Station 30 นาที หรือ VR Zone - VR Station 1 ชั่วโมง ครับ • VR Zone - VR Station 30 นาที (30 นาที, 1-5 คน) • VR Zone - VR Station 1 ชั่วโมง (60 นาที, 1-5 คน) จากนั้นเลือกวัน รอบเวลา กรอกข้อมูลผู้ใช้บริการ ชำระเงิน และแนบสลิปเพื่อยืนยันการจอง แหล่งข้อมูล: https://esports.computing.psu.ac.th/",pipeline:structured_booking_game_service_selection,reservation/booking_policy,100.0,True,0.3695,0,,,
MB-0836-AS-020,availability_service,psu_fact,VR Station 1 ชั่วโมง มีเกมอะไรบ้าง,"VR Zone มีเกมที่ยืนยันได้ดังนี้ VR Station 1 ชั่วโมง (60 นาที, 1-5 คน) • Beat Saber • Horizon Call of the Mountain • Resident Evil 4 • Resident Evil Village หมายเหตุ: VR Station แบบ 30 นาทีและ 1 ชั่วโมงใช้รายการเกมเดียวกัน แหล่งข้อมูล: https://esports.computing.psu.ac.th/",pipeline:structured_service_game_availability,games/list,100.0,True,0.4344,0,,,
MB-0837-AS-021,availability_service,psu_fact,VR Station 1 ชั่วโมง เล่นได้กี่คน,บริการที่ถามรองรับผู้เล่นตามข้อมูลนี้ครับ • VR Station 1 ชั่วโมง: 1-5 คน ต่อรอบ 60 นาที แหล่งข้อมูล: https://esports.computing.psu.ac.th/,pipeline:structured_service_capacity,reservation/count,100.0,True,0.4593,0,,,
MB-0838-AMS-001,availability_machine_split,psu_fact,PC #01 มี Call of Duty: Warzone ไหม,PC #01-#02 ไม่มี Call of Duty: Warzone ครับ Call of Duty: Warzone เล่นได้ที่ PC #03-#10 เกมที่มีใน PC #01-#02: • TEKKEN 8 • Counter-Strike 2 • League of Legends • PUBG: BATTLEGROUNDS • VALORANT แหล่งข้อมูล: https://esports.computing.psu.ac.th/,pipeline:structured_service_game_availability_no_match,games/game_availability_lookup,100.0,True,0.4578,0,,,
MB-0839-AMS-002,availability_machine_split,psu_fact,PC #02 มี Call of Duty: Warzone ไหม,PC #01-#02 ไม่มี Call of Duty: Warzone ครับ Call of Duty: Warzone เล่นได้ที่ PC #03-#10 เกมที่มีใน PC #01-#02: • TEKKEN 8 • Counter-Strike 2 • League of Legends • PUBG: BATTLEGROUNDS • VALORANT แหล่งข้อมูล: https://esports.computing.psu.ac.th/,pipeline:structured_service_game_availability_no_match,games/game_availability_lookup,100.0,True,0.3858,0,,,
MB-0840-AMS-003,availability_machine_split,psu_fact,PC #03 มี TEKKEN 8 ไหม,PC #03-#10 ไม่มี TEKKEN 8 ครับ TEKKEN 8 เล่นได้ที่ PC #01-#02 เกมที่มีใน PC #03-#10: • Call of Duty: Warzone • Counter-Strike 2 • League of Legends • PUBG: BATTLEGROUNDS • VALORANT แหล่งข้อมูล: https://esports.computing.psu.ac.th/,pipeline:structured_service_game_availability_no_match,games/game_availability_lookup,100.0,True,0.3912,0,,,
MB-0841-AMS-004,availability_machine_split,psu_fact,PC #10 มี TEKKEN 8 ไหม,PC #03-#10 ไม่มี TEKKEN 8 ครับ TEKKEN 8 เล่นได้ที่ PC #01-#02 เกมที่มีใน PC #03-#10: • Call of Duty: Warzone • Counter-Strike 2 • League of Legends • PUBG: BATTLEGROUNDS • VALORANT แหล่งข้อมูล: https://esports.computing.psu.ac.th/,pipeline:structured_service_game_availability_no_match,games/game_availability_lookup,100.0,True,0.4208,0,,,
MB-0842-AS-022,availability_service,psu_fact,PC เครื่อง 1 รายการเกมมีอะไรบ้าง,"PC Zone มีเกมที่ยืนยันได้ดังนี้ PC #01-#02 (60 นาที, 1 คน) • TEKKEN 8 • Counter-Strike 2 • League of Legends • PUBG: BATTLEGROUNDS • VALORANT หมายเหตุ: PC #01-#02 มี TEKKEN 8 แต่ไม่มี Call of Duty: Warzone หมายเหตุ: PC #01-#02 และ PC #03-#10 มี Counter-Strike 2, League of Legends, PUBG: BATTLEGROUNDS, VALORANT เหมือนกัน แหล่งข้อมูล: https://esports.computing.psu.ac.th/",pipeline:structured_service_game_availability,games/list,100.0,True,0.3255,0,,,
MB-0843-AS-023,availability_service,psu_fact,PC เครื่อง 3 รายการเกมมีอะไรบ้าง,"PC Zone มีเกมที่ยืนยันได้ดังนี้ PC #03-#10 (60 นาที, 1 คน) • Call of Duty: Warzone • Counter-Strike 2 • League of Legends • PUBG: BATTLEGROUNDS • VALORANT หมายเหตุ: PC #03-#10 มี Call of Duty: Warzone แต่ไม่มี TEKKEN 8 หมายเหตุ: PC #01-#02 และ PC #03-#10 มี Counter-Strike 2, League of Legends, PUBG: BATTLEGROUNDS, VALORANT เหมือนกัน แหล่งข้อมูล: https://esports.computing.psu.ac.th/",pipeline:structured_service_game_availability,games/list,100.0,True,0.2542,0,,,
MB-1252-C-016,compound,compound,PC ราคาเท่าไหร่ แล้วมีเกมอะไรบ้าง,"คำถามนี้มีหลายเรื่อง ขอแยกตอบเป็นข้อ ๆ: คำถามที่ 1: PC ราคาเท่าไหร่ ราคา PC 1 ชั่วโมง (1 คน) • PSU Student and Staff: 0 บาท • PSU Alumni and General Student / นักศึกษาหรือนักเรียนต่างสถาบัน: 25 บาท • General Adult / บุคคลทั่วไป: 70 บาท หมายเหตุข้อมูล PC: ราคา PC เพิ่มจาก local service fee update 2026-07-27 แหล่งข้อมูล: https://esports.computing.psu.ac.th/wp-content/uploads/2026/01/PSU-Esports-Studio-phuket-SERVICE-FEE-2026.png คำถามที่ 2: PC มีเกมอะไรบ้าง PC Zone แยกรายการเกมตามเลขเครื่องดังนี้ PC #01-#02 (60 นาที, 1 คน) • TEKKEN 8 • Counter-Strike 2 • League of Legends • PUBG: BATTLEGROUNDS • VALORANT หมายเหตุ: PC #01-#02 มี TEKKEN 8 แต่ไม่มี Call of Duty: Warzone หมายเหตุ: PC #01-#02 และ P",pipeline:multi_question_splitter,multi_question/multi_question_split,100.0,True,0.4164,0,,,
MB-1253-C-017,compound,compound,PC จองยังไง แล้วเปิดวันไหนบ้าง,"คำถามนี้มีหลายเรื่อง ขอแยกตอบเป็นข้อ ๆ: คำถามที่ 1: PC จองยังไง สำหรับ PC ให้เลือกบริการ/โซน PC ในระบบจอง แล้วทำตามขั้นตอนนี้ครับ ขั้นตอนจองโดยสรุป: • เลือกบริการหรือโซนที่ต้องการใช้ • เลือกวันและรอบเวลาที่ต้องการ • กรอก Student ID/Staff ID/National ID, ชื่อ, นามสกุล, อีเมล และเบอร์โทรศัพท์ • ตรวจสอบข้อมูลและชำระเงินโดยโอนเข้าบัญชีที่ระบบแจ้ง • หลังจองต้องชำระเงินภายใน 10 นาที • แนบสลิปและยืนยันการจอง แหล่งข้อมูล: https://esports.computing.psu.ac.th/ คำถามที่ 2: เปิดวันไหนบ้าง เวลาบริการตามตารางคือ Morning 09:00-12:00 และ Afternoon 13:00-16:00 รายละเอียดจากตาราง: • วันจันทร์: Morning 09:00-12:00 = maintenance, Afternoon 13:00-16:00 = open • วันอังคาร: Morning 09:00-12:00 = open, Afternoon 13",pipeline:multi_question_splitter,multi_question/multi_question_split,100.0,True,0.4199,0,,,
MB-1254-C-018,compound,compound,PS5 ราคาเท่าไหร่ แล้วมีเกมอะไรบ้าง,"คำถามนี้มีหลายเรื่อง ขอแยกตอบเป็นข้อ ๆ: คำถามที่ 1: PS5 ราคาเท่าไหร่ PlayStation 5 60 นาที (1 ชั่วโมง, 1-2 คน) • PSU Student and Staff: 0 บาท • PSU Alumni and General Student: 50 บาท • General Adult: 150 บาท แหล่งข้อมูล: https://esports.computing.psu.ac.th/wp-content/uploads/2026/01/PSU-Esports-Studio-phuket-SERVICE-FEE-2026.png คำถามที่ 2: PS5 มีเกมอะไรบ้าง PlayStation 5 Zone มีเกมที่ยืนยันได้ดังนี้ PlayStation 5 #01-#02 (60 นาที, 1-2 คน) • Call of Duty: Modern Warfare III • Delta Force • EA Sports FC 24 • eFootball • FINAL FANTASY XVI • Fortnite • God of War Ragnarok • Hogwarts Legacy • Marvel's Spider-Man 2 • NARUTO X BORUTO Ultimate Ninja Storm Connections • Resident Evil 4 • Resident Ev",pipeline:multi_question_splitter,multi_question/multi_question_split,100.0,True,0.4755,0,,,
MB-1255-C-019,compound,compound,PS5 จองยังไง แล้วเปิดวันไหนบ้าง,"คำถามนี้มีหลายเรื่อง ขอแยกตอบเป็นข้อ ๆ: คำถามที่ 1: PS5 จองยังไง จอง PlayStation 5 ต้องเลือกบริการ PlayStation 5 และเลือกรอบเวลาที่ต้องการครับ • ข้อมูลค่าบริการที่มีระบุ PlayStation 5 ต่อ 60 นาที สำหรับ 1-2 คน • จากนั้นกรอกข้อมูลผู้ใช้บริการ ชำระเงิน และแนบสลิปเพื่อยืนยันการจอง แหล่งข้อมูล: https://esports.computing.psu.ac.th/ คำถามที่ 2: เปิดวันไหนบ้าง เวลาบริการตามตารางคือ Morning 09:00-12:00 และ Afternoon 13:00-16:00 รายละเอียดจากตาราง: • วันจันทร์: Morning 09:00-12:00 = maintenance, Afternoon 13:00-16:00 = open • วันอังคาร: Morning 09:00-12:00 = open, Afternoon 13:00-16:00 = open • วันพุธ: Morning 09:00-12:00 = open, Afternoon 13:00-16:00 = open • วันพฤหัสบดี: Morning 09:00-12:00 = open,",pipeline:multi_question_splitter,multi_question/multi_question_split,100.0,True,0.5273,0,,,
MB-1256-C-020,compound,compound,Nintendo Switch จองยังไง แล้วเปิดวันไหนบ้าง,"คำถามนี้มีหลายเรื่อง ขอแยกตอบเป็นข้อ ๆ: คำถามที่ 1: Nintendo Switch จองยังไง จอง Nintendo Switch ต้องเลือกบริการตามจำนวนผู้เล่นครับ • ถ้าเล่น 1-2 คน ให้เลือก Nintendo Switch แบบ 1-2 Persons • ถ้าเล่น 3-4 คน ให้เลือก Nintendo Switch แบบ 3-4 Persons • จากนั้นเลือกวัน รอบเวลา กรอกข้อมูลผู้ใช้บริการ ชำระเงิน และแนบสลิปเพื่อยืนยันการจอง แหล่งข้อมูล: https://esports.computing.psu.ac.th/ คำถามที่ 2: เปิดวันไหนบ้าง เวลาบริการตามตารางคือ Morning 09:00-12:00 และ Afternoon 13:00-16:00 รายละเอียดจากตาราง: • วันจันทร์: Morning 09:00-12:00 = maintenance, Afternoon 13:00-16:00 = open • วันอังคาร: Morning 09:00-12:00 = open, Afternoon 13:00-16:00 = open • วันพุธ: Morning 09:00-12:00 = open, Afternoon 13:00-",pipeline:multi_question_splitter,multi_question/multi_question_split,100.0,True,0.6299,0,,,
MB-1257-C-021,compound,compound,VR ราคาเท่าไหร่ แล้วมีเกมอะไรบ้าง,"คำถามนี้มีหลายเรื่อง ขอแยกตอบเป็นข้อ ๆ: คำถามที่ 1: VR ราคาเท่าไหร่ VR 30 นาที (1-5 คน) • PSU Student and Staff: 0 บาท • PSU Alumni and General Student: 190 บาท • General Adult: 525 บาท VR 1 ชั่วโมง (60 นาที, 1-5 คน) • PSU Student and Staff: 0 บาท • PSU Alumni and General Student: 375 บาท • General Adult: 1,050 บาท แหล่งข้อมูล: https://esports.computing.psu.ac.th/wp-content/uploads/2026/01/PSU-Esports-Studio-phuket-SERVICE-FEE-2026.png คำถามที่ 2: VR มีเกมอะไรบ้าง VR Station มีเกมที่ยืนยันได้ดังนี้ (รอบ 30 นาทีและ 1 ชั่วโมงใช้รายการเกมเดียวกัน) VR Station 30 นาที (30 นาที, 1-5 คน) • Beat Saber • Horizon Call of the Mountain • Resident Evil 4 • Resident Evil Village หมายเหตุ: VR Station แบบ 3",pipeline:multi_question_splitter,multi_question/multi_question_split,100.0,True,0.535,0,,,
MB-1258-C-022,compound,compound,VR จองยังไง แล้วเปิดวันไหนบ้าง,คำถามนี้มีหลายเรื่อง ขอแยกตอบเป็นข้อ ๆ: คำถามที่ 1: VR จองยังไง จองคิวเล่นเกม/ใช้อุปกรณ์ได้ผ่านระบบจองออนไลน์ครับ ถ้าต้องการจอง VR ให้เลือกบริการ VR Station และเลือกรอบ 30 นาทีหรือ 1 ชั่วโมงตามที่ระบบมีให้เลือก ขั้นตอนโดยสรุปคือ 1) เลือกบริการหรือโซนที่ต้องการใช้ 2) เลือกวันและรอบเวลา 3) กรอก Student ID/Staff ID/National ID ชื่อ นามสกุล อีเมล และเบอร์โทรศัพท์ 4) ตรวจสอบข้อมูลและชำระเงินโดยโอนเข้าบัญชีที่ระบบแจ้ง 5) แนบสลิปและยืนยันการจอง ต้องจองล่วงหน้าอย่างน้อย 1 ชั่วโมง และหลังจองต้องชำระเงินภายใน 10 นาทีครับ แหล่งข้อมูล: https://esports.computing.psu.ac.th/reservation คำถามที่ 2: เปิดวันไหนบ้าง เวลาบริการตามตารางคือ Morning 09:00-12:00 และ Afternoon 13:00-16:00 รายละเอียดจากตาราง: • วันจั,pipeline:multi_question_splitter,multi_question/multi_question_split,100.0,True,0.6941,0,,,
MB-1259-C-023,compound,compound,Cockpit ราคาเท่าไหร่ แล้วมีเกมอะไรบ้าง,"คำถามนี้มีหลายเรื่อง ขอแยกตอบเป็นข้อ ๆ: คำถามที่ 1: Cockpit ราคาเท่าไหร่ Cockpit 60 นาที (1 ชั่วโมง, 1 คน) • PSU Student and Staff: 0 บาท • PSU Alumni and General Student: 65 บาท • General Adult: 200 บาท แหล่งข้อมูล: https://esports.computing.psu.ac.th/wp-content/uploads/2026/01/PSU-Esports-Studio-phuket-SERVICE-FEE-2026.png คำถามที่ 2: Cockpit มีเกมอะไรบ้าง Cockpit Zone มีเกมที่ยืนยันได้ดังนี้ Cockpit #01-#02 (60 นาที, 1 คน) • Gran Turismo 7 หมายเหตุ: Cockpit มี 2 เครื่อง และใช้รายการเกมเดียวกัน แหล่งข้อมูล: https://esports.computing.psu.ac.th/",pipeline:multi_question_splitter,multi_question/multi_question_split,100.0,True,0.7187,0,,,
MB-1260-C-024,compound,compound,Cockpit จองยังไง แล้วเปิดวันไหนบ้าง,"คำถามนี้มีหลายเรื่อง ขอแยกตอบเป็นข้อ ๆ: คำถามที่ 1: Cockpit จองยังไง ถ้าอยากเล่นเกมขับรถหรือใช้พวงมาลัย ให้จอง Cockpit Zone / Cockpit ครับ • โซนนี้ใช้กับชุด Racezone Full Cockpit V3 และ Logitech G923 TRUEFORCE Racing Wheel • เกมที่ยืนยันได้คือ Gran Turismo 7 แหล่งข้อมูล: https://esports.computing.psu.ac.th/ คำถามที่ 2: เปิดวันไหนบ้าง เวลาบริการตามตารางคือ Morning 09:00-12:00 และ Afternoon 13:00-16:00 รายละเอียดจากตาราง: • วันจันทร์: Morning 09:00-12:00 = maintenance, Afternoon 13:00-16:00 = open • วันอังคาร: Morning 09:00-12:00 = open, Afternoon 13:00-16:00 = open • วันพุธ: Morning 09:00-12:00 = open, Afternoon 13:00-16:00 = open • วันพฤหัสบดี: Morning 09:00-12:00 = open, Afternoon 13:00-16:",pipeline:multi_question_splitter,multi_question/multi_question_split,100.0,True,0.5128,0,,,
MB-1261-C-025,compound,compound,TEKKEN 8 กับ Resident Evil Village มีปุ่มอะไรบ้าง,คำถามนี้มีหลายเรื่อง ขอแยกตอบเป็นข้อ ๆ: คำถามที่ 1: TEKKEN 8 มีปุ่มอะไรบ้าง TEKKEN 8 มีข้อมูลปุ่มควบคุมดังนี้: PlayStation / PS5 • Square: หมัดซ้าย / ต่อยซ้าย - ออกหมัดแย็บหรือโจมตีด้วยมือซ้าย เป็นปุ่มหลักในการเริ่มต้นเฟรมคอมโบที่รวดเร็ว • Triangle: หมัดขวา / ต่อยขวา - ออกหมัดหนักหรือโจมตีด้วยมือขวา มักใช้ทำดาเมจแรงหรือสวนกลับ (Counter) • Cross: ลูกเตะซ้าย - ใช้ขาซ้ายเตะสกัดหรือโจมตีเพื่อเปิดช่องว่างของศัตรู • Circle: ลูกเตะขวา - ใช้ขาขวาหวดเตะอย่างรุนแรง มักเป็นท่าเคลียร์ระยะหรือตัดขาที่ทำดาเมจสูง • D-Pad Up: กระโดด - ควบคุมให้ตัวละครกระโดดขึ้นด้านบนเพื่อหลบการโจมตีล่าง หรือใช้กดร่วมกับปุ่มโจมตีกลางอากาศ • D-Pad Left: ถอยหลัง / บล็อก - บังคับตัวละครให้เดินถอยหลังเพื่อรักษาระยะ หรือใช้กดค้าง,pipeline:multi_question_splitter,multi_question/multi_question_split,100.0,True,0.8485,0,,,
MB-1262-C-026,compound,compound,TEKKEN 8 เล่นที่ไหน แล้ว Resident Evil Village ปุ่มอะไร,คำถามนี้มีหลายเรื่อง ขอแยกตอบเป็นข้อ ๆ: คำถามที่ 1: TEKKEN 8 เล่นที่ไหน TEKKEN 8: TEKKEN 8 คือเกมต่อสู้แบบตัวต่อตัว ผู้เล่นเลือกตัวละครแล้วใช้คอมโบ การป้องกัน และจังหวะสวนกลับเพื่อชนะคู่แข่ง แนวเกม: เกมต่อสู้ 1v1 วิธีเล่นโดยสรุป: เล่นเป็นรอบ เลือกตัวละคร ฝึกท่าพื้นฐาน/คอมโบ อ่านจังหวะคู่ต่อสู้ และทำให้พลังชีวิตอีกฝ่ายหมดก่อน เล่นได้ที่: PC Zone และ PlayStation 5 Zone แหล่งข้อมูล: https://esports.phuket.psu.ac.th/Services/our-games คำถามที่ 2: Resident Evil Village ปุ่มอะไร Resident Evil Village มีข้อมูลปุ่มควบคุมดังนี้: PlayStation / PS5 • L (Left Stick): เคลื่อนที่ - บังคับทิศทางการเดินและการเคลื่อนไหวของตัวละคร Ethan Winters • L3 (Click Left Stick): วิ่งเร็ว / สปรินต์ - กดลงไปในขณะเคลื่อนท,pipeline:multi_question_splitter,multi_question/multi_question_split,100.0,True,0.9214,0,,,
MB-1263-C-027,compound,compound,Gran Turismo 7 กับ Overcooked! 2 มีปุ่มอะไรบ้าง,คำถามนี้มีหลายเรื่อง ขอแยกตอบเป็นข้อ ๆ: คำถามที่ 1: Gran Turismo 7 มีปุ่มอะไรบ้าง Gran Turismo 7 มีข้อมูลปุ่มควบคุมดังนี้: PlayStation / PS5 • L (Left Stick): เลี้ยว / ควบคุมพวงมาลัย - บังคับทิศทางรถ • R2: คันเร่ง - กดเพื่อเร่งเครื่อง • L2: เบรก - กดเพื่อชะลอความเร็วรถ • Cross: เพิ่มเกียร์ - เปลี่ยนเกียร์สูงขึ้น (โหมดเกียร์ธรรมดา) • Square: ลดเกียร์ - เปลี่ยนเกียร์ต่ำลง (โหมดเกียร์ธรรมดา) • Circle: เบรกมือ - ดึงเบรกมือเพื่อสไลด์หรือดริฟต์ • Triangle: ถอยหลัง - เข้าเกียร์ถอยรถ • D-Pad: ควบคุมจอ MFD - สลับและปรับค่า Multi-Function Display เช่น Traction Control หรือ Fuel Map • R1: เปลี่ยนมุมมอง - สลับมุมกล้องในการขับขี่ • L1: มองหลัง - สลับมุมกล้องไปมองด้านหลังชั่วคราว • R3: ไนตรัส / เร่งแซง - ,pipeline:multi_question_splitter,multi_question/multi_question_split,100.0,True,0.8233,0,,,
MB-1264-C-028,compound,compound,Gran Turismo 7 เล่นที่ไหน แล้ว Overcooked! 2 ปุ่มอะไร,คำถามนี้มีหลายเรื่อง ขอแยกตอบเป็นข้อ ๆ: คำถามที่ 1: Gran Turismo 7 เล่นที่ไหน Gran Turismo 7: Gran Turismo 7 คือเกมแข่งรถที่เน้นการขับรถสมจริง การเลือกสนาม รถ และการควบคุมจังหวะเข้าโค้ง แนวเกม: เกมแข่งรถ / Driving Simulator วิธีเล่นโดยสรุป: ใน Cockpit Zone เล่นโดยใช้พวงมาลัย คันเร่ง เบรก และชุดเบาะจำลองการขับรถ เป้าหมายคือขับให้เร็วและควบคุมรถให้แม่นในแต่ละสนาม เล่นได้ที่: Cockpit Zone แหล่งข้อมูล: https://esports.phuket.psu.ac.th/Services/our-games คำถามที่ 2: Overcooked! 2 ปุ่มอะไร Overcooked! 2 มีอยู่ในรายการเกมที่ยืนยันได้ของ PSU Esports Studio - Phuket ครับ Overcooked 2 คือเกมทำอาหารแบบร่วมมือกัน ผู้เล่นต้องแบ่งหน้าที่ เตรียมอาหาร เสิร์ฟ และจัดการครัวที่วุ่นวาย แนวเกม: เกม Co-op ทำอาหาร,pipeline:multi_question_splitter,multi_question/multi_question_split,100.0,True,1.0858,0,,,
MB-1265-C-029,compound,compound,Beat Saber กับ VALORANT มีปุ่มอะไรบ้าง,คำถามนี้มีหลายเรื่อง ขอแยกตอบเป็นข้อ ๆ: คำถามที่ 1: Beat Saber มีปุ่มอะไรบ้าง Beat Saber มีข้อมูลปุ่มควบคุมดังนี้: PlayStation VR2 / PS5 • Left PS VR2 Sense controller motion: ฟันบล็อกด้วยดาบมือซ้าย - ใช้การขยับคอนโทรลเลอร์ฝั่งซ้ายเพื่อฟันบล็อกตามจังหวะเพลง โดยอิงจากหลักการเล่น Beat Saber ที่ให้ผู้เล่นฟัน beat ใน VR • Right PS VR2 Sense controller motion: ฟันบล็อกด้วยดาบมือขวา - ใช้การขยับคอนโทรลเลอร์ฝั่งขวาเพื่อฟันบล็อกตามจังหวะเพลง โดยอิงจากหลักการเล่น Beat Saber ที่ให้ผู้เล่นฟัน beat ใน VR • Head/body movement: หลบและจัดตำแหน่งร่างกาย - เป็นข้อมูลวิธีเล่นระดับภาพรวมจากแหล่งทางการ ไม่ใช่ผังคีย์ละเอียดรายปุ่ม แหล่งข้อมูล: https://www.playstation.com/en-us/games/beat-saber/ คำถามที่ 2: VALOR,pipeline:multi_question_splitter,multi_question/multi_question_split,100.0,True,0.7574,0,,,
MB-1266-C-030,compound,compound,Beat Saber เล่นที่ไหน แล้ว VALORANT ปุ่มอะไร,"คำถามนี้มีหลายเรื่อง ขอแยกตอบเป็นข้อ ๆ: คำถามที่ 1: Beat Saber เล่นที่ไหน Beat Saber: Beat Saber คือเกม VR จังหวะดนตรีที่ผู้เล่นใช้ดาบแสงฟันบล็อกตามจังหวะเพลง แนวเกม: เกม VR Rhythm วิธีเล่นโดยสรุป: สวมแว่น VR ถือคอนโทรลเลอร์ แล้วฟันบล็อกตามทิศทาง หลบสิ่งกีดขวาง และพยายามทำคะแนนตามจังหวะเพลง เล่นได้ที่: VR Zone แหล่งข้อมูล: https://esports.phuket.psu.ac.th/Services/our-games คำถามที่ 2: VALORANT ปุ่มอะไร VALORANT มีข้อมูลปุ่มควบคุมดังนี้: PC • W / A / S / D: เคลื่อนที่ - W เดินหน้า, A ไปซ้าย, S ถอยหลัง, D ไปขวา • Left Shift: เดินช้า - ใช้เดินเงียบหรือเดินแบบควบคุมเสียง • Space Bar: กระโดด - กระโดด • Left Ctrl: ย่อตัว - ย่อตัวเพื่อลดระดับตัวละคร • Left Mouse Button: ยิง - ยิงอาวุธหลัก • Right ",pipeline:multi_question_splitter,multi_question/multi_question_split,100.0,True,1.0024,0,,,
MB-1267-C-031,compound,compound,Mario Kart 8 Deluxe กับ Mario Kart 8 Deluxe มีปุ่มอะไรบ้าง,Mario Kart 8 Deluxe มีข้อมูลปุ่มควบคุมดังนี้: Nintendo Switch • L (Left Stick): เลี้ยว / ควบคุมทิศทาง - บังคับพวงมาลัยรถให้เลี้ยวไปทางซ้ายหรือขวา • A: เร่งเครื่อง - กดค้างไว้ตลอดเพื่อเร่งเครื่องยนต์ให้รถวิ่งไปข้างหน้า • B: เบรก / ถอยหลัง - แตะเพื่อเบรกชะลอความเร็ว หรือกดค้างไว้เมื่อรถหยุดนิ่งเพื่อขับถอยหลัง • X: มองหลัง - หันมุมกล้องไปมองด้านหลังเพื่อเช็กระยะห่างของคู่แข่งหรือไอเทมที่ตามมา • ZL: ใช้ไอเทม / บีบแตร - ใช้ไอเทมที่เก็บมาจากกล่องสุ่ม หากไม่มีไอเทมจะเป็นการบีบแตรรถ • ZR: ดริฟต์ - ใช้กระโดดและดริฟต์ขณะเข้าโค้งเพื่อทำความเร็ว หรือใช้ทำท่าผาดโผนเมื่อกระโดดออกจากเนินเร่งความเร็ว • + (Plus): หยุดเกม - หยุดเกมชั่วคราวเพื่อเข้าสู่เมนูหลักหรือตั้งค่าระบบช่วยเหลือ แหล่งข้อมูล: https://gamei,pipeline:structured_game_controls,games/game_control_lookup,100.0,True,0.7398,0,,,
MB-1268-C-032,compound,compound,Mario Kart 8 Deluxe เล่นที่ไหน แล้ว Mario Kart 8 Deluxe ปุ่มอะไร,คำถามนี้มีหลายเรื่อง ขอแยกตอบเป็นข้อ ๆ: คำถามที่ 1: Mario Kart 8 Deluxe เล่นที่ไหน Mario Kart 8 Deluxe: Mario Kart 8 Deluxe คือเกมแข่งรถสไตล์ปาร์ตี้ที่ใช้ตัวละคร Nintendo ขับรถแข่งกันในสนามหลากหลายแบบ แนวเกม: เกมแข่งรถ Party Racing วิธีเล่นโดยสรุป: เลือกตัวละครและรถ ขับเข้าเส้นชัย ใช้ไอเทมช่วยโจมตี/ป้องกัน และเล่นสนุกได้หลายคน เล่นได้ที่: Nintendo Switch Zone แหล่งข้อมูล: https://esports.phuket.psu.ac.th/Services/our-games คำถามที่ 2: Mario Kart 8 Deluxe ปุ่มอะไร Mario Kart 8 Deluxe มีข้อมูลปุ่มควบคุมดังนี้: Nintendo Switch • L (Left Stick): เลี้ยว / ควบคุมทิศทาง - บังคับพวงมาลัยรถให้เลี้ยวไปทางซ้ายหรือขวา • A: เร่งเครื่อง - กดค้างไว้ตลอดเพื่อเร่งเครื่องยนต์ให้รถวิ่งไปข้างหน้า • B: เบรก / ถอ,pipeline:multi_question_splitter,multi_question/multi_question_split,100.0,True,1.2771,0,,,
MB-1269-C-033,compound,compound,VALORANT กับ Beat Saber มีปุ่มอะไรบ้าง,"คำถามนี้มีหลายเรื่อง ขอแยกตอบเป็นข้อ ๆ: คำถามที่ 1: VALORANT มีปุ่มอะไรบ้าง VALORANT มีข้อมูลปุ่มควบคุมดังนี้: PC • W / A / S / D: เคลื่อนที่ - W เดินหน้า, A ไปซ้าย, S ถอยหลัง, D ไปขวา • Left Shift: เดินช้า - ใช้เดินเงียบหรือเดินแบบควบคุมเสียง • Space Bar: กระโดด - กระโดด • Left Ctrl: ย่อตัว - ย่อตัวเพื่อลดระดับตัวละคร • Left Mouse Button: ยิง - ยิงอาวุธหลัก • Right Mouse Button: ยิง/เล็งแบบรอง - ใช้งานโหมดรองของอาวุธหรือเล็งตามชนิดอาวุธ • R: รีโหลด - เปลี่ยนกระสุน • 1 / 2 / 3: เลือกอาวุธ - 1 อาวุธหลัก, 2 อาวุธรอง, 3 อาวุธระยะประชิด • 4: หยิบ/ใช้ Spike - ใช้กับ Spike เช่น วางหรือกู้ตามสถานการณ์ • Q / E / C / X: ใช้สกิล Agent - Q/E/C คือสกิลทั่วไป และ X คือ Ultimate • F: โต้ตอบกับวัตถุ - ใช้โ",pipeline:multi_question_splitter,multi_question/multi_question_split,100.0,True,0.8051,0,,,
MB-1270-C-034,compound,compound,VALORANT เล่นที่ไหน แล้ว Beat Saber ปุ่มอะไร,คำถามนี้มีหลายเรื่อง ขอแยกตอบเป็นข้อ ๆ: คำถามที่ 1: VALORANT เล่นที่ไหน VALORANT: VALORANT คือเกมยิงเชิงกลยุทธ์ที่ผู้เล่นเลือก Agent ที่มีสกิลเฉพาะ แล้วเล่นเป็นฝ่ายบุก/รับในแต่ละรอบ แนวเกม: เกมยิง Tactical FPS แบบทีม 5v5 วิธีเล่นโดยสรุป: ฝ่ายบุกต้องวาง Spike ส่วนฝ่ายรับต้องป้องกันพื้นที่หรือกู้ Spike การเล่นเน้นการเล็ง การสื่อสาร การใช้สกิล และการเล่นเป็นทีม เล่นได้ที่: PC Zone แหล่งข้อมูล: https://esports.computing.psu.ac.th/reservation คำถามที่ 2: Beat Saber ปุ่มอะไร Beat Saber ปุ่มที่ตรงกับคำถาม: PlayStation VR2 / PS5 • Left PS VR2 Sense controller motion: ฟันบล็อกด้วยดาบมือซ้าย - ใช้การขยับคอนโทรลเลอร์ฝั่งซ้ายเพื่อฟันบล็อกตามจังหวะเพลง โดยอิงจากหลักการเล่น Beat Saber ที่ให้ผู้เล่นฟัน bea,pipeline:multi_question_splitter,multi_question/multi_question_split,100.0,True,0.767,0,,,
MB-1271-C-035,compound,compound,Overcooked! 2 กับ Gran Turismo 7 มีปุ่มอะไรบ้าง,คำถามนี้มีหลายเรื่อง ขอแยกตอบเป็นข้อ ๆ: คำถามที่ 1: Overcooked! 2 มีปุ่มอะไรบ้าง Overcooked! 2 มีอยู่ในรายการเกมที่ยืนยันได้ของ PSU Esports Studio - Phuket ครับ Overcooked 2 คือเกมทำอาหารแบบร่วมมือกัน ผู้เล่นต้องแบ่งหน้าที่ เตรียมอาหาร เสิร์ฟ และจัดการครัวที่วุ่นวาย แนวเกม: เกม Co-op ทำอาหาร วิธีเล่นโดยสรุป: ช่วยกันหั่นวัตถุดิบ ปรุง เสิร์ฟ ล้างจาน และสื่อสารกับทีมให้ทันเวลา เล่นได้ที่: Nintendo Switch Zone ยังไม่พบข้อมูลปุ่มควบคุมของ Overcooked! 2 ที่ยืนยันได้ในฐานข้อมูลตอนนี้ครับ แหล่งข้อมูล: https://esports.phuket.psu.ac.th/Services/our-games คำถามที่ 2: Gran Turismo 7 มีปุ่มอะไรบ้าง Gran Turismo 7 มีข้อมูลปุ่มควบคุมดังนี้: PlayStation / PS5 • L (Left Stick): เลี้ยว / ควบคุมพวงมาลัย - บังค,pipeline:multi_question_splitter,multi_question/multi_question_split,100.0,True,0.6529,0,,,
MB-1272-C-036,compound,compound,Overcooked! 2 เล่นที่ไหน แล้ว Gran Turismo 7 ปุ่มอะไร,คำถามนี้มีหลายเรื่อง ขอแยกตอบเป็นข้อ ๆ: คำถามที่ 1: Overcooked! 2 เล่นที่ไหน Overcooked! 2: Overcooked 2 คือเกมทำอาหารแบบร่วมมือกัน ผู้เล่นต้องแบ่งหน้าที่ เตรียมอาหาร เสิร์ฟ และจัดการครัวที่วุ่นวาย แนวเกม: เกม Co-op ทำอาหาร วิธีเล่นโดยสรุป: ช่วยกันหั่นวัตถุดิบ ปรุง เสิร์ฟ ล้างจาน และสื่อสารกับทีมให้ทันเวลา เล่นได้ที่: Nintendo Switch Zone แหล่งข้อมูล: https://esports.phuket.psu.ac.th/Services/our-games คำถามที่ 2: Gran Turismo 7 ปุ่มอะไร Gran Turismo 7 มีข้อมูลปุ่มควบคุมดังนี้: PlayStation / PS5 • L (Left Stick): เลี้ยว / ควบคุมพวงมาลัย - บังคับทิศทางรถ • R2: คันเร่ง - กดเพื่อเร่งเครื่อง • L2: เบรก - กดเพื่อชะลอความเร็วรถ • Cross: เพิ่มเกียร์ - เปลี่ยนเกียร์สูงขึ้น (โหมดเกียร์ธรรมดา) • Squar,pipeline:multi_question_splitter,multi_question/multi_question_split,100.0,True,0.8335,0,,,
MB-1273-C-037,compound,compound,Resident Evil Village กับ TEKKEN 8 มีปุ่มอะไรบ้าง,คำถามนี้มีหลายเรื่อง ขอแยกตอบเป็นข้อ ๆ: คำถามที่ 1: Resident Evil Village มีปุ่มอะไรบ้าง Resident Evil Village มีข้อมูลปุ่มควบคุมดังนี้: PlayStation / PS5 • L (Left Stick): เคลื่อนที่ - บังคับทิศทางการเดินและการเคลื่อนไหวของตัวละคร Ethan Winters • L3 (Click Left Stick): วิ่งเร็ว / สปรินต์ - กดลงไปในขณะเคลื่อนที่เพื่อเร่งความเร็วในการวิ่งหนีหรือเข้าหาที่กำบัง • R (Right Stick): ควบคุมมุมมอง / หันกล้อง - หมุนเพื่อกวาดสายตา หันหัวตัวละคร มองรอบ ๆ หรือใช้ในการเล็งเป้า • R3 (Click Right Stick): ย่อตัว - กดเพื่อย่อตัวลงต่ำ ใช้สำหรับลอดช่องแคบ ซ่อนตัว หรือหลบการโจมตีระดับสายตา • L2: เล็งเป้า / เล็งปืน - ยกอาวุธปืนขึ้นมาเล็งเพื่อบีบเป้าให้แคบลงและเพิ่มความแม่นยำในการยิง • L1: ยกการ์ด / ป้องกัน - ยกแ,pipeline:multi_question_splitter,multi_question/multi_question_split,100.0,True,0.7104,0,,,
MB-1274-C-038,compound,compound,Resident Evil Village เล่นที่ไหน แล้ว TEKKEN 8 ปุ่มอะไร,คำถามนี้มีหลายเรื่อง ขอแยกตอบเป็นข้อ ๆ: คำถามที่ 1: Resident Evil Village เล่นที่ไหน Resident Evil Village: Resident Evil Village คือเกมสยองขวัญเอาตัวรอดที่เน้นบรรยากาศ การสำรวจ และการต่อสู้กับศัตรูหลากหลายรูปแบบ แนวเกม: เกม Survival Horror วิธีเล่นโดยสรุป: สำรวจฉาก เก็บไอเทม จัดการทรัพยากร ต่อสู้ และแก้ปริศนาเพื่อดำเนินเรื่อง เล่นได้ที่: PlayStation 5 Zone และ VR Zone แหล่งข้อมูล: https://esports.phuket.psu.ac.th/Services/our-games คำถามที่ 2: TEKKEN 8 ปุ่มอะไร TEKKEN 8 มีข้อมูลปุ่มควบคุมดังนี้: PlayStation / PS5 • Square: หมัดซ้าย / ต่อยซ้าย - ออกหมัดแย็บหรือโจมตีด้วยมือซ้าย เป็นปุ่มหลักในการเริ่มต้นเฟรมคอมโบที่รวดเร็ว • Triangle: หมัดขวา / ต่อยขวา - ออกหมัดหนักหรือโจมตีด้วยมือขวา มักใช้ทำ,pipeline:multi_question_splitter,multi_question/multi_question_split,100.0,True,1.0135,0,,,
MB-1275-C-039,compound,compound,นักศึกษา PSU เล่น PC 30 นาที เสียกี่บาท แล้วจองยังไง,คำถามนี้มีหลายเรื่อง ขอแยกตอบเป็นข้อ ๆ: คำถามที่ 1: นักศึกษา PSU เล่น PC 30 นาที เสีย กี่บาท ระยะเวลาที่ถามคือ 30 นาที ใช้ 1 session ตามแพ็กเกจ PC 1 ชั่วโมง คำตอบราคา: 0 บาท สำหรับกลุ่ม PSU Student and Staff • คำนวณจาก 0 บาท/session x 1 session = 0 บาท กลุ่มผู้ใช้ที่ตรวจเจอ: PSU Student and Staff รายละเอียดจากตาราง: PC 1 ชั่วโมง (1 คน) • PSU Student and Staff: 0 บาท • PSU Alumni and General Student: 25 บาท • General Adult: 70 บาท หมายเหตุข้อมูล PC: ราคา PC เพิ่มจาก local service fee update 2026-07-27 แหล่งข้อมูล: https://esports.computing.psu.ac.th/wp-content/uploads/2026/01/PSU-Esports-Studio-phuket-SERVICE-FEE-2026.png คำถามที่ 2: จะเล่น นักศึกษา PSU เล่น PC 30 นาที เสีย จองยังไง สำหรับ PC,pipeline:multi_question_splitter,multi_question/multi_question_split,100.0,True,0.723,0,,,
MB-1276-C-040,compound,compound,นักศึกษา PSU เล่น PC 1 ชั่วโมง เสียกี่บาท แล้วจองยังไง,คำถามนี้มีหลายเรื่อง ขอแยกตอบเป็นข้อ ๆ: คำถามที่ 1: นักศึกษา PSU เล่น PC 1 ชั่วโมง เสีย กี่บาท ระยะเวลาที่ถามคือ 1 ชั่วโมง ใช้ 1 session ตามแพ็กเกจ PC 1 ชั่วโมง คำตอบราคา: 0 บาท สำหรับกลุ่ม PSU Student and Staff • คำนวณจาก 0 บาท/session x 1 session = 0 บาท กลุ่มผู้ใช้ที่ตรวจเจอ: PSU Student and Staff รายละเอียดจากตาราง: PC 1 ชั่วโมง (1 คน) • PSU Student and Staff: 0 บาท • PSU Alumni and General Student: 25 บาท • General Adult: 70 บาท หมายเหตุข้อมูล PC: ราคา PC เพิ่มจาก local service fee update 2026-07-27 แหล่งข้อมูล: https://esports.computing.psu.ac.th/wp-content/uploads/2026/01/PSU-Esports-Studio-phuket-SERVICE-FEE-2026.png คำถามที่ 2: จะเล่น นักศึกษา PSU เล่น PC 1 ชั่วโมง เสีย จองยังไง จอง,pipeline:multi_question_splitter,multi_question/multi_question_split,100.0,True,0.8406,0,,,
MB-1277-C-041,compound,compound,นักศึกษา PSU เล่น PC 2 ชั่วโมง เสียกี่บาท แล้วจองยังไง,คำถามนี้มีหลายเรื่อง ขอแยกตอบเป็นข้อ ๆ: คำถามที่ 1: นักศึกษา PSU เล่น PC 2 ชั่วโมง เสีย กี่บาท ระยะเวลาที่ถามคือ 2 ชั่วโมง ใช้ 2 session ตามแพ็กเกจ PC 1 ชั่วโมง คำตอบราคา: 0 บาท สำหรับกลุ่ม PSU Student and Staff • คำนวณจาก 0 บาท/session x 2 session = 0 บาท กลุ่มผู้ใช้ที่ตรวจเจอ: PSU Student and Staff รายละเอียดจากตาราง: PC 1 ชั่วโมง (1 คน) • PSU Student and Staff: 0 บาท • PSU Alumni and General Student: 25 บาท • General Adult: 70 บาท หมายเหตุข้อมูล PC: ราคา PC เพิ่มจาก local service fee update 2026-07-27 แหล่งข้อมูล: https://esports.computing.psu.ac.th/wp-content/uploads/2026/01/PSU-Esports-Studio-phuket-SERVICE-FEE-2026.png คำถามที่ 2: จะเล่น นักศึกษา PSU เล่น PC 2 ชั่วโมง เสีย จองยังไง จอง,pipeline:multi_question_splitter,multi_question/multi_question_split,100.0,True,0.9282,0,,,
MB-1278-C-042,compound,compound,นักศึกษาต่างมหาลัย เล่น PC 30 นาที เสียกี่บาท แล้วจองยังไง,คำถามนี้มีหลายเรื่อง ขอแยกตอบเป็นข้อ ๆ: คำถามที่ 1: นักศึกษาต่างมหาลัย เล่น PC 30 นาที เสีย กี่บาท ระยะเวลาที่ถามคือ 30 นาที ใช้ 1 session ตามแพ็กเกจ PC 1 ชั่วโมง คำตอบราคา: 25 บาท สำหรับกลุ่ม PSU Alumni and General Student / นักศึกษาหรือนักเรียนต่างสถาบัน • คำนวณจาก 25 บาท/session x 1 session = 25 บาท กลุ่มผู้ใช้ที่ตรวจเจอ: PSU Alumni and General Student / นักศึกษาหรือนักเรียนต่างสถาบัน / มหาลัยอื่น รายละเอียดจากตาราง: PC 1 ชั่วโมง (1 คน) • PSU Student and Staff: 0 บาท • PSU Alumni and General Student: 25 บาท • General Adult: 70 บาท หมายเหตุข้อมูล PC: ราคา PC เพิ่มจาก local service fee update 2026-07-27 แหล่งข้อมูล: https://esports.computing.psu.ac.th/wp-content/uploads/2026/01/PSU-Esports-,pipeline:multi_question_splitter,multi_question/multi_question_split,100.0,True,0.9629,0,,,
MB-1279-C-043,compound,compound,นักศึกษาต่างมหาลัย เล่น PC 1 ชั่วโมง เสียกี่บาท แล้วจองยังไง,คำถามนี้มีหลายเรื่อง ขอแยกตอบเป็นข้อ ๆ: คำถามที่ 1: นักศึกษาต่างมหาลัย เล่น PC 1 ชั่วโมง เสีย กี่บาท ระยะเวลาที่ถามคือ 1 ชั่วโมง ใช้ 1 session ตามแพ็กเกจ PC 1 ชั่วโมง คำตอบราคา: 25 บาท สำหรับกลุ่ม PSU Alumni and General Student / นักศึกษาหรือนักเรียนต่างสถาบัน • คำนวณจาก 25 บาท/session x 1 session = 25 บาท กลุ่มผู้ใช้ที่ตรวจเจอ: PSU Alumni and General Student / นักศึกษาหรือนักเรียนต่างสถาบัน / มหาลัยอื่น รายละเอียดจากตาราง: PC 1 ชั่วโมง (1 คน) • PSU Student and Staff: 0 บาท • PSU Alumni and General Student: 25 บาท • General Adult: 70 บาท หมายเหตุข้อมูล PC: ราคา PC เพิ่มจาก local service fee update 2026-07-27 แหล่งข้อมูล: https://esports.computing.psu.ac.th/wp-content/uploads/2026/01/PSU-Espo,pipeline:multi_question_splitter,multi_question/multi_question_split,100.0,True,1.1097,0,,,
MB-1280-C-044,compound,compound,นักศึกษาต่างมหาลัย เล่น PC 2 ชั่วโมง เสียกี่บาท แล้วจองยังไง,คำถามนี้มีหลายเรื่อง ขอแยกตอบเป็นข้อ ๆ: คำถามที่ 1: นักศึกษาต่างมหาลัย เล่น PC 2 ชั่วโมง เสีย กี่บาท ระยะเวลาที่ถามคือ 2 ชั่วโมง ใช้ 2 session ตามแพ็กเกจ PC 1 ชั่วโมง คำตอบราคา: 50 บาท สำหรับกลุ่ม PSU Alumni and General Student / นักศึกษาหรือนักเรียนต่างสถาบัน • คำนวณจาก 25 บาท/session x 2 session = 50 บาท กลุ่มผู้ใช้ที่ตรวจเจอ: PSU Alumni and General Student / นักศึกษาหรือนักเรียนต่างสถาบัน / มหาลัยอื่น รายละเอียดจากตาราง: PC 1 ชั่วโมง (1 คน) • PSU Student and Staff: 0 บาท • PSU Alumni and General Student: 25 บาท • General Adult: 70 บาท หมายเหตุข้อมูล PC: ราคา PC เพิ่มจาก local service fee update 2026-07-27 แหล่งข้อมูล: https://esports.computing.psu.ac.th/wp-content/uploads/2026/01/PSU-Espo,pipeline:multi_question_splitter,multi_question/multi_question_split,100.0,True,1.1721,0,,,
MB-1281-C-045,compound,compound,บุคคลทั่วไป เล่น PC 30 นาที เสียกี่บาท แล้วจองยังไง,คำถามนี้มีหลายเรื่อง ขอแยกตอบเป็นข้อ ๆ: คำถามที่ 1: บุคคลทั่วไป เล่น PC 30 นาที เสีย กี่บาท ระยะเวลาที่ถามคือ 30 นาที ใช้ 1 session ตามแพ็กเกจ PC 1 ชั่วโมง คำตอบราคา: 70 บาท สำหรับกลุ่ม General Adult / บุคคลทั่วไป • คำนวณจาก 70 บาท/session x 1 session = 70 บาท กลุ่มผู้ใช้ที่ตรวจเจอ: General Adult / บุคคลทั่วไป รายละเอียดจากตาราง: PC 1 ชั่วโมง (1 คน) • PSU Student and Staff: 0 บาท • PSU Alumni and General Student: 25 บาท • General Adult: 70 บาท หมายเหตุข้อมูล PC: ราคา PC เพิ่มจาก local service fee update 2026-07-27 แหล่งข้อมูล: https://esports.computing.psu.ac.th/wp-content/uploads/2026/01/PSU-Esports-Studio-phuket-SERVICE-FEE-2026.png คำถามที่ 2: จะเล่น บุคคลทั่วไป เล่น PC 30 นาที เสีย จองยั,pipeline:multi_question_splitter,multi_question/multi_question_split,100.0,True,1.1023,0,,,
MB-1282-C-046,compound,compound,บุคคลทั่วไป เล่น PC 1 ชั่วโมง เสียกี่บาท แล้วจองยังไง,คำถามนี้มีหลายเรื่อง ขอแยกตอบเป็นข้อ ๆ: คำถามที่ 1: บุคคลทั่วไป เล่น PC 1 ชั่วโมง เสีย กี่บาท ระยะเวลาที่ถามคือ 1 ชั่วโมง ใช้ 1 session ตามแพ็กเกจ PC 1 ชั่วโมง คำตอบราคา: 70 บาท สำหรับกลุ่ม General Adult / บุคคลทั่วไป • คำนวณจาก 70 บาท/session x 1 session = 70 บาท กลุ่มผู้ใช้ที่ตรวจเจอ: General Adult / บุคคลทั่วไป รายละเอียดจากตาราง: PC 1 ชั่วโมง (1 คน) • PSU Student and Staff: 0 บาท • PSU Alumni and General Student: 25 บาท • General Adult: 70 บาท หมายเหตุข้อมูล PC: ราคา PC เพิ่มจาก local service fee update 2026-07-27 แหล่งข้อมูล: https://esports.computing.psu.ac.th/wp-content/uploads/2026/01/PSU-Esports-Studio-phuket-SERVICE-FEE-2026.png คำถามที่ 2: จะเล่น บุคคลทั่วไป เล่น PC 1 ชั่วโมง เสีย,pipeline:multi_question_splitter,multi_question/multi_question_split,100.0,True,1.1543,0,,,
MB-1283-C-047,compound,compound,บุคคลทั่วไป เล่น PC 2 ชั่วโมง เสียกี่บาท แล้วจองยังไง,คำถามนี้มีหลายเรื่อง ขอแยกตอบเป็นข้อ ๆ: คำถามที่ 1: บุคคลทั่วไป เล่น PC 2 ชั่วโมง เสีย กี่บาท ระยะเวลาที่ถามคือ 2 ชั่วโมง ใช้ 2 session ตามแพ็กเกจ PC 1 ชั่วโมง คำตอบราคา: 140 บาท สำหรับกลุ่ม General Adult / บุคคลทั่วไป • คำนวณจาก 70 บาท/session x 2 session = 140 บาท กลุ่มผู้ใช้ที่ตรวจเจอ: General Adult / บุคคลทั่วไป รายละเอียดจากตาราง: PC 1 ชั่วโมง (1 คน) • PSU Student and Staff: 0 บาท • PSU Alumni and General Student: 25 บาท • General Adult: 70 บาท หมายเหตุข้อมูล PC: ราคา PC เพิ่มจาก local service fee update 2026-07-27 แหล่งข้อมูล: https://esports.computing.psu.ac.th/wp-content/uploads/2026/01/PSU-Esports-Studio-phuket-SERVICE-FEE-2026.png คำถามที่ 2: จะเล่น บุคคลทั่วไป เล่น PC 2 ชั่วโมง เส,pipeline:multi_question_splitter,multi_question/multi_question_split,100.0,True,0.8764,0,,,
MB-1284-C-048,compound,compound,นักศึกษา PSU เล่น PS5 30 นาที เสียกี่บาท แล้วจองยังไง,"คำถามนี้มีหลายเรื่อง ขอแยกตอบเป็นข้อ ๆ: คำถามที่ 1: นักศึกษา PSU เล่น PS5 30 นาที เสีย กี่บาท ระยะเวลาที่ถามคือ 30 นาที ใช้ 1 session ตามแพ็กเกจ PlayStation 5 60 นาที คำตอบราคา: 0 บาท สำหรับกลุ่ม PSU Student and Staff • คำนวณจาก 0 บาท/session x 1 session = 0 บาท กลุ่มผู้ใช้ที่ตรวจเจอ: PSU Student and Staff รายละเอียดจากตาราง: PlayStation 5 60 นาที (1 ชั่วโมง, 1-2 คน) • PSU Student and Staff: 0 บาท • PSU Alumni and General Student: 50 บาท • General Adult: 150 บาท แหล่งข้อมูล: https://esports.computing.psu.ac.th/wp-content/uploads/2026/01/PSU-Esports-Studio-phuket-SERVICE-FEE-2026.png คำถามที่ 2: จะเล่น นักศึกษา PSU เล่น PS5 30 นาที เสีย จองยังไง ขั้นตอนจองโดยสรุป: • เลือกบริการหรือโซนที่ต้องก",pipeline:multi_question_splitter,multi_question/multi_question_split,100.0,True,0.6867,0,,,
MB-1285-C-049,compound,compound,นักศึกษา PSU เล่น PS5 1 ชั่วโมง เสียกี่บาท แล้วจองยังไง,"คำถามนี้มีหลายเรื่อง ขอแยกตอบเป็นข้อ ๆ: คำถามที่ 1: นักศึกษา PSU เล่น PS5 1 ชั่วโมง เสีย กี่บาท ระยะเวลาที่ถามคือ 1 ชั่วโมง ใช้ 1 session ตามแพ็กเกจ PlayStation 5 60 นาที คำตอบราคา: 0 บาท สำหรับกลุ่ม PSU Student and Staff • คำนวณจาก 0 บาท/session x 1 session = 0 บาท กลุ่มผู้ใช้ที่ตรวจเจอ: PSU Student and Staff รายละเอียดจากตาราง: PlayStation 5 60 นาที (1 ชั่วโมง, 1-2 คน) • PSU Student and Staff: 0 บาท • PSU Alumni and General Student: 50 บาท • General Adult: 150 บาท แหล่งข้อมูล: https://esports.computing.psu.ac.th/wp-content/uploads/2026/01/PSU-Esports-Studio-phuket-SERVICE-FEE-2026.png คำถามที่ 2: จะเล่น นักศึกษา PSU เล่น PS5 1 ชั่วโมง เสีย จองยังไง ขั้นตอนจองโดยสรุป: • เลือกบริการหรือโซนที",pipeline:multi_question_splitter,multi_question/multi_question_split,100.0,True,0.8631,0,,,
MB-1286-C-050,compound,compound,นักศึกษา PSU เล่น PS5 2 ชั่วโมง เสียกี่บาท แล้วจองยังไง,"คำถามนี้มีหลายเรื่อง ขอแยกตอบเป็นข้อ ๆ: คำถามที่ 1: นักศึกษา PSU เล่น PS5 2 ชั่วโมง เสีย กี่บาท ระยะเวลาที่ถามคือ 2 ชั่วโมง ใช้ 2 session ตามแพ็กเกจ PlayStation 5 60 นาที คำตอบราคา: 0 บาท สำหรับกลุ่ม PSU Student and Staff • คำนวณจาก 0 บาท/session x 2 session = 0 บาท กลุ่มผู้ใช้ที่ตรวจเจอ: PSU Student and Staff รายละเอียดจากตาราง: PlayStation 5 60 นาที (1 ชั่วโมง, 1-2 คน) • PSU Student and Staff: 0 บาท • PSU Alumni and General Student: 50 บาท • General Adult: 150 บาท แหล่งข้อมูล: https://esports.computing.psu.ac.th/wp-content/uploads/2026/01/PSU-Esports-Studio-phuket-SERVICE-FEE-2026.png คำถามที่ 2: จะเล่น นักศึกษา PSU เล่น PS5 2 ชั่วโมง เสีย จองยังไง ขั้นตอนจองโดยสรุป: • เลือกบริการหรือโซนที",pipeline:multi_question_splitter,multi_question/multi_question_split,100.0,True,1.1194,0,,,
MB-1287-C-051,compound,compound,นักศึกษาต่างมหาลัย เล่น PS5 30 นาที เสียกี่บาท แล้วจองยังไง,"คำถามนี้มีหลายเรื่อง ขอแยกตอบเป็นข้อ ๆ: คำถามที่ 1: นักศึกษาต่างมหาลัย เล่น PS5 30 นาที เสีย กี่บาท ระยะเวลาที่ถามคือ 30 นาที ใช้ 1 session ตามแพ็กเกจ PlayStation 5 60 นาที คำตอบราคา: 50 บาท สำหรับกลุ่ม PSU Alumni and General Student / นักศึกษาหรือนักเรียนต่างสถาบัน • คำนวณจาก 50 บาท/session x 1 session = 50 บาท กลุ่มผู้ใช้ที่ตรวจเจอ: PSU Alumni and General Student / นักศึกษาหรือนักเรียนต่างสถาบัน / มหาลัยอื่น รายละเอียดจากตาราง: PlayStation 5 60 นาที (1 ชั่วโมง, 1-2 คน) • PSU Student and Staff: 0 บาท • PSU Alumni and General Student: 50 บาท • General Adult: 150 บาท แหล่งข้อมูล: https://esports.computing.psu.ac.th/wp-content/uploads/2026/01/PSU-Esports-Studio-phuket-SERVICE-FEE-2026.png คำถา",pipeline:multi_question_splitter,multi_question/multi_question_split,100.0,True,1.0248,0,,,
MB-1288-C-052,compound,compound,นักศึกษาต่างมหาลัย เล่น PS5 1 ชั่วโมง เสียกี่บาท แล้วจองยังไง,"คำถามนี้มีหลายเรื่อง ขอแยกตอบเป็นข้อ ๆ: คำถามที่ 1: นักศึกษาต่างมหาลัย เล่น PS5 1 ชั่วโมง เสีย กี่บาท ระยะเวลาที่ถามคือ 1 ชั่วโมง ใช้ 1 session ตามแพ็กเกจ PlayStation 5 60 นาที คำตอบราคา: 50 บาท สำหรับกลุ่ม PSU Alumni and General Student / นักศึกษาหรือนักเรียนต่างสถาบัน • คำนวณจาก 50 บาท/session x 1 session = 50 บาท กลุ่มผู้ใช้ที่ตรวจเจอ: PSU Alumni and General Student / นักศึกษาหรือนักเรียนต่างสถาบัน / มหาลัยอื่น รายละเอียดจากตาราง: PlayStation 5 60 นาที (1 ชั่วโมง, 1-2 คน) • PSU Student and Staff: 0 บาท • PSU Alumni and General Student: 50 บาท • General Adult: 150 บาท แหล่งข้อมูล: https://esports.computing.psu.ac.th/wp-content/uploads/2026/01/PSU-Esports-Studio-phuket-SERVICE-FEE-2026.png ",pipeline:multi_question_splitter,multi_question/multi_question_split,100.0,True,1.1241,0,,,
MB-1289-C-053,compound,compound,นักศึกษาต่างมหาลัย เล่น PS5 2 ชั่วโมง เสียกี่บาท แล้วจองยังไง,"คำถามนี้มีหลายเรื่อง ขอแยกตอบเป็นข้อ ๆ: คำถามที่ 1: นักศึกษาต่างมหาลัย เล่น PS5 2 ชั่วโมง เสีย กี่บาท ระยะเวลาที่ถามคือ 2 ชั่วโมง ใช้ 2 session ตามแพ็กเกจ PlayStation 5 60 นาที คำตอบราคา: 100 บาท สำหรับกลุ่ม PSU Alumni and General Student / นักศึกษาหรือนักเรียนต่างสถาบัน • คำนวณจาก 50 บาท/session x 2 session = 100 บาท กลุ่มผู้ใช้ที่ตรวจเจอ: PSU Alumni and General Student / นักศึกษาหรือนักเรียนต่างสถาบัน / มหาลัยอื่น รายละเอียดจากตาราง: PlayStation 5 60 นาที (1 ชั่วโมง, 1-2 คน) • PSU Student and Staff: 0 บาท • PSU Alumni and General Student: 50 บาท • General Adult: 150 บาท แหล่งข้อมูล: https://esports.computing.psu.ac.th/wp-content/uploads/2026/01/PSU-Esports-Studio-phuket-SERVICE-FEE-2026.pn",pipeline:multi_question_splitter,multi_question/multi_question_split,100.0,True,1.1729,0,,,
MB-1290-C-054,compound,compound,บุคคลทั่วไป เล่น PS5 30 นาที เสียกี่บาท แล้วจองยังไง,"คำถามนี้มีหลายเรื่อง ขอแยกตอบเป็นข้อ ๆ: คำถามที่ 1: บุคคลทั่วไป เล่น PS5 30 นาที เสีย กี่บาท ระยะเวลาที่ถามคือ 30 นาที ใช้ 1 session ตามแพ็กเกจ PlayStation 5 60 นาที คำตอบราคา: 150 บาท สำหรับกลุ่ม General Adult / บุคคลทั่วไป • คำนวณจาก 150 บาท/session x 1 session = 150 บาท กลุ่มผู้ใช้ที่ตรวจเจอ: General Adult / บุคคลทั่วไป รายละเอียดจากตาราง: PlayStation 5 60 นาที (1 ชั่วโมง, 1-2 คน) • PSU Student and Staff: 0 บาท • PSU Alumni and General Student: 50 บาท • General Adult: 150 บาท แหล่งข้อมูล: https://esports.computing.psu.ac.th/wp-content/uploads/2026/01/PSU-Esports-Studio-phuket-SERVICE-FEE-2026.png คำถามที่ 2: จะเล่น บุคคลทั่วไป เล่น PS5 30 นาที เสีย จองยังไง ขั้นตอนจองโดยสรุป: • เลือกบริกา",pipeline:multi_question_splitter,multi_question/multi_question_split,100.0,True,0.7594,0,,,
MB-1291-C-055,compound,compound,บุคคลทั่วไป เล่น PS5 1 ชั่วโมง เสียกี่บาท แล้วจองยังไง,"คำถามนี้มีหลายเรื่อง ขอแยกตอบเป็นข้อ ๆ: คำถามที่ 1: บุคคลทั่วไป เล่น PS5 1 ชั่วโมง เสีย กี่บาท ระยะเวลาที่ถามคือ 1 ชั่วโมง ใช้ 1 session ตามแพ็กเกจ PlayStation 5 60 นาที คำตอบราคา: 150 บาท สำหรับกลุ่ม General Adult / บุคคลทั่วไป • คำนวณจาก 150 บาท/session x 1 session = 150 บาท กลุ่มผู้ใช้ที่ตรวจเจอ: General Adult / บุคคลทั่วไป รายละเอียดจากตาราง: PlayStation 5 60 นาที (1 ชั่วโมง, 1-2 คน) • PSU Student and Staff: 0 บาท • PSU Alumni and General Student: 50 บาท • General Adult: 150 บาท แหล่งข้อมูล: https://esports.computing.psu.ac.th/wp-content/uploads/2026/01/PSU-Esports-Studio-phuket-SERVICE-FEE-2026.png คำถามที่ 2: จะเล่น บุคคลทั่วไป เล่น PS5 1 ชั่วโมง เสีย จองยังไง ขั้นตอนจองโดยสรุป: • เลือ",pipeline:multi_question_splitter,multi_question/multi_question_split,100.0,True,0.8478,0,,,
MB-1292-C-056,compound,compound,บุคคลทั่วไป เล่น PS5 2 ชั่วโมง เสียกี่บาท แล้วจองยังไง,"คำถามนี้มีหลายเรื่อง ขอแยกตอบเป็นข้อ ๆ: คำถามที่ 1: บุคคลทั่วไป เล่น PS5 2 ชั่วโมง เสีย กี่บาท ระยะเวลาที่ถามคือ 2 ชั่วโมง ใช้ 2 session ตามแพ็กเกจ PlayStation 5 60 นาที คำตอบราคา: 300 บาท สำหรับกลุ่ม General Adult / บุคคลทั่วไป • คำนวณจาก 150 บาท/session x 2 session = 300 บาท กลุ่มผู้ใช้ที่ตรวจเจอ: General Adult / บุคคลทั่วไป รายละเอียดจากตาราง: PlayStation 5 60 นาที (1 ชั่วโมง, 1-2 คน) • PSU Student and Staff: 0 บาท • PSU Alumni and General Student: 50 บาท • General Adult: 150 บาท แหล่งข้อมูล: https://esports.computing.psu.ac.th/wp-content/uploads/2026/01/PSU-Esports-Studio-phuket-SERVICE-FEE-2026.png คำถามที่ 2: จะเล่น บุคคลทั่วไป เล่น PS5 2 ชั่วโมง เสีย จองยังไง ขั้นตอนจองโดยสรุป: • เลือ",pipeline:multi_question_splitter,multi_question/multi_question_split,100.0,True,0.9008,0,,,
MB-1293-C-057,compound,compound,นักศึกษา PSU เล่น Nintendo Switch 30 นาที เสียกี่บาท แล้วจองยังไง,คำถามนี้มีหลายเรื่อง ขอแยกตอบเป็นข้อ ๆ: คำถามที่ 1: นักศึกษา PSU เล่น Nintendo Switch 30 นาที เสีย กี่บาท ราคา Nintendo Switch สำหรับกลุ่ม PSU Student and Staff • Nintendo Switch 1-2 คน: 0 บาท • Nintendo Switch 3-4 คน: 0 บาท กลุ่มผู้ใช้ที่ตรวจเจอ: PSU Student and Staff หมายเหตุ: คำถามยังไม่ระบุจำนวนผู้เล่น จึงแสดงทั้งราคา 1-2 คนและ 3-4 คน รายละเอียดจากตาราง: Nintendo Switch 1-2 คน 60 นาที (1 ชั่วโมง) • PSU Student and Staff: 0 บาท • PSU Alumni and General Student: 50 บาท • General Adult: 140 บาท Nintendo Switch 3-4 คน 60 นาที (1 ชั่วโมง) • PSU Student and Staff: 0 บาท • PSU Alumni and General Student: 100 บาท • General Adult: 280 บาท แหล่งข้อมูล: https://esports.computing.psu.ac.th/wp-conten,pipeline:multi_question_splitter,multi_question/multi_question_split,100.0,True,1.0801,0,,,
MB-1294-C-058,compound,compound,นักศึกษา PSU เล่น Nintendo Switch 1 ชั่วโมง เสียกี่บาท แล้วจองยังไง,คำถามนี้มีหลายเรื่อง ขอแยกตอบเป็นข้อ ๆ: คำถามที่ 1: นักศึกษา PSU เล่น Nintendo Switch 1 ชั่วโมง เสีย กี่บาท ราคา Nintendo Switch สำหรับกลุ่ม PSU Student and Staff • Nintendo Switch 1-2 คน: 0 บาท • Nintendo Switch 3-4 คน: 0 บาท กลุ่มผู้ใช้ที่ตรวจเจอ: PSU Student and Staff หมายเหตุ: คำถามยังไม่ระบุจำนวนผู้เล่น จึงแสดงทั้งราคา 1-2 คนและ 3-4 คน รายละเอียดจากตาราง: Nintendo Switch 1-2 คน 60 นาที (1 ชั่วโมง) • PSU Student and Staff: 0 บาท • PSU Alumni and General Student: 50 บาท • General Adult: 140 บาท Nintendo Switch 3-4 คน 60 นาที (1 ชั่วโมง) • PSU Student and Staff: 0 บาท • PSU Alumni and General Student: 100 บาท • General Adult: 280 บาท แหล่งข้อมูล: https://esports.computing.psu.ac.th/wp-cont,pipeline:multi_question_splitter,multi_question/multi_question_split,100.0,True,0.8738,0,,,
MB-1295-C-059,compound,compound,นักศึกษา PSU เล่น Nintendo Switch 2 ชั่วโมง เสียกี่บาท แล้วจองยังไง,คำถามนี้มีหลายเรื่อง ขอแยกตอบเป็นข้อ ๆ: คำถามที่ 1: นักศึกษา PSU เล่น Nintendo Switch 2 ชั่วโมง เสีย กี่บาท ราคา Nintendo Switch สำหรับกลุ่ม PSU Student and Staff • Nintendo Switch 1-2 คน: 0 บาท • Nintendo Switch 3-4 คน: 0 บาท กลุ่มผู้ใช้ที่ตรวจเจอ: PSU Student and Staff หมายเหตุ: คำถามยังไม่ระบุจำนวนผู้เล่น จึงแสดงทั้งราคา 1-2 คนและ 3-4 คน รายละเอียดจากตาราง: Nintendo Switch 1-2 คน 60 นาที (1 ชั่วโมง) • PSU Student and Staff: 0 บาท • PSU Alumni and General Student: 50 บาท • General Adult: 140 บาท Nintendo Switch 3-4 คน 60 นาที (1 ชั่วโมง) • PSU Student and Staff: 0 บาท • PSU Alumni and General Student: 100 บาท • General Adult: 280 บาท แหล่งข้อมูล: https://esports.computing.psu.ac.th/wp-cont,pipeline:multi_question_splitter,multi_question/multi_question_split,100.0,True,0.9166,0,,,
MB-1296-C-060,compound,compound,นักศึกษาต่างมหาลัย เล่น Nintendo Switch 30 นาที เสียกี่บาท แล้วจองยังไง,คำถามนี้มีหลายเรื่อง ขอแยกตอบเป็นข้อ ๆ: คำถามที่ 1: นักศึกษาต่างมหาลัย เล่น Nintendo Switch 30 นาที เสีย กี่บาท ราคา Nintendo Switch สำหรับกลุ่ม PSU Alumni and General Student / นักศึกษาหรือนักเรียนต่างสถาบัน • Nintendo Switch 1-2 คน: 50 บาท • Nintendo Switch 3-4 คน: 100 บาท กลุ่มผู้ใช้ที่ตรวจเจอ: PSU Alumni and General Student / นักศึกษาหรือนักเรียนต่างสถาบัน / มหาลัยอื่น หมายเหตุ: คำถามยังไม่ระบุจำนวนผู้เล่น จึงแสดงทั้งราคา 1-2 คนและ 3-4 คน รายละเอียดจากตาราง: Nintendo Switch 1-2 คน 60 นาที (1 ชั่วโมง) • PSU Student and Staff: 0 บาท • PSU Alumni and General Student: 50 บาท • General Adult: 140 บาท Nintendo Switch 3-4 คน 60 นาที (1 ชั่วโมง) • PSU Student and Staff: 0 บาท • PSU Alumni and Ge,pipeline:multi_question_splitter,multi_question/multi_question_split,100.0,True,0.8968,0,,,
MB-1297-C-061,compound,compound,นักศึกษาต่างมหาลัย เล่น Nintendo Switch 1 ชั่วโมง เสียกี่บาท แล้วจองยังไง,คำถามนี้มีหลายเรื่อง ขอแยกตอบเป็นข้อ ๆ: คำถามที่ 1: นักศึกษาต่างมหาลัย เล่น Nintendo Switch 1 ชั่วโมง เสีย กี่บาท ราคา Nintendo Switch สำหรับกลุ่ม PSU Alumni and General Student / นักศึกษาหรือนักเรียนต่างสถาบัน • Nintendo Switch 1-2 คน: 50 บาท • Nintendo Switch 3-4 คน: 100 บาท กลุ่มผู้ใช้ที่ตรวจเจอ: PSU Alumni and General Student / นักศึกษาหรือนักเรียนต่างสถาบัน / มหาลัยอื่น หมายเหตุ: คำถามยังไม่ระบุจำนวนผู้เล่น จึงแสดงทั้งราคา 1-2 คนและ 3-4 คน รายละเอียดจากตาราง: Nintendo Switch 1-2 คน 60 นาที (1 ชั่วโมง) • PSU Student and Staff: 0 บาท • PSU Alumni and General Student: 50 บาท • General Adult: 140 บาท Nintendo Switch 3-4 คน 60 นาที (1 ชั่วโมง) • PSU Student and Staff: 0 บาท • PSU Alumni and ,pipeline:multi_question_splitter,multi_question/multi_question_split,100.0,True,1.0233,0,,,
MB-1298-C-062,compound,compound,นักศึกษาต่างมหาลัย เล่น Nintendo Switch 2 ชั่วโมง เสียกี่บาท แล้วจองยังไง,คำถามนี้มีหลายเรื่อง ขอแยกตอบเป็นข้อ ๆ: คำถามที่ 1: นักศึกษาต่างมหาลัย เล่น Nintendo Switch 2 ชั่วโมง เสีย กี่บาท ราคา Nintendo Switch สำหรับกลุ่ม PSU Alumni and General Student / นักศึกษาหรือนักเรียนต่างสถาบัน • Nintendo Switch 1-2 คน: 50 บาท • Nintendo Switch 3-4 คน: 100 บาท กลุ่มผู้ใช้ที่ตรวจเจอ: PSU Alumni and General Student / นักศึกษาหรือนักเรียนต่างสถาบัน / มหาลัยอื่น หมายเหตุ: คำถามยังไม่ระบุจำนวนผู้เล่น จึงแสดงทั้งราคา 1-2 คนและ 3-4 คน รายละเอียดจากตาราง: Nintendo Switch 1-2 คน 60 นาที (1 ชั่วโมง) • PSU Student and Staff: 0 บาท • PSU Alumni and General Student: 50 บาท • General Adult: 140 บาท Nintendo Switch 3-4 คน 60 นาที (1 ชั่วโมง) • PSU Student and Staff: 0 บาท • PSU Alumni and ,pipeline:multi_question_splitter,multi_question/multi_question_split,100.0,True,1.6804,0,,,
MB-1299-C-063,compound,compound,บุคคลทั่วไป เล่น Nintendo Switch 30 นาที เสียกี่บาท แล้วจองยังไง,คำถามนี้มีหลายเรื่อง ขอแยกตอบเป็นข้อ ๆ: คำถามที่ 1: บุคคลทั่วไป เล่น Nintendo Switch 30 นาที เสีย กี่บาท ราคา Nintendo Switch สำหรับกลุ่ม General Adult / บุคคลทั่วไป • Nintendo Switch 1-2 คน: 140 บาท • Nintendo Switch 3-4 คน: 280 บาท กลุ่มผู้ใช้ที่ตรวจเจอ: General Adult / บุคคลทั่วไป หมายเหตุ: คำถามยังไม่ระบุจำนวนผู้เล่น จึงแสดงทั้งราคา 1-2 คนและ 3-4 คน รายละเอียดจากตาราง: Nintendo Switch 1-2 คน 60 นาที (1 ชั่วโมง) • PSU Student and Staff: 0 บาท • PSU Alumni and General Student: 50 บาท • General Adult: 140 บาท Nintendo Switch 3-4 คน 60 นาที (1 ชั่วโมง) • PSU Student and Staff: 0 บาท • PSU Alumni and General Student: 100 บาท • General Adult: 280 บาท แหล่งข้อมูล: https://esports.computing.psu.,pipeline:multi_question_splitter,multi_question/multi_question_split,100.0,True,1.4685,0,,,
MB-1300-C-064,compound,compound,บุคคลทั่วไป เล่น Nintendo Switch 1 ชั่วโมง เสียกี่บาท แล้วจองยังไง,คำถามนี้มีหลายเรื่อง ขอแยกตอบเป็นข้อ ๆ: คำถามที่ 1: บุคคลทั่วไป เล่น Nintendo Switch 1 ชั่วโมง เสีย กี่บาท ราคา Nintendo Switch สำหรับกลุ่ม General Adult / บุคคลทั่วไป • Nintendo Switch 1-2 คน: 140 บาท • Nintendo Switch 3-4 คน: 280 บาท กลุ่มผู้ใช้ที่ตรวจเจอ: General Adult / บุคคลทั่วไป หมายเหตุ: คำถามยังไม่ระบุจำนวนผู้เล่น จึงแสดงทั้งราคา 1-2 คนและ 3-4 คน รายละเอียดจากตาราง: Nintendo Switch 1-2 คน 60 นาที (1 ชั่วโมง) • PSU Student and Staff: 0 บาท • PSU Alumni and General Student: 50 บาท • General Adult: 140 บาท Nintendo Switch 3-4 คน 60 นาที (1 ชั่วโมง) • PSU Student and Staff: 0 บาท • PSU Alumni and General Student: 100 บาท • General Adult: 280 บาท แหล่งข้อมูล: https://esports.computing.ps,pipeline:multi_question_splitter,multi_question/multi_question_split,100.0,True,1.3794,0,,,
MB-1301-C-065,compound,compound,บุคคลทั่วไป เล่น Nintendo Switch 2 ชั่วโมง เสียกี่บาท แล้วจองยังไง,คำถามนี้มีหลายเรื่อง ขอแยกตอบเป็นข้อ ๆ: คำถามที่ 1: บุคคลทั่วไป เล่น Nintendo Switch 2 ชั่วโมง เสีย กี่บาท ราคา Nintendo Switch สำหรับกลุ่ม General Adult / บุคคลทั่วไป • Nintendo Switch 1-2 คน: 140 บาท • Nintendo Switch 3-4 คน: 280 บาท กลุ่มผู้ใช้ที่ตรวจเจอ: General Adult / บุคคลทั่วไป หมายเหตุ: คำถามยังไม่ระบุจำนวนผู้เล่น จึงแสดงทั้งราคา 1-2 คนและ 3-4 คน รายละเอียดจากตาราง: Nintendo Switch 1-2 คน 60 นาที (1 ชั่วโมง) • PSU Student and Staff: 0 บาท • PSU Alumni and General Student: 50 บาท • General Adult: 140 บาท Nintendo Switch 3-4 คน 60 นาที (1 ชั่วโมง) • PSU Student and Staff: 0 บาท • PSU Alumni and General Student: 100 บาท • General Adult: 280 บาท แหล่งข้อมูล: https://esports.computing.ps,pipeline:multi_question_splitter,multi_question/multi_question_split,100.0,True,1.4194,0,,,
MB-1302-C-066,compound,compound,นักศึกษา PSU เล่น Cockpit 30 นาที เสียกี่บาท แล้วจองยังไง,"คำถามนี้มีหลายเรื่อง ขอแยกตอบเป็นข้อ ๆ: คำถามที่ 1: นักศึกษา PSU เล่น Cockpit 30 นาที เสีย กี่บาท ระยะเวลาที่ถามคือ 30 นาที ใช้ 1 session ตามแพ็กเกจ Cockpit 60 นาที คำตอบราคา: 0 บาท สำหรับกลุ่ม PSU Student and Staff • คำนวณจาก 0 บาท/session x 1 session = 0 บาท กลุ่มผู้ใช้ที่ตรวจเจอ: PSU Student and Staff รายละเอียดจากตาราง: Cockpit 60 นาที (1 ชั่วโมง, 1 คน) • PSU Student and Staff: 0 บาท • PSU Alumni and General Student: 65 บาท • General Adult: 200 บาท แหล่งข้อมูล: https://esports.computing.psu.ac.th/wp-content/uploads/2026/01/PSU-Esports-Studio-phuket-SERVICE-FEE-2026.png คำถามที่ 2: จะเล่น นักศึกษา PSU เล่น Cockpit 30 นาที เสีย จองยังไง ขั้นตอนจองโดยสรุป: • เลือกบริการหรือโซนที่ต้องการใช้ ",pipeline:multi_question_splitter,multi_question/multi_question_split,100.0,True,1.1348,0,,,
MB-1303-C-067,compound,compound,นักศึกษา PSU เล่น Cockpit 1 ชั่วโมง เสียกี่บาท แล้วจองยังไง,"คำถามนี้มีหลายเรื่อง ขอแยกตอบเป็นข้อ ๆ: คำถามที่ 1: นักศึกษา PSU เล่น Cockpit 1 ชั่วโมง เสีย กี่บาท ระยะเวลาที่ถามคือ 1 ชั่วโมง ใช้ 1 session ตามแพ็กเกจ Cockpit 60 นาที คำตอบราคา: 0 บาท สำหรับกลุ่ม PSU Student and Staff • คำนวณจาก 0 บาท/session x 1 session = 0 บาท กลุ่มผู้ใช้ที่ตรวจเจอ: PSU Student and Staff รายละเอียดจากตาราง: Cockpit 60 นาที (1 ชั่วโมง, 1 คน) • PSU Student and Staff: 0 บาท • PSU Alumni and General Student: 65 บาท • General Adult: 200 บาท แหล่งข้อมูล: https://esports.computing.psu.ac.th/wp-content/uploads/2026/01/PSU-Esports-Studio-phuket-SERVICE-FEE-2026.png คำถามที่ 2: จะเล่น นักศึกษา PSU เล่น Cockpit 1 ชั่วโมง เสีย จองยังไง ขั้นตอนจองโดยสรุป: • เลือกบริการหรือโซนที่ต้องก",pipeline:multi_question_splitter,multi_question/multi_question_split,100.0,True,0.984,0,,,
MB-1304-C-068,compound,compound,นักศึกษา PSU เล่น Cockpit 2 ชั่วโมง เสียกี่บาท แล้วจองยังไง,"คำถามนี้มีหลายเรื่อง ขอแยกตอบเป็นข้อ ๆ: คำถามที่ 1: นักศึกษา PSU เล่น Cockpit 2 ชั่วโมง เสีย กี่บาท ระยะเวลาที่ถามคือ 2 ชั่วโมง ใช้ 2 session ตามแพ็กเกจ Cockpit 60 นาที คำตอบราคา: 0 บาท สำหรับกลุ่ม PSU Student and Staff • คำนวณจาก 0 บาท/session x 2 session = 0 บาท กลุ่มผู้ใช้ที่ตรวจเจอ: PSU Student and Staff รายละเอียดจากตาราง: Cockpit 60 นาที (1 ชั่วโมง, 1 คน) • PSU Student and Staff: 0 บาท • PSU Alumni and General Student: 65 บาท • General Adult: 200 บาท แหล่งข้อมูล: https://esports.computing.psu.ac.th/wp-content/uploads/2026/01/PSU-Esports-Studio-phuket-SERVICE-FEE-2026.png คำถามที่ 2: จะเล่น นักศึกษา PSU เล่น Cockpit 2 ชั่วโมง เสีย จองยังไง ขั้นตอนจองโดยสรุป: • เลือกบริการหรือโซนที่ต้องก",pipeline:multi_question_splitter,multi_question/multi_question_split,100.0,True,1.0029,0,,,
MB-1305-C-069,compound,compound,นักศึกษาต่างมหาลัย เล่น Cockpit 30 นาที เสียกี่บาท แล้วจองยังไง,"คำถามนี้มีหลายเรื่อง ขอแยกตอบเป็นข้อ ๆ: คำถามที่ 1: นักศึกษาต่างมหาลัย เล่น Cockpit 30 นาที เสีย กี่บาท ระยะเวลาที่ถามคือ 30 นาที ใช้ 1 session ตามแพ็กเกจ Cockpit 60 นาที คำตอบราคา: 65 บาท สำหรับกลุ่ม PSU Alumni and General Student / นักศึกษาหรือนักเรียนต่างสถาบัน • คำนวณจาก 65 บาท/session x 1 session = 65 บาท กลุ่มผู้ใช้ที่ตรวจเจอ: PSU Alumni and General Student / นักศึกษาหรือนักเรียนต่างสถาบัน / มหาลัยอื่น รายละเอียดจากตาราง: Cockpit 60 นาที (1 ชั่วโมง, 1 คน) • PSU Student and Staff: 0 บาท • PSU Alumni and General Student: 65 บาท • General Adult: 200 บาท แหล่งข้อมูล: https://esports.computing.psu.ac.th/wp-content/uploads/2026/01/PSU-Esports-Studio-phuket-SERVICE-FEE-2026.png คำถามที่ 2: จะ",pipeline:multi_question_splitter,multi_question/multi_question_split,100.0,True,1.0138,0,,,
MB-1306-C-070,compound,compound,นักศึกษาต่างมหาลัย เล่น Cockpit 1 ชั่วโมง เสียกี่บาท แล้วจองยังไง,"คำถามนี้มีหลายเรื่อง ขอแยกตอบเป็นข้อ ๆ: คำถามที่ 1: นักศึกษาต่างมหาลัย เล่น Cockpit 1 ชั่วโมง เสีย กี่บาท ระยะเวลาที่ถามคือ 1 ชั่วโมง ใช้ 1 session ตามแพ็กเกจ Cockpit 60 นาที คำตอบราคา: 65 บาท สำหรับกลุ่ม PSU Alumni and General Student / นักศึกษาหรือนักเรียนต่างสถาบัน • คำนวณจาก 65 บาท/session x 1 session = 65 บาท กลุ่มผู้ใช้ที่ตรวจเจอ: PSU Alumni and General Student / นักศึกษาหรือนักเรียนต่างสถาบัน / มหาลัยอื่น รายละเอียดจากตาราง: Cockpit 60 นาที (1 ชั่วโมง, 1 คน) • PSU Student and Staff: 0 บาท • PSU Alumni and General Student: 65 บาท • General Adult: 200 บาท แหล่งข้อมูล: https://esports.computing.psu.ac.th/wp-content/uploads/2026/01/PSU-Esports-Studio-phuket-SERVICE-FEE-2026.png คำถามที่ 2",pipeline:multi_question_splitter,multi_question/multi_question_split,100.0,True,0.9738,0,,,
MB-1307-C-071,compound,compound,นักศึกษาต่างมหาลัย เล่น Cockpit 2 ชั่วโมง เสียกี่บาท แล้วจองยังไง,"คำถามนี้มีหลายเรื่อง ขอแยกตอบเป็นข้อ ๆ: คำถามที่ 1: นักศึกษาต่างมหาลัย เล่น Cockpit 2 ชั่วโมง เสีย กี่บาท ระยะเวลาที่ถามคือ 2 ชั่วโมง ใช้ 2 session ตามแพ็กเกจ Cockpit 60 นาที คำตอบราคา: 130 บาท สำหรับกลุ่ม PSU Alumni and General Student / นักศึกษาหรือนักเรียนต่างสถาบัน • คำนวณจาก 65 บาท/session x 2 session = 130 บาท กลุ่มผู้ใช้ที่ตรวจเจอ: PSU Alumni and General Student / นักศึกษาหรือนักเรียนต่างสถาบัน / มหาลัยอื่น รายละเอียดจากตาราง: Cockpit 60 นาที (1 ชั่วโมง, 1 คน) • PSU Student and Staff: 0 บาท • PSU Alumni and General Student: 65 บาท • General Adult: 200 บาท แหล่งข้อมูล: https://esports.computing.psu.ac.th/wp-content/uploads/2026/01/PSU-Esports-Studio-phuket-SERVICE-FEE-2026.png คำถามที่",pipeline:multi_question_splitter,multi_question/multi_question_split,100.0,True,1.166,0,,,
MB-1308-C-072,compound,compound,บุคคลทั่วไป เล่น Cockpit 30 นาที เสียกี่บาท แล้วจองยังไง,"คำถามนี้มีหลายเรื่อง ขอแยกตอบเป็นข้อ ๆ: คำถามที่ 1: บุคคลทั่วไป เล่น Cockpit 30 นาที เสีย กี่บาท ระยะเวลาที่ถามคือ 30 นาที ใช้ 1 session ตามแพ็กเกจ Cockpit 60 นาที คำตอบราคา: 200 บาท สำหรับกลุ่ม General Adult / บุคคลทั่วไป • คำนวณจาก 200 บาท/session x 1 session = 200 บาท กลุ่มผู้ใช้ที่ตรวจเจอ: General Adult / บุคคลทั่วไป รายละเอียดจากตาราง: Cockpit 60 นาที (1 ชั่วโมง, 1 คน) • PSU Student and Staff: 0 บาท • PSU Alumni and General Student: 65 บาท • General Adult: 200 บาท แหล่งข้อมูล: https://esports.computing.psu.ac.th/wp-content/uploads/2026/01/PSU-Esports-Studio-phuket-SERVICE-FEE-2026.png คำถามที่ 2: จะเล่น บุคคลทั่วไป เล่น Cockpit 30 นาที เสีย จองยังไง ขั้นตอนจองโดยสรุป: • เลือกบริการหรือโ",pipeline:multi_question_splitter,multi_question/multi_question_split,100.0,True,0.9055,0,,,
MB-1309-C-073,compound,compound,บุคคลทั่วไป เล่น Cockpit 1 ชั่วโมง เสียกี่บาท แล้วจองยังไง,"คำถามนี้มีหลายเรื่อง ขอแยกตอบเป็นข้อ ๆ: คำถามที่ 1: บุคคลทั่วไป เล่น Cockpit 1 ชั่วโมง เสีย กี่บาท ระยะเวลาที่ถามคือ 1 ชั่วโมง ใช้ 1 session ตามแพ็กเกจ Cockpit 60 นาที คำตอบราคา: 200 บาท สำหรับกลุ่ม General Adult / บุคคลทั่วไป • คำนวณจาก 200 บาท/session x 1 session = 200 บาท กลุ่มผู้ใช้ที่ตรวจเจอ: General Adult / บุคคลทั่วไป รายละเอียดจากตาราง: Cockpit 60 นาที (1 ชั่วโมง, 1 คน) • PSU Student and Staff: 0 บาท • PSU Alumni and General Student: 65 บาท • General Adult: 200 บาท แหล่งข้อมูล: https://esports.computing.psu.ac.th/wp-content/uploads/2026/01/PSU-Esports-Studio-phuket-SERVICE-FEE-2026.png คำถามที่ 2: จะเล่น บุคคลทั่วไป เล่น Cockpit 1 ชั่วโมง เสีย จองยังไง ขั้นตอนจองโดยสรุป: • เลือกบริกา",pipeline:multi_question_splitter,multi_question/multi_question_split,100.0,True,0.9364,0,,,
MB-1310-C-074,compound,compound,บุคคลทั่วไป เล่น Cockpit 2 ชั่วโมง เสียกี่บาท แล้วจองยังไง,"คำถามนี้มีหลายเรื่อง ขอแยกตอบเป็นข้อ ๆ: คำถามที่ 1: บุคคลทั่วไป เล่น Cockpit 2 ชั่วโมง เสีย กี่บาท ระยะเวลาที่ถามคือ 2 ชั่วโมง ใช้ 2 session ตามแพ็กเกจ Cockpit 60 นาที คำตอบราคา: 400 บาท สำหรับกลุ่ม General Adult / บุคคลทั่วไป • คำนวณจาก 200 บาท/session x 2 session = 400 บาท กลุ่มผู้ใช้ที่ตรวจเจอ: General Adult / บุคคลทั่วไป รายละเอียดจากตาราง: Cockpit 60 นาที (1 ชั่วโมง, 1 คน) • PSU Student and Staff: 0 บาท • PSU Alumni and General Student: 65 บาท • General Adult: 200 บาท แหล่งข้อมูล: https://esports.computing.psu.ac.th/wp-content/uploads/2026/01/PSU-Esports-Studio-phuket-SERVICE-FEE-2026.png คำถามที่ 2: จะเล่น บุคคลทั่วไป เล่น Cockpit 2 ชั่วโมง เสีย จองยังไง ขั้นตอนจองโดยสรุป: • เลือกบริกา",pipeline:multi_question_splitter,multi_question/multi_question_split,100.0,True,0.9126,0,,,
MB-1311-C-075,compound,compound,นักศึกษา PSU เล่น VR 30 นาที เสียกี่บาท แล้วจองยังไง,คำถามนี้มีหลายเรื่อง ขอแยกตอบเป็นข้อ ๆ: คำถามที่ 1: นักศึกษา PSU เล่น VR 30 นาที เสีย กี่บาท ระยะเวลาที่ถามคือ 30 นาที ใช้ 1 session ตามแพ็กเกจ VR 30 นาที คำตอบราคา: 0 บาท สำหรับกลุ่ม PSU Student and Staff • คำนวณจาก 0 บาท/session x 1 session = 0 บาท กลุ่มผู้ใช้ที่ตรวจเจอ: PSU Student and Staff รายละเอียดจากตาราง: VR 30 นาที (1-5 คน) • PSU Student and Staff: 0 บาท • PSU Alumni and General Student: 190 บาท • General Adult: 525 บาท แหล่งข้อมูล: https://esports.computing.psu.ac.th/wp-content/uploads/2026/01/PSU-Esports-Studio-phuket-SERVICE-FEE-2026.png คำถามที่ 2: จะเล่น นักศึกษา PSU เล่น VR 30 นาที เสีย จองยังไง ขั้นตอนจองโดยสรุป: • เลือกบริการหรือโซนที่ต้องการใช้ • เลือกวันและรอบเวลาที่ต้องก,pipeline:multi_question_splitter,multi_question/multi_question_split,100.0,True,0.8314,0,,,
MB-1312-C-076,compound,compound,นักศึกษา PSU เล่น VR 1 ชั่วโมง เสียกี่บาท แล้วจองยังไง,"คำถามนี้มีหลายเรื่อง ขอแยกตอบเป็นข้อ ๆ: คำถามที่ 1: นักศึกษา PSU เล่น VR 1 ชั่วโมง เสีย กี่บาท ระยะเวลาที่ถามคือ 1 ชั่วโมง ใช้ 1 session ตามแพ็กเกจ VR 1 ชั่วโมง คำตอบราคา: 0 บาท สำหรับกลุ่ม PSU Student and Staff • คำนวณจาก 0 บาท/session x 1 session = 0 บาท กลุ่มผู้ใช้ที่ตรวจเจอ: PSU Student and Staff รายละเอียดจากตาราง: VR 1 ชั่วโมง (60 นาที, 1-5 คน) • PSU Student and Staff: 0 บาท • PSU Alumni and General Student: 375 บาท • General Adult: 1,050 บาท แหล่งข้อมูล: https://esports.computing.psu.ac.th/wp-content/uploads/2026/01/PSU-Esports-Studio-phuket-SERVICE-FEE-2026.png คำถามที่ 2: จะเล่น นักศึกษา PSU เล่น VR 1 ชั่วโมง เสีย จองยังไง ขั้นตอนจองโดยสรุป: • เลือกบริการหรือโซนที่ต้องการใช้ • เลือก",pipeline:multi_question_splitter,multi_question/multi_question_split,100.0,True,0.8802,0,,,
MB-1313-C-077,compound,compound,นักศึกษา PSU เล่น VR 2 ชั่วโมง เสียกี่บาท แล้วจองยังไง,"คำถามนี้มีหลายเรื่อง ขอแยกตอบเป็นข้อ ๆ: คำถามที่ 1: นักศึกษา PSU เล่น VR 2 ชั่วโมง เสีย กี่บาท ราคา VR สำหรับกลุ่ม PSU Student and Staff • VR 30 นาที: 0 บาท • VR 1 ชั่วโมง: 0 บาท กลุ่มผู้ใช้ที่ตรวจเจอ: PSU Student and Staff หมายเหตุ: คำถามยังไม่ระบุระยะเวลา จึงแสดงทั้งราคา 30 นาทีและ 1 ชั่วโมง รายละเอียดจากตาราง: VR 30 นาที (1-5 คน) • PSU Student and Staff: 0 บาท • PSU Alumni and General Student: 190 บาท • General Adult: 525 บาท VR 1 ชั่วโมง (60 นาที, 1-5 คน) • PSU Student and Staff: 0 บาท • PSU Alumni and General Student: 375 บาท • General Adult: 1,050 บาท แหล่งข้อมูล: https://esports.computing.psu.ac.th/wp-content/uploads/2026/01/PSU-Esports-Studio-phuket-SERVICE-FEE-2026.png คำถามที่ 2: จ",pipeline:multi_question_splitter,multi_question/multi_question_split,100.0,True,0.8293,0,,,
MB-1314-C-078,compound,compound,นักศึกษาต่างมหาลัย เล่น VR 30 นาที เสียกี่บาท แล้วจองยังไง,คำถามนี้มีหลายเรื่อง ขอแยกตอบเป็นข้อ ๆ: คำถามที่ 1: นักศึกษาต่างมหาลัย เล่น VR 30 นาที เสีย กี่บาท ระยะเวลาที่ถามคือ 30 นาที ใช้ 1 session ตามแพ็กเกจ VR 30 นาที คำตอบราคา: 190 บาท สำหรับกลุ่ม PSU Alumni and General Student / นักศึกษาหรือนักเรียนต่างสถาบัน • คำนวณจาก 190 บาท/session x 1 session = 190 บาท กลุ่มผู้ใช้ที่ตรวจเจอ: PSU Alumni and General Student / นักศึกษาหรือนักเรียนต่างสถาบัน / มหาลัยอื่น รายละเอียดจากตาราง: VR 30 นาที (1-5 คน) • PSU Student and Staff: 0 บาท • PSU Alumni and General Student: 190 บาท • General Adult: 525 บาท แหล่งข้อมูล: https://esports.computing.psu.ac.th/wp-content/uploads/2026/01/PSU-Esports-Studio-phuket-SERVICE-FEE-2026.png คำถามที่ 2: จะเล่น นักศึกษาต่างมหา,pipeline:multi_question_splitter,multi_question/multi_question_split,100.0,True,0.905,0,,,
MB-1315-C-079,compound,compound,นักศึกษาต่างมหาลัย เล่น VR 1 ชั่วโมง เสียกี่บาท แล้วจองยังไง,"คำถามนี้มีหลายเรื่อง ขอแยกตอบเป็นข้อ ๆ: คำถามที่ 1: นักศึกษาต่างมหาลัย เล่น VR 1 ชั่วโมง เสีย กี่บาท ระยะเวลาที่ถามคือ 1 ชั่วโมง ใช้ 1 session ตามแพ็กเกจ VR 1 ชั่วโมง คำตอบราคา: 375 บาท สำหรับกลุ่ม PSU Alumni and General Student / นักศึกษาหรือนักเรียนต่างสถาบัน • คำนวณจาก 375 บาท/session x 1 session = 375 บาท กลุ่มผู้ใช้ที่ตรวจเจอ: PSU Alumni and General Student / นักศึกษาหรือนักเรียนต่างสถาบัน / มหาลัยอื่น รายละเอียดจากตาราง: VR 1 ชั่วโมง (60 นาที, 1-5 คน) • PSU Student and Staff: 0 บาท • PSU Alumni and General Student: 375 บาท • General Adult: 1,050 บาท แหล่งข้อมูล: https://esports.computing.psu.ac.th/wp-content/uploads/2026/01/PSU-Esports-Studio-phuket-SERVICE-FEE-2026.png คำถามที่ 2: จะเ",pipeline:multi_question_splitter,multi_question/multi_question_split,100.0,True,0.8987,0,,,
MB-1316-C-080,compound,compound,นักศึกษาต่างมหาลัย เล่น VR 2 ชั่วโมง เสียกี่บาท แล้วจองยังไง,"คำถามนี้มีหลายเรื่อง ขอแยกตอบเป็นข้อ ๆ: คำถามที่ 1: นักศึกษาต่างมหาลัย เล่น VR 2 ชั่วโมง เสีย กี่บาท ราคา VR สำหรับกลุ่ม PSU Alumni and General Student / นักศึกษาหรือนักเรียนต่างสถาบัน • VR 30 นาที: 190 บาท • VR 1 ชั่วโมง: 375 บาท กลุ่มผู้ใช้ที่ตรวจเจอ: PSU Alumni and General Student / นักศึกษาหรือนักเรียนต่างสถาบัน / มหาลัยอื่น หมายเหตุ: คำถามยังไม่ระบุระยะเวลา จึงแสดงทั้งราคา 30 นาทีและ 1 ชั่วโมง รายละเอียดจากตาราง: VR 30 นาที (1-5 คน) • PSU Student and Staff: 0 บาท • PSU Alumni and General Student: 190 บาท • General Adult: 525 บาท VR 1 ชั่วโมง (60 นาที, 1-5 คน) • PSU Student and Staff: 0 บาท • PSU Alumni and General Student: 375 บาท • General Adult: 1,050 บาท แหล่งข้อมูล: https://esports.",pipeline:multi_question_splitter,multi_question/multi_question_split,100.0,True,0.9252,0,,,
MB-1317-C-081,compound,compound,บุคคลทั่วไป เล่น VR 30 นาที เสียกี่บาท แล้วจองยังไง,คำถามนี้มีหลายเรื่อง ขอแยกตอบเป็นข้อ ๆ: คำถามที่ 1: บุคคลทั่วไป เล่น VR 30 นาที เสีย กี่บาท ระยะเวลาที่ถามคือ 30 นาที ใช้ 1 session ตามแพ็กเกจ VR 30 นาที คำตอบราคา: 525 บาท สำหรับกลุ่ม General Adult / บุคคลทั่วไป • คำนวณจาก 525 บาท/session x 1 session = 525 บาท กลุ่มผู้ใช้ที่ตรวจเจอ: General Adult / บุคคลทั่วไป รายละเอียดจากตาราง: VR 30 นาที (1-5 คน) • PSU Student and Staff: 0 บาท • PSU Alumni and General Student: 190 บาท • General Adult: 525 บาท แหล่งข้อมูล: https://esports.computing.psu.ac.th/wp-content/uploads/2026/01/PSU-Esports-Studio-phuket-SERVICE-FEE-2026.png คำถามที่ 2: จะเล่น บุคคลทั่วไป เล่น VR 30 นาที เสีย จองยังไง ขั้นตอนจองโดยสรุป: • เลือกบริการหรือโซนที่ต้องการใช้ • เลือกวันแล,pipeline:multi_question_splitter,multi_question/multi_question_split,100.0,True,0.848,0,,,
MB-1318-C-082,compound,compound,บุคคลทั่วไป เล่น VR 1 ชั่วโมง เสียกี่บาท แล้วจองยังไง,"คำถามนี้มีหลายเรื่อง ขอแยกตอบเป็นข้อ ๆ: คำถามที่ 1: บุคคลทั่วไป เล่น VR 1 ชั่วโมง เสีย กี่บาท ระยะเวลาที่ถามคือ 1 ชั่วโมง ใช้ 1 session ตามแพ็กเกจ VR 1 ชั่วโมง คำตอบราคา: 1050 บาท สำหรับกลุ่ม General Adult / บุคคลทั่วไป • คำนวณจาก 1050 บาท/session x 1 session = 1050 บาท กลุ่มผู้ใช้ที่ตรวจเจอ: General Adult / บุคคลทั่วไป รายละเอียดจากตาราง: VR 1 ชั่วโมง (60 นาที, 1-5 คน) • PSU Student and Staff: 0 บาท • PSU Alumni and General Student: 375 บาท • General Adult: 1,050 บาท แหล่งข้อมูล: https://esports.computing.psu.ac.th/wp-content/uploads/2026/01/PSU-Esports-Studio-phuket-SERVICE-FEE-2026.png คำถามที่ 2: จะเล่น บุคคลทั่วไป เล่น VR 1 ชั่วโมง เสีย จองยังไง ขั้นตอนจองโดยสรุป: • เลือกบริการหรือโซนที",pipeline:multi_question_splitter,multi_question/multi_question_split,100.0,True,0.8447,0,,,
MB-1319-C-083,compound,compound,บุคคลทั่วไป เล่น VR 2 ชั่วโมง เสียกี่บาท แล้วจองยังไง,"คำถามนี้มีหลายเรื่อง ขอแยกตอบเป็นข้อ ๆ: คำถามที่ 1: บุคคลทั่วไป เล่น VR 2 ชั่วโมง เสีย กี่บาท ราคา VR สำหรับกลุ่ม General Adult / บุคคลทั่วไป • VR 30 นาที: 525 บาท • VR 1 ชั่วโมง: 1,050 บาท กลุ่มผู้ใช้ที่ตรวจเจอ: General Adult / บุคคลทั่วไป หมายเหตุ: คำถามยังไม่ระบุระยะเวลา จึงแสดงทั้งราคา 30 นาทีและ 1 ชั่วโมง รายละเอียดจากตาราง: VR 30 นาที (1-5 คน) • PSU Student and Staff: 0 บาท • PSU Alumni and General Student: 190 บาท • General Adult: 525 บาท VR 1 ชั่วโมง (60 นาที, 1-5 คน) • PSU Student and Staff: 0 บาท • PSU Alumni and General Student: 375 บาท • General Adult: 1,050 บาท แหล่งข้อมูล: https://esports.computing.psu.ac.th/wp-content/uploads/2026/01/PSU-Esports-Studio-phuket-SERVICE-FEE-2026.",pipeline:multi_question_splitter,multi_question/multi_question_split,100.0,True,0.8316,0,,,
MB-1320-C-084,compound,compound,VR 30 นาทีกับ VR 1 ชั่วโมงต่างกันยังไง แล้วจองยังไง,"คำถามนี้มีหลายเรื่อง ขอแยกตอบเป็นข้อ ๆ: คำถามที่ 1: VR 30 นาทีกับ VR 1 ชั่วโมงต่างกันยังไง ราคา VR 30 นาที กับ VR 1 ชั่วโมง ต่างกันดังนี้: • PSU Student and Staff: ราคาเท่ากันที่ 0 บาท (VR 30 นาที 0 บาท / VR 1 ชั่วโมง 0 บาท) • PSU Alumni and General Student / นักศึกษาหรือนักเรียนต่างสถาบัน: VR 1 ชั่วโมง แพงกว่า 185 บาท (VR 30 นาที 190 บาท / VR 1 ชั่วโมง 375 บาท) • General Adult / บุคคลทั่วไป: VR 1 ชั่วโมง แพงกว่า 525 บาท (VR 30 นาที 525 บาท / VR 1 ชั่วโมง 1,050 บาท) รายละเอียดจากตาราง: VR 30 นาที (1-5 คน) • PSU Student and Staff: 0 บาท • PSU Alumni and General Student: 190 บาท • General Adult: 525 บาท VR 1 ชั่วโมง (60 นาที, 1-5 คน) • PSU Student and Staff: 0 บาท • PSU Alumni and General Stud",pipeline:multi_question_splitter,multi_question/multi_question_split,100.0,True,0.577,0,,,
MB-1321-C-085,compound,compound,ถ้าเล่น PC 3 ชั่วโมง บุคคลทั่วไปต้องจ่ายเท่าไหร่ แล้วจองยังไง,คำถามนี้มีหลายเรื่อง ขอแยกตอบเป็นข้อ ๆ: คำถามที่ 1: ถ้าเล่น PC 3 ชั่วโมง บุคคลทั่วไปต้องจ่ายเท่าไหร่ ระยะเวลาที่ถามคือ 3 ชั่วโมง ใช้ 3 session ตามแพ็กเกจ PC 1 ชั่วโมง คำตอบราคา: 210 บาท สำหรับกลุ่ม General Adult / บุคคลทั่วไป • คำนวณจาก 70 บาท/session x 3 session = 210 บาท กลุ่มผู้ใช้ที่ตรวจเจอ: General Adult / บุคคลทั่วไป รายละเอียดจากตาราง: PC 1 ชั่วโมง (1 คน) • PSU Student and Staff: 0 บาท • PSU Alumni and General Student: 25 บาท • General Adult: 70 บาท หมายเหตุข้อมูล PC: ราคา PC เพิ่มจาก local service fee update 2026-07-27 แหล่งข้อมูล: https://esports.computing.psu.ac.th/wp-content/uploads/2026/01/PSU-Esports-Studio-phuket-SERVICE-FEE-2026.png คำถามที่ 2: จองยังไง ขั้นตอนจองโดยสรุป: • เล,pipeline:multi_question_splitter,multi_question/multi_question_split,100.0,True,0.4585,0,,,
MB-1322-C-086,compound,compound,ต่างมหาลัยเล่น Cockpit 2 ชั่วโมงกี่บาท แล้วจองยังไง,"คำถามนี้มีหลายเรื่อง ขอแยกตอบเป็นข้อ ๆ: คำถามที่ 1: ต่างมหาลัยเล่น Cockpit 2 ชั่วโมง กี่บาท ระยะเวลาที่ถามคือ 2 ชั่วโมง ใช้ 2 session ตามแพ็กเกจ Cockpit 60 นาที คำตอบราคา: 130 บาท สำหรับกลุ่ม PSU Alumni and General Student / นักศึกษาหรือนักเรียนต่างสถาบัน • คำนวณจาก 65 บาท/session x 2 session = 130 บาท กลุ่มผู้ใช้ที่ตรวจเจอ: PSU Alumni and General Student / นักศึกษาหรือนักเรียนต่างสถาบัน / มหาลัยอื่น รายละเอียดจากตาราง: Cockpit 60 นาที (1 ชั่วโมง, 1 คน) • PSU Student and Staff: 0 บาท • PSU Alumni and General Student: 65 บาท • General Adult: 200 บาท แหล่งข้อมูล: https://esports.computing.psu.ac.th/wp-content/uploads/2026/01/PSU-Esports-Studio-phuket-SERVICE-FEE-2026.png คำถามที่ 2: จะเล่น ต่า",pipeline:multi_question_splitter,multi_question/multi_question_split,100.0,True,0.7617,0,,,
MB-1323-C-087,compound,compound,เด็ก ม.อ. เล่น Nintendo 4 คนเสียเงินไหม แล้วจองยังไง,"คำถามนี้มีหลายเรื่อง ขอแยกตอบเป็นข้อ ๆ: คำถามที่ 1: เด็ก ม.อ. เล่น Nintendo 4 คนเสียเงินไหม ราคา 0 บาท สำหรับกลุ่ม PSU Student and Staff • Nintendo Switch 3-4 คน 60 นาที: 0 บาท กลุ่มผู้ใช้ที่ตรวจเจอ: PSU Student and Staff รายละเอียดจากตาราง: Nintendo Switch 3-4 คน 60 นาที (1 ชั่วโมง) • PSU Student and Staff: 0 บาท • PSU Alumni and General Student: 100 บาท • General Adult: 280 บาท แหล่งข้อมูล: https://esports.computing.psu.ac.th/wp-content/uploads/2026/01/PSU-Esports-Studio-phuket-SERVICE-FEE-2026.png คำถามที่ 2: จองยังไง ขั้นตอนจองโดยสรุป: • เลือกบริการหรือโซนที่ต้องการใช้ • เลือกวันและรอบเวลาที่ต้องการ • กรอก Student ID/Staff ID/National ID, ชื่อ, นามสกุล, อีเมล และเบอร์โทรศัพท์ • ตรวจสอบข้",pipeline:multi_question_splitter,multi_question/multi_question_split,100.0,True,0.4535,0,,,
MB-1324-C-088,compound,compound,General Adult เล่น VR 1 ชั่วโมงกี่บาท แล้วจองยังไง,"คำถามนี้มีหลายเรื่อง ขอแยกตอบเป็นข้อ ๆ: คำถามที่ 1: General Adult เล่น VR 1 ชั่วโมง กี่บาท ระยะเวลาที่ถามคือ 1 ชั่วโมง ใช้ 1 session ตามแพ็กเกจ VR 1 ชั่วโมง ยังไม่ทราบกลุ่มผู้ใช้ จึงแสดงราคาทุกกลุ่มให้เทียบก่อน: • PSU Student and Staff: 0 บาท/session x 1 = 0 บาท • PSU Alumni and General Student / นักศึกษาหรือนักเรียนต่างสถาบัน: 375 บาท/session x 1 = 375 บาท • General Adult / บุคคลทั่วไป: 1050 บาท/session x 1 = 1050 บาท รายละเอียดจากตาราง: VR 1 ชั่วโมง (60 นาที, 1-5 คน) • PSU Student and Staff: 0 บาท • PSU Alumni and General Student: 375 บาท • General Adult: 1,050 บาท แหล่งข้อมูล: https://esports.computing.psu.ac.th/wp-content/uploads/2026/01/PSU-Esports-Studio-phuket-SERVICE-FEE-2026.png คำถ",pipeline:multi_question_splitter,multi_question/multi_question_split,100.0,True,0.7669,0,,,
MB-1325-C-089,compound,compound,PSU Staff เล่น PC ต้องเสียเงินไหม แล้วจองยังไง,"คำถามนี้มีหลายเรื่อง ขอแยกตอบเป็นข้อ ๆ: คำถามที่ 1: PSU Staff เล่น PC ต้องเสียเงินไหม ราคา PC 1 ชั่วโมง สำหรับ PSU Student and Staff: 0 บาท กลุ่มผู้ใช้ที่ตรวจเจอ: PSU Student and Staff หมายเหตุข้อมูล PC: ราคา PC เพิ่มจาก local service fee update 2026-07-27 แหล่งข้อมูล: https://esports.computing.psu.ac.th/wp-content/uploads/2026/01/PSU-Esports-Studio-phuket-SERVICE-FEE-2026.png คำถามที่ 2: จองยังไง ขั้นตอนจองโดยสรุป: • เลือกบริการหรือโซนที่ต้องการใช้ • เลือกวันและรอบเวลาที่ต้องการ • กรอก Student ID/Staff ID/National ID, ชื่อ, นามสกุล, อีเมล และเบอร์โทรศัพท์ • ตรวจสอบข้อมูลและชำระเงินโดยโอนเข้าบัญชีที่ระบบแจ้ง • หลังจองต้องชำระเงินภายใน 10 นาที • แนบสลิปและยืนยันการจอง แหล่งข้อมูล: https://esp",pipeline:multi_question_splitter,multi_question/multi_question_split,100.0,True,0.4404,0,,,
