id,group,quality_bucket,question,answer_preview,mode,route,score,passed,wall_sec,llm_call_count,llm_kinds,errors,warnings
MB-0460-R-001,reservation,psu_fact,จองยังไง,"ขั้นตอนจองโดยสรุป: • เลือกบริการหรือโซนที่ต้องการใช้ • เลือกวันและรอบเวลาที่ต้องการ • กรอก Student ID/Staff ID/National ID, ชื่อ, นามสกุล, อีเมล และเบอร์โทรศัพท์ • ตรวจสอบข้อมูลและชำระเงินโดยโอนเข้าบัญชีที่ระบบแจ้ง • หลังจองต้องชำระเงินภายใน 10 นาที • แนบสลิปและยืนยันการจอง แหล่งข้อมูล: https://esports.computing.psu.ac.th/",pipeline:structured_reservation_fact,reservation/booking_policy,100.0,True,1.678,0,,,
MB-0461-R-002,reservation,psu_fact,สรุปขั้นตอนจองให้หน่อย,"ขั้นตอนจองโดยสรุป: • เลือกบริการหรือโซนที่ต้องการใช้ • เลือกวันและรอบเวลาที่ต้องการ • กรอก Student ID/Staff ID/National ID, ชื่อ, นามสกุล, อีเมล และเบอร์โทรศัพท์ • ตรวจสอบข้อมูลและชำระเงินโดยโอนเข้าบัญชีที่ระบบแจ้ง • หลังจองต้องชำระเงินภายใน 10 นาที • แนบสลิปและยืนยันการจอง แหล่งข้อมูล: https://esports.computing.psu.ac.th/",pipeline:structured_reservation_fact,reservation/booking_policy,100.0,True,5.0299,0,,,
MB-0462-R-003,reservation,psu_fact,จอง PS5 ต้องทำยังไง,จอง PlayStation 5 ต้องเลือกบริการ PlayStation 5 และเลือกรอบเวลาที่ต้องการครับ • ข้อมูลค่าบริการที่มีระบุ PlayStation 5 ต่อ 60 นาที สำหรับ 1-2 คน • จากนั้นกรอกข้อมูลผู้ใช้บริการ ชำระเงิน และแนบสลิปเพื่อยืนยันการจอง แหล่งข้อมูล: https://esports.computing.psu.ac.th/,pipeline:structured_booking_selection,reservation/booking_policy,100.0,True,1.8762,0,,,
MB-0463-R-004,reservation,psu_fact,จอง Nintendo Switch ต้องทำยังไง,จอง Nintendo Switch ต้องเลือกบริการตามจำนวนผู้เล่นครับ • ถ้าเล่น 1-2 คน ให้เลือก Nintendo Switch แบบ 1-2 Persons • ถ้าเล่น 3-4 คน ให้เลือก Nintendo Switch แบบ 3-4 Persons • จากนั้นเลือกวัน รอบเวลา กรอกข้อมูลผู้ใช้บริการ ชำระเงิน และแนบสลิปเพื่อยืนยันการจอง แหล่งข้อมูล: https://esports.computing.psu.ac.th/,pipeline:structured_booking_selection,reservation/booking_policy,100.0,True,2.9642,0,,,
MB-0464-R-005,reservation,psu_fact,จอง VR ต้องทำยังไง,จองคิวเล่นเกม/ใช้อุปกรณ์ได้ผ่านระบบจองออนไลน์ครับ ถ้าต้องการจอง VR ให้เลือกบริการ VR Station และเลือกรอบ 30 นาทีหรือ 1 ชั่วโมงตามที่ระบบมีให้เลือก ขั้นตอนโดยสรุปคือ 1) เลือกบริการหรือโซนที่ต้องการใช้ 2) เลือกวันและรอบเวลา 3) กรอก Student ID/Staff ID/National ID ชื่อ นามสกุล อีเมล และเบอร์โทรศัพท์ 4) ตรวจสอบข้อมูลและชำระเงินโดยโอนเข้าบัญชีที่ระบบแจ้ง 5) แนบสลิปและยืนยันการจอง ต้องจองล่วงหน้าอย่างน้อย 1 ชั่วโมง และหลังจองต้องชำระเงินภายใน 10 นาทีครับ แหล่งข้อมูล: https://esports.computing.psu.ac.th/reservation,pipeline:booking_howto_fast_path,reservation/booking_policy,100.0,True,1.3718,0,,,
MB-0465-R-006,reservation,psu_fact,จอง Cockpit ต้องทำยังไง,ถ้าอยากเล่นเกมขับรถหรือใช้พวงมาลัย ให้จอง Cockpit Zone / Cockpit ครับ • โซนนี้ใช้กับชุด Racezone Full Cockpit V3 และ Logitech G923 TRUEFORCE Racing Wheel • เกมที่ยืนยันได้คือ Gran Turismo 7 แหล่งข้อมูล: https://esports.computing.psu.ac.th/,pipeline:structured_booking_selection,reservation/booking_policy,100.0,True,2.0228,0,,,
MB-0466-R-007,reservation,psu_fact,จอง PC ต้องทำยังไง,"สำหรับ PC ให้เลือกบริการ/โซน PC ในระบบจอง แล้วทำตามขั้นตอนนี้ครับ ขั้นตอนจองโดยสรุป: • เลือกบริการหรือโซนที่ต้องการใช้ • เลือกวันและรอบเวลาที่ต้องการ • กรอก Student ID/Staff ID/National ID, ชื่อ, นามสกุล, อีเมล และเบอร์โทรศัพท์ • ตรวจสอบข้อมูลและชำระเงินโดยโอนเข้าบัญชีที่ระบบแจ้ง • หลังจองต้องชำระเงินภายใน 10 นาที • แนบสลิปและยืนยันการจอง แหล่งข้อมูล: https://esports.computing.psu.ac.th/",pipeline:structured_reservation_fact,reservation/booking_policy,100.0,True,2.9195,0,,,
MB-0467-R-008,reservation,psu_fact,ต้องจองล่วงหน้ากี่ชั่วโมง,ต้องจองล่วงหน้าผ่านระบบออนไลน์ก่อนเวลาใช้งานอย่างน้อย 1 ชั่วโมง แหล่งข้อมูล: https://esports.computing.psu.ac.th/,pipeline:structured_reservation_fact,reservation/booking_policy,100.0,True,3.9392,0,,,
MB-0468-R-009,reservation,psu_fact,จองได้สูงสุดกี่ session,การจอง 1 ครั้งสามารถจองได้สูงสุด 3 Sessions สำหรับ PlayStation 5: 1 session = 1 ชั่วโมง ดังนั้น 3 sessions = สูงสุด 3 ชั่วโมงต่อการจอง 1 ครั้ง แหล่งข้อมูล: https://esports.computing.psu.ac.th/,pipeline:structured_reservation_fact,reservation/booking_policy,100.0,True,3.17,0,,,
MB-0469-R-010,reservation,psu_fact,หลังจองต้องจ่ายภายในกี่นาที,หลังจองต้องชำระเงินทันที หากไม่ชำระภายใน 10 นาที การจองจะถูกยกเลิกและต้องจองใหม่ แหล่งข้อมูล: https://esports.computing.psu.ac.th/,pipeline:structured_reservation_fact,reservation/booking_policy,100.0,True,2.805,0,,,
MB-0470-R-011,reservation,psu_fact,จองแล้วแก้ไขได้ไหม,เมื่อกดจองแล้วจะไม่สามารถแก้ไขข้อมูลได้ หากต้องการแก้ไขต้องยกเลิกผ่านอีเมลก่อนเวลาใช้งานอย่างน้อย 1 ชั่วโมง แล้วจองใหม่ พร้อมแนบสลิปการโอนเงินเดิม แหล่งข้อมูล: https://esports.computing.psu.ac.th/reservation,pipeline:booking_fast_path,reservation/how_to,100.0,True,3.1067,0,,,
MB-0471-R-012,reservation,psu_fact,จองแล้วโอนสิทธิ์ให้เพื่อนได้ไหม,ไม่สามารถโอนสิทธิ์การจองให้ผู้อื่นได้ แหล่งข้อมูล: https://esports.computing.psu.ac.th/,pipeline:structured_reservation_fact,reservation/booking_policy,100.0,True,9.7302,0,,,
MB-0472-R-013,reservation,psu_fact,เช็คอินล่วงหน้าได้กี่นาที,"เช็คอินได้ล่วงหน้าสูงสุด 30 นาที หรือ 1,800 วินาที และต้องเช็คอินก่อนเวลาเริ่มต้นของรอบที่จอง แหล่งข้อมูล: https://esports.computing.psu.ac.th/reservation",pipeline:checkin_fast_path,reservation/count,100.0,True,2.6073,0,,,
MB-0473-R-014,reservation,psu_fact,ถ้ายกเลิกต้องทำยังไง,"ขั้นตอนจองโดยสรุป: • เลือกบริการหรือโซนที่ต้องการใช้ • เลือกวันและรอบเวลาที่ต้องการ • กรอก Student ID/Staff ID/National ID, ชื่อ, นามสกุล, อีเมล และเบอร์โทรศัพท์ • ตรวจสอบข้อมูลและชำระเงินโดยโอนเข้าบัญชีที่ระบบแจ้ง • หลังจองต้องชำระเงินภายใน 10 นาที • แนบสลิปและยืนยันการจอง แหล่งข้อมูล: https://esports.computing.psu.ac.th/",pipeline:structured_reservation_fact,reservation/booking_policy,100.0,True,1.7316,0,,,
MB-0474-R-015,reservation,psu_fact,ถ้าไปช้าจะเป็นอะไรไหม,ถ้าไม่เช็คอินก่อนเวลาเริ่มต้นของรอบ ระบบจะยกเลิกการจองทันที และไม่มีการคืนเงิน แหล่งข้อมูล: https://esports.computing.psu.ac.th/,pipeline:structured_reservation_fact,reservation/booking_policy,100.0,True,1.9487,0,,,
MB-0475-R-016,reservation,psu_fact,walk in ได้ไหม,ผู้ใช้งานต้องจองล่วงหน้าผ่านระบบออนไลน์ก่อนเวลาใช้งานอย่างน้อย 1 ชั่วโมง จึงไม่ควร walk in โดยไม่จองก่อน แหล่งข้อมูล: https://esports.computing.psu.ac.th/,pipeline:structured_reservation_fact,reservation/booking_policy,100.0,True,0.5949,0,,,
MB-0476-R-017,reservation,psu_fact,ต้องแนบสลิปไหม,ตอนจองต้องกรอก Student ID/Staff ID/National ID ชื่อ นามสกุล อีเมล เบอร์โทรศัพท์ และชำระโดยโอนเงินพร้อมแนบสลิป แหล่งข้อมูล: https://esports.computing.psu.ac.th/reservation,pipeline:mixed_reservation_fast,reservation/competition_rules_lookup,100.0,True,0.89,0,,,
MB-0477-R-018,reservation,psu_fact,จองแล้วไม่สามารถยกเลิกได้ใช่ไหม,เมื่อกดจองแล้วจะไม่สามารถแก้ไขข้อมูลได้ หากต้องการแก้ไขต้องยกเลิกการจองผ่านทางอีเมลก่อนเวลาใช้งานอย่างน้อย 1 ชั่วโมง แล้วจองใหม่อีกครั้ง พร้อมแนบสลิปการโอนเงินเดิม แหล่งข้อมูล: https://esports.computing.psu.ac.th/,pipeline:rag_direct_curated,reservation/how_to,100.0,True,10.1668,0,,,
MB-0478-R-019,reservation,psu_fact,ถ้าจองผิดข้อมูลต้องทำยังไง,"ขั้นตอนจองโดยสรุป: • เลือกบริการหรือโซนที่ต้องการใช้ • เลือกวันและรอบเวลาที่ต้องการ • กรอก Student ID/Staff ID/National ID, ชื่อ, นามสกุล, อีเมล และเบอร์โทรศัพท์ • ตรวจสอบข้อมูลและชำระเงินโดยโอนเข้าบัญชีที่ระบบแจ้ง • หลังจองต้องชำระเงินภายใน 10 นาที • แนบสลิปและยืนยันการจอง แหล่งข้อมูล: https://esports.computing.psu.ac.th/",pipeline:structured_reservation_fact,reservation/booking_policy,100.0,True,6.9187,0,,,
MB-0479-R-020,reservation,psu_fact,จ่ายเงินผ่านช่องทางไหน,ชำระเงินโดยโอนผ่านธนาคารไทยพาณิชย์ ชื่อบัญชี PSU Esports Studio - Phuket เลขบัญชี 795-276244-1 และต้องแนบสลิปการโอนเงิน แหล่งข้อมูล: https://esports.computing.psu.ac.th/,pipeline:structured_reservation_fact,reservation/booking_policy,100.0,True,1.7888,0,,,
MB-0480-S-001,schedule,psu_fact,เปิดกี่โมง,"เวลาบริการตามตารางคือ Morning 09:00-12:00 และ Afternoon 13:00-16:00 รายละเอียดจากตาราง: • วันจันทร์: Morning 09:00-12:00 = maintenance, Afternoon 13:00-16:00 = open • วันอังคาร: Morning 09:00-12:00 = open, Afternoon 13:00-16:00 = open • วันพุธ: Morning 09:00-12:00 = open, Afternoon 13:00-16:00 = open • วันพฤหัสบดี: Morning 09:00-12:00 = open, Afternoon 13:00-16:00 = open • วันศุกร์: Morning 09:00-12:00 = open, Afternoon 13:00-16:00 = maintenance แหล่งข้อมูล: https://esports.computing.psu.ac.th/",pipeline:structured_schedule,schedule/schedule_query,100.0,True,0.31,0,,,
MB-0481-S-002,schedule,psu_fact,ปิดกี่โมง,"เวลาบริการตามตารางคือ Morning 09:00-12:00 และ Afternoon 13:00-16:00 รายละเอียดจากตาราง: • วันจันทร์: Morning 09:00-12:00 = maintenance, Afternoon 13:00-16:00 = open • วันอังคาร: Morning 09:00-12:00 = open, Afternoon 13:00-16:00 = open • วันพุธ: Morning 09:00-12:00 = open, Afternoon 13:00-16:00 = open • วันพฤหัสบดี: Morning 09:00-12:00 = open, Afternoon 13:00-16:00 = open • วันศุกร์: Morning 09:00-12:00 = open, Afternoon 13:00-16:00 = maintenance แหล่งข้อมูล: https://esports.computing.psu.ac.th/",pipeline:structured_schedule,schedule/schedule_query,100.0,True,0.151,0,,,
MB-0482-S-003,schedule,psu_fact,วันนี้เปิดไหม,วันนี้ 03/08/2026 (วันจันทร์): วันจันทร์เปิดให้เล่นช่วง 13:00-16:00 ส่วนช่วงเช้า 09:00-12:00 เป็น Maintenance* วันที่อ้างอิงของระบบ: วันนี้คือ 03/08/2026 (วันจันทร์) ตามเวลาไทย ปฏิทินไทยของวันที่นี้: ไม่พบวันหยุดไทยหรือเทศกาลในปฏิทินที่บันทึกไว้สำหรับวันที่นี้ รายละเอียดจากตาราง: • วันจันทร์ช่วงเช้า 09:00-12:00 เป็น Maintenance* และเปิดช่วงบ่าย 13:00-16:00 • วันอังคาร-พฤหัสบดีเปิด 09:00-12:00 และ 13:00-16:00 • วันศุกร์เปิดช่วงเช้า 09:00-12:00 และช่วงบ่าย 13:00-16:00 เป็น Maintenance • วันหยุดราชการ/วันปิดพิเศษในไฟล์ปฏิทินจะมีผลก่อนตารางปกติ แหล่งข้อมูลตารางบริการ: https://esports.computing.psu.ac.th/reservation,pipeline:calendar_schedule_fast_path,schedule/schedule_query,100.0,True,1.1743,0,,,
MB-0483-S-004,schedule,psu_fact,วันจันทร์เปิดกี่โมง,"วันจันทร์: เปิดให้เล่นช่วง 13:00-16:00 ส่วน 09:00-12:00 เป็น Maintenance* รายละเอียดจากตาราง: • วันจันทร์: Morning 09:00-12:00 = maintenance, Afternoon 13:00-16:00 = open แหล่งข้อมูล: https://esports.computing.psu.ac.th/",pipeline:structured_schedule,schedule/schedule_query,100.0,True,0.2329,0,,,
MB-0484-S-005,schedule,psu_fact,วันอาทิตย์เปิดไหม,"เวลาบริการตามตารางคือ Morning 09:00-12:00 และ Afternoon 13:00-16:00 รายละเอียดจากตาราง: • วันจันทร์: Morning 09:00-12:00 = maintenance, Afternoon 13:00-16:00 = open • วันอังคาร: Morning 09:00-12:00 = open, Afternoon 13:00-16:00 = open • วันพุธ: Morning 09:00-12:00 = open, Afternoon 13:00-16:00 = open • วันพฤหัสบดี: Morning 09:00-12:00 = open, Afternoon 13:00-16:00 = open • วันศุกร์: Morning 09:00-12:00 = open, Afternoon 13:00-16:00 = maintenance แหล่งข้อมูล: https://esports.computing.psu.ac.th/",pipeline:structured_schedule,schedule/schedule_query,100.0,True,0.2202,0,,,
MB-0485-S-006,schedule,psu_fact,ช่วงเช้าเล่นได้ไหม,"รอบเช้า Morning คือ 09:00-12:00 แต่วันจันทร์ช่วงนี้เป็น Maintenance* รายละเอียดจากตาราง: • วันจันทร์: Morning 09:00-12:00 = maintenance, Afternoon 13:00-16:00 = open • วันอังคาร: Morning 09:00-12:00 = open, Afternoon 13:00-16:00 = open • วันพุธ: Morning 09:00-12:00 = open, Afternoon 13:00-16:00 = open • วันพฤหัสบดี: Morning 09:00-12:00 = open, Afternoon 13:00-16:00 = open • วันศุกร์: Morning 09:00-12:00 = open, Afternoon 13:00-16:00 = maintenance แหล่งข้อมูล: https://esports.computing.psu.ac.th/",pipeline:structured_schedule,schedule/schedule_query,100.0,True,0.215,0,,,
MB-0486-S-007,schedule,psu_fact,ตอนเย็นเปิดถึงกี่โมง,"เวลาบริการตามตารางคือ Morning 09:00-12:00 และ Afternoon 13:00-16:00 รายละเอียดจากตาราง: • วันจันทร์: Morning 09:00-12:00 = maintenance, Afternoon 13:00-16:00 = open • วันอังคาร: Morning 09:00-12:00 = open, Afternoon 13:00-16:00 = open • วันพุธ: Morning 09:00-12:00 = open, Afternoon 13:00-16:00 = open • วันพฤหัสบดี: Morning 09:00-12:00 = open, Afternoon 13:00-16:00 = open • วันศุกร์: Morning 09:00-12:00 = open, Afternoon 13:00-16:00 = maintenance แหล่งข้อมูล: https://esports.computing.psu.ac.th/",pipeline:structured_schedule,schedule/schedule_query,100.0,True,0.2035,0,,,
MB-0487-S-008,schedule,psu_fact,พรุ่งนี้เปิดไหม,พรุ่งนี้ 04/08/2026 (วันอังคาร): วันอังคารเปิดให้เล่น 09:00-12:00 และ 13:00-16:00 วันที่อ้างอิงของระบบ: วันนี้คือ 03/08/2026 (วันจันทร์) ตามเวลาไทย ปฏิทินไทยของวันที่นี้: ไม่พบวันหยุดไทยหรือเทศกาลในปฏิทินที่บันทึกไว้สำหรับวันที่นี้ รายละเอียดจากตาราง: • วันจันทร์ช่วงเช้า 09:00-12:00 เป็น Maintenance* และเปิดช่วงบ่าย 13:00-16:00 • วันอังคาร-พฤหัสบดีเปิด 09:00-12:00 และ 13:00-16:00 • วันศุกร์เปิดช่วงเช้า 09:00-12:00 และช่วงบ่าย 13:00-16:00 เป็น Maintenance • วันหยุดราชการ/วันปิดพิเศษในไฟล์ปฏิทินจะมีผลก่อนตารางปกติ แหล่งข้อมูลตารางบริการ: https://esports.computing.psu.ac.th/reservation,pipeline:calendar_schedule_fast_path,schedule/schedule_query,100.0,True,1.4249,0,,,
MB-0488-S-009,schedule,psu_fact,วันหยุดเปิดไหม,วันหยุดไทย/เทศกาลถัดไปที่มีในปฏิทิน: • 12/08/2026 (วันพุธ): วันแม่แห่งชาติ / วันเฉลิมพระชนมพรรษาสมเด็จพระบรมราชชนนีพันปีหลวง (national_holiday) • 24/09/2026 (วันพฤหัสบดี): วันมหิดล (observance) • 13/10/2026 (วันอังคาร): วันนวมินทรมหาราช (national_holiday) • 16/10/2026 (วันศุกร์): วันหยุดพิเศษของสถาบันการเงินในกรุงเทพฯ (bank_holiday_bangkok) • 23/10/2026 (วันศุกร์): วันปิยมหาราช (national_holiday) หมายเหตุ: รายการนี้เป็นข้อมูลปฏิทินไทยประกอบ ไม่ได้แปลว่าศูนย์ปิดโดยอัตโนมัติ แหล่งข้อมูลปฏิทินไทย: https://www.timeanddate.com/holidays/thailand,pipeline:calendar_upcoming_holidays_fast_path,schedule/schedule_query,100.0,True,1.7672,0,,,
MB-0489-S-010,schedule,psu_fact,ตารางเวลาให้บริการเป็นยังไง,"เวลาบริการตามตารางคือ Morning 09:00-12:00 และ Afternoon 13:00-16:00 รายละเอียดจากตาราง: • วันจันทร์: Morning 09:00-12:00 = maintenance, Afternoon 13:00-16:00 = open • วันอังคาร: Morning 09:00-12:00 = open, Afternoon 13:00-16:00 = open • วันพุธ: Morning 09:00-12:00 = open, Afternoon 13:00-16:00 = open • วันพฤหัสบดี: Morning 09:00-12:00 = open, Afternoon 13:00-16:00 = open • วันศุกร์: Morning 09:00-12:00 = open, Afternoon 13:00-16:00 = maintenance แหล่งข้อมูล: https://esports.computing.psu.ac.th/",pipeline:structured_schedule,schedule/schedule_query,100.0,True,0.3095,0,,,
MB-0490-M-001,members,psu_fact,สมาชิกมีใครบ้าง,สมาชิกจากหน้า Members แยกตามหมวด รวม 25 คน: Members (7 คน): • ผศ.ดร.นิวัติ แก้วประดับ: อธิการบดี • รศ.ดร.พันธ์ ทองชุมนุม: รองอธิการบดี • รศ.ดร.อซีส นันทอมรพงศ์: คณบดี • ผศ.ดร.ณัฐพงศ์ ทองเทพ: ผู้ช่วยอธิการบดีฝ่ายวิชาการ • นายพฤทธิ์ เกษตรสมบูรณ์: นักวิชาการคอมพิวเตอร์ • นายณัฐวัฒน์ นิธิคุณานนต์: นักวิชาการคอมพิวเตอร์ • นายชนะชัย สิริพันธ์วราภรณ์: ผู้จัดการ cooperative education and Internship student (5 คน): • นายณภัทร เชื้อเหล่าวานิช: นักศึกษาสหกิจ Game and 3D Developer • Mr. Amine Abidellaoui: Internship Student • นายสุพศิน อะนะฝรั่ง: นักศึกษาสหกิจ Web & AI Developer • Mr. Yanis Igoudjil: Internship Student • นายภาสวุฒิ ชูติประชากิจ: นักศึกษาฝึกงานโครงการ Super AI SS6 ตำแหน่ง AI Chat Bot Dev,pipeline:structured_members_group_list,overview/list,100.0,True,0.2916,0,,,
MB-0491-M-002,members,psu_fact,สมาชิก PSU Esports มีกี่คน,สมาชิกในหน้า Members แบ่งเป็น 3 หมวดครับ • Members: 7 คน • cooperative education and Internship student: 5 คน • PSU Phuket Esports Club - PSU Phuket: 13 คน รวมทั้งหมด 25 คน แหล่งข้อมูล: https://esports.phuket.psu.ac.th/about-us/Members,pipeline:structured_members_group_count,overview/group_count,100.0,True,0.6218,0,,,
MB-0492-M-003,members,psu_fact,สมาชิกแบ่งเป็นกี่หมวด,สมาชิกในหน้า Members แบ่งเป็น 3 หมวดครับ • Members: 7 คน • cooperative education and Internship student: 5 คน • PSU Phuket Esports Club - PSU Phuket: 13 คน รวมทั้งหมด 25 คน แหล่งข้อมูล: https://esports.phuket.psu.ac.th/about-us/Members,pipeline:structured_members_group_count,overview/group_count,100.0,True,0.2771,0,,,
MB-0493-M-004,members,psu_fact,แต่ละหมวดมีใครบ้าง,สมาชิกจากหน้า Members แยกตามหมวด รวม 25 คน: Members (7 คน): • ผศ.ดร.นิวัติ แก้วประดับ: อธิการบดี • รศ.ดร.พันธ์ ทองชุมนุม: รองอธิการบดี • รศ.ดร.อซีส นันทอมรพงศ์: คณบดี • ผศ.ดร.ณัฐพงศ์ ทองเทพ: ผู้ช่วยอธิการบดีฝ่ายวิชาการ • นายพฤทธิ์ เกษตรสมบูรณ์: นักวิชาการคอมพิวเตอร์ • นายณัฐวัฒน์ นิธิคุณานนต์: นักวิชาการคอมพิวเตอร์ • นายชนะชัย สิริพันธ์วราภรณ์: ผู้จัดการ cooperative education and Internship student (5 คน): • นายณภัทร เชื้อเหล่าวานิช: นักศึกษาสหกิจ Game and 3D Developer • Mr. Amine Abidellaoui: Internship Student • นายสุพศิน อะนะฝรั่ง: นักศึกษาสหกิจ Web & AI Developer • Mr. Yanis Igoudjil: Internship Student • นายภาสวุฒิ ชูติประชากิจ: นักศึกษาฝึกงานโครงการ Super AI SS6 ตำแหน่ง AI Chat Bot Dev,pipeline:structured_members_group_list,overview/list,100.0,True,0.2358,0,,,
MB-0494-M-005,members,psu_fact,cooperative education มีใครบ้าง,"สมาชิกในหมวด cooperative education and Internship student: cooperative education and Internship student (5 คน): • นายณภัทร เชื้อเหล่าวานิช: นักศึกษาสหกิจ Game and 3D Developer (วิทยาลัยการคอมพิวเตอร์ มหาวิทยาลัยสงขลานครินทร์ วิทยาเขตภูเก็ต; ระยะเวลา: 6/1/2025 - 30/4/2025) • Mr. Amine Abidellaoui: Internship Student (High School Bristol Cannes, France; ระยะเวลา: 10/11/2025 - 19/12/2025) • นายสุพศิน อะนะฝรั่ง: นักศึกษาสหกิจ Web & AI Developer (วิทยาลัยการคอมพิวเตอร์ มหาวิทยาลัยสงขลานครินทร์ วิทยาเขตภูเก็ต; ระยะเวลา: 12/1/2026 - 8/5/2026) • Mr. Yanis Igoudjil: Internship Student (Industrial Engineering and Information Systems, EPF Graduate School of Engineering, Cachan Val-De-Marne, France; ระย",pipeline:structured_members_group_list,overview/list,100.0,True,0.39,0,,,
MB-0495-M-006,members,psu_fact,PSU Phuket Esports Club มีใครบ้าง,สมาชิกในหมวด PSU Phuket Esports Club - PSU Phuket: PSU Phuket Esports Club - PSU Phuket (13 คน): • นายษุภากรณ์ จิราจินดากุล: ประธาน • นายนพัทธ์ ฝอยทอง: รองประธาน • นายปัณณวิชญ์ หนูเรือง: เลขานุการ • นายภูจิตร จิรวิริยาภรณ์: เหรัญญิก • นายธนชาติ เอ่งฉ้วน: ประชาสัมพันธ์ • นางสาวกมลวรรณ นวลสาย: กรรมการ • นางสาวชญาภา จันทร์เอิบ: กรรมการ • นางสาวณัฐธิดา คำทะเนตร์: กรรมการ • นางสาวสุภาสินี ธนภพ: กรรมการ • นางสาวอาทิตยา แดงประดับ: กรรมการ • นายณัฐพนธ์ อินทรสังขนาวิน: กรรมการ • นายอภิวิชญ์ เลิศกมลรักษ์: กรรมการ • นายอรรถนนท์ สุขแก้ว: กรรมการ แหล่งข้อมูล: https://esports.phuket.psu.ac.th/about-us/Members,pipeline:structured_members_group_list,overview/list,100.0,True,0.3765,0,,,
MB-0496-M-007,members,psu_fact,ผศ.ดร.นิวัติ แก้วประดับ ทำตำแหน่งอะไร,ผศ.ดร.นิวัติ แก้วประดับ: อธิการบดี หมวด: Members สังกัด/รายละเอียด: มหาวิทยาลัยสงขลานครินทร์ แหล่งข้อมูล: https://esports.phuket.psu.ac.th/about-us/Members,pipeline:structured_members_person_lookup,overview/members_lookup,100.0,True,0.394,0,,,
MB-0497-M-008,members,psu_fact,ใครเป็นอธิการบดี,ตำแหน่ง อธิการบดี มี 1 คนครับ • ผศ.ดร.นิวัติ แก้วประดับ: อธิการบดี (มหาวิทยาลัยสงขลานครินทร์) ◦ หมวด: Members แหล่งข้อมูล: https://esports.phuket.psu.ac.th/about-us/Members,pipeline:structured_members_role_lookup,overview/members_lookup,100.0,True,0.2529,0,,,
MB-0498-M-009,members,psu_fact,รศ.ดร.พันธ์ ทองชุมนุม ทำตำแหน่งอะไร,รศ.ดร.พันธ์ ทองชุมนุม: รองอธิการบดี หมวด: Members สังกัด/รายละเอียด: มหาวิทยาลัยสงขลานครินทร์ วิทยาเขตภูเก็ต แหล่งข้อมูล: https://esports.phuket.psu.ac.th/about-us/Members,pipeline:structured_members_person_lookup,overview/members_lookup,100.0,True,0.3172,0,,,
MB-0499-M-010,members,psu_fact,ใครเป็นรองอธิการบดี,ตำแหน่ง รองอธิการบดี มี 1 คนครับ • รศ.ดร.พันธ์ ทองชุมนุม: รองอธิการบดี (มหาวิทยาลัยสงขลานครินทร์ วิทยาเขตภูเก็ต) ◦ หมวด: Members แหล่งข้อมูล: https://esports.phuket.psu.ac.th/about-us/Members,pipeline:structured_members_role_lookup,overview/members_lookup,100.0,True,0.266,0,,,
MB-0500-M-011,members,psu_fact,รศ.ดร.อซีส นันทอมรพงศ์ ทำตำแหน่งอะไร,รศ.ดร.อซีส นันทอมรพงศ์: คณบดี หมวด: Members สังกัด/รายละเอียด: วิทยาลัยการคอมพิวเตอร์ มหาวิทยาลัยสงขลานครินทร์ วิทยาเขตภูเก็ต แหล่งข้อมูล: https://esports.phuket.psu.ac.th/about-us/Members,pipeline:structured_members_person_lookup,overview/members_lookup,100.0,True,0.3495,0,,,
MB-0501-M-012,members,psu_fact,ใครเป็นคณบดี,ตำแหน่ง คณบดี มี 1 คนครับ • รศ.ดร.อซีส นันทอมรพงศ์: คณบดี (วิทยาลัยการคอมพิวเตอร์ มหาวิทยาลัยสงขลานครินทร์ วิทยาเขตภูเก็ต) ◦ หมวด: Members แหล่งข้อมูล: https://esports.phuket.psu.ac.th/about-us/Members,pipeline:structured_members_role_lookup,overview/members_lookup,100.0,True,0.1713,0,,,
MB-0502-M-013,members,psu_fact,ผศ.ดร.ณัฐพงศ์ ทองเทพ ทำตำแหน่งอะไร,ผศ.ดร.ณัฐพงศ์ ทองเทพ: ผู้ช่วยอธิการบดีฝ่ายวิชาการ หมวด: Members สังกัด/รายละเอียด: มหาวิทยาลัยสงขลานครินทร์ วิทยาเขตภูเก็ต แหล่งข้อมูล: https://esports.phuket.psu.ac.th/about-us/Members,pipeline:structured_members_person_lookup,overview/members_lookup,100.0,True,0.3987,0,,,
MB-0503-M-014,members,psu_fact,ใครเป็นผู้ช่วยอธิการบดีฝ่ายวิชาการ,ตำแหน่ง ผู้ช่วยอธิการบดีฝ่ายวิชาการ มี 1 คนครับ • ผศ.ดร.ณัฐพงศ์ ทองเทพ: ผู้ช่วยอธิการบดีฝ่ายวิชาการ (มหาวิทยาลัยสงขลานครินทร์ วิทยาเขตภูเก็ต) ◦ หมวด: Members แหล่งข้อมูล: https://esports.phuket.psu.ac.th/about-us/Members,pipeline:structured_members_role_lookup,overview/members_lookup,100.0,True,0.39,0,,,
MB-0504-M-015,members,psu_fact,นายพฤทธิ์ เกษตรสมบูรณ์ ทำตำแหน่งอะไร,นายพฤทธิ์ เกษตรสมบูรณ์: นักวิชาการคอมพิวเตอร์ หมวด: Members สังกัด/รายละเอียด: วิทยาลัยการคอมพิวเตอร์ มหาวิทยาลัยสงขลานครินทร์ วิทยาเขตภูเก็ต แหล่งข้อมูล: https://esports.phuket.psu.ac.th/about-us/Members,pipeline:structured_members_person_lookup,overview/members_lookup,100.0,True,0.3966,0,,,
MB-0505-M-016,members,psu_fact,ใครเป็นนักวิชาการคอมพิวเตอร์,ตำแหน่ง นักวิชาการคอมพิวเตอร์ มี 2 คนครับ • นายพฤทธิ์ เกษตรสมบูรณ์: นักวิชาการคอมพิวเตอร์ (วิทยาลัยการคอมพิวเตอร์ มหาวิทยาลัยสงขลานครินทร์ วิทยาเขตภูเก็ต) ◦ หมวด: Members • นายณัฐวัฒน์ นิธิคุณานนต์: นักวิชาการคอมพิวเตอร์ (วิทยาลัยการคอมพิวเตอร์ มหาวิทยาลัยสงขลานครินทร์ วิทยาเขตภูเก็ต) ◦ หมวด: Members แหล่งข้อมูล: https://esports.phuket.psu.ac.th/about-us/Members,pipeline:structured_members_role_lookup,overview/members_lookup,100.0,True,0.2588,0,,,
MB-0506-M-017,members,psu_fact,นายณัฐวัฒน์ นิธิคุณานนต์ ทำตำแหน่งอะไร,นายณัฐวัฒน์ นิธิคุณานนต์: นักวิชาการคอมพิวเตอร์ หมวด: Members สังกัด/รายละเอียด: วิทยาลัยการคอมพิวเตอร์ มหาวิทยาลัยสงขลานครินทร์ วิทยาเขตภูเก็ต แหล่งข้อมูล: https://esports.phuket.psu.ac.th/about-us/Members,pipeline:structured_members_person_lookup,overview/members_lookup,100.0,True,0.3678,0,,,
MB-0507-M-018,members,psu_fact,นายชนะชัย สิริพันธ์วราภรณ์ ทำตำแหน่งอะไร,นายชนะชัย สิริพันธ์วราภรณ์: ผู้จัดการ หมวด: Members สังกัด/รายละเอียด: PSU Esports Studio - Phuket วิทยาลัยการคอมพิวเตอร์ มหาวิทยาลัยสงขลานครินทร์ วิทยาเขตภูเก็ต แหล่งข้อมูล: https://esports.phuket.psu.ac.th/about-us/Members,pipeline:structured_members_person_lookup,overview/members_lookup,100.0,True,0.3854,0,,,
MB-0508-M-019,members,psu_fact,ใครเป็นผู้จัดการ,ตำแหน่ง ผู้จัดการ มี 1 คนครับ • นายชนะชัย สิริพันธ์วราภรณ์: ผู้จัดการ (PSU Esports Studio - Phuket วิทยาลัยการคอมพิวเตอร์ มหาวิทยาลัยสงขลานครินทร์ วิทยาเขตภูเก็ต) ◦ หมวด: Members แหล่งข้อมูล: https://esports.phuket.psu.ac.th/about-us/Members,pipeline:structured_members_role_lookup,overview/members_lookup,100.0,True,0.2449,0,,,
MB-0509-M-020,members,psu_fact,นายณภัทร เชื้อเหล่าวานิช ทำตำแหน่งอะไร,นายณภัทร เชื้อเหล่าวานิช: นักศึกษาสหกิจ Game and 3D Developer หมวด: cooperative education and Internship student สังกัด/รายละเอียด: วิทยาลัยการคอมพิวเตอร์ มหาวิทยาลัยสงขลานครินทร์ วิทยาเขตภูเก็ต ระยะเวลา: 6/1/2025 - 30/4/2025 แหล่งข้อมูล: https://esports.phuket.psu.ac.th/about-us/Members,pipeline:structured_members_person_lookup,overview/members_lookup,100.0,True,0.4069,0,,,
MB-0510-M-021,members,psu_fact,ใครเป็นนักศึกษาสหกิจ Game and 3D Developer,ตำแหน่ง นักศึกษาสหกิจ Game and 3D Developer มี 1 คนครับ • นายณภัทร เชื้อเหล่าวานิช: นักศึกษาสหกิจ Game and 3D Developer (วิทยาลัยการคอมพิวเตอร์ มหาวิทยาลัยสงขลานครินทร์ วิทยาเขตภูเก็ต; ระยะเวลา: 6/1/2025 - 30/4/2025) ◦ หมวด: cooperative education and Internship student แหล่งข้อมูล: https://esports.phuket.psu.ac.th/about-us/Members,pipeline:structured_members_role_lookup,overview/members_lookup,100.0,True,0.4292,0,,,
MB-0511-M-022,members,psu_fact,Mr. Amine Abidellaoui ทำตำแหน่งอะไร,"Mr. Amine Abidellaoui: Internship Student หมวด: cooperative education and Internship student สังกัด/รายละเอียด: High School Bristol Cannes, France ระยะเวลา: 10/11/2025 - 19/12/2025 แหล่งข้อมูล: https://esports.phuket.psu.ac.th/about-us/Members",pipeline:structured_members_person_lookup,overview/members_lookup,100.0,True,0.5357,0,,,
MB-0512-M-023,members,psu_fact,ใครเป็นInternship Student,"ตำแหน่ง Internship Student มี 2 คนครับ • Mr. Amine Abidellaoui: Internship Student (High School Bristol Cannes, France; ระยะเวลา: 10/11/2025 - 19/12/2025) ◦ หมวด: cooperative education and Internship student • Mr. Yanis Igoudjil: Internship Student (Industrial Engineering and Information Systems, EPF Graduate School of Engineering, Cachan Val-De-Marne, France; ระยะเวลา: 29/06/2026 - 18/09/2026) ◦ หมวด: cooperative education and Internship student แหล่งข้อมูล: https://esports.phuket.psu.ac.th/about-us/Members",pipeline:structured_members_role_lookup,overview/members_lookup,100.0,True,0.3641,0,,,
MB-0513-M-024,members,psu_fact,นายสุพศิน อะนะฝรั่ง ทำตำแหน่งอะไร,นายสุพศิน อะนะฝรั่ง: นักศึกษาสหกิจ Web & AI Developer หมวด: cooperative education and Internship student สังกัด/รายละเอียด: วิทยาลัยการคอมพิวเตอร์ มหาวิทยาลัยสงขลานครินทร์ วิทยาเขตภูเก็ต ระยะเวลา: 12/1/2026 - 8/5/2026 แหล่งข้อมูล: https://esports.phuket.psu.ac.th/about-us/Members,pipeline:structured_members_person_lookup,overview/members_lookup,100.0,True,0.345,0,,,
MB-0514-M-025,members,psu_fact,ใครเป็นนักศึกษาสหกิจ Web & AI Developer,ตำแหน่ง นักศึกษาสหกิจ Web & AI Developer มี 1 คนครับ • นายสุพศิน อะนะฝรั่ง: นักศึกษาสหกิจ Web & AI Developer (วิทยาลัยการคอมพิวเตอร์ มหาวิทยาลัยสงขลานครินทร์ วิทยาเขตภูเก็ต; ระยะเวลา: 12/1/2026 - 8/5/2026) ◦ หมวด: cooperative education and Internship student แหล่งข้อมูล: https://esports.phuket.psu.ac.th/about-us/Members,pipeline:structured_members_role_lookup,overview/members_lookup,100.0,True,0.4607,0,,,
MB-0515-M-026,members,psu_fact,Mr. Yanis Igoudjil ทำตำแหน่งอะไร,"Mr. Yanis Igoudjil: Internship Student หมวด: cooperative education and Internship student สังกัด/รายละเอียด: Industrial Engineering and Information Systems, EPF Graduate School of Engineering, Cachan Val-De-Marne, France ระยะเวลา: 29/06/2026 - 18/09/2026 แหล่งข้อมูล: https://esports.phuket.psu.ac.th/about-us/Members",pipeline:structured_members_person_lookup,overview/members_lookup,100.0,True,0.3543,0,,,
MB-0516-M-027,members,psu_fact,นายภาสวุฒิ ชูติประชากิจ ทำตำแหน่งอะไร,นายภาสวุฒิ ชูติประชากิจ: นักศึกษาฝึกงานโครงการ Super AI SS6 ตำแหน่ง AI Chat Bot Developer หมวด: cooperative education and Internship student สังกัด/รายละเอียด: วิศวกรรมระบบไอโอทีและสารสนเทศ สถาบันเทคโนโลยีพระจอมเกล้าเจ้าคุณทหารลาดกระบัง ระยะเวลา: 07/2026 - 08/2026 แหล่งข้อมูล: https://esports.phuket.psu.ac.th/about-us/Members,pipeline:structured_members_person_lookup,overview/members_lookup,100.0,True,0.3387,0,,,
MB-0517-M-028,members,psu_fact,ใครเป็นนักศึกษาฝึกงานโครงการ Super AI SS6 ตำแหน่ง AI Chat Bot Developer,ตำแหน่ง นักศึกษาฝึกงานโครงการ Super AI SS6 ตำแหน่ง AI Chat Bot Developer มี 1 คนครับ • นายภาสวุฒิ ชูติประชากิจ: นักศึกษาฝึกงานโครงการ Super AI SS6 ตำแหน่ง AI Chat Bot Developer (วิศวกรรมระบบไอโอทีและสารสนเทศ สถาบันเทคโนโลยีพระจอมเกล้าเจ้าคุณทหารลาดกระบัง; ระยะเวลา: 07/2026 - 08/2026) ◦ หมวด: cooperative education and Internship student แหล่งข้อมูล: https://esports.phuket.psu.ac.th/about-us/Members,pipeline:structured_members_role_lookup,overview/members_lookup,100.0,True,1.8809,0,,,
MB-0518-M-029,members,psu_fact,นายษุภากรณ์ จิราจินดากุล ทำตำแหน่งอะไร,นายษุภากรณ์ จิราจินดากุล: ประธาน หมวด: PSU Phuket Esports Club - PSU Phuket แหล่งข้อมูล: https://esports.phuket.psu.ac.th/about-us/Members,pipeline:structured_members_person_lookup,overview/members_lookup,100.0,True,0.3701,0,,,
MB-0519-M-030,members,psu_fact,ใครเป็นประธาน,ตำแหน่ง ประธาน มี 1 คนครับ • นายษุภากรณ์ จิราจินดากุล: ประธาน ◦ หมวด: PSU Phuket Esports Club - PSU Phuket แหล่งข้อมูล: https://esports.phuket.psu.ac.th/about-us/Members,pipeline:structured_members_role_lookup,overview/members_lookup,100.0,True,0.2198,0,,,
MB-0520-M-031,members,psu_fact,นายนพัทธ์ ฝอยทอง ทำตำแหน่งอะไร,นายนพัทธ์ ฝอยทอง: รองประธาน หมวด: PSU Phuket Esports Club - PSU Phuket แหล่งข้อมูล: https://esports.phuket.psu.ac.th/about-us/Members,pipeline:structured_members_person_lookup,overview/members_lookup,100.0,True,0.3227,0,,,
MB-0521-M-032,members,psu_fact,ใครเป็นรองประธาน,ตำแหน่ง รองประธาน มี 1 คนครับ • นายนพัทธ์ ฝอยทอง: รองประธาน ◦ หมวด: PSU Phuket Esports Club - PSU Phuket แหล่งข้อมูล: https://esports.phuket.psu.ac.th/about-us/Members,pipeline:structured_members_role_lookup,overview/members_lookup,100.0,True,0.2252,0,,,
MB-0522-M-033,members,psu_fact,นายปัณณวิชญ์ หนูเรือง ทำตำแหน่งอะไร,นายปัณณวิชญ์ หนูเรือง: เลขานุการ หมวด: PSU Phuket Esports Club - PSU Phuket แหล่งข้อมูล: https://esports.phuket.psu.ac.th/about-us/Members,pipeline:structured_members_person_lookup,overview/members_lookup,100.0,True,0.3276,0,,,
MB-0523-M-034,members,psu_fact,ใครเป็นเลขานุการ,ตำแหน่ง เลขานุการ มี 1 คนครับ • นายปัณณวิชญ์ หนูเรือง: เลขานุการ ◦ หมวด: PSU Phuket Esports Club - PSU Phuket แหล่งข้อมูล: https://esports.phuket.psu.ac.th/about-us/Members,pipeline:structured_members_role_lookup,overview/members_lookup,100.0,True,0.2368,0,,,
MB-0524-M-035,members,psu_fact,นายภูจิตร จิรวิริยาภรณ์ ทำตำแหน่งอะไร,นายภูจิตร จิรวิริยาภรณ์: เหรัญญิก หมวด: PSU Phuket Esports Club - PSU Phuket แหล่งข้อมูล: https://esports.phuket.psu.ac.th/about-us/Members,pipeline:structured_members_person_lookup,overview/members_lookup,100.0,True,0.3443,0,,,
MB-0525-M-036,members,psu_fact,ใครเป็นเหรัญญิก,ตำแหน่ง เหรัญญิก มี 1 คนครับ • นายภูจิตร จิรวิริยาภรณ์: เหรัญญิก ◦ หมวด: PSU Phuket Esports Club - PSU Phuket แหล่งข้อมูล: https://esports.phuket.psu.ac.th/about-us/Members,pipeline:structured_members_role_lookup,overview/members_lookup,100.0,True,0.1905,0,,,
MB-0526-M-037,members,psu_fact,นายธนชาติ เอ่งฉ้วน ทำตำแหน่งอะไร,นายธนชาติ เอ่งฉ้วน: ประชาสัมพันธ์ หมวด: PSU Phuket Esports Club - PSU Phuket แหล่งข้อมูล: https://esports.phuket.psu.ac.th/about-us/Members,pipeline:structured_members_person_lookup,overview/members_lookup,100.0,True,0.3167,0,,,
MB-0527-M-038,members,psu_fact,ใครเป็นประชาสัมพันธ์,ตำแหน่ง ประชาสัมพันธ์ มี 1 คนครับ • นายธนชาติ เอ่งฉ้วน: ประชาสัมพันธ์ ◦ หมวด: PSU Phuket Esports Club - PSU Phuket แหล่งข้อมูล: https://esports.phuket.psu.ac.th/about-us/Members,pipeline:structured_members_role_lookup,overview/members_lookup,100.0,True,0.2662,0,,,
MB-0528-M-039,members,psu_fact,นางสาวกมลวรรณ นวลสาย ทำตำแหน่งอะไร,นางสาวกมลวรรณ นวลสาย: กรรมการ หมวด: PSU Phuket Esports Club - PSU Phuket แหล่งข้อมูล: https://esports.phuket.psu.ac.th/about-us/Members,pipeline:structured_members_person_lookup,overview/members_lookup,100.0,True,0.3296,0,,,
MB-0529-M-040,members,psu_fact,ใครเป็นกรรมการ,ตำแหน่ง กรรมการ มี 8 คนครับ • นางสาวกมลวรรณ นวลสาย: กรรมการ ◦ หมวด: PSU Phuket Esports Club - PSU Phuket • นางสาวชญาภา จันทร์เอิบ: กรรมการ ◦ หมวด: PSU Phuket Esports Club - PSU Phuket • นางสาวณัฐธิดา คำทะเนตร์: กรรมการ ◦ หมวด: PSU Phuket Esports Club - PSU Phuket • นางสาวสุภาสินี ธนภพ: กรรมการ ◦ หมวด: PSU Phuket Esports Club - PSU Phuket • นางสาวอาทิตยา แดงประดับ: กรรมการ ◦ หมวด: PSU Phuket Esports Club - PSU Phuket • นายณัฐพนธ์ อินทรสังขนาวิน: กรรมการ ◦ หมวด: PSU Phuket Esports Club - PSU Phuket • นายอภิวิชญ์ เลิศกมลรักษ์: กรรมการ ◦ หมวด: PSU Phuket Esports Club - PSU Phuket • นายอรรถนนท์ สุขแก้ว: กรรมการ ◦ หมวด: PSU Phuket Esports Club - PSU Phuket แหล่งข้อมูล: https://esports.phuket.psu.a,pipeline:structured_members_role_lookup,overview/members_lookup,100.0,True,0.2362,0,,,
MB-0530-M-041,members,psu_fact,นางสาวชญาภา จันทร์เอิบ ทำตำแหน่งอะไร,นางสาวชญาภา จันทร์เอิบ: กรรมการ หมวด: PSU Phuket Esports Club - PSU Phuket แหล่งข้อมูล: https://esports.phuket.psu.ac.th/about-us/Members,pipeline:structured_members_person_lookup,overview/members_lookup,100.0,True,0.3476,0,,,
MB-0531-M-042,members,psu_fact,นางสาวณัฐธิดา คำทะเนตร์ ทำตำแหน่งอะไร,นางสาวณัฐธิดา คำทะเนตร์: กรรมการ หมวด: PSU Phuket Esports Club - PSU Phuket แหล่งข้อมูล: https://esports.phuket.psu.ac.th/about-us/Members,pipeline:structured_members_person_lookup,overview/members_lookup,100.0,True,0.3503,0,,,
MB-0532-M-043,members,psu_fact,นางสาวสุภาสินี ธนภพ ทำตำแหน่งอะไร,นางสาวสุภาสินี ธนภพ: กรรมการ หมวด: PSU Phuket Esports Club - PSU Phuket แหล่งข้อมูล: https://esports.phuket.psu.ac.th/about-us/Members,pipeline:structured_members_person_lookup,overview/members_lookup,100.0,True,0.3385,0,,,
MB-0533-M-044,members,psu_fact,นางสาวอาทิตยา แดงประดับ ทำตำแหน่งอะไร,นางสาวอาทิตยา แดงประดับ: กรรมการ หมวด: PSU Phuket Esports Club - PSU Phuket แหล่งข้อมูล: https://esports.phuket.psu.ac.th/about-us/Members,pipeline:structured_members_person_lookup,overview/members_lookup,100.0,True,0.3992,0,,,
MB-0534-M-045,members,psu_fact,นายณัฐพนธ์ อินทรสังขนาวิน ทำตำแหน่งอะไร,นายณัฐพนธ์ อินทรสังขนาวิน: กรรมการ หมวด: PSU Phuket Esports Club - PSU Phuket แหล่งข้อมูล: https://esports.phuket.psu.ac.th/about-us/Members,pipeline:structured_members_person_lookup,overview/members_lookup,100.0,True,0.455,0,,,
MB-0535-M-046,members,psu_fact,นายอภิวิชญ์ เลิศกมลรักษ์ ทำตำแหน่งอะไร,นายอภิวิชญ์ เลิศกมลรักษ์: กรรมการ หมวด: PSU Phuket Esports Club - PSU Phuket แหล่งข้อมูล: https://esports.phuket.psu.ac.th/about-us/Members,pipeline:structured_members_person_lookup,overview/members_lookup,100.0,True,0.3844,0,,,
MB-0536-M-047,members,psu_fact,นายอรรถนนท์ สุขแก้ว ทำตำแหน่งอะไร,นายอรรถนนท์ สุขแก้ว: กรรมการ หมวด: PSU Phuket Esports Club - PSU Phuket แหล่งข้อมูล: https://esports.phuket.psu.ac.th/about-us/Members,pipeline:structured_members_person_lookup,overview/members_lookup,100.0,True,0.3757,0,,,
MB-0537-CR-001,competition_rules,psu_fact,VALORANT กติกาการแข่งขันคืออะไร,คำตอบ: VALORANT จำกัดคอนเทนต์ใหม่: Agent ใหม่ต้องรอประมาณ 2 สัปดาห์ และแผนที่ใหม่ต้องรอประมาณ 4 สัปดาห์ก่อนใช้แข่ง หลักฐานจากกติกา: • เอกสารระบุข้อจำกัด Agent ใหม่ประมาณ 2 สัปดาห์ และแผนที่ใหม่ประมาณ 4 สัปดาห์ อ้างอิงจากกติกา: VALORANT / PSU Phuket VALORANT 2026 Tournament แหล่งข้อมูล: local://competition_rules/competition_rules_valorant_psu_phuket_2026,pipeline:competition_fact_card,competition_rules/competition_rules_lookup,100.0,True,0.7455,0,,,
MB-0538-CR-002,competition_rules,psu_fact,VALORANT ใช้ผู้เล่นกี่คน,คำตอบ: VALORANT แต่ละทีมมีผู้เล่นตัวจริง 5 คน หลักฐานจากกติกา: • เอกสารการแข่งขัน VALORANT ระบุการแข่งขันแบบทีม 5 คนต่อทีม อ้างอิงจากกติกา: VALORANT / PSU Phuket VALORANT 2026 Tournament แหล่งข้อมูล: local://competition_rules/competition_rules_valorant_psu_phuket_2026,pipeline:competition_fact_card,competition_rules/competition_rules_lookup,100.0,True,0.2982,0,,,
MB-0539-CR-003,competition_rules,psu_fact,VALORANT มาสายจะโดนอะไร,"คำตอบ: * อุปกรณ์ที่นำมาเองได้ คีย์บอร์ด (มีสาย/ไร้สาย), เมาส์(มีสาย/ไร้สาย), ตัวยึดสายเมาส์ (mouse bungee), แผ่นรองเมาส์ หูฟังแบบ In-ear (มีสาย), Headset (มีสาย) รายละเอียดที่เกี่ยวข้อง: • เมื่อเข้าสู่ช่วงต่อเวลา (Overtime) จะได้เพิ่มอีกทีมละ 1 ครั้ง โดยที่โควตาจากรอบปกติจะไม่ถูกนำมาทบ • Play Through Bug บั๊กที่ไม่ส่งผลกระทบต่อความยุติธรรมอย่างมีนัยสำคัญ ผู้เล่นต้องเล่นต่อไปและไม่สามารถขอ Challenge ได้ • รายการ PSU Phuket VALORANT 2026 Tournament • เทคโนโลยีคีย์บอร์ด อนุญาตให้ใช้ Snap Tap, SOCD หรือเทคโนโลยีที่เทียบเท่าได้ เว้นแต่เจ้าหน้าที่จะสั่งเป็นอย่างอื่น • Major Bug บั๊กที่ส่งผลกระทบต่อการเล่นหรือกลไกเกมอย่างมากและไม่มีทางแก้ไขเฉพาะหน้า ทีมสามารถขอ Challenge เพื่อตรวจสอบได้ อ้างอิงจากก",pipeline:rag_direct_curated,competition_rules/competition_rules_lookup,100.0,True,0.5255,0,,,
MB-0540-CR-004,competition_rules,psu_fact,VALORANT pause ได้ไหม,คำตอบ: VALORANT Emergency/Technical Pause ขอได้ทีมละ 1 ครั้งต่อแผนที่ และเวลาหยุดรวมสูงสุด 10 นาที หลักฐานจากกติกา: • เอกสารระบุแต่ละทีมมี Emergency Pause ได้ 1 ครั้งต่อแผนที่ และเวลาหยุดรวมสูงสุด 10 นาที อ้างอิงจากกติกา: VALORANT / PSU Phuket VALORANT 2026 Tournament แหล่งข้อมูล: local://competition_rules/competition_rules_valorant_psu_phuket_2026,pipeline:competition_fact_card,competition_rules/competition_rules_lookup,100.0,True,0.2519,0,,,
MB-0541-CR-005,competition_rules,psu_fact,VALORANT ถ้าเกมหลุดทำยังไง,คำตอบ: VALORANT Emergency/Technical Pause ขอได้ทีมละ 1 ครั้งต่อแผนที่ และเวลาหยุดรวมสูงสุด 10 นาที หลักฐานจากกติกา: • เอกสารระบุแต่ละทีมมี Emergency Pause ได้ 1 ครั้งต่อแผนที่ และเวลาหยุดรวมสูงสุด 10 นาที อ้างอิงจากกติกา: VALORANT / PSU Phuket VALORANT 2026 Tournament แหล่งข้อมูล: local://competition_rules/competition_rules_valorant_psu_phuket_2026,pipeline:competition_fact_card,competition_rules/competition_rules_lookup,100.0,True,0.2941,0,,,
MB-0542-CR-006,competition_rules,psu_fact,VALORANT ขอ restart ได้ไหม,คำตอบ: VALORANT Emergency/Technical Pause ขอได้ทีมละ 1 ครั้งต่อแผนที่ และเวลาหยุดรวมสูงสุด 10 นาที หลักฐานจากกติกา: • เอกสารระบุแต่ละทีมมี Emergency Pause ได้ 1 ครั้งต่อแผนที่ และเวลาหยุดรวมสูงสุด 10 นาที อ้างอิงจากกติกา: VALORANT / PSU Phuket VALORANT 2026 Tournament แหล่งข้อมูล: local://competition_rules/competition_rules_valorant_psu_phuket_2026,pipeline:competition_fact_card,competition_rules/competition_rules_lookup,100.0,True,0.2778,0,,,
MB-0543-CR-007,competition_rules,psu_fact,VALORANT รูปแบบการแข่งขันเป็นยังไง,"คำตอบ: กฎระเบียบและรูปแบบการแข่งขัน VALORANT รายละเอียดที่เกี่ยวข้อง: • ในการแข่งขันแบบ LAN ผู้เล่นต้องปฏิบัติตามข้อกำหนดเรื่องอุปกรณ์อย่างเคร่งครัดเพื่อความเท่าเทียม • พื้นที่การแข่งขันและกฎระเบียบ • เวลาการรายงานตัว ต้องมาถึงสนามแข่งไม่น้อยกว่า 30 นาที ก่อนเวลาแข่ง • ห้ามแสดงกราฟ FPS หรือ Latency ระหว่างการแข่งขัน • เทคโนโลยีคีย์บอร์ด อนุญาตให้ใช้ Snap Tap, SOCD หรือเทคโนโลยีที่เทียบเท่าได้ เว้นแต่เจ้าหน้าที่จะสั่งเป็นอย่างอื่น อ้างอิงจากกติกา: VALORANT / PSU Phuket VALORANT 2026 Tournament แหล่งข้อมูล: local://competition_rules/competition_rules_valorant_psu_phuket_2026",pipeline:rag_direct_curated,competition_rules/competition_rules_lookup,100.0,True,0.4031,0,,,
MB-0544-CR-008,competition_rules,psu_fact,VALORANT รอบชิงเล่นกี่เกม,คำตอบ: * จำนวนบุคลากร ในช่วงเตรียมตัว (Match Prep) มีผู้เล่นได้ไม่เกิน 6 คน รายละเอียดที่เกี่ยวข้อง: • รวมเวลาทั้งหมดไม่เกิน 10 นาที ต่อหนึ่งแมตช์ หากเกินเวลาผู้เล่นรายนั้นอาจหมดสิทธิ์แข่งต่อและต้องใช้ตัวสำรองแทน • Play Through Bug บั๊กที่ไม่ส่งผลกระทบต่อความยุติธรรมอย่างมีนัยสำคัญ ผู้เล่นต้องเล่นต่อไปและไม่สามารถขอ Challenge ได้ • ขอได้ 1 ครั้งต่อแผนที่ • รายการ PSU Phuket VALORANT 2026 Tournament • Update: 17/02/2026 อ้างอิงจากกติกา: VALORANT / PSU Phuket VALORANT 2026 Tournament แหล่งข้อมูล: local://competition_rules/competition_rules_valorant_psu_phuket_2026,pipeline:rag_direct_curated,competition_rules/competition_rules_lookup,100.0,True,0.35,0,,,
MB-0545-CR-009,competition_rules,psu_fact,VALORANT มีตัวสำรองได้ไหม,คำตอบ: VALORANT แต่ละทีมมีผู้เล่นตัวจริง 5 คน หลักฐานจากกติกา: • เอกสารการแข่งขัน VALORANT ระบุการแข่งขันแบบทีม 5 คนต่อทีม อ้างอิงจากกติกา: VALORANT / PSU Phuket VALORANT 2026 Tournament แหล่งข้อมูล: local://competition_rules/competition_rules_valorant_psu_phuket_2026,pipeline:competition_fact_card,competition_rules/competition_rules_lookup,100.0,True,0.316,0,,,
MB-0546-CR-010,competition_rules,psu_fact,VALORANT มีข้อห้ามอะไรบ้าง,"คำตอบ: VALORANT ใช้แผนที่ Abyss, Ascent, Bind, Corrode, Haven, Lotus และ Sunset หลักฐานจากกติกา: • เอกสารระบุ map pool ของ VALORANT ได้แก่ Abyss, Ascent, Bind, Corrode, Haven, Lotus และ Sunset อ้างอิงจากกติกา: VALORANT / PSU Phuket VALORANT 2026 Tournament แหล่งข้อมูล: local://competition_rules/competition_rules_valorant_psu_phuket_2026",pipeline:competition_fact_card,competition_rules/competition_rules_lookup,100.0,True,0.3022,0,,,
MB-0547-CR-011,competition_rules,psu_fact,VALORANT ถ้าใช้ bug จะโดนอะไร,"คำตอบ: * Play Through Bug บั๊กที่ไม่ส่งผลกระทบต่อความยุติธรรมอย่างมีนัยสำคัญ ผู้เล่นต้องเล่นต่อไปและไม่สามารถขอ Challenge ได้ รายละเอียดที่เกี่ยวข้อง: • Major Bug บั๊กที่ส่งผลกระทบต่อการเล่นหรือกลไกเกมอย่างมากและไม่มีทางแก้ไขเฉพาะหน้า ทีมสามารถขอ Challenge เพื่อตรวจสอบได้ • Game Breaking Bug บั๊กที่ทำลายความยุติธรรมของรอบนั้นจนไม่สามารถตัดสินผลแพ้ชนะได้ • หากเป็น Game Breaking Bug เจ้าหน้าที่จะสั่งย้อนรอบไปยังจุดเริ่มต้นของรอบนั้นทันที • การใช้ช่องโหว่ (Exploit Adjudication) • เทคโนโลยีคีย์บอร์ด อนุญาตให้ใช้ Snap Tap, SOCD หรือเทคโนโลยีที่เทียบเท่าได้ เว้นแต่เจ้าหน้าที่จะสั่งเป็นอย่างอื่น อ้างอิงจากกติกา: VALORANT / PSU Phuket VALORANT 2026 Tournament แหล่งข้อมูล: local://competition_rules/c",pipeline:rag_direct_curated,competition_rules/competition_rules_lookup,100.0,True,0.3411,0,,,
MB-0548-CR-012,competition_rules,psu_fact,VALORANT ต้องเช็คอินก่อนแข่งไหม,คำตอบ: VALORANT จำกัดคอนเทนต์ใหม่: Agent ใหม่ต้องรอประมาณ 2 สัปดาห์ และแผนที่ใหม่ต้องรอประมาณ 4 สัปดาห์ก่อนใช้แข่ง หลักฐานจากกติกา: • เอกสารระบุข้อจำกัด Agent ใหม่ประมาณ 2 สัปดาห์ และแผนที่ใหม่ประมาณ 4 สัปดาห์ อ้างอิงจากกติกา: VALORANT / PSU Phuket VALORANT 2026 Tournament แหล่งข้อมูล: local://competition_rules/competition_rules_valorant_psu_phuket_2026,pipeline:competition_fact_card,competition_rules/competition_rules_lookup,100.0,True,0.4432,0,,,
MB-0549-CR-013,competition_rules,psu_fact,VALORANT ใช้บัญชีอะไรแข่ง,"คำตอบ: VALORANT ใช้แผนที่ Abyss, Ascent, Bind, Corrode, Haven, Lotus และ Sunset หลักฐานจากกติกา: • เอกสารระบุ map pool ของ VALORANT ได้แก่ Abyss, Ascent, Bind, Corrode, Haven, Lotus และ Sunset อ้างอิงจากกติกา: VALORANT / PSU Phuket VALORANT 2026 Tournament แหล่งข้อมูล: local://competition_rules/competition_rules_valorant_psu_phuket_2026",pipeline:competition_fact_card,competition_rules/competition_rules_lookup,100.0,True,0.3154,0,,,
MB-0550-CR-014,competition_rules,psu_fact,VALORANT แผนที่มีอะไรบ้าง,"คำตอบ: VALORANT ใช้แผนที่ Abyss, Ascent, Bind, Corrode, Haven, Lotus และ Sunset หลักฐานจากกติกา: • เอกสารระบุ map pool ของ VALORANT ได้แก่ Abyss, Ascent, Bind, Corrode, Haven, Lotus และ Sunset อ้างอิงจากกติกา: VALORANT / PSU Phuket VALORANT 2026 Tournament แหล่งข้อมูล: local://competition_rules/competition_rules_valorant_psu_phuket_2026",pipeline:competition_fact_card,competition_rules/competition_rules_lookup,100.0,True,0.3377,0,,,
MB-0551-CR-015,competition_rules,psu_fact,VALORANT สรุปกติกาสั้นๆ,คำตอบ: VALORANT ขอ Tactical Timeout ได้ทีมละ 2 ครั้งต่อแผนที่ ครั้งละ 60 วินาที และถ้าเข้า Overtime จะได้เพิ่มอีก 1 ครั้ง แหล่งข้อมูล: local://competition_rules/competition_rules_valorant_psu_phuket_2026,pipeline:competition_fact_card,competition_rules/competition_rules_lookup,100.0,True,0.3331,0,,,
MB-0552-CR-016,competition_rules,psu_fact,CS2 กติกาการแข่งขันคืออะไร,"คำตอบ: Counter-Strike 2: CS2 ใช้แผนที่ Ancient, Anubis, Dust 2, Inferno, Mirage, Nuke และ Train หลักฐานจากกติกา: • เอกสารระบุ map pool สำหรับการแข่งขัน CS2 ได้แก่ Ancient, Anubis, Dust 2, Inferno, Mirage, Nuke และ Train อ้างอิงจากกติกา: Counter-Strike 2 / PSU Phuket CS2 2026 Tournament แหล่งข้อมูล: local://competition_rules/competition_rules_cs2_psu_phuket_2026",pipeline:competition_fact_card,competition_rules/competition_rules_lookup,100.0,True,0.5498,0,,,
MB-0553-CR-017,competition_rules,psu_fact,CS2 ใช้ผู้เล่นกี่คน,คำตอบ: Counter-Strike 2: CS2 แต่ละทีมประกอบด้วยผู้เล่น 5 คน หลักฐานจากกติกา: • เอกสารระบุว่าองค์ประกอบทีมแต่ละทีมประกอบด้วยผู้เล่น 5 คน อ้างอิงจากกติกา: Counter-Strike 2 / PSU Phuket CS2 2026 Tournament แหล่งข้อมูล: local://competition_rules/competition_rules_cs2_psu_phuket_2026,pipeline:competition_fact_card,competition_rules/competition_rules_lookup,100.0,True,0.2879,0,,,
MB-0554-CR-018,competition_rules,psu_fact,CS2 มาสายจะโดนอะไร,"คำตอบ: 7. เวลาการแข่งขัน สายการแข่งขันจะประกาศล่วงหน้าอย่างน้อย 1 วัน ต้องยืนยันการเข้าแข่งขันก่อนเริ่มแมตช์ การมาสายอาจถูกตัดสิทธิ์ รายละเอียดที่เกี่ยวข้อง: • 1. ผู้เล่นสามารถนำคีย์บอร์ด (มีสาย/ไร้สาย), เมาส์(มีสาย/ไร้สาย), ตัวยึดสายเมาส์ (mouse bungee), แผ่นรองเมาส์ หูฟังแบบ In-ear (มีสาย), Headset (มีสาย) มาเองได้ • 2. การประท้วง ต้องยื่นเรื่องภายใน 15 นาทีหลังจากจบแมตช์ โดยกัปตันทีมหรือโค้ชเท่านั้น อ้างอิงจากกติกา: Counter-Strike 2 / PSU Phuket CS2 2026 Tournament แหล่งข้อมูล: local://competition_rules/competition_rules_cs2_psu_phuket_2026",pipeline:rag_direct_curated,competition_rules/competition_rules_lookup,100.0,True,0.5311,0,,,
MB-0555-CR-019,competition_rules,psu_fact,CS2 pause ได้ไหม,คำตอบ: Counter-Strike 2: ต่างกันคือ CS2 Technical Pause ขอได้ทีมละ 2 ครั้ง รวมไม่เกิน 10 นาที ส่วน Tactical Timeout ขอได้ทีมละ 4 ครั้ง ครั้งละ 30 วินาที หลักฐานจากกติกา: • เอกสารระบุ Technical Pause ได้ทีมละ 2 ครั้ง ระยะเวลารวมไม่เกิน 10 นาที และ Tactical Timeout ได้ทีมละ 4 ครั้ง ครั้งละ 30 วินาที อ้างอิงจากกติกา: Counter-Strike 2 / PSU Phuket CS2 2026 Tournament แหล่งข้อมูล: local://competition_rules/competition_rules_cs2_psu_phuket_2026,pipeline:competition_fact_card,competition_rules/competition_rules_lookup,100.0,True,0.2417,0,,,
MB-0556-CR-020,competition_rules,psu_fact,CS2 ถ้าเกมหลุดทำยังไง,คำตอบ: Counter-Strike 2: ต่างกันคือ CS2 Technical Pause ขอได้ทีมละ 2 ครั้ง รวมไม่เกิน 10 นาที ส่วน Tactical Timeout ขอได้ทีมละ 4 ครั้ง ครั้งละ 30 วินาที หลักฐานจากกติกา: • เอกสารระบุ Technical Pause ได้ทีมละ 2 ครั้ง ระยะเวลารวมไม่เกิน 10 นาที และ Tactical Timeout ได้ทีมละ 4 ครั้ง ครั้งละ 30 วินาที อ้างอิงจากกติกา: Counter-Strike 2 / PSU Phuket CS2 2026 Tournament แหล่งข้อมูล: local://competition_rules/competition_rules_cs2_psu_phuket_2026,pipeline:competition_fact_card,competition_rules/competition_rules_lookup,100.0,True,0.3269,0,,,
MB-0557-CR-021,competition_rules,psu_fact,CS2 ขอ restart ได้ไหม,คำตอบ: Counter-Strike 2: ต่างกันคือ CS2 Technical Pause ขอได้ทีมละ 2 ครั้ง รวมไม่เกิน 10 นาที ส่วน Tactical Timeout ขอได้ทีมละ 4 ครั้ง ครั้งละ 30 วินาที หลักฐานจากกติกา: • เอกสารระบุ Technical Pause ได้ทีมละ 2 ครั้ง ระยะเวลารวมไม่เกิน 10 นาที และ Tactical Timeout ได้ทีมละ 4 ครั้ง ครั้งละ 30 วินาที อ้างอิงจากกติกา: Counter-Strike 2 / PSU Phuket CS2 2026 Tournament แหล่งข้อมูล: local://competition_rules/competition_rules_cs2_psu_phuket_2026,pipeline:competition_fact_card,competition_rules/competition_rules_lookup,100.0,True,0.2559,0,,,
MB-0558-CR-022,competition_rules,psu_fact,CS2 รูปแบบการแข่งขันเป็นยังไง,คำตอบ: Counter-Strike 2: CS2 เป็น Single Elimination และรอบรองชนะเลิศ/รอบชิงชนะเลิศเป็น Best of 3 (BO3) หลักฐานจากกติกา: • เอกสารระบุรูปแบบทัวร์นาเมนต์ Single Elimination และกำหนดรอบรอง/รอบชิงเป็น BO3 อ้างอิงจากกติกา: Counter-Strike 2 / PSU Phuket CS2 2026 Tournament แหล่งข้อมูล: local://competition_rules/competition_rules_cs2_psu_phuket_2026,pipeline:competition_fact_card,competition_rules/competition_rules_lookup,100.0,True,0.406,0,,,
MB-0559-CR-023,competition_rules,psu_fact,CS2 รอบชิงเล่นกี่เกม,คำตอบ: Counter-Strike 2: CS2 เป็น Single Elimination และรอบรองชนะเลิศ/รอบชิงชนะเลิศเป็น Best of 3 (BO3) หลักฐานจากกติกา: • เอกสารระบุรูปแบบทัวร์นาเมนต์ Single Elimination และกำหนดรอบรอง/รอบชิงเป็น BO3 อ้างอิงจากกติกา: Counter-Strike 2 / PSU Phuket CS2 2026 Tournament แหล่งข้อมูล: local://competition_rules/competition_rules_cs2_psu_phuket_2026,pipeline:competition_fact_card,competition_rules/competition_rules_lookup,100.0,True,0.2954,0,,,
MB-0560-CR-024,competition_rules,psu_fact,CS2 มีตัวสำรองได้ไหม,คำตอบ: Counter-Strike 2: CS2 แต่ละทีมประกอบด้วยผู้เล่น 5 คน หลักฐานจากกติกา: • เอกสารระบุว่าองค์ประกอบทีมแต่ละทีมประกอบด้วยผู้เล่น 5 คน อ้างอิงจากกติกา: Counter-Strike 2 / PSU Phuket CS2 2026 Tournament แหล่งข้อมูล: local://competition_rules/competition_rules_cs2_psu_phuket_2026,pipeline:competition_fact_card,competition_rules/competition_rules_lookup,100.0,True,0.3753,0,,,
MB-0561-CR-025,competition_rules,psu_fact,CS2 มีข้อห้ามอะไรบ้าง,"คำตอบ: Counter-Strike 2: CS2 ใช้แผนที่ Ancient, Anubis, Dust 2, Inferno, Mirage, Nuke และ Train หลักฐานจากกติกา: • เอกสารระบุ map pool สำหรับการแข่งขัน CS2 ได้แก่ Ancient, Anubis, Dust 2, Inferno, Mirage, Nuke และ Train อ้างอิงจากกติกา: Counter-Strike 2 / PSU Phuket CS2 2026 Tournament แหล่งข้อมูล: local://competition_rules/competition_rules_cs2_psu_phuket_2026",pipeline:competition_fact_card,competition_rules/competition_rules_lookup,100.0,True,0.3233,0,,,
MB-0562-CR-026,competition_rules,psu_fact,CS2 ถ้าใช้ bug จะโดนอะไร,คำตอบ: 1. ขอบเขตการบังคับใช้ กฎระเบียบนี้ใช้กับผู้เล่น ทีม และเจ้าหน้าที่ทุกคนที่เข้าร่วมการแข่งขัน CS2 อย่างเป็นทางการที่จัดโดย PSU Esports Studio - Phuket รายละเอียดที่เกี่ยวข้อง: • 3. ภาษา ภาษาทางการของการแข่งขันคือ ภาษาไทย การสื่อสาร การประท้วง และการรายงานผลทั้งหมดต้องใช้ภาษาไทย เว้นแต่จะระบุไว้เป็นอย่างอื่น • 3. ห้ามใช้สคริปต์ หรือมาโคร โดยเด็ดขาด อ้างอิงจากกติกา: Counter-Strike 2 / PSU Phuket CS2 2026 Tournament แหล่งข้อมูล: local://competition_rules/competition_rules_cs2_psu_phuket_2026,pipeline:rag_direct_curated,competition_rules/competition_rules_lookup,100.0,True,0.3183,0,,,
MB-0563-CR-027,competition_rules,psu_fact,CS2 ต้องเช็คอินก่อนแข่งไหม,คำตอบ: Counter-Strike 2: CS2 แต่ละทีมประกอบด้วยผู้เล่น 5 คน หลักฐานจากกติกา: • เอกสารระบุว่าองค์ประกอบทีมแต่ละทีมประกอบด้วยผู้เล่น 5 คน อ้างอิงจากกติกา: Counter-Strike 2 / PSU Phuket CS2 2026 Tournament แหล่งข้อมูล: local://competition_rules/competition_rules_cs2_psu_phuket_2026,pipeline:competition_fact_card,competition_rules/competition_rules_lookup,100.0,True,0.4366,0,,,
MB-0564-CR-028,competition_rules,psu_fact,CS2 ใช้บัญชีอะไรแข่ง,"คำตอบ: Counter-Strike 2: CS2 ใช้แผนที่ Ancient, Anubis, Dust 2, Inferno, Mirage, Nuke และ Train หลักฐานจากกติกา: • เอกสารระบุ map pool สำหรับการแข่งขัน CS2 ได้แก่ Ancient, Anubis, Dust 2, Inferno, Mirage, Nuke และ Train อ้างอิงจากกติกา: Counter-Strike 2 / PSU Phuket CS2 2026 Tournament แหล่งข้อมูล: local://competition_rules/competition_rules_cs2_psu_phuket_2026",pipeline:competition_fact_card,competition_rules/competition_rules_lookup,100.0,True,0.3493,0,,,
MB-0565-CR-029,competition_rules,psu_fact,CS2 แผนที่มีอะไรบ้าง,"คำตอบ: Counter-Strike 2: CS2 ใช้แผนที่ Ancient, Anubis, Dust 2, Inferno, Mirage, Nuke และ Train หลักฐานจากกติกา: • เอกสารระบุ map pool สำหรับการแข่งขัน CS2 ได้แก่ Ancient, Anubis, Dust 2, Inferno, Mirage, Nuke และ Train อ้างอิงจากกติกา: Counter-Strike 2 / PSU Phuket CS2 2026 Tournament แหล่งข้อมูล: local://competition_rules/competition_rules_cs2_psu_phuket_2026",pipeline:competition_fact_card,competition_rules/competition_rules_lookup,100.0,True,0.3591,0,,,
MB-0566-CR-030,competition_rules,psu_fact,CS2 สรุปกติกาสั้นๆ,คำตอบ: Counter-Strike 2: ต่างกันคือ CS2 Technical Pause ขอได้ทีมละ 2 ครั้ง รวมไม่เกิน 10 นาที ส่วน Tactical Timeout ขอได้ทีมละ 4 ครั้ง ครั้งละ 30 วินาที แหล่งข้อมูล: local://competition_rules/competition_rules_cs2_psu_phuket_2026,pipeline:competition_fact_card,competition_rules/competition_rules_lookup,100.0,True,0.3471,0,,,
MB-0567-CR-031,competition_rules,psu_fact,Counter-Strike 2 กติกาการแข่งขันคืออะไร,"คำตอบ: Counter-Strike 2: CS2 ใช้แผนที่ Ancient, Anubis, Dust 2, Inferno, Mirage, Nuke และ Train หลักฐานจากกติกา: • เอกสารระบุ map pool สำหรับการแข่งขัน CS2 ได้แก่ Ancient, Anubis, Dust 2, Inferno, Mirage, Nuke และ Train อ้างอิงจากกติกา: Counter-Strike 2 / PSU Phuket CS2 2026 Tournament แหล่งข้อมูล: local://competition_rules/competition_rules_cs2_psu_phuket_2026",pipeline:competition_fact_card,competition_rules/competition_rules_lookup,100.0,True,0.4364,0,,,
MB-0568-CR-032,competition_rules,psu_fact,Counter-Strike 2 ใช้ผู้เล่นกี่คน,คำตอบ: Counter-Strike 2: CS2 แต่ละทีมประกอบด้วยผู้เล่น 5 คน หลักฐานจากกติกา: • เอกสารระบุว่าองค์ประกอบทีมแต่ละทีมประกอบด้วยผู้เล่น 5 คน อ้างอิงจากกติกา: Counter-Strike 2 / PSU Phuket CS2 2026 Tournament แหล่งข้อมูล: local://competition_rules/competition_rules_cs2_psu_phuket_2026,pipeline:competition_fact_card,competition_rules/competition_rules_lookup,100.0,True,0.3735,0,,,
MB-0569-CR-033,competition_rules,psu_fact,Counter-Strike 2 มาสายจะโดนอะไร,"คำตอบ: 7. เวลาการแข่งขัน สายการแข่งขันจะประกาศล่วงหน้าอย่างน้อย 1 วัน ต้องยืนยันการเข้าแข่งขันก่อนเริ่มแมตช์ การมาสายอาจถูกตัดสิทธิ์ รายละเอียดที่เกี่ยวข้อง: • 1. ผู้เล่นสามารถนำคีย์บอร์ด (มีสาย/ไร้สาย), เมาส์(มีสาย/ไร้สาย), ตัวยึดสายเมาส์ (mouse bungee), แผ่นรองเมาส์ หูฟังแบบ In-ear (มีสาย), Headset (มีสาย) มาเองได้ • 2. การประท้วง ต้องยื่นเรื่องภายใน 15 นาทีหลังจากจบแมตช์ โดยกัปตันทีมหรือโค้ชเท่านั้น อ้างอิงจากกติกา: Counter-Strike 2 / PSU Phuket CS2 2026 Tournament แหล่งข้อมูล: local://competition_rules/competition_rules_cs2_psu_phuket_2026",pipeline:rag_direct_curated,competition_rules/competition_rules_lookup,100.0,True,0.4137,0,,,
MB-0570-CR-034,competition_rules,psu_fact,Counter-Strike 2 pause ได้ไหม,คำตอบ: Counter-Strike 2: ต่างกันคือ CS2 Technical Pause ขอได้ทีมละ 2 ครั้ง รวมไม่เกิน 10 นาที ส่วน Tactical Timeout ขอได้ทีมละ 4 ครั้ง ครั้งละ 30 วินาที หลักฐานจากกติกา: • เอกสารระบุ Technical Pause ได้ทีมละ 2 ครั้ง ระยะเวลารวมไม่เกิน 10 นาที และ Tactical Timeout ได้ทีมละ 4 ครั้ง ครั้งละ 30 วินาที อ้างอิงจากกติกา: Counter-Strike 2 / PSU Phuket CS2 2026 Tournament แหล่งข้อมูล: local://competition_rules/competition_rules_cs2_psu_phuket_2026,pipeline:competition_fact_card,competition_rules/competition_rules_lookup,100.0,True,0.266,0,,,
MB-0571-CR-035,competition_rules,psu_fact,Counter-Strike 2 ถ้าเกมหลุดทำยังไง,คำตอบ: Counter-Strike 2: ต่างกันคือ CS2 Technical Pause ขอได้ทีมละ 2 ครั้ง รวมไม่เกิน 10 นาที ส่วน Tactical Timeout ขอได้ทีมละ 4 ครั้ง ครั้งละ 30 วินาที หลักฐานจากกติกา: • เอกสารระบุ Technical Pause ได้ทีมละ 2 ครั้ง ระยะเวลารวมไม่เกิน 10 นาที และ Tactical Timeout ได้ทีมละ 4 ครั้ง ครั้งละ 30 วินาที อ้างอิงจากกติกา: Counter-Strike 2 / PSU Phuket CS2 2026 Tournament แหล่งข้อมูล: local://competition_rules/competition_rules_cs2_psu_phuket_2026,pipeline:competition_fact_card,competition_rules/competition_rules_lookup,100.0,True,0.415,0,,,
MB-0572-CR-036,competition_rules,psu_fact,Counter-Strike 2 ขอ restart ได้ไหม,คำตอบ: Counter-Strike 2: ต่างกันคือ CS2 Technical Pause ขอได้ทีมละ 2 ครั้ง รวมไม่เกิน 10 นาที ส่วน Tactical Timeout ขอได้ทีมละ 4 ครั้ง ครั้งละ 30 วินาที หลักฐานจากกติกา: • เอกสารระบุ Technical Pause ได้ทีมละ 2 ครั้ง ระยะเวลารวมไม่เกิน 10 นาที และ Tactical Timeout ได้ทีมละ 4 ครั้ง ครั้งละ 30 วินาที อ้างอิงจากกติกา: Counter-Strike 2 / PSU Phuket CS2 2026 Tournament แหล่งข้อมูล: local://competition_rules/competition_rules_cs2_psu_phuket_2026,pipeline:competition_fact_card,competition_rules/competition_rules_lookup,100.0,True,0.3084,0,,,
MB-0573-CR-037,competition_rules,psu_fact,Counter-Strike 2 รูปแบบการแข่งขันเป็นยังไง,คำตอบ: Counter-Strike 2: CS2 เป็น Single Elimination และรอบรองชนะเลิศ/รอบชิงชนะเลิศเป็น Best of 3 (BO3) หลักฐานจากกติกา: • เอกสารระบุรูปแบบทัวร์นาเมนต์ Single Elimination และกำหนดรอบรอง/รอบชิงเป็น BO3 อ้างอิงจากกติกา: Counter-Strike 2 / PSU Phuket CS2 2026 Tournament แหล่งข้อมูล: local://competition_rules/competition_rules_cs2_psu_phuket_2026,pipeline:competition_fact_card,competition_rules/competition_rules_lookup,100.0,True,0.4068,0,,,
MB-0574-CR-038,competition_rules,psu_fact,Counter-Strike 2 รอบชิงเล่นกี่เกม,คำตอบ: Counter-Strike 2: CS2 เป็น Single Elimination และรอบรองชนะเลิศ/รอบชิงชนะเลิศเป็น Best of 3 (BO3) หลักฐานจากกติกา: • เอกสารระบุรูปแบบทัวร์นาเมนต์ Single Elimination และกำหนดรอบรอง/รอบชิงเป็น BO3 อ้างอิงจากกติกา: Counter-Strike 2 / PSU Phuket CS2 2026 Tournament แหล่งข้อมูล: local://competition_rules/competition_rules_cs2_psu_phuket_2026,pipeline:competition_fact_card,competition_rules/competition_rules_lookup,100.0,True,0.4057,0,,,
MB-0575-CR-039,competition_rules,psu_fact,Counter-Strike 2 มีตัวสำรองได้ไหม,คำตอบ: Counter-Strike 2: CS2 แต่ละทีมประกอบด้วยผู้เล่น 5 คน หลักฐานจากกติกา: • เอกสารระบุว่าองค์ประกอบทีมแต่ละทีมประกอบด้วยผู้เล่น 5 คน อ้างอิงจากกติกา: Counter-Strike 2 / PSU Phuket CS2 2026 Tournament แหล่งข้อมูล: local://competition_rules/competition_rules_cs2_psu_phuket_2026,pipeline:competition_fact_card,competition_rules/competition_rules_lookup,100.0,True,0.3486,0,,,
MB-0576-CR-040,competition_rules,psu_fact,Counter-Strike 2 มีข้อห้ามอะไรบ้าง,"คำตอบ: Counter-Strike 2: CS2 ใช้แผนที่ Ancient, Anubis, Dust 2, Inferno, Mirage, Nuke และ Train หลักฐานจากกติกา: • เอกสารระบุ map pool สำหรับการแข่งขัน CS2 ได้แก่ Ancient, Anubis, Dust 2, Inferno, Mirage, Nuke และ Train อ้างอิงจากกติกา: Counter-Strike 2 / PSU Phuket CS2 2026 Tournament แหล่งข้อมูล: local://competition_rules/competition_rules_cs2_psu_phuket_2026",pipeline:competition_fact_card,competition_rules/competition_rules_lookup,100.0,True,0.3903,0,,,
MB-0577-CR-041,competition_rules,psu_fact,Counter-Strike 2 ถ้าใช้ bug จะโดนอะไร,คำตอบ: 1. ขอบเขตการบังคับใช้ กฎระเบียบนี้ใช้กับผู้เล่น ทีม และเจ้าหน้าที่ทุกคนที่เข้าร่วมการแข่งขัน CS2 อย่างเป็นทางการที่จัดโดย PSU Esports Studio - Phuket รายละเอียดที่เกี่ยวข้อง: • 3. ภาษา ภาษาทางการของการแข่งขันคือ ภาษาไทย การสื่อสาร การประท้วง และการรายงานผลทั้งหมดต้องใช้ภาษาไทย เว้นแต่จะระบุไว้เป็นอย่างอื่น • 3. ห้ามใช้สคริปต์ หรือมาโคร โดยเด็ดขาด อ้างอิงจากกติกา: Counter-Strike 2 / PSU Phuket CS2 2026 Tournament แหล่งข้อมูล: local://competition_rules/competition_rules_cs2_psu_phuket_2026,pipeline:rag_direct_curated,competition_rules/competition_rules_lookup,100.0,True,0.3348,0,,,
MB-0578-CR-042,competition_rules,psu_fact,Counter-Strike 2 ต้องเช็คอินก่อนแข่งไหม,คำตอบ: Counter-Strike 2: CS2 แต่ละทีมประกอบด้วยผู้เล่น 5 คน หลักฐานจากกติกา: • เอกสารระบุว่าองค์ประกอบทีมแต่ละทีมประกอบด้วยผู้เล่น 5 คน อ้างอิงจากกติกา: Counter-Strike 2 / PSU Phuket CS2 2026 Tournament แหล่งข้อมูล: local://competition_rules/competition_rules_cs2_psu_phuket_2026,pipeline:competition_fact_card,competition_rules/competition_rules_lookup,100.0,True,0.3907,0,,,
MB-0579-CR-043,competition_rules,psu_fact,Counter-Strike 2 ใช้บัญชีอะไรแข่ง,"คำตอบ: Counter-Strike 2: CS2 ใช้แผนที่ Ancient, Anubis, Dust 2, Inferno, Mirage, Nuke และ Train หลักฐานจากกติกา: • เอกสารระบุ map pool สำหรับการแข่งขัน CS2 ได้แก่ Ancient, Anubis, Dust 2, Inferno, Mirage, Nuke และ Train อ้างอิงจากกติกา: Counter-Strike 2 / PSU Phuket CS2 2026 Tournament แหล่งข้อมูล: local://competition_rules/competition_rules_cs2_psu_phuket_2026",pipeline:competition_fact_card,competition_rules/competition_rules_lookup,100.0,True,0.3262,0,,,
MB-0580-CR-044,competition_rules,psu_fact,Counter-Strike 2 แผนที่มีอะไรบ้าง,"คำตอบ: Counter-Strike 2: CS2 ใช้แผนที่ Ancient, Anubis, Dust 2, Inferno, Mirage, Nuke และ Train หลักฐานจากกติกา: • เอกสารระบุ map pool สำหรับการแข่งขัน CS2 ได้แก่ Ancient, Anubis, Dust 2, Inferno, Mirage, Nuke และ Train อ้างอิงจากกติกา: Counter-Strike 2 / PSU Phuket CS2 2026 Tournament แหล่งข้อมูล: local://competition_rules/competition_rules_cs2_psu_phuket_2026",pipeline:competition_fact_card,competition_rules/competition_rules_lookup,100.0,True,0.3739,0,,,
MB-0581-CR-045,competition_rules,psu_fact,Counter-Strike 2 สรุปกติกาสั้นๆ,คำตอบ: Counter-Strike 2: ต่างกันคือ CS2 Technical Pause ขอได้ทีมละ 2 ครั้ง รวมไม่เกิน 10 นาที ส่วน Tactical Timeout ขอได้ทีมละ 4 ครั้ง ครั้งละ 30 วินาที แหล่งข้อมูล: local://competition_rules/competition_rules_cs2_psu_phuket_2026,pipeline:competition_fact_card,competition_rules/competition_rules_lookup,100.0,True,0.3649,0,,,
MB-0582-CR-046,competition_rules,psu_fact,TEKKEN 8 กติกาการแข่งขันคืออะไร,"คำตอบ: Tekken 8 เป็นการแข่งขันออฟไลน์แบบ 1v1 บน PlayStation 5 ใช้รูปแบบ First to 2 (FT2), Round 3 และเวลา 60 วินาที หลักฐานจากกติกา: • เอกสารระบุแข่งขันแบบ Offline, Platform PlayStation 5, 1v1, FT2, R3 และตั้งเวลา 60 วินาที อ้างอิงจากกติกา: Tekken 8 / PSU Esports ปะทะมันส์ สนั่นจอ แหล่งข้อมูล: local://competition_rules/competition_rules_tekken8_psu_esports",pipeline:competition_fact_card,competition_rules/competition_rules_lookup,100.0,True,0.7217,0,,,
MB-0583-CR-047,competition_rules,psu_fact,TEKKEN 8 ใช้ผู้เล่นกี่คน,คำตอบ: การหยุดเกม อ้างอิงจากกติกา: Tekken 8 / PSU Esports ปะทะมันส์ สนั่นจอ แหล่งข้อมูล: local://competition_rules/competition_rules_tekken8_psu_esports,pipeline:rag_direct_curated,competition_rules/competition_rules_lookup,100.0,True,0.3972,0,,,
MB-0584-CR-048,competition_rules,psu_fact,TEKKEN 8 มาสายจะโดนอะไร,กฎระเบียบและรูปแบบการแข่งขัน Tekken 8 รายการ PSU Esports ปะทะมันส์ สนั่นจอ แหล่งข้อมูล: local://competition_rules/competition_rules_tekken8_psu_esports,pipeline:guarded_vector_direct,competition_rules/competition_rules_lookup,100.0,True,5.4078,0,,,
MB-0585-CR-049,competition_rules,psu_fact,TEKKEN 8 pause ได้ไหม,คำตอบ: Tekken 8 ไม่อนุญาตให้ Pause หลังเริ่มเกม หากตั้งใจกดหยุดเกมจะถูกปรับแพ้ 1 Round เว้นแต่ทั้งสองฝ่ายยินยอมและมีเหตุผลสมควร หลักฐานจากกติกา: • เอกสารระบุห้ามหยุดเกมหลังเริ่มแข่งขัน การ Pause โดยตั้งใจทำให้แพ้ 1 Round และ Pause ได้เฉพาะกรณีทั้งสองฝ่ายยินยอม/มีเหตุผลสมควร อ้างอิงจากกติกา: Tekken 8 / PSU Esports ปะทะมันส์ สนั่นจอ แหล่งข้อมูล: local://competition_rules/competition_rules_tekken8_psu_esports,pipeline:competition_fact_card,competition_rules/competition_rules_lookup,100.0,True,0.3045,0,,,
MB-0586-CR-050,competition_rules,psu_fact,TEKKEN 8 ถ้าเกมหลุดทำยังไง,คำตอบ: Tekken 8 ไม่อนุญาตให้ Pause หลังเริ่มเกม หากตั้งใจกดหยุดเกมจะถูกปรับแพ้ 1 Round เว้นแต่ทั้งสองฝ่ายยินยอมและมีเหตุผลสมควร หลักฐานจากกติกา: • เอกสารระบุห้ามหยุดเกมหลังเริ่มแข่งขัน การ Pause โดยตั้งใจทำให้แพ้ 1 Round และ Pause ได้เฉพาะกรณีทั้งสองฝ่ายยินยอม/มีเหตุผลสมควร อ้างอิงจากกติกา: Tekken 8 / PSU Esports ปะทะมันส์ สนั่นจอ แหล่งข้อมูล: local://competition_rules/competition_rules_tekken8_psu_esports,pipeline:competition_fact_card,competition_rules/competition_rules_lookup,100.0,True,0.437,0,,,
MB-0587-CR-051,competition_rules,psu_fact,TEKKEN 8 ขอ restart ได้ไหม,คำตอบ: Tekken 8 ไม่อนุญาตให้ Pause หลังเริ่มเกม หากตั้งใจกดหยุดเกมจะถูกปรับแพ้ 1 Round เว้นแต่ทั้งสองฝ่ายยินยอมและมีเหตุผลสมควร หลักฐานจากกติกา: • เอกสารระบุห้ามหยุดเกมหลังเริ่มแข่งขัน การ Pause โดยตั้งใจทำให้แพ้ 1 Round และ Pause ได้เฉพาะกรณีทั้งสองฝ่ายยินยอม/มีเหตุผลสมควร อ้างอิงจากกติกา: Tekken 8 / PSU Esports ปะทะมันส์ สนั่นจอ แหล่งข้อมูล: local://competition_rules/competition_rules_tekken8_psu_esports,pipeline:competition_fact_card,competition_rules/competition_rules_lookup,100.0,True,0.3102,0,,,
MB-0588-CR-052,competition_rules,psu_fact,TEKKEN 8 รูปแบบการแข่งขันเป็นยังไง,"คำตอบ: Tekken 8 เป็นการแข่งขันออฟไลน์แบบ 1v1 บน PlayStation 5 ใช้รูปแบบ First to 2 (FT2), Round 3 และเวลา 60 วินาที หลักฐานจากกติกา: • เอกสารระบุแข่งขันแบบ Offline, Platform PlayStation 5, 1v1, FT2, R3 และตั้งเวลา 60 วินาที อ้างอิงจากกติกา: Tekken 8 / PSU Esports ปะทะมันส์ สนั่นจอ แหล่งข้อมูล: local://competition_rules/competition_rules_tekken8_psu_esports",pipeline:competition_fact_card,competition_rules/competition_rules_lookup,100.0,True,0.53,0,,,
MB-0589-CR-053,competition_rules,psu_fact,TEKKEN 8 รอบชิงเล่นกี่เกม,"คำตอบ: Tekken 8 เป็นการแข่งขันออฟไลน์แบบ 1v1 บน PlayStation 5 ใช้รูปแบบ First to 2 (FT2), Round 3 และเวลา 60 วินาที หลักฐานจากกติกา: • เอกสารระบุแข่งขันแบบ Offline, Platform PlayStation 5, 1v1, FT2, R3 และตั้งเวลา 60 วินาที อ้างอิงจากกติกา: Tekken 8 / PSU Esports ปะทะมันส์ สนั่นจอ แหล่งข้อมูล: local://competition_rules/competition_rules_tekken8_psu_esports",pipeline:competition_fact_card,competition_rules/competition_rules_lookup,100.0,True,0.4476,0,,,
MB-0590-CR-054,competition_rules,psu_fact,TEKKEN 8 มีตัวสำรองได้ไหม,คำตอบ: กติกาการแข่งขัน รายละเอียดที่เกี่ยวข้อง: • แข่งขันแบบ ออฟไลน์ (Offline) • ใช้เครื่องเกม PlayStation 5 • แข่งขันแบบ เดี่ยว (1v1) • รูปแบบการแข่งขัน: อ้างอิงจากกติกา: Tekken 8 / PSU Esports ปะทะมันส์ สนั่นจอ แหล่งข้อมูล: local://competition_rules/competition_rules_tekken8_psu_esports,pipeline:rag_direct_curated,competition_rules/competition_rules_lookup,100.0,True,0.3411,0,,,
MB-0591-CR-055,competition_rules,psu_fact,TEKKEN 8 มีข้อห้ามอะไรบ้าง,คำตอบ: Tekken 8 เลือกตัวละครได้ทุกตัว ยกเว้นตัวละคร DLC และห้ามใช้ customization โดยให้ใช้ชุด/สกินมาตรฐาน หลักฐานจากกติกา: • เอกสารระบุอนุญาตให้ใช้ตัวละครทุกตัว ยกเว้น DLC Character และไม่อนุญาตให้ใช้ Customization อ้างอิงจากกติกา: Tekken 8 / PSU Esports ปะทะมันส์ สนั่นจอ แหล่งข้อมูล: local://competition_rules/competition_rules_tekken8_psu_esports,pipeline:competition_fact_card,competition_rules/competition_rules_lookup,100.0,True,0.3835,0,,,
MB-0592-CR-056,competition_rules,psu_fact,TEKKEN 8 ถ้าใช้ bug จะโดนอะไร,คำตอบ: * ห้ามใช้ Bug หรือ Glitch ที่ส่งผลให้เกิดความได้เปรียบ รายละเอียดที่เกี่ยวข้อง: • ใช้เครื่องเกม PlayStation 5 • ในแต่ละเกมใช้กติกา R3 (แข่ง 3 รอบต่อเกม) และ 60S (จำกัดเวลา 60 วินาทีต่อรอบ) • ต้องใช้ สกินมาตรฐาน เท่านั้น • อนุญาตให้ใช้ ปุ่ม Assist หรือระบบช่วยเหลือพิเศษ • หากมีการกดหยุดเกมโดยเจตนา จะถูก ปรับแพ้ 1 รอบทันที อ้างอิงจากกติกา: Tekken 8 / PSU Esports ปะทะมันส์ สนั่นจอ แหล่งข้อมูล: local://competition_rules/competition_rules_tekken8_psu_esports,pipeline:rag_direct_curated,competition_rules/competition_rules_lookup,100.0,True,0.4191,0,,,
MB-0593-CR-057,competition_rules,psu_fact,TEKKEN 8 ต้องเช็คอินก่อนแข่งไหม,คำตอบ: Tekken 8 แข่งขันบนเครื่อง PlayStation 5 หลักฐานจากกติกา: • เอกสารระบุ Platform การแข่งขันเป็น PlayStation 5 อ้างอิงจากกติกา: Tekken 8 / PSU Esports ปะทะมันส์ สนั่นจอ แหล่งข้อมูล: local://competition_rules/competition_rules_tekken8_psu_esports,pipeline:competition_fact_card,competition_rules/competition_rules_lookup,100.0,True,0.4518,0,,,
MB-0594-CR-058,competition_rules,psu_fact,TEKKEN 8 ใช้บัญชีอะไรแข่ง,คำตอบ: Tekken 8 แข่งขันบนเครื่อง PlayStation 5 หลักฐานจากกติกา: • เอกสารระบุ Platform การแข่งขันเป็น PlayStation 5 อ้างอิงจากกติกา: Tekken 8 / PSU Esports ปะทะมันส์ สนั่นจอ แหล่งข้อมูล: local://competition_rules/competition_rules_tekken8_psu_esports,pipeline:competition_fact_card,competition_rules/competition_rules_lookup,100.0,True,0.3805,0,,,
MB-0595-CR-059,competition_rules,psu_fact,TEKKEN 8 แผนที่มีอะไรบ้าง,คำตอบ: * คำตัดสินของกรรมการถือเป็นที่สิ้นสุด รายละเอียดที่เกี่ยวข้อง: • หากเสมอกันที่ 1-1 จะต้องแข่งขัน เกมตัดสิน • ผู้เข้าแข่งขันต้องยอมรับและปฏิบัติตามกฎ กติกา และคำตัดสินของกรรมการโดยไม่มีเงื่อนไข • FT2: ผู้ชนะคือผู้ที่ชนะครบ 2 เกมก่อน • หากเกิดปัญหาใด ๆ ต้องแจ้งผู้จัดการแข่งขันทันที • แข่งขันแบบ เดี่ยว (1v1) อ้างอิงจากกติกา: Tekken 8 / PSU Esports ปะทะมันส์ สนั่นจอ แหล่งข้อมูล: local://competition_rules/competition_rules_tekken8_psu_esports,pipeline:rag_direct_curated,competition_rules/competition_rules_lookup,100.0,True,0.4233,0,,,
MB-0596-CR-060,competition_rules,psu_fact,TEKKEN 8 สรุปกติกาสั้นๆ,"คำตอบ: Tekken 8 เป็นการแข่งขันออฟไลน์แบบ 1v1 บน PlayStation 5 ใช้รูปแบบ First to 2 (FT2), Round 3 และเวลา 60 วินาที แหล่งข้อมูล: local://competition_rules/competition_rules_tekken8_psu_esports",pipeline:competition_fact_card,competition_rules/competition_rules_lookup,100.0,True,0.4349,0,,,
MB-0597-CR-061,competition_rules,psu_fact,ROV กติกาการแข่งขันคืออะไร,คำตอบ: Arena of Valor (RoV): ไฟล์กติกา RoV ระบุว่าแข่งขันในโหมด 5v5 จึงยืนยันได้ว่าลงแข่งพร้อมกันฝ่ายละ 5 คน แต่ยังไม่พบจำนวนสมาชิกทีมรวมหรือตัวสำรองที่ระบุชัดเจนในไฟล์นี้ หลักฐานจากกติกา: • เอกสารระบุการเข้าแข่งขันในโหมดการแข่งขัน 5v5 แต่ไม่ได้ระบุจำนวน roster รวม/ตัวสำรองแบบชัดเจน หมายเหตุ: คำตอบนี้เป็นการสรุปจากข้อมูลที่มีในไฟล์กติกา ไม่ใช่ข้อมูล roster/ตัวสำรองที่ระบุเป็นตัวเลขแยกไว้ อ้างอิงจากกติกา: Arena of Valor (RoV) / Blueket Games 2025 ประเภททีมชาย แหล่งข้อมูล: local://competition_rules/competition_rules_rov_blueket_2025_men,pipeline:competition_fact_card,competition_rules/competition_rules_lookup,100.0,True,0.798,0,,,
MB-0598-CR-062,competition_rules,psu_fact,ROV ใช้ผู้เล่นกี่คน,คำตอบ: Arena of Valor (RoV): ไฟล์กติกา RoV ระบุว่าแข่งขันในโหมด 5v5 จึงยืนยันได้ว่าลงแข่งพร้อมกันฝ่ายละ 5 คน แต่ยังไม่พบจำนวนสมาชิกทีมรวมหรือตัวสำรองที่ระบุชัดเจนในไฟล์นี้ หลักฐานจากกติกา: • เอกสารระบุการเข้าแข่งขันในโหมดการแข่งขัน 5v5 แต่ไม่ได้ระบุจำนวน roster รวม/ตัวสำรองแบบชัดเจน หมายเหตุ: คำตอบนี้เป็นการสรุปจากข้อมูลที่มีในไฟล์กติกา ไม่ใช่ข้อมูล roster/ตัวสำรองที่ระบุเป็นตัวเลขแยกไว้ อ้างอิงจากกติกา: Arena of Valor (RoV) / Blueket Games 2025 ประเภททีมชาย แหล่งข้อมูล: local://competition_rules/competition_rules_rov_blueket_2025_men,pipeline:competition_fact_card,competition_rules/competition_rules_lookup,100.0,True,0.3996,0,,,
MB-0599-CR-063,competition_rules,psu_fact,ROV มาสายจะโดนอะไร,คำตอบ: Arena of Valor (RoV): RoV ถ้าเริ่มแข่งล่าช้าเกิน 15 นาที จะถูกปรับแพ้ในรอบนั้น หลักฐานจากกติกา: • เอกสารระบุว่าหากเริ่มการแข่งขันล่าช้าเกิน 15 นาที ทีมที่ทำให้เกิดความล่าช้าจะถูกปรับแพ้ อ้างอิงจากกติกา: Arena of Valor (RoV) / Blueket Games 2025 ประเภททีมชาย แหล่งข้อมูล: local://competition_rules/competition_rules_rov_blueket_2025_men,pipeline:competition_fact_card,competition_rules/competition_rules_lookup,100.0,True,0.4061,0,,,
MB-0600-CR-064,competition_rules,psu_fact,ROV pause ได้ไหม,คำตอบ: Arena of Valor (RoV): RoV แต่ละทีมสามารถหยุดเกมได้สูงสุด 5 ครั้ง ครั้งละไม่เกิน 1 นาที และเมื่อครบเวลาต้องกลับเข้าแข่งขันต่อ หลักฐานจากกติกา: • เอกสารระบุแต่ละทีมมีสิทธิ์ขอหยุดเกม 5 ครั้ง ครั้งละไม่เกิน 1 นาที กรณีเกิดปัญหาเช่นหลุดเกมหรือขัดข้อง อ้างอิงจากกติกา: Arena of Valor (RoV) / Blueket Games 2025 ประเภททีมชาย แหล่งข้อมูล: local://competition_rules/competition_rules_rov_blueket_2025_men,pipeline:competition_fact_card,competition_rules/competition_rules_lookup,100.0,True,0.3108,0,,,
MB-0601-CR-065,competition_rules,psu_fact,ROV ถ้าเกมหลุดทำยังไง,คำตอบ: Arena of Valor (RoV): RoV แต่ละทีมสามารถหยุดเกมได้สูงสุด 5 ครั้ง ครั้งละไม่เกิน 1 นาที และเมื่อครบเวลาต้องกลับเข้าแข่งขันต่อ หลักฐานจากกติกา: • เอกสารระบุแต่ละทีมมีสิทธิ์ขอหยุดเกม 5 ครั้ง ครั้งละไม่เกิน 1 นาที กรณีเกิดปัญหาเช่นหลุดเกมหรือขัดข้อง อ้างอิงจากกติกา: Arena of Valor (RoV) / Blueket Games 2025 ประเภททีมชาย แหล่งข้อมูล: local://competition_rules/competition_rules_rov_blueket_2025_men,pipeline:competition_fact_card,competition_rules/competition_rules_lookup,100.0,True,0.3766,0,,,
MB-0602-CR-066,competition_rules,psu_fact,ROV ขอ restart ได้ไหม,คำตอบ: Arena of Valor (RoV): RoV ขอแข่งใหม่ได้เฉพาะก่อนเกิด First Blood และก่อนเวลาเกม 2 นาที หากเกิด First Blood แล้วหรือเกิน 2 นาที ต้องได้รับความยินยอมจากฝ่ายตรงข้ามหรือผู้ตัดสิน หลักฐานจากกติกา: • เอกสารระบุเงื่อนไขการขอแข่งขันใหม่ก่อน First Blood และก่อน 2 นาที พร้อมข้อยกเว้นโดยฝ่ายตรงข้าม/ผู้ตัดสิน อ้างอิงจากกติกา: Arena of Valor (RoV) / Blueket Games 2025 ประเภททีมชาย แหล่งข้อมูล: local://competition_rules/competition_rules_rov_blueket_2025_men,pipeline:competition_fact_card,competition_rules/competition_rules_lookup,100.0,True,0.3139,0,,,
MB-0603-CR-067,competition_rules,psu_fact,ROV รูปแบบการแข่งขันเป็นยังไง,คำตอบ: Arena of Valor (RoV): RoV รายการ Blueket Games 2025 ประเภททีมชาย แข่ง Best of 3 (BO3) ทุกรอบ หลักฐานจากกติกา: • เอกสารหัวข้อ 3. รูปแบบการแข่งขัน ระบุว่าแข่งแบบออฟไลน์ และแข่ง Best of 3 (BO3) ทุกรอบ อ้างอิงจากกติกา: Arena of Valor (RoV) / Blueket Games 2025 ประเภททีมชาย แหล่งข้อมูล: local://competition_rules/competition_rules_rov_blueket_2025_men,pipeline:competition_fact_card,competition_rules/competition_rules_lookup,100.0,True,0.4563,0,,,
MB-0604-CR-068,competition_rules,psu_fact,ROV รอบชิงเล่นกี่เกม,คำตอบ: Arena of Valor (RoV): RoV รายการ Blueket Games 2025 ประเภททีมชาย แข่ง Best of 3 (BO3) ทุกรอบ หลักฐานจากกติกา: • เอกสารหัวข้อ 3. รูปแบบการแข่งขัน ระบุว่าแข่งแบบออฟไลน์ และแข่ง Best of 3 (BO3) ทุกรอบ อ้างอิงจากกติกา: Arena of Valor (RoV) / Blueket Games 2025 ประเภททีมชาย แหล่งข้อมูล: local://competition_rules/competition_rules_rov_blueket_2025_men,pipeline:competition_fact_card,competition_rules/competition_rules_lookup,100.0,True,0.3795,0,,,
MB-0605-CR-069,competition_rules,psu_fact,ROV มีตัวสำรองได้ไหม,คำตอบ: Arena of Valor (RoV): ไฟล์กติกา RoV ระบุว่าแข่งขันในโหมด 5v5 จึงยืนยันได้ว่าลงแข่งพร้อมกันฝ่ายละ 5 คน แต่ยังไม่พบจำนวนสมาชิกทีมรวมหรือตัวสำรองที่ระบุชัดเจนในไฟล์นี้ หลักฐานจากกติกา: • เอกสารระบุการเข้าแข่งขันในโหมดการแข่งขัน 5v5 แต่ไม่ได้ระบุจำนวน roster รวม/ตัวสำรองแบบชัดเจน หมายเหตุ: คำตอบนี้เป็นการสรุปจากข้อมูลที่มีในไฟล์กติกา ไม่ใช่ข้อมูล roster/ตัวสำรองที่ระบุเป็นตัวเลขแยกไว้ อ้างอิงจากกติกา: Arena of Valor (RoV) / Blueket Games 2025 ประเภททีมชาย แหล่งข้อมูล: local://competition_rules/competition_rules_rov_blueket_2025_men,pipeline:competition_fact_card,competition_rules/competition_rules_lookup,100.0,True,0.372,0,,,
MB-0606-CR-070,competition_rules,psu_fact,ROV มีข้อห้ามอะไรบ้าง,คำตอบ: Arena of Valor (RoV): RoV ถ้าเริ่มแข่งล่าช้าเกิน 15 นาที จะถูกปรับแพ้ในรอบนั้น หลักฐานจากกติกา: • เอกสารระบุว่าหากเริ่มการแข่งขันล่าช้าเกิน 15 นาที ทีมที่ทำให้เกิดความล่าช้าจะถูกปรับแพ้ อ้างอิงจากกติกา: Arena of Valor (RoV) / Blueket Games 2025 ประเภททีมชาย แหล่งข้อมูล: local://competition_rules/competition_rules_rov_blueket_2025_men,pipeline:competition_fact_card,competition_rules/competition_rules_lookup,100.0,True,0.3275,0,,,
MB-0607-CR-071,competition_rules,psu_fact,ROV ถ้าใช้ bug จะโดนอะไร,โหมดทดลอง RAG: ข้อมูลที่ใกล้กับคำถามที่สุดคือ rov_late_start_forfeit RoV ถ้าเริ่มแข่งล่าช้าเกิน 15 นาที จะถูกปรับแพ้ในรอบนั้น เอกสารระบุว่าหากเริ่มการแข่งขันล่าช้าเกิน 15 นาที ทีมที่ทำให้เกิดความล่าช้าจะถูกปรับแพ้ Arena of Valor (RoV) Blueket Games 2025 ประเภททีมชาย หมายเหตุ: คำตอบนี้เป็นการดึงข้อมูลใกล้เคียงแทน no-answer จึงควรตรวจแหล่งข้อมูลประกอบก่อนใช้เป็นคำตอบยืนยัน แหล่งข้อมูล: local://competition_rules/competition_rules_rov_blueket_2025_men,pipeline:experimental_rag_direct_fallback,competition_rules/competition_rules_lookup,100.0,True,0.8859,0,,,
MB-0608-CR-072,competition_rules,psu_fact,ROV ต้องเช็คอินก่อนแข่งไหม,คำตอบ: Arena of Valor (RoV): RoV ขอแข่งใหม่ได้เฉพาะก่อนเกิด First Blood และก่อนเวลาเกม 2 นาที หากเกิด First Blood แล้วหรือเกิน 2 นาที ต้องได้รับความยินยอมจากฝ่ายตรงข้ามหรือผู้ตัดสิน หลักฐานจากกติกา: • เอกสารระบุเงื่อนไขการขอแข่งขันใหม่ก่อน First Blood และก่อน 2 นาที พร้อมข้อยกเว้นโดยฝ่ายตรงข้าม/ผู้ตัดสิน อ้างอิงจากกติกา: Arena of Valor (RoV) / Blueket Games 2025 ประเภททีมชาย แหล่งข้อมูล: local://competition_rules/competition_rules_rov_blueket_2025_men,pipeline:competition_fact_card,competition_rules/competition_rules_lookup,100.0,True,0.4119,0,,,
MB-0609-CR-073,competition_rules,psu_fact,ROV ใช้บัญชีอะไรแข่ง,คำตอบ: Arena of Valor (RoV): RoV ใช้โทรศัพท์มือถือในการแข่งขัน ไม่อนุญาตให้ใช้ Tablet หรือ iPad หลักฐานจากกติกา: • เอกสารระบุให้ใช้โทรศัพท์มือถือ และไม่อนุญาตให้ใช้ Tablet/iPad ในการแข่งขัน อ้างอิงจากกติกา: Arena of Valor (RoV) / Blueket Games 2025 ประเภททีมชาย แหล่งข้อมูล: local://competition_rules/competition_rules_rov_blueket_2025_men,pipeline:competition_fact_card,competition_rules/competition_rules_lookup,100.0,True,0.3023,0,,,
MB-0610-CR-074,competition_rules,psu_fact,ROV แผนที่มีอะไรบ้าง,คำตอบ: 4.3.1.ในกรณีที่มีผู้เข้าแข่งขันหลุดออกจากเกม ให้ทำการหยุดเกมชั่วคราว โดยแต่ละทีมสามารถกดหยุดเกมได้ทีมละ 5 ครั้ง ครั้งละไม่เกิน 1 นาที ถ้าหากเกินเวลาดังกล่าว อีกทีมสามารถกด Resume ได้ทันทีและทำการแข่งขันต่อตามปกติ รายละเอียดที่เกี่ยวข้อง: • 1.1. แข่งขันออฟไลน์ วันที่ 11 กันยายน 2568 • 4.5.2.หากเกมหยุดลงเป็นเวลาเกินกว่า 10 นาที ทางทีมงานมีสิทธิสั่งให้เริ่มเกมใหม่ เว้นแต่ทีมผู้เข้าร่วมแข่งขันทีมใดทีมหนึ่งมีคะแนนมากกว่าอีกทีมเป็นจำนวนมาก ทางทีมงานอาจใช้ดุลยพินิจในการสั่งให้ทีมที่มีคะแนนมากกว่าดังกล่าวเป็นผู้ชนะในเกมที่หยุดลงนั้นตามที่เห็นควร • 4.5.5.1. หากผู้เข้าแข่งขันรายใดตกอยู่ในสภาวะที่เป็นอันตรายต่อชีวิต กล่าวคือ ไม่มีความปลอดภัยในการบริเวณการแข่งขัน หรือตกอยู่ในสถานการณ์อื่นใดที่ทำใ,pipeline:rag_direct_curated,competition_rules/competition_rules_lookup,100.0,True,0.4669,0,,,
MB-0611-CR-075,competition_rules,psu_fact,ROV สรุปกติกาสั้นๆ,คำตอบ: Arena of Valor (RoV): ไฟล์กติกา RoV ระบุว่าแข่งขันในโหมด 5v5 จึงยืนยันได้ว่าลงแข่งพร้อมกันฝ่ายละ 5 คน แต่ยังไม่พบจำนวนสมาชิกทีมรวมหรือตัวสำรองที่ระบุชัดเจนในไฟล์นี้ แหล่งข้อมูล: local://competition_rules/competition_rules_rov_blueket_2025_men,pipeline:competition_fact_card,competition_rules/competition_rules_lookup,100.0,True,0.3002,0,,,
MB-0612-C-001,compound,psu_fact,Tekken 8 ปุ่มอะไร แล้ว PC ราคาเท่าไหร่,คำถามนี้มีหลายเรื่อง ขอแยกตอบเป็นข้อ ๆ: คำถามที่ 1: Tekken 8 ปุ่มอะไร TEKKEN 8 มีข้อมูลปุ่มควบคุมดังนี้: PlayStation / PS5 • Square: หมัดซ้าย / ต่อยซ้าย - ออกหมัดแย็บหรือโจมตีด้วยมือซ้าย เป็นปุ่มหลักในการเริ่มต้นเฟรมคอมโบที่รวดเร็ว • Triangle: หมัดขวา / ต่อยขวา - ออกหมัดหนักหรือโจมตีด้วยมือขวา มักใช้ทำดาเมจแรงหรือสวนกลับ (Counter) • Cross: ลูกเตะซ้าย - ใช้ขาซ้ายเตะสกัดหรือโจมตีเพื่อเปิดช่องว่างของศัตรู • Circle: ลูกเตะขวา - ใช้ขาขวาหวดเตะอย่างรุนแรง มักเป็นท่าเคลียร์ระยะหรือตัดขาที่ทำดาเมจสูง • D-Pad Up: กระโดด - ควบคุมให้ตัวละครกระโดดขึ้นด้านบนเพื่อหลบการโจมตีล่าง หรือใช้กดร่วมกับปุ่มโจมตีกลางอากาศ • D-Pad Left: ถอยหลัง / บล็อก - บังคับตัวละครให้เดินถอยหลังเพื่อรักษาระยะ หรือใช้กดค้างเพื่อ ,pipeline:multi_question_splitter,multi_question/multi_question_split,100.0,True,0.6548,0,,,
MB-0613-C-002,compound,psu_fact,PS5 มีเกมอะไรกับราคาเท่าไหร่,"คำถามนี้มีหลายเรื่อง ขอแยกตอบเป็นข้อ ๆ: คำถามที่ 1: PS5 มีเกมอะไร PlayStation 5 Zone มีเกมที่ยืนยันได้ดังนี้ PlayStation 5 #01-#02 (60 นาที, 1-2 คน) • Call of Duty: Modern Warfare III • Delta Force • EA Sports FC 24 • eFootball • FINAL FANTASY XVI • Fortnite • God of War Ragnarok • Hogwarts Legacy • Marvel's Spider-Man 2 • NARUTO X BORUTO Ultimate Ninja Storm Connections • Resident Evil 4 • Resident Evil Village • TEKKEN 8 • THE FINALS • The Last of Us Part I • The Last of Us Part II (Remastered) • Uncharted: Legacy of Thieves Collection หมายเหตุ: PlayStation 5 #01 และ #02 ใช้รายการเกมเดียวกัน แหล่งข้อมูล: https://esports.computing.psu.ac.th/ คำถามที่ 2: PS5 ราคาเท่าไหร่ PlayStation 5 60 นาท",pipeline:multi_question_splitter,multi_question/multi_question_split,100.0,True,0.4833,0,,,
MB-0614-C-003,compound,psu_fact,PC มีอุปกรณ์อะไร แล้วมีเกมอะไรบ้าง,"คำถามนี้มีหลายเรื่อง ขอแยกตอบเป็นข้อ ๆ: คำถามที่ 1: PC มีอุปกรณ์อะไร อุปกรณ์ใน PC Zone: PC Zone • Gaming PC รุ่น MSI MAG Infinite S3 14th (10 Units) • Gaming Monitor (10 Units) • Gaming Keyboard • Gaming Mouse • Gaming Headset • Gaming Chair (10 Units) แหล่งข้อมูล: https://esports.phuket.psu.ac.th/home คำถามที่ 2: PC มีเกมอะไรบ้าง PC Zone แยกรายการเกมตามเลขเครื่องดังนี้ PC #01-#02 (60 นาที, 1 คน) • TEKKEN 8 • Counter-Strike 2 • League of Legends • PUBG: BATTLEGROUNDS • VALORANT หมายเหตุ: PC #01-#02 มี TEKKEN 8 แต่ไม่มี Call of Duty: Warzone หมายเหตุ: PC #01-#02 และ PC #03-#10 มี Counter-Strike 2, League of Legends, PUBG: BATTLEGROUNDS, VALORANT เหมือนกัน PC #03-#10 (60 นาที, 1 คน) • Call of ",pipeline:multi_question_splitter,multi_question/multi_question_split,100.0,True,0.4119,0,,,
MB-0615-C-004,compound,psu_fact,Gran Turismo 7 เล่นยังไง แล้วปุ่มเร่งกดอะไร,คำถามนี้มีหลายเรื่อง ขอแยกตอบเป็นข้อ ๆ: คำถามที่ 1: Gran Turismo 7 เล่นยังไง Gran Turismo 7: Gran Turismo 7 คือเกมแข่งรถที่เน้นการขับรถสมจริง การเลือกสนาม รถ และการควบคุมจังหวะเข้าโค้ง แนวเกม: เกมแข่งรถ / Driving Simulator วิธีเล่นโดยสรุป: ใน Cockpit Zone เล่นโดยใช้พวงมาลัย คันเร่ง เบรก และชุดเบาะจำลองการขับรถ เป้าหมายคือขับให้เร็วและควบคุมรถให้แม่นในแต่ละสนาม เล่นได้ที่: Cockpit Zone แหล่งข้อมูล: https://esports.phuket.psu.ac.th/Services/our-games คำถามที่ 2: Gran Turismo 7 ปุ่มเร่งกดอะไร Gran Turismo 7 ปุ่มที่ตรงกับคำถาม: PlayStation / PS5 • R2: คันเร่ง - กดเพื่อเร่งเครื่อง • R3: ไนตรัส / เร่งแซง - ใช้งานระบบเพิ่มความเร็วพิเศษที่มีติดตั้งในรถบางรุ่น แหล่งข้อมูล: https://gameinputdatabase.c,pipeline:multi_question_splitter,multi_question/multi_question_split,100.0,True,0.8803,0,,,
MB-0616-C-005,compound,psu_fact,Nintendo Switch ราคาเท่าไหร่ แล้วมีเกมอะไรบ้าง,"คำถามนี้มีหลายเรื่อง ขอแยกตอบเป็นข้อ ๆ: คำถามที่ 1: Nintendo Switch ราคาเท่าไหร่ Nintendo Switch 1-2 คน 60 นาที (1 ชั่วโมง) • PSU Student and Staff: 0 บาท • PSU Alumni and General Student: 50 บาท • General Adult: 140 บาท Nintendo Switch 3-4 คน 60 นาที (1 ชั่วโมง) • PSU Student and Staff: 0 บาท • PSU Alumni and General Student: 100 บาท • General Adult: 280 บาท แหล่งข้อมูล: https://esports.computing.psu.ac.th/wp-content/uploads/2026/01/PSU-Esports-Studio-phuket-SERVICE-FEE-2026.png คำถามที่ 2: Nintendo Switch มีเกมอะไรบ้าง Nintendo Switch Zone มีเกมที่ยืนยันได้ดังนี้ Nintendo Switch (1-2 Persons) (60 นาที, 1-2 คน) • Pokémon Champions • Animal Crossing: New Horizons • It Takes Two • Little Nigh",pipeline:multi_question_splitter,multi_question/multi_question_split,100.0,True,0.6792,0,,,
MB-0617-C-006,compound,psu_fact,VR ราคาเท่าไหร่ แล้วจองยังไง,"คำถามนี้มีหลายเรื่อง ขอแยกตอบเป็นข้อ ๆ: คำถามที่ 1: VR ราคาเท่าไหร่ VR 30 นาที (1-5 คน) • PSU Student and Staff: 0 บาท • PSU Alumni and General Student: 190 บาท • General Adult: 525 บาท VR 1 ชั่วโมง (60 นาที, 1-5 คน) • PSU Student and Staff: 0 บาท • PSU Alumni and General Student: 375 บาท • General Adult: 1,050 บาท แหล่งข้อมูล: https://esports.computing.psu.ac.th/wp-content/uploads/2026/01/PSU-Esports-Studio-phuket-SERVICE-FEE-2026.png คำถามที่ 2: จะเล่น VR จองยังไง จองคิวเล่นเกม/ใช้อุปกรณ์ได้ผ่านระบบจองออนไลน์ครับ ถ้าต้องการจอง VR ให้เลือกบริการ VR Station และเลือกรอบ 30 นาทีหรือ 1 ชั่วโมงตามที่ระบบมีให้เลือก ขั้นตอนโดยสรุปคือ 1) เลือกบริการหรือโซนที่ต้องการใช้ 2) เลือกวันและรอบเวลา 3) กรอก",pipeline:multi_question_splitter,multi_question/multi_question_split,100.0,True,1.4038,0,,,
MB-0618-C-007,compound,psu_fact,สมาชิกมีกี่คน แล้วใครเป็นอธิการบดี,คำถามนี้มีหลายเรื่อง ขอแยกตอบเป็นข้อ ๆ: คำถามที่ 1: สมาชิกมีกี่คน สมาชิกในหน้า Members แบ่งเป็น 3 หมวดครับ • Members: 7 คน • cooperative education and Internship student: 5 คน • PSU Phuket Esports Club - PSU Phuket: 13 คน รวมทั้งหมด 25 คน แหล่งข้อมูล: https://esports.phuket.psu.ac.th/about-us/Members คำถามที่ 2: สมาชิก ใครเป็นอธิการบดี ตำแหน่ง อธิการบดี มี 1 คนครับ • ผศ.ดร.นิวัติ แก้วประดับ: อธิการบดี (มหาวิทยาลัยสงขลานครินทร์) ◦ หมวด: Members แหล่งข้อมูล: https://esports.phuket.psu.ac.th/about-us/Members,pipeline:multi_question_splitter,multi_question/multi_question_split,100.0,True,0.5584,0,,,
MB-0619-C-008,compound,psu_fact,Tekken 8 กับ Mario Kart 8 Deluxe มีปุ่มอะไรบ้าง,คำถามนี้มีหลายเรื่อง ขอแยกตอบเป็นข้อ ๆ: คำถามที่ 1: Tekken 8 มีปุ่มอะไรบ้าง TEKKEN 8 มีข้อมูลปุ่มควบคุมดังนี้: PlayStation / PS5 • Square: หมัดซ้าย / ต่อยซ้าย - ออกหมัดแย็บหรือโจมตีด้วยมือซ้าย เป็นปุ่มหลักในการเริ่มต้นเฟรมคอมโบที่รวดเร็ว • Triangle: หมัดขวา / ต่อยขวา - ออกหมัดหนักหรือโจมตีด้วยมือขวา มักใช้ทำดาเมจแรงหรือสวนกลับ (Counter) • Cross: ลูกเตะซ้าย - ใช้ขาซ้ายเตะสกัดหรือโจมตีเพื่อเปิดช่องว่างของศัตรู • Circle: ลูกเตะขวา - ใช้ขาขวาหวดเตะอย่างรุนแรง มักเป็นท่าเคลียร์ระยะหรือตัดขาที่ทำดาเมจสูง • D-Pad Up: กระโดด - ควบคุมให้ตัวละครกระโดดขึ้นด้านบนเพื่อหลบการโจมตีล่าง หรือใช้กดร่วมกับปุ่มโจมตีกลางอากาศ • D-Pad Left: ถอยหลัง / บล็อก - บังคับตัวละครให้เดินถอยหลังเพื่อรักษาระยะ หรือใช้กดค้าง,pipeline:multi_question_splitter,multi_question/multi_question_split,100.0,True,0.7706,0,,,
MB-0620-C-009,compound,psu_fact,PS5 กับ Nintendo Switch มีเกมอะไรบ้าง,"คำถามนี้มีหลายเรื่อง ขอแยกตอบเป็นข้อ ๆ: คำถามที่ 1: PS5 มีเกมอะไรบ้าง PlayStation 5 Zone มีเกมที่ยืนยันได้ดังนี้ PlayStation 5 #01-#02 (60 นาที, 1-2 คน) • Call of Duty: Modern Warfare III • Delta Force • EA Sports FC 24 • eFootball • FINAL FANTASY XVI • Fortnite • God of War Ragnarok • Hogwarts Legacy • Marvel's Spider-Man 2 • NARUTO X BORUTO Ultimate Ninja Storm Connections • Resident Evil 4 • Resident Evil Village • TEKKEN 8 • THE FINALS • The Last of Us Part I • The Last of Us Part II (Remastered) • Uncharted: Legacy of Thieves Collection หมายเหตุ: PlayStation 5 #01 และ #02 ใช้รายการเกมเดียวกัน แหล่งข้อมูล: https://esports.computing.psu.ac.th/ คำถามที่ 2: Nintendo Switch มีเกมอะไรบ้าง Nin",pipeline:multi_question_splitter,multi_question/multi_question_split,100.0,True,0.4496,0,,,
MB-0621-C-010,compound,psu_fact,Cockpit มีอุปกรณ์อะไร แล้ว Gran Turismo ปุ่มอะไร,คำถามนี้มีหลายเรื่อง ขอแยกตอบเป็นข้อ ๆ: คำถามที่ 1: Cockpit มีอุปกรณ์อะไร อุปกรณ์ใน Cockpit Zone: Cockpit Zone • Logitech G923 TRUEFORCE Racing Wheel (2 Units with Driving Force Shifter) • Driving Force Shifter (2 Units with Logitech G923) • Racezone Full Cockpit V3 (2 Units) • Pulse Elite Wireless Headset (2 Units) • TV 65 นิ้ว (2 Units) แหล่งข้อมูล: https://esports.phuket.psu.ac.th/home คำถามที่ 2: Gran Turismo ปุ่มอะไร Gran Turismo 7 มีข้อมูลปุ่มควบคุมดังนี้: PlayStation / PS5 • L (Left Stick): เลี้ยว / ควบคุมพวงมาลัย - บังคับทิศทางรถ • R2: คันเร่ง - กดเพื่อเร่งเครื่อง • L2: เบรก - กดเพื่อชะลอความเร็วรถ • Cross: เพิ่มเกียร์ - เปลี่ยนเกียร์สูงขึ้น (โหมดเกียร์ธรรมดา) • Square: ลดเกียร์ - เป,pipeline:multi_question_splitter,multi_question/multi_question_split,100.0,True,0.531,0,,,
MB-0622-C-011,compound,psu_fact,Call of Duty ปุ่มยิงอะไร แล้วเล่นได้ที่ไหน,คำถามนี้มีหลายเรื่อง ขอแยกตอบเป็นข้อ ๆ: คำถามที่ 1: Call of Duty ปุ่มยิงอะไร Call of Duty มีหลายเกมในรายการปัจจุบันครับ คำถามนี้จึงยังไม่ชัดว่าหมายถึงเกมไหน ถ้าต้องการถามเรื่องปุ่ม/วิธีควบคุม ขอเลือกเกมก่อน: • Call of Duty: Modern Warfare III (PlayStation 5 Zone) • Call of Duty: Warzone (PC Zone) พิมพ์ต่อได้ เช่น `Call of Duty: Modern Warfare III ปุ่มอะไร` หรือ `Call of Duty: Warzone ปุ่มอะไร` คำถามที่ 2: Call of Duty เล่นได้ที่ไหน พบเกมที่เกี่ยวข้องกับ Call of Duty ในรายการที่ยืนยันได้ครับ • Call of Duty: Modern Warfare III: เล่นได้ที่ PlayStation 5 Zone • Call of Duty: Warzone: เล่นได้ที่ PC Zone แหล่งข้อมูล: https://esports.phuket.psu.ac.th/Services/our-games,pipeline:multi_question_splitter,multi_question/multi_question_split,100.0,True,0.5421,0,,,
MB-0623-C-012,compound,psu_fact,PC ราคาเท่าไหร่ แล้วจองได้กี่ session,คำถามนี้มีหลายเรื่อง ขอแยกตอบเป็นข้อ ๆ: คำถามที่ 1: PC ราคาเท่าไหร่ ราคา PC 1 ชั่วโมง (1 คน) • PSU Student and Staff: 0 บาท • PSU Alumni and General Student / นักศึกษาหรือนักเรียนต่างสถาบัน: 25 บาท • General Adult / บุคคลทั่วไป: 70 บาท หมายเหตุข้อมูล PC: ราคา PC เพิ่มจาก local service fee update 2026-07-27 แหล่งข้อมูล: https://esports.computing.psu.ac.th/wp-content/uploads/2026/01/PSU-Esports-Studio-phuket-SERVICE-FEE-2026.png คำถามที่ 2: จองได้กี่ session การจอง 1 ครั้งสามารถจองได้สูงสุด 3 Sessions สำหรับ PlayStation 5: 1 session = 1 ชั่วโมง ดังนั้น 3 sessions = สูงสุด 3 ชั่วโมงต่อการจอง 1 ครั้ง แหล่งข้อมูล: https://esports.computing.psu.ac.th/,pipeline:multi_question_splitter,multi_question/multi_question_split,100.0,True,1.6492,0,,,
MB-0624-C-013,compound,psu_fact,วันนี้เปิดไหม แล้วจอง PS5 ยังไง,คำถามนี้มีหลายเรื่อง ขอแยกตอบเป็นข้อ ๆ: คำถามที่ 1: วันนี้เปิดไหม วันนี้ 03/08/2026 (วันจันทร์): วันจันทร์เปิดให้เล่นช่วง 13:00-16:00 ส่วนช่วงเช้า 09:00-12:00 เป็น Maintenance* วันที่อ้างอิงของระบบ: วันนี้คือ 03/08/2026 (วันจันทร์) ตามเวลาไทย ปฏิทินไทยของวันที่นี้: ไม่พบวันหยุดไทยหรือเทศกาลในปฏิทินที่บันทึกไว้สำหรับวันที่นี้ รายละเอียดจากตาราง: • วันจันทร์ช่วงเช้า 09:00-12:00 เป็น Maintenance* และเปิดช่วงบ่าย 13:00-16:00 • วันอังคาร-พฤหัสบดีเปิด 09:00-12:00 และ 13:00-16:00 • วันศุกร์เปิดช่วงเช้า 09:00-12:00 และช่วงบ่าย 13:00-16:00 เป็น Maintenance • วันหยุดราชการ/วันปิดพิเศษในไฟล์ปฏิทินจะมีผลก่อนตารางปกติ แหล่งข้อมูลตารางบริการ: https://esports.computing.psu.ac.th/reservation คำถามที่ 2: จอง,pipeline:multi_question_splitter,multi_question/multi_question_split,100.0,True,2.0104,0,,,
MB-0625-C-014,compound,psu_fact,VR 30 นาทีราคาเท่าไหร่ แล้ว 1 ชั่วโมงราคาเท่าไหร่,คำถามนี้มีหลายเรื่อง ขอแยกตอบเป็นข้อ ๆ: คำถามที่ 1: VR 30 นาทีราคาเท่าไหร่ ระยะเวลาที่ถามคือ 30 นาที ใช้ 1 session ตามแพ็กเกจ VR 30 นาที ยังไม่ทราบกลุ่มผู้ใช้ จึงแสดงราคาทุกกลุ่มให้เทียบก่อน: • PSU Student and Staff: 0 บาท/session x 1 = 0 บาท • PSU Alumni and General Student / นักศึกษาหรือนักเรียนต่างสถาบัน: 190 บาท/session x 1 = 190 บาท • General Adult / บุคคลทั่วไป: 525 บาท/session x 1 = 525 บาท รายละเอียดจากตาราง: VR 30 นาที (1-5 คน) • PSU Student and Staff: 0 บาท • PSU Alumni and General Student: 190 บาท • General Adult: 525 บาท แหล่งข้อมูล: https://esports.computing.psu.ac.th/wp-content/uploads/2026/01/PSU-Esports-Studio-phuket-SERVICE-FEE-2026.png คำถามที่ 2: 1 ชั่วโมงราคาเท่าไหร่ ขอรู,pipeline:multi_question_splitter,multi_question/multi_question_split,100.0,True,0.3755,0,,,
MB-0626-C-015,compound,psu_fact,Tekken 8 ราคาเท่าไหร่ แล้วมีปุ่มอะไรบ้าง,คำถามนี้มีหลายเรื่อง ขอแยกตอบเป็นข้อ ๆ: คำถามที่ 1: Tekken 8 ราคาเท่าไหร่ TEKKEN 8 ไม่มีราคาแยกตามชื่อเกมครับ ต้องดูราคาตามโซน/บริการที่ใช้เล่นเกมนี้ PC Zone ยังไม่ทราบกลุ่มผู้ใช้ จึงแสดงราคาทุกกลุ่มให้เทียบก่อน PC 1 ชั่วโมง (1 คน) • นักศึกษา/นักเรียน/บุคลากร PSU: 0 บาท/1 ชั่วโมง • ศิษย์เก่า PSU / นักศึกษา-นักเรียนต่างสถาบัน (General Student): 25 บาท/1 ชั่วโมง • บุคคลทั่วไป (General Adult): 70 บาท/1 ชั่วโมง หมายเหตุข้อมูล PC: ราคา PC เพิ่มจาก local service fee update 2026-07-27 แหล่งข้อมูล: https://esports.computing.psu.ac.th/wp-content/uploads/2026/01/PSU-Esports-Studio-phuket-SERVICE-FEE-2026.png PlayStation 5 Zone ยังไม่ทราบกลุ่มผู้ใช้ จึงแสดงราคาทุกกลุ่มให้เทียบก่อน PlayStation 5 1 ชั่วโ,pipeline:multi_question_splitter,multi_question/multi_question_split,100.0,True,0.9089,0,,,
MB-0627-ANA-001,ambiguity_no_answer,psu_fact,PC มีอะไรบ้าง,"คำถามนี้ยังตีได้หลายทางครับ หมายถึงเรื่องไหนของ PC Zone? ข้อมูลย่อที่ยืนยันได้ตอนนี้: • เกม: มี 6 เกม เช่น Call of Duty: Warzone, Counter-Strike 2, League of Legends, PUBG: BATTLEGROUNDS และอื่น ๆ | พิมพ์ `PC มีเกมอะไรบ้าง` • อุปกรณ์: มี 6 รายการ เช่น Gaming PC รุ่น MSI MAG Infinite S3 14th, Gaming Monitor, Gaming Keyboard, Gaming Mouse, Gaming Headset และอื่น ๆ | พิมพ์ `PC มีอุปกรณ์อะไรบ้าง` • ราคา: PC 1 ชั่วโมง (1 คน): PSU 0 บาท, General Student 25 บาท, General Adult 70 บาท | พิมพ์ `PC ราคาเท่าไหร่` • จอง: ต้องจองผ่านระบบก่อนเข้าใช้ | พิมพ์ `PC จองยังไง` พิมพ์ต่อสั้น ๆ ได้ เช่น `เกม`, `อุปกรณ์`, `ราคา` หรือ `จอง`",pipeline:ambiguity_clarification,clarification/ambiguity_gate_clarification,100.0,True,0.0801,0,,,
MB-0628-ANA-002,ambiguity_no_answer,psu_fact,PS5 มีอะไรบ้าง,"คำถามนี้ยังตีได้หลายทางครับ หมายถึงเรื่องไหนของ PlayStation 5 Zone? ข้อมูลย่อที่ยืนยันได้ตอนนี้: • เกม: มี 24 เกม เช่น Beat Saber, Call of Duty: Modern Warfare III, Call of Duty: Warzone, EA Sports FC 24 และอื่น ๆ | พิมพ์ `PS5 มีเกมอะไรบ้าง` • อุปกรณ์: มี 1 รายการ เช่น PlayStation 5 Slim With Ultra HD Blu-Ray Disc Drive | พิมพ์ `PS5 มีอุปกรณ์อะไรบ้าง` • ราคา: PlayStation 5 1 ชั่วโมง (1-2 คน): PSU 0 บาท, General Student 50 บาท, General Adult 150 บาท | พิมพ์ `PS5 ราคาเท่าไหร่` • จอง: ต้องจองผ่านระบบก่อนเข้าใช้ | พิมพ์ `PS5 จองยังไง` พิมพ์ต่อสั้น ๆ ได้ เช่น `เกม`, `อุปกรณ์`, `ราคา` หรือ `จอง`",pipeline:ambiguity_clarification,clarification/ambiguity_gate_clarification,100.0,True,0.053,0,,,
MB-0629-ANA-003,ambiguity_no_answer,psu_fact,Nintendo มีอะไรบ้าง,"คำถามนี้ยังตีได้หลายทางครับ หมายถึงเรื่องไหนของ Nintendo Switch Zone? ข้อมูลย่อที่ยืนยันได้ตอนนี้: • เกม: มี 17 เกม เช่น Animal Crossing: New Horizons, It Takes Two, Little Nightmares II, Luigi's Mansion 3 และอื่น ๆ | พิมพ์ `Nintendo Switch มีเกมอะไรบ้าง` • อุปกรณ์: มี 3 รายการ เช่น Nintendo Switch OLED, TV 86 นิ้ว, Sofa 2 seats | พิมพ์ `Nintendo Switch มีอุปกรณ์อะไรบ้าง` • ราคา: มีหลายแพ็กเกจตามเวลา/จำนวนผู้เล่น: Nintendo Switch 1 ชั่วโมง (1-2 คน), Nintendo Switch 1 ชั่วโมง (3-4 คน) | พิมพ์ `Nintendo Switch ราคาเท่าไหร่` • จอง: ต้องจองผ่านระบบก่อนเข้าใช้ | พิมพ์ `Nintendo Switch จองยังไง` พิมพ์ต่อสั้น ๆ ได้ เช่น `เกม`, `อุปกรณ์`, `ราคา` หรือ `จอง`",pipeline:ambiguity_clarification,clarification/ambiguity_gate_clarification,100.0,True,0.0512,0,,,
MB-0630-ANA-004,ambiguity_no_answer,psu_fact,VR มีอะไรบ้าง,"คำถามนี้ยังตีได้หลายทางครับ หมายถึงเรื่องไหนของ VR Zone? ข้อมูลย่อที่ยืนยันได้ตอนนี้: • เกม: มี 2 เกม เช่น Beat Saber, Horizon Call of the Mountain | พิมพ์ `VR มีเกมอะไรบ้าง` • อุปกรณ์: มี 1 รายการ เช่น Sony PlayStation VR2 | พิมพ์ `VR มีอุปกรณ์อะไรบ้าง` • ราคา: มีหลายแพ็กเกจตามเวลา/จำนวนผู้เล่น: VR 30 นาที (1-5 คน), VR 1 ชั่วโมง (1-5 คน) | พิมพ์ `VR ราคาเท่าไหร่` • จอง: ต้องจองผ่านระบบก่อนเข้าใช้ | พิมพ์ `VR จองยังไง` พิมพ์ต่อสั้น ๆ ได้ เช่น `เกม`, `อุปกรณ์`, `ราคา` หรือ `จอง`",pipeline:ambiguity_clarification,clarification/ambiguity_gate_clarification,100.0,True,0.0537,0,,,
MB-0631-ANA-005,ambiguity_no_answer,psu_fact,Cockpit มีอะไรบ้าง,"คำถามนี้ยังตีได้หลายทางครับ หมายถึงเรื่องไหนของ Cockpit Zone? ข้อมูลย่อที่ยืนยันได้ตอนนี้: • เกม: มี 1 เกม เช่น Gran Turismo 7 | พิมพ์ `Cockpit มีเกมอะไรบ้าง` • อุปกรณ์: มี 5 รายการ เช่น Logitech G923 TRUEFORCE Racing Wheel, Driving Force Shifter, Racezone Full Cockpit V3, Pulse Elite Wireless Headset, TV 65 นิ้ว | พิมพ์ `Cockpit มีอุปกรณ์อะไรบ้าง` • ราคา: Cockpit 1 ชั่วโมง (1 คน): PSU 0 บาท, General Student 65 บาท, General Adult 200 บาท | พิมพ์ `Cockpit ราคาเท่าไหร่` • จอง: ต้องจองผ่านระบบก่อนเข้าใช้ | พิมพ์ `Cockpit จองยังไง` พิมพ์ต่อสั้น ๆ ได้ เช่น `เกม`, `อุปกรณ์`, `ราคา` หรือ `จอง`",pipeline:ambiguity_clarification,clarification/ambiguity_gate_clarification,100.0,True,0.0452,0,,,
MB-0632-ANA-006,ambiguity_no_answer,psu_fact,เครื่องไหนดีที่สุด,โหมดทดลอง RAG: ยังไม่มี context ที่โยงกับคำถามนี้ได้ชัดในฐานข้อมูลหมวด no_answer ถ้าต้องการให้ตอบได้ ควรเพิ่ม fact/card หรือข้อมูลจริงของเรื่องนั้นเข้า knowledge base ก่อน,pipeline:experimental_rag_no_context,no_answer/guard_no_answer,100.0,True,0.1561,0,,,
MB-0633-ANA-007,ambiguity_no_answer,psu_fact,เล่นอะไรดี,"อุปกรณ์บนหน้า Home: PC Zone • Gaming PC รุ่น MSI MAG Infinite S3 14th (จำนวน 10 เครื่อง) • Gaming Monitor (จำนวน 10 จอ) • Gaming Chair (จำนวน 10 ตัว) • Gaming Gear ครบชุด ทั้ง Keyboard, Mouse และ Headset Cockpit Zone • TV ขนาด 65 นิ้ว (จำนวน 2 เครื่อง) • Racezone Full Cockpit V3 (จำนวน 2 ชุด) • Logitech G923 TRUEFORCE Racing wheel พร้อม Driving Force Shifter (จำนวน 2 ชุด) • Pulse Elite Wireless Headset (จำนวน 2 อัน) Nintendo Switch Zone • TV ขนาด 86 นิ้ว (จำนวน 1 เครื่อง) • Nintendo Switch OLED (จำนวน 1 เครื่อง) • Sofa ขนาด 2 ที่นั่ง (จำนวน 2 ตัว) PlayStation 5 Zone • PlayStation 5 Slim รุ่น Ultra HD Blu-Ray Disc Drive (จำนวน 2 เครื่อง) VR Zone • PlayStation 5 Slim (จำนวน 1 เครื่อง) • Sony P",pipeline:structured_equipment_catalog,equipment/list,100.0,True,0.3443,0,,,
MB-0634-ANA-008,ambiguity_no_answer,psu_fact,มีอะไรแนะนำไหม,โหมดทดลอง RAG: ยังไม่มี context ที่โยงกับคำถามนี้ได้ชัดในฐานข้อมูลหมวด no_answer ถ้าต้องการให้ตอบได้ ควรเพิ่ม fact/card หรือข้อมูลจริงของเรื่องนั้นเข้า knowledge base ก่อน,pipeline:experimental_rag_no_context,no_answer/guard_no_answer,100.0,True,0.1637,0,,,
MB-0635-ANA-009,ambiguity_no_answer,psu_fact,ราคา,"ขอรู้บริการหรือโซนก่อนครับ จะได้ตอบราคาให้ตรง เช่น `PS5 ราคาเท่าไหร่`, `Nintendo 3-4 คนกี่บาท`, `VR 30 นาทีราคาเท่าไหร่` หรือ `Tekken 8 ราคาเท่าไหร่`",pipeline:ambiguity_clarification,clarification/ambiguity_gate_clarification,100.0,True,0.0352,0,,,
MB-0636-ANA-010,ambiguity_no_answer,psu_fact,จอง,ยังไม่พบข้อมูลที่ยืนยันได้ในฐานข้อมูลของ PSU Esports Studio - Phuket สำหรับหมวด reservation ตอนนี้ครับ,pipeline:answer_contract_no_answer,no_answer/answer_contract_rejected,100.0,True,0.6837,0,,,
MB-0637-ANA-011,ambiguity_no_answer,psu_fact,เกม,ตอนนี้มีเกมที่ยืนยันได้ทั้งหมด 42 เกมครับ PC Zone (6 เกม) • Call of Duty: Warzone • Counter-Strike 2 • League of Legends • PUBG: BATTLEGROUNDS • TEKKEN 8 • VALORANT PlayStation 5 Zone (17 เกม) • Call of Duty: Modern Warfare III • Delta Force • EA Sports FC 24 • eFootball • FINAL FANTASY XVI • Fortnite • God of War Ragnarok • Hogwarts Legacy • Marvel's Spider-Man 2 • NARUTO X BORUTO Ultimate Ninja Storm Connections • Resident Evil 4 • Resident Evil Village • TEKKEN 8 • THE FINALS • The Last of Us Part I • The Last of Us Part II (Remastered) • Uncharted: Legacy of Thieves Collection Nintendo Switch Zone (17 เกม) • Animal Crossing: New Horizons • It Takes Two • Little Nightmares II • Luigi's Ma,pipeline:structured_games_catalog,games/list,100.0,True,0.1528,0,,,
MB-0638-ANA-012,ambiguity_no_answer,psu_fact,อุปกรณ์,"อุปกรณ์บนหน้า Home: PC Zone • Gaming PC รุ่น MSI MAG Infinite S3 14th (จำนวน 10 เครื่อง) • Gaming Monitor (จำนวน 10 จอ) • Gaming Chair (จำนวน 10 ตัว) • Gaming Gear ครบชุด ทั้ง Keyboard, Mouse และ Headset Cockpit Zone • TV ขนาด 65 นิ้ว (จำนวน 2 เครื่อง) • Racezone Full Cockpit V3 (จำนวน 2 ชุด) • Logitech G923 TRUEFORCE Racing wheel พร้อม Driving Force Shifter (จำนวน 2 ชุด) • Pulse Elite Wireless Headset (จำนวน 2 อัน) Nintendo Switch Zone • TV ขนาด 86 นิ้ว (จำนวน 1 เครื่อง) • Nintendo Switch OLED (จำนวน 1 เครื่อง) • Sofa ขนาด 2 ที่นั่ง (จำนวน 2 ตัว) PlayStation 5 Zone • PlayStation 5 Slim รุ่น Ultra HD Blu-Ray Disc Drive (จำนวน 2 เครื่อง) VR Zone • PlayStation 5 Slim (จำนวน 1 เครื่อง) • Sony P",pipeline:structured_equipment_catalog,equipment/list,100.0,True,0.1861,0,,,
MB-0639-ANA-013,ambiguity_no_answer,psu_fact,อันนี้เล่นยังไง,"ยังไม่แน่ใจว่าหมายถึงเกมไหนครับ หรือหมายถึงวิธีเล่นเกมไหน/วิธีเข้าใช้บริการ/จอง ตัวอย่างเกมที่มีข้อมูลปุ่มแล้ว: TEKKEN 8, Mario Kart 8 Deluxe, Call of Duty: Modern Warfare III ถ้าถามวิธีเล่น/ปุ่ม ให้พิมพ์ชื่อเกมมาด้วย เช่น `TEKKEN 8 เล่นยังไง` หรือ `Mario Kart 8 Deluxe เล่นยังไง`",pipeline:game_control_missing_game_context,games/game_control_lookup,100.0,True,0.0918,0,,,
MB-0640-ANA-014,ambiguity_no_answer,psu_fact,สรุปคือทำยังไง,โหมดทดลอง RAG: ยังไม่มี context ที่โยงกับคำถามนี้ได้ชัดในฐานข้อมูลหมวด no_answer ถ้าต้องการให้ตอบได้ ควรเพิ่ม fact/card หรือข้อมูลจริงของเรื่องนั้นเข้า knowledge base ก่อน,pipeline:experimental_rag_no_context,no_answer/guard_no_answer,100.0,True,0.2469,0,,,
MB-0641-ANA-015,ambiguity_no_answer,psu_fact,มี Minecraft ไหม,ยังไม่พบ Minecraft ในรายการเกมที่ยืนยันได้ของ PSU Esports Studio - Phuket ครับ ถ้าต้องการเล่นเกมนี้ ควรสอบถามเจ้าหน้าที่ก่อนจองหรือก่อนเข้าใช้บริการ เกมที่มีข้อมูลยืนยันตอนนี้ทั้งหมด 42 เกม: PC Zone (6 เกม) • Call of Duty: Warzone • Counter-Strike 2 • League of Legends • PUBG: BATTLEGROUNDS • TEKKEN 8 • VALORANT PlayStation 5 Zone (17 เกม) • Call of Duty: Modern Warfare III • Delta Force • EA Sports FC 24 • eFootball • FINAL FANTASY XVI • Fortnite • God of War Ragnarok • Hogwarts Legacy • Marvel's Spider-Man 2 • NARUTO X BORUTO Ultimate Ninja Storm Connections • Resident Evil 4 • Resident Evil Village • TEKKEN 8 • THE FINALS • The Last of Us Part I • The Last of Us Part II (Remastered) • Unc,pipeline:games_known_unsupported_fast_path,games/game_availability_lookup,100.0,True,0.9806,0,,,
MB-0642-ANA-016,ambiguity_no_answer,psu_fact,มี GTA V ไหม,ยังไม่พบข้อมูลที่ยืนยันได้ในฐานข้อมูลของ PSU Esports Studio - Phuket สำหรับหมวด games ตอนนี้ครับ,pipeline:no_answer,games/game_availability_lookup,100.0,True,5.7565,0,,,
MB-0643-ANA-017,ambiguity_no_answer,psu_fact,มี ROV ให้เล่นในศูนย์ไหม,ยังไม่พบ RoV / Arena of Valor ในรายการเกมที่ยืนยันได้ของ PSU Esports Studio - Phuket ครับ ในฐานข้อมูลมีข้อมูลกติกาการแข่งขันของเกมนี้ แต่ยังไม่พบว่าอยู่ในรายการเกมให้เล่นของศูนย์ ถ้าต้องการเล่นเกมนี้ ควรสอบถามเจ้าหน้าที่ก่อนจองหรือก่อนเข้าใช้บริการ เกมที่มีข้อมูลยืนยันตอนนี้ทั้งหมด 42 เกม: PC Zone (6 เกม) • Call of Duty: Warzone • Counter-Strike 2 • League of Legends • PUBG: BATTLEGROUNDS • TEKKEN 8 • VALORANT PlayStation 5 Zone (17 เกม) • Call of Duty: Modern Warfare III • Delta Force • EA Sports FC 24 • eFootball • FINAL FANTASY XVI • Fortnite • God of War Ragnarok • Hogwarts Legacy • Marvel's Spider-Man 2 • NARUTO X BORUTO Ultimate Ninja Storm Connections • Resident Evil 4 • Resident Evil,pipeline:games_known_unsupported_fast_path,games/game_availability_lookup,100.0,True,0.6756,0,,,
MB-0644-ANA-018,ambiguity_no_answer,psu_fact,Roblox เล่นได้ไหม,ยังไม่พบ Roblox ในรายการเกมที่ยืนยันได้ของ PSU Esports Studio - Phuket ครับ ถ้าต้องการเล่นเกมนี้ ควรสอบถามเจ้าหน้าที่ก่อนจองหรือก่อนเข้าใช้บริการ เกมที่มีข้อมูลยืนยันตอนนี้ทั้งหมด 42 เกม: PC Zone (6 เกม) • Call of Duty: Warzone • Counter-Strike 2 • League of Legends • PUBG: BATTLEGROUNDS • TEKKEN 8 • VALORANT PlayStation 5 Zone (17 เกม) • Call of Duty: Modern Warfare III • Delta Force • EA Sports FC 24 • eFootball • FINAL FANTASY XVI • Fortnite • God of War Ragnarok • Hogwarts Legacy • Marvel's Spider-Man 2 • NARUTO X BORUTO Ultimate Ninja Storm Connections • Resident Evil 4 • Resident Evil Village • TEKKEN 8 • THE FINALS • The Last of Us Part I • The Last of Us Part II (Remastered) • Unchar,pipeline:games_known_unsupported_fast_path,games/game_availability_lookup,100.0,True,0.912,0,,,
MB-0645-ANA-019,ambiguity_no_answer,psu_fact,เกม Valorant Mobile มีไหม,โหมดทดลอง RAG: ยังไม่มี context ที่โยงกับคำถามนี้ได้ชัดในฐานข้อมูลหมวด no_answer ถ้าต้องการให้ตอบได้ ควรเพิ่ม fact/card หรือข้อมูลจริงของเรื่องนั้นเข้า knowledge base ก่อน,pipeline:experimental_rag_no_context,no_answer/guard_no_answer,100.0,True,0.1782,0,,,
MB-0646-ANA-020,ambiguity_no_answer,psu_fact,ขอเบอร์โทรส่วนตัวเจ้าหน้าที่,โหมดทดลอง RAG: ยังไม่มี context ที่โยงกับคำถามนี้ได้ชัดในฐานข้อมูลหมวด no_answer ถ้าต้องการให้ตอบได้ ควรเพิ่ม fact/card หรือข้อมูลจริงของเรื่องนั้นเข้า knowledge base ก่อน,pipeline:experimental_rag_no_context,no_answer/guard_no_answer,100.0,True,0.1583,0,,,
MB-0647-ANA-021,ambiguity_no_answer,psu_fact,ขอข้อมูลที่ไม่ได้อยู่ในเว็บ PSU Esports,โหมดทดลอง RAG: ยังไม่มี context ที่โยงกับคำถามนี้ได้ชัดในฐานข้อมูลหมวด no_answer ถ้าต้องการให้ตอบได้ ควรเพิ่ม fact/card หรือข้อมูลจริงของเรื่องนั้นเข้า knowledge base ก่อน,pipeline:experimental_rag_no_context,no_answer/guard_no_answer,100.0,True,0.6018,0,,,
MB-0648-ANA-022,ambiguity_no_answer,psu_fact,วันนี้มีข่าว esports อะไรล่าสุด,โหมดทดลอง RAG: ยังไม่มี context ที่โยงกับคำถามนี้ได้ชัดในฐานข้อมูลหมวด no_answer ถ้าต้องการให้ตอบได้ ควรเพิ่ม fact/card หรือข้อมูลจริงของเรื่องนั้นเข้า knowledge base ก่อน,pipeline:experimental_rag_no_context,no_answer/guard_no_answer,100.0,True,0.2043,0,,,
MB-0649-ANA-023,ambiguity_no_answer,psu_fact,เพลงฮิตตอนนี้คืออะไร,คำถามนี้ไม่ได้อยู่ในข้อมูลของ PSU Esports Studio - Phuket จึงยังตอบจากข้อมูลที่ยืนยันได้ไม่ได้ครับ ลองถามเรื่องเกม ปุ่ม อุปกรณ์ ราคา การจอง เวลาเปิด หรือกติกาของศูนย์ได้ครับ,pipeline:general_llm_disabled,general/general_knowledge_query,100.0,True,0.1805,0,,,
MB-0650-ANA-024,ambiguity_no_answer,psu_fact,ช่วยทำการบ้านคณิตให้หน่อย,คำถามนี้ไม่ได้อยู่ในข้อมูลของ PSU Esports Studio - Phuket จึงยังตอบจากข้อมูลที่ยืนยันได้ไม่ได้ครับ ลองถามเรื่องเกม ปุ่ม อุปกรณ์ ราคา การจอง เวลาเปิด หรือกติกาของศูนย์ได้ครับ,pipeline:general_llm_disabled,general/general_knowledge_query,100.0,True,0.1786,0,,,
MB-0651-AS-001,availability_service,psu_fact,PC #01-#02 มีเกมอะไรบ้าง,"PC Zone มีเกมที่ยืนยันได้ดังนี้ PC #01-#02 (60 นาที, 1 คน) • TEKKEN 8 • Counter-Strike 2 • League of Legends • PUBG: BATTLEGROUNDS • VALORANT หมายเหตุ: PC #01-#02 มี TEKKEN 8 แต่ไม่มี Call of Duty: Warzone หมายเหตุ: PC #01-#02 และ PC #03-#10 มี Counter-Strike 2, League of Legends, PUBG: BATTLEGROUNDS, VALORANT เหมือนกัน แหล่งข้อมูล: https://esports.computing.psu.ac.th/",pipeline:structured_service_game_availability,games/list,100.0,True,0.173,0,,,
MB-0652-AS-002,availability_service,psu_fact,PC #01-#02 เล่นได้กี่คน,บริการที่ถามรองรับผู้เล่นตามข้อมูลนี้ครับ • PC #01-#02: 1 คน ต่อรอบ 60 นาที แหล่งข้อมูล: https://esports.computing.psu.ac.th/,pipeline:structured_service_capacity,reservation/count,100.0,True,2.6246,0,,,
MB-0653-AS-003,availability_service,psu_fact,PC Zone รายการเกมมีอะไรบ้าง,"PC Zone แยกรายการเกมตามเลขเครื่องดังนี้ PC #01-#02 (60 นาที, 1 คน) • TEKKEN 8 • Counter-Strike 2 • League of Legends • PUBG: BATTLEGROUNDS • VALORANT หมายเหตุ: PC #01-#02 มี TEKKEN 8 แต่ไม่มี Call of Duty: Warzone หมายเหตุ: PC #01-#02 และ PC #03-#10 มี Counter-Strike 2, League of Legends, PUBG: BATTLEGROUNDS, VALORANT เหมือนกัน PC #03-#10 (60 นาที, 1 คน) • Call of Duty: Warzone • Counter-Strike 2 • League of Legends • PUBG: BATTLEGROUNDS • VALORANT หมายเหตุ: PC #03-#10 มี Call of Duty: Warzone แต่ไม่มี TEKKEN 8 หมายเหตุ: PC #01-#02 และ PC #03-#10 มี Counter-Strike 2, League of Legends, PUBG: BATTLEGROUNDS, VALORANT เหมือนกัน แหล่งข้อมูล: https://esports.computing.psu.ac.th/",pipeline:structured_service_game_availability,games/list,100.0,True,0.3072,0,,,
MB-0654-AG-001,availability_game,psu_fact,TEKKEN 8 เล่นได้ที่เครื่องไหน,"ได้ครับ TEKKEN 8 เล่นได้ที่ PC Zone - PC #01-#02, PlayStation 5 Zone - PlayStation 5 #01-#02 แหล่งข้อมูล: https://esports.computing.psu.ac.th/",pipeline:structured_service_game_availability,games/game_availability_lookup,100.0,True,0.6758,0,,,
MB-0655-AG-002,availability_game,psu_fact,มี TEKKEN 8 ไหม,"ได้ครับ TEKKEN 8 เล่นได้ที่ PC Zone - PC #01-#02, PlayStation 5 Zone - PlayStation 5 #01-#02 แหล่งข้อมูล: https://esports.computing.psu.ac.th/",pipeline:structured_service_game_availability,games/game_availability_lookup,100.0,True,0.3292,0,,,
MB-0656-AG-003,availability_game,psu_fact,TEKKEN 8 อยู่โซนไหน,TEKKEN 8: TEKKEN 8 คือเกมต่อสู้แบบตัวต่อตัว ผู้เล่นเลือกตัวละครแล้วใช้คอมโบ การป้องกัน และจังหวะสวนกลับเพื่อชนะคู่แข่ง แนวเกม: เกมต่อสู้ 1v1 วิธีเล่นโดยสรุป: เล่นเป็นรอบ เลือกตัวละคร ฝึกท่าพื้นฐาน/คอมโบ อ่านจังหวะคู่ต่อสู้ และทำให้พลังชีวิตอีกฝ่ายหมดก่อน เล่นได้ที่: PC Zone และ PlayStation 5 Zone แหล่งข้อมูล: https://esports.phuket.psu.ac.th/Services/our-games,pipeline:structured_game_detail,games/game_availability_lookup,100.0,True,0.4634,0,,,
MB-0657-AG-004,availability_game,psu_fact,ถ้าจะเล่น TEKKEN 8 ต้องจองอะไร,"ถ้าจะเล่น TEKKEN 8 ให้จอง PC Zone - PC #01-#02 หรือ PlayStation 5 Zone - PlayStation 5 #01-#02 ครับ • PC Zone - PC #01-#02 (60 นาที, 1 คน) • PlayStation 5 Zone - PlayStation 5 #01-#02 (60 นาที, 1-2 คน) จากนั้นเลือกวัน รอบเวลา กรอกข้อมูลผู้ใช้บริการ ชำระเงิน และแนบสลิปเพื่อยืนยันการจอง แหล่งข้อมูล: https://esports.computing.psu.ac.th/",pipeline:structured_booking_game_service_selection,reservation/booking_policy,100.0,True,0.3588,0,,,
MB-0658-AG-005,availability_game,psu_fact,Counter-Strike 2 เล่นได้ที่เครื่องไหน,"ได้ครับ Counter-Strike 2 เล่นได้ที่ PC Zone - PC #01-#02, PC Zone - PC #03-#10 แหล่งข้อมูล: https://esports.computing.psu.ac.th/",pipeline:structured_service_game_availability,games/game_availability_lookup,100.0,True,0.5463,0,,,
MB-0659-AG-006,availability_game,psu_fact,มี Counter-Strike 2 ไหม,"ได้ครับ Counter-Strike 2 เล่นได้ที่ PC #01-#02, PC #03-#10 แหล่งข้อมูล: https://esports.computing.psu.ac.th/",pipeline:service_game_availability_fast_path,games/count,100.0,True,0.3561,0,,,
MB-0660-AG-007,availability_game,psu_fact,Counter-Strike 2 อยู่โซนไหน,Counter-Strike 2: Counter-Strike 2 คือเกมยิงแข่งขันแบบทีมที่แบ่งเป็นฝ่ายบุกและฝ่ายรับ โดยมีเป้าหมายหลักเกี่ยวกับการวาง/กู้ระเบิดหรือจัดการฝ่ายตรงข้าม แนวเกม: เกมยิง Tactical FPS วิธีเล่นโดยสรุป: เล่นเป็นรอบ ๆ ต้องซื้ออาวุธ วางแผนกับทีม คุมพื้นที่ และใช้การเล็งกับการสื่อสารเพื่อชนะรอบ เล่นได้ที่: PC Zone แหล่งข้อมูล: https://esports.computing.psu.ac.th/reservation,pipeline:structured_game_detail,games/game_availability_lookup,100.0,True,0.5581,0,,,
MB-0661-AG-008,availability_game,psu_fact,ถ้าจะเล่น Counter-Strike 2 ต้องจองอะไร,"ถ้าจะเล่น Counter-Strike 2 ให้จอง PC Zone - PC #01-#02 หรือ PC Zone - PC #03-#10 ครับ • PC Zone - PC #01-#02 (60 นาที, 1 คน) • PC Zone - PC #03-#10 (60 นาที, 1 คน) จากนั้นเลือกวัน รอบเวลา กรอกข้อมูลผู้ใช้บริการ ชำระเงิน และแนบสลิปเพื่อยืนยันการจอง แหล่งข้อมูล: https://esports.computing.psu.ac.th/",pipeline:structured_booking_game_service_selection,reservation/booking_policy,100.0,True,0.3014,0,,,
MB-0662-AG-009,availability_game,psu_fact,League of Legends เล่นได้ที่เครื่องไหน,"ได้ครับ League of Legends เล่นได้ที่ PC Zone - PC #01-#02, PC Zone - PC #03-#10 แหล่งข้อมูล: https://esports.computing.psu.ac.th/",pipeline:structured_service_game_availability,games/game_availability_lookup,100.0,True,0.5498,0,,,
MB-0663-AG-010,availability_game,psu_fact,มี League of Legends ไหม,"ได้ครับ League of Legends เล่นได้ที่ PC Zone - PC #01-#02, PC Zone - PC #03-#10 แหล่งข้อมูล: https://esports.computing.psu.ac.th/",pipeline:structured_service_game_availability,games/detail,100.0,True,0.3273,0,,,
MB-0664-AG-011,availability_game,psu_fact,League of Legends อยู่โซนไหน,League of Legends: League of Legends คือเกมวางแผนต่อสู้แบบทีม ผู้เล่นเลือก Champion และร่วมกันทำลายฐานหลักของฝ่ายตรงข้าม แนวเกม: เกม MOBA แบบทีม 5v5 วิธีเล่นโดยสรุป: แบ่งเลน ฟาร์มเงินและเลเวล คุม objective ช่วยทีมไฟต์ และดันเข้าไปทำลาย Nexus ของศัตรู เล่นได้ที่: PC Zone แหล่งข้อมูล: https://esports.computing.psu.ac.th/reservation,pipeline:structured_game_detail,games/game_availability_lookup,100.0,True,0.5394,0,,,
MB-0665-AG-012,availability_game,psu_fact,ถ้าจะเล่น League of Legends ต้องจองอะไร,"ถ้าจะเล่น League of Legends ให้จอง PC Zone - PC #01-#02 หรือ PC Zone - PC #03-#10 ครับ • PC Zone - PC #01-#02 (60 นาที, 1 คน) • PC Zone - PC #03-#10 (60 นาที, 1 คน) จากนั้นเลือกวัน รอบเวลา กรอกข้อมูลผู้ใช้บริการ ชำระเงิน และแนบสลิปเพื่อยืนยันการจอง แหล่งข้อมูล: https://esports.computing.psu.ac.th/",pipeline:structured_booking_game_service_selection,reservation/booking_policy,100.0,True,0.3094,0,,,
MB-0666-AG-013,availability_game,psu_fact,PUBG: BATTLEGROUNDS เล่นได้ที่เครื่องไหน,"ได้ครับ PUBG: BATTLEGROUNDS เล่นได้ที่ PC Zone - PC #01-#02, PC Zone - PC #03-#10 แหล่งข้อมูล: https://esports.computing.psu.ac.th/",pipeline:structured_service_game_availability,games/game_availability_lookup,100.0,True,0.5685,0,,,
MB-0667-AG-014,availability_game,psu_fact,มี PUBG: BATTLEGROUNDS ไหม,"ได้ครับ PUBG: BATTLEGROUNDS เล่นได้ที่ PC Zone - PC #01-#02, PC Zone - PC #03-#10 แหล่งข้อมูล: https://esports.computing.psu.ac.th/",pipeline:structured_service_game_availability,games/game_availability_lookup,100.0,True,0.3762,0,,,
MB-0668-AG-015,availability_game,psu_fact,PUBG อยู่โซนไหน,PUBG: BATTLEGROUNDS: PUBG: BATTLEGROUNDS คือเกมเอาชีวิตรอดที่ผู้เล่นลงสนาม ค้นหาอาวุธและอุปกรณ์ แล้วพยายามอยู่รอดเป็นคนหรือทีมสุดท้าย แนวเกม: เกม Battle Royale วิธีเล่นโดยสรุป: เลือกจุดลง หาอาวุธ เข้าโซนปลอดภัย วางตำแหน่ง และต่อสู้กับทีมอื่นจนเหลือผู้ชนะท้ายเกม เล่นได้ที่: PC Zone แหล่งข้อมูล: https://esports.computing.psu.ac.th/reservation,pipeline:structured_game_detail,games/game_availability_lookup,100.0,True,0.4084,0,,,
MB-0669-AG-016,availability_game,psu_fact,ถ้าจะเล่น PUBG ต้องจองอะไร,"ถ้าจะเล่น PUBG: BATTLEGROUNDS ให้จอง PC Zone - PC #01-#02 หรือ PC Zone - PC #03-#10 ครับ • PC Zone - PC #01-#02 (60 นาที, 1 คน) • PC Zone - PC #03-#10 (60 นาที, 1 คน) จากนั้นเลือกวัน รอบเวลา กรอกข้อมูลผู้ใช้บริการ ชำระเงิน และแนบสลิปเพื่อยืนยันการจอง แหล่งข้อมูล: https://esports.computing.psu.ac.th/",pipeline:structured_booking_game_service_selection,reservation/booking_policy,100.0,True,0.3122,0,,,
MB-0670-AG-017,availability_game,psu_fact,VALORANT เล่นได้ที่เครื่องไหน,"ได้ครับ VALORANT เล่นได้ที่ PC Zone - PC #01-#02, PC Zone - PC #03-#10 แหล่งข้อมูล: https://esports.computing.psu.ac.th/",pipeline:structured_service_game_availability,games/game_availability_lookup,100.0,True,0.5107,0,,,
MB-0671-AG-018,availability_game,psu_fact,มี VALORANT ไหม,"ได้ครับ VALORANT เล่นได้ที่ PC Zone - PC #01-#02, PC Zone - PC #03-#10 แหล่งข้อมูล: https://esports.computing.psu.ac.th/",pipeline:structured_service_game_availability,games/game_availability_lookup,100.0,True,0.2763,0,,,
MB-0672-AG-019,availability_game,psu_fact,VALORANT อยู่โซนไหน,VALORANT: VALORANT คือเกมยิงเชิงกลยุทธ์ที่ผู้เล่นเลือก Agent ที่มีสกิลเฉพาะ แล้วเล่นเป็นฝ่ายบุก/รับในแต่ละรอบ แนวเกม: เกมยิง Tactical FPS แบบทีม 5v5 วิธีเล่นโดยสรุป: ฝ่ายบุกต้องวาง Spike ส่วนฝ่ายรับต้องป้องกันพื้นที่หรือกู้ Spike การเล่นเน้นการเล็ง การสื่อสาร การใช้สกิล และการเล่นเป็นทีม เล่นได้ที่: PC Zone แหล่งข้อมูล: https://esports.computing.psu.ac.th/reservation,pipeline:structured_game_detail,games/game_availability_lookup,100.0,True,0.4267,0,,,
MB-0673-AG-020,availability_game,psu_fact,ถ้าจะเล่น VALORANT ต้องจองอะไร,"ถ้าจะเล่น VALORANT ให้จอง PC Zone - PC #01-#02 หรือ PC Zone - PC #03-#10 ครับ • PC Zone - PC #01-#02 (60 นาที, 1 คน) • PC Zone - PC #03-#10 (60 นาที, 1 คน) จากนั้นเลือกวัน รอบเวลา กรอกข้อมูลผู้ใช้บริการ ชำระเงิน และแนบสลิปเพื่อยืนยันการจอง แหล่งข้อมูล: https://esports.computing.psu.ac.th/",pipeline:structured_booking_game_service_selection,reservation/booking_policy,100.0,True,0.2675,0,,,
MB-0674-AS-004,availability_service,psu_fact,PC #03-#10 มีเกมอะไรบ้าง,"PC Zone มีเกมที่ยืนยันได้ดังนี้ PC #03-#10 (60 นาที, 1 คน) • Call of Duty: Warzone • Counter-Strike 2 • League of Legends • PUBG: BATTLEGROUNDS • VALORANT หมายเหตุ: PC #03-#10 มี Call of Duty: Warzone แต่ไม่มี TEKKEN 8 หมายเหตุ: PC #01-#02 และ PC #03-#10 มี Counter-Strike 2, League of Legends, PUBG: BATTLEGROUNDS, VALORANT เหมือนกัน แหล่งข้อมูล: https://esports.computing.psu.ac.th/",pipeline:structured_service_game_availability,games/list,100.0,True,0.1674,0,,,
MB-0675-AS-005,availability_service,psu_fact,PC #03-#10 เล่นได้กี่คน,บริการที่ถามรองรับผู้เล่นตามข้อมูลนี้ครับ • PC #03-#10: 1 คน ต่อรอบ 60 นาที แหล่งข้อมูล: https://esports.computing.psu.ac.th/,pipeline:structured_service_capacity,reservation/count,100.0,True,2.4548,0,,,
MB-0676-AG-021,availability_game,psu_fact,Call of Duty: Warzone เล่นได้ที่เครื่องไหน,ได้ครับ Call of Duty: Warzone เล่นได้ที่ PC Zone - PC #03-#10 แหล่งข้อมูล: https://esports.computing.psu.ac.th/,pipeline:structured_service_game_availability,games/game_availability_lookup,100.0,True,0.6168,0,,,
MB-0677-AG-022,availability_game,psu_fact,มี Call of Duty: Warzone ไหม,ได้ครับ Call of Duty: Warzone เล่นได้ที่ PC Zone - PC #03-#10 แหล่งข้อมูล: https://esports.computing.psu.ac.th/,pipeline:structured_service_game_availability,games/game_availability_lookup,100.0,True,0.3831,0,,,
MB-0678-AG-023,availability_game,psu_fact,Call of Duty อยู่โซนไหน,พบเกมที่เกี่ยวข้องกับ Call of Duty ในรายการที่ยืนยันได้ครับ • Call of Duty: Modern Warfare III: เล่นได้ที่ PlayStation 5 Zone • Call of Duty: Warzone: เล่นได้ที่ PC Zone แหล่งข้อมูล: https://esports.phuket.psu.ac.th/Services/our-games,pipeline:structured_games_family,games/list,100.0,True,0.3524,0,,,
MB-0679-AG-024,availability_game,psu_fact,ถ้าจะเล่น Call of Duty ต้องจองอะไร,Call of Duty ในข้อมูลตอนนี้มีมากกว่า 1 เกมครับ ต้องเลือกให้ตรงกับเกมที่จะเล่น • ถ้าหมายถึง Call of Duty: Modern Warfare III ให้จอง PlayStation 5 #01-#02 • ถ้าหมายถึง Call of Duty: Warzone ให้จอง PC #03-#10 พิมพ์ต่อได้เลยว่า Warzone หรือ Modern Warfare III ถ้าต้องการให้ช่วยเจาะจง แหล่งข้อมูล: https://esports.computing.psu.ac.th/,pipeline:structured_booking_game_family_clarification,reservation/booking_policy,100.0,True,0.3078,0,,,
MB-0680-AS-006,availability_service,psu_fact,PlayStation 5 #01-#02 มีเกมอะไรบ้าง,"PlayStation 5 Zone มีเกมที่ยืนยันได้ดังนี้ PlayStation 5 #01-#02 (60 นาที, 1-2 คน) • Call of Duty: Modern Warfare III • Delta Force • EA Sports FC 24 • eFootball • FINAL FANTASY XVI • Fortnite • God of War Ragnarok • Hogwarts Legacy • Marvel's Spider-Man 2 • NARUTO X BORUTO Ultimate Ninja Storm Connections • Resident Evil 4 • Resident Evil Village • TEKKEN 8 • THE FINALS • The Last of Us Part I • The Last of Us Part II (Remastered) • Uncharted: Legacy of Thieves Collection หมายเหตุ: PlayStation 5 #01 และ #02 ใช้รายการเกมเดียวกัน แหล่งข้อมูล: https://esports.computing.psu.ac.th/",pipeline:structured_service_game_availability,games/list,100.0,True,0.232,0,,,
MB-0681-AS-007,availability_service,psu_fact,PlayStation 5 #01-#02 เล่นได้กี่คน,บริการที่ถามรองรับผู้เล่นตามข้อมูลนี้ครับ • PlayStation 5 #01-#02: 1-2 คน ต่อรอบ 60 นาที แหล่งข้อมูล: https://esports.computing.psu.ac.th/,pipeline:structured_service_capacity,reservation/count,100.0,True,4.4847,0,,,
MB-0682-AS-008,availability_service,psu_fact,PlayStation 5 Zone รายการเกมมีอะไรบ้าง,"PlayStation 5 Zone มีเกมที่ยืนยันได้ดังนี้ PlayStation 5 #01-#02 (60 นาที, 1-2 คน) • Call of Duty: Modern Warfare III • Delta Force • EA Sports FC 24 • eFootball • FINAL FANTASY XVI • Fortnite • God of War Ragnarok • Hogwarts Legacy • Marvel's Spider-Man 2 • NARUTO X BORUTO Ultimate Ninja Storm Connections • Resident Evil 4 • Resident Evil Village • TEKKEN 8 • THE FINALS • The Last of Us Part I • The Last of Us Part II (Remastered) • Uncharted: Legacy of Thieves Collection หมายเหตุ: PlayStation 5 #01 และ #02 ใช้รายการเกมเดียวกัน แหล่งข้อมูล: https://esports.computing.psu.ac.th/",pipeline:structured_service_game_availability,games/list,100.0,True,0.267,0,,,
MB-0683-AG-025,availability_game,psu_fact,Call of Duty: Modern Warfare III เล่นได้ที่เครื่องไหน,ได้ครับ Call of Duty: Modern Warfare III เล่นได้ที่ PlayStation 5 Zone - PlayStation 5 #01-#02 แหล่งข้อมูล: https://esports.computing.psu.ac.th/,pipeline:structured_service_game_availability,games/game_availability_lookup,100.0,True,0.7589,0,,,
MB-0684-AG-026,availability_game,psu_fact,มี Call of Duty: Modern Warfare III ไหม,ได้ครับ Call of Duty: Modern Warfare III เล่นได้ที่ PlayStation 5 Zone - PlayStation 5 #01-#02 แหล่งข้อมูล: https://esports.computing.psu.ac.th/,pipeline:structured_service_game_availability,games/detail,100.0,True,0.5553,0,,,
MB-0685-AG-027,availability_game,psu_fact,Delta Force เล่นได้ที่เครื่องไหน,ได้ครับ Delta Force เล่นได้ที่ PlayStation 5 Zone - PlayStation 5 #01-#02 แหล่งข้อมูล: https://esports.computing.psu.ac.th/,pipeline:structured_service_game_availability,games/game_availability_lookup,100.0,True,0.5774,0,,,
MB-0686-AG-028,availability_game,psu_fact,มี Delta Force ไหม,ได้ครับ Delta Force เล่นได้ที่ PlayStation 5 Zone - PlayStation 5 #01-#02 แหล่งข้อมูล: https://esports.computing.psu.ac.th/,pipeline:structured_service_game_availability,games/game_availability_lookup,100.0,True,0.3645,0,,,
MB-0687-AG-029,availability_game,psu_fact,Delta Force อยู่โซนไหน,Delta Force: มีข้อมูลเกมนี้ในฐานข้อมูลของศูนย์ เล่นได้ที่: PlayStation 5 Zone แหล่งข้อมูล: https://esports.computing.psu.ac.th/,pipeline:structured_game_detail,games/game_availability_lookup,100.0,True,0.5372,0,,,
MB-0688-AG-030,availability_game,psu_fact,ถ้าจะเล่น Delta Force ต้องจองอะไร,"ถ้าจะเล่น Delta Force ให้จอง PlayStation 5 Zone - PlayStation 5 #01-#02 ครับ • PlayStation 5 Zone - PlayStation 5 #01-#02 (60 นาที, 1-2 คน) จากนั้นเลือกวัน รอบเวลา กรอกข้อมูลผู้ใช้บริการ ชำระเงิน และแนบสลิปเพื่อยืนยันการจอง แหล่งข้อมูล: https://esports.computing.psu.ac.th/",pipeline:structured_booking_game_service_selection,reservation/booking_policy,100.0,True,0.3466,0,,,
MB-0689-AG-031,availability_game,psu_fact,EA Sports FC 24 เล่นได้ที่เครื่องไหน,ได้ครับ EA Sports FC 24 เล่นได้ที่ PlayStation 5 Zone - PlayStation 5 #01-#02 แหล่งข้อมูล: https://esports.computing.psu.ac.th/,pipeline:structured_service_game_availability,games/game_availability_lookup,100.0,True,0.5109,0,,,
MB-0690-AG-032,availability_game,psu_fact,มี EA Sports FC 24 ไหม,ได้ครับ EA Sports FC 24 เล่นได้ที่ PlayStation 5 Zone - PlayStation 5 #01-#02 แหล่งข้อมูล: https://esports.computing.psu.ac.th/,pipeline:structured_service_game_availability,games/detail,100.0,True,0.3368,0,,,
MB-0691-AG-033,availability_game,psu_fact,EA Sports FC 24 อยู่โซนไหน,เกมแนว Sports / เกมกีฬา ที่พบในรายการเกมที่ยืนยันได้: EA Sports FC 24 • แนวเกม: เกมฟุตบอล • เล่นได้ที่: PlayStation 5 Zone Nintendo Switch Sports • แนวเกม: เกมกีฬา Motion Control • เล่นได้ที่: Nintendo Switch Zone แหล่งข้อมูล: https://esports.phuket.psu.ac.th/Services/our-games,pipeline:structured_games_genre_list,games/game_availability_lookup,100.0,True,0.7451,0,,,
MB-0692-AG-034,availability_game,psu_fact,ถ้าจะเล่น EA Sports FC 24 ต้องจองอะไร,"ถ้าจะเล่น EA Sports FC 24 ให้จอง PlayStation 5 Zone - PlayStation 5 #01-#02 ครับ • PlayStation 5 Zone - PlayStation 5 #01-#02 (60 นาที, 1-2 คน) จากนั้นเลือกวัน รอบเวลา กรอกข้อมูลผู้ใช้บริการ ชำระเงิน และแนบสลิปเพื่อยืนยันการจอง แหล่งข้อมูล: https://esports.computing.psu.ac.th/",pipeline:structured_booking_game_service_selection,reservation/booking_policy,100.0,True,0.3304,0,,,
MB-0693-AG-035,availability_game,psu_fact,eFootball เล่นได้ที่เครื่องไหน,ได้ครับ eFootball เล่นได้ที่ PlayStation 5 Zone - PlayStation 5 #01-#02 แหล่งข้อมูล: https://esports.computing.psu.ac.th/,pipeline:structured_service_game_availability,games/game_availability_lookup,100.0,True,0.5307,0,,,
MB-0694-AG-036,availability_game,psu_fact,มี eFootball ไหม,ได้ครับ eFootball เล่นได้ที่ PlayStation 5 Zone - PlayStation 5 #01-#02 แหล่งข้อมูล: https://esports.computing.psu.ac.th/,pipeline:structured_service_game_availability,games/game_availability_lookup,100.0,True,0.2936,0,,,
MB-0695-AG-037,availability_game,psu_fact,eFootball อยู่โซนไหน,eFootball: มีข้อมูลเกมนี้ในฐานข้อมูลของศูนย์ เล่นได้ที่: PlayStation 5 Zone แหล่งข้อมูล: https://esports.computing.psu.ac.th/,pipeline:structured_game_detail,games/game_availability_lookup,100.0,True,0.5566,0,,,
MB-0696-AG-038,availability_game,psu_fact,ถ้าจะเล่น eFootball ต้องจองอะไร,"ถ้าจะเล่น eFootball ให้จอง PlayStation 5 Zone - PlayStation 5 #01-#02 ครับ • PlayStation 5 Zone - PlayStation 5 #01-#02 (60 นาที, 1-2 คน) จากนั้นเลือกวัน รอบเวลา กรอกข้อมูลผู้ใช้บริการ ชำระเงิน และแนบสลิปเพื่อยืนยันการจอง แหล่งข้อมูล: https://esports.computing.psu.ac.th/",pipeline:structured_booking_game_service_selection,reservation/booking_policy,100.0,True,0.3182,0,,,
MB-0697-AG-039,availability_game,psu_fact,FINAL FANTASY XVI เล่นได้ที่เครื่องไหน,ได้ครับ FINAL FANTASY XVI เล่นได้ที่ PlayStation 5 Zone - PlayStation 5 #01-#02 แหล่งข้อมูล: https://esports.computing.psu.ac.th/,pipeline:structured_service_game_availability,games/game_availability_lookup,100.0,True,0.5628,0,,,
MB-0698-AG-040,availability_game,psu_fact,มี FINAL FANTASY XVI ไหม,ได้ครับ FINAL FANTASY XVI เล่นได้ที่ PlayStation 5 Zone - PlayStation 5 #01-#02 แหล่งข้อมูล: https://esports.computing.psu.ac.th/,pipeline:structured_service_game_availability,games/detail,100.0,True,0.3958,0,,,
MB-0699-AG-041,availability_game,psu_fact,FINAL FANTASY XVI อยู่โซนไหน,FINAL FANTASY XVI: FINAL FANTASY XVI คือเกมแอ็กชัน RPG แฟนตาซีที่เน้นเนื้อเรื่อง การต่อสู้ และการพัฒนาตัวละคร แนวเกม: เกม Action RPG วิธีเล่นโดยสรุป: เล่นตามเนื้อเรื่อง ต่อสู้ด้วยสกิล/คอมโบ ทำภารกิจ และพัฒนาความสามารถของตัวละคร เล่นได้ที่: PlayStation 5 Zone แหล่งข้อมูล: https://esports.phuket.psu.ac.th/Services/our-games,pipeline:structured_game_detail,games/game_availability_lookup,100.0,True,0.6229,0,,,
MB-0700-AG-042,availability_game,psu_fact,ถ้าจะเล่น FINAL FANTASY XVI ต้องจองอะไร,"ถ้าจะเล่น FINAL FANTASY XVI ให้จอง PlayStation 5 Zone - PlayStation 5 #01-#02 ครับ • PlayStation 5 Zone - PlayStation 5 #01-#02 (60 นาที, 1-2 คน) จากนั้นเลือกวัน รอบเวลา กรอกข้อมูลผู้ใช้บริการ ชำระเงิน และแนบสลิปเพื่อยืนยันการจอง แหล่งข้อมูล: https://esports.computing.psu.ac.th/",pipeline:structured_booking_game_service_selection,reservation/booking_policy,100.0,True,0.3412,0,,,
MB-0701-AG-043,availability_game,psu_fact,Fortnite เล่นได้ที่เครื่องไหน,ได้ครับ Fortnite เล่นได้ที่ PlayStation 5 Zone - PlayStation 5 #01-#02 แหล่งข้อมูล: https://esports.computing.psu.ac.th/,pipeline:structured_service_game_availability,games/game_availability_lookup,100.0,True,0.4727,0,,,
MB-0702-AG-044,availability_game,psu_fact,มี Fortnite ไหม,ได้ครับ Fortnite เล่นได้ที่ PlayStation 5 Zone - PlayStation 5 #01-#02 แหล่งข้อมูล: https://esports.computing.psu.ac.th/,pipeline:structured_service_game_availability,games/game_availability_lookup,100.0,True,0.2696,0,,,
MB-0703-AG-045,availability_game,psu_fact,Fortnite อยู่โซนไหน,Fortnite: Fortnite คือเกมต่อสู้เอาชีวิตรอดที่ผู้เล่นแข่งกันในแผนที่ขนาดใหญ่และพยายามอยู่เป็นคนสุดท้าย แนวเกม: เกม Battle Royale / Action วิธีเล่นโดยสรุป: เก็บอาวุธ เคลื่อนตามวง ต่อสู้กับผู้เล่นอื่น และใช้การสร้างหรือโหมดไม่สร้างตามรูปแบบที่เลือก เล่นได้ที่: PlayStation 5 Zone แหล่งข้อมูล: https://esports.computing.psu.ac.th/reservation,pipeline:structured_game_detail,games/game_availability_lookup,100.0,True,0.5238,0,,,
MB-0704-AG-046,availability_game,psu_fact,ถ้าจะเล่น Fortnite ต้องจองอะไร,"ถ้าจะเล่น Fortnite ให้จอง PlayStation 5 Zone - PlayStation 5 #01-#02 ครับ • PlayStation 5 Zone - PlayStation 5 #01-#02 (60 นาที, 1-2 คน) จากนั้นเลือกวัน รอบเวลา กรอกข้อมูลผู้ใช้บริการ ชำระเงิน และแนบสลิปเพื่อยืนยันการจอง แหล่งข้อมูล: https://esports.computing.psu.ac.th/",pipeline:structured_booking_game_service_selection,reservation/booking_policy,100.0,True,0.3261,0,,,
MB-0705-AG-047,availability_game,psu_fact,God of War Ragnarok เล่นได้ที่เครื่องไหน,ได้ครับ God of War Ragnarok เล่นได้ที่ PlayStation 5 Zone - PlayStation 5 #01-#02 แหล่งข้อมูล: https://esports.computing.psu.ac.th/,pipeline:structured_service_game_availability,games/game_availability_lookup,100.0,True,0.6172,0,,,
MB-0706-AG-048,availability_game,psu_fact,มี God of War Ragnarok ไหม,ได้ครับ God of War Ragnarok เล่นได้ที่ PlayStation 5 Zone - PlayStation 5 #01-#02 แหล่งข้อมูล: https://esports.computing.psu.ac.th/,pipeline:structured_service_game_availability,games/detail,100.0,True,0.3803,0,,,
MB-0707-AG-049,availability_game,psu_fact,God of War Ragnarok อยู่โซนไหน,God of War Ragnarok: God of War Ragnarok คือเกมแอ็กชันผจญภัยที่เน้นเนื้อเรื่อง การต่อสู้ และการสำรวจในโลกตำนานนอร์ส แนวเกม: เกม Action-Adventure วิธีเล่นโดยสรุป: ควบคุมตัวละครหลัก ต่อสู้กับศัตรู แก้ปริศนา สำรวจพื้นที่ และพัฒนาอาวุธ/สกิลตามเนื้อเรื่อง เล่นได้ที่: PlayStation 5 Zone แหล่งข้อมูล: https://esports.phuket.psu.ac.th/Services/our-games,pipeline:structured_game_detail,games/game_availability_lookup,100.0,True,0.5415,0,,,
MB-0708-AG-050,availability_game,psu_fact,ถ้าจะเล่น God of War Ragnarok ต้องจองอะไร,"ถ้าจะเล่น God of War Ragnarok ให้จอง PlayStation 5 Zone - PlayStation 5 #01-#02 ครับ • PlayStation 5 Zone - PlayStation 5 #01-#02 (60 นาที, 1-2 คน) จากนั้นเลือกวัน รอบเวลา กรอกข้อมูลผู้ใช้บริการ ชำระเงิน และแนบสลิปเพื่อยืนยันการจอง แหล่งข้อมูล: https://esports.computing.psu.ac.th/",pipeline:structured_booking_game_service_selection,reservation/booking_policy,100.0,True,0.3312,0,,,
MB-0709-AG-051,availability_game,psu_fact,Hogwarts Legacy เล่นได้ที่เครื่องไหน,ได้ครับ Hogwarts Legacy เล่นได้ที่ PlayStation 5 Zone - PlayStation 5 #01-#02 แหล่งข้อมูล: https://esports.computing.psu.ac.th/,pipeline:structured_service_game_availability,games/game_availability_lookup,100.0,True,0.5471,0,,,
MB-0710-AG-052,availability_game,psu_fact,มี Hogwarts Legacy ไหม,ได้ครับ Hogwarts Legacy เล่นได้ที่ PlayStation 5 Zone - PlayStation 5 #01-#02 แหล่งข้อมูล: https://esports.computing.psu.ac.th/,pipeline:structured_service_game_availability,games/detail,100.0,True,0.3707,0,,,
MB-0711-AG-053,availability_game,psu_fact,Hogwarts Legacy อยู่โซนไหน,Hogwarts Legacy: Hogwarts Legacy คือเกมผจญภัยในโลกเวทมนตร์ ผู้เล่นเรียนคาถา สำรวจ และทำภารกิจในฮอกวอตส์และพื้นที่รอบ ๆ แนวเกม: เกม Open-world Action RPG วิธีเล่นโดยสรุป: สำรวจพื้นที่ ใช้คาถา ต่อสู้ แก้ปริศนา และทำเควสต์เพื่อพัฒนาตัวละคร เล่นได้ที่: PlayStation 5 Zone แหล่งข้อมูล: https://esports.phuket.psu.ac.th/Services/our-games,pipeline:structured_game_detail,games/game_availability_lookup,100.0,True,0.6071,0,,,
MB-0712-AG-054,availability_game,psu_fact,ถ้าจะเล่น Hogwarts Legacy ต้องจองอะไร,"ถ้าจะเล่น Hogwarts Legacy ให้จอง PlayStation 5 Zone - PlayStation 5 #01-#02 ครับ • PlayStation 5 Zone - PlayStation 5 #01-#02 (60 นาที, 1-2 คน) จากนั้นเลือกวัน รอบเวลา กรอกข้อมูลผู้ใช้บริการ ชำระเงิน และแนบสลิปเพื่อยืนยันการจอง แหล่งข้อมูล: https://esports.computing.psu.ac.th/",pipeline:structured_booking_game_service_selection,reservation/booking_policy,100.0,True,0.3396,0,,,
MB-0713-AG-055,availability_game,psu_fact,Marvel's Spider-Man 2 เล่นได้ที่เครื่องไหน,ได้ครับ Marvel's Spider-Man 2 เล่นได้ที่ PlayStation 5 Zone - PlayStation 5 #01-#02 แหล่งข้อมูล: https://esports.computing.psu.ac.th/,pipeline:structured_service_game_availability,games/game_availability_lookup,100.0,True,0.63,0,,,
MB-0714-AG-056,availability_game,psu_fact,มี Marvel's Spider-Man 2 ไหม,ได้ครับ Marvel's Spider-Man 2 เล่นได้ที่ PlayStation 5 Zone - PlayStation 5 #01-#02 แหล่งข้อมูล: https://esports.computing.psu.ac.th/,pipeline:structured_service_game_availability,games/detail,100.0,True,0.4335,0,,,
MB-0715-AG-057,availability_game,psu_fact,Marvel's Spider-Man 2 อยู่โซนไหน,Marvel's Spider-Man 2: Marvel's Spider-Man 2 คือเกมแอ็กชันผจญภัยที่ผู้เล่นรับบท Spider-Man ต่อสู้กับศัตรูและสำรวจเมือง แนวเกม: เกม Action-Adventure วิธีเล่นโดยสรุป: โหนใยเดินทาง ทำภารกิจ ใช้การต่อสู้แบบคอมโบ หลบหลีก และอัปเกรดสกิลระหว่างเนื้อเรื่อง เล่นได้ที่: PlayStation 5 Zone แหล่งข้อมูล: https://esports.phuket.psu.ac.th/Services/our-games,pipeline:structured_game_detail,games/game_availability_lookup,100.0,True,0.6014,0,,,
MB-0716-AG-058,availability_game,psu_fact,ถ้าจะเล่น Marvel's Spider-Man 2 ต้องจองอะไร,"ถ้าจะเล่น Marvel's Spider-Man 2 ให้จอง PlayStation 5 Zone - PlayStation 5 #01-#02 ครับ • PlayStation 5 Zone - PlayStation 5 #01-#02 (60 นาที, 1-2 คน) จากนั้นเลือกวัน รอบเวลา กรอกข้อมูลผู้ใช้บริการ ชำระเงิน และแนบสลิปเพื่อยืนยันการจอง แหล่งข้อมูล: https://esports.computing.psu.ac.th/",pipeline:structured_booking_game_service_selection,reservation/booking_policy,100.0,True,0.4047,0,,,
MB-0717-AG-059,availability_game,psu_fact,NARUTO X BORUTO Ultimate Ninja Storm Connections เล่นได้ที่เครื่องไหน,ได้ครับ NARUTO X BORUTO Ultimate Ninja Storm Connections เล่นได้ที่ PlayStation 5 Zone - PlayStation 5 #01-#02 แหล่งข้อมูล: https://esports.computing.psu.ac.th/,pipeline:structured_service_game_availability,games/game_availability_lookup,100.0,True,0.8604,0,,,
MB-0718-AG-060,availability_game,psu_fact,มี NARUTO X BORUTO Ultimate Ninja Storm Connections ไหม,ได้ครับ NARUTO X BORUTO Ultimate Ninja Storm Connections เล่นได้ที่ PlayStation 5 Zone - PlayStation 5 #01-#02 แหล่งข้อมูล: https://esports.computing.psu.ac.th/,pipeline:structured_service_game_availability,games/detail,100.0,True,0.6271,0,,,
MB-0719-AG-061,availability_game,psu_fact,NARUTO X BORUTO Ultimate Ninja Storm Connections อยู่โซนไหน,NARUTO X BORUTO Ultimate Ninja Storm Connections: NARUTO X BORUTO Ultimate Ninja Storm Connections คือเกมต่อสู้ที่ใช้ตัวละครจากจักรวาล Naruto/Boruto แนวเกม: เกมต่อสู้จากอนิเมะ วิธีเล่นโดยสรุป: เลือกตัวละคร ใช้คอมโบ สกิลนินจา และจังหวะหลบ/สวนกลับเพื่อเอาชนะคู่ต่อสู้ เล่นได้ที่: PlayStation 5 Zone แหล่งข้อมูล: https://esports.phuket.psu.ac.th/Services/our-games,pipeline:structured_game_detail,games/game_availability_lookup,100.0,True,0.904,0,,,
MB-0720-AG-062,availability_game,psu_fact,ถ้าจะเล่น NARUTO X BORUTO Ultimate Ninja Storm Connections ต้องจองอะไร,"ถ้าจะเล่น NARUTO X BORUTO Ultimate Ninja Storm Connections ให้จอง PlayStation 5 Zone - PlayStation 5 #01-#02 ครับ • PlayStation 5 Zone - PlayStation 5 #01-#02 (60 นาที, 1-2 คน) จากนั้นเลือกวัน รอบเวลา กรอกข้อมูลผู้ใช้บริการ ชำระเงิน และแนบสลิปเพื่อยืนยันการจอง แหล่งข้อมูล: https://esports.computing.psu.ac.th/",pipeline:structured_booking_game_service_selection,reservation/booking_policy,100.0,True,0.4255,0,,,
MB-0721-AG-063,availability_game,psu_fact,Resident Evil 4 เล่นได้ที่เครื่องไหน,"ได้ครับ Resident Evil 4 เล่นได้ที่ PlayStation 5 Zone - PlayStation 5 #01-#02, VR Zone - VR Station 30 นาที, VR Zone - VR Station 1 ชั่วโมง แหล่งข้อมูล: https://esports.computing.psu.ac.th/",pipeline:structured_service_game_availability,games/game_availability_lookup,100.0,True,0.5191,0,,,
MB-0722-AG-064,availability_game,psu_fact,มี Resident Evil 4 ไหม,"ได้ครับ Resident Evil 4 เล่นได้ที่ PlayStation 5 Zone - PlayStation 5 #01-#02, VR Zone - VR Station 30 นาที, VR Zone - VR Station 1 ชั่วโมง แหล่งข้อมูล: https://esports.computing.psu.ac.th/",pipeline:structured_service_game_availability,games/detail,100.0,True,0.3111,0,,,
MB-0723-AG-065,availability_game,psu_fact,Resident Evil 4 อยู่โซนไหน,Resident Evil 4: Resident Evil 4 คือเกมเอาตัวรอดสยองขวัญที่เน้นการต่อสู้ การสำรวจ และการบริหารกระสุน/ไอเทม แนวเกม: เกม Survival Horror / Action วิธีเล่นโดยสรุป: สำรวจพื้นที่ เก็บทรัพยากร ต่อสู้กับศัตรู แก้ปริศนา และเอาตัวรอดตามเนื้อเรื่อง เล่นได้ที่: PlayStation 5 Zone และ VR Zone แหล่งข้อมูล: https://esports.phuket.psu.ac.th/Services/our-games,pipeline:structured_game_detail,games/game_availability_lookup,100.0,True,0.527,0,,,
MB-0724-AG-066,availability_game,psu_fact,ถ้าจะเล่น Resident Evil 4 ต้องจองอะไร,"ถ้าจะเล่น Resident Evil 4 ให้จอง PlayStation 5 Zone - PlayStation 5 #01-#02 หรือ VR Zone - VR Station 30 นาที หรือ VR Zone - VR Station 1 ชั่วโมง ครับ • PlayStation 5 Zone - PlayStation 5 #01-#02 (60 นาที, 1-2 คน) • VR Zone - VR Station 30 นาที (30 นาที, 1-5 คน) • VR Zone - VR Station 1 ชั่วโมง (60 นาที, 1-5 คน) จากนั้นเลือกวัน รอบเวลา กรอกข้อมูลผู้ใช้บริการ ชำระเงิน และแนบสลิปเพื่อยืนยันการจอง แหล่งข้อมูล: https://esports.computing.psu.ac.th/",pipeline:structured_booking_game_service_selection,reservation/booking_policy,100.0,True,0.3147,0,,,
MB-0725-AG-067,availability_game,psu_fact,Resident Evil Village เล่นได้ที่เครื่องไหน,"ได้ครับ Resident Evil Village เล่นได้ที่ PlayStation 5 Zone - PlayStation 5 #01-#02, VR Zone - VR Station 30 นาที, VR Zone - VR Station 1 ชั่วโมง แหล่งข้อมูล: https://esports.computing.psu.ac.th/",pipeline:structured_service_game_availability,games/game_availability_lookup,100.0,True,0.6424,0,,,
MB-0726-AG-068,availability_game,psu_fact,มี Resident Evil Village ไหม,"ได้ครับ Resident Evil Village เล่นได้ที่ PlayStation 5 Zone - PlayStation 5 #01-#02, VR Zone - VR Station 30 นาที, VR Zone - VR Station 1 ชั่วโมง แหล่งข้อมูล: https://esports.computing.psu.ac.th/",pipeline:structured_service_game_availability,games/detail,100.0,True,0.4436,0,,,
MB-0727-AG-069,availability_game,psu_fact,Resident Evil Village อยู่โซนไหน,Resident Evil Village: Resident Evil Village คือเกมสยองขวัญเอาตัวรอดที่เน้นบรรยากาศ การสำรวจ และการต่อสู้กับศัตรูหลากหลายรูปแบบ แนวเกม: เกม Survival Horror วิธีเล่นโดยสรุป: สำรวจฉาก เก็บไอเทม จัดการทรัพยากร ต่อสู้ และแก้ปริศนาเพื่อดำเนินเรื่อง เล่นได้ที่: PlayStation 5 Zone และ VR Zone แหล่งข้อมูล: https://esports.phuket.psu.ac.th/Services/our-games,pipeline:structured_game_detail,games/game_availability_lookup,100.0,True,0.7161,0,,,
MB-0728-AG-070,availability_game,psu_fact,ถ้าจะเล่น Resident Evil Village ต้องจองอะไร,"ถ้าจะเล่น Resident Evil Village ให้จอง PlayStation 5 Zone - PlayStation 5 #01-#02 หรือ VR Zone - VR Station 30 นาที หรือ VR Zone - VR Station 1 ชั่วโมง ครับ • PlayStation 5 Zone - PlayStation 5 #01-#02 (60 นาที, 1-2 คน) • VR Zone - VR Station 30 นาที (30 นาที, 1-5 คน) • VR Zone - VR Station 1 ชั่วโมง (60 นาที, 1-5 คน) จากนั้นเลือกวัน รอบเวลา กรอกข้อมูลผู้ใช้บริการ ชำระเงิน และแนบสลิปเพื่อยืนยันการจอง แหล่งข้อมูล: https://esports.computing.psu.ac.th/",pipeline:structured_booking_game_service_selection,reservation/booking_policy,100.0,True,0.3763,0,,,
MB-0729-AG-071,availability_game,psu_fact,THE FINALS เล่นได้ที่เครื่องไหน,ได้ครับ THE FINALS เล่นได้ที่ PlayStation 5 Zone - PlayStation 5 #01-#02 แหล่งข้อมูล: https://esports.computing.psu.ac.th/,pipeline:structured_service_game_availability,games/game_availability_lookup,100.0,True,0.5972,0,,,
MB-0730-AG-072,availability_game,psu_fact,มี THE FINALS ไหม,ได้ครับ THE FINALS เล่นได้ที่ PlayStation 5 Zone - PlayStation 5 #01-#02 แหล่งข้อมูล: https://esports.computing.psu.ac.th/,pipeline:structured_service_game_availability,games/game_availability_lookup,100.0,True,0.3921,0,,,
MB-0731-AG-073,availability_game,psu_fact,THE FINALS อยู่โซนไหน,THE FINALS: มีข้อมูลเกมนี้ในฐานข้อมูลของศูนย์ เล่นได้ที่: PlayStation 5 Zone แหล่งข้อมูล: https://esports.computing.psu.ac.th/,pipeline:structured_game_detail,games/game_availability_lookup,100.0,True,0.6374,0,,,
MB-0732-AG-074,availability_game,psu_fact,ถ้าจะเล่น THE FINALS ต้องจองอะไร,"ถ้าจะเล่น THE FINALS ให้จอง PlayStation 5 Zone - PlayStation 5 #01-#02 ครับ • PlayStation 5 Zone - PlayStation 5 #01-#02 (60 นาที, 1-2 คน) จากนั้นเลือกวัน รอบเวลา กรอกข้อมูลผู้ใช้บริการ ชำระเงิน และแนบสลิปเพื่อยืนยันการจอง แหล่งข้อมูล: https://esports.computing.psu.ac.th/",pipeline:structured_booking_game_service_selection,reservation/booking_policy,100.0,True,0.3669,0,,,
MB-0733-AG-075,availability_game,psu_fact,The Last of Us Part I เล่นได้ที่เครื่องไหน,ได้ครับ The Last of Us Part I เล่นได้ที่ PlayStation 5 Zone - PlayStation 5 #01-#02 แหล่งข้อมูล: https://esports.computing.psu.ac.th/,pipeline:structured_service_game_availability,games/game_availability_lookup,100.0,True,0.6204,0,,,
MB-0734-AG-076,availability_game,psu_fact,มี The Last of Us Part I ไหม,ได้ครับ The Last of Us Part I เล่นได้ที่ PlayStation 5 Zone - PlayStation 5 #01-#02 แหล่งข้อมูล: https://esports.computing.psu.ac.th/,pipeline:structured_service_game_availability,games/detail,100.0,True,0.3423,0,,,
MB-0735-AG-077,availability_game,psu_fact,The Last of Us Part I อยู่โซนไหน,The Last of Us Part I: สัมผัสการเล่าเรื่องสุดซึ้งและตัวละครที่ลืมไม่ลงใน The Last of Us ที่ชนะรางวัล Game of the Year กว่า 200 รางวัล ในอารยธรรมที่ล่มสลาย ที่ที่ผู้ติดเชื้อและผู้รอดชีวิตไร้ซึ่งความเมตตามีอยู่เต็มไปหมด โจเอล ตัวเอกผู้รู้สึกเหน็ดหน่ายได้รับจ้างให้ลักพาตัวเอลลี่ เด็กอายุ 14 ปีออกจากเขตกักกันของทหาร แต่ว่างานเล็ก ๆ นี้ได้เปลี่ยนเป็นการเดินทางข้ามประเทศที่โหดร้าย รวมเนื้อเรื่องเล่นคนเดียวของ The Last of Us แบบสมบูรณ์และเรื่องราวก่อนหน้าที่ได้รับคำชมอย่าง Left Behind... เล่นได้ที่: PlayStation 5 Zone แหล่งข้อมูล: https://esports.phuket.psu.ac.th/Services/our-games,pipeline:structured_game_detail,games/game_availability_lookup,100.0,True,0.5938,0,,,
MB-0736-AG-078,availability_game,psu_fact,ถ้าจะเล่น The Last of Us Part I ต้องจองอะไร,"ถ้าจะเล่น The Last of Us Part I ให้จอง PlayStation 5 Zone - PlayStation 5 #01-#02 ครับ • PlayStation 5 Zone - PlayStation 5 #01-#02 (60 นาที, 1-2 คน) จากนั้นเลือกวัน รอบเวลา กรอกข้อมูลผู้ใช้บริการ ชำระเงิน และแนบสลิปเพื่อยืนยันการจอง แหล่งข้อมูล: https://esports.computing.psu.ac.th/",pipeline:structured_booking_game_service_selection,reservation/booking_policy,100.0,True,0.3449,0,,,
MB-0737-AG-079,availability_game,psu_fact,The Last of Us Part II (Remastered) เล่นได้ที่เครื่องไหน,ได้ครับ The Last of Us Part II (Remastered) เล่นได้ที่ PlayStation 5 Zone - PlayStation 5 #01-#02 แหล่งข้อมูล: https://esports.computing.psu.ac.th/,pipeline:structured_service_game_availability,games/game_availability_lookup,100.0,True,0.7053,0,,,
MB-0738-AG-080,availability_game,psu_fact,มี The Last of Us Part II (Remastered) ไหม,ได้ครับ The Last of Us Part II (Remastered) เล่นได้ที่ PlayStation 5 Zone - PlayStation 5 #01-#02 แหล่งข้อมูล: https://esports.computing.psu.ac.th/,pipeline:structured_service_game_availability,games/detail,100.0,True,0.4556,0,,,
MB-0739-AG-081,availability_game,psu_fact,The Last of Us Part II อยู่โซนไหน,The Last of Us Part II (Remastered): เล่นเกมที่ชนะรางวัล Game of the Year กว่า 300 รางวัล ในรูปแบบรีมาสเตอร์สำหรับคอนโซล PlayStation®5 สัมผัสเรื่องราวของเอลลี่และแอ็บบี้อีกครั้ง หรือเล่นเป็นครั้งแรก โดยครั้งนี้มาพร้อมกับการปรับปรุงกราฟิก เกมเพลย์ใหม่แบบการเอาตัวรอดแนวโร้กไลก์ในโหมดโนรีเทิร์น การรองรับอุปกรณ์ควบคุมไร้สาย DualSense™ แบบเต็มรูปแบบ และอื่น ๆ อีกมากมาย ห้าปีหลังจากการเดินทางสุดอันตรายข้ามสหรัฐอเมริกาหลังเกิดโรคระบาด เอลลี่และโจเอลได้ลงหลักปักฐานอยู่ในเมืองแจ็คสัน รัฐไวโอมิง... เล่นได้ที่: PlayStation 5 Zone แหล่งข้อมูล: https://esports.phuket.psu.ac.th/Services/our-games,pipeline:structured_game_detail,games/game_availability_lookup,100.0,True,0.6062,0,,,
MB-0740-AG-082,availability_game,psu_fact,ถ้าจะเล่น The Last of Us Part II ต้องจองอะไร,"ถ้าจะเล่น The Last of Us Part II (Remastered) ให้จอง PlayStation 5 Zone - PlayStation 5 #01-#02 ครับ • PlayStation 5 Zone - PlayStation 5 #01-#02 (60 นาที, 1-2 คน) จากนั้นเลือกวัน รอบเวลา กรอกข้อมูลผู้ใช้บริการ ชำระเงิน และแนบสลิปเพื่อยืนยันการจอง แหล่งข้อมูล: https://esports.computing.psu.ac.th/",pipeline:structured_booking_game_service_selection,reservation/booking_policy,100.0,True,0.3696,0,,,
MB-0741-AG-083,availability_game,psu_fact,Uncharted: Legacy of Thieves Collection เล่นได้ที่เครื่องไหน,ได้ครับ Uncharted: Legacy of Thieves Collection เล่นได้ที่ PlayStation 5 Zone - PlayStation 5 #01-#02 แหล่งข้อมูล: https://esports.computing.psu.ac.th/,pipeline:structured_service_game_availability,games/game_availability_lookup,100.0,True,0.7588,0,,,
MB-0742-AG-084,availability_game,psu_fact,มี Uncharted: Legacy of Thieves Collection ไหม,ได้ครับ Uncharted: Legacy of Thieves Collection เล่นได้ที่ PlayStation 5 Zone - PlayStation 5 #01-#02 แหล่งข้อมูล: https://esports.computing.psu.ac.th/,pipeline:structured_service_game_availability,games/detail,100.0,True,0.5957,0,,,
MB-0743-AG-085,availability_game,psu_fact,Uncharted อยู่โซนไหน,Uncharted: Legacy of Thieves Collection: Uncharted คือเกมผจญภัยแนวล่าสมบัติที่เน้นปีนป่าย สำรวจ แก้ปริศนา และฉากแอ็กชัน แนวเกม: เกม Action-Adventure วิธีเล่นโดยสรุป: สำรวจฉาก ปีนป่าย แก้ปริศนา ยิงต่อสู้ และดำเนินเรื่องผ่านภารกิจ เล่นได้ที่: PlayStation 5 Zone แหล่งข้อมูล: https://esports.phuket.psu.ac.th/Services/our-games,pipeline:structured_game_detail,games/game_availability_lookup,100.0,True,0.5823,0,,,
MB-0744-AG-086,availability_game,psu_fact,ถ้าจะเล่น Uncharted ต้องจองอะไร,"ถ้าจะเล่น Uncharted: Legacy of Thieves Collection ให้จอง PlayStation 5 Zone - PlayStation 5 #01-#02 ครับ • PlayStation 5 Zone - PlayStation 5 #01-#02 (60 นาที, 1-2 คน) จากนั้นเลือกวัน รอบเวลา กรอกข้อมูลผู้ใช้บริการ ชำระเงิน และแนบสลิปเพื่อยืนยันการจอง แหล่งข้อมูล: https://esports.computing.psu.ac.th/",pipeline:structured_booking_game_service_selection,reservation/booking_policy,100.0,True,0.3425,0,,,
MB-0745-AS-009,availability_service,psu_fact,Nintendo Switch (1-2 Persons) มีเกมอะไรบ้าง,"Nintendo Switch Zone มีเกมที่ยืนยันได้ดังนี้ Nintendo Switch (1-2 Persons) (60 นาที, 1-2 คน) • Pokémon Champions • Animal Crossing: New Horizons • It Takes Two • Little Nightmares II • Luigi's Mansion 3 • Mario Kart 8 Deluxe • Mario Party Superstars • Monster Hunter Rise • Moving Out 2 • New Super Mario Bros. U Deluxe • Nintendo Switch Sports • Overcooked! • Overcooked! 2 • Ring Fit Adventure • Super Mario Odyssey • Super Smash Bros Ultimate • The Legend of Zelda: Breath of The Wild หมายเหตุ: Nintendo Switch แบบ 1-2 Persons และ 1-4 Persons ใช้รายการเกมเดียวกัน แหล่งข้อมูล: https://esports.computing.psu.ac.th/",pipeline:structured_service_game_availability,games/list,100.0,True,0.3129,0,,,
MB-0746-AS-010,availability_service,psu_fact,Nintendo Switch (1-2 Persons) เล่นได้กี่คน,บริการที่ถามรองรับผู้เล่นตามข้อมูลนี้ครับ • Nintendo Switch (1-2 Persons): 1-2 คน ต่อรอบ 60 นาที • Nintendo Switch (1-4 Persons): 1-4 คน ต่อรอบ 60 นาที แหล่งข้อมูล: https://esports.computing.psu.ac.th/,pipeline:structured_service_capacity,reservation/count,100.0,True,0.3141,0,,,
MB-0747-AS-011,availability_service,psu_fact,Nintendo Switch Zone รายการเกมมีอะไรบ้าง,"Nintendo Switch Zone มีเกมที่ยืนยันได้ดังนี้ Nintendo Switch (1-2 Persons) (60 นาที, 1-2 คน) • Pokémon Champions • Animal Crossing: New Horizons • It Takes Two • Little Nightmares II • Luigi's Mansion 3 • Mario Kart 8 Deluxe • Mario Party Superstars • Monster Hunter Rise • Moving Out 2 • New Super Mario Bros. U Deluxe • Nintendo Switch Sports • Overcooked! • Overcooked! 2 • Ring Fit Adventure • Super Mario Odyssey • Super Smash Bros Ultimate • The Legend of Zelda: Breath of The Wild หมายเหตุ: Nintendo Switch แบบ 1-2 Persons และ 1-4 Persons ใช้รายการเกมเดียวกัน Nintendo Switch (1-4 Persons) (60 นาที, 1-4 คน) • Pokémon Champions • Animal Crossing: New Horizons • It Takes Two • Little Nightmare",pipeline:structured_service_game_availability,games/list,100.0,True,0.2838,0,,,
MB-0748-AG-087,availability_game,psu_fact,Pokémon Champions เล่นได้ที่เครื่องไหน,"ได้ครับ Pokémon Champions เล่นได้ที่ Nintendo Switch Zone - Nintendo Switch (1-2 Persons), Nintendo Switch Zone - Nintendo Switch (1-4 Persons) แหล่งข้อมูล: https://esports.computing.psu.ac.th/",pipeline:structured_service_game_availability,games/game_availability_lookup,100.0,True,0.5975,0,,,
MB-0749-AG-088,availability_game,psu_fact,มี Pokémon Champions ไหม,"ได้ครับ Pokémon Champions เล่นได้ที่ Nintendo Switch Zone - Nintendo Switch (1-2 Persons), Nintendo Switch Zone - Nintendo Switch (1-4 Persons) แหล่งข้อมูล: https://esports.computing.psu.ac.th/",pipeline:structured_service_game_availability,games/game_availability_lookup,100.0,True,0.3641,0,,,
MB-0750-AG-089,availability_game,psu_fact,Pokémon Champions อยู่โซนไหน,Pokémon Champions: มีข้อมูลเกมนี้ในฐานข้อมูลของศูนย์ เล่นได้ที่: Nintendo Switch Zone แหล่งข้อมูล: https://esports.computing.psu.ac.th/,pipeline:structured_game_detail,games/game_availability_lookup,100.0,True,0.5707,0,,,
MB-0751-AG-090,availability_game,psu_fact,ถ้าจะเล่น Pokémon Champions ต้องจองอะไร,"ถ้าจะเล่น Pokémon Champions ให้จอง Nintendo Switch Zone - Nintendo Switch (1-2 Persons) หรือ Nintendo Switch Zone - Nintendo Switch (1-4 Persons) ครับ • Nintendo Switch Zone - Nintendo Switch (1-2 Persons) (60 นาที, 1-2 คน) • Nintendo Switch Zone - Nintendo Switch (1-4 Persons) (60 นาที, 1-4 คน) จากนั้นเลือกวัน รอบเวลา กรอกข้อมูลผู้ใช้บริการ ชำระเงิน และแนบสลิปเพื่อยืนยันการจอง แหล่งข้อมูล: https://esports.computing.psu.ac.th/",pipeline:structured_booking_game_service_selection,reservation/booking_policy,100.0,True,0.3431,0,,,
MB-0752-AG-091,availability_game,psu_fact,Animal Crossing: New Horizons เล่นได้ที่เครื่องไหน,"ได้ครับ Animal Crossing: New Horizons เล่นได้ที่ Nintendo Switch Zone - Nintendo Switch (1-2 Persons), Nintendo Switch Zone - Nintendo Switch (1-4 Persons) แหล่งข้อมูล: https://esports.computing.psu.ac.th/",pipeline:structured_service_game_availability,games/game_availability_lookup,100.0,True,0.614,0,,,
MB-0753-AG-092,availability_game,psu_fact,มี Animal Crossing: New Horizons ไหม,"ได้ครับ Animal Crossing: New Horizons เล่นได้ที่ Nintendo Switch Zone - Nintendo Switch (1-2 Persons), Nintendo Switch Zone - Nintendo Switch (1-4 Persons) แหล่งข้อมูล: https://esports.computing.psu.ac.th/",pipeline:structured_service_game_availability,games/detail,100.0,True,0.4257,0,,,
MB-0754-AG-093,availability_game,psu_fact,Animal Crossing อยู่โซนไหน,Animal Crossing: New Horizons: Animal Crossing: New Horizons คือเกมใช้ชีวิตบนเกาะ ผู้เล่นตกแต่งบ้าน เก็บของ สร้างพื้นที่ และพูดคุยกับชาวเกาะ แนวเกม: เกม Life Simulation วิธีเล่นโดยสรุป: เล่นแบบสบาย ๆ โดยเก็บทรัพยากร ตกปลา จับแมลง ตกแต่งเกาะ และทำกิจกรรมประจำวัน เล่นได้ที่: Nintendo Switch Zone แหล่งข้อมูล: https://esports.phuket.psu.ac.th/Services/our-games,pipeline:structured_game_detail,games/game_availability_lookup,100.0,True,0.5522,0,,,
MB-0755-AG-094,availability_game,psu_fact,ถ้าจะเล่น Animal Crossing ต้องจองอะไร,"ถ้าจะเล่น Animal Crossing: New Horizons ให้จอง Nintendo Switch Zone - Nintendo Switch (1-2 Persons) หรือ Nintendo Switch Zone - Nintendo Switch (1-4 Persons) ครับ • Nintendo Switch Zone - Nintendo Switch (1-2 Persons) (60 นาที, 1-2 คน) • Nintendo Switch Zone - Nintendo Switch (1-4 Persons) (60 นาที, 1-4 คน) จากนั้นเลือกวัน รอบเวลา กรอกข้อมูลผู้ใช้บริการ ชำระเงิน และแนบสลิปเพื่อยืนยันการจอง แหล่งข้อมูล: https://esports.computing.psu.ac.th/",pipeline:structured_booking_game_service_selection,reservation/booking_policy,100.0,True,0.288,0,,,
MB-0756-AG-095,availability_game,psu_fact,It Takes Two เล่นได้ที่เครื่องไหน,"ได้ครับ It Takes Two เล่นได้ที่ Nintendo Switch Zone - Nintendo Switch (1-2 Persons), Nintendo Switch Zone - Nintendo Switch (1-4 Persons) แหล่งข้อมูล: https://esports.computing.psu.ac.th/",pipeline:structured_service_game_availability,games/game_availability_lookup,100.0,True,0.4741,0,,,
MB-0757-AG-096,availability_game,psu_fact,มี It Takes Two ไหม,"ได้ครับ It Takes Two เล่นได้ที่ Nintendo Switch Zone - Nintendo Switch (1-2 Persons), Nintendo Switch Zone - Nintendo Switch (1-4 Persons) แหล่งข้อมูล: https://esports.computing.psu.ac.th/",pipeline:structured_service_game_availability,games/detail,100.0,True,0.2764,0,,,
MB-0758-AG-097,availability_game,psu_fact,It Takes Two อยู่โซนไหน,It Takes Two: It Takes Two คือเกมผจญภัยสำหรับเล่นร่วมกันสองคน ที่ต้องช่วยกันแก้ปริศนาและผ่านด่าน แนวเกม: เกม Co-op Adventure วิธีเล่นโดยสรุป: ผู้เล่นสองคนต้องสื่อสาร แบ่งหน้าที่ ใช้ความสามารถของตัวละคร และช่วยกันผ่านอุปสรรค เล่นได้ที่: Nintendo Switch Zone แหล่งข้อมูล: https://esports.phuket.psu.ac.th/Services/our-games,pipeline:structured_game_detail,games/game_availability_lookup,100.0,True,0.4468,0,,,
MB-0759-AG-098,availability_game,psu_fact,ถ้าจะเล่น It Takes Two ต้องจองอะไร,"ถ้าจะเล่น It Takes Two ให้จอง Nintendo Switch Zone - Nintendo Switch (1-2 Persons) หรือ Nintendo Switch Zone - Nintendo Switch (1-4 Persons) ครับ • Nintendo Switch Zone - Nintendo Switch (1-2 Persons) (60 นาที, 1-2 คน) • Nintendo Switch Zone - Nintendo Switch (1-4 Persons) (60 นาที, 1-4 คน) จากนั้นเลือกวัน รอบเวลา กรอกข้อมูลผู้ใช้บริการ ชำระเงิน และแนบสลิปเพื่อยืนยันการจอง แหล่งข้อมูล: https://esports.computing.psu.ac.th/",pipeline:structured_booking_game_service_selection,reservation/booking_policy,100.0,True,0.2585,0,,,
MB-0760-AG-099,availability_game,psu_fact,Little Nightmares II เล่นได้ที่เครื่องไหน,"ได้ครับ Little Nightmares II เล่นได้ที่ Nintendo Switch Zone - Nintendo Switch (1-2 Persons), Nintendo Switch Zone - Nintendo Switch (1-4 Persons) แหล่งข้อมูล: https://esports.computing.psu.ac.th/",pipeline:structured_service_game_availability,games/game_availability_lookup,100.0,True,0.6691,0,,,
MB-0761-AG-100,availability_game,psu_fact,มี Little Nightmares II ไหม,"ได้ครับ Little Nightmares II เล่นได้ที่ Nintendo Switch Zone - Nintendo Switch (1-2 Persons), Nintendo Switch Zone - Nintendo Switch (1-4 Persons) แหล่งข้อมูล: https://esports.computing.psu.ac.th/",pipeline:structured_service_game_availability,games/detail,100.0,True,0.3798,0,,,
MB-0762-AG-101,availability_game,psu_fact,Little Nightmares II อยู่โซนไหน,Little Nightmares II: Little Nightmares II คือเกมผจญภัยบรรยากาศสยองที่เน้นการหลบหนี แก้ปริศนา และผ่านฉากอันตราย แนวเกม: เกม Puzzle Platform / Horror วิธีเล่นโดยสรุป: เดิน สำรวจ หลบศัตรู ใช้สิ่งของในฉากแก้ปริศนา และหาจังหวะผ่านอุปสรรค เล่นได้ที่: Nintendo Switch Zone แหล่งข้อมูล: https://esports.phuket.psu.ac.th/Services/our-games,pipeline:structured_game_detail,games/game_availability_lookup,100.0,True,0.5934,0,,,
MB-0763-AG-102,availability_game,psu_fact,ถ้าจะเล่น Little Nightmares II ต้องจองอะไร,"ถ้าจะเล่น Little Nightmares II ให้จอง Nintendo Switch Zone - Nintendo Switch (1-2 Persons) หรือ Nintendo Switch Zone - Nintendo Switch (1-4 Persons) ครับ • Nintendo Switch Zone - Nintendo Switch (1-2 Persons) (60 นาที, 1-2 คน) • Nintendo Switch Zone - Nintendo Switch (1-4 Persons) (60 นาที, 1-4 คน) จากนั้นเลือกวัน รอบเวลา กรอกข้อมูลผู้ใช้บริการ ชำระเงิน และแนบสลิปเพื่อยืนยันการจอง แหล่งข้อมูล: https://esports.computing.psu.ac.th/",pipeline:structured_booking_game_service_selection,reservation/booking_policy,100.0,True,0.3859,0,,,
MB-0764-AG-103,availability_game,psu_fact,Luigi's Mansion 3 เล่นได้ที่เครื่องไหน,"ได้ครับ Luigi's Mansion 3 เล่นได้ที่ Nintendo Switch Zone - Nintendo Switch (1-2 Persons), Nintendo Switch Zone - Nintendo Switch (1-4 Persons) แหล่งข้อมูล: https://esports.computing.psu.ac.th/",pipeline:structured_service_game_availability,games/game_availability_lookup,100.0,True,0.6377,0,,,
MB-0765-AG-104,availability_game,psu_fact,มี Luigi's Mansion 3 ไหม,"ได้ครับ Luigi's Mansion 3 เล่นได้ที่ Nintendo Switch Zone - Nintendo Switch (1-2 Persons), Nintendo Switch Zone - Nintendo Switch (1-4 Persons) แหล่งข้อมูล: https://esports.computing.psu.ac.th/",pipeline:structured_service_game_availability,games/detail,100.0,True,0.3801,0,,,
MB-0766-AG-105,availability_game,psu_fact,Luigi's Mansion 3 อยู่โซนไหน,Luigi's Mansion 3: Luigi's Mansion 3 คือเกมผจญภัยจับผีที่ผู้เล่นสำรวจโรงแรมและแก้ปริศนา แนวเกม: เกม Action Puzzle วิธีเล่นโดยสรุป: ใช้เครื่องดูดผี สำรวจห้อง แก้ปริศนา และจับผีเพื่อผ่านด่าน เล่นได้ที่: Nintendo Switch Zone แหล่งข้อมูล: https://esports.phuket.psu.ac.th/Services/our-games,pipeline:structured_game_detail,games/game_availability_lookup,100.0,True,0.5188,0,,,
MB-0767-AG-106,availability_game,psu_fact,ถ้าจะเล่น Luigi's Mansion 3 ต้องจองอะไร,"ถ้าจะเล่น Luigi's Mansion 3 ให้จอง Nintendo Switch Zone - Nintendo Switch (1-2 Persons) หรือ Nintendo Switch Zone - Nintendo Switch (1-4 Persons) ครับ • Nintendo Switch Zone - Nintendo Switch (1-2 Persons) (60 นาที, 1-2 คน) • Nintendo Switch Zone - Nintendo Switch (1-4 Persons) (60 นาที, 1-4 คน) จากนั้นเลือกวัน รอบเวลา กรอกข้อมูลผู้ใช้บริการ ชำระเงิน และแนบสลิปเพื่อยืนยันการจอง แหล่งข้อมูล: https://esports.computing.psu.ac.th/",pipeline:structured_booking_game_service_selection,reservation/booking_policy,100.0,True,0.2927,0,,,
MB-0768-AG-107,availability_game,psu_fact,Mario Kart 8 Deluxe เล่นได้ที่เครื่องไหน,"ได้ครับ Mario Kart 8 Deluxe เล่นได้ที่ Nintendo Switch Zone - Nintendo Switch (1-2 Persons), Nintendo Switch Zone - Nintendo Switch (1-4 Persons) แหล่งข้อมูล: https://esports.computing.psu.ac.th/",pipeline:structured_service_game_availability,games/game_availability_lookup,100.0,True,0.5372,0,,,
MB-0769-AG-108,availability_game,psu_fact,มี Mario Kart 8 Deluxe ไหม,"ได้ครับ Mario Kart 8 Deluxe เล่นได้ที่ Nintendo Switch Zone - Nintendo Switch (1-2 Persons), Nintendo Switch Zone - Nintendo Switch (1-4 Persons) แหล่งข้อมูล: https://esports.computing.psu.ac.th/",pipeline:structured_service_game_availability,games/game_availability_lookup,100.0,True,0.3217,0,,,
MB-0770-AG-109,availability_game,psu_fact,Mario Kart 8 Deluxe อยู่โซนไหน,Mario Kart 8 Deluxe: Mario Kart 8 Deluxe คือเกมแข่งรถสไตล์ปาร์ตี้ที่ใช้ตัวละคร Nintendo ขับรถแข่งกันในสนามหลากหลายแบบ แนวเกม: เกมแข่งรถ Party Racing วิธีเล่นโดยสรุป: เลือกตัวละครและรถ ขับเข้าเส้นชัย ใช้ไอเทมช่วยโจมตี/ป้องกัน และเล่นสนุกได้หลายคน เล่นได้ที่: Nintendo Switch Zone แหล่งข้อมูล: https://esports.phuket.psu.ac.th/Services/our-games,pipeline:structured_game_detail,games/game_availability_lookup,100.0,True,0.5607,0,,,
MB-0771-AG-110,availability_game,psu_fact,ถ้าจะเล่น Mario Kart 8 Deluxe ต้องจองอะไร,"ถ้าจะเล่น Mario Kart 8 Deluxe ให้จอง Nintendo Switch Zone - Nintendo Switch (1-2 Persons) หรือ Nintendo Switch Zone - Nintendo Switch (1-4 Persons) ครับ • Nintendo Switch Zone - Nintendo Switch (1-2 Persons) (60 นาที, 1-2 คน) • Nintendo Switch Zone - Nintendo Switch (1-4 Persons) (60 นาที, 1-4 คน) จากนั้นเลือกวัน รอบเวลา กรอกข้อมูลผู้ใช้บริการ ชำระเงิน และแนบสลิปเพื่อยืนยันการจอง แหล่งข้อมูล: https://esports.computing.psu.ac.th/",pipeline:structured_booking_game_service_selection,reservation/booking_policy,100.0,True,0.3118,0,,,
MB-0772-AG-111,availability_game,psu_fact,Mario Party Superstars เล่นได้ที่เครื่องไหน,"ได้ครับ Mario Party Superstars เล่นได้ที่ Nintendo Switch Zone - Nintendo Switch (1-2 Persons), Nintendo Switch Zone - Nintendo Switch (1-4 Persons) แหล่งข้อมูล: https://esports.computing.psu.ac.th/",pipeline:structured_service_game_availability,games/game_availability_lookup,100.0,True,0.5932,0,,,
MB-0773-AG-112,availability_game,psu_fact,มี Mario Party Superstars ไหม,"ได้ครับ Mario Party Superstars เล่นได้ที่ Nintendo Switch Zone - Nintendo Switch (1-2 Persons), Nintendo Switch Zone - Nintendo Switch (1-4 Persons) แหล่งข้อมูล: https://esports.computing.psu.ac.th/",pipeline:structured_service_game_availability,games/game_availability_lookup,100.0,True,0.3858,0,,,
MB-0774-AG-113,availability_game,psu_fact,Mario Party Superstars อยู่โซนไหน,เกมแนว Party / Co-op ที่พบในรายการเกมที่ยืนยันได้: It Takes Two • แนวเกม: เกม Co-op Adventure • เล่นได้ที่: Nintendo Switch Zone Mario Kart 8 Deluxe • แนวเกม: เกมแข่งรถ Party Racing • เล่นได้ที่: Nintendo Switch Zone Mario Party Superstars • แนวเกม: เกม Party / Mini-games • เล่นได้ที่: Nintendo Switch Zone Moving Out 2 • แนวเกม: เกม Co-op Puzzle / Party • เล่นได้ที่: Nintendo Switch Zone Overcooked! 2 • แนวเกม: เกม Co-op ทำอาหาร • เล่นได้ที่: Nintendo Switch Zone แหล่งข้อมูล: https://esports.phuket.psu.ac.th/Services/our-games,pipeline:structured_games_genre_list,games/game_availability_lookup,100.0,True,0.6012,0,,,
MB-0775-AG-114,availability_game,psu_fact,ถ้าจะเล่น Mario Party Superstars ต้องจองอะไร,"ถ้าจะเล่น Mario Party Superstars ให้จอง Nintendo Switch Zone - Nintendo Switch (1-2 Persons) หรือ Nintendo Switch Zone - Nintendo Switch (1-4 Persons) ครับ • Nintendo Switch Zone - Nintendo Switch (1-2 Persons) (60 นาที, 1-2 คน) • Nintendo Switch Zone - Nintendo Switch (1-4 Persons) (60 นาที, 1-4 คน) จากนั้นเลือกวัน รอบเวลา กรอกข้อมูลผู้ใช้บริการ ชำระเงิน และแนบสลิปเพื่อยืนยันการจอง แหล่งข้อมูล: https://esports.computing.psu.ac.th/",pipeline:structured_booking_game_service_selection,reservation/booking_policy,100.0,True,0.3183,0,,,
MB-0776-AG-115,availability_game,psu_fact,Monster Hunter Rise เล่นได้ที่เครื่องไหน,"ได้ครับ Monster Hunter Rise เล่นได้ที่ Nintendo Switch Zone - Nintendo Switch (1-2 Persons), Nintendo Switch Zone - Nintendo Switch (1-4 Persons) แหล่งข้อมูล: https://esports.computing.psu.ac.th/",pipeline:structured_service_game_availability,games/game_availability_lookup,100.0,True,0.5211,0,,,
MB-0777-AG-116,availability_game,psu_fact,มี Monster Hunter Rise ไหม,"ได้ครับ Monster Hunter Rise เล่นได้ที่ Nintendo Switch Zone - Nintendo Switch (1-2 Persons), Nintendo Switch Zone - Nintendo Switch (1-4 Persons) แหล่งข้อมูล: https://esports.computing.psu.ac.th/",pipeline:structured_service_game_availability,games/detail,100.0,True,0.332,0,,,
MB-0778-AG-117,availability_game,psu_fact,Monster Hunter Rise อยู่โซนไหน,Monster Hunter Rise: Monster Hunter Rise คือเกมล่ามอนสเตอร์ที่ผู้เล่นเลือกอาวุธ ทำภารกิจ และเก็บวัตถุดิบมาสร้างอุปกรณ์ แนวเกม: เกม Action RPG ล่ามอนสเตอร์ วิธีเล่นโดยสรุป: เลือกอาวุธ รับเควสต์ ตามหามอนสเตอร์ หลบ/โจมตีให้ถูกจังหวะ และคราฟต์อุปกรณ์จากวัตถุดิบ เล่นได้ที่: Nintendo Switch Zone แหล่งข้อมูล: https://esports.phuket.psu.ac.th/Services/our-games,pipeline:structured_game_detail,games/game_availability_lookup,100.0,True,0.5397,0,,,
MB-0779-AG-118,availability_game,psu_fact,ถ้าจะเล่น Monster Hunter Rise ต้องจองอะไร,"ถ้าจะเล่น Monster Hunter Rise ให้จอง Nintendo Switch Zone - Nintendo Switch (1-2 Persons) หรือ Nintendo Switch Zone - Nintendo Switch (1-4 Persons) ครับ • Nintendo Switch Zone - Nintendo Switch (1-2 Persons) (60 นาที, 1-2 คน) • Nintendo Switch Zone - Nintendo Switch (1-4 Persons) (60 นาที, 1-4 คน) จากนั้นเลือกวัน รอบเวลา กรอกข้อมูลผู้ใช้บริการ ชำระเงิน และแนบสลิปเพื่อยืนยันการจอง แหล่งข้อมูล: https://esports.computing.psu.ac.th/",pipeline:structured_booking_game_service_selection,reservation/booking_policy,100.0,True,0.3463,0,,,
MB-0780-AG-119,availability_game,psu_fact,Moving Out 2 เล่นได้ที่เครื่องไหน,"ได้ครับ Moving Out 2 เล่นได้ที่ Nintendo Switch Zone - Nintendo Switch (1-2 Persons), Nintendo Switch Zone - Nintendo Switch (1-4 Persons) แหล่งข้อมูล: https://esports.computing.psu.ac.th/",pipeline:structured_service_game_availability,games/game_availability_lookup,100.0,True,0.5903,0,,,
MB-0781-AG-120,availability_game,psu_fact,มี Moving Out 2 ไหม,"ได้ครับ Moving Out 2 เล่นได้ที่ Nintendo Switch Zone - Nintendo Switch (1-2 Persons), Nintendo Switch Zone - Nintendo Switch (1-4 Persons) แหล่งข้อมูล: https://esports.computing.psu.ac.th/",pipeline:structured_service_game_availability,games/detail,100.0,True,0.3716,0,,,
MB-0782-AG-121,availability_game,psu_fact,Moving Out 2 อยู่โซนไหน,Moving Out 2: Moving Out 2 คือเกมย้ายของแบบร่วมมือกันที่ต้องช่วยกันขนของผ่านฉากวุ่น ๆ แนวเกม: เกม Co-op Puzzle / Party วิธีเล่นโดยสรุป: ช่วยกันยก โยน วางแผนเส้นทาง และขนของให้เสร็จภายในเวลา เล่นได้ที่: Nintendo Switch Zone แหล่งข้อมูล: https://esports.phuket.psu.ac.th/Services/our-games,pipeline:structured_game_detail,games/game_availability_lookup,100.0,True,0.4225,0,,,
MB-0783-AG-122,availability_game,psu_fact,ถ้าจะเล่น Moving Out 2 ต้องจองอะไร,"ถ้าจะเล่น Moving Out 2 ให้จอง Nintendo Switch Zone - Nintendo Switch (1-2 Persons) หรือ Nintendo Switch Zone - Nintendo Switch (1-4 Persons) ครับ • Nintendo Switch Zone - Nintendo Switch (1-2 Persons) (60 นาที, 1-2 คน) • Nintendo Switch Zone - Nintendo Switch (1-4 Persons) (60 นาที, 1-4 คน) จากนั้นเลือกวัน รอบเวลา กรอกข้อมูลผู้ใช้บริการ ชำระเงิน และแนบสลิปเพื่อยืนยันการจอง แหล่งข้อมูล: https://esports.computing.psu.ac.th/",pipeline:structured_booking_game_service_selection,reservation/booking_policy,100.0,True,0.2777,0,,,
MB-0784-AG-123,availability_game,psu_fact,New Super Mario Bros. U Deluxe เล่นได้ที่เครื่องไหน,"ได้ครับ New Super Mario Bros. U Deluxe เล่นได้ที่ Nintendo Switch Zone - Nintendo Switch (1-2 Persons), Nintendo Switch Zone - Nintendo Switch (1-4 Persons) แหล่งข้อมูล: https://esports.computing.psu.ac.th/",pipeline:structured_service_game_availability,games/game_availability_lookup,100.0,True,0.7256,0,,,
MB-0785-AG-124,availability_game,psu_fact,มี New Super Mario Bros. U Deluxe ไหม,"ได้ครับ New Super Mario Bros. U Deluxe เล่นได้ที่ Nintendo Switch Zone - Nintendo Switch (1-2 Persons), Nintendo Switch Zone - Nintendo Switch (1-4 Persons) แหล่งข้อมูล: https://esports.computing.psu.ac.th/",pipeline:structured_service_game_availability,games/game_availability_lookup,100.0,True,0.5449,0,,,
MB-0786-AG-125,availability_game,psu_fact,New Super Mario Bros. U Deluxe อยู่โซนไหน,New Super Mario Bros. U Deluxe: New Super Mario Bros. U Deluxe คือเกมมาริโอแบบเดินลุยด่าน กระโดด หลบศัตรู และเก็บเหรียญ แนวเกม: เกม Platformer 2D วิธีเล่นโดยสรุป: วิ่ง กระโดด ใช้ power-up ผ่านด่าน และร่วมมือกับเพื่อนได้หลายคน เล่นได้ที่: Nintendo Switch Zone แหล่งข้อมูล: https://esports.phuket.psu.ac.th/Services/our-games,pipeline:structured_game_detail,games/game_availability_lookup,100.0,True,0.6814,0,,,
MB-0787-AG-126,availability_game,psu_fact,ถ้าจะเล่น New Super Mario Bros. U Deluxe ต้องจองอะไร,"ถ้าจะเล่น New Super Mario Bros. U Deluxe ให้จอง Nintendo Switch Zone - Nintendo Switch (1-2 Persons) หรือ Nintendo Switch Zone - Nintendo Switch (1-4 Persons) ครับ • Nintendo Switch Zone - Nintendo Switch (1-2 Persons) (60 นาที, 1-2 คน) • Nintendo Switch Zone - Nintendo Switch (1-4 Persons) (60 นาที, 1-4 คน) จากนั้นเลือกวัน รอบเวลา กรอกข้อมูลผู้ใช้บริการ ชำระเงิน และแนบสลิปเพื่อยืนยันการจอง แหล่งข้อมูล: https://esports.computing.psu.ac.th/",pipeline:structured_booking_game_service_selection,reservation/booking_policy,100.0,True,0.3712,0,,,
MB-0788-AG-127,availability_game,psu_fact,Nintendo Switch Sports เล่นได้ที่เครื่องไหน,"ได้ครับ Nintendo Switch Sports เล่นได้ที่ Nintendo Switch Zone - Nintendo Switch (1-2 Persons), Nintendo Switch Zone - Nintendo Switch (1-4 Persons) แหล่งข้อมูล: https://esports.computing.psu.ac.th/",pipeline:structured_service_game_availability,games/game_availability_lookup,100.0,True,0.4637,0,,,
MB-0789-AG-128,availability_game,psu_fact,มี Nintendo Switch Sports ไหม,"ได้ครับ Nintendo Switch Sports เล่นได้ที่ Nintendo Switch Zone - Nintendo Switch (1-2 Persons), Nintendo Switch Zone - Nintendo Switch (1-4 Persons) แหล่งข้อมูล: https://esports.computing.psu.ac.th/",pipeline:structured_service_game_availability,games/detail,100.0,True,0.4012,0,,,
MB-0790-AG-129,availability_game,psu_fact,Nintendo Switch Sports อยู่โซนไหน,เกมแนว Sports / เกมกีฬา ที่พบในรายการเกมที่ยืนยันได้: EA Sports FC 24 • แนวเกม: เกมฟุตบอล • เล่นได้ที่: PlayStation 5 Zone Nintendo Switch Sports • แนวเกม: เกมกีฬา Motion Control • เล่นได้ที่: Nintendo Switch Zone แหล่งข้อมูล: https://esports.phuket.psu.ac.th/Services/our-games,pipeline:structured_games_genre_list,games/game_availability_lookup,100.0,True,0.5267,0,,,
MB-0791-AG-130,availability_game,psu_fact,ถ้าจะเล่น Nintendo Switch Sports ต้องจองอะไร,"ถ้าจะเล่น Nintendo Switch Sports ให้จอง Nintendo Switch Zone - Nintendo Switch (1-2 Persons) หรือ Nintendo Switch Zone - Nintendo Switch (1-4 Persons) ครับ • Nintendo Switch Zone - Nintendo Switch (1-2 Persons) (60 นาที, 1-2 คน) • Nintendo Switch Zone - Nintendo Switch (1-4 Persons) (60 นาที, 1-4 คน) จากนั้นเลือกวัน รอบเวลา กรอกข้อมูลผู้ใช้บริการ ชำระเงิน และแนบสลิปเพื่อยืนยันการจอง แหล่งข้อมูล: https://esports.computing.psu.ac.th/",pipeline:structured_booking_game_service_selection,reservation/booking_policy,100.0,True,0.3237,0,,,
MB-0792-AG-131,availability_game,psu_fact,Overcooked! เล่นได้ที่เครื่องไหน,พบเกมที่เกี่ยวข้องกับ Overcooked ในรายการที่ยืนยันได้ครับ • Overcooked!: เล่นได้ที่ Nintendo Switch Zone • Overcooked! 2: เล่นได้ที่ Nintendo Switch Zone แหล่งข้อมูล: https://esports.phuket.psu.ac.th/Services/our-games,pipeline:structured_games_family,games/list,100.0,True,0.4988,0,,,
MB-0793-AG-132,availability_game,psu_fact,มี Overcooked! ไหม,พบเกมที่เกี่ยวข้องกับ Overcooked ในรายการที่ยืนยันได้ครับ • Overcooked!: เล่นได้ที่ Nintendo Switch Zone • Overcooked! 2: เล่นได้ที่ Nintendo Switch Zone แหล่งข้อมูล: https://esports.phuket.psu.ac.th/Services/our-games,pipeline:structured_games_family,games/list,100.0,True,0.2637,0,,,
MB-0794-AG-133,availability_game,psu_fact,Overcooked! อยู่โซนไหน,พบเกมที่เกี่ยวข้องกับ Overcooked ในรายการที่ยืนยันได้ครับ • Overcooked!: เล่นได้ที่ Nintendo Switch Zone • Overcooked! 2: เล่นได้ที่ Nintendo Switch Zone แหล่งข้อมูล: https://esports.phuket.psu.ac.th/Services/our-games,pipeline:structured_games_family,games/list,100.0,True,0.3118,0,,,
MB-0795-AG-134,availability_game,psu_fact,ถ้าจะเล่น Overcooked! ต้องจองอะไร,"ถ้าจะเล่น Overcooked! ให้จอง Nintendo Switch Zone - Nintendo Switch (1-2 Persons) หรือ Nintendo Switch Zone - Nintendo Switch (1-4 Persons) ครับ • Nintendo Switch Zone - Nintendo Switch (1-2 Persons) (60 นาที, 1-2 คน) • Nintendo Switch Zone - Nintendo Switch (1-4 Persons) (60 นาที, 1-4 คน) จากนั้นเลือกวัน รอบเวลา กรอกข้อมูลผู้ใช้บริการ ชำระเงิน และแนบสลิปเพื่อยืนยันการจอง แหล่งข้อมูล: https://esports.computing.psu.ac.th/",pipeline:structured_booking_game_service_selection,reservation/booking_policy,100.0,True,0.3017,0,,,
MB-0796-AG-135,availability_game,psu_fact,Overcooked! 2 เล่นได้ที่เครื่องไหน,"ได้ครับ Overcooked! 2 เล่นได้ที่ Nintendo Switch Zone - Nintendo Switch (1-2 Persons), Nintendo Switch Zone - Nintendo Switch (1-4 Persons) แหล่งข้อมูล: https://esports.computing.psu.ac.th/",pipeline:structured_service_game_availability,games/game_availability_lookup,100.0,True,0.4972,0,,,
MB-0797-AG-136,availability_game,psu_fact,มี Overcooked! 2 ไหม,"ได้ครับ Overcooked! 2 เล่นได้ที่ Nintendo Switch Zone - Nintendo Switch (1-2 Persons), Nintendo Switch Zone - Nintendo Switch (1-4 Persons) แหล่งข้อมูล: https://esports.computing.psu.ac.th/",pipeline:structured_service_game_availability,games/detail,100.0,True,0.3354,0,,,
MB-0798-AG-137,availability_game,psu_fact,Overcooked! 2 อยู่โซนไหน,Overcooked! 2: Overcooked 2 คือเกมทำอาหารแบบร่วมมือกัน ผู้เล่นต้องแบ่งหน้าที่ เตรียมอาหาร เสิร์ฟ และจัดการครัวที่วุ่นวาย แนวเกม: เกม Co-op ทำอาหาร วิธีเล่นโดยสรุป: ช่วยกันหั่นวัตถุดิบ ปรุง เสิร์ฟ ล้างจาน และสื่อสารกับทีมให้ทันเวลา เล่นได้ที่: Nintendo Switch Zone แหล่งข้อมูล: https://esports.phuket.psu.ac.th/Services/our-games,pipeline:structured_game_detail,games/game_availability_lookup,100.0,True,0.5037,0,,,
MB-0799-AG-138,availability_game,psu_fact,ถ้าจะเล่น Overcooked! 2 ต้องจองอะไร,"ถ้าจะเล่น Overcooked! 2 ให้จอง Nintendo Switch Zone - Nintendo Switch (1-2 Persons) หรือ Nintendo Switch Zone - Nintendo Switch (1-4 Persons) ครับ • Nintendo Switch Zone - Nintendo Switch (1-2 Persons) (60 นาที, 1-2 คน) • Nintendo Switch Zone - Nintendo Switch (1-4 Persons) (60 นาที, 1-4 คน) จากนั้นเลือกวัน รอบเวลา กรอกข้อมูลผู้ใช้บริการ ชำระเงิน และแนบสลิปเพื่อยืนยันการจอง แหล่งข้อมูล: https://esports.computing.psu.ac.th/",pipeline:structured_booking_game_service_selection,reservation/booking_policy,100.0,True,0.2908,0,,,
MB-0800-AG-139,availability_game,psu_fact,Ring Fit Adventure เล่นได้ที่เครื่องไหน,"ได้ครับ Ring Fit Adventure เล่นได้ที่ Nintendo Switch Zone - Nintendo Switch (1-2 Persons), Nintendo Switch Zone - Nintendo Switch (1-4 Persons) แหล่งข้อมูล: https://esports.computing.psu.ac.th/",pipeline:structured_service_game_availability,games/game_availability_lookup,100.0,True,0.6786,0,,,
MB-0801-AG-140,availability_game,psu_fact,มี Ring Fit Adventure ไหม,"ได้ครับ Ring Fit Adventure เล่นได้ที่ Nintendo Switch Zone - Nintendo Switch (1-2 Persons), Nintendo Switch Zone - Nintendo Switch (1-4 Persons) แหล่งข้อมูล: https://esports.computing.psu.ac.th/",pipeline:structured_service_game_availability,games/detail,100.0,True,0.4735,0,,,
MB-0802-AG-141,availability_game,psu_fact,Ring Fit Adventure อยู่โซนไหน,Ring Fit Adventure: Ring Fit Adventure คือเกมออกกำลังกายที่ใช้ Ring-Con และท่าทางร่างกายเพื่อผจญภัยในเกม แนวเกม: เกมออกกำลังกาย Adventure วิธีเล่นโดยสรุป: ใส่ Joy-Con กับ Ring-Con แล้วทำท่าออกกำลังกาย เช่น วิ่ง บีบ ดัน หรือยืด เพื่อโจมตีและผ่านด่าน เล่นได้ที่: Nintendo Switch Zone แหล่งข้อมูล: https://esports.phuket.psu.ac.th/Services/our-games,pipeline:structured_game_detail,games/game_availability_lookup,100.0,True,0.6984,0,,,
MB-0803-AG-142,availability_game,psu_fact,ถ้าจะเล่น Ring Fit Adventure ต้องจองอะไร,"ถ้าจะเล่น Ring Fit Adventure ให้จอง Nintendo Switch Zone - Nintendo Switch (1-2 Persons) หรือ Nintendo Switch Zone - Nintendo Switch (1-4 Persons) ครับ • Nintendo Switch Zone - Nintendo Switch (1-2 Persons) (60 นาที, 1-2 คน) • Nintendo Switch Zone - Nintendo Switch (1-4 Persons) (60 นาที, 1-4 คน) จากนั้นเลือกวัน รอบเวลา กรอกข้อมูลผู้ใช้บริการ ชำระเงิน และแนบสลิปเพื่อยืนยันการจอง แหล่งข้อมูล: https://esports.computing.psu.ac.th/",pipeline:structured_booking_game_service_selection,reservation/booking_policy,100.0,True,0.4085,0,,,
MB-0804-AG-143,availability_game,psu_fact,Super Mario Odyssey เล่นได้ที่เครื่องไหน,"ได้ครับ Super Mario Odyssey เล่นได้ที่ Nintendo Switch Zone - Nintendo Switch (1-2 Persons), Nintendo Switch Zone - Nintendo Switch (1-4 Persons) แหล่งข้อมูล: https://esports.computing.psu.ac.th/",pipeline:structured_service_game_availability,games/game_availability_lookup,100.0,True,0.7078,0,,,
MB-0805-AG-144,availability_game,psu_fact,มี Super Mario Odyssey ไหม,"ได้ครับ Super Mario Odyssey เล่นได้ที่ Nintendo Switch Zone - Nintendo Switch (1-2 Persons), Nintendo Switch Zone - Nintendo Switch (1-4 Persons) แหล่งข้อมูล: https://esports.computing.psu.ac.th/",pipeline:structured_service_game_availability,games/game_availability_lookup,100.0,True,0.4669,0,,,
MB-0806-AG-145,availability_game,psu_fact,Super Mario Odyssey อยู่โซนไหน,Super Mario Odyssey: Super Mario Odyssey คือเกมผจญภัย 3D ที่ Mario สำรวจโลกต่าง ๆ และเก็บ Power Moon แนวเกม: เกม Platformer 3D วิธีเล่นโดยสรุป: วิ่ง กระโดด ใช้หมวก Cappy จับ/ควบคุมบางสิ่ง และสำรวจฉากเพื่อเก็บเป้าหมาย เล่นได้ที่: Nintendo Switch Zone แหล่งข้อมูล: https://esports.phuket.psu.ac.th/Services/our-games,pipeline:structured_game_detail,games/game_availability_lookup,100.0,True,0.6712,0,,,
MB-0807-AG-146,availability_game,psu_fact,ถ้าจะเล่น Super Mario Odyssey ต้องจองอะไร,"ถ้าจะเล่น Super Mario Odyssey ให้จอง Nintendo Switch Zone - Nintendo Switch (1-2 Persons) หรือ Nintendo Switch Zone - Nintendo Switch (1-4 Persons) ครับ • Nintendo Switch Zone - Nintendo Switch (1-2 Persons) (60 นาที, 1-2 คน) • Nintendo Switch Zone - Nintendo Switch (1-4 Persons) (60 นาที, 1-4 คน) จากนั้นเลือกวัน รอบเวลา กรอกข้อมูลผู้ใช้บริการ ชำระเงิน และแนบสลิปเพื่อยืนยันการจอง แหล่งข้อมูล: https://esports.computing.psu.ac.th/",pipeline:structured_booking_game_service_selection,reservation/booking_policy,100.0,True,0.3326,0,,,
MB-0808-AG-147,availability_game,psu_fact,Super Smash Bros Ultimate เล่นได้ที่เครื่องไหน,"ได้ครับ Super Smash Bros Ultimate เล่นได้ที่ Nintendo Switch Zone - Nintendo Switch (1-2 Persons), Nintendo Switch Zone - Nintendo Switch (1-4 Persons) แหล่งข้อมูล: https://esports.computing.psu.ac.th/",pipeline:structured_service_game_availability,games/game_availability_lookup,100.0,True,0.7065,0,,,
MB-0809-AG-148,availability_game,psu_fact,มี Super Smash Bros Ultimate ไหม,"ได้ครับ Super Smash Bros Ultimate เล่นได้ที่ Nintendo Switch Zone - Nintendo Switch (1-2 Persons), Nintendo Switch Zone - Nintendo Switch (1-4 Persons) แหล่งข้อมูล: https://esports.computing.psu.ac.th/",pipeline:structured_service_game_availability,games/detail,100.0,True,0.4554,0,,,
MB-0810-AG-149,availability_game,psu_fact,Super Smash Bros Ultimate อยู่โซนไหน,Super Smash Bros Ultimate: Super Smash Bros Ultimate คือเกมต่อสู้ที่ใช้ตัวละครจากหลายเกม ผลักคู่ต่อสู้ออกจากฉากเพื่อทำคะแนน แนวเกม: เกมต่อสู้แบบ Platform Fighter วิธีเล่นโดยสรุป: เลือกตัวละคร ใช้ท่าโจมตี หลบ กระโดด และพยายามทำให้คู่แข่งกระเด็นออกนอกสนาม เล่นได้ที่: Nintendo Switch Zone แหล่งข้อมูล: https://esports.phuket.psu.ac.th/Services/our-games,pipeline:structured_game_detail,games/game_availability_lookup,100.0,True,0.8177,0,,,
MB-0811-AG-150,availability_game,psu_fact,ถ้าจะเล่น Super Smash Bros Ultimate ต้องจองอะไร,"ถ้าจะเล่น Super Smash Bros Ultimate ให้จอง Nintendo Switch Zone - Nintendo Switch (1-2 Persons) หรือ Nintendo Switch Zone - Nintendo Switch (1-4 Persons) ครับ • Nintendo Switch Zone - Nintendo Switch (1-2 Persons) (60 นาที, 1-2 คน) • Nintendo Switch Zone - Nintendo Switch (1-4 Persons) (60 นาที, 1-4 คน) จากนั้นเลือกวัน รอบเวลา กรอกข้อมูลผู้ใช้บริการ ชำระเงิน และแนบสลิปเพื่อยืนยันการจอง แหล่งข้อมูล: https://esports.computing.psu.ac.th/",pipeline:structured_booking_game_service_selection,reservation/booking_policy,100.0,True,0.4732,0,,,
MB-0812-AG-151,availability_game,psu_fact,The Legend of Zelda: Breath of The Wild เล่นได้ที่เครื่องไหน,"ได้ครับ The Legend of Zelda: Breath of The Wild เล่นได้ที่ Nintendo Switch Zone - Nintendo Switch (1-2 Persons), Nintendo Switch Zone - Nintendo Switch (1-4 Persons) แหล่งข้อมูล: https://esports.computing.psu.ac.th/",pipeline:structured_service_game_availability,games/game_availability_lookup,100.0,True,0.8143,0,,,
MB-0813-AG-152,availability_game,psu_fact,มี The Legend of Zelda: Breath of The Wild ไหม,"ได้ครับ The Legend of Zelda: Breath of The Wild เล่นได้ที่ Nintendo Switch Zone - Nintendo Switch (1-2 Persons), Nintendo Switch Zone - Nintendo Switch (1-4 Persons) แหล่งข้อมูล: https://esports.computing.psu.ac.th/",pipeline:structured_service_game_availability,games/detail,100.0,True,0.6401,0,,,
MB-0814-AG-153,availability_game,psu_fact,The Legend of Zelda อยู่โซนไหน,The Legend of Zelda: Breath of The Wild: The Legend of Zelda: Breath of the Wild คือเกมผจญภัยโลกเปิดที่ให้ผู้เล่นสำรวจ ต่อสู้ แก้ปริศนา และทดลองวิธีผ่านสถานการณ์ต่าง ๆ แนวเกม: เกม Open-world Adventure วิธีเล่นโดยสรุป: สำรวจแผนที่ เก็บอาวุธ/อาหาร แก้ shrine ต่อสู้ และเลือกเส้นทางการผจญภัยเองได้มาก เล่นได้ที่: Nintendo Switch Zone แหล่งข้อมูล: https://esports.phuket.psu.ac.th/Services/our-games,pipeline:structured_game_detail,games/game_availability_lookup,100.0,True,0.7607,0,,,
MB-0815-AG-154,availability_game,psu_fact,ถ้าจะเล่น The Legend of Zelda ต้องจองอะไร,"ถ้าจะเล่น The Legend of Zelda: Breath of The Wild ให้จอง Nintendo Switch Zone - Nintendo Switch (1-2 Persons) หรือ Nintendo Switch Zone - Nintendo Switch (1-4 Persons) ครับ • Nintendo Switch Zone - Nintendo Switch (1-2 Persons) (60 นาที, 1-2 คน) • Nintendo Switch Zone - Nintendo Switch (1-4 Persons) (60 นาที, 1-4 คน) จากนั้นเลือกวัน รอบเวลา กรอกข้อมูลผู้ใช้บริการ ชำระเงิน และแนบสลิปเพื่อยืนยันการจอง แหล่งข้อมูล: https://esports.computing.psu.ac.th/",pipeline:structured_booking_game_service_selection,reservation/booking_policy,100.0,True,0.6141,0,,,
MB-0816-AS-012,availability_service,psu_fact,Nintendo Switch (1-4 Persons) มีเกมอะไรบ้าง,"Nintendo Switch Zone มีเกมที่ยืนยันได้ดังนี้ Nintendo Switch (1-4 Persons) (60 นาที, 1-4 คน) • Pokémon Champions • Animal Crossing: New Horizons • It Takes Two • Little Nightmares II • Luigi's Mansion 3 • Mario Kart 8 Deluxe • Mario Party Superstars • Monster Hunter Rise • Moving Out 2 • New Super Mario Bros. U Deluxe • Nintendo Switch Sports • Overcooked! • Overcooked! 2 • Ring Fit Adventure • Super Mario Odyssey • Super Smash Bros Ultimate • The Legend of Zelda: Breath of The Wild หมายเหตุ: Nintendo Switch แบบ 1-2 Persons และ 1-4 Persons ใช้รายการเกมเดียวกัน แหล่งข้อมูล: https://esports.computing.psu.ac.th/",pipeline:structured_service_game_availability,games/list,100.0,True,0.317,0,,,
MB-0817-AS-013,availability_service,psu_fact,Nintendo Switch (1-4 Persons) เล่นได้กี่คน,บริการที่ถามรองรับผู้เล่นตามข้อมูลนี้ครับ • Nintendo Switch (1-2 Persons): 1-2 คน ต่อรอบ 60 นาที • Nintendo Switch (1-4 Persons): 1-4 คน ต่อรอบ 60 นาที แหล่งข้อมูล: https://esports.computing.psu.ac.th/,pipeline:structured_service_capacity,reservation/count,100.0,True,0.3476,0,,,
MB-0818-AS-014,availability_service,psu_fact,Cockpit #01-#02 มีเกมอะไรบ้าง,"Cockpit Zone มีเกมที่ยืนยันได้ดังนี้ Cockpit #01-#02 (60 นาที, 1 คน) • Gran Turismo 7 หมายเหตุ: Cockpit มี 2 เครื่อง และใช้รายการเกมเดียวกัน แหล่งข้อมูล: https://esports.computing.psu.ac.th/",pipeline:structured_service_game_availability,games/list,100.0,True,0.296,0,,,
MB-0819-AS-015,availability_service,psu_fact,Cockpit #01-#02 เล่นได้กี่คน,บริการที่ถามรองรับผู้เล่นตามข้อมูลนี้ครับ • Cockpit #01-#02: 1 คน ต่อรอบ 60 นาที แหล่งข้อมูล: https://esports.computing.psu.ac.th/,pipeline:structured_service_capacity,reservation/count,100.0,True,3.8049,0,,,
MB-0820-AS-016,availability_service,psu_fact,Cockpit Zone รายการเกมมีอะไรบ้าง,"Cockpit Zone มีเกมที่ยืนยันได้ดังนี้ Cockpit #01-#02 (60 นาที, 1 คน) • Gran Turismo 7 หมายเหตุ: Cockpit มี 2 เครื่อง และใช้รายการเกมเดียวกัน แหล่งข้อมูล: https://esports.computing.psu.ac.th/",pipeline:structured_service_game_availability,games/list,100.0,True,0.265,0,,,
MB-0821-AG-155,availability_game,psu_fact,Gran Turismo 7 เล่นได้ที่เครื่องไหน,ได้ครับ Gran Turismo 7 เล่นได้ที่ Cockpit Zone - Cockpit #01-#02 แหล่งข้อมูล: https://esports.computing.psu.ac.th/,pipeline:structured_service_game_availability,games/game_availability_lookup,100.0,True,0.5693,0,,,
MB-0822-AG-156,availability_game,psu_fact,มี Gran Turismo 7 ไหม,ได้ครับ Gran Turismo 7 เล่นได้ที่ Cockpit Zone - Cockpit #01-#02 แหล่งข้อมูล: https://esports.computing.psu.ac.th/,pipeline:structured_service_game_availability,games/game_availability_lookup,100.0,True,0.3749,0,,,
MB-0823-AG-157,availability_game,psu_fact,Gran Turismo 7 อยู่โซนไหน,Gran Turismo 7: Gran Turismo 7 คือเกมแข่งรถที่เน้นการขับรถสมจริง การเลือกสนาม รถ และการควบคุมจังหวะเข้าโค้ง แนวเกม: เกมแข่งรถ / Driving Simulator วิธีเล่นโดยสรุป: ใน Cockpit Zone เล่นโดยใช้พวงมาลัย คันเร่ง เบรก และชุดเบาะจำลองการขับรถ เป้าหมายคือขับให้เร็วและควบคุมรถให้แม่นในแต่ละสนาม เล่นได้ที่: Cockpit Zone แหล่งข้อมูล: https://esports.phuket.psu.ac.th/Services/our-games,pipeline:structured_game_detail,games/game_availability_lookup,100.0,True,0.5296,0,,,
MB-0824-AG-158,availability_game,psu_fact,ถ้าจะเล่น Gran Turismo 7 ต้องจองอะไร,"ถ้าจะเล่น Gran Turismo 7 ให้จอง Cockpit Zone - Cockpit #01-#02 ครับ • Cockpit Zone - Cockpit #01-#02 (60 นาที, 1 คน) จากนั้นเลือกวัน รอบเวลา กรอกข้อมูลผู้ใช้บริการ ชำระเงิน และแนบสลิปเพื่อยืนยันการจอง แหล่งข้อมูล: https://esports.computing.psu.ac.th/",pipeline:structured_booking_game_service_selection,reservation/booking_policy,100.0,True,0.3251,0,,,
MB-0825-AS-017,availability_service,psu_fact,VR Station 30 นาที มีเกมอะไรบ้าง,"VR Zone มีเกมที่ยืนยันได้ดังนี้ VR Station 30 นาที (30 นาที, 1-5 คน) • Beat Saber • Horizon Call of the Mountain • Resident Evil 4 • Resident Evil Village หมายเหตุ: VR Station แบบ 30 นาทีและ 1 ชั่วโมงใช้รายการเกมเดียวกัน แหล่งข้อมูล: https://esports.computing.psu.ac.th/",pipeline:structured_service_game_availability,games/list,100.0,True,0.3517,0,,,
MB-0826-AS-018,availability_service,psu_fact,VR Station 30 นาที เล่นได้กี่คน,บริการที่ถามรองรับผู้เล่นตามข้อมูลนี้ครับ • VR Station 30 นาที: 1-5 คน ต่อรอบ 30 นาที แหล่งข้อมูล: https://esports.computing.psu.ac.th/,pipeline:structured_service_capacity,reservation/count,100.0,True,4.5437,0,,,
MB-0827-AS-019,availability_service,psu_fact,VR Zone รายการเกมมีอะไรบ้าง,"VR Station มีเกมที่ยืนยันได้ดังนี้ (รอบ 30 นาทีและ 1 ชั่วโมงใช้รายการเกมเดียวกัน) VR Station 30 นาที (30 นาที, 1-5 คน) • Beat Saber • Horizon Call of the Mountain • Resident Evil 4 • Resident Evil Village หมายเหตุ: VR Station แบบ 30 นาทีและ 1 ชั่วโมงใช้รายการเกมเดียวกัน แหล่งข้อมูล: https://esports.computing.psu.ac.th/",pipeline:structured_service_game_availability,games/list,100.0,True,0.2734,0,,,
MB-0828-AG-159,availability_game,psu_fact,Beat Saber เล่นได้ที่เครื่องไหน,"ได้ครับ Beat Saber เล่นได้ที่ VR Zone - VR Station 30 นาที, VR Zone - VR Station 1 ชั่วโมง แหล่งข้อมูล: https://esports.computing.psu.ac.th/",pipeline:structured_service_game_availability,games/game_availability_lookup,100.0,True,0.5369,0,,,
MB-0829-AG-160,availability_game,psu_fact,มี Beat Saber ไหม,"ได้ครับ Beat Saber เล่นได้ที่ VR Zone - VR Station 30 นาที, VR Zone - VR Station 1 ชั่วโมง แหล่งข้อมูล: https://esports.computing.psu.ac.th/",pipeline:structured_service_game_availability,games/game_availability_lookup,100.0,True,0.3355,0,,,
MB-0830-AG-161,availability_game,psu_fact,Beat Saber อยู่โซนไหน,Beat Saber: Beat Saber คือเกม VR จังหวะดนตรีที่ผู้เล่นใช้ดาบแสงฟันบล็อกตามจังหวะเพลง แนวเกม: เกม VR Rhythm วิธีเล่นโดยสรุป: สวมแว่น VR ถือคอนโทรลเลอร์ แล้วฟันบล็อกตามทิศทาง หลบสิ่งกีดขวาง และพยายามทำคะแนนตามจังหวะเพลง เล่นได้ที่: VR Zone แหล่งข้อมูล: https://esports.phuket.psu.ac.th/Services/our-games,pipeline:structured_game_detail,games/game_availability_lookup,100.0,True,0.5201,0,,,
MB-0831-AG-162,availability_game,psu_fact,ถ้าจะเล่น Beat Saber ต้องจองอะไร,"ถ้าจะเล่น Beat Saber ให้จอง VR Zone - VR Station 30 นาที หรือ VR Zone - VR Station 1 ชั่วโมง ครับ • VR Zone - VR Station 30 นาที (30 นาที, 1-5 คน) • VR Zone - VR Station 1 ชั่วโมง (60 นาที, 1-5 คน) จากนั้นเลือกวัน รอบเวลา กรอกข้อมูลผู้ใช้บริการ ชำระเงิน และแนบสลิปเพื่อยืนยันการจอง แหล่งข้อมูล: https://esports.computing.psu.ac.th/",pipeline:structured_booking_game_service_selection,reservation/booking_policy,100.0,True,0.3474,0,,,
MB-0832-AG-163,availability_game,psu_fact,Horizon Call of the Mountain เล่นได้ที่เครื่องไหน,"ได้ครับ Horizon Call of the Mountain เล่นได้ที่ VR Zone - VR Station 30 นาที, VR Zone - VR Station 1 ชั่วโมง แหล่งข้อมูล: https://esports.computing.psu.ac.th/",pipeline:structured_service_game_availability,games/game_availability_lookup,100.0,True,0.7627,0,,,
MB-0833-AG-164,availability_game,psu_fact,มี Horizon Call of the Mountain ไหม,"ได้ครับ Horizon Call of the Mountain เล่นได้ที่ VR Zone - VR Station 30 นาที, VR Zone - VR Station 1 ชั่วโมง แหล่งข้อมูล: https://esports.computing.psu.ac.th/",pipeline:structured_service_game_availability,games/detail,100.0,True,0.5569,0,,,
MB-0834-AG-165,availability_game,psu_fact,Horizon Call of the Mountain อยู่โซนไหน,Horizon Call of the Mountain: Horizon Call of the Mountain คือเกม VR ผจญภัยในโลก Horizon ที่เน้นการปีนป่าย สำรวจ และต่อสู้กับจักรกล แนวเกม: เกม VR Action-Adventure วิธีเล่นโดยสรุป: สวมแว่น VR ใช้คอนโทรลเลอร์ปีน เคลื่อนที่ เล็งธนู และทำภารกิจตามฉาก เล่นได้ที่: VR Zone แหล่งข้อมูล: https://esports.computing.psu.ac.th/reservation,pipeline:structured_game_detail,games/game_availability_lookup,100.0,True,0.8141,0,,,
MB-0835-AG-166,availability_game,psu_fact,ถ้าจะเล่น Horizon Call of the Mountain ต้องจองอะไร,"ถ้าจะเล่น Horizon Call of the Mountain ให้จอง VR Zone - VR Station 30 นาที หรือ VR Zone - VR Station 1 ชั่วโมง ครับ • VR Zone - VR Station 30 นาที (30 นาที, 1-5 คน) • VR Zone - VR Station 1 ชั่วโมง (60 นาที, 1-5 คน) จากนั้นเลือกวัน รอบเวลา กรอกข้อมูลผู้ใช้บริการ ชำระเงิน และแนบสลิปเพื่อยืนยันการจอง แหล่งข้อมูล: https://esports.computing.psu.ac.th/",pipeline:structured_booking_game_service_selection,reservation/booking_policy,100.0,True,0.426,0,,,
MB-0836-AS-020,availability_service,psu_fact,VR Station 1 ชั่วโมง มีเกมอะไรบ้าง,"VR Zone มีเกมที่ยืนยันได้ดังนี้ VR Station 1 ชั่วโมง (60 นาที, 1-5 คน) • Beat Saber • Horizon Call of the Mountain • Resident Evil 4 • Resident Evil Village หมายเหตุ: VR Station แบบ 30 นาทีและ 1 ชั่วโมงใช้รายการเกมเดียวกัน แหล่งข้อมูล: https://esports.computing.psu.ac.th/",pipeline:structured_service_game_availability,games/list,100.0,True,0.327,0,,,
MB-0837-AS-021,availability_service,psu_fact,VR Station 1 ชั่วโมง เล่นได้กี่คน,บริการที่ถามรองรับผู้เล่นตามข้อมูลนี้ครับ • VR Station 1 ชั่วโมง: 1-5 คน ต่อรอบ 60 นาที แหล่งข้อมูล: https://esports.computing.psu.ac.th/,pipeline:structured_service_capacity,reservation/count,100.0,True,4.7916,0,,,
MB-0838-AMS-001,availability_machine_split,psu_fact,PC #01 มี Call of Duty: Warzone ไหม,PC #01-#02 ไม่มี Call of Duty: Warzone ครับ Call of Duty: Warzone เล่นได้ที่ PC #03-#10 เกมที่มีใน PC #01-#02: • TEKKEN 8 • Counter-Strike 2 • League of Legends • PUBG: BATTLEGROUNDS • VALORANT แหล่งข้อมูล: https://esports.computing.psu.ac.th/,pipeline:structured_service_game_availability_no_match,games/game_availability_lookup,100.0,True,0.3529,0,,,
MB-0839-AMS-002,availability_machine_split,psu_fact,PC #02 มี Call of Duty: Warzone ไหม,PC #01-#02 ไม่มี Call of Duty: Warzone ครับ Call of Duty: Warzone เล่นได้ที่ PC #03-#10 เกมที่มีใน PC #01-#02: • TEKKEN 8 • Counter-Strike 2 • League of Legends • PUBG: BATTLEGROUNDS • VALORANT แหล่งข้อมูล: https://esports.computing.psu.ac.th/,pipeline:structured_service_game_availability_no_match,games/game_availability_lookup,100.0,True,0.3771,0,,,
MB-0840-AMS-003,availability_machine_split,psu_fact,PC #03 มี TEKKEN 8 ไหม,PC #03-#10 ไม่มี TEKKEN 8 ครับ TEKKEN 8 เล่นได้ที่ PC #01-#02 เกมที่มีใน PC #03-#10: • Call of Duty: Warzone • Counter-Strike 2 • League of Legends • PUBG: BATTLEGROUNDS • VALORANT แหล่งข้อมูล: https://esports.computing.psu.ac.th/,pipeline:structured_service_game_availability_no_match,games/game_availability_lookup,100.0,True,0.3076,0,,,
MB-0841-AMS-004,availability_machine_split,psu_fact,PC #10 มี TEKKEN 8 ไหม,PC #03-#10 ไม่มี TEKKEN 8 ครับ TEKKEN 8 เล่นได้ที่ PC #01-#02 เกมที่มีใน PC #03-#10: • Call of Duty: Warzone • Counter-Strike 2 • League of Legends • PUBG: BATTLEGROUNDS • VALORANT แหล่งข้อมูล: https://esports.computing.psu.ac.th/,pipeline:structured_service_game_availability_no_match,games/game_availability_lookup,100.0,True,0.3249,0,,,
MB-0842-GD-001,game_detail,psu_fact,PUBG เป็นเกมแนวไหน,PUBG: BATTLEGROUNDS: PUBG: BATTLEGROUNDS คือเกมเอาชีวิตรอดที่ผู้เล่นลงสนาม ค้นหาอาวุธและอุปกรณ์ แล้วพยายามอยู่รอดเป็นคนหรือทีมสุดท้าย แนวเกม: เกม Battle Royale วิธีเล่นโดยสรุป: เลือกจุดลง หาอาวุธ เข้าโซนปลอดภัย วางตำแหน่ง และต่อสู้กับทีมอื่นจนเหลือผู้ชนะท้ายเกม เล่นได้ที่: PC Zone แหล่งข้อมูล: https://esports.computing.psu.ac.th/reservation,pipeline:structured_game_detail,games/game_detail_lookup,100.0,True,0.6082,0,,,
MB-0843-GD-002,game_detail,psu_fact,PUBG เล่นยังไง,PUBG: BATTLEGROUNDS: PUBG: BATTLEGROUNDS คือเกมเอาชีวิตรอดที่ผู้เล่นลงสนาม ค้นหาอาวุธและอุปกรณ์ แล้วพยายามอยู่รอดเป็นคนหรือทีมสุดท้าย แนวเกม: เกม Battle Royale วิธีเล่นโดยสรุป: เลือกจุดลง หาอาวุธ เข้าโซนปลอดภัย วางตำแหน่ง และต่อสู้กับทีมอื่นจนเหลือผู้ชนะท้ายเกม เล่นได้ที่: PC Zone แหล่งข้อมูล: https://esports.computing.psu.ac.th/reservation,pipeline:structured_game_detail,games/game_detail_lookup,100.0,True,0.3978,0,,,
MB-0844-GD-003,game_detail,psu_fact,PUBG เล่นได้ที่ไหน,"ได้ครับ PUBG: BATTLEGROUNDS เล่นได้ที่ PC Zone - PC #01-#02, PC Zone - PC #03-#10 แหล่งข้อมูล: https://esports.computing.psu.ac.th/",pipeline:structured_service_game_availability,games/game_availability_lookup,100.0,True,0.3752,0,,,
MB-0845-GD-004,game_detail,psu_fact,Call of Duty เป็นเกมแนวไหน,Call of Duty มีหลายเกมในรายการปัจจุบันครับ คำถามนี้จึงยังไม่ชัดว่าหมายถึงเกมไหน ถ้าต้องการถามเรื่องข้อมูลเกม ขอเลือกเกมก่อน: • Call of Duty: Modern Warfare III (PlayStation 5 Zone) • Call of Duty: Warzone (PC Zone),pipeline:ambiguity_clarification,clarification/ambiguity_gate_clarification,100.0,True,0.107,0,,,
MB-0846-GD-005,game_detail,psu_fact,Call of Duty เล่นยังไง,Call of Duty มีหลายเกมในรายการปัจจุบันครับ คำถามนี้จึงยังไม่ชัดว่าหมายถึงเกมไหน ถ้าต้องการถามเรื่องวิธีเล่น ขอเลือกเกมก่อน: • Call of Duty: Modern Warfare III (PlayStation 5 Zone) • Call of Duty: Warzone (PC Zone) พิมพ์ต่อได้ เช่น `Call of Duty: Modern Warfare III เล่นยังไง`,pipeline:ambiguity_clarification,clarification/ambiguity_gate_clarification,100.0,True,0.0904,0,,,
MB-0847-GD-006,game_detail,psu_fact,Call of Duty เล่นได้ที่ไหน,พบเกมที่เกี่ยวข้องกับ Call of Duty ในรายการที่ยืนยันได้ครับ • Call of Duty: Modern Warfare III: เล่นได้ที่ PlayStation 5 Zone • Call of Duty: Warzone: เล่นได้ที่ PC Zone แหล่งข้อมูล: https://esports.phuket.psu.ac.th/Services/our-games,pipeline:structured_games_family,games/list,100.0,True,0.4491,0,,,
MB-0848-GD-007,game_detail,psu_fact,The Last of Us Part I เป็นเกมแนวไหน,"The Last of Us Part I / Part II: The Last of Us คือเกมผจญภัยเอาตัวรอดที่เน้นเนื้อเรื่อง การลอบเร้น และการจัดการทรัพยากร แนวเกม: เกม Action-Adventure / Survival วิธีเล่นโดยสรุป: สำรวจ ฉวยโอกาสลอบเร้น ต่อสู้ เก็บทรัพยากร และดำเนินเรื่องผ่านภารกิจต่าง ๆ เล่นได้ที่: PlayStation 5 Zone รายการปัจจุบันในระบบจอง: The Last of Us Part I, The Last of Us Part II (Remastered) แหล่งข้อมูล: https://esports.phuket.psu.ac.th/Services/our-games",pipeline:structured_game_detail,games/game_detail_lookup,100.0,True,0.6981,0,,,
MB-0849-GD-008,game_detail,psu_fact,The Last of Us Part I เล่นยังไง,"The Last of Us Part I / Part II: The Last of Us คือเกมผจญภัยเอาตัวรอดที่เน้นเนื้อเรื่อง การลอบเร้น และการจัดการทรัพยากร แนวเกม: เกม Action-Adventure / Survival วิธีเล่นโดยสรุป: สำรวจ ฉวยโอกาสลอบเร้น ต่อสู้ เก็บทรัพยากร และดำเนินเรื่องผ่านภารกิจต่าง ๆ เล่นได้ที่: PlayStation 5 Zone รายการปัจจุบันในระบบจอง: The Last of Us Part I, The Last of Us Part II (Remastered) แหล่งข้อมูล: https://esports.phuket.psu.ac.th/Services/our-games",pipeline:structured_game_detail,games/game_detail_lookup,100.0,True,0.478,0,,,
MB-0850-GD-009,game_detail,psu_fact,The Last of Us Part I เล่นได้ที่ไหน,ได้ครับ The Last of Us Part I เล่นได้ที่ PlayStation 5 Zone - PlayStation 5 #01-#02 แหล่งข้อมูล: https://esports.computing.psu.ac.th/,pipeline:structured_service_game_availability,games/game_availability_lookup,100.0,True,0.5833,0,,,
MB-0851-GD-010,game_detail,psu_fact,Uncharted เป็นเกมแนวไหน,Uncharted: Legacy of Thieves Collection: Uncharted คือเกมผจญภัยแนวล่าสมบัติที่เน้นปีนป่าย สำรวจ แก้ปริศนา และฉากแอ็กชัน แนวเกม: เกม Action-Adventure วิธีเล่นโดยสรุป: สำรวจฉาก ปีนป่าย แก้ปริศนา ยิงต่อสู้ และดำเนินเรื่องผ่านภารกิจ เล่นได้ที่: PlayStation 5 Zone แหล่งข้อมูล: https://esports.phuket.psu.ac.th/Services/our-games,pipeline:structured_game_detail,games/game_detail_lookup,100.0,True,0.8149,0,,,
MB-0852-GD-011,game_detail,psu_fact,Uncharted เล่นยังไง,Uncharted: Legacy of Thieves Collection: Uncharted คือเกมผจญภัยแนวล่าสมบัติที่เน้นปีนป่าย สำรวจ แก้ปริศนา และฉากแอ็กชัน แนวเกม: เกม Action-Adventure วิธีเล่นโดยสรุป: สำรวจฉาก ปีนป่าย แก้ปริศนา ยิงต่อสู้ และดำเนินเรื่องผ่านภารกิจ เล่นได้ที่: PlayStation 5 Zone แหล่งข้อมูล: https://esports.phuket.psu.ac.th/Services/our-games,pipeline:structured_game_detail,games/game_detail_lookup,100.0,True,0.5115,0,,,
MB-0853-GD-012,game_detail,psu_fact,Uncharted เล่นได้ที่ไหน,ได้ครับ Uncharted: Legacy of Thieves Collection เล่นได้ที่ PlayStation 5 Zone - PlayStation 5 #01-#02 แหล่งข้อมูล: https://esports.computing.psu.ac.th/,pipeline:structured_service_game_availability,games/game_availability_lookup,100.0,True,0.4585,0,,,
MB-0854-GD-013,game_detail,psu_fact,Animal Crossing เป็นเกมแนวไหน,Animal Crossing: New Horizons: Animal Crossing: New Horizons คือเกมใช้ชีวิตบนเกาะ ผู้เล่นตกแต่งบ้าน เก็บของ สร้างพื้นที่ และพูดคุยกับชาวเกาะ แนวเกม: เกม Life Simulation วิธีเล่นโดยสรุป: เล่นแบบสบาย ๆ โดยเก็บทรัพยากร ตกปลา จับแมลง ตกแต่งเกาะ และทำกิจกรรมประจำวัน เล่นได้ที่: Nintendo Switch Zone แหล่งข้อมูล: https://esports.phuket.psu.ac.th/Services/our-games,pipeline:structured_game_detail,games/game_detail_lookup,100.0,True,0.7217,0,,,
MB-0855-GD-014,game_detail,psu_fact,Animal Crossing เล่นยังไง,Animal Crossing: New Horizons: Animal Crossing: New Horizons คือเกมใช้ชีวิตบนเกาะ ผู้เล่นตกแต่งบ้าน เก็บของ สร้างพื้นที่ และพูดคุยกับชาวเกาะ แนวเกม: เกม Life Simulation วิธีเล่นโดยสรุป: เล่นแบบสบาย ๆ โดยเก็บทรัพยากร ตกปลา จับแมลง ตกแต่งเกาะ และทำกิจกรรมประจำวัน เล่นได้ที่: Nintendo Switch Zone แหล่งข้อมูล: https://esports.phuket.psu.ac.th/Services/our-games,pipeline:structured_game_detail,games/game_detail_lookup,100.0,True,0.5086,0,,,
MB-0856-GD-015,game_detail,psu_fact,Animal Crossing เล่นได้ที่ไหน,"ได้ครับ Animal Crossing: New Horizons เล่นได้ที่ Nintendo Switch Zone - Nintendo Switch (1-2 Persons), Nintendo Switch Zone - Nintendo Switch (1-4 Persons) แหล่งข้อมูล: https://esports.computing.psu.ac.th/",pipeline:structured_service_game_availability,games/game_availability_lookup,100.0,True,0.6101,0,,,
MB-0857-GD-016,game_detail,psu_fact,The Legend of Zelda เป็นเกมแนวไหน,The Legend of Zelda: Breath of The Wild: The Legend of Zelda: Breath of the Wild คือเกมผจญภัยโลกเปิดที่ให้ผู้เล่นสำรวจ ต่อสู้ แก้ปริศนา และทดลองวิธีผ่านสถานการณ์ต่าง ๆ แนวเกม: เกม Open-world Adventure วิธีเล่นโดยสรุป: สำรวจแผนที่ เก็บอาวุธ/อาหาร แก้ shrine ต่อสู้ และเลือกเส้นทางการผจญภัยเองได้มาก เล่นได้ที่: Nintendo Switch Zone แหล่งข้อมูล: https://esports.phuket.psu.ac.th/Services/our-games,pipeline:structured_game_detail,games/game_detail_lookup,100.0,True,0.7873,0,,,
MB-0858-GD-017,game_detail,psu_fact,The Legend of Zelda เล่นยังไง,The Legend of Zelda: Breath of The Wild: The Legend of Zelda: Breath of the Wild คือเกมผจญภัยโลกเปิดที่ให้ผู้เล่นสำรวจ ต่อสู้ แก้ปริศนา และทดลองวิธีผ่านสถานการณ์ต่าง ๆ แนวเกม: เกม Open-world Adventure วิธีเล่นโดยสรุป: สำรวจแผนที่ เก็บอาวุธ/อาหาร แก้ shrine ต่อสู้ และเลือกเส้นทางการผจญภัยเองได้มาก เล่นได้ที่: Nintendo Switch Zone แหล่งข้อมูล: https://esports.phuket.psu.ac.th/Services/our-games,pipeline:structured_game_detail,games/game_detail_lookup,100.0,True,0.6259,0,,,
MB-0859-GD-018,game_detail,psu_fact,The Legend of Zelda เล่นได้ที่ไหน,"ได้ครับ The Legend of Zelda: Breath of The Wild เล่นได้ที่ Nintendo Switch Zone - Nintendo Switch (1-2 Persons), Nintendo Switch Zone - Nintendo Switch (1-4 Persons) แหล่งข้อมูล: https://esports.computing.psu.ac.th/",pipeline:structured_service_game_availability,games/game_availability_lookup,100.0,True,0.5735,0,,,
MB-1050-AC-001,ambiguous_controls,ambiguity,เกมนี้กดอะไร,"ขอชื่อเกมก่อนครับ ยังไม่แน่ใจว่าหมายถึงเกมไหน จึงไม่ขอดึงปุ่มหรือวิธีเล่นของเกมอื่นมาตอบแทน ตัวอย่างเกมที่มีข้อมูลปุ่มแล้ว: TEKKEN 8, Mario Kart 8 Deluxe, Call of Duty: Modern Warfare III เช่น `TEKKEN 8 มีปุ่มอะไรบ้าง` หรือ `Mario Kart 8 Deluxe กดอะไร`",pipeline:game_control_missing_game_context,games/game_control_lookup,100.0,True,0.0776,0,,,
MB-1051-AC-002,ambiguous_controls,ambiguity,ปุ่มยิงคืออะไร,"ขอชื่อเกมก่อนครับ ยังไม่แน่ใจว่าหมายถึงเกมไหน จึงไม่ขอดึงปุ่มหรือวิธีเล่นของเกมอื่นมาตอบแทน ตัวอย่างเกมที่มีข้อมูลปุ่มแล้ว: TEKKEN 8, Mario Kart 8 Deluxe, Call of Duty: Modern Warfare III เช่น `TEKKEN 8 มีปุ่มอะไรบ้าง` หรือ `Mario Kart 8 Deluxe กดอะไร`",pipeline:game_control_missing_game_context,games/game_control_lookup,100.0,True,0.0933,0,,,
MB-1052-AC-003,ambiguous_controls,ambiguity,อยากรู้ปุ่มของเกม,"ขอชื่อเกมก่อนครับ ยังไม่แน่ใจว่าหมายถึงเกมไหน จึงไม่ขอดึงปุ่มหรือวิธีเล่นของเกมอื่นมาตอบแทน ตัวอย่างเกมที่มีข้อมูลปุ่มแล้ว: TEKKEN 8, Mario Kart 8 Deluxe, Call of Duty: Modern Warfare III เช่น `TEKKEN 8 มีปุ่มอะไรบ้าง` หรือ `Mario Kart 8 Deluxe กดอะไร`",pipeline:game_control_missing_game_context,games/game_control_lookup,100.0,True,0.0958,0,,,
MB-1053-AC-004,ambiguous_controls,ambiguity,เมื่อกี้ถาม Gran Turismo แล้ว ตอนนี้ขอปุ่ม,Gran Turismo 7 มีข้อมูลปุ่มควบคุมดังนี้: PlayStation / PS5 • L (Left Stick): เลี้ยว / ควบคุมพวงมาลัย - บังคับทิศทางรถ • R2: คันเร่ง - กดเพื่อเร่งเครื่อง • L2: เบรก - กดเพื่อชะลอความเร็วรถ • Cross: เพิ่มเกียร์ - เปลี่ยนเกียร์สูงขึ้น (โหมดเกียร์ธรรมดา) • Square: ลดเกียร์ - เปลี่ยนเกียร์ต่ำลง (โหมดเกียร์ธรรมดา) • Circle: เบรกมือ - ดึงเบรกมือเพื่อสไลด์หรือดริฟต์ • Triangle: ถอยหลัง - เข้าเกียร์ถอยรถ • D-Pad: ควบคุมจอ MFD - สลับและปรับค่า Multi-Function Display เช่น Traction Control หรือ Fuel Map • R1: เปลี่ยนมุมมอง - สลับมุมกล้องในการขับขี่ • L1: มองหลัง - สลับมุมกล้องไปมองด้านหลังชั่วคราว • R3: ไนตรัส / เร่งแซง - ใช้งานระบบเพิ่มความเร็วพิเศษที่มีติดตั้งในรถบางรุ่น • L3: ไฟหน้า - เปิด/ปิด หรือกะ,pipeline:structured_game_controls,games/game_control_lookup,100.0,True,0.4689,0,,,
MB-1054-AC-005,ambiguous_controls,ambiguity,Call of เล่นยังไง,Call of Duty มีหลายเกมในรายการปัจจุบันครับ คำถามนี้จึงยังไม่ชัดว่าหมายถึงเกมไหน ถ้าต้องการถามเรื่องวิธีเล่น ขอเลือกเกมก่อน: • Call of Duty: Modern Warfare III (PlayStation 5 Zone) • Call of Duty: Warzone (PC Zone) พิมพ์ต่อได้ เช่น `Call of Duty: Modern Warfare III เล่นยังไง`,pipeline:ambiguity_clarification,clarification/ambiguity_gate_clarification,100.0,True,0.0902,0,,,
MB-1055-AC-006,ambiguous_controls,ambiguity,Mario Kart Live เล่นยังไง,"ตอนนี้ยังไม่พบ Mario Kart Live: Home Circuit ในรายการเกมปัจจุบันของ PSU Esports Studio - Phuket ครับ จึงไม่ดึงปุ่มของเกมอื่น เช่น Mario Kart 8 Deluxe มาตอบแทน เกมตระกูล Mario ที่อยู่ในรายการปัจจุบันคือ: Mario Kart 8 Deluxe, Mario Party Superstars, New Super Mario Bros. U Deluxe, Super Mario Odyssey แหล่งข้อมูล: https://esports.computing.psu.ac.th/",pipeline:structured_game_controls_no_current_game,games/how_to,100.0,True,0.3432,0,,,
MB-1226-M-048,members,psu_fact,ตำแหน่ง อธิการบดี คือใคร,ตำแหน่ง อธิการบดี มี 1 คนครับ • ผศ.ดร.นิวัติ แก้วประดับ: อธิการบดี (มหาวิทยาลัยสงขลานครินทร์) ◦ หมวด: Members แหล่งข้อมูล: https://esports.phuket.psu.ac.th/about-us/Members,pipeline:structured_members_role_lookup,overview/members_lookup,100.0,True,0.2925,0,,,
MB-1227-M-049,members,psu_fact,ตำแหน่ง รองอธิการบดี คือใคร,ตำแหน่ง รองอธิการบดี มี 1 คนครับ • รศ.ดร.พันธ์ ทองชุมนุม: รองอธิการบดี (มหาวิทยาลัยสงขลานครินทร์ วิทยาเขตภูเก็ต) ◦ หมวด: Members แหล่งข้อมูล: https://esports.phuket.psu.ac.th/about-us/Members,pipeline:structured_members_role_lookup,overview/members_lookup,100.0,True,0.3057,0,,,
MB-1228-M-050,members,psu_fact,ตำแหน่ง คณบดี คือใคร,ตำแหน่ง คณบดี มี 1 คนครับ • รศ.ดร.อซีส นันทอมรพงศ์: คณบดี (วิทยาลัยการคอมพิวเตอร์ มหาวิทยาลัยสงขลานครินทร์ วิทยาเขตภูเก็ต) ◦ หมวด: Members แหล่งข้อมูล: https://esports.phuket.psu.ac.th/about-us/Members,pipeline:structured_members_role_lookup,overview/members_lookup,100.0,True,0.2427,0,,,
MB-1229-M-051,members,psu_fact,ตำแหน่ง ผู้ช่วยอธิการบดีฝ่ายวิชาการ คือใคร,ตำแหน่ง ผู้ช่วยอธิการบดีฝ่ายวิชาการ มี 1 คนครับ • ผศ.ดร.ณัฐพงศ์ ทองเทพ: ผู้ช่วยอธิการบดีฝ่ายวิชาการ (มหาวิทยาลัยสงขลานครินทร์ วิทยาเขตภูเก็ต) ◦ หมวด: Members แหล่งข้อมูล: https://esports.phuket.psu.ac.th/about-us/Members,pipeline:structured_members_role_lookup,overview/members_lookup,100.0,True,0.39,0,,,
MB-1230-M-052,members,psu_fact,ตำแหน่ง นักวิชาการคอมพิวเตอร์ คือใคร,ตำแหน่ง นักวิชาการคอมพิวเตอร์ มี 2 คนครับ • นายพฤทธิ์ เกษตรสมบูรณ์: นักวิชาการคอมพิวเตอร์ (วิทยาลัยการคอมพิวเตอร์ มหาวิทยาลัยสงขลานครินทร์ วิทยาเขตภูเก็ต) ◦ หมวด: Members • นายณัฐวัฒน์ นิธิคุณานนต์: นักวิชาการคอมพิวเตอร์ (วิทยาลัยการคอมพิวเตอร์ มหาวิทยาลัยสงขลานครินทร์ วิทยาเขตภูเก็ต) ◦ หมวด: Members แหล่งข้อมูล: https://esports.phuket.psu.ac.th/about-us/Members,pipeline:structured_members_role_lookup,overview/members_lookup,100.0,True,0.3249,0,,,
MB-1231-M-053,members,psu_fact,ตำแหน่ง ผู้จัดการ คือใคร,ตำแหน่ง ผู้จัดการ มี 1 คนครับ • นายชนะชัย สิริพันธ์วราภรณ์: ผู้จัดการ (PSU Esports Studio - Phuket วิทยาลัยการคอมพิวเตอร์ มหาวิทยาลัยสงขลานครินทร์ วิทยาเขตภูเก็ต) ◦ หมวด: Members แหล่งข้อมูล: https://esports.phuket.psu.ac.th/about-us/Members,pipeline:structured_members_role_lookup,overview/members_lookup,100.0,True,0.3065,0,,,
MB-1232-M-054,members,psu_fact,ตำแหน่ง นักศึกษาสหกิจ Game and 3D Developer คือใคร,ตำแหน่ง นักศึกษาสหกิจ Game and 3D Developer มี 1 คนครับ • นายณภัทร เชื้อเหล่าวานิช: นักศึกษาสหกิจ Game and 3D Developer (วิทยาลัยการคอมพิวเตอร์ มหาวิทยาลัยสงขลานครินทร์ วิทยาเขตภูเก็ต; ระยะเวลา: 6/1/2025 - 30/4/2025) ◦ หมวด: cooperative education and Internship student แหล่งข้อมูล: https://esports.phuket.psu.ac.th/about-us/Members,pipeline:structured_members_role_lookup,overview/members_lookup,100.0,True,0.5674,0,,,
MB-1233-M-055,members,psu_fact,ตำแหน่ง Internship Student คือใคร,"ตำแหน่ง Internship Student มี 2 คนครับ • Mr. Amine Abidellaoui: Internship Student (High School Bristol Cannes, France; ระยะเวลา: 10/11/2025 - 19/12/2025) ◦ หมวด: cooperative education and Internship student • Mr. Yanis Igoudjil: Internship Student (Industrial Engineering and Information Systems, EPF Graduate School of Engineering, Cachan Val-De-Marne, France; ระยะเวลา: 29/06/2026 - 18/09/2026) ◦ หมวด: cooperative education and Internship student แหล่งข้อมูล: https://esports.phuket.psu.ac.th/about-us/Members",pipeline:structured_members_role_lookup,overview/members_lookup,100.0,True,0.4383,0,,,
MB-1234-M-056,members,psu_fact,ตำแหน่ง นักศึกษาสหกิจ Web & AI Developer คือใคร,ตำแหน่ง นักศึกษาสหกิจ Web & AI Developer มี 1 คนครับ • นายสุพศิน อะนะฝรั่ง: นักศึกษาสหกิจ Web & AI Developer (วิทยาลัยการคอมพิวเตอร์ มหาวิทยาลัยสงขลานครินทร์ วิทยาเขตภูเก็ต; ระยะเวลา: 12/1/2026 - 8/5/2026) ◦ หมวด: cooperative education and Internship student แหล่งข้อมูล: https://esports.phuket.psu.ac.th/about-us/Members,pipeline:structured_members_role_lookup,overview/members_lookup,100.0,True,0.5038,0,,,
MB-1235-M-057,members,psu_fact,ตำแหน่ง นักศึกษาฝึกงานโครงการ Super AI SS6 ตำแหน่ง AI Chat Bot Developer คือใคร,ตำแหน่ง นักศึกษาฝึกงานโครงการ Super AI SS6 ตำแหน่ง AI Chat Bot Developer มี 1 คนครับ • นายภาสวุฒิ ชูติประชากิจ: นักศึกษาฝึกงานโครงการ Super AI SS6 ตำแหน่ง AI Chat Bot Developer (วิศวกรรมระบบไอโอทีและสารสนเทศ สถาบันเทคโนโลยีพระจอมเกล้าเจ้าคุณทหารลาดกระบัง; ระยะเวลา: 07/2026 - 08/2026) ◦ หมวด: cooperative education and Internship student แหล่งข้อมูล: https://esports.phuket.psu.ac.th/about-us/Members,pipeline:structured_members_role_lookup,overview/members_lookup,100.0,True,1.6059,0,,,
MB-1236-M-058,members,psu_fact,ตำแหน่ง ประธาน คือใคร,ตำแหน่ง ประธาน มี 1 คนครับ • นายษุภากรณ์ จิราจินดากุล: ประธาน ◦ หมวด: PSU Phuket Esports Club - PSU Phuket แหล่งข้อมูล: https://esports.phuket.psu.ac.th/about-us/Members,pipeline:structured_members_role_lookup,overview/members_lookup,100.0,True,0.2247,0,,,
MB-1237-M-059,members,psu_fact,ตำแหน่ง รองประธาน คือใคร,ตำแหน่ง รองประธาน มี 1 คนครับ • นายนพัทธ์ ฝอยทอง: รองประธาน ◦ หมวด: PSU Phuket Esports Club - PSU Phuket แหล่งข้อมูล: https://esports.phuket.psu.ac.th/about-us/Members,pipeline:structured_members_role_lookup,overview/members_lookup,100.0,True,0.2878,0,,,
MB-1238-M-060,members,psu_fact,ตำแหน่ง เลขานุการ คือใคร,ตำแหน่ง เลขานุการ มี 1 คนครับ • นายปัณณวิชญ์ หนูเรือง: เลขานุการ ◦ หมวด: PSU Phuket Esports Club - PSU Phuket แหล่งข้อมูล: https://esports.phuket.psu.ac.th/about-us/Members,pipeline:structured_members_role_lookup,overview/members_lookup,100.0,True,0.3606,0,,,
MB-1239-M-061,members,psu_fact,ตำแหน่ง เหรัญญิก คือใคร,ตำแหน่ง เหรัญญิก มี 1 คนครับ • นายภูจิตร จิรวิริยาภรณ์: เหรัญญิก ◦ หมวด: PSU Phuket Esports Club - PSU Phuket แหล่งข้อมูล: https://esports.phuket.psu.ac.th/about-us/Members,pipeline:structured_members_role_lookup,overview/members_lookup,100.0,True,0.2955,0,,,
MB-1240-M-062,members,psu_fact,ตำแหน่ง ประชาสัมพันธ์ คือใคร,ตำแหน่ง ประชาสัมพันธ์ มี 1 คนครับ • นายธนชาติ เอ่งฉ้วน: ประชาสัมพันธ์ ◦ หมวด: PSU Phuket Esports Club - PSU Phuket แหล่งข้อมูล: https://esports.phuket.psu.ac.th/about-us/Members,pipeline:structured_members_role_lookup,overview/members_lookup,100.0,True,0.3056,0,,,
MB-1241-M-063,members,psu_fact,ตำแหน่ง กรรมการ คือใคร,ตำแหน่ง กรรมการ มี 8 คนครับ • นางสาวกมลวรรณ นวลสาย: กรรมการ ◦ หมวด: PSU Phuket Esports Club - PSU Phuket • นางสาวชญาภา จันทร์เอิบ: กรรมการ ◦ หมวด: PSU Phuket Esports Club - PSU Phuket • นางสาวณัฐธิดา คำทะเนตร์: กรรมการ ◦ หมวด: PSU Phuket Esports Club - PSU Phuket • นางสาวสุภาสินี ธนภพ: กรรมการ ◦ หมวด: PSU Phuket Esports Club - PSU Phuket • นางสาวอาทิตยา แดงประดับ: กรรมการ ◦ หมวด: PSU Phuket Esports Club - PSU Phuket • นายณัฐพนธ์ อินทรสังขนาวิน: กรรมการ ◦ หมวด: PSU Phuket Esports Club - PSU Phuket • นายอภิวิชญ์ เลิศกมลรักษ์: กรรมการ ◦ หมวด: PSU Phuket Esports Club - PSU Phuket • นายอรรถนนท์ สุขแก้ว: กรรมการ ◦ หมวด: PSU Phuket Esports Club - PSU Phuket แหล่งข้อมูล: https://esports.phuket.psu.a,pipeline:structured_members_role_lookup,overview/members_lookup,100.0,True,0.2895,0,,,
MB-1242-PSR-001,policy_schedule_rules,psu_fact,ศุกร์บ่ายเปิดไหม,"วันศุกร์: เปิดให้เล่นช่วง 09:00-12:00 ส่วน 13:00-16:00 เป็น Maintenance สำหรับ Weekly hardware inspection and cleaning รายละเอียดจากตาราง: • วันศุกร์: Morning 09:00-12:00 = open, Afternoon 13:00-16:00 = maintenance แหล่งข้อมูล: https://esports.computing.psu.ac.th/",pipeline:structured_schedule,schedule/schedule_query,100.0,True,0.2405,0,,,
MB-1243-PSR-002,policy_schedule_rules,psu_fact,ช่วงเช้าวันจันทร์เปิดไหม,"วันจันทร์ Morning เล่นไม่ได้/ปิด/ไม่เปิดให้จองเล่น เพราะ 09:00-12:00 เป็น Maintenance* รายละเอียดจากตาราง: • วันจันทร์: Morning 09:00-12:00 = maintenance, Afternoon 13:00-16:00 = open แหล่งข้อมูล: https://esports.computing.psu.ac.th/",pipeline:structured_schedule,schedule/schedule_query,100.0,True,0.363,0,,,
MB-1244-PSR-003,policy_schedule_rules,psu_fact,วันศุกร์ช่วงบ่ายปิดใช่ไหม,"วันศุกร์ Afternoon เล่นไม่ได้/ปิด/ไม่เปิดให้จองเล่น เพราะ 13:00-16:00 เป็น Maintenance รายละเอียดจากตาราง: • วันศุกร์: Morning 09:00-12:00 = open, Afternoon 13:00-16:00 = maintenance แหล่งข้อมูล: https://esports.computing.psu.ac.th/",pipeline:structured_schedule,schedule/schedule_query,100.0,True,0.3042,0,,,
MB-1245-PSR-004,policy_schedule_rules,psu_fact,ต้องจ่ายภายในกี่นาที,หลังจองต้องชำระเงินทันที หากไม่ชำระภายใน 10 นาที การจองจะถูกยกเลิก และหากต้องการใช้บริการต้องทำรายการจองใหม่ แหล่งข้อมูล: https://esports.computing.psu.ac.th/,pipeline:category_rule_fast_path,reservation/count,100.0,True,1.5373,0,,,
MB-1246-PSR-005,policy_schedule_rules,psu_fact,เอาอาหารเข้าได้ไหม,อนุญาตให้รับประทานอาหารและเครื่องดื่มเฉพาะในพื้นที่ที่กำหนดเท่านั้น แหล่งข้อมูล: https://esports.computing.psu.ac.th/reservation,pipeline:rules_fast_path,rules/studio_rules,100.0,True,0.242,0,,,
MB-1247-PSR-006,policy_schedule_rules,psu_fact,ทำจอยพังโดนปรับเท่าไหร่,ยังไม่พบข้อมูลที่ยืนยันได้ในฐานข้อมูลของ PSU Esports Studio - Phuket สำหรับหมวด penalty ตอนนี้ครับ,pipeline:answer_contract_no_answer,no_answer/answer_contract_rejected,66.0,False,0.736,0,,category_mismatch:no_answer | missing_any:เปิด|ปิด|จอง|ยกเลิก|นาที|อาหาร|ปรับ|กติกา,
MB-1248-PSR-007,policy_schedule_rules,psu_fact,ของหายต้องทำยังไง,ทรัพย์สินสูญหายศูนย์ไม่รับผิดชอบ แต่ถ้าผู้ใช้ทำอุปกรณ์เสียหายหรือเปียก ผู้ใช้ต้องรับผิดชอบค่าปรับ/ค่าซ่อม แหล่งข้อมูล: https://esports.computing.psu.ac.th/reservation,pipeline:mixed_rules_fast,rules/studio_rules,100.0,True,0.187,0,,,
MB-1249-PSR-008,policy_schedule_rules,psu_fact,กติกาในศูนย์มีอะไรบ้าง,กติกาการใช้บริการในศูนย์โดยสรุปครับ • ฝากสัมภาระก่อนเข้าใช้บริการ และศูนย์ไม่รับผิดชอบทรัพย์สินสูญหาย • รับประทานอาหารและเครื่องดื่มได้เฉพาะพื้นที่ที่กำหนด • คืนอุปกรณ์และแผ่นเกมหลังใช้งานเสร็จ • งดส่งเสียงดังเกินควร และห้ามพูดจาดูหมิ่นหรือเสียดสีผู้อื่น • ห้ามเคลื่อนย้ายอุปกรณ์/สิ่งของโดยไม่ได้รับอนุญาต และห้ามใช้ปลั๊กไฟส่วนตัวโดยไม่ได้รับอนุญาต • ห้ามสูบบุหรี่ เสพสารเสพติด ดื่มแอลกอฮอล์ พกอาวุธ ทะเลาะวิวาท หรือเล่นการพนัน • หากทำอุปกรณ์เสียหาย อาจมีค่าปรับ/ค่าซ่อมหรือชดเชยตามระดับความเสียหาย แหล่งข้อมูล: https://esports.computing.psu.ac.th/reservation,pipeline:studio_rules_overview_fast_path,rules/studio_rules,100.0,True,0.2149,0,,,
MB-1250-C-016,compound,compound,PC ราคาเท่าไหร่ แล้วมีเกมอะไรบ้าง,"คำถามนี้มีหลายเรื่อง ขอแยกตอบเป็นข้อ ๆ: คำถามที่ 1: PC ราคาเท่าไหร่ ราคา PC 1 ชั่วโมง (1 คน) • PSU Student and Staff: 0 บาท • PSU Alumni and General Student / นักศึกษาหรือนักเรียนต่างสถาบัน: 25 บาท • General Adult / บุคคลทั่วไป: 70 บาท หมายเหตุข้อมูล PC: ราคา PC เพิ่มจาก local service fee update 2026-07-27 แหล่งข้อมูล: https://esports.computing.psu.ac.th/wp-content/uploads/2026/01/PSU-Esports-Studio-phuket-SERVICE-FEE-2026.png คำถามที่ 2: PC มีเกมอะไรบ้าง PC Zone แยกรายการเกมตามเลขเครื่องดังนี้ PC #01-#02 (60 นาที, 1 คน) • TEKKEN 8 • Counter-Strike 2 • League of Legends • PUBG: BATTLEGROUNDS • VALORANT หมายเหตุ: PC #01-#02 มี TEKKEN 8 แต่ไม่มี Call of Duty: Warzone หมายเหตุ: PC #01-#02 และ P",pipeline:multi_question_splitter,multi_question/multi_question_split,100.0,True,0.3727,0,,,
MB-1251-C-017,compound,compound,PC จองยังไง แล้วเปิดวันไหนบ้าง,"คำถามนี้มีหลายเรื่อง ขอแยกตอบเป็นข้อ ๆ: คำถามที่ 1: PC จองยังไง สำหรับ PC ให้เลือกบริการ/โซน PC ในระบบจอง แล้วทำตามขั้นตอนนี้ครับ ขั้นตอนจองโดยสรุป: • เลือกบริการหรือโซนที่ต้องการใช้ • เลือกวันและรอบเวลาที่ต้องการ • กรอก Student ID/Staff ID/National ID, ชื่อ, นามสกุล, อีเมล และเบอร์โทรศัพท์ • ตรวจสอบข้อมูลและชำระเงินโดยโอนเข้าบัญชีที่ระบบแจ้ง • หลังจองต้องชำระเงินภายใน 10 นาที • แนบสลิปและยืนยันการจอง แหล่งข้อมูล: https://esports.computing.psu.ac.th/ คำถามที่ 2: เปิดวันไหนบ้าง เวลาบริการตามตารางคือ Morning 09:00-12:00 และ Afternoon 13:00-16:00 รายละเอียดจากตาราง: • วันจันทร์: Morning 09:00-12:00 = maintenance, Afternoon 13:00-16:00 = open • วันอังคาร: Morning 09:00-12:00 = open, Afternoon 13",pipeline:multi_question_splitter,multi_question/multi_question_split,100.0,True,1.1479,0,,,
MB-1252-C-018,compound,compound,PS5 ราคาเท่าไหร่ แล้วมีเกมอะไรบ้าง,"คำถามนี้มีหลายเรื่อง ขอแยกตอบเป็นข้อ ๆ: คำถามที่ 1: PS5 ราคาเท่าไหร่ PlayStation 5 60 นาที (1 ชั่วโมง, 1-2 คน) • PSU Student and Staff: 0 บาท • PSU Alumni and General Student: 50 บาท • General Adult: 150 บาท แหล่งข้อมูล: https://esports.computing.psu.ac.th/wp-content/uploads/2026/01/PSU-Esports-Studio-phuket-SERVICE-FEE-2026.png คำถามที่ 2: PS5 มีเกมอะไรบ้าง PlayStation 5 Zone มีเกมที่ยืนยันได้ดังนี้ PlayStation 5 #01-#02 (60 นาที, 1-2 คน) • Call of Duty: Modern Warfare III • Delta Force • EA Sports FC 24 • eFootball • FINAL FANTASY XVI • Fortnite • God of War Ragnarok • Hogwarts Legacy • Marvel's Spider-Man 2 • NARUTO X BORUTO Ultimate Ninja Storm Connections • Resident Evil 4 • Resident Ev",pipeline:multi_question_splitter,multi_question/multi_question_split,100.0,True,0.3617,0,,,
MB-1253-C-019,compound,compound,PS5 จองยังไง แล้วเปิดวันไหนบ้าง,"คำถามนี้มีหลายเรื่อง ขอแยกตอบเป็นข้อ ๆ: คำถามที่ 1: PS5 จองยังไง จอง PlayStation 5 ต้องเลือกบริการ PlayStation 5 และเลือกรอบเวลาที่ต้องการครับ • ข้อมูลค่าบริการที่มีระบุ PlayStation 5 ต่อ 60 นาที สำหรับ 1-2 คน • จากนั้นกรอกข้อมูลผู้ใช้บริการ ชำระเงิน และแนบสลิปเพื่อยืนยันการจอง แหล่งข้อมูล: https://esports.computing.psu.ac.th/ คำถามที่ 2: เปิดวันไหนบ้าง เวลาบริการตามตารางคือ Morning 09:00-12:00 และ Afternoon 13:00-16:00 รายละเอียดจากตาราง: • วันจันทร์: Morning 09:00-12:00 = maintenance, Afternoon 13:00-16:00 = open • วันอังคาร: Morning 09:00-12:00 = open, Afternoon 13:00-16:00 = open • วันพุธ: Morning 09:00-12:00 = open, Afternoon 13:00-16:00 = open • วันพฤหัสบดี: Morning 09:00-12:00 = open,",pipeline:multi_question_splitter,multi_question/multi_question_split,100.0,True,0.6316,0,,,
MB-1254-C-020,compound,compound,Nintendo Switch จองยังไง แล้วเปิดวันไหนบ้าง,"คำถามนี้มีหลายเรื่อง ขอแยกตอบเป็นข้อ ๆ: คำถามที่ 1: Nintendo Switch จองยังไง จอง Nintendo Switch ต้องเลือกบริการตามจำนวนผู้เล่นครับ • ถ้าเล่น 1-2 คน ให้เลือก Nintendo Switch แบบ 1-2 Persons • ถ้าเล่น 3-4 คน ให้เลือก Nintendo Switch แบบ 3-4 Persons • จากนั้นเลือกวัน รอบเวลา กรอกข้อมูลผู้ใช้บริการ ชำระเงิน และแนบสลิปเพื่อยืนยันการจอง แหล่งข้อมูล: https://esports.computing.psu.ac.th/ คำถามที่ 2: เปิดวันไหนบ้าง เวลาบริการตามตารางคือ Morning 09:00-12:00 และ Afternoon 13:00-16:00 รายละเอียดจากตาราง: • วันจันทร์: Morning 09:00-12:00 = maintenance, Afternoon 13:00-16:00 = open • วันอังคาร: Morning 09:00-12:00 = open, Afternoon 13:00-16:00 = open • วันพุธ: Morning 09:00-12:00 = open, Afternoon 13:00-",pipeline:multi_question_splitter,multi_question/multi_question_split,100.0,True,1.8556,0,,,
MB-1255-C-021,compound,compound,VR ราคาเท่าไหร่ แล้วมีเกมอะไรบ้าง,"คำถามนี้มีหลายเรื่อง ขอแยกตอบเป็นข้อ ๆ: คำถามที่ 1: VR ราคาเท่าไหร่ VR 30 นาที (1-5 คน) • PSU Student and Staff: 0 บาท • PSU Alumni and General Student: 190 บาท • General Adult: 525 บาท VR 1 ชั่วโมง (60 นาที, 1-5 คน) • PSU Student and Staff: 0 บาท • PSU Alumni and General Student: 375 บาท • General Adult: 1,050 บาท แหล่งข้อมูล: https://esports.computing.psu.ac.th/wp-content/uploads/2026/01/PSU-Esports-Studio-phuket-SERVICE-FEE-2026.png คำถามที่ 2: VR มีเกมอะไรบ้าง VR Station มีเกมที่ยืนยันได้ดังนี้ (รอบ 30 นาทีและ 1 ชั่วโมงใช้รายการเกมเดียวกัน) VR Station 30 นาที (30 นาที, 1-5 คน) • Beat Saber • Horizon Call of the Mountain • Resident Evil 4 • Resident Evil Village หมายเหตุ: VR Station แบบ 3",pipeline:multi_question_splitter,multi_question/multi_question_split,100.0,True,0.4377,0,,,
MB-1256-C-022,compound,compound,VR จองยังไง แล้วเปิดวันไหนบ้าง,คำถามนี้มีหลายเรื่อง ขอแยกตอบเป็นข้อ ๆ: คำถามที่ 1: VR จองยังไง จองคิวเล่นเกม/ใช้อุปกรณ์ได้ผ่านระบบจองออนไลน์ครับ ถ้าต้องการจอง VR ให้เลือกบริการ VR Station และเลือกรอบ 30 นาทีหรือ 1 ชั่วโมงตามที่ระบบมีให้เลือก ขั้นตอนโดยสรุปคือ 1) เลือกบริการหรือโซนที่ต้องการใช้ 2) เลือกวันและรอบเวลา 3) กรอก Student ID/Staff ID/National ID ชื่อ นามสกุล อีเมล และเบอร์โทรศัพท์ 4) ตรวจสอบข้อมูลและชำระเงินโดยโอนเข้าบัญชีที่ระบบแจ้ง 5) แนบสลิปและยืนยันการจอง ต้องจองล่วงหน้าอย่างน้อย 1 ชั่วโมง และหลังจองต้องชำระเงินภายใน 10 นาทีครับ แหล่งข้อมูล: https://esports.computing.psu.ac.th/reservation คำถามที่ 2: เปิดวันไหนบ้าง เวลาบริการตามตารางคือ Morning 09:00-12:00 และ Afternoon 13:00-16:00 รายละเอียดจากตาราง: • วันจั,pipeline:multi_question_splitter,multi_question/multi_question_split,100.0,True,0.8419,0,,,
MB-1257-C-023,compound,compound,Cockpit ราคาเท่าไหร่ แล้วมีเกมอะไรบ้าง,"คำถามนี้มีหลายเรื่อง ขอแยกตอบเป็นข้อ ๆ: คำถามที่ 1: Cockpit ราคาเท่าไหร่ Cockpit 60 นาที (1 ชั่วโมง, 1 คน) • PSU Student and Staff: 0 บาท • PSU Alumni and General Student: 65 บาท • General Adult: 200 บาท แหล่งข้อมูล: https://esports.computing.psu.ac.th/wp-content/uploads/2026/01/PSU-Esports-Studio-phuket-SERVICE-FEE-2026.png คำถามที่ 2: Cockpit มีเกมอะไรบ้าง Cockpit Zone มีเกมที่ยืนยันได้ดังนี้ Cockpit #01-#02 (60 นาที, 1 คน) • Gran Turismo 7 หมายเหตุ: Cockpit มี 2 เครื่อง และใช้รายการเกมเดียวกัน แหล่งข้อมูล: https://esports.computing.psu.ac.th/",pipeline:multi_question_splitter,multi_question/multi_question_split,100.0,True,0.5283,0,,,
MB-1258-C-024,compound,compound,Cockpit จองยังไง แล้วเปิดวันไหนบ้าง,"คำถามนี้มีหลายเรื่อง ขอแยกตอบเป็นข้อ ๆ: คำถามที่ 1: Cockpit จองยังไง ถ้าอยากเล่นเกมขับรถหรือใช้พวงมาลัย ให้จอง Cockpit Zone / Cockpit ครับ • โซนนี้ใช้กับชุด Racezone Full Cockpit V3 และ Logitech G923 TRUEFORCE Racing Wheel • เกมที่ยืนยันได้คือ Gran Turismo 7 แหล่งข้อมูล: https://esports.computing.psu.ac.th/ คำถามที่ 2: เปิดวันไหนบ้าง เวลาบริการตามตารางคือ Morning 09:00-12:00 และ Afternoon 13:00-16:00 รายละเอียดจากตาราง: • วันจันทร์: Morning 09:00-12:00 = maintenance, Afternoon 13:00-16:00 = open • วันอังคาร: Morning 09:00-12:00 = open, Afternoon 13:00-16:00 = open • วันพุธ: Morning 09:00-12:00 = open, Afternoon 13:00-16:00 = open • วันพฤหัสบดี: Morning 09:00-12:00 = open, Afternoon 13:00-16:",pipeline:multi_question_splitter,multi_question/multi_question_split,100.0,True,1.6245,0,,,
MB-1259-C-025,compound,compound,TEKKEN 8 กับ Resident Evil Village มีปุ่มอะไรบ้าง,คำถามนี้มีหลายเรื่อง ขอแยกตอบเป็นข้อ ๆ: คำถามที่ 1: TEKKEN 8 มีปุ่มอะไรบ้าง TEKKEN 8 มีข้อมูลปุ่มควบคุมดังนี้: PlayStation / PS5 • Square: หมัดซ้าย / ต่อยซ้าย - ออกหมัดแย็บหรือโจมตีด้วยมือซ้าย เป็นปุ่มหลักในการเริ่มต้นเฟรมคอมโบที่รวดเร็ว • Triangle: หมัดขวา / ต่อยขวา - ออกหมัดหนักหรือโจมตีด้วยมือขวา มักใช้ทำดาเมจแรงหรือสวนกลับ (Counter) • Cross: ลูกเตะซ้าย - ใช้ขาซ้ายเตะสกัดหรือโจมตีเพื่อเปิดช่องว่างของศัตรู • Circle: ลูกเตะขวา - ใช้ขาขวาหวดเตะอย่างรุนแรง มักเป็นท่าเคลียร์ระยะหรือตัดขาที่ทำดาเมจสูง • D-Pad Up: กระโดด - ควบคุมให้ตัวละครกระโดดขึ้นด้านบนเพื่อหลบการโจมตีล่าง หรือใช้กดร่วมกับปุ่มโจมตีกลางอากาศ • D-Pad Left: ถอยหลัง / บล็อก - บังคับตัวละครให้เดินถอยหลังเพื่อรักษาระยะ หรือใช้กดค้าง,pipeline:multi_question_splitter,multi_question/multi_question_split,100.0,True,0.7945,0,,,
MB-1260-C-026,compound,compound,TEKKEN 8 เล่นที่ไหน แล้ว Resident Evil Village ปุ่มอะไร,คำถามนี้มีหลายเรื่อง ขอแยกตอบเป็นข้อ ๆ: คำถามที่ 1: TEKKEN 8 เล่นที่ไหน TEKKEN 8: TEKKEN 8 คือเกมต่อสู้แบบตัวต่อตัว ผู้เล่นเลือกตัวละครแล้วใช้คอมโบ การป้องกัน และจังหวะสวนกลับเพื่อชนะคู่แข่ง แนวเกม: เกมต่อสู้ 1v1 วิธีเล่นโดยสรุป: เล่นเป็นรอบ เลือกตัวละคร ฝึกท่าพื้นฐาน/คอมโบ อ่านจังหวะคู่ต่อสู้ และทำให้พลังชีวิตอีกฝ่ายหมดก่อน เล่นได้ที่: PC Zone และ PlayStation 5 Zone แหล่งข้อมูล: https://esports.phuket.psu.ac.th/Services/our-games คำถามที่ 2: Resident Evil Village ปุ่มอะไร Resident Evil Village มีข้อมูลปุ่มควบคุมดังนี้: PlayStation / PS5 • L (Left Stick): เคลื่อนที่ - บังคับทิศทางการเดินและการเคลื่อนไหวของตัวละคร Ethan Winters • L3 (Click Left Stick): วิ่งเร็ว / สปรินต์ - กดลงไปในขณะเคลื่อนท,pipeline:multi_question_splitter,multi_question/multi_question_split,100.0,True,1.3655,0,,,
MB-1261-C-027,compound,compound,Gran Turismo 7 กับ Overcooked! 2 มีปุ่มอะไรบ้าง,คำถามนี้มีหลายเรื่อง ขอแยกตอบเป็นข้อ ๆ: คำถามที่ 1: Gran Turismo 7 มีปุ่มอะไรบ้าง Gran Turismo 7 มีข้อมูลปุ่มควบคุมดังนี้: PlayStation / PS5 • L (Left Stick): เลี้ยว / ควบคุมพวงมาลัย - บังคับทิศทางรถ • R2: คันเร่ง - กดเพื่อเร่งเครื่อง • L2: เบรก - กดเพื่อชะลอความเร็วรถ • Cross: เพิ่มเกียร์ - เปลี่ยนเกียร์สูงขึ้น (โหมดเกียร์ธรรมดา) • Square: ลดเกียร์ - เปลี่ยนเกียร์ต่ำลง (โหมดเกียร์ธรรมดา) • Circle: เบรกมือ - ดึงเบรกมือเพื่อสไลด์หรือดริฟต์ • Triangle: ถอยหลัง - เข้าเกียร์ถอยรถ • D-Pad: ควบคุมจอ MFD - สลับและปรับค่า Multi-Function Display เช่น Traction Control หรือ Fuel Map • R1: เปลี่ยนมุมมอง - สลับมุมกล้องในการขับขี่ • L1: มองหลัง - สลับมุมกล้องไปมองด้านหลังชั่วคราว • R3: ไนตรัส / เร่งแซง - ,pipeline:multi_question_splitter,multi_question/multi_question_split,100.0,True,0.567,0,,,
MB-1262-C-028,compound,compound,Gran Turismo 7 เล่นที่ไหน แล้ว Overcooked! 2 ปุ่มอะไร,คำถามนี้มีหลายเรื่อง ขอแยกตอบเป็นข้อ ๆ: คำถามที่ 1: Gran Turismo 7 เล่นที่ไหน Gran Turismo 7: Gran Turismo 7 คือเกมแข่งรถที่เน้นการขับรถสมจริง การเลือกสนาม รถ และการควบคุมจังหวะเข้าโค้ง แนวเกม: เกมแข่งรถ / Driving Simulator วิธีเล่นโดยสรุป: ใน Cockpit Zone เล่นโดยใช้พวงมาลัย คันเร่ง เบรก และชุดเบาะจำลองการขับรถ เป้าหมายคือขับให้เร็วและควบคุมรถให้แม่นในแต่ละสนาม เล่นได้ที่: Cockpit Zone แหล่งข้อมูล: https://esports.phuket.psu.ac.th/Services/our-games คำถามที่ 2: Overcooked! 2 ปุ่มอะไร Overcooked! 2 มีอยู่ในรายการเกมที่ยืนยันได้ของ PSU Esports Studio - Phuket ครับ Overcooked 2 คือเกมทำอาหารแบบร่วมมือกัน ผู้เล่นต้องแบ่งหน้าที่ เตรียมอาหาร เสิร์ฟ และจัดการครัวที่วุ่นวาย แนวเกม: เกม Co-op ทำอาหาร,pipeline:multi_question_splitter,multi_question/multi_question_split,100.0,True,0.8026,0,,,
MB-1263-C-029,compound,compound,Beat Saber กับ VALORANT มีปุ่มอะไรบ้าง,คำถามนี้มีหลายเรื่อง ขอแยกตอบเป็นข้อ ๆ: คำถามที่ 1: Beat Saber มีปุ่มอะไรบ้าง Beat Saber มีข้อมูลปุ่มควบคุมดังนี้: PlayStation VR2 / PS5 • Left PS VR2 Sense controller motion: ฟันบล็อกด้วยดาบมือซ้าย - ใช้การขยับคอนโทรลเลอร์ฝั่งซ้ายเพื่อฟันบล็อกตามจังหวะเพลง โดยอิงจากหลักการเล่น Beat Saber ที่ให้ผู้เล่นฟัน beat ใน VR • Right PS VR2 Sense controller motion: ฟันบล็อกด้วยดาบมือขวา - ใช้การขยับคอนโทรลเลอร์ฝั่งขวาเพื่อฟันบล็อกตามจังหวะเพลง โดยอิงจากหลักการเล่น Beat Saber ที่ให้ผู้เล่นฟัน beat ใน VR • Head/body movement: หลบและจัดตำแหน่งร่างกาย - เป็นข้อมูลวิธีเล่นระดับภาพรวมจากแหล่งทางการ ไม่ใช่ผังคีย์ละเอียดรายปุ่ม แหล่งข้อมูล: https://www.playstation.com/en-us/games/beat-saber/ คำถามที่ 2: VALOR,pipeline:multi_question_splitter,multi_question/multi_question_split,100.0,True,0.5863,0,,,
MB-1264-C-030,compound,compound,Beat Saber เล่นที่ไหน แล้ว VALORANT ปุ่มอะไร,"คำถามนี้มีหลายเรื่อง ขอแยกตอบเป็นข้อ ๆ: คำถามที่ 1: Beat Saber เล่นที่ไหน Beat Saber: Beat Saber คือเกม VR จังหวะดนตรีที่ผู้เล่นใช้ดาบแสงฟันบล็อกตามจังหวะเพลง แนวเกม: เกม VR Rhythm วิธีเล่นโดยสรุป: สวมแว่น VR ถือคอนโทรลเลอร์ แล้วฟันบล็อกตามทิศทาง หลบสิ่งกีดขวาง และพยายามทำคะแนนตามจังหวะเพลง เล่นได้ที่: VR Zone แหล่งข้อมูล: https://esports.phuket.psu.ac.th/Services/our-games คำถามที่ 2: VALORANT ปุ่มอะไร VALORANT มีข้อมูลปุ่มควบคุมดังนี้: PC • W / A / S / D: เคลื่อนที่ - W เดินหน้า, A ไปซ้าย, S ถอยหลัง, D ไปขวา • Left Shift: เดินช้า - ใช้เดินเงียบหรือเดินแบบควบคุมเสียง • Space Bar: กระโดด - กระโดด • Left Ctrl: ย่อตัว - ย่อตัวเพื่อลดระดับตัวละคร • Left Mouse Button: ยิง - ยิงอาวุธหลัก • Right ",pipeline:multi_question_splitter,multi_question/multi_question_split,100.0,True,0.7805,0,,,
MB-1265-C-031,compound,compound,Mario Kart 8 Deluxe กับ Mario Kart 8 Deluxe มีปุ่มอะไรบ้าง,Mario Kart 8 Deluxe มีข้อมูลปุ่มควบคุมดังนี้: Nintendo Switch • L (Left Stick): เลี้ยว / ควบคุมทิศทาง - บังคับพวงมาลัยรถให้เลี้ยวไปทางซ้ายหรือขวา • A: เร่งเครื่อง - กดค้างไว้ตลอดเพื่อเร่งเครื่องยนต์ให้รถวิ่งไปข้างหน้า • B: เบรก / ถอยหลัง - แตะเพื่อเบรกชะลอความเร็ว หรือกดค้างไว้เมื่อรถหยุดนิ่งเพื่อขับถอยหลัง • X: มองหลัง - หันมุมกล้องไปมองด้านหลังเพื่อเช็กระยะห่างของคู่แข่งหรือไอเทมที่ตามมา • ZL: ใช้ไอเทม / บีบแตร - ใช้ไอเทมที่เก็บมาจากกล่องสุ่ม หากไม่มีไอเทมจะเป็นการบีบแตรรถ • ZR: ดริฟต์ - ใช้กระโดดและดริฟต์ขณะเข้าโค้งเพื่อทำความเร็ว หรือใช้ทำท่าผาดโผนเมื่อกระโดดออกจากเนินเร่งความเร็ว • + (Plus): หยุดเกม - หยุดเกมชั่วคราวเพื่อเข้าสู่เมนูหลักหรือตั้งค่าระบบช่วยเหลือ แหล่งข้อมูล: https://gamei,pipeline:structured_game_controls,games/game_control_lookup,100.0,True,0.4646,0,,,
MB-1266-C-032,compound,compound,Mario Kart 8 Deluxe เล่นที่ไหน แล้ว Mario Kart 8 Deluxe ปุ่มอะไร,คำถามนี้มีหลายเรื่อง ขอแยกตอบเป็นข้อ ๆ: คำถามที่ 1: Mario Kart 8 Deluxe เล่นที่ไหน Mario Kart 8 Deluxe: Mario Kart 8 Deluxe คือเกมแข่งรถสไตล์ปาร์ตี้ที่ใช้ตัวละคร Nintendo ขับรถแข่งกันในสนามหลากหลายแบบ แนวเกม: เกมแข่งรถ Party Racing วิธีเล่นโดยสรุป: เลือกตัวละครและรถ ขับเข้าเส้นชัย ใช้ไอเทมช่วยโจมตี/ป้องกัน และเล่นสนุกได้หลายคน เล่นได้ที่: Nintendo Switch Zone แหล่งข้อมูล: https://esports.phuket.psu.ac.th/Services/our-games คำถามที่ 2: Mario Kart 8 Deluxe ปุ่มอะไร Mario Kart 8 Deluxe มีข้อมูลปุ่มควบคุมดังนี้: Nintendo Switch • L (Left Stick): เลี้ยว / ควบคุมทิศทาง - บังคับพวงมาลัยรถให้เลี้ยวไปทางซ้ายหรือขวา • A: เร่งเครื่อง - กดค้างไว้ตลอดเพื่อเร่งเครื่องยนต์ให้รถวิ่งไปข้างหน้า • B: เบรก / ถอ,pipeline:multi_question_splitter,multi_question/multi_question_split,100.0,True,0.8315,0,,,
MB-1267-C-033,compound,compound,VALORANT กับ Beat Saber มีปุ่มอะไรบ้าง,"คำถามนี้มีหลายเรื่อง ขอแยกตอบเป็นข้อ ๆ: คำถามที่ 1: VALORANT มีปุ่มอะไรบ้าง VALORANT มีข้อมูลปุ่มควบคุมดังนี้: PC • W / A / S / D: เคลื่อนที่ - W เดินหน้า, A ไปซ้าย, S ถอยหลัง, D ไปขวา • Left Shift: เดินช้า - ใช้เดินเงียบหรือเดินแบบควบคุมเสียง • Space Bar: กระโดด - กระโดด • Left Ctrl: ย่อตัว - ย่อตัวเพื่อลดระดับตัวละคร • Left Mouse Button: ยิง - ยิงอาวุธหลัก • Right Mouse Button: ยิง/เล็งแบบรอง - ใช้งานโหมดรองของอาวุธหรือเล็งตามชนิดอาวุธ • R: รีโหลด - เปลี่ยนกระสุน • 1 / 2 / 3: เลือกอาวุธ - 1 อาวุธหลัก, 2 อาวุธรอง, 3 อาวุธระยะประชิด • 4: หยิบ/ใช้ Spike - ใช้กับ Spike เช่น วางหรือกู้ตามสถานการณ์ • Q / E / C / X: ใช้สกิล Agent - Q/E/C คือสกิลทั่วไป และ X คือ Ultimate • F: โต้ตอบกับวัตถุ - ใช้โ",pipeline:multi_question_splitter,multi_question/multi_question_split,100.0,True,0.7638,0,,,
MB-1268-C-034,compound,compound,VALORANT เล่นที่ไหน แล้ว Beat Saber ปุ่มอะไร,คำถามนี้มีหลายเรื่อง ขอแยกตอบเป็นข้อ ๆ: คำถามที่ 1: VALORANT เล่นที่ไหน VALORANT: VALORANT คือเกมยิงเชิงกลยุทธ์ที่ผู้เล่นเลือก Agent ที่มีสกิลเฉพาะ แล้วเล่นเป็นฝ่ายบุก/รับในแต่ละรอบ แนวเกม: เกมยิง Tactical FPS แบบทีม 5v5 วิธีเล่นโดยสรุป: ฝ่ายบุกต้องวาง Spike ส่วนฝ่ายรับต้องป้องกันพื้นที่หรือกู้ Spike การเล่นเน้นการเล็ง การสื่อสาร การใช้สกิล และการเล่นเป็นทีม เล่นได้ที่: PC Zone แหล่งข้อมูล: https://esports.computing.psu.ac.th/reservation คำถามที่ 2: Beat Saber ปุ่มอะไร Beat Saber ปุ่มที่ตรงกับคำถาม: PlayStation VR2 / PS5 • Left PS VR2 Sense controller motion: ฟันบล็อกด้วยดาบมือซ้าย - ใช้การขยับคอนโทรลเลอร์ฝั่งซ้ายเพื่อฟันบล็อกตามจังหวะเพลง โดยอิงจากหลักการเล่น Beat Saber ที่ให้ผู้เล่นฟัน bea,pipeline:multi_question_splitter,multi_question/multi_question_split,100.0,True,0.7809,0,,,
MB-1269-C-035,compound,compound,Overcooked! 2 กับ Gran Turismo 7 มีปุ่มอะไรบ้าง,คำถามนี้มีหลายเรื่อง ขอแยกตอบเป็นข้อ ๆ: คำถามที่ 1: Overcooked! 2 มีปุ่มอะไรบ้าง Overcooked! 2 มีอยู่ในรายการเกมที่ยืนยันได้ของ PSU Esports Studio - Phuket ครับ Overcooked 2 คือเกมทำอาหารแบบร่วมมือกัน ผู้เล่นต้องแบ่งหน้าที่ เตรียมอาหาร เสิร์ฟ และจัดการครัวที่วุ่นวาย แนวเกม: เกม Co-op ทำอาหาร วิธีเล่นโดยสรุป: ช่วยกันหั่นวัตถุดิบ ปรุง เสิร์ฟ ล้างจาน และสื่อสารกับทีมให้ทันเวลา เล่นได้ที่: Nintendo Switch Zone ยังไม่พบข้อมูลปุ่มควบคุมของ Overcooked! 2 ที่ยืนยันได้ในฐานข้อมูลตอนนี้ครับ แหล่งข้อมูล: https://esports.phuket.psu.ac.th/Services/our-games คำถามที่ 2: Gran Turismo 7 มีปุ่มอะไรบ้าง Gran Turismo 7 มีข้อมูลปุ่มควบคุมดังนี้: PlayStation / PS5 • L (Left Stick): เลี้ยว / ควบคุมพวงมาลัย - บังค,pipeline:multi_question_splitter,multi_question/multi_question_split,100.0,True,0.5656,0,,,
MB-1270-C-036,compound,compound,Overcooked! 2 เล่นที่ไหน แล้ว Gran Turismo 7 ปุ่มอะไร,คำถามนี้มีหลายเรื่อง ขอแยกตอบเป็นข้อ ๆ: คำถามที่ 1: Overcooked! 2 เล่นที่ไหน Overcooked! 2: Overcooked 2 คือเกมทำอาหารแบบร่วมมือกัน ผู้เล่นต้องแบ่งหน้าที่ เตรียมอาหาร เสิร์ฟ และจัดการครัวที่วุ่นวาย แนวเกม: เกม Co-op ทำอาหาร วิธีเล่นโดยสรุป: ช่วยกันหั่นวัตถุดิบ ปรุง เสิร์ฟ ล้างจาน และสื่อสารกับทีมให้ทันเวลา เล่นได้ที่: Nintendo Switch Zone แหล่งข้อมูล: https://esports.phuket.psu.ac.th/Services/our-games คำถามที่ 2: Gran Turismo 7 ปุ่มอะไร Gran Turismo 7 มีข้อมูลปุ่มควบคุมดังนี้: PlayStation / PS5 • L (Left Stick): เลี้ยว / ควบคุมพวงมาลัย - บังคับทิศทางรถ • R2: คันเร่ง - กดเพื่อเร่งเครื่อง • L2: เบรก - กดเพื่อชะลอความเร็วรถ • Cross: เพิ่มเกียร์ - เปลี่ยนเกียร์สูงขึ้น (โหมดเกียร์ธรรมดา) • Squar,pipeline:multi_question_splitter,multi_question/multi_question_split,100.0,True,0.7052,0,,,
MB-1271-C-037,compound,compound,Resident Evil Village กับ TEKKEN 8 มีปุ่มอะไรบ้าง,คำถามนี้มีหลายเรื่อง ขอแยกตอบเป็นข้อ ๆ: คำถามที่ 1: Resident Evil Village มีปุ่มอะไรบ้าง Resident Evil Village มีข้อมูลปุ่มควบคุมดังนี้: PlayStation / PS5 • L (Left Stick): เคลื่อนที่ - บังคับทิศทางการเดินและการเคลื่อนไหวของตัวละคร Ethan Winters • L3 (Click Left Stick): วิ่งเร็ว / สปรินต์ - กดลงไปในขณะเคลื่อนที่เพื่อเร่งความเร็วในการวิ่งหนีหรือเข้าหาที่กำบัง • R (Right Stick): ควบคุมมุมมอง / หันกล้อง - หมุนเพื่อกวาดสายตา หันหัวตัวละคร มองรอบ ๆ หรือใช้ในการเล็งเป้า • R3 (Click Right Stick): ย่อตัว - กดเพื่อย่อตัวลงต่ำ ใช้สำหรับลอดช่องแคบ ซ่อนตัว หรือหลบการโจมตีระดับสายตา • L2: เล็งเป้า / เล็งปืน - ยกอาวุธปืนขึ้นมาเล็งเพื่อบีบเป้าให้แคบลงและเพิ่มความแม่นยำในการยิง • L1: ยกการ์ด / ป้องกัน - ยกแ,pipeline:multi_question_splitter,multi_question/multi_question_split,100.0,True,0.5762,0,,,
MB-1272-C-038,compound,compound,Resident Evil Village เล่นที่ไหน แล้ว TEKKEN 8 ปุ่มอะไร,คำถามนี้มีหลายเรื่อง ขอแยกตอบเป็นข้อ ๆ: คำถามที่ 1: Resident Evil Village เล่นที่ไหน Resident Evil Village: Resident Evil Village คือเกมสยองขวัญเอาตัวรอดที่เน้นบรรยากาศ การสำรวจ และการต่อสู้กับศัตรูหลากหลายรูปแบบ แนวเกม: เกม Survival Horror วิธีเล่นโดยสรุป: สำรวจฉาก เก็บไอเทม จัดการทรัพยากร ต่อสู้ และแก้ปริศนาเพื่อดำเนินเรื่อง เล่นได้ที่: PlayStation 5 Zone และ VR Zone แหล่งข้อมูล: https://esports.phuket.psu.ac.th/Services/our-games คำถามที่ 2: TEKKEN 8 ปุ่มอะไร TEKKEN 8 มีข้อมูลปุ่มควบคุมดังนี้: PlayStation / PS5 • Square: หมัดซ้าย / ต่อยซ้าย - ออกหมัดแย็บหรือโจมตีด้วยมือซ้าย เป็นปุ่มหลักในการเริ่มต้นเฟรมคอมโบที่รวดเร็ว • Triangle: หมัดขวา / ต่อยขวา - ออกหมัดหนักหรือโจมตีด้วยมือขวา มักใช้ทำ,pipeline:multi_question_splitter,multi_question/multi_question_split,100.0,True,0.823,0,,,
MB-1273-C-039,compound,compound,นักศึกษา PSU เล่น PC 30 นาที เสียกี่บาท แล้วจองยังไง,คำถามนี้มีหลายเรื่อง ขอแยกตอบเป็นข้อ ๆ: คำถามที่ 1: นักศึกษา PSU เล่น PC 30 นาที เสีย กี่บาท ระยะเวลาที่ถามคือ 30 นาที ใช้ 1 session ตามแพ็กเกจ PC 1 ชั่วโมง คำตอบราคา: 0 บาท สำหรับกลุ่ม PSU Student and Staff • คำนวณจาก 0 บาท/session x 1 session = 0 บาท กลุ่มผู้ใช้ที่ตรวจเจอ: PSU Student and Staff รายละเอียดจากตาราง: PC 1 ชั่วโมง (1 คน) • PSU Student and Staff: 0 บาท • PSU Alumni and General Student: 25 บาท • General Adult: 70 บาท หมายเหตุข้อมูล PC: ราคา PC เพิ่มจาก local service fee update 2026-07-27 แหล่งข้อมูล: https://esports.computing.psu.ac.th/wp-content/uploads/2026/01/PSU-Esports-Studio-phuket-SERVICE-FEE-2026.png คำถามที่ 2: จะเล่น นักศึกษา PSU เล่น PC 30 นาที เสีย จองยังไง ยังไม่พบข,pipeline:multi_question_splitter,multi_question/multi_question_split,100.0,True,1.1332,0,,,
MB-1274-C-040,compound,compound,นักศึกษา PSU เล่น PC 1 ชั่วโมง เสียกี่บาท แล้วจองยังไง,คำถามนี้มีหลายเรื่อง ขอแยกตอบเป็นข้อ ๆ: คำถามที่ 1: นักศึกษา PSU เล่น PC 1 ชั่วโมง เสีย กี่บาท ระยะเวลาที่ถามคือ 1 ชั่วโมง ใช้ 1 session ตามแพ็กเกจ PC 1 ชั่วโมง คำตอบราคา: 0 บาท สำหรับกลุ่ม PSU Student and Staff • คำนวณจาก 0 บาท/session x 1 session = 0 บาท กลุ่มผู้ใช้ที่ตรวจเจอ: PSU Student and Staff รายละเอียดจากตาราง: PC 1 ชั่วโมง (1 คน) • PSU Student and Staff: 0 บาท • PSU Alumni and General Student: 25 บาท • General Adult: 70 บาท หมายเหตุข้อมูล PC: ราคา PC เพิ่มจาก local service fee update 2026-07-27 แหล่งข้อมูล: https://esports.computing.psu.ac.th/wp-content/uploads/2026/01/PSU-Esports-Studio-phuket-SERVICE-FEE-2026.png คำถามที่ 2: จะเล่น นักศึกษา PSU เล่น PC 1 ชั่วโมง เสีย จองยังไง ยัง,pipeline:multi_question_splitter,multi_question/multi_question_split,100.0,True,1.305,0,,,
MB-1275-C-041,compound,compound,นักศึกษา PSU เล่น PC 2 ชั่วโมง เสียกี่บาท แล้วจองยังไง,คำถามนี้มีหลายเรื่อง ขอแยกตอบเป็นข้อ ๆ: คำถามที่ 1: นักศึกษา PSU เล่น PC 2 ชั่วโมง เสีย กี่บาท ระยะเวลาที่ถามคือ 2 ชั่วโมง ใช้ 2 session ตามแพ็กเกจ PC 1 ชั่วโมง คำตอบราคา: 0 บาท สำหรับกลุ่ม PSU Student and Staff • คำนวณจาก 0 บาท/session x 2 session = 0 บาท กลุ่มผู้ใช้ที่ตรวจเจอ: PSU Student and Staff รายละเอียดจากตาราง: PC 1 ชั่วโมง (1 คน) • PSU Student and Staff: 0 บาท • PSU Alumni and General Student: 25 บาท • General Adult: 70 บาท หมายเหตุข้อมูล PC: ราคา PC เพิ่มจาก local service fee update 2026-07-27 แหล่งข้อมูล: https://esports.computing.psu.ac.th/wp-content/uploads/2026/01/PSU-Esports-Studio-phuket-SERVICE-FEE-2026.png คำถามที่ 2: จะเล่น นักศึกษา PSU เล่น PC 2 ชั่วโมง เสีย จองยังไง ยัง,pipeline:multi_question_splitter,multi_question/multi_question_split,100.0,True,1.2407,0,,,
MB-1276-C-042,compound,compound,นักศึกษาต่างมหาลัย เล่น PC 30 นาที เสียกี่บาท แล้วจองยังไง,คำถามนี้มีหลายเรื่อง ขอแยกตอบเป็นข้อ ๆ: คำถามที่ 1: นักศึกษาต่างมหาลัย เล่น PC 30 นาที เสีย กี่บาท ระยะเวลาที่ถามคือ 30 นาที ใช้ 1 session ตามแพ็กเกจ PC 1 ชั่วโมง คำตอบราคา: 25 บาท สำหรับกลุ่ม PSU Alumni and General Student / นักศึกษาหรือนักเรียนต่างสถาบัน • คำนวณจาก 25 บาท/session x 1 session = 25 บาท กลุ่มผู้ใช้ที่ตรวจเจอ: PSU Alumni and General Student / นักศึกษาหรือนักเรียนต่างสถาบัน / มหาลัยอื่น รายละเอียดจากตาราง: PC 1 ชั่วโมง (1 คน) • PSU Student and Staff: 0 บาท • PSU Alumni and General Student: 25 บาท • General Adult: 70 บาท หมายเหตุข้อมูล PC: ราคา PC เพิ่มจาก local service fee update 2026-07-27 แหล่งข้อมูล: https://esports.computing.psu.ac.th/wp-content/uploads/2026/01/PSU-Esports-,pipeline:multi_question_splitter,multi_question/multi_question_split,100.0,True,1.2251,0,,,
MB-1277-C-043,compound,compound,นักศึกษาต่างมหาลัย เล่น PC 1 ชั่วโมง เสียกี่บาท แล้วจองยังไง,คำถามนี้มีหลายเรื่อง ขอแยกตอบเป็นข้อ ๆ: คำถามที่ 1: นักศึกษาต่างมหาลัย เล่น PC 1 ชั่วโมง เสีย กี่บาท ระยะเวลาที่ถามคือ 1 ชั่วโมง ใช้ 1 session ตามแพ็กเกจ PC 1 ชั่วโมง คำตอบราคา: 25 บาท สำหรับกลุ่ม PSU Alumni and General Student / นักศึกษาหรือนักเรียนต่างสถาบัน • คำนวณจาก 25 บาท/session x 1 session = 25 บาท กลุ่มผู้ใช้ที่ตรวจเจอ: PSU Alumni and General Student / นักศึกษาหรือนักเรียนต่างสถาบัน / มหาลัยอื่น รายละเอียดจากตาราง: PC 1 ชั่วโมง (1 คน) • PSU Student and Staff: 0 บาท • PSU Alumni and General Student: 25 บาท • General Adult: 70 บาท หมายเหตุข้อมูล PC: ราคา PC เพิ่มจาก local service fee update 2026-07-27 แหล่งข้อมูล: https://esports.computing.psu.ac.th/wp-content/uploads/2026/01/PSU-Espo,pipeline:multi_question_splitter,multi_question/multi_question_split,100.0,True,1.3657,0,,,
MB-1278-C-044,compound,compound,นักศึกษาต่างมหาลัย เล่น PC 2 ชั่วโมง เสียกี่บาท แล้วจองยังไง,คำถามนี้มีหลายเรื่อง ขอแยกตอบเป็นข้อ ๆ: คำถามที่ 1: นักศึกษาต่างมหาลัย เล่น PC 2 ชั่วโมง เสีย กี่บาท ระยะเวลาที่ถามคือ 2 ชั่วโมง ใช้ 2 session ตามแพ็กเกจ PC 1 ชั่วโมง คำตอบราคา: 50 บาท สำหรับกลุ่ม PSU Alumni and General Student / นักศึกษาหรือนักเรียนต่างสถาบัน • คำนวณจาก 25 บาท/session x 2 session = 50 บาท กลุ่มผู้ใช้ที่ตรวจเจอ: PSU Alumni and General Student / นักศึกษาหรือนักเรียนต่างสถาบัน / มหาลัยอื่น รายละเอียดจากตาราง: PC 1 ชั่วโมง (1 คน) • PSU Student and Staff: 0 บาท • PSU Alumni and General Student: 25 บาท • General Adult: 70 บาท หมายเหตุข้อมูล PC: ราคา PC เพิ่มจาก local service fee update 2026-07-27 แหล่งข้อมูล: https://esports.computing.psu.ac.th/wp-content/uploads/2026/01/PSU-Espo,pipeline:multi_question_splitter,multi_question/multi_question_split,100.0,True,1.475,0,,,
MB-1279-C-045,compound,compound,บุคคลทั่วไป เล่น PC 30 นาที เสียกี่บาท แล้วจองยังไง,คำถามนี้มีหลายเรื่อง ขอแยกตอบเป็นข้อ ๆ: คำถามที่ 1: บุคคลทั่วไป เล่น PC 30 นาที เสีย กี่บาท ระยะเวลาที่ถามคือ 30 นาที ใช้ 1 session ตามแพ็กเกจ PC 1 ชั่วโมง คำตอบราคา: 70 บาท สำหรับกลุ่ม General Adult / บุคคลทั่วไป • คำนวณจาก 70 บาท/session x 1 session = 70 บาท กลุ่มผู้ใช้ที่ตรวจเจอ: General Adult / บุคคลทั่วไป รายละเอียดจากตาราง: PC 1 ชั่วโมง (1 คน) • PSU Student and Staff: 0 บาท • PSU Alumni and General Student: 25 บาท • General Adult: 70 บาท หมายเหตุข้อมูล PC: ราคา PC เพิ่มจาก local service fee update 2026-07-27 แหล่งข้อมูล: https://esports.computing.psu.ac.th/wp-content/uploads/2026/01/PSU-Esports-Studio-phuket-SERVICE-FEE-2026.png คำถามที่ 2: จะเล่น บุคคลทั่วไป เล่น PC 30 นาที เสีย จองยั,pipeline:multi_question_splitter,multi_question/multi_question_split,100.0,True,1.5456,0,,,
MB-1280-C-046,compound,compound,บุคคลทั่วไป เล่น PC 1 ชั่วโมง เสียกี่บาท แล้วจองยังไง,คำถามนี้มีหลายเรื่อง ขอแยกตอบเป็นข้อ ๆ: คำถามที่ 1: บุคคลทั่วไป เล่น PC 1 ชั่วโมง เสีย กี่บาท ระยะเวลาที่ถามคือ 1 ชั่วโมง ใช้ 1 session ตามแพ็กเกจ PC 1 ชั่วโมง คำตอบราคา: 70 บาท สำหรับกลุ่ม General Adult / บุคคลทั่วไป • คำนวณจาก 70 บาท/session x 1 session = 70 บาท กลุ่มผู้ใช้ที่ตรวจเจอ: General Adult / บุคคลทั่วไป รายละเอียดจากตาราง: PC 1 ชั่วโมง (1 คน) • PSU Student and Staff: 0 บาท • PSU Alumni and General Student: 25 บาท • General Adult: 70 บาท หมายเหตุข้อมูล PC: ราคา PC เพิ่มจาก local service fee update 2026-07-27 แหล่งข้อมูล: https://esports.computing.psu.ac.th/wp-content/uploads/2026/01/PSU-Esports-Studio-phuket-SERVICE-FEE-2026.png คำถามที่ 2: จะเล่น บุคคลทั่วไป เล่น PC 1 ชั่วโมง เสีย,pipeline:multi_question_splitter,multi_question/multi_question_split,100.0,True,1.3552,0,,,
MB-1281-C-047,compound,compound,บุคคลทั่วไป เล่น PC 2 ชั่วโมง เสียกี่บาท แล้วจองยังไง,คำถามนี้มีหลายเรื่อง ขอแยกตอบเป็นข้อ ๆ: คำถามที่ 1: บุคคลทั่วไป เล่น PC 2 ชั่วโมง เสีย กี่บาท ระยะเวลาที่ถามคือ 2 ชั่วโมง ใช้ 2 session ตามแพ็กเกจ PC 1 ชั่วโมง คำตอบราคา: 140 บาท สำหรับกลุ่ม General Adult / บุคคลทั่วไป • คำนวณจาก 70 บาท/session x 2 session = 140 บาท กลุ่มผู้ใช้ที่ตรวจเจอ: General Adult / บุคคลทั่วไป รายละเอียดจากตาราง: PC 1 ชั่วโมง (1 คน) • PSU Student and Staff: 0 บาท • PSU Alumni and General Student: 25 บาท • General Adult: 70 บาท หมายเหตุข้อมูล PC: ราคา PC เพิ่มจาก local service fee update 2026-07-27 แหล่งข้อมูล: https://esports.computing.psu.ac.th/wp-content/uploads/2026/01/PSU-Esports-Studio-phuket-SERVICE-FEE-2026.png คำถามที่ 2: จะเล่น บุคคลทั่วไป เล่น PC 2 ชั่วโมง เส,pipeline:multi_question_splitter,multi_question/multi_question_split,100.0,True,1.5298,0,,,
MB-1282-C-048,compound,compound,นักศึกษา PSU เล่น PS5 30 นาที เสียกี่บาท แล้วจองยังไง,"คำถามนี้มีหลายเรื่อง ขอแยกตอบเป็นข้อ ๆ: คำถามที่ 1: นักศึกษา PSU เล่น PS5 30 นาที เสีย กี่บาท ระยะเวลาที่ถามคือ 30 นาที ใช้ 1 session ตามแพ็กเกจ PlayStation 5 60 นาที คำตอบราคา: 0 บาท สำหรับกลุ่ม PSU Student and Staff • คำนวณจาก 0 บาท/session x 1 session = 0 บาท กลุ่มผู้ใช้ที่ตรวจเจอ: PSU Student and Staff รายละเอียดจากตาราง: PlayStation 5 60 นาที (1 ชั่วโมง, 1-2 คน) • PSU Student and Staff: 0 บาท • PSU Alumni and General Student: 50 บาท • General Adult: 150 บาท แหล่งข้อมูล: https://esports.computing.psu.ac.th/wp-content/uploads/2026/01/PSU-Esports-Studio-phuket-SERVICE-FEE-2026.png คำถามที่ 2: จะเล่น นักศึกษา PSU เล่น PS5 30 นาที เสีย จองยังไง จองคิวเล่นเกม/ใช้อุปกรณ์ได้ผ่านระบบจองออนไลน์คร",pipeline:multi_question_splitter,multi_question/multi_question_split,100.0,True,0.7037,0,,,
MB-1283-C-049,compound,compound,นักศึกษา PSU เล่น PS5 1 ชั่วโมง เสียกี่บาท แล้วจองยังไง,"คำถามนี้มีหลายเรื่อง ขอแยกตอบเป็นข้อ ๆ: คำถามที่ 1: นักศึกษา PSU เล่น PS5 1 ชั่วโมง เสีย กี่บาท ระยะเวลาที่ถามคือ 1 ชั่วโมง ใช้ 1 session ตามแพ็กเกจ PlayStation 5 60 นาที คำตอบราคา: 0 บาท สำหรับกลุ่ม PSU Student and Staff • คำนวณจาก 0 บาท/session x 1 session = 0 บาท กลุ่มผู้ใช้ที่ตรวจเจอ: PSU Student and Staff รายละเอียดจากตาราง: PlayStation 5 60 นาที (1 ชั่วโมง, 1-2 คน) • PSU Student and Staff: 0 บาท • PSU Alumni and General Student: 50 บาท • General Adult: 150 บาท แหล่งข้อมูล: https://esports.computing.psu.ac.th/wp-content/uploads/2026/01/PSU-Esports-Studio-phuket-SERVICE-FEE-2026.png คำถามที่ 2: จะเล่น นักศึกษา PSU เล่น PS5 1 ชั่วโมง เสีย จองยังไง จองคิวเล่นเกม/ใช้อุปกรณ์ได้ผ่านระบบจองออน",pipeline:multi_question_splitter,multi_question/multi_question_split,100.0,True,0.8921,0,,,
MB-1284-C-050,compound,compound,นักศึกษา PSU เล่น PS5 2 ชั่วโมง เสียกี่บาท แล้วจองยังไง,"คำถามนี้มีหลายเรื่อง ขอแยกตอบเป็นข้อ ๆ: คำถามที่ 1: นักศึกษา PSU เล่น PS5 2 ชั่วโมง เสีย กี่บาท ระยะเวลาที่ถามคือ 2 ชั่วโมง ใช้ 2 session ตามแพ็กเกจ PlayStation 5 60 นาที คำตอบราคา: 0 บาท สำหรับกลุ่ม PSU Student and Staff • คำนวณจาก 0 บาท/session x 2 session = 0 บาท กลุ่มผู้ใช้ที่ตรวจเจอ: PSU Student and Staff รายละเอียดจากตาราง: PlayStation 5 60 นาที (1 ชั่วโมง, 1-2 คน) • PSU Student and Staff: 0 บาท • PSU Alumni and General Student: 50 บาท • General Adult: 150 บาท แหล่งข้อมูล: https://esports.computing.psu.ac.th/wp-content/uploads/2026/01/PSU-Esports-Studio-phuket-SERVICE-FEE-2026.png คำถามที่ 2: จะเล่น นักศึกษา PSU เล่น PS5 2 ชั่วโมง เสีย จองยังไง จองคิวเล่นเกม/ใช้อุปกรณ์ได้ผ่านระบบจองออน",pipeline:multi_question_splitter,multi_question/multi_question_split,100.0,True,0.867,0,,,
MB-1285-C-051,compound,compound,นักศึกษาต่างมหาลัย เล่น PS5 30 นาที เสียกี่บาท แล้วจองยังไง,"คำถามนี้มีหลายเรื่อง ขอแยกตอบเป็นข้อ ๆ: คำถามที่ 1: นักศึกษาต่างมหาลัย เล่น PS5 30 นาที เสีย กี่บาท ระยะเวลาที่ถามคือ 30 นาที ใช้ 1 session ตามแพ็กเกจ PlayStation 5 60 นาที คำตอบราคา: 50 บาท สำหรับกลุ่ม PSU Alumni and General Student / นักศึกษาหรือนักเรียนต่างสถาบัน • คำนวณจาก 50 บาท/session x 1 session = 50 บาท กลุ่มผู้ใช้ที่ตรวจเจอ: PSU Alumni and General Student / นักศึกษาหรือนักเรียนต่างสถาบัน / มหาลัยอื่น รายละเอียดจากตาราง: PlayStation 5 60 นาที (1 ชั่วโมง, 1-2 คน) • PSU Student and Staff: 0 บาท • PSU Alumni and General Student: 50 บาท • General Adult: 150 บาท แหล่งข้อมูล: https://esports.computing.psu.ac.th/wp-content/uploads/2026/01/PSU-Esports-Studio-phuket-SERVICE-FEE-2026.png คำถา",pipeline:multi_question_splitter,multi_question/multi_question_split,100.0,True,0.7925,0,,,
MB-1286-C-052,compound,compound,นักศึกษาต่างมหาลัย เล่น PS5 1 ชั่วโมง เสียกี่บาท แล้วจองยังไง,"คำถามนี้มีหลายเรื่อง ขอแยกตอบเป็นข้อ ๆ: คำถามที่ 1: นักศึกษาต่างมหาลัย เล่น PS5 1 ชั่วโมง เสีย กี่บาท ระยะเวลาที่ถามคือ 1 ชั่วโมง ใช้ 1 session ตามแพ็กเกจ PlayStation 5 60 นาที คำตอบราคา: 50 บาท สำหรับกลุ่ม PSU Alumni and General Student / นักศึกษาหรือนักเรียนต่างสถาบัน • คำนวณจาก 50 บาท/session x 1 session = 50 บาท กลุ่มผู้ใช้ที่ตรวจเจอ: PSU Alumni and General Student / นักศึกษาหรือนักเรียนต่างสถาบัน / มหาลัยอื่น รายละเอียดจากตาราง: PlayStation 5 60 นาที (1 ชั่วโมง, 1-2 คน) • PSU Student and Staff: 0 บาท • PSU Alumni and General Student: 50 บาท • General Adult: 150 บาท แหล่งข้อมูล: https://esports.computing.psu.ac.th/wp-content/uploads/2026/01/PSU-Esports-Studio-phuket-SERVICE-FEE-2026.png ",pipeline:multi_question_splitter,multi_question/multi_question_split,100.0,True,0.8076,0,,,
MB-1287-C-053,compound,compound,นักศึกษาต่างมหาลัย เล่น PS5 2 ชั่วโมง เสียกี่บาท แล้วจองยังไง,"คำถามนี้มีหลายเรื่อง ขอแยกตอบเป็นข้อ ๆ: คำถามที่ 1: นักศึกษาต่างมหาลัย เล่น PS5 2 ชั่วโมง เสีย กี่บาท ระยะเวลาที่ถามคือ 2 ชั่วโมง ใช้ 2 session ตามแพ็กเกจ PlayStation 5 60 นาที คำตอบราคา: 100 บาท สำหรับกลุ่ม PSU Alumni and General Student / นักศึกษาหรือนักเรียนต่างสถาบัน • คำนวณจาก 50 บาท/session x 2 session = 100 บาท กลุ่มผู้ใช้ที่ตรวจเจอ: PSU Alumni and General Student / นักศึกษาหรือนักเรียนต่างสถาบัน / มหาลัยอื่น รายละเอียดจากตาราง: PlayStation 5 60 นาที (1 ชั่วโมง, 1-2 คน) • PSU Student and Staff: 0 บาท • PSU Alumni and General Student: 50 บาท • General Adult: 150 บาท แหล่งข้อมูล: https://esports.computing.psu.ac.th/wp-content/uploads/2026/01/PSU-Esports-Studio-phuket-SERVICE-FEE-2026.pn",pipeline:multi_question_splitter,multi_question/multi_question_split,100.0,True,0.7859,0,,,
MB-1288-C-054,compound,compound,บุคคลทั่วไป เล่น PS5 30 นาที เสียกี่บาท แล้วจองยังไง,"คำถามนี้มีหลายเรื่อง ขอแยกตอบเป็นข้อ ๆ: คำถามที่ 1: บุคคลทั่วไป เล่น PS5 30 นาที เสีย กี่บาท ระยะเวลาที่ถามคือ 30 นาที ใช้ 1 session ตามแพ็กเกจ PlayStation 5 60 นาที คำตอบราคา: 150 บาท สำหรับกลุ่ม General Adult / บุคคลทั่วไป • คำนวณจาก 150 บาท/session x 1 session = 150 บาท กลุ่มผู้ใช้ที่ตรวจเจอ: General Adult / บุคคลทั่วไป รายละเอียดจากตาราง: PlayStation 5 60 นาที (1 ชั่วโมง, 1-2 คน) • PSU Student and Staff: 0 บาท • PSU Alumni and General Student: 50 บาท • General Adult: 150 บาท แหล่งข้อมูล: https://esports.computing.psu.ac.th/wp-content/uploads/2026/01/PSU-Esports-Studio-phuket-SERVICE-FEE-2026.png คำถามที่ 2: จะเล่น บุคคลทั่วไป เล่น PS5 30 นาที เสีย จองยังไง จองคิวเล่นเกม/ใช้อุปกรณ์ได้ผ่าน",pipeline:multi_question_splitter,multi_question/multi_question_split,100.0,True,0.8517,0,,,
MB-1289-C-055,compound,compound,บุคคลทั่วไป เล่น PS5 1 ชั่วโมง เสียกี่บาท แล้วจองยังไง,"คำถามนี้มีหลายเรื่อง ขอแยกตอบเป็นข้อ ๆ: คำถามที่ 1: บุคคลทั่วไป เล่น PS5 1 ชั่วโมง เสีย กี่บาท ระยะเวลาที่ถามคือ 1 ชั่วโมง ใช้ 1 session ตามแพ็กเกจ PlayStation 5 60 นาที คำตอบราคา: 150 บาท สำหรับกลุ่ม General Adult / บุคคลทั่วไป • คำนวณจาก 150 บาท/session x 1 session = 150 บาท กลุ่มผู้ใช้ที่ตรวจเจอ: General Adult / บุคคลทั่วไป รายละเอียดจากตาราง: PlayStation 5 60 นาที (1 ชั่วโมง, 1-2 คน) • PSU Student and Staff: 0 บาท • PSU Alumni and General Student: 50 บาท • General Adult: 150 บาท แหล่งข้อมูล: https://esports.computing.psu.ac.th/wp-content/uploads/2026/01/PSU-Esports-Studio-phuket-SERVICE-FEE-2026.png คำถามที่ 2: จะเล่น บุคคลทั่วไป เล่น PS5 1 ชั่วโมง เสีย จองยังไง จองคิวเล่นเกม/ใช้อุปกรณ์ไ",pipeline:multi_question_splitter,multi_question/multi_question_split,100.0,True,0.8285,0,,,
MB-1290-C-056,compound,compound,บุคคลทั่วไป เล่น PS5 2 ชั่วโมง เสียกี่บาท แล้วจองยังไง,"คำถามนี้มีหลายเรื่อง ขอแยกตอบเป็นข้อ ๆ: คำถามที่ 1: บุคคลทั่วไป เล่น PS5 2 ชั่วโมง เสีย กี่บาท ระยะเวลาที่ถามคือ 2 ชั่วโมง ใช้ 2 session ตามแพ็กเกจ PlayStation 5 60 นาที คำตอบราคา: 300 บาท สำหรับกลุ่ม General Adult / บุคคลทั่วไป • คำนวณจาก 150 บาท/session x 2 session = 300 บาท กลุ่มผู้ใช้ที่ตรวจเจอ: General Adult / บุคคลทั่วไป รายละเอียดจากตาราง: PlayStation 5 60 นาที (1 ชั่วโมง, 1-2 คน) • PSU Student and Staff: 0 บาท • PSU Alumni and General Student: 50 บาท • General Adult: 150 บาท แหล่งข้อมูล: https://esports.computing.psu.ac.th/wp-content/uploads/2026/01/PSU-Esports-Studio-phuket-SERVICE-FEE-2026.png คำถามที่ 2: จะเล่น บุคคลทั่วไป เล่น PS5 2 ชั่วโมง เสีย จองยังไง จองคิวเล่นเกม/ใช้อุปกรณ์ไ",pipeline:multi_question_splitter,multi_question/multi_question_split,100.0,True,0.8705,0,,,
MB-1291-C-057,compound,compound,นักศึกษา PSU เล่น Nintendo Switch 30 นาที เสียกี่บาท แล้วจองยังไง,คำถามนี้มีหลายเรื่อง ขอแยกตอบเป็นข้อ ๆ: คำถามที่ 1: นักศึกษา PSU เล่น Nintendo Switch 30 นาที เสีย กี่บาท ราคา Nintendo Switch สำหรับกลุ่ม PSU Student and Staff • Nintendo Switch 1-2 คน: 0 บาท • Nintendo Switch 3-4 คน: 0 บาท กลุ่มผู้ใช้ที่ตรวจเจอ: PSU Student and Staff หมายเหตุ: คำถามยังไม่ระบุจำนวนผู้เล่น จึงแสดงทั้งราคา 1-2 คนและ 3-4 คน รายละเอียดจากตาราง: Nintendo Switch 1-2 คน 60 นาที (1 ชั่วโมง) • PSU Student and Staff: 0 บาท • PSU Alumni and General Student: 50 บาท • General Adult: 140 บาท Nintendo Switch 3-4 คน 60 นาที (1 ชั่วโมง) • PSU Student and Staff: 0 บาท • PSU Alumni and General Student: 100 บาท • General Adult: 280 บาท แหล่งข้อมูล: https://esports.computing.psu.ac.th/wp-conten,pipeline:multi_question_splitter,multi_question/multi_question_split,100.0,True,0.9907,0,,,
MB-1292-C-058,compound,compound,นักศึกษา PSU เล่น Nintendo Switch 1 ชั่วโมง เสียกี่บาท แล้วจองยังไง,คำถามนี้มีหลายเรื่อง ขอแยกตอบเป็นข้อ ๆ: คำถามที่ 1: นักศึกษา PSU เล่น Nintendo Switch 1 ชั่วโมง เสีย กี่บาท ราคา Nintendo Switch สำหรับกลุ่ม PSU Student and Staff • Nintendo Switch 1-2 คน: 0 บาท • Nintendo Switch 3-4 คน: 0 บาท กลุ่มผู้ใช้ที่ตรวจเจอ: PSU Student and Staff หมายเหตุ: คำถามยังไม่ระบุจำนวนผู้เล่น จึงแสดงทั้งราคา 1-2 คนและ 3-4 คน รายละเอียดจากตาราง: Nintendo Switch 1-2 คน 60 นาที (1 ชั่วโมง) • PSU Student and Staff: 0 บาท • PSU Alumni and General Student: 50 บาท • General Adult: 140 บาท Nintendo Switch 3-4 คน 60 นาที (1 ชั่วโมง) • PSU Student and Staff: 0 บาท • PSU Alumni and General Student: 100 บาท • General Adult: 280 บาท แหล่งข้อมูล: https://esports.computing.psu.ac.th/wp-cont,pipeline:multi_question_splitter,multi_question/multi_question_split,100.0,True,0.9967,0,,,
MB-1293-C-059,compound,compound,นักศึกษา PSU เล่น Nintendo Switch 2 ชั่วโมง เสียกี่บาท แล้วจองยังไง,คำถามนี้มีหลายเรื่อง ขอแยกตอบเป็นข้อ ๆ: คำถามที่ 1: นักศึกษา PSU เล่น Nintendo Switch 2 ชั่วโมง เสีย กี่บาท ราคา Nintendo Switch สำหรับกลุ่ม PSU Student and Staff • Nintendo Switch 1-2 คน: 0 บาท • Nintendo Switch 3-4 คน: 0 บาท กลุ่มผู้ใช้ที่ตรวจเจอ: PSU Student and Staff หมายเหตุ: คำถามยังไม่ระบุจำนวนผู้เล่น จึงแสดงทั้งราคา 1-2 คนและ 3-4 คน รายละเอียดจากตาราง: Nintendo Switch 1-2 คน 60 นาที (1 ชั่วโมง) • PSU Student and Staff: 0 บาท • PSU Alumni and General Student: 50 บาท • General Adult: 140 บาท Nintendo Switch 3-4 คน 60 นาที (1 ชั่วโมง) • PSU Student and Staff: 0 บาท • PSU Alumni and General Student: 100 บาท • General Adult: 280 บาท แหล่งข้อมูล: https://esports.computing.psu.ac.th/wp-cont,pipeline:multi_question_splitter,multi_question/multi_question_split,100.0,True,0.9083,0,,,
MB-1294-C-060,compound,compound,นักศึกษาต่างมหาลัย เล่น Nintendo Switch 30 นาที เสียกี่บาท แล้วจองยังไง,คำถามนี้มีหลายเรื่อง ขอแยกตอบเป็นข้อ ๆ: คำถามที่ 1: นักศึกษาต่างมหาลัย เล่น Nintendo Switch 30 นาที เสีย กี่บาท ราคา Nintendo Switch สำหรับกลุ่ม PSU Alumni and General Student / นักศึกษาหรือนักเรียนต่างสถาบัน • Nintendo Switch 1-2 คน: 50 บาท • Nintendo Switch 3-4 คน: 100 บาท กลุ่มผู้ใช้ที่ตรวจเจอ: PSU Alumni and General Student / นักศึกษาหรือนักเรียนต่างสถาบัน / มหาลัยอื่น หมายเหตุ: คำถามยังไม่ระบุจำนวนผู้เล่น จึงแสดงทั้งราคา 1-2 คนและ 3-4 คน รายละเอียดจากตาราง: Nintendo Switch 1-2 คน 60 นาที (1 ชั่วโมง) • PSU Student and Staff: 0 บาท • PSU Alumni and General Student: 50 บาท • General Adult: 140 บาท Nintendo Switch 3-4 คน 60 นาที (1 ชั่วโมง) • PSU Student and Staff: 0 บาท • PSU Alumni and Ge,pipeline:multi_question_splitter,multi_question/multi_question_split,100.0,True,0.9358,0,,,
MB-1295-C-061,compound,compound,นักศึกษาต่างมหาลัย เล่น Nintendo Switch 1 ชั่วโมง เสียกี่บาท แล้วจองยังไง,คำถามนี้มีหลายเรื่อง ขอแยกตอบเป็นข้อ ๆ: คำถามที่ 1: นักศึกษาต่างมหาลัย เล่น Nintendo Switch 1 ชั่วโมง เสีย กี่บาท ราคา Nintendo Switch สำหรับกลุ่ม PSU Alumni and General Student / นักศึกษาหรือนักเรียนต่างสถาบัน • Nintendo Switch 1-2 คน: 50 บาท • Nintendo Switch 3-4 คน: 100 บาท กลุ่มผู้ใช้ที่ตรวจเจอ: PSU Alumni and General Student / นักศึกษาหรือนักเรียนต่างสถาบัน / มหาลัยอื่น หมายเหตุ: คำถามยังไม่ระบุจำนวนผู้เล่น จึงแสดงทั้งราคา 1-2 คนและ 3-4 คน รายละเอียดจากตาราง: Nintendo Switch 1-2 คน 60 นาที (1 ชั่วโมง) • PSU Student and Staff: 0 บาท • PSU Alumni and General Student: 50 บาท • General Adult: 140 บาท Nintendo Switch 3-4 คน 60 นาที (1 ชั่วโมง) • PSU Student and Staff: 0 บาท • PSU Alumni and ,pipeline:multi_question_splitter,multi_question/multi_question_split,100.0,True,0.9626,0,,,
MB-1296-C-062,compound,compound,นักศึกษาต่างมหาลัย เล่น Nintendo Switch 2 ชั่วโมง เสียกี่บาท แล้วจองยังไง,คำถามนี้มีหลายเรื่อง ขอแยกตอบเป็นข้อ ๆ: คำถามที่ 1: นักศึกษาต่างมหาลัย เล่น Nintendo Switch 2 ชั่วโมง เสีย กี่บาท ราคา Nintendo Switch สำหรับกลุ่ม PSU Alumni and General Student / นักศึกษาหรือนักเรียนต่างสถาบัน • Nintendo Switch 1-2 คน: 50 บาท • Nintendo Switch 3-4 คน: 100 บาท กลุ่มผู้ใช้ที่ตรวจเจอ: PSU Alumni and General Student / นักศึกษาหรือนักเรียนต่างสถาบัน / มหาลัยอื่น หมายเหตุ: คำถามยังไม่ระบุจำนวนผู้เล่น จึงแสดงทั้งราคา 1-2 คนและ 3-4 คน รายละเอียดจากตาราง: Nintendo Switch 1-2 คน 60 นาที (1 ชั่วโมง) • PSU Student and Staff: 0 บาท • PSU Alumni and General Student: 50 บาท • General Adult: 140 บาท Nintendo Switch 3-4 คน 60 นาที (1 ชั่วโมง) • PSU Student and Staff: 0 บาท • PSU Alumni and ,pipeline:multi_question_splitter,multi_question/multi_question_split,100.0,True,1.1632,0,,,
MB-1297-C-063,compound,compound,บุคคลทั่วไป เล่น Nintendo Switch 30 นาที เสียกี่บาท แล้วจองยังไง,คำถามนี้มีหลายเรื่อง ขอแยกตอบเป็นข้อ ๆ: คำถามที่ 1: บุคคลทั่วไป เล่น Nintendo Switch 30 นาที เสีย กี่บาท ราคา Nintendo Switch สำหรับกลุ่ม General Adult / บุคคลทั่วไป • Nintendo Switch 1-2 คน: 140 บาท • Nintendo Switch 3-4 คน: 280 บาท กลุ่มผู้ใช้ที่ตรวจเจอ: General Adult / บุคคลทั่วไป หมายเหตุ: คำถามยังไม่ระบุจำนวนผู้เล่น จึงแสดงทั้งราคา 1-2 คนและ 3-4 คน รายละเอียดจากตาราง: Nintendo Switch 1-2 คน 60 นาที (1 ชั่วโมง) • PSU Student and Staff: 0 บาท • PSU Alumni and General Student: 50 บาท • General Adult: 140 บาท Nintendo Switch 3-4 คน 60 นาที (1 ชั่วโมง) • PSU Student and Staff: 0 บาท • PSU Alumni and General Student: 100 บาท • General Adult: 280 บาท แหล่งข้อมูล: https://esports.computing.psu.,pipeline:multi_question_splitter,multi_question/multi_question_split,100.0,True,1.0279,0,,,
MB-1298-C-064,compound,compound,บุคคลทั่วไป เล่น Nintendo Switch 1 ชั่วโมง เสียกี่บาท แล้วจองยังไง,คำถามนี้มีหลายเรื่อง ขอแยกตอบเป็นข้อ ๆ: คำถามที่ 1: บุคคลทั่วไป เล่น Nintendo Switch 1 ชั่วโมง เสีย กี่บาท ราคา Nintendo Switch สำหรับกลุ่ม General Adult / บุคคลทั่วไป • Nintendo Switch 1-2 คน: 140 บาท • Nintendo Switch 3-4 คน: 280 บาท กลุ่มผู้ใช้ที่ตรวจเจอ: General Adult / บุคคลทั่วไป หมายเหตุ: คำถามยังไม่ระบุจำนวนผู้เล่น จึงแสดงทั้งราคา 1-2 คนและ 3-4 คน รายละเอียดจากตาราง: Nintendo Switch 1-2 คน 60 นาที (1 ชั่วโมง) • PSU Student and Staff: 0 บาท • PSU Alumni and General Student: 50 บาท • General Adult: 140 บาท Nintendo Switch 3-4 คน 60 นาที (1 ชั่วโมง) • PSU Student and Staff: 0 บาท • PSU Alumni and General Student: 100 บาท • General Adult: 280 บาท แหล่งข้อมูล: https://esports.computing.ps,pipeline:multi_question_splitter,multi_question/multi_question_split,100.0,True,0.9784,0,,,
MB-1299-C-065,compound,compound,บุคคลทั่วไป เล่น Nintendo Switch 2 ชั่วโมง เสียกี่บาท แล้วจองยังไง,คำถามนี้มีหลายเรื่อง ขอแยกตอบเป็นข้อ ๆ: คำถามที่ 1: บุคคลทั่วไป เล่น Nintendo Switch 2 ชั่วโมง เสีย กี่บาท ราคา Nintendo Switch สำหรับกลุ่ม General Adult / บุคคลทั่วไป • Nintendo Switch 1-2 คน: 140 บาท • Nintendo Switch 3-4 คน: 280 บาท กลุ่มผู้ใช้ที่ตรวจเจอ: General Adult / บุคคลทั่วไป หมายเหตุ: คำถามยังไม่ระบุจำนวนผู้เล่น จึงแสดงทั้งราคา 1-2 คนและ 3-4 คน รายละเอียดจากตาราง: Nintendo Switch 1-2 คน 60 นาที (1 ชั่วโมง) • PSU Student and Staff: 0 บาท • PSU Alumni and General Student: 50 บาท • General Adult: 140 บาท Nintendo Switch 3-4 คน 60 นาที (1 ชั่วโมง) • PSU Student and Staff: 0 บาท • PSU Alumni and General Student: 100 บาท • General Adult: 280 บาท แหล่งข้อมูล: https://esports.computing.ps,pipeline:multi_question_splitter,multi_question/multi_question_split,100.0,True,0.9406,0,,,
MB-1300-C-066,compound,compound,นักศึกษา PSU เล่น Cockpit 30 นาที เสียกี่บาท แล้วจองยังไง,"คำถามนี้มีหลายเรื่อง ขอแยกตอบเป็นข้อ ๆ: คำถามที่ 1: นักศึกษา PSU เล่น Cockpit 30 นาที เสีย กี่บาท ระยะเวลาที่ถามคือ 30 นาที ใช้ 1 session ตามแพ็กเกจ Cockpit 60 นาที คำตอบราคา: 0 บาท สำหรับกลุ่ม PSU Student and Staff • คำนวณจาก 0 บาท/session x 1 session = 0 บาท กลุ่มผู้ใช้ที่ตรวจเจอ: PSU Student and Staff รายละเอียดจากตาราง: Cockpit 60 นาที (1 ชั่วโมง, 1 คน) • PSU Student and Staff: 0 บาท • PSU Alumni and General Student: 65 บาท • General Adult: 200 บาท แหล่งข้อมูล: https://esports.computing.psu.ac.th/wp-content/uploads/2026/01/PSU-Esports-Studio-phuket-SERVICE-FEE-2026.png คำถามที่ 2: จะเล่น นักศึกษา PSU เล่น Cockpit 30 นาที เสีย จองยังไง จองคิวเล่นเกม/ใช้อุปกรณ์ได้ผ่านระบบจองออนไลน์ครับ ถ้า",pipeline:multi_question_splitter,multi_question/multi_question_split,100.0,True,0.7798,0,,,
MB-1301-C-067,compound,compound,นักศึกษา PSU เล่น Cockpit 1 ชั่วโมง เสียกี่บาท แล้วจองยังไง,"คำถามนี้มีหลายเรื่อง ขอแยกตอบเป็นข้อ ๆ: คำถามที่ 1: นักศึกษา PSU เล่น Cockpit 1 ชั่วโมง เสีย กี่บาท ระยะเวลาที่ถามคือ 1 ชั่วโมง ใช้ 1 session ตามแพ็กเกจ Cockpit 60 นาที คำตอบราคา: 0 บาท สำหรับกลุ่ม PSU Student and Staff • คำนวณจาก 0 บาท/session x 1 session = 0 บาท กลุ่มผู้ใช้ที่ตรวจเจอ: PSU Student and Staff รายละเอียดจากตาราง: Cockpit 60 นาที (1 ชั่วโมง, 1 คน) • PSU Student and Staff: 0 บาท • PSU Alumni and General Student: 65 บาท • General Adult: 200 บาท แหล่งข้อมูล: https://esports.computing.psu.ac.th/wp-content/uploads/2026/01/PSU-Esports-Studio-phuket-SERVICE-FEE-2026.png คำถามที่ 2: จะเล่น นักศึกษา PSU เล่น Cockpit 1 ชั่วโมง เสีย จองยังไง จองคิวเล่นเกม/ใช้อุปกรณ์ได้ผ่านระบบจองออนไลน์คร",pipeline:multi_question_splitter,multi_question/multi_question_split,100.0,True,1.0232,0,,,
MB-1302-C-068,compound,compound,นักศึกษา PSU เล่น Cockpit 2 ชั่วโมง เสียกี่บาท แล้วจองยังไง,"คำถามนี้มีหลายเรื่อง ขอแยกตอบเป็นข้อ ๆ: คำถามที่ 1: นักศึกษา PSU เล่น Cockpit 2 ชั่วโมง เสีย กี่บาท ระยะเวลาที่ถามคือ 2 ชั่วโมง ใช้ 2 session ตามแพ็กเกจ Cockpit 60 นาที คำตอบราคา: 0 บาท สำหรับกลุ่ม PSU Student and Staff • คำนวณจาก 0 บาท/session x 2 session = 0 บาท กลุ่มผู้ใช้ที่ตรวจเจอ: PSU Student and Staff รายละเอียดจากตาราง: Cockpit 60 นาที (1 ชั่วโมง, 1 คน) • PSU Student and Staff: 0 บาท • PSU Alumni and General Student: 65 บาท • General Adult: 200 บาท แหล่งข้อมูล: https://esports.computing.psu.ac.th/wp-content/uploads/2026/01/PSU-Esports-Studio-phuket-SERVICE-FEE-2026.png คำถามที่ 2: จะเล่น นักศึกษา PSU เล่น Cockpit 2 ชั่วโมง เสีย จองยังไง จองคิวเล่นเกม/ใช้อุปกรณ์ได้ผ่านระบบจองออนไลน์คร",pipeline:multi_question_splitter,multi_question/multi_question_split,100.0,True,0.8667,0,,,
MB-1303-C-069,compound,compound,นักศึกษาต่างมหาลัย เล่น Cockpit 30 นาที เสียกี่บาท แล้วจองยังไง,"คำถามนี้มีหลายเรื่อง ขอแยกตอบเป็นข้อ ๆ: คำถามที่ 1: นักศึกษาต่างมหาลัย เล่น Cockpit 30 นาที เสีย กี่บาท ระยะเวลาที่ถามคือ 30 นาที ใช้ 1 session ตามแพ็กเกจ Cockpit 60 นาที คำตอบราคา: 65 บาท สำหรับกลุ่ม PSU Alumni and General Student / นักศึกษาหรือนักเรียนต่างสถาบัน • คำนวณจาก 65 บาท/session x 1 session = 65 บาท กลุ่มผู้ใช้ที่ตรวจเจอ: PSU Alumni and General Student / นักศึกษาหรือนักเรียนต่างสถาบัน / มหาลัยอื่น รายละเอียดจากตาราง: Cockpit 60 นาที (1 ชั่วโมง, 1 คน) • PSU Student and Staff: 0 บาท • PSU Alumni and General Student: 65 บาท • General Adult: 200 บาท แหล่งข้อมูล: https://esports.computing.psu.ac.th/wp-content/uploads/2026/01/PSU-Esports-Studio-phuket-SERVICE-FEE-2026.png คำถามที่ 2: จะ",pipeline:multi_question_splitter,multi_question/multi_question_split,100.0,True,0.906,0,,,
MB-1304-C-070,compound,compound,นักศึกษาต่างมหาลัย เล่น Cockpit 1 ชั่วโมง เสียกี่บาท แล้วจองยังไง,"คำถามนี้มีหลายเรื่อง ขอแยกตอบเป็นข้อ ๆ: คำถามที่ 1: นักศึกษาต่างมหาลัย เล่น Cockpit 1 ชั่วโมง เสีย กี่บาท ระยะเวลาที่ถามคือ 1 ชั่วโมง ใช้ 1 session ตามแพ็กเกจ Cockpit 60 นาที คำตอบราคา: 65 บาท สำหรับกลุ่ม PSU Alumni and General Student / นักศึกษาหรือนักเรียนต่างสถาบัน • คำนวณจาก 65 บาท/session x 1 session = 65 บาท กลุ่มผู้ใช้ที่ตรวจเจอ: PSU Alumni and General Student / นักศึกษาหรือนักเรียนต่างสถาบัน / มหาลัยอื่น รายละเอียดจากตาราง: Cockpit 60 นาที (1 ชั่วโมง, 1 คน) • PSU Student and Staff: 0 บาท • PSU Alumni and General Student: 65 บาท • General Adult: 200 บาท แหล่งข้อมูล: https://esports.computing.psu.ac.th/wp-content/uploads/2026/01/PSU-Esports-Studio-phuket-SERVICE-FEE-2026.png คำถามที่ 2",pipeline:multi_question_splitter,multi_question/multi_question_split,100.0,True,1.0013,0,,,
MB-1305-C-071,compound,compound,นักศึกษาต่างมหาลัย เล่น Cockpit 2 ชั่วโมง เสียกี่บาท แล้วจองยังไง,"คำถามนี้มีหลายเรื่อง ขอแยกตอบเป็นข้อ ๆ: คำถามที่ 1: นักศึกษาต่างมหาลัย เล่น Cockpit 2 ชั่วโมง เสีย กี่บาท ระยะเวลาที่ถามคือ 2 ชั่วโมง ใช้ 2 session ตามแพ็กเกจ Cockpit 60 นาที คำตอบราคา: 130 บาท สำหรับกลุ่ม PSU Alumni and General Student / นักศึกษาหรือนักเรียนต่างสถาบัน • คำนวณจาก 65 บาท/session x 2 session = 130 บาท กลุ่มผู้ใช้ที่ตรวจเจอ: PSU Alumni and General Student / นักศึกษาหรือนักเรียนต่างสถาบัน / มหาลัยอื่น รายละเอียดจากตาราง: Cockpit 60 นาที (1 ชั่วโมง, 1 คน) • PSU Student and Staff: 0 บาท • PSU Alumni and General Student: 65 บาท • General Adult: 200 บาท แหล่งข้อมูล: https://esports.computing.psu.ac.th/wp-content/uploads/2026/01/PSU-Esports-Studio-phuket-SERVICE-FEE-2026.png คำถามที่",pipeline:multi_question_splitter,multi_question/multi_question_split,100.0,True,0.992,0,,,
MB-1306-C-072,compound,compound,บุคคลทั่วไป เล่น Cockpit 30 นาที เสียกี่บาท แล้วจองยังไง,"คำถามนี้มีหลายเรื่อง ขอแยกตอบเป็นข้อ ๆ: คำถามที่ 1: บุคคลทั่วไป เล่น Cockpit 30 นาที เสีย กี่บาท ระยะเวลาที่ถามคือ 30 นาที ใช้ 1 session ตามแพ็กเกจ Cockpit 60 นาที คำตอบราคา: 200 บาท สำหรับกลุ่ม General Adult / บุคคลทั่วไป • คำนวณจาก 200 บาท/session x 1 session = 200 บาท กลุ่มผู้ใช้ที่ตรวจเจอ: General Adult / บุคคลทั่วไป รายละเอียดจากตาราง: Cockpit 60 นาที (1 ชั่วโมง, 1 คน) • PSU Student and Staff: 0 บาท • PSU Alumni and General Student: 65 บาท • General Adult: 200 บาท แหล่งข้อมูล: https://esports.computing.psu.ac.th/wp-content/uploads/2026/01/PSU-Esports-Studio-phuket-SERVICE-FEE-2026.png คำถามที่ 2: จะเล่น บุคคลทั่วไป เล่น Cockpit 30 นาที เสีย จองยังไง จองคิวเล่นเกม/ใช้อุปกรณ์ได้ผ่านระบบจอ",pipeline:multi_question_splitter,multi_question/multi_question_split,100.0,True,0.9124,0,,,
MB-1307-C-073,compound,compound,บุคคลทั่วไป เล่น Cockpit 1 ชั่วโมง เสียกี่บาท แล้วจองยังไง,"คำถามนี้มีหลายเรื่อง ขอแยกตอบเป็นข้อ ๆ: คำถามที่ 1: บุคคลทั่วไป เล่น Cockpit 1 ชั่วโมง เสีย กี่บาท ระยะเวลาที่ถามคือ 1 ชั่วโมง ใช้ 1 session ตามแพ็กเกจ Cockpit 60 นาที คำตอบราคา: 200 บาท สำหรับกลุ่ม General Adult / บุคคลทั่วไป • คำนวณจาก 200 บาท/session x 1 session = 200 บาท กลุ่มผู้ใช้ที่ตรวจเจอ: General Adult / บุคคลทั่วไป รายละเอียดจากตาราง: Cockpit 60 นาที (1 ชั่วโมง, 1 คน) • PSU Student and Staff: 0 บาท • PSU Alumni and General Student: 65 บาท • General Adult: 200 บาท แหล่งข้อมูล: https://esports.computing.psu.ac.th/wp-content/uploads/2026/01/PSU-Esports-Studio-phuket-SERVICE-FEE-2026.png คำถามที่ 2: จะเล่น บุคคลทั่วไป เล่น Cockpit 1 ชั่วโมง เสีย จองยังไง จองคิวเล่นเกม/ใช้อุปกรณ์ได้ผ่าน",pipeline:multi_question_splitter,multi_question/multi_question_split,100.0,True,0.9374,0,,,
MB-1308-C-074,compound,compound,บุคคลทั่วไป เล่น Cockpit 2 ชั่วโมง เสียกี่บาท แล้วจองยังไง,"คำถามนี้มีหลายเรื่อง ขอแยกตอบเป็นข้อ ๆ: คำถามที่ 1: บุคคลทั่วไป เล่น Cockpit 2 ชั่วโมง เสีย กี่บาท ระยะเวลาที่ถามคือ 2 ชั่วโมง ใช้ 2 session ตามแพ็กเกจ Cockpit 60 นาที คำตอบราคา: 400 บาท สำหรับกลุ่ม General Adult / บุคคลทั่วไป • คำนวณจาก 200 บาท/session x 2 session = 400 บาท กลุ่มผู้ใช้ที่ตรวจเจอ: General Adult / บุคคลทั่วไป รายละเอียดจากตาราง: Cockpit 60 นาที (1 ชั่วโมง, 1 คน) • PSU Student and Staff: 0 บาท • PSU Alumni and General Student: 65 บาท • General Adult: 200 บาท แหล่งข้อมูล: https://esports.computing.psu.ac.th/wp-content/uploads/2026/01/PSU-Esports-Studio-phuket-SERVICE-FEE-2026.png คำถามที่ 2: จะเล่น บุคคลทั่วไป เล่น Cockpit 2 ชั่วโมง เสีย จองยังไง จองคิวเล่นเกม/ใช้อุปกรณ์ได้ผ่าน",pipeline:multi_question_splitter,multi_question/multi_question_split,100.0,True,1.0717,0,,,
MB-1309-C-075,compound,compound,นักศึกษา PSU เล่น VR 30 นาที เสียกี่บาท แล้วจองยังไง,คำถามนี้มีหลายเรื่อง ขอแยกตอบเป็นข้อ ๆ: คำถามที่ 1: นักศึกษา PSU เล่น VR 30 นาที เสีย กี่บาท ระยะเวลาที่ถามคือ 30 นาที ใช้ 1 session ตามแพ็กเกจ VR 30 นาที คำตอบราคา: 0 บาท สำหรับกลุ่ม PSU Student and Staff • คำนวณจาก 0 บาท/session x 1 session = 0 บาท กลุ่มผู้ใช้ที่ตรวจเจอ: PSU Student and Staff รายละเอียดจากตาราง: VR 30 นาที (1-5 คน) • PSU Student and Staff: 0 บาท • PSU Alumni and General Student: 190 บาท • General Adult: 525 บาท แหล่งข้อมูล: https://esports.computing.psu.ac.th/wp-content/uploads/2026/01/PSU-Esports-Studio-phuket-SERVICE-FEE-2026.png คำถามที่ 2: จะเล่น นักศึกษา PSU เล่น VR 30 นาที เสีย จองยังไง ยังไม่พบข้อมูลที่ยืนยันได้ในฐานข้อมูลของ PSU Esports Studio - Phuket สำหรับหมวด r,pipeline:multi_question_splitter,multi_question/multi_question_split,100.0,True,1.3627,0,,,
MB-1310-C-076,compound,compound,นักศึกษา PSU เล่น VR 1 ชั่วโมง เสียกี่บาท แล้วจองยังไง,"คำถามนี้มีหลายเรื่อง ขอแยกตอบเป็นข้อ ๆ: คำถามที่ 1: นักศึกษา PSU เล่น VR 1 ชั่วโมง เสีย กี่บาท ระยะเวลาที่ถามคือ 1 ชั่วโมง ใช้ 1 session ตามแพ็กเกจ VR 1 ชั่วโมง คำตอบราคา: 0 บาท สำหรับกลุ่ม PSU Student and Staff • คำนวณจาก 0 บาท/session x 1 session = 0 บาท กลุ่มผู้ใช้ที่ตรวจเจอ: PSU Student and Staff รายละเอียดจากตาราง: VR 1 ชั่วโมง (60 นาที, 1-5 คน) • PSU Student and Staff: 0 บาท • PSU Alumni and General Student: 375 บาท • General Adult: 1,050 บาท แหล่งข้อมูล: https://esports.computing.psu.ac.th/wp-content/uploads/2026/01/PSU-Esports-Studio-phuket-SERVICE-FEE-2026.png คำถามที่ 2: จะเล่น นักศึกษา PSU เล่น VR 1 ชั่วโมง เสีย จองยังไง จองคิวเล่นเกม/ใช้อุปกรณ์ได้ผ่านระบบจองออนไลน์ครับ ถ้าต้องการ",pipeline:multi_question_splitter,multi_question/multi_question_split,100.0,True,0.7812,0,,,
MB-1311-C-077,compound,compound,นักศึกษา PSU เล่น VR 2 ชั่วโมง เสียกี่บาท แล้วจองยังไง,"คำถามนี้มีหลายเรื่อง ขอแยกตอบเป็นข้อ ๆ: คำถามที่ 1: นักศึกษา PSU เล่น VR 2 ชั่วโมง เสีย กี่บาท ราคา VR สำหรับกลุ่ม PSU Student and Staff • VR 30 นาที: 0 บาท • VR 1 ชั่วโมง: 0 บาท กลุ่มผู้ใช้ที่ตรวจเจอ: PSU Student and Staff หมายเหตุ: คำถามยังไม่ระบุระยะเวลา จึงแสดงทั้งราคา 30 นาทีและ 1 ชั่วโมง รายละเอียดจากตาราง: VR 30 นาที (1-5 คน) • PSU Student and Staff: 0 บาท • PSU Alumni and General Student: 190 บาท • General Adult: 525 บาท VR 1 ชั่วโมง (60 นาที, 1-5 คน) • PSU Student and Staff: 0 บาท • PSU Alumni and General Student: 375 บาท • General Adult: 1,050 บาท แหล่งข้อมูล: https://esports.computing.psu.ac.th/wp-content/uploads/2026/01/PSU-Esports-Studio-phuket-SERVICE-FEE-2026.png คำถามที่ 2: จ",pipeline:multi_question_splitter,multi_question/multi_question_split,100.0,True,0.8894,0,,,
MB-1312-C-078,compound,compound,นักศึกษาต่างมหาลัย เล่น VR 30 นาที เสียกี่บาท แล้วจองยังไง,คำถามนี้มีหลายเรื่อง ขอแยกตอบเป็นข้อ ๆ: คำถามที่ 1: นักศึกษาต่างมหาลัย เล่น VR 30 นาที เสีย กี่บาท ระยะเวลาที่ถามคือ 30 นาที ใช้ 1 session ตามแพ็กเกจ VR 30 นาที คำตอบราคา: 190 บาท สำหรับกลุ่ม PSU Alumni and General Student / นักศึกษาหรือนักเรียนต่างสถาบัน • คำนวณจาก 190 บาท/session x 1 session = 190 บาท กลุ่มผู้ใช้ที่ตรวจเจอ: PSU Alumni and General Student / นักศึกษาหรือนักเรียนต่างสถาบัน / มหาลัยอื่น รายละเอียดจากตาราง: VR 30 นาที (1-5 คน) • PSU Student and Staff: 0 บาท • PSU Alumni and General Student: 190 บาท • General Adult: 525 บาท แหล่งข้อมูล: https://esports.computing.psu.ac.th/wp-content/uploads/2026/01/PSU-Esports-Studio-phuket-SERVICE-FEE-2026.png คำถามที่ 2: จะเล่น นักศึกษาต่างมหา,pipeline:multi_question_splitter,multi_question/multi_question_split,100.0,True,1.5624,0,,,
MB-1313-C-079,compound,compound,นักศึกษาต่างมหาลัย เล่น VR 1 ชั่วโมง เสียกี่บาท แล้วจองยังไง,"คำถามนี้มีหลายเรื่อง ขอแยกตอบเป็นข้อ ๆ: คำถามที่ 1: นักศึกษาต่างมหาลัย เล่น VR 1 ชั่วโมง เสีย กี่บาท ระยะเวลาที่ถามคือ 1 ชั่วโมง ใช้ 1 session ตามแพ็กเกจ VR 1 ชั่วโมง คำตอบราคา: 375 บาท สำหรับกลุ่ม PSU Alumni and General Student / นักศึกษาหรือนักเรียนต่างสถาบัน • คำนวณจาก 375 บาท/session x 1 session = 375 บาท กลุ่มผู้ใช้ที่ตรวจเจอ: PSU Alumni and General Student / นักศึกษาหรือนักเรียนต่างสถาบัน / มหาลัยอื่น รายละเอียดจากตาราง: VR 1 ชั่วโมง (60 นาที, 1-5 คน) • PSU Student and Staff: 0 บาท • PSU Alumni and General Student: 375 บาท • General Adult: 1,050 บาท แหล่งข้อมูล: https://esports.computing.psu.ac.th/wp-content/uploads/2026/01/PSU-Esports-Studio-phuket-SERVICE-FEE-2026.png คำถามที่ 2: จะเ",pipeline:multi_question_splitter,multi_question/multi_question_split,100.0,True,0.8544,0,,,
MB-1314-C-080,compound,compound,นักศึกษาต่างมหาลัย เล่น VR 2 ชั่วโมง เสียกี่บาท แล้วจองยังไง,"คำถามนี้มีหลายเรื่อง ขอแยกตอบเป็นข้อ ๆ: คำถามที่ 1: นักศึกษาต่างมหาลัย เล่น VR 2 ชั่วโมง เสีย กี่บาท ราคา VR สำหรับกลุ่ม PSU Alumni and General Student / นักศึกษาหรือนักเรียนต่างสถาบัน • VR 30 นาที: 190 บาท • VR 1 ชั่วโมง: 375 บาท กลุ่มผู้ใช้ที่ตรวจเจอ: PSU Alumni and General Student / นักศึกษาหรือนักเรียนต่างสถาบัน / มหาลัยอื่น หมายเหตุ: คำถามยังไม่ระบุระยะเวลา จึงแสดงทั้งราคา 30 นาทีและ 1 ชั่วโมง รายละเอียดจากตาราง: VR 30 นาที (1-5 คน) • PSU Student and Staff: 0 บาท • PSU Alumni and General Student: 190 บาท • General Adult: 525 บาท VR 1 ชั่วโมง (60 นาที, 1-5 คน) • PSU Student and Staff: 0 บาท • PSU Alumni and General Student: 375 บาท • General Adult: 1,050 บาท แหล่งข้อมูล: https://esports.",pipeline:multi_question_splitter,multi_question/multi_question_split,100.0,True,0.7781,0,,,
MB-1315-C-081,compound,compound,บุคคลทั่วไป เล่น VR 30 นาที เสียกี่บาท แล้วจองยังไง,คำถามนี้มีหลายเรื่อง ขอแยกตอบเป็นข้อ ๆ: คำถามที่ 1: บุคคลทั่วไป เล่น VR 30 นาที เสีย กี่บาท ระยะเวลาที่ถามคือ 30 นาที ใช้ 1 session ตามแพ็กเกจ VR 30 นาที คำตอบราคา: 525 บาท สำหรับกลุ่ม General Adult / บุคคลทั่วไป • คำนวณจาก 525 บาท/session x 1 session = 525 บาท กลุ่มผู้ใช้ที่ตรวจเจอ: General Adult / บุคคลทั่วไป รายละเอียดจากตาราง: VR 30 นาที (1-5 คน) • PSU Student and Staff: 0 บาท • PSU Alumni and General Student: 190 บาท • General Adult: 525 บาท แหล่งข้อมูล: https://esports.computing.psu.ac.th/wp-content/uploads/2026/01/PSU-Esports-Studio-phuket-SERVICE-FEE-2026.png คำถามที่ 2: จะเล่น บุคคลทั่วไป เล่น VR 30 นาที เสีย จองยังไง ยังไม่พบข้อมูลที่ยืนยันได้ในฐานข้อมูลของ PSU Esports Studio - Phu,pipeline:multi_question_splitter,multi_question/multi_question_split,100.0,True,1.2709,0,,,
MB-1316-C-082,compound,compound,บุคคลทั่วไป เล่น VR 1 ชั่วโมง เสียกี่บาท แล้วจองยังไง,"คำถามนี้มีหลายเรื่อง ขอแยกตอบเป็นข้อ ๆ: คำถามที่ 1: บุคคลทั่วไป เล่น VR 1 ชั่วโมง เสีย กี่บาท ระยะเวลาที่ถามคือ 1 ชั่วโมง ใช้ 1 session ตามแพ็กเกจ VR 1 ชั่วโมง คำตอบราคา: 1050 บาท สำหรับกลุ่ม General Adult / บุคคลทั่วไป • คำนวณจาก 1050 บาท/session x 1 session = 1050 บาท กลุ่มผู้ใช้ที่ตรวจเจอ: General Adult / บุคคลทั่วไป รายละเอียดจากตาราง: VR 1 ชั่วโมง (60 นาที, 1-5 คน) • PSU Student and Staff: 0 บาท • PSU Alumni and General Student: 375 บาท • General Adult: 1,050 บาท แหล่งข้อมูล: https://esports.computing.psu.ac.th/wp-content/uploads/2026/01/PSU-Esports-Studio-phuket-SERVICE-FEE-2026.png คำถามที่ 2: จะเล่น บุคคลทั่วไป เล่น VR 1 ชั่วโมง เสีย จองยังไง จองคิวเล่นเกม/ใช้อุปกรณ์ได้ผ่านระบบจองออน",pipeline:multi_question_splitter,multi_question/multi_question_split,100.0,True,0.7585,0,,,
MB-1317-C-083,compound,compound,บุคคลทั่วไป เล่น VR 2 ชั่วโมง เสียกี่บาท แล้วจองยังไง,"คำถามนี้มีหลายเรื่อง ขอแยกตอบเป็นข้อ ๆ: คำถามที่ 1: บุคคลทั่วไป เล่น VR 2 ชั่วโมง เสีย กี่บาท ราคา VR สำหรับกลุ่ม General Adult / บุคคลทั่วไป • VR 30 นาที: 525 บาท • VR 1 ชั่วโมง: 1,050 บาท กลุ่มผู้ใช้ที่ตรวจเจอ: General Adult / บุคคลทั่วไป หมายเหตุ: คำถามยังไม่ระบุระยะเวลา จึงแสดงทั้งราคา 30 นาทีและ 1 ชั่วโมง รายละเอียดจากตาราง: VR 30 นาที (1-5 คน) • PSU Student and Staff: 0 บาท • PSU Alumni and General Student: 190 บาท • General Adult: 525 บาท VR 1 ชั่วโมง (60 นาที, 1-5 คน) • PSU Student and Staff: 0 บาท • PSU Alumni and General Student: 375 บาท • General Adult: 1,050 บาท แหล่งข้อมูล: https://esports.computing.psu.ac.th/wp-content/uploads/2026/01/PSU-Esports-Studio-phuket-SERVICE-FEE-2026.",pipeline:multi_question_splitter,multi_question/multi_question_split,100.0,True,0.7312,0,,,
MB-1318-C-084,compound,compound,VR 30 นาทีกับ VR 1 ชั่วโมงต่างกันยังไง แล้วจองยังไง,"คำถามนี้มีหลายเรื่อง ขอแยกตอบเป็นข้อ ๆ: คำถามที่ 1: VR 30 นาที จองยังไง ยังไม่พบข้อมูลที่ยืนยันได้ในฐานข้อมูลของ PSU Esports Studio - Phuket สำหรับหมวด reservation ตอนนี้ครับ คำถามที่ 2: VR 1 ชั่วโมงต่างกันยังไง แล้ว จองยังไง ระยะเวลาที่ถามคือ 1 ชั่วโมง ใช้ 1 session ตามแพ็กเกจ VR 1 ชั่วโมง ยังไม่ทราบกลุ่มผู้ใช้ จึงแสดงราคาทุกกลุ่มให้เทียบก่อน: • PSU Student and Staff: 0 บาท/session x 1 = 0 บาท • PSU Alumni and General Student / นักศึกษาหรือนักเรียนต่างสถาบัน: 375 บาท/session x 1 = 375 บาท • General Adult / บุคคลทั่วไป: 1050 บาท/session x 1 = 1050 บาท รายละเอียดจากตาราง: VR 1 ชั่วโมง (60 นาที, 1-5 คน) • PSU Student and Staff: 0 บาท • PSU Alumni and General Student: 375 บาท • General Adult: 1",pipeline:multi_question_splitter,multi_question/multi_question_split,100.0,True,4.9995,0,,,
MB-1319-C-085,compound,compound,ถ้าเล่น PC 3 ชั่วโมง บุคคลทั่วไปต้องจ่ายเท่าไหร่ แล้วจองยังไง,คำถามนี้มีหลายเรื่อง ขอแยกตอบเป็นข้อ ๆ: คำถามที่ 1: ถ้าเล่น PC 3 ชั่วโมง บุคคลทั่วไปต้องจ่ายเท่าไหร่ ระยะเวลาที่ถามคือ 3 ชั่วโมง ใช้ 3 session ตามแพ็กเกจ PC 1 ชั่วโมง คำตอบราคา: 210 บาท สำหรับกลุ่ม General Adult / บุคคลทั่วไป • คำนวณจาก 70 บาท/session x 3 session = 210 บาท กลุ่มผู้ใช้ที่ตรวจเจอ: General Adult / บุคคลทั่วไป รายละเอียดจากตาราง: PC 1 ชั่วโมง (1 คน) • PSU Student and Staff: 0 บาท • PSU Alumni and General Student: 25 บาท • General Adult: 70 บาท หมายเหตุข้อมูล PC: ราคา PC เพิ่มจาก local service fee update 2026-07-27 แหล่งข้อมูล: https://esports.computing.psu.ac.th/wp-content/uploads/2026/01/PSU-Esports-Studio-phuket-SERVICE-FEE-2026.png คำถามที่ 2: จองยังไง ขั้นตอนจองโดยสรุป: • เล,pipeline:multi_question_splitter,multi_question/multi_question_split,100.0,True,0.8962,0,,,
MB-1320-C-086,compound,compound,ต่างมหาลัยเล่น Cockpit 2 ชั่วโมงกี่บาท แล้วจองยังไง,"คำถามนี้มีหลายเรื่อง ขอแยกตอบเป็นข้อ ๆ: คำถามที่ 1: ต่างมหาลัยเล่น Cockpit 2 ชั่วโมง กี่บาท ระยะเวลาที่ถามคือ 2 ชั่วโมง ใช้ 2 session ตามแพ็กเกจ Cockpit 60 นาที คำตอบราคา: 130 บาท สำหรับกลุ่ม PSU Alumni and General Student / นักศึกษาหรือนักเรียนต่างสถาบัน • คำนวณจาก 65 บาท/session x 2 session = 130 บาท กลุ่มผู้ใช้ที่ตรวจเจอ: PSU Alumni and General Student / นักศึกษาหรือนักเรียนต่างสถาบัน / มหาลัยอื่น รายละเอียดจากตาราง: Cockpit 60 นาที (1 ชั่วโมง, 1 คน) • PSU Student and Staff: 0 บาท • PSU Alumni and General Student: 65 บาท • General Adult: 200 บาท แหล่งข้อมูล: https://esports.computing.psu.ac.th/wp-content/uploads/2026/01/PSU-Esports-Studio-phuket-SERVICE-FEE-2026.png คำถามที่ 2: จะเล่น ต่า",pipeline:multi_question_splitter,multi_question/multi_question_split,100.0,True,5.6517,0,,,
MB-1321-C-087,compound,compound,เด็ก ม.อ. เล่น Nintendo 4 คนเสียเงินไหม แล้วจองยังไง,"คำถามนี้มีหลายเรื่อง ขอแยกตอบเป็นข้อ ๆ: คำถามที่ 1: เด็ก ม.อ. เล่น Nintendo 4 คนเสียเงินไหม ราคา 0 บาท สำหรับกลุ่ม PSU Student and Staff • Nintendo Switch 3-4 คน 60 นาที: 0 บาท กลุ่มผู้ใช้ที่ตรวจเจอ: PSU Student and Staff รายละเอียดจากตาราง: Nintendo Switch 3-4 คน 60 นาที (1 ชั่วโมง) • PSU Student and Staff: 0 บาท • PSU Alumni and General Student: 100 บาท • General Adult: 280 บาท แหล่งข้อมูล: https://esports.computing.psu.ac.th/wp-content/uploads/2026/01/PSU-Esports-Studio-phuket-SERVICE-FEE-2026.png คำถามที่ 2: จองยังไง ขั้นตอนจองโดยสรุป: • เลือกบริการหรือโซนที่ต้องการใช้ • เลือกวันและรอบเวลาที่ต้องการ • กรอก Student ID/Staff ID/National ID, ชื่อ, นามสกุล, อีเมล และเบอร์โทรศัพท์ • ตรวจสอบข้",pipeline:multi_question_splitter,multi_question/multi_question_split,100.0,True,1.0535,0,,,
MB-1322-C-088,compound,compound,General Adult เล่น VR 1 ชั่วโมงกี่บาท แล้วจองยังไง,"คำถามนี้มีหลายเรื่อง ขอแยกตอบเป็นข้อ ๆ: คำถามที่ 1: General Adult เล่น VR 1 ชั่วโมง กี่บาท ระยะเวลาที่ถามคือ 1 ชั่วโมง ใช้ 1 session ตามแพ็กเกจ VR 1 ชั่วโมง ยังไม่ทราบกลุ่มผู้ใช้ จึงแสดงราคาทุกกลุ่มให้เทียบก่อน: • PSU Student and Staff: 0 บาท/session x 1 = 0 บาท • PSU Alumni and General Student / นักศึกษาหรือนักเรียนต่างสถาบัน: 375 บาท/session x 1 = 375 บาท • General Adult / บุคคลทั่วไป: 1050 บาท/session x 1 = 1050 บาท รายละเอียดจากตาราง: VR 1 ชั่วโมง (60 นาที, 1-5 คน) • PSU Student and Staff: 0 บาท • PSU Alumni and General Student: 375 บาท • General Adult: 1,050 บาท แหล่งข้อมูล: https://esports.computing.psu.ac.th/wp-content/uploads/2026/01/PSU-Esports-Studio-phuket-SERVICE-FEE-2026.png คำถ",pipeline:multi_question_splitter,multi_question/multi_question_split,100.0,True,4.5022,0,,,
MB-1323-C-089,compound,compound,PSU Staff เล่น PC ต้องเสียเงินไหม แล้วจองยังไง,"คำถามนี้มีหลายเรื่อง ขอแยกตอบเป็นข้อ ๆ: คำถามที่ 1: PSU Staff เล่น PC ต้องเสียเงินไหม ราคา PC 1 ชั่วโมง สำหรับ PSU Student and Staff: 0 บาท กลุ่มผู้ใช้ที่ตรวจเจอ: PSU Student and Staff หมายเหตุข้อมูล PC: ราคา PC เพิ่มจาก local service fee update 2026-07-27 แหล่งข้อมูล: https://esports.computing.psu.ac.th/wp-content/uploads/2026/01/PSU-Esports-Studio-phuket-SERVICE-FEE-2026.png คำถามที่ 2: จองยังไง ขั้นตอนจองโดยสรุป: • เลือกบริการหรือโซนที่ต้องการใช้ • เลือกวันและรอบเวลาที่ต้องการ • กรอก Student ID/Staff ID/National ID, ชื่อ, นามสกุล, อีเมล และเบอร์โทรศัพท์ • ตรวจสอบข้อมูลและชำระเงินโดยโอนเข้าบัญชีที่ระบบแจ้ง • หลังจองต้องชำระเงินภายใน 10 นาที • แนบสลิปและยืนยันการจอง แหล่งข้อมูล: https://esp",pipeline:multi_question_splitter,multi_question/multi_question_split,100.0,True,0.8347,0,,,
