id,group,quality_bucket,question,answer_preview,mode,route,score,passed,wall_sec,llm_call_count,llm_kinds,errors,warnings
MB-0627-ANA-001,ambiguity_no_answer,psu_fact,PC มีอะไรบ้าง,"คำถามนี้ยังตีได้หลายทางครับ หมายถึงเรื่องไหนของ PC Zone? ข้อมูลย่อที่ยืนยันได้ตอนนี้: • เกม: มี 6 เกม เช่น Call of Duty: Warzone, Counter-Strike 2, League of Legends, PUBG: BATTLEGROUNDS และอื่น ๆ | พิมพ์ `PC มีเกมอะไรบ้าง` • อุปกรณ์: มี 6 รายการ เช่น Gaming PC รุ่น MSI MAG Infinite S3 14th, Gaming Monitor, Gaming Keyboard, Gaming Mouse, Gaming Headset และอื่น ๆ | พิมพ์ `PC มีอุปกรณ์อะไรบ้าง` • ราคา: PC 1 ชั่วโมง (1 คน): PSU 0 บาท, General Student 25 บาท, General Adult 70 บาท | พิมพ์ `PC ราคาเท่าไหร่` • จอง: ต้องจองผ่านระบบก่อนเข้าใช้ | พิมพ์ `PC จองยังไง` พิมพ์ต่อสั้น ๆ ได้ เช่น `เกม`, `อุปกรณ์`, `ราคา` หรือ `จอง`",pipeline:ambiguity_clarification,clarification/ambiguity_gate_clarification,100.0,True,12.8067,1,universal_intent,,
MB-0628-ANA-002,ambiguity_no_answer,psu_fact,PS5 มีอะไรบ้าง,"คำถามนี้ยังตีได้หลายทางครับ หมายถึงเรื่องไหนของ PlayStation 5 Zone? ข้อมูลย่อที่ยืนยันได้ตอนนี้: • เกม: มี 24 เกม เช่น Beat Saber, Call of Duty: Modern Warfare III, Call of Duty: Warzone, EA Sports FC 24 และอื่น ๆ | พิมพ์ `PS5 มีเกมอะไรบ้าง` • อุปกรณ์: มี 1 รายการ เช่น PlayStation 5 Slim With Ultra HD Blu-Ray Disc Drive | พิมพ์ `PS5 มีอุปกรณ์อะไรบ้าง` • ราคา: PlayStation 5 1 ชั่วโมง (1-2 คน): PSU 0 บาท, General Student 50 บาท, General Adult 150 บาท | พิมพ์ `PS5 ราคาเท่าไหร่` • จอง: ต้องจองผ่านระบบก่อนเข้าใช้ | พิมพ์ `PS5 จองยังไง` พิมพ์ต่อสั้น ๆ ได้ เช่น `เกม`, `อุปกรณ์`, `ราคา` หรือ `จอง`",pipeline:ambiguity_clarification,clarification/ambiguity_gate_clarification,100.0,True,1.4251,1,universal_intent,,
MB-0629-ANA-003,ambiguity_no_answer,psu_fact,Nintendo มีอะไรบ้าง,"คำถามนี้ยังตีได้หลายทางครับ หมายถึงเรื่องไหนของ Nintendo Switch Zone? ข้อมูลย่อที่ยืนยันได้ตอนนี้: • เกม: มี 17 เกม เช่น Animal Crossing: New Horizons, It Takes Two, Little Nightmares II, Luigi's Mansion 3 และอื่น ๆ | พิมพ์ `Nintendo Switch มีเกมอะไรบ้าง` • อุปกรณ์: มี 3 รายการ เช่น Nintendo Switch OLED, TV 86 นิ้ว, Sofa 2 seats | พิมพ์ `Nintendo Switch มีอุปกรณ์อะไรบ้าง` • ราคา: มีหลายแพ็กเกจตามเวลา/จำนวนผู้เล่น: Nintendo Switch 1 ชั่วโมง (1-2 คน), Nintendo Switch 1 ชั่วโมง (3-4 คน) | พิมพ์ `Nintendo Switch ราคาเท่าไหร่` • จอง: ต้องจองผ่านระบบก่อนเข้าใช้ | พิมพ์ `Nintendo Switch จองยังไง` พิมพ์ต่อสั้น ๆ ได้ เช่น `เกม`, `อุปกรณ์`, `ราคา` หรือ `จอง`",pipeline:ambiguity_clarification,clarification/ambiguity_gate_clarification,100.0,True,1.5048,1,universal_intent,,
MB-0630-ANA-004,ambiguity_no_answer,psu_fact,VR มีอะไรบ้าง,"คำถามนี้ยังตีได้หลายทางครับ หมายถึงเรื่องไหนของ VR Zone? ข้อมูลย่อที่ยืนยันได้ตอนนี้: • เกม: มี 2 เกม เช่น Beat Saber, Horizon Call of the Mountain | พิมพ์ `VR มีเกมอะไรบ้าง` • อุปกรณ์: มี 1 รายการ เช่น Sony PlayStation VR2 | พิมพ์ `VR มีอุปกรณ์อะไรบ้าง` • ราคา: มีหลายแพ็กเกจตามเวลา/จำนวนผู้เล่น: VR 30 นาที (1-5 คน), VR 1 ชั่วโมง (1-5 คน) | พิมพ์ `VR ราคาเท่าไหร่` • จอง: ต้องจองผ่านระบบก่อนเข้าใช้ | พิมพ์ `VR จองยังไง` พิมพ์ต่อสั้น ๆ ได้ เช่น `เกม`, `อุปกรณ์`, `ราคา` หรือ `จอง`",pipeline:ambiguity_clarification,clarification/ambiguity_gate_clarification,100.0,True,1.3966,1,universal_intent,,
MB-0631-ANA-005,ambiguity_no_answer,psu_fact,Cockpit มีอะไรบ้าง,"คำถามนี้ยังตีได้หลายทางครับ หมายถึงเรื่องไหนของ Cockpit Zone? ข้อมูลย่อที่ยืนยันได้ตอนนี้: • เกม: มี 1 เกม เช่น Gran Turismo 7 | พิมพ์ `Cockpit มีเกมอะไรบ้าง` • อุปกรณ์: มี 5 รายการ เช่น Logitech G923 TRUEFORCE Racing Wheel, Driving Force Shifter, Racezone Full Cockpit V3, Pulse Elite Wireless Headset, TV 65 นิ้ว | พิมพ์ `Cockpit มีอุปกรณ์อะไรบ้าง` • ราคา: Cockpit 1 ชั่วโมง (1 คน): PSU 0 บาท, General Student 65 บาท, General Adult 200 บาท | พิมพ์ `Cockpit ราคาเท่าไหร่` • จอง: ต้องจองผ่านระบบก่อนเข้าใช้ | พิมพ์ `Cockpit จองยังไง` พิมพ์ต่อสั้น ๆ ได้ เช่น `เกม`, `อุปกรณ์`, `ราคา` หรือ `จอง`",pipeline:ambiguity_clarification,clarification/ambiguity_gate_clarification,100.0,True,1.8356,1,universal_intent,,
MB-0632-ANA-006,ambiguity_no_answer,psu_fact,เครื่องไหนดีที่สุด,โหมดทดลอง RAG: ยังไม่มี context ที่โยงกับคำถามนี้ได้ชัดในฐานข้อมูลหมวด no_answer ถ้าต้องการให้ตอบได้ ควรเพิ่ม fact/card หรือข้อมูลจริงของเรื่องนั้นเข้า knowledge base ก่อน,pipeline:experimental_rag_no_context,no_answer/guard_no_answer,100.0,True,4.2982,0,,,
MB-0633-ANA-007,ambiguity_no_answer,psu_fact,เล่นอะไรดี,"อุปกรณ์บนหน้า Home: PC Zone • Gaming PC รุ่น MSI MAG Infinite S3 14th (จำนวน 10 เครื่อง) • Gaming Monitor (จำนวน 10 จอ) • Gaming Chair (จำนวน 10 ตัว) • Gaming Gear ครบชุด ทั้ง Keyboard, Mouse และ Headset Cockpit Zone • TV ขนาด 65 นิ้ว (จำนวน 2 เครื่อง) • Racezone Full Cockpit V3 (จำนวน 2 ชุด) • Logitech G923 TRUEFORCE Racing wheel พร้อม Driving Force Shifter (จำนวน 2 ชุด) • Pulse Elite Wireless Headset (จำนวน 2 อัน) Nintendo Switch Zone • TV ขนาด 86 นิ้ว (จำนวน 1 เครื่อง) • Nintendo Switch OLED (จำนวน 1 เครื่อง) • Sofa ขนาด 2 ที่นั่ง (จำนวน 2 ตัว) PlayStation 5 Zone • PlayStation 5 Slim รุ่น Ultra HD Blu-Ray Disc Drive (จำนวน 2 เครื่อง) VR Zone • PlayStation 5 Slim (จำนวน 1 เครื่อง) • Sony P",pipeline:structured_equipment_catalog,equipment/list,100.0,True,1.8716,0,,,
MB-0634-ANA-008,ambiguity_no_answer,psu_fact,มีอะไรแนะนำไหม,โหมดทดลอง RAG: ยังไม่มี context ที่โยงกับคำถามนี้ได้ชัดในฐานข้อมูลหมวด no_answer ถ้าต้องการให้ตอบได้ ควรเพิ่ม fact/card หรือข้อมูลจริงของเรื่องนั้นเข้า knowledge base ก่อน,pipeline:experimental_rag_no_context,no_answer/guard_no_answer,100.0,True,0.116,0,,,
MB-0635-ANA-009,ambiguity_no_answer,psu_fact,ราคา,"ขอรู้บริการหรือโซนก่อนครับ จะได้ตอบราคาให้ตรง เช่น `PS5 ราคาเท่าไหร่`, `Nintendo 3-4 คนกี่บาท`, `VR 30 นาทีราคาเท่าไหร่` หรือ `Tekken 8 ราคาเท่าไหร่`",pipeline:ambiguity_clarification,clarification/ambiguity_gate_clarification,100.0,True,0.0159,1,,,
MB-0636-ANA-010,ambiguity_no_answer,psu_fact,จอง,ผู้ใช้งานต้องจองล่วงหน้าผ่านระบบออนไลน์ก่อนเวลาใช้งานอย่างน้อย 1 ชั่วโมง แหล่งข้อมูล: https://esports.computing.psu.ac.th/,pipeline:rag_direct_curated,reservation/how_to,100.0,True,1.6489,0,,,
MB-0637-ANA-011,ambiguity_no_answer,psu_fact,เกม,"บริการที่ถาม มีเกมที่ยืนยันได้ดังนี้ PC #01-#02 (60 นาที, 1 คน) • TEKKEN 8 • Counter-Strike 2 • League of Legends • PUBG: BATTLEGROUNDS • VALORANT หมายเหตุ: PC #01-#02 มี TEKKEN 8 แต่ไม่มี Call of Duty: Warzone หมายเหตุ: PC #01-#02 และ PC #03-#10 มี Counter-Strike 2, League of Legends, PUBG: BATTLEGROUNDS, VALORANT เหมือนกัน PC #03-#10 (60 นาที, 1 คน) • Call of Duty: Warzone • Counter-Strike 2 • League of Legends • PUBG: BATTLEGROUNDS • VALORANT หมายเหตุ: PC #03-#10 มี Call of Duty: Warzone แต่ไม่มี TEKKEN 8 หมายเหตุ: PC #01-#02 และ PC #03-#10 มี Counter-Strike 2, League of Legends, PUBG: BATTLEGROUNDS, VALORANT เหมือนกัน PlayStation 5 #01-#02 (60 นาที, 1-2 คน) • Call of Duty: Modern Warfare",pipeline:structured_service_game_availability,games/list,100.0,True,1.5177,0,,,
MB-0638-ANA-012,ambiguity_no_answer,psu_fact,อุปกรณ์,"อุปกรณ์บนหน้า Home: PC Zone • Gaming PC รุ่น MSI MAG Infinite S3 14th (จำนวน 10 เครื่อง) • Gaming Monitor (จำนวน 10 จอ) • Gaming Chair (จำนวน 10 ตัว) • Gaming Gear ครบชุด ทั้ง Keyboard, Mouse และ Headset Cockpit Zone • TV ขนาด 65 นิ้ว (จำนวน 2 เครื่อง) • Racezone Full Cockpit V3 (จำนวน 2 ชุด) • Logitech G923 TRUEFORCE Racing wheel พร้อม Driving Force Shifter (จำนวน 2 ชุด) • Pulse Elite Wireless Headset (จำนวน 2 อัน) Nintendo Switch Zone • TV ขนาด 86 นิ้ว (จำนวน 1 เครื่อง) • Nintendo Switch OLED (จำนวน 1 เครื่อง) • Sofa ขนาด 2 ที่นั่ง (จำนวน 2 ตัว) PlayStation 5 Zone • PlayStation 5 Slim รุ่น Ultra HD Blu-Ray Disc Drive (จำนวน 2 เครื่อง) VR Zone • PlayStation 5 Slim (จำนวน 1 เครื่อง) • Sony P",pipeline:structured_equipment_catalog,equipment/list,100.0,True,1.4033,0,,,
MB-0639-ANA-013,ambiguity_no_answer,psu_fact,อันนี้เล่นยังไง,"ยังไม่แน่ใจว่าหมายถึงเกมไหนครับ หรือหมายถึงวิธีเข้าใช้บริการ/จอง ตัวอย่างเกมที่มีข้อมูลปุ่มแล้ว: TEKKEN 8, Mario Kart 8 Deluxe, Call of Duty: Modern Warfare III ถ้าถามวิธีเล่น/ปุ่ม ให้พิมพ์ชื่อเกมมาด้วย เช่น `TEKKEN 8 เล่นยังไง` หรือ `Mario Kart 8 Deluxe เล่นยังไง`",pipeline:game_control_missing_game_context,games/game_control_lookup,100.0,True,1.4391,1,universal_intent,,
MB-0640-ANA-014,ambiguity_no_answer,psu_fact,สรุปคือทำยังไง,โหมดทดลอง RAG: ยังไม่มี context ที่โยงกับคำถามนี้ได้ชัดในฐานข้อมูลหมวด no_answer ถ้าต้องการให้ตอบได้ ควรเพิ่ม fact/card หรือข้อมูลจริงของเรื่องนั้นเข้า knowledge base ก่อน,pipeline:experimental_rag_no_context,no_answer/guard_no_answer,100.0,True,0.152,0,,,
MB-0641-ANA-015,ambiguity_no_answer,psu_fact,มี Minecraft ไหม,ยังไม่พบ Minecraft ในรายการเกมที่ยืนยันได้ของ PSU Esports Studio - Phuket ครับ ถ้าต้องการเล่นเกมนอกเหนือจากรายการนี้ ควรสอบถามเจ้าหน้าที่ก่อนจองหรือก่อนเข้าใช้บริการ แหล่งข้อมูล: https://esports.phuket.psu.ac.th/Services/our-games,pipeline:structured_game_detail,games/game_availability_lookup,100.0,True,2.6932,0,,,
MB-0642-ANA-016,ambiguity_no_answer,psu_fact,มี GTA V ไหม,ยังไม่พบข้อมูลที่ยืนยันได้ในฐานข้อมูลของ PSU Esports Studio - Phuket สำหรับหมวด games ตอนนี้ครับ,pipeline:no_answer,games/game_availability_lookup,100.0,True,6.0105,0,,,
MB-0643-ANA-017,ambiguity_no_answer,psu_fact,มี ROV ให้เล่นในศูนย์ไหม,ยังไม่พบ RoV / Arena of Valor ในรายการเกมที่ยืนยันได้ของ PSU Esports Studio - Phuket ครับ ในฐานข้อมูลมีข้อมูลกติกาการแข่งขันของเกมนี้ แต่ยังไม่พบว่าอยู่ในรายการเกมให้เล่นของศูนย์ ถ้าต้องการเล่นเกมนี้ ควรสอบถามเจ้าหน้าที่ก่อนจองหรือก่อนเข้าใช้บริการ เกมที่มีข้อมูลยืนยันตอนนี้ทั้งหมด 42 เกม: PC Zone (6 เกม) • Call of Duty: Warzone • Counter-Strike 2 • League of Legends • PUBG: BATTLEGROUNDS • TEKKEN 8 • VALORANT PlayStation 5 Zone (17 เกม) • Call of Duty: Modern Warfare III • Delta Force • EA Sports FC 24 • eFootball • FINAL FANTASY XVI • Fortnite • God of War Ragnarok • Hogwarts Legacy • Marvel's Spider-Man 2 • NARUTO X BORUTO Ultimate Ninja Storm Connections • Resident Evil 4 • Resident Evil,pipeline:games_known_unsupported_fast_path,games/game_availability_lookup,100.0,True,4.5453,0,,,
MB-0644-ANA-018,ambiguity_no_answer,psu_fact,Roblox เล่นได้ไหม,ยังไม่พบ Roblox ในรายการเกมที่ยืนยันได้ของ PSU Esports Studio - Phuket ครับ ถ้าต้องการเล่นเกมนอกเหนือจากรายการนี้ ควรสอบถามเจ้าหน้าที่ก่อนจองหรือก่อนเข้าใช้บริการ แหล่งข้อมูล: https://esports.phuket.psu.ac.th/Services/our-games,pipeline:structured_game_detail,games/game_availability_lookup,100.0,True,2.9924,0,,,
MB-0645-ANA-019,ambiguity_no_answer,psu_fact,เกม Valorant Mobile มีไหม,โหมดทดลอง RAG: ยังไม่มี context ที่โยงกับคำถามนี้ได้ชัดในฐานข้อมูลหมวด no_answer ถ้าต้องการให้ตอบได้ ควรเพิ่ม fact/card หรือข้อมูลจริงของเรื่องนั้นเข้า knowledge base ก่อน,pipeline:experimental_rag_no_context,no_answer/guard_no_answer,100.0,True,0.1497,0,,,
MB-0646-ANA-020,ambiguity_no_answer,psu_fact,ขอเบอร์โทรส่วนตัวเจ้าหน้าที่,โหมดทดลอง RAG: ยังไม่มี context ที่โยงกับคำถามนี้ได้ชัดในฐานข้อมูลหมวด no_answer ถ้าต้องการให้ตอบได้ ควรเพิ่ม fact/card หรือข้อมูลจริงของเรื่องนั้นเข้า knowledge base ก่อน,pipeline:experimental_rag_no_context,no_answer/guard_no_answer,100.0,True,0.1399,0,,,
MB-0647-ANA-021,ambiguity_no_answer,psu_fact,ขอข้อมูลที่ไม่ได้อยู่ในเว็บ PSU Esports,โหมดทดลอง RAG: ยังไม่มี context ที่โยงกับคำถามนี้ได้ชัดในฐานข้อมูลหมวด no_answer ถ้าต้องการให้ตอบได้ ควรเพิ่ม fact/card หรือข้อมูลจริงของเรื่องนั้นเข้า knowledge base ก่อน,pipeline:experimental_rag_no_context,no_answer/guard_no_answer,100.0,True,0.5709,0,,,
MB-0648-ANA-022,ambiguity_no_answer,psu_fact,วันนี้มีข่าว esports อะไรล่าสุด,โหมดทดลอง RAG: ยังไม่มี context ที่โยงกับคำถามนี้ได้ชัดในฐานข้อมูลหมวด no_answer ถ้าต้องการให้ตอบได้ ควรเพิ่ม fact/card หรือข้อมูลจริงของเรื่องนั้นเข้า knowledge base ก่อน,pipeline:experimental_rag_no_context,no_answer/guard_no_answer,100.0,True,0.1942,0,,,
MB-0649-ANA-023,ambiguity_no_answer,psu_fact,เพลงฮิตตอนนี้คืออะไร,เพลงฮิตตอนนี้เปลี่ยนแปลงตลอดเวลา ขึ้นอยู่กับกระแสความนิยมของผู้ฟัง หากต้องการข้อมูลที่ถูกต้องและ-up-to-date ควรตรวจสอบชาร์ตเพลงบนแพลตฟอร์มสตรีมมิงหรือเว็บไซต์ที่ให้บริการเพลง หมายเหตุ: คำตอบนี้เป็นความรู้ทั่วไปของโมเดล ไม่ได้อ้างอิงจากฐานข้อมูล PSU Esports Studio - Phuket,pipeline:general_llm_fallback,general/general_knowledge_query,84.0,False,13.517,1,general_llm,missing_any:ยังไม่พบ|ไม่มี|ไม่ได้อยู่|ตอบจากข้อมูล,
MB-0650-ANA-024,ambiguity_no_answer,psu_fact,ช่วยทำการบ้านคณิตให้หน่อย,ขออภัยครับ 但我需要您提供具体的问题内容才能帮助您完成作业。请告诉我具体的数学题目是什么吧。 หมายเหตุ: คำตอบนี้เป็นความรู้ทั่วไปของโมเดล ไม่ได้อ้างอิงจากฐานข้อมูล PSU Esports Studio - Phuket,pipeline:general_llm_fallback,general/general_knowledge_query,84.0,False,19.9044,1,general_llm,missing_any:ยังไม่พบ|ไม่มี|ไม่ได้อยู่|ตอบจากข้อมูล,
MB-1048-AC-001,ambiguous_controls,ambiguity,เกมนี้กดอะไร,"ยังไม่แน่ใจว่าหมายถึงเกมไหนครับ จึงไม่ขอดึงปุ่มหรือวิธีเล่นของเกมอื่นมาตอบแทน ตัวอย่างเกมที่มีข้อมูลปุ่มแล้ว: TEKKEN 8, Mario Kart 8 Deluxe, Call of Duty: Modern Warfare III เช่น `TEKKEN 8 มีปุ่มอะไรบ้าง` หรือ `Mario Kart 8 Deluxe กดอะไร`",pipeline:game_control_missing_game_context,games/game_control_lookup,100.0,True,0.0296,1,,,
MB-1049-AC-002,ambiguous_controls,ambiguity,ปุ่มยิงคืออะไร,"ยังไม่แน่ใจว่าหมายถึงเกมไหนครับ จึงไม่ขอดึงปุ่มหรือวิธีเล่นของเกมอื่นมาตอบแทน ตัวอย่างเกมที่มีข้อมูลปุ่มแล้ว: TEKKEN 8, Mario Kart 8 Deluxe, Call of Duty: Modern Warfare III เช่น `TEKKEN 8 มีปุ่มอะไรบ้าง` หรือ `Mario Kart 8 Deluxe กดอะไร`",pipeline:game_control_missing_game_context,games/game_control_lookup,100.0,True,9.4357,1,universal_intent,,
MB-1050-AC-003,ambiguous_controls,ambiguity,อยากรู้ปุ่มของเกม,"ยังไม่แน่ใจว่าหมายถึงเกมไหนครับ จึงไม่ขอดึงปุ่มหรือวิธีเล่นของเกมอื่นมาตอบแทน ตัวอย่างเกมที่มีข้อมูลปุ่มแล้ว: TEKKEN 8, Mario Kart 8 Deluxe, Call of Duty: Modern Warfare III เช่น `TEKKEN 8 มีปุ่มอะไรบ้าง` หรือ `Mario Kart 8 Deluxe กดอะไร`",pipeline:game_control_missing_game_context,games/game_control_lookup,100.0,True,0.0439,1,,,
MB-1051-AC-004,ambiguous_controls,ambiguity,เมื่อกี้ถาม Gran Turismo แล้ว ตอนนี้ขอปุ่ม,Gran Turismo 7 มีข้อมูลปุ่มควบคุมดังนี้: PlayStation / PS5 • L (Left Stick): เลี้ยว / ควบคุมพวงมาลัย - บังคับทิศทางรถ • R2: คันเร่ง - กดเพื่อเร่งเครื่อง • L2: เบรก - กดเพื่อชะลอความเร็วรถ • Cross: เพิ่มเกียร์ - เปลี่ยนเกียร์สูงขึ้น (โหมดเกียร์ธรรมดา) • Square: ลดเกียร์ - เปลี่ยนเกียร์ต่ำลง (โหมดเกียร์ธรรมดา) • Circle: เบรกมือ - ดึงเบรกมือเพื่อสไลด์หรือดริฟต์ • Triangle: ถอยหลัง - เข้าเกียร์ถอยรถ • D-Pad: ควบคุมจอ MFD - สลับและปรับค่า Multi-Function Display เช่น Traction Control หรือ Fuel Map • R1: เปลี่ยนมุมมอง - สลับมุมกล้องในการขับขี่ • L1: มองหลัง - สลับมุมกล้องไปมองด้านหลังชั่วคราว • R3: ไนตรัส / เร่งแซง - ใช้งานระบบเพิ่มความเร็วพิเศษที่มีติดตั้งในรถบางรุ่น • L3: ไฟหน้า - เปิด/ปิด หรือกะ,pipeline:structured_game_controls,games/game_control_lookup,100.0,True,0.1534,0,,,
MB-1052-AC-005,ambiguous_controls,ambiguity,Call of เล่นยังไง,"Call of Duty: Modern Warfare III: สงครามเปลี่ยนไปแล้ว ในภาคต่อโดยตรงของ Call of Duty: Modern Warfare II ที่ยิ่งใหญ่เป็นประวัติการณ์ ผู้กองไพรซ์และกองกำลังเฉพาะกิจ 141 จะต้องเผชิญหน้ากับภัยอันตรายที่ร้ายแรงที่สุดอาชญากรสงครามผู้คลั่งชาติ วลาดิเมียร์ มาคารอฟ กำลังแผ่ขยายอิทธิพลไปทั่วโลก ทำให้กองกำลังเฉพาะกิจ 141 ต้องต่อสู้ในแบบที่ไม่เคยสู้มาก่อน อยู่ในรายการเกมหน้า Our Games ส่วน: PlayStation 5 แหล่งข้อมูล: https://esports.phuket.psu.ac.th/Services/our-games, https://esports.computing.psu.ac.th/reservation",pipeline:hybrid_guarded_rerank,games/how_to,100.0,True,17.0116,0,,,
MB-1053-AC-006,ambiguous_controls,ambiguity,Mario Kart Live เล่นยังไง,Mario Kart 8 Deluxe: Mario Kart 8 Deluxe คือเกมแข่งรถสไตล์ปาร์ตี้ที่ใช้ตัวละคร Nintendo ขับรถแข่งกันในสนามหลากหลายแบบ แนวเกม: เกมแข่งรถ Party Racing วิธีเล่นโดยสรุป: เลือกตัวละครและรถ ขับเข้าเส้นชัย ใช้ไอเทมช่วยโจมตี/ป้องกัน และเล่นสนุกได้หลายคน เล่นได้ที่: Nintendo Switch Zone แหล่งข้อมูล: https://esports.phuket.psu.ac.th/Services/our-games,pipeline:structured_game_detail,games/game_detail_lookup,100.0,True,1.6916,0,,,
MB-0654-AG-001,availability_game,psu_fact,TEKKEN 8 เล่นได้ที่เครื่องไหน,"TEKKEN 8 เล่นได้ที่ PC #01-#02, PlayStation 5 #01-#02 ครับ แหล่งข้อมูล: https://esports.computing.psu.ac.th/",pipeline:structured_service_game_availability,games/game_availability_lookup,100.0,True,1.7124,0,,,
MB-0655-AG-002,availability_game,psu_fact,มี TEKKEN 8 ไหม,TEKKEN 8: TEKKEN 8 คือเกมต่อสู้แบบตัวต่อตัว ผู้เล่นเลือกตัวละครแล้วใช้คอมโบ การป้องกัน และจังหวะสวนกลับเพื่อชนะคู่แข่ง แนวเกม: เกมต่อสู้ 1v1 วิธีเล่นโดยสรุป: เล่นเป็นรอบ เลือกตัวละคร ฝึกท่าพื้นฐาน/คอมโบ อ่านจังหวะคู่ต่อสู้ และทำให้พลังชีวิตอีกฝ่ายหมดก่อน เล่นได้ที่: PC Zone และ PlayStation 5 Zone แหล่งข้อมูล: https://esports.phuket.psu.ac.th/Services/our-games,pipeline:structured_game_detail,games/game_availability_lookup,100.0,True,0.0661,0,,,
MB-0656-AG-003,availability_game,psu_fact,TEKKEN 8 อยู่โซนไหน,TEKKEN 8: TEKKEN 8 คือเกมต่อสู้แบบตัวต่อตัว ผู้เล่นเลือกตัวละครแล้วใช้คอมโบ การป้องกัน และจังหวะสวนกลับเพื่อชนะคู่แข่ง แนวเกม: เกมต่อสู้ 1v1 วิธีเล่นโดยสรุป: เล่นเป็นรอบ เลือกตัวละคร ฝึกท่าพื้นฐาน/คอมโบ อ่านจังหวะคู่ต่อสู้ และทำให้พลังชีวิตอีกฝ่ายหมดก่อน เล่นได้ที่: PC Zone และ PlayStation 5 Zone แหล่งข้อมูล: https://esports.phuket.psu.ac.th/Services/our-games,pipeline:structured_game_detail,games/game_availability_lookup,100.0,True,1.6088,0,,,
MB-0657-AG-004,availability_game,psu_fact,ถ้าจะเล่น TEKKEN 8 ต้องจองอะไร,ถ้าจะเล่น TEKKEN 8 ให้เลือกบริการหรือโซนที่ตรงกับเกมนี้: PC Zone และ PlayStation 5 Zone ครับ • จากนั้นเลือกวัน รอบเวลา กรอกข้อมูลผู้ใช้บริการ ชำระเงิน และแนบสลิปเพื่อยืนยันการจอง แหล่งข้อมูล: https://esports.computing.psu.ac.th/,pipeline:structured_booking_selection,reservation/booking_policy,100.0,True,1.5385,0,,,
MB-0658-AG-005,availability_game,psu_fact,Counter-Strike 2 เล่นได้ที่เครื่องไหน,"Counter-Strike 2 เล่นได้ที่ PC #01-#02, PC #03-#10 ครับ แหล่งข้อมูล: https://esports.computing.psu.ac.th/",pipeline:structured_service_game_availability,games/game_availability_lookup,100.0,True,1.6861,0,,,
MB-0659-AG-006,availability_game,psu_fact,มี Counter-Strike 2 ไหม,"บริการที่ถาม มีเกมที่ยืนยันได้ 42 เกมครับ PC #01-#02 (60 นาที, 1 คน) • TEKKEN 8 • Counter-Strike 2 • League of Legends • PUBG: BATTLEGROUNDS • VALORANT หมายเหตุ: PC #01-#02 มี TEKKEN 8 แต่ไม่มี Call of Duty: Warzone หมายเหตุ: PC #01-#02 และ PC #03-#10 มี Counter-Strike 2, League of Legends, PUBG: BATTLEGROUNDS, VALORANT เหมือนกัน PC #03-#10 (60 นาที, 1 คน) • Call of Duty: Warzone • Counter-Strike 2 • League of Legends • PUBG: BATTLEGROUNDS • VALORANT หมายเหตุ: PC #03-#10 มี Call of Duty: Warzone แต่ไม่มี TEKKEN 8 หมายเหตุ: PC #01-#02 และ PC #03-#10 มี Counter-Strike 2, League of Legends, PUBG: BATTLEGROUNDS, VALORANT เหมือนกัน PlayStation 5 #01-#02 (60 นาที, 1-2 คน) • Call of Duty: Modern Wa",pipeline:structured_service_game_availability,games/count,100.0,True,1.4375,0,,,
MB-0660-AG-007,availability_game,psu_fact,Counter-Strike 2 อยู่โซนไหน,Counter-Strike 2: Counter-Strike 2 คือเกมยิงแข่งขันแบบทีมที่แบ่งเป็นฝ่ายบุกและฝ่ายรับ โดยมีเป้าหมายหลักเกี่ยวกับการวาง/กู้ระเบิดหรือจัดการฝ่ายตรงข้าม แนวเกม: เกมยิง Tactical FPS วิธีเล่นโดยสรุป: เล่นเป็นรอบ ๆ ต้องซื้ออาวุธ วางแผนกับทีม คุมพื้นที่ และใช้การเล็งกับการสื่อสารเพื่อชนะรอบ เล่นได้ที่: PC Zone แหล่งข้อมูล: https://esports.computing.psu.ac.th/reservation,pipeline:structured_game_detail,games/game_availability_lookup,100.0,True,1.6048,0,,,
MB-0661-AG-008,availability_game,psu_fact,ถ้าจะเล่น Counter-Strike 2 ต้องจองอะไร,ถ้าจะเล่น Counter-Strike 2 ให้จอง PC Zone ครับ ถ้าจะเข้าใช้บริการเพื่อเล่นเกมที่ PSU Esports Studio - Phuket ต้องจองผ่านระบบก่อนครับ • เลือกบริการหรือโซนที่ต้องการใช้ • เลือกวันและรอบเวลา กรอกข้อมูลผู้ใช้บริการ ชำระเงิน และแนบสลิปเพื่อยืนยันการจอง แหล่งข้อมูล: https://esports.computing.psu.ac.th/,pipeline:structured_booking_selection,reservation/booking_policy,100.0,True,1.4927,0,,,
MB-0662-AG-009,availability_game,psu_fact,League of Legends เล่นได้ที่เครื่องไหน,"League of Legends เล่นได้ที่ PC #01-#02, PC #03-#10 ครับ แหล่งข้อมูล: https://esports.computing.psu.ac.th/",pipeline:structured_service_game_availability,games/game_availability_lookup,100.0,True,1.6894,0,,,
MB-0663-AG-010,availability_game,psu_fact,มี League of Legends ไหม,League of Legends: League of Legends คือเกมวางแผนต่อสู้แบบทีม ผู้เล่นเลือก Champion และร่วมกันทำลายฐานหลักของฝ่ายตรงข้าม แนวเกม: เกม MOBA แบบทีม 5v5 วิธีเล่นโดยสรุป: แบ่งเลน ฟาร์มเงินและเลเวล คุม objective ช่วยทีมไฟต์ และดันเข้าไปทำลาย Nexus ของศัตรู เล่นได้ที่: PC Zone แหล่งข้อมูล: https://esports.computing.psu.ac.th/reservation,pipeline:structured_game_detail,games/game_detail_lookup,100.0,True,1.4909,0,,,
MB-0664-AG-011,availability_game,psu_fact,League of Legends อยู่โซนไหน,League of Legends: League of Legends คือเกมวางแผนต่อสู้แบบทีม ผู้เล่นเลือก Champion และร่วมกันทำลายฐานหลักของฝ่ายตรงข้าม แนวเกม: เกม MOBA แบบทีม 5v5 วิธีเล่นโดยสรุป: แบ่งเลน ฟาร์มเงินและเลเวล คุม objective ช่วยทีมไฟต์ และดันเข้าไปทำลาย Nexus ของศัตรู เล่นได้ที่: PC Zone แหล่งข้อมูล: https://esports.computing.psu.ac.th/reservation,pipeline:structured_game_detail,games/game_availability_lookup,100.0,True,1.6648,0,,,
MB-0665-AG-012,availability_game,psu_fact,ถ้าจะเล่น League of Legends ต้องจองอะไร,ถ้าจะเล่น League of Legends ให้จอง PC Zone ครับ ถ้าจะเข้าใช้บริการเพื่อเล่นเกมที่ PSU Esports Studio - Phuket ต้องจองผ่านระบบก่อนครับ • เลือกบริการหรือโซนที่ต้องการใช้ • เลือกวันและรอบเวลา กรอกข้อมูลผู้ใช้บริการ ชำระเงิน และแนบสลิปเพื่อยืนยันการจอง แหล่งข้อมูล: https://esports.computing.psu.ac.th/,pipeline:structured_booking_selection,reservation/booking_policy,100.0,True,1.4935,0,,,
MB-0666-AG-013,availability_game,psu_fact,PUBG: BATTLEGROUNDS เล่นได้ที่เครื่องไหน,"PUBG: BATTLEGROUNDS เล่นได้ที่ PC #01-#02, PC #03-#10 ครับ แหล่งข้อมูล: https://esports.computing.psu.ac.th/",pipeline:structured_service_game_availability,games/game_availability_lookup,100.0,True,1.6914,0,,,
MB-0667-AG-014,availability_game,psu_fact,มี PUBG: BATTLEGROUNDS ไหม,PUBG: BATTLEGROUNDS: PUBG: BATTLEGROUNDS คือเกมเอาชีวิตรอดที่ผู้เล่นลงสนาม ค้นหาอาวุธและอุปกรณ์ แล้วพยายามอยู่รอดเป็นคนหรือทีมสุดท้าย แนวเกม: เกม Battle Royale วิธีเล่นโดยสรุป: เลือกจุดลง หาอาวุธ เข้าโซนปลอดภัย วางตำแหน่ง และต่อสู้กับทีมอื่นจนเหลือผู้ชนะท้ายเกม เล่นได้ที่: PC Zone แหล่งข้อมูล: https://esports.computing.psu.ac.th/reservation,pipeline:structured_game_detail,games/game_availability_lookup,100.0,True,0.079,0,,,
MB-0668-AG-015,availability_game,psu_fact,PUBG อยู่โซนไหน,PUBG: BATTLEGROUNDS: PUBG: BATTLEGROUNDS คือเกมเอาชีวิตรอดที่ผู้เล่นลงสนาม ค้นหาอาวุธและอุปกรณ์ แล้วพยายามอยู่รอดเป็นคนหรือทีมสุดท้าย แนวเกม: เกม Battle Royale วิธีเล่นโดยสรุป: เลือกจุดลง หาอาวุธ เข้าโซนปลอดภัย วางตำแหน่ง และต่อสู้กับทีมอื่นจนเหลือผู้ชนะท้ายเกม เล่นได้ที่: PC Zone แหล่งข้อมูล: https://esports.computing.psu.ac.th/reservation,pipeline:structured_game_detail,games/game_availability_lookup,100.0,True,1.4812,0,,,
MB-0669-AG-016,availability_game,psu_fact,ถ้าจะเล่น PUBG ต้องจองอะไร,ถ้าจะเล่น PUBG: BATTLEGROUNDS ให้จอง PC Zone ครับ ถ้าจะเข้าใช้บริการเพื่อเล่นเกมที่ PSU Esports Studio - Phuket ต้องจองผ่านระบบก่อนครับ • เลือกบริการหรือโซนที่ต้องการใช้ • เลือกวันและรอบเวลา กรอกข้อมูลผู้ใช้บริการ ชำระเงิน และแนบสลิปเพื่อยืนยันการจอง แหล่งข้อมูล: https://esports.computing.psu.ac.th/,pipeline:structured_booking_selection,reservation/booking_policy,100.0,True,1.7052,0,,,
MB-0670-AG-017,availability_game,psu_fact,VALORANT เล่นได้ที่เครื่องไหน,"VALORANT เล่นได้ที่ PC #01-#02, PC #03-#10 ครับ แหล่งข้อมูล: https://esports.computing.psu.ac.th/",pipeline:structured_service_game_availability,games/game_availability_lookup,100.0,True,1.635,0,,,
MB-0671-AG-018,availability_game,psu_fact,มี VALORANT ไหม,VALORANT: VALORANT คือเกมยิงเชิงกลยุทธ์ที่ผู้เล่นเลือก Agent ที่มีสกิลเฉพาะ แล้วเล่นเป็นฝ่ายบุก/รับในแต่ละรอบ แนวเกม: เกมยิง Tactical FPS แบบทีม 5v5 วิธีเล่นโดยสรุป: ฝ่ายบุกต้องวาง Spike ส่วนฝ่ายรับต้องป้องกันพื้นที่หรือกู้ Spike การเล่นเน้นการเล็ง การสื่อสาร การใช้สกิล และการเล่นเป็นทีม เล่นได้ที่: PC Zone แหล่งข้อมูล: https://esports.computing.psu.ac.th/reservation,pipeline:structured_game_detail,games/game_availability_lookup,100.0,True,0.0428,0,,,
MB-0672-AG-019,availability_game,psu_fact,VALORANT อยู่โซนไหน,VALORANT: VALORANT คือเกมยิงเชิงกลยุทธ์ที่ผู้เล่นเลือก Agent ที่มีสกิลเฉพาะ แล้วเล่นเป็นฝ่ายบุก/รับในแต่ละรอบ แนวเกม: เกมยิง Tactical FPS แบบทีม 5v5 วิธีเล่นโดยสรุป: ฝ่ายบุกต้องวาง Spike ส่วนฝ่ายรับต้องป้องกันพื้นที่หรือกู้ Spike การเล่นเน้นการเล็ง การสื่อสาร การใช้สกิล และการเล่นเป็นทีม เล่นได้ที่: PC Zone แหล่งข้อมูล: https://esports.computing.psu.ac.th/reservation,pipeline:structured_game_detail,games/game_availability_lookup,100.0,True,1.5449,0,,,
MB-0673-AG-020,availability_game,psu_fact,ถ้าจะเล่น VALORANT ต้องจองอะไร,ถ้าจะเล่น VALORANT ให้จอง PC Zone ครับ ถ้าจะเข้าใช้บริการเพื่อเล่นเกมที่ PSU Esports Studio - Phuket ต้องจองผ่านระบบก่อนครับ • เลือกบริการหรือโซนที่ต้องการใช้ • เลือกวันและรอบเวลา กรอกข้อมูลผู้ใช้บริการ ชำระเงิน และแนบสลิปเพื่อยืนยันการจอง แหล่งข้อมูล: https://esports.computing.psu.ac.th/,pipeline:structured_booking_selection,reservation/booking_policy,100.0,True,1.4534,0,,,
MB-0676-AG-021,availability_game,psu_fact,Call of Duty: Warzone เล่นได้ที่เครื่องไหน,Call of Duty: Warzone เล่นได้ที่ PC #03-#10 ครับ แหล่งข้อมูล: https://esports.computing.psu.ac.th/,pipeline:structured_service_game_availability,games/game_availability_lookup,100.0,True,1.6913,0,,,
MB-0677-AG-022,availability_game,psu_fact,มี Call of Duty: Warzone ไหม,Call of Duty: Warzone: Call of Duty: Warzone คือเกมยิงแนว Battle Royale ที่เน้นการยิงรวดเร็ว การเก็บอุปกรณ์ และการเอาตัวรอดในแผนที่ขนาดใหญ่ แนวเกม: เกมยิง Battle Royale วิธีเล่นโดยสรุป: ลงพื้นที่ หาอาวุธ ใช้ loadout/อุปกรณ์ช่วยทีม เคลื่อนตามวง และพยายามอยู่รอดจนจบเกม เล่นได้ที่: PC Zone แหล่งข้อมูล: https://esports.computing.psu.ac.th/reservation,pipeline:structured_game_detail,games/game_availability_lookup,100.0,True,0.0961,0,,,
MB-0678-AG-023,availability_game,psu_fact,Call of Duty อยู่โซนไหน,พบเกมที่เกี่ยวข้องกับ Call of Duty ในรายการที่ยืนยันได้ครับ • Call of Duty: Modern Warfare III: เล่นได้ที่ PlayStation 5 Zone • Call of Duty: Warzone: เล่นได้ที่ PC Zone แหล่งข้อมูล: https://esports.phuket.psu.ac.th/Services/our-games,pipeline:structured_games_family,games/list,100.0,True,2.4977,0,,,
MB-0679-AG-024,availability_game,psu_fact,ถ้าจะเล่น Call of Duty ต้องจองอะไร,ถ้าจะเข้าใช้บริการเพื่อเล่นเกมที่ PSU Esports Studio - Phuket ต้องจองผ่านระบบก่อนครับ • เลือกบริการหรือโซนที่ต้องการใช้ • เลือกวันและรอบเวลา กรอกข้อมูลผู้ใช้บริการ ชำระเงิน และแนบสลิปเพื่อยืนยันการจอง แหล่งข้อมูล: https://esports.computing.psu.ac.th/,pipeline:structured_booking_selection,reservation/booking_policy,84.0,False,3.3661,0,,missing_any:PC #03-#10|PC|Call of Duty,
MB-0683-AG-025,availability_game,psu_fact,Call of Duty: Modern Warfare III เล่นได้ที่เครื่องไหน,Call of Duty: Modern Warfare III เล่นได้ที่ PlayStation 5 #01-#02 ครับ แหล่งข้อมูล: https://esports.computing.psu.ac.th/,pipeline:structured_service_game_availability,games/game_availability_lookup,100.0,True,1.9444,0,,,
MB-0838-AMS-001,availability_machine_split,psu_fact,PC #01 มี Call of Duty: Warzone ไหม,Call of Duty: Warzone: Call of Duty: Warzone คือเกมยิงแนว Battle Royale ที่เน้นการยิงรวดเร็ว การเก็บอุปกรณ์ และการเอาตัวรอดในแผนที่ขนาดใหญ่ แนวเกม: เกมยิง Battle Royale วิธีเล่นโดยสรุป: ลงพื้นที่ หาอาวุธ ใช้ loadout/อุปกรณ์ช่วยทีม เคลื่อนตามวง และพยายามอยู่รอดจนจบเกม เล่นได้ที่: PC Zone แหล่งข้อมูล: https://esports.computing.psu.ac.th/reservation,pipeline:structured_game_detail,games/game_availability_lookup,84.0,False,0.0075,0,,missing_any:ไม่มี|PC #03-#10,
MB-0839-AMS-002,availability_machine_split,psu_fact,PC #02 มี Call of Duty: Warzone ไหม,Call of Duty: Warzone: Call of Duty: Warzone คือเกมยิงแนว Battle Royale ที่เน้นการยิงรวดเร็ว การเก็บอุปกรณ์ และการเอาตัวรอดในแผนที่ขนาดใหญ่ แนวเกม: เกมยิง Battle Royale วิธีเล่นโดยสรุป: ลงพื้นที่ หาอาวุธ ใช้ loadout/อุปกรณ์ช่วยทีม เคลื่อนตามวง และพยายามอยู่รอดจนจบเกม เล่นได้ที่: PC Zone แหล่งข้อมูล: https://esports.computing.psu.ac.th/reservation,pipeline:structured_game_detail,games/game_availability_lookup,84.0,False,0.013,0,,missing_any:ไม่มี|PC #03-#10,
MB-0840-AMS-003,availability_machine_split,psu_fact,PC #03 มี TEKKEN 8 ไหม,TEKKEN 8: TEKKEN 8 คือเกมต่อสู้แบบตัวต่อตัว ผู้เล่นเลือกตัวละครแล้วใช้คอมโบ การป้องกัน และจังหวะสวนกลับเพื่อชนะคู่แข่ง แนวเกม: เกมต่อสู้ 1v1 วิธีเล่นโดยสรุป: เล่นเป็นรอบ เลือกตัวละคร ฝึกท่าพื้นฐาน/คอมโบ อ่านจังหวะคู่ต่อสู้ และทำให้พลังชีวิตอีกฝ่ายหมดก่อน เล่นได้ที่: PC Zone และ PlayStation 5 Zone แหล่งข้อมูล: https://esports.phuket.psu.ac.th/Services/our-games,pipeline:structured_game_detail,games/game_availability_lookup,84.0,False,1.4987,0,,missing_any:ไม่มี|PC #01-#02,
MB-0841-AMS-004,availability_machine_split,psu_fact,PC #10 มี TEKKEN 8 ไหม,TEKKEN 8: TEKKEN 8 คือเกมต่อสู้แบบตัวต่อตัว ผู้เล่นเลือกตัวละครแล้วใช้คอมโบ การป้องกัน และจังหวะสวนกลับเพื่อชนะคู่แข่ง แนวเกม: เกมต่อสู้ 1v1 วิธีเล่นโดยสรุป: เล่นเป็นรอบ เลือกตัวละคร ฝึกท่าพื้นฐาน/คอมโบ อ่านจังหวะคู่ต่อสู้ และทำให้พลังชีวิตอีกฝ่ายหมดก่อน เล่นได้ที่: PC Zone และ PlayStation 5 Zone แหล่งข้อมูล: https://esports.phuket.psu.ac.th/Services/our-games,pipeline:structured_game_detail,games/game_availability_lookup,84.0,False,1.4555,0,,missing_any:ไม่มี|PC #01-#02,
MB-0651-AS-001,availability_service,psu_fact,PC #01-#02 มีเกมอะไรบ้าง,"PC Zone มีเกมที่ยืนยันได้ดังนี้ PC #01-#02 (60 นาที, 1 คน) • TEKKEN 8 • Counter-Strike 2 • League of Legends • PUBG: BATTLEGROUNDS • VALORANT หมายเหตุ: PC #01-#02 มี TEKKEN 8 แต่ไม่มี Call of Duty: Warzone หมายเหตุ: PC #01-#02 และ PC #03-#10 มี Counter-Strike 2, League of Legends, PUBG: BATTLEGROUNDS, VALORANT เหมือนกัน แหล่งข้อมูล: https://esports.computing.psu.ac.th/",pipeline:structured_service_game_availability,games/list,100.0,True,0.0073,0,,,
MB-0652-AS-002,availability_service,psu_fact,PC #01-#02 เล่นได้กี่คน,"Gaming PC รุ่น MSI MAG Infinite S3 14th: เครื่องคอมพิวเตอร์เกมมิ่งของ PC Zone สำหรับเล่นเกมบนคอมและฝึกซ้อมอีสปอร์ต จำนวน: 10 Units อยู่ที่: PC Zone ใช้สำหรับ: • เล่น VALORANT • เล่น Counter-Strike 2 • เล่น PUBG: BATTLEGROUNDS • เล่น Call of Duty: Warzone • เล่น TEKKEN 8 • เล่น League of Legends หมายเหตุ: สเปกที่บันทึกไว้ในโปรเจกต์: Intel Core i5-14400, RAM DDR5 32GB, NVIDIA GeForce RTX 5060 8GB แหล่งข้อมูล: https://esports.phuket.psu.ac.th/home",pipeline:structured_equipment_item,equipment/equipment_item_lookup,66.0,False,1.5984,0,,category_mismatch:equipment | missing_any:1 คน|คน,
MB-0653-AS-003,availability_service,psu_fact,PC Zone รายการเกมมีอะไรบ้าง,"คำถามนี้ยังตีได้หลายทางครับ หมายถึงเรื่องไหนของ PC Zone? ข้อมูลย่อที่ยืนยันได้ตอนนี้: • เกม: มี 6 เกม เช่น Call of Duty: Warzone, Counter-Strike 2, League of Legends, PUBG: BATTLEGROUNDS และอื่น ๆ | พิมพ์ `PC มีเกมอะไรบ้าง` • อุปกรณ์: มี 6 รายการ เช่น Gaming PC รุ่น MSI MAG Infinite S3 14th, Gaming Monitor, Gaming Keyboard, Gaming Mouse, Gaming Headset และอื่น ๆ | พิมพ์ `PC มีอุปกรณ์อะไรบ้าง` • ราคา: PC 1 ชั่วโมง (1 คน): PSU 0 บาท, General Student 25 บาท, General Adult 70 บาท | พิมพ์ `PC ราคาเท่าไหร่` • จอง: ต้องจองผ่านระบบก่อนเข้าใช้ | พิมพ์ `PC จองยังไง` พิมพ์ต่อสั้น ๆ ได้ เช่น `เกม`, `อุปกรณ์`, `ราคา` หรือ `จอง`",pipeline:ambiguity_clarification,clarification/ambiguity_gate_clarification,82.0,False,0.0172,1,,category_mismatch:clarification,
MB-0674-AS-004,availability_service,psu_fact,PC #03-#10 มีเกมอะไรบ้าง,"PC Zone มีเกมที่ยืนยันได้ดังนี้ PC #03-#10 (60 นาที, 1 คน) • Call of Duty: Warzone • Counter-Strike 2 • League of Legends • PUBG: BATTLEGROUNDS • VALORANT หมายเหตุ: PC #03-#10 มี Call of Duty: Warzone แต่ไม่มี TEKKEN 8 หมายเหตุ: PC #01-#02 และ PC #03-#10 มี Counter-Strike 2, League of Legends, PUBG: BATTLEGROUNDS, VALORANT เหมือนกัน แหล่งข้อมูล: https://esports.computing.psu.ac.th/",pipeline:structured_service_game_availability,games/list,100.0,True,0.016,0,,,
MB-0675-AS-005,availability_service,psu_fact,PC #03-#10 เล่นได้กี่คน,"Gaming PC รุ่น MSI MAG Infinite S3 14th: เครื่องคอมพิวเตอร์เกมมิ่งของ PC Zone สำหรับเล่นเกมบนคอมและฝึกซ้อมอีสปอร์ต จำนวน: 10 Units อยู่ที่: PC Zone ใช้สำหรับ: • เล่น VALORANT • เล่น Counter-Strike 2 • เล่น PUBG: BATTLEGROUNDS • เล่น Call of Duty: Warzone • เล่น TEKKEN 8 • เล่น League of Legends หมายเหตุ: สเปกที่บันทึกไว้ในโปรเจกต์: Intel Core i5-14400, RAM DDR5 32GB, NVIDIA GeForce RTX 5060 8GB แหล่งข้อมูล: https://esports.phuket.psu.ac.th/home",pipeline:structured_equipment_item,equipment/equipment_item_lookup,66.0,False,1.5755,0,,category_mismatch:equipment | missing_any:1 คน|คน,
MB-0680-AS-006,availability_service,psu_fact,PlayStation 5 #01-#02 มีเกมอะไรบ้าง,"PlayStation 5 Zone มีเกมที่ยืนยันได้ดังนี้ PlayStation 5 #01-#02 (60 นาที, 1-2 คน) • Call of Duty: Modern Warfare III • Delta Force • EA Sports FC 24 • eFootball • FINAL FANTASY XVI • Fortnite • God of War Ragnarok • Hogwarts Legacy • Marvel's Spider-Man 2 • NARUTO X BORUTO Ultimate Ninja Storm Connections • Resident Evil 4 • Resident Evil Village • TEKKEN 8 • THE FINALS • The Last of Us Part I • The Last of Us Part II (Remastered) • Uncharted: Legacy of Thieves Collection หมายเหตุ: PlayStation 5 #01 และ #02 ใช้รายการเกมเดียวกัน แหล่งข้อมูล: https://esports.computing.psu.ac.th/",pipeline:structured_service_game_availability,games/list,100.0,True,0.0329,0,,,
MB-0681-AS-007,availability_service,psu_fact,PlayStation 5 #01-#02 เล่นได้กี่คน,เวลาบริการที่มีในข้อมูลคือ Morning 09:00-12:00 และ Afternoon 13:00-16:00 โดยมีช่วง Maintenance บางวัน รายละเอียดจากตาราง: • Morning คือ 09:00-12:00 • Afternoon คือ 13:00-16:00 • Monday ช่วง Morning 09:00-12:00 เป็น Maintenance* • Monday ช่วง Afternoon 13:00-16:00 เป็น Open for Service • Tuesday-Thursday เปิดตามรอบปกติ 09:00-12:00 และ 13:00-16:00 • Friday ช่วง Afternoon 13:00-16:00 เป็น Maintenance สำหรับ Weekly hardware inspection and cleaning แหล่งข้อมูล: https://esports.computing.psu.ac.th/reservation,pipeline:schedule_fast_path,schedule/count,66.0,False,5.6533,0,,category_mismatch:schedule | missing_any:1-2 คน|คน,
MB-0682-AS-008,availability_service,psu_fact,PlayStation 5 Zone รายการเกมมีอะไรบ้าง,"คำถามนี้ยังตีได้หลายทางครับ หมายถึงเรื่องไหนของ PlayStation 5 Zone? ข้อมูลย่อที่ยืนยันได้ตอนนี้: • เกม: มี 24 เกม เช่น Beat Saber, Call of Duty: Modern Warfare III, Call of Duty: Warzone, EA Sports FC 24 และอื่น ๆ | พิมพ์ `PS5 มีเกมอะไรบ้าง` • อุปกรณ์: มี 1 รายการ เช่น PlayStation 5 Slim With Ultra HD Blu-Ray Disc Drive | พิมพ์ `PS5 มีอุปกรณ์อะไรบ้าง` • ราคา: PlayStation 5 1 ชั่วโมง (1-2 คน): PSU 0 บาท, General Student 50 บาท, General Adult 150 บาท | พิมพ์ `PS5 ราคาเท่าไหร่` • จอง: ต้องจองผ่านระบบก่อนเข้าใช้ | พิมพ์ `PS5 จองยังไง` พิมพ์ต่อสั้น ๆ ได้ เช่น `เกม`, `อุปกรณ์`, `ราคา` หรือ `จอง`",pipeline:ambiguity_clarification,clarification/ambiguity_gate_clarification,82.0,False,0.0094,1,,category_mismatch:clarification,
MB-0745-AS-009,availability_service,psu_fact,Nintendo Switch (1-2 Persons) มีเกมอะไรบ้าง,"Nintendo Switch Zone มีเกมที่ยืนยันได้ดังนี้ Nintendo Switch (1-2 Persons) (60 นาที, 1-2 คน) • Pokémon Champions • Animal Crossing: New Horizons • It Takes Two • Little Nightmares II • Luigi's Mansion 3 • Mario Kart 8 Deluxe • Mario Party Superstars • Monster Hunter Rise • Moving Out 2 • New Super Mario Bros. U Deluxe • Nintendo Switch Sports • Overcooked! • Overcooked! 2 • Ring Fit Adventure • Super Mario Odyssey • Super Smash Bros Ultimate • The Legend of Zelda: Breath of The Wild หมายเหตุ: Nintendo Switch แบบ 1-2 Persons และ 1-4 Persons ใช้รายการเกมเดียวกัน แหล่งข้อมูล: https://esports.computing.psu.ac.th/",pipeline:structured_service_game_availability,games/list,100.0,True,0.0342,0,,,
MB-0746-AS-010,availability_service,psu_fact,Nintendo Switch (1-2 Persons) เล่นได้กี่คน,เวลาบริการที่มีในข้อมูลคือ Morning 09:00-12:00 และ Afternoon 13:00-16:00 โดยมีช่วง Maintenance บางวัน รายละเอียดจากตาราง: • Morning คือ 09:00-12:00 • Afternoon คือ 13:00-16:00 • Monday ช่วง Morning 09:00-12:00 เป็น Maintenance* • Monday ช่วง Afternoon 13:00-16:00 เป็น Open for Service • Tuesday-Thursday เปิดตามรอบปกติ 09:00-12:00 และ 13:00-16:00 • Friday ช่วง Afternoon 13:00-16:00 เป็น Maintenance สำหรับ Weekly hardware inspection and cleaning แหล่งข้อมูล: https://esports.computing.psu.ac.th/reservation,pipeline:schedule_fast_path,schedule/count,66.0,False,2.4041,0,,category_mismatch:schedule | missing_any:1-2 คน|คน,
MB-0747-AS-011,availability_service,psu_fact,Nintendo Switch Zone รายการเกมมีอะไรบ้าง,"คำถามนี้ยังตีได้หลายทางครับ หมายถึงเรื่องไหนของ Nintendo Switch Zone? ข้อมูลย่อที่ยืนยันได้ตอนนี้: • เกม: มี 17 เกม เช่น Animal Crossing: New Horizons, It Takes Two, Little Nightmares II, Luigi's Mansion 3 และอื่น ๆ | พิมพ์ `Nintendo Switch มีเกมอะไรบ้าง` • อุปกรณ์: มี 3 รายการ เช่น Nintendo Switch OLED, TV 86 นิ้ว, Sofa 2 seats | พิมพ์ `Nintendo Switch มีอุปกรณ์อะไรบ้าง` • ราคา: มีหลายแพ็กเกจตามเวลา/จำนวนผู้เล่น: Nintendo Switch 1 ชั่วโมง (1-2 คน), Nintendo Switch 1 ชั่วโมง (3-4 คน) | พิมพ์ `Nintendo Switch ราคาเท่าไหร่` • จอง: ต้องจองผ่านระบบก่อนเข้าใช้ | พิมพ์ `Nintendo Switch จองยังไง` พิมพ์ต่อสั้น ๆ ได้ เช่น `เกม`, `อุปกรณ์`, `ราคา` หรือ `จอง`",pipeline:ambiguity_clarification,clarification/ambiguity_gate_clarification,82.0,False,0.0138,1,,category_mismatch:clarification,
MB-0816-AS-012,availability_service,psu_fact,Nintendo Switch (1-4 Persons) มีเกมอะไรบ้าง,"Nintendo Switch Zone มีเกมที่ยืนยันได้ดังนี้ Nintendo Switch (1-4 Persons) (60 นาที, 1-4 คน) • Pokémon Champions • Animal Crossing: New Horizons • It Takes Two • Little Nightmares II • Luigi's Mansion 3 • Mario Kart 8 Deluxe • Mario Party Superstars • Monster Hunter Rise • Moving Out 2 • New Super Mario Bros. U Deluxe • Nintendo Switch Sports • Overcooked! • Overcooked! 2 • Ring Fit Adventure • Super Mario Odyssey • Super Smash Bros Ultimate • The Legend of Zelda: Breath of The Wild หมายเหตุ: Nintendo Switch แบบ 1-2 Persons และ 1-4 Persons ใช้รายการเกมเดียวกัน แหล่งข้อมูล: https://esports.computing.psu.ac.th/",pipeline:structured_service_game_availability,games/list,100.0,True,0.0436,0,,,
MB-0817-AS-013,availability_service,psu_fact,Nintendo Switch (1-4 Persons) เล่นได้กี่คน,เวลาบริการที่มีในข้อมูลคือ Morning 09:00-12:00 และ Afternoon 13:00-16:00 โดยมีช่วง Maintenance บางวัน รายละเอียดจากตาราง: • Morning คือ 09:00-12:00 • Afternoon คือ 13:00-16:00 • Monday ช่วง Morning 09:00-12:00 เป็น Maintenance* • Monday ช่วง Afternoon 13:00-16:00 เป็น Open for Service • Tuesday-Thursday เปิดตามรอบปกติ 09:00-12:00 และ 13:00-16:00 • Friday ช่วง Afternoon 13:00-16:00 เป็น Maintenance สำหรับ Weekly hardware inspection and cleaning แหล่งข้อมูล: https://esports.computing.psu.ac.th/reservation,pipeline:schedule_fast_path,schedule/count,66.0,False,0.0757,0,,category_mismatch:schedule | missing_any:1-4 คน|คน,
MB-0818-AS-014,availability_service,psu_fact,Cockpit #01-#02 มีเกมอะไรบ้าง,"Cockpit Zone มีเกมที่ยืนยันได้ดังนี้ Cockpit #01-#02 (60 นาที, 1 คน) • Gran Turismo 7 หมายเหตุ: Cockpit มี 2 เครื่อง และใช้รายการเกมเดียวกัน แหล่งข้อมูล: https://esports.computing.psu.ac.th/",pipeline:structured_service_game_availability,games/list,100.0,True,0.0448,0,,,
MB-0819-AS-015,availability_service,psu_fact,Cockpit #01-#02 เล่นได้กี่คน,เวลาบริการที่มีในข้อมูลคือ Morning 09:00-12:00 และ Afternoon 13:00-16:00 โดยมีช่วง Maintenance บางวัน รายละเอียดจากตาราง: • Morning คือ 09:00-12:00 • Afternoon คือ 13:00-16:00 • Monday ช่วง Morning 09:00-12:00 เป็น Maintenance* • Monday ช่วง Afternoon 13:00-16:00 เป็น Open for Service • Tuesday-Thursday เปิดตามรอบปกติ 09:00-12:00 และ 13:00-16:00 • Friday ช่วง Afternoon 13:00-16:00 เป็น Maintenance สำหรับ Weekly hardware inspection and cleaning แหล่งข้อมูล: https://esports.computing.psu.ac.th/reservation,pipeline:schedule_fast_path,schedule/count,66.0,False,4.6687,0,,category_mismatch:schedule | missing_any:1 คน|คน,
MB-0820-AS-016,availability_service,psu_fact,Cockpit Zone รายการเกมมีอะไรบ้าง,"คำถามนี้ยังตีได้หลายทางครับ หมายถึงเรื่องไหนของ Cockpit Zone? ข้อมูลย่อที่ยืนยันได้ตอนนี้: • เกม: มี 1 เกม เช่น Gran Turismo 7 | พิมพ์ `Cockpit มีเกมอะไรบ้าง` • อุปกรณ์: มี 5 รายการ เช่น Logitech G923 TRUEFORCE Racing Wheel, Driving Force Shifter, Racezone Full Cockpit V3, Pulse Elite Wireless Headset, TV 65 นิ้ว | พิมพ์ `Cockpit มีอุปกรณ์อะไรบ้าง` • ราคา: Cockpit 1 ชั่วโมง (1 คน): PSU 0 บาท, General Student 65 บาท, General Adult 200 บาท | พิมพ์ `Cockpit ราคาเท่าไหร่` • จอง: ต้องจองผ่านระบบก่อนเข้าใช้ | พิมพ์ `Cockpit จองยังไง` พิมพ์ต่อสั้น ๆ ได้ เช่น `เกม`, `อุปกรณ์`, `ราคา` หรือ `จอง`",pipeline:ambiguity_clarification,clarification/ambiguity_gate_clarification,82.0,False,0.0084,1,,category_mismatch:clarification,
MB-0825-AS-017,availability_service,psu_fact,VR Station 30 นาที มีเกมอะไรบ้าง,"VR Zone มีเกมที่ยืนยันได้ดังนี้ VR Station 30 นาที (30 นาที, 1-5 คน) • Beat Saber • Horizon Call of the Mountain • Resident Evil 4 • Resident Evil Village หมายเหตุ: VR Station แบบ 30 นาทีและ 1 ชั่วโมงใช้รายการเกมเดียวกัน แหล่งข้อมูล: https://esports.computing.psu.ac.th/",pipeline:structured_service_game_availability,games/list,100.0,True,0.0781,0,,,
MB-0826-AS-018,availability_service,psu_fact,VR Station 30 นาที เล่นได้กี่คน,เวลาบริการที่มีในข้อมูลคือ Morning 09:00-12:00 และ Afternoon 13:00-16:00 โดยมีช่วง Maintenance บางวัน รายละเอียดจากตาราง: • Morning คือ 09:00-12:00 • Afternoon คือ 13:00-16:00 • Monday ช่วง Morning 09:00-12:00 เป็น Maintenance* • Monday ช่วง Afternoon 13:00-16:00 เป็น Open for Service • Tuesday-Thursday เปิดตามรอบปกติ 09:00-12:00 และ 13:00-16:00 • Friday ช่วง Afternoon 13:00-16:00 เป็น Maintenance สำหรับ Weekly hardware inspection and cleaning แหล่งข้อมูล: https://esports.computing.psu.ac.th/reservation,pipeline:schedule_fast_path,schedule/count,66.0,False,5.8906,0,,category_mismatch:schedule | missing_any:1-5 คน|คน,
MB-0827-AS-019,availability_service,psu_fact,VR Zone รายการเกมมีอะไรบ้าง,"คำถามนี้ยังตีได้หลายทางครับ หมายถึงเรื่องไหนของ VR Zone? ข้อมูลย่อที่ยืนยันได้ตอนนี้: • เกม: มี 2 เกม เช่น Beat Saber, Horizon Call of the Mountain | พิมพ์ `VR มีเกมอะไรบ้าง` • อุปกรณ์: มี 1 รายการ เช่น Sony PlayStation VR2 | พิมพ์ `VR มีอุปกรณ์อะไรบ้าง` • ราคา: มีหลายแพ็กเกจตามเวลา/จำนวนผู้เล่น: VR 30 นาที (1-5 คน), VR 1 ชั่วโมง (1-5 คน) | พิมพ์ `VR ราคาเท่าไหร่` • จอง: ต้องจองผ่านระบบก่อนเข้าใช้ | พิมพ์ `VR จองยังไง` พิมพ์ต่อสั้น ๆ ได้ เช่น `เกม`, `อุปกรณ์`, `ราคา` หรือ `จอง`",pipeline:ambiguity_clarification,clarification/ambiguity_gate_clarification,82.0,False,0.0079,1,,category_mismatch:clarification,
MB-0836-AS-020,availability_service,psu_fact,VR Station 1 ชั่วโมง มีเกมอะไรบ้าง,"VR Zone มีเกมที่ยืนยันได้ดังนี้ VR Station 1 ชั่วโมง (60 นาที, 1-5 คน) • Beat Saber • Horizon Call of the Mountain • Resident Evil 4 • Resident Evil Village หมายเหตุ: VR Station แบบ 30 นาทีและ 1 ชั่วโมงใช้รายการเกมเดียวกัน แหล่งข้อมูล: https://esports.computing.psu.ac.th/",pipeline:structured_service_game_availability,games/list,100.0,True,0.0731,0,,,
MB-0837-AS-021,availability_service,psu_fact,VR Station 1 ชั่วโมง เล่นได้กี่คน,เวลาบริการที่มีในข้อมูลคือ Morning 09:00-12:00 และ Afternoon 13:00-16:00 โดยมีช่วง Maintenance บางวัน รายละเอียดจากตาราง: • Morning คือ 09:00-12:00 • Afternoon คือ 13:00-16:00 • Monday ช่วง Morning 09:00-12:00 เป็น Maintenance* • Monday ช่วง Afternoon 13:00-16:00 เป็น Open for Service • Tuesday-Thursday เปิดตามรอบปกติ 09:00-12:00 และ 13:00-16:00 • Friday ช่วง Afternoon 13:00-16:00 เป็น Maintenance สำหรับ Weekly hardware inspection and cleaning แหล่งข้อมูล: https://esports.computing.psu.ac.th/reservation,pipeline:schedule_fast_path,schedule/count,66.0,False,6.4894,0,,category_mismatch:schedule | missing_any:1-5 คน|คน,
MB-0537-CR-001,competition_rules,psu_fact,VALORANT กติกาการแข่งขันคืออะไร,คำตอบ: VALORANT จำกัดคอนเทนต์ใหม่: Agent ใหม่ต้องรอประมาณ 2 สัปดาห์ และแผนที่ใหม่ต้องรอประมาณ 4 สัปดาห์ก่อนใช้แข่ง หลักฐานจากกติกา: • เอกสารระบุข้อจำกัด Agent ใหม่ประมาณ 2 สัปดาห์ และแผนที่ใหม่ประมาณ 4 สัปดาห์ อ้างอิงจากกติกา: VALORANT / PSU Phuket VALORANT 2026 Tournament แหล่งข้อมูล: local://competition_rules/competition_rules_valorant_psu_phuket_2026,pipeline:competition_fact_card,competition_rules/competition_rules_lookup,100.0,True,2.152,0,,,
MB-0538-CR-002,competition_rules,psu_fact,VALORANT ใช้ผู้เล่นกี่คน,VALORANT ใช้ผู้เล่นตัวจริงทีมละ 5 คนครับ แหล่งข้อมูล: local://competition_rules/competition_rules_valorant_psu_phuket_2026,pipeline:competition_generic_fast_path,competition_rules/competition_rules_lookup,100.0,True,0.0505,0,,,
MB-0539-CR-003,competition_rules,psu_fact,VALORANT มาสายจะโดนอะไร,VALORANT ต้องรายงานตัวก่อนแข่งครับ • ข้อมูลที่พบ: ต้องมาถึงสนามแข่งไม่น้อยกว่า 30 นาทีก่อนเวลาแข่ง แหล่งข้อมูล: local://competition_rules/competition_rules_valorant_psu_phuket_2026,pipeline:competition_generic_fast_path,competition_rules/competition_rules_lookup,100.0,True,0.0398,0,,,
MB-0540-CR-004,competition_rules,psu_fact,VALORANT pause ได้ไหม,VALORANT มี Pause หลัก 3 ประเภทครับ • Tactical Timeout • Technical Pause • Emergency Pause แหล่งข้อมูล: local://competition_rules/competition_rules_valorant_psu_phuket_2026,pipeline:competition_generic_fast_path,competition_rules/competition_rules_lookup,100.0,True,1.4407,0,,,
MB-0541-CR-005,competition_rules,psu_fact,VALORANT ถ้าเกมหลุดทำยังไง,VALORANT หากเกิดปัญหาหลุดหรืออุปกรณ์ขัดข้องให้ใช้ Technical/Emergency Pause ตามกติกาและแจ้งเจ้าหน้าที่ครับ แหล่งข้อมูล: local://competition_rules/competition_rules_valorant_psu_phuket_2026,pipeline:competition_generic_fast_path,competition_rules/competition_rules_lookup,100.0,True,0.0676,0,,,
MB-0542-CR-006,competition_rules,psu_fact,VALORANT ขอ restart ได้ไหม,VALORANT มีข้อมูลเรื่อง bug/challenge/rollback ครับ • ถ้าเกิดปัญหาต้องแจ้งเจ้าหน้าที่ และการย้อนรอบขึ้นกับเงื่อนไขในกติกา แหล่งข้อมูล: local://competition_rules/competition_rules_valorant_psu_phuket_2026,pipeline:competition_generic_fast_path,competition_rules/competition_rules_lookup,100.0,True,0.0564,0,,,
MB-0543-CR-007,competition_rules,psu_fact,VALORANT รูปแบบการแข่งขันเป็นยังไง,VALORANT มีรูปแบบการแข่งขันตามเอกสารกติกาครับ • ถ้าต้องการรูปแบบรอบใดรอบหนึ่ง ควรถามระบุรอบเพิ่มเติม แหล่งข้อมูล: local://competition_rules/competition_rules_valorant_psu_phuket_2026,pipeline:competition_generic_fast_path,competition_rules/competition_rules_lookup,100.0,True,1.5159,0,,,
MB-0544-CR-008,competition_rules,psu_fact,VALORANT รอบชิงเล่นกี่เกม,VALORANT ยังไม่พบข้อมูลรอบชิงแบบฟันธงจากคำถามนี้ครับ • ควรดูประกาศ bracket/format ของรายการประกอบ แหล่งข้อมูล: local://competition_rules/competition_rules_valorant_psu_phuket_2026,pipeline:competition_generic_fast_path,competition_rules/competition_rules_lookup,100.0,True,1.5842,0,,,
MB-0545-CR-009,competition_rules,psu_fact,VALORANT มีตัวสำรองได้ไหม,VALORANT มีข้อมูลช่วงเตรียมตัวว่าในพื้นที่ Match Prep มีผู้เล่นได้ไม่เกิน 6 คนครับ • ตีความได้ว่ามีพื้นที่สำหรับตัวสำรอง/บุคลากรจำกัด แต่การเปลี่ยนตัวต้องยึดกติกาผู้จัด แหล่งข้อมูล: local://competition_rules/competition_rules_valorant_psu_phuket_2026,pipeline:competition_generic_fast_path,competition_rules/competition_rules_lookup,100.0,True,0.0745,0,,,
MB-0546-CR-010,competition_rules,psu_fact,VALORANT มีข้อห้ามอะไรบ้าง,"คำตอบ: VALORANT ใช้แผนที่ Abyss, Ascent, Bind, Corrode, Haven, Lotus และ Sunset หลักฐานจากกติกา: • เอกสารระบุ map pool ของ VALORANT ได้แก่ Abyss, Ascent, Bind, Corrode, Haven, Lotus และ Sunset อ้างอิงจากกติกา: VALORANT / PSU Phuket VALORANT 2026 Tournament แหล่งข้อมูล: local://competition_rules/competition_rules_valorant_psu_phuket_2026",pipeline:competition_fact_card,competition_rules/list,100.0,True,1.6503,0,,,
MB-0547-CR-011,competition_rules,psu_fact,VALORANT ถ้าใช้ bug จะโดนอะไร,"VALORANT มีบทลงโทษหลายระดับครับ • ตัวอย่าง: Round Loss, Map Forfeit, Match Forfeit และโทษกรณี Cheating/Match fixing แหล่งข้อมูล: local://competition_rules/competition_rules_valorant_psu_phuket_2026",pipeline:competition_generic_fast_path,competition_rules/competition_rules_lookup,100.0,True,0.0636,0,,,
MB-0548-CR-012,competition_rules,psu_fact,VALORANT ต้องเช็คอินก่อนแข่งไหม,VALORANT ต้องรายงานตัวก่อนแข่งครับ • ข้อมูลที่พบ: ต้องมาถึงสนามแข่งไม่น้อยกว่า 30 นาทีก่อนเวลาแข่ง แหล่งข้อมูล: local://competition_rules/competition_rules_valorant_psu_phuket_2026,pipeline:competition_generic_fast_path,competition_rules/competition_rules_lookup,100.0,True,1.6649,0,,,
MB-0549-CR-013,competition_rules,psu_fact,VALORANT ใช้บัญชีอะไรแข่ง,VALORANT ยังไม่พบข้อมูลชัดเจนว่าใช้บัญชีส่วนตัวหรือบัญชีที่ผู้จัดเตรียมให้ครับ แหล่งข้อมูล: local://competition_rules/competition_rules_valorant_psu_phuket_2026,pipeline:competition_generic_fast_path,competition_rules/competition_rules_lookup,100.0,True,0.0773,0,,,
MB-0550-CR-014,competition_rules,psu_fact,VALORANT แผนที่มีอะไรบ้าง,"VALORANT มีข้อมูลเรื่อง map pool และการแบนแผนที่ครับ • map pool ที่พบ: Abyss, Ascent, Bind, Corrode, Haven, Lotus และ Sunset แหล่งข้อมูล: local://competition_rules/competition_rules_valorant_psu_phuket_2026",pipeline:competition_generic_fast_path,competition_rules/list,100.0,True,1.6308,0,,,
MB-0551-CR-015,competition_rules,psu_fact,VALORANT สรุปกติกาสั้นๆ,คำตอบ: VALORANT ขอ Tactical Timeout ได้ทีมละ 2 ครั้งต่อแผนที่ ครั้งละ 60 วินาที และถ้าเข้า Overtime จะได้เพิ่มอีก 1 ครั้ง แหล่งข้อมูล: local://competition_rules/competition_rules_valorant_psu_phuket_2026,pipeline:competition_fact_card,competition_rules/competition_rules_lookup,100.0,True,1.6115,0,,,
MB-0552-CR-016,competition_rules,psu_fact,CS2 กติกาการแข่งขันคืออะไร,"คำตอบของ Counter-Strike 2: CS2 ใช้แผนที่ Ancient, Anubis, Dust 2, Inferno, Mirage, Nuke และ Train หลักฐานจากกติกา: • เอกสารระบุ map pool สำหรับการแข่งขัน CS2 ได้แก่ Ancient, Anubis, Dust 2, Inferno, Mirage, Nuke และ Train อ้างอิงจากกติกา: Counter-Strike 2 / PSU Phuket CS2 2026 Tournament แหล่งข้อมูล: local://competition_rules/competition_rules_cs2_psu_phuket_2026",pipeline:competition_fact_card,competition_rules/competition_rules_lookup,100.0,True,1.759,0,,,
MB-0553-CR-017,competition_rules,psu_fact,CS2 ใช้ผู้เล่นกี่คน,Counter-Strike 2: CS2 ใช้ผู้เล่นทีมละ 5 คนครับ แหล่งข้อมูล: local://competition_rules/competition_rules_cs2_psu_phuket_2026,pipeline:competition_generic_fast_path,competition_rules/competition_rules_lookup,100.0,True,0.0583,0,,,
MB-0554-CR-018,competition_rules,psu_fact,CS2 มาสายจะโดนอะไร,Counter-Strike 2: CS2 ถ้ามาสายหรือไม่ยืนยันเข้าแข่งขันก่อนแมตช์ ทีมเสี่ยงถูกตัดสิทธิ์ครับ แหล่งข้อมูล: local://competition_rules/competition_rules_cs2_psu_phuket_2026,pipeline:competition_generic_fast_path,competition_rules/competition_rules_lookup,100.0,True,0.0642,0,,,
MB-0555-CR-019,competition_rules,psu_fact,CS2 pause ได้ไหม,Counter-Strike 2: CS2 มีทั้ง Technical Pause และ Tactical Timeout ครับ • Technical Pause ใช้กรณีปัญหาขัดข้อง • Tactical Timeout ใช้ตามเงื่อนไขช่วง Freeze time แหล่งข้อมูล: local://competition_rules/competition_rules_cs2_psu_phuket_2026,pipeline:competition_generic_fast_path,competition_rules/competition_rules_lookup,100.0,True,1.4389,0,,,
MB-0556-CR-020,competition_rules,psu_fact,CS2 ถ้าเกมหลุดทำยังไง,Counter-Strike 2: CS2 ถ้าเกิดปัญหาเครื่อง/การเชื่อมต่อ ให้ใช้ Technical Pause ตามกติกาและแจ้งเจ้าหน้าที่ครับ แหล่งข้อมูล: local://competition_rules/competition_rules_cs2_psu_phuket_2026,pipeline:competition_generic_fast_path,competition_rules/competition_rules_lookup,100.0,True,0.1014,0,,,
MB-0557-CR-021,competition_rules,psu_fact,CS2 ขอ restart ได้ไหม,Counter-Strike 2: CS2 ยังไม่พบข้อมูล remake/restart แบบฟันธงจากคำถามนี้ครับ • หากเกิดปัญหาให้แจ้งผู้ตัดสินและยึด Technical Pause/คำตัดสินกรรมการ แหล่งข้อมูล: local://competition_rules/competition_rules_cs2_psu_phuket_2026,pipeline:competition_generic_fast_path,competition_rules/competition_rules_lookup,100.0,True,0.0702,0,,,
MB-0558-CR-022,competition_rules,psu_fact,CS2 รูปแบบการแข่งขันเป็นยังไง,Counter-Strike 2: CS2 มีรูปแบบการแข่งขันตามเอกสารกติกาครับ • ถ้าต้องการรอบเฉพาะ ให้ถามระบุรอบหรือ bracket เพิ่ม แหล่งข้อมูล: local://competition_rules/competition_rules_cs2_psu_phuket_2026,pipeline:competition_generic_fast_path,competition_rules/competition_rules_lookup,100.0,True,1.6946,0,,,
MB-0559-CR-023,competition_rules,psu_fact,CS2 รอบชิงเล่นกี่เกม,Counter-Strike 2: CS2 ยังไม่พบข้อมูลรอบชิงแบบฟันธงจากคำถามนี้ครับ • ควรดูประกาศ bracket/format ของรายการประกอบ แหล่งข้อมูล: local://competition_rules/competition_rules_cs2_psu_phuket_2026,pipeline:competition_generic_fast_path,competition_rules/competition_rules_lookup,100.0,True,1.5493,0,,,
MB-0560-CR-024,competition_rules,psu_fact,CS2 มีตัวสำรองได้ไหม,Counter-Strike 2: CS2 ยังไม่พบข้อมูลตัวสำรองแบบแยกชัดเจนจากคำถามนี้ครับ • ข้อมูลที่ยืนยันได้คือทีมละ 5 คน แหล่งข้อมูล: local://competition_rules/competition_rules_cs2_psu_phuket_2026,pipeline:competition_generic_fast_path,competition_rules/competition_rules_lookup,100.0,True,0.1054,0,,,
MB-0561-CR-025,competition_rules,psu_fact,CS2 มีข้อห้ามอะไรบ้าง,"คำตอบของ Counter-Strike 2: CS2 ใช้แผนที่ Ancient, Anubis, Dust 2, Inferno, Mirage, Nuke และ Train หลักฐานจากกติกา: • เอกสารระบุ map pool สำหรับการแข่งขัน CS2 ได้แก่ Ancient, Anubis, Dust 2, Inferno, Mirage, Nuke และ Train อ้างอิงจากกติกา: Counter-Strike 2 / PSU Phuket CS2 2026 Tournament แหล่งข้อมูล: local://competition_rules/competition_rules_cs2_psu_phuket_2026",pipeline:competition_fact_card,competition_rules/list,100.0,True,1.8687,0,,,
MB-0612-C-001,compound,psu_fact,Tekken 8 ปุ่มอะไร แล้ว PC ราคาเท่าไหร่,คำถามนี้มีหลายเรื่อง ขอแยกตอบเป็นข้อ ๆ: คำถามที่ 1: Tekken 8 ปุ่มอะไร TEKKEN 8 มีข้อมูลปุ่มควบคุมดังนี้: PlayStation / PS5 • Square: หมัดซ้าย / ต่อยซ้าย - ออกหมัดแย็บหรือโจมตีด้วยมือซ้าย เป็นปุ่มหลักในการเริ่มต้นเฟรมคอมโบที่รวดเร็ว • Triangle: หมัดขวา / ต่อยขวา - ออกหมัดหนักหรือโจมตีด้วยมือขวา มักใช้ทำดาเมจแรงหรือสวนกลับ (Counter) • Cross: ลูกเตะซ้าย - ใช้ขาซ้ายเตะสกัดหรือโจมตีเพื่อเปิดช่องว่างของศัตรู • Circle: ลูกเตะขวา - ใช้ขาขวาหวดเตะอย่างรุนแรง มักเป็นท่าเคลียร์ระยะหรือตัดขาที่ทำดาเมจสูง • D-Pad Up: กระโดด - ควบคุมให้ตัวละครกระโดดขึ้นด้านบนเพื่อหลบการโจมตีล่าง หรือใช้กดร่วมกับปุ่มโจมตีกลางอากาศ • D-Pad Left: ถอยหลัง / บล็อก - บังคับตัวละครให้เดินถอยหลังเพื่อรักษาระยะ หรือใช้กดค้างเพื่อ ,pipeline:multi_question_splitter,multi_question/multi_question_split,100.0,True,0.1026,0,,,
MB-0613-C-002,compound,psu_fact,PS5 มีเกมอะไรกับราคาเท่าไหร่,"คำถามนี้มีหลายเรื่อง ขอแยกตอบเป็นข้อ ๆ: คำถามที่ 1: PS5 มีเกมอะไร PlayStation 5 Zone มีเกมที่ยืนยันได้ดังนี้ PlayStation 5 #01-#02 (60 นาที, 1-2 คน) • Call of Duty: Modern Warfare III • Delta Force • EA Sports FC 24 • eFootball • FINAL FANTASY XVI • Fortnite • God of War Ragnarok • Hogwarts Legacy • Marvel's Spider-Man 2 • NARUTO X BORUTO Ultimate Ninja Storm Connections • Resident Evil 4 • Resident Evil Village • TEKKEN 8 • THE FINALS • The Last of Us Part I • The Last of Us Part II (Remastered) • Uncharted: Legacy of Thieves Collection หมายเหตุ: PlayStation 5 #01 และ #02 ใช้รายการเกมเดียวกัน แหล่งข้อมูล: https://esports.computing.psu.ac.th/ คำถามที่ 2: PS5 ราคาเท่าไหร่ PlayStation 5 60 นาท",pipeline:multi_question_splitter,multi_question/multi_question_split,100.0,True,1.373,0,,,
MB-0614-C-003,compound,psu_fact,PC มีอุปกรณ์อะไร แล้วมีเกมอะไรบ้าง,"คำถามนี้มีหลายเรื่อง ขอแยกตอบเป็นข้อ ๆ: คำถามที่ 1: PC มีอุปกรณ์อะไร อุปกรณ์ใน PC Zone: PC Zone • Gaming PC รุ่น MSI MAG Infinite S3 14th (10 Units) • Gaming Monitor (10 Units) • Gaming Keyboard • Gaming Mouse • Gaming Headset • Gaming Chair (10 Units) แหล่งข้อมูล: https://esports.phuket.psu.ac.th/home คำถามที่ 2: มีเกมอะไรบ้าง บริการที่ถาม มีเกมที่ยืนยันได้ดังนี้ PC #01-#02 (60 นาที, 1 คน) • TEKKEN 8 • Counter-Strike 2 • League of Legends • PUBG: BATTLEGROUNDS • VALORANT หมายเหตุ: PC #01-#02 มี TEKKEN 8 แต่ไม่มี Call of Duty: Warzone หมายเหตุ: PC #01-#02 และ PC #03-#10 มี Counter-Strike 2, League of Legends, PUBG: BATTLEGROUNDS, VALORANT เหมือนกัน PC #03-#10 (60 นาที, 1 คน) • Call of Duty: ",pipeline:multi_question_splitter,multi_question/multi_question_split,100.0,True,2.991,0,,,
MB-0615-C-004,compound,psu_fact,Gran Turismo 7 เล่นยังไง แล้วปุ่มเร่งกดอะไร,คำถามนี้มีหลายเรื่อง ขอแยกตอบเป็นข้อ ๆ: คำถามที่ 1: Gran Turismo 7 เล่นยังไง Gran Turismo 7: Gran Turismo 7 คือเกมแข่งรถที่เน้นการขับรถสมจริง การเลือกสนาม รถ และการควบคุมจังหวะเข้าโค้ง แนวเกม: เกมแข่งรถ / Driving Simulator วิธีเล่นโดยสรุป: ใน Cockpit Zone เล่นโดยใช้พวงมาลัย คันเร่ง เบรก และชุดเบาะจำลองการขับรถ เป้าหมายคือขับให้เร็วและควบคุมรถให้แม่นในแต่ละสนาม เล่นได้ที่: Cockpit Zone แหล่งข้อมูล: https://esports.phuket.psu.ac.th/Services/our-games คำถามที่ 2: Gran Turismo 7 ปุ่มเร่งกดอะไร Gran Turismo 7 ปุ่มที่ตรงกับคำถาม: PlayStation / PS5 • R2: คันเร่ง - กดเพื่อเร่งเครื่อง • R3: ไนตรัส / เร่งแซง - ใช้งานระบบเพิ่มความเร็วพิเศษที่มีติดตั้งในรถบางรุ่น แหล่งข้อมูล: https://gameinputdatabase.c,pipeline:multi_question_splitter,multi_question/multi_question_split,100.0,True,1.6281,0,,,
MB-0616-C-005,compound,psu_fact,Nintendo Switch ราคาเท่าไหร่ แล้วมีเกมอะไรบ้าง,"คำถามนี้มีหลายเรื่อง ขอแยกตอบเป็นข้อ ๆ: คำถามที่ 1: Nintendo Switch ราคาเท่าไหร่ Nintendo Switch 1-2 คน 60 นาที (1 ชั่วโมง) • PSU Student and Staff: 0 บาท • PSU Alumni and General Student: 50 บาท • General Adult: 140 บาท Nintendo Switch 3-4 คน 60 นาที (1 ชั่วโมง) • PSU Student and Staff: 0 บาท • PSU Alumni and General Student: 100 บาท • General Adult: 280 บาท แหล่งข้อมูล: https://esports.computing.psu.ac.th/wp-content/uploads/2026/01/PSU-Esports-Studio-phuket-SERVICE-FEE-2026.png คำถามที่ 2: Nintendo Switch มีเกมอะไรบ้าง Nintendo Switch Zone มีเกมที่ยืนยันได้ดังนี้ Nintendo Switch (1-2 Persons) (60 นาที, 1-2 คน) • Pokémon Champions • Animal Crossing: New Horizons • It Takes Two • Little Nigh",pipeline:multi_question_splitter,multi_question/multi_question_split,100.0,True,0.0403,0,,,
MB-0617-C-006,compound,psu_fact,VR ราคาเท่าไหร่ แล้วจองยังไง,"คำถามนี้มีหลายเรื่อง ขอแยกตอบเป็นข้อ ๆ: คำถามที่ 1: VR ราคาเท่าไหร่ VR 30 นาที (1-5 คน) • PSU Student and Staff: 0 บาท • PSU Alumni and General Student: 190 บาท • General Adult: 525 บาท VR 1 ชั่วโมง (60 นาที, 1-5 คน) • PSU Student and Staff: 0 บาท • PSU Alumni and General Student: 375 บาท • General Adult: 1,050 บาท แหล่งข้อมูล: https://esports.computing.psu.ac.th/wp-content/uploads/2026/01/PSU-Esports-Studio-phuket-SERVICE-FEE-2026.png คำถามที่ 2: จะเล่น VR จองยังไง จองคิวเล่นเกม/ใช้อุปกรณ์ได้ผ่านระบบจองออนไลน์ครับ ถ้าต้องการจอง VR ให้เลือกบริการ VR Station และเลือกรอบ 30 นาทีหรือ 1 ชั่วโมงตามที่ระบบมีให้เลือก ขั้นตอนโดยสรุปคือ 1) เลือกบริการหรือโซนที่ต้องการใช้ 2) เลือกวันและรอบเวลา 3) กรอก",pipeline:multi_question_splitter,multi_question/multi_question_split,100.0,True,2.0728,0,,,
MB-0618-C-007,compound,psu_fact,สมาชิกมีกี่คน แล้วใครเป็นอธิการบดี,คำถามนี้มีหลายเรื่อง ขอแยกตอบเป็นข้อ ๆ: คำถามที่ 1: สมาชิกมีกี่คน สมาชิกในหน้า Members แบ่งเป็น 3 หมวดครับ • Members: 7 คน • cooperative education and Internship student: 5 คน • PSU Phuket Esports Club - PSU Phuket: 13 คน รวมทั้งหมด 25 คน แหล่งข้อมูล: https://esports.phuket.psu.ac.th/about-us/Members คำถามที่ 2: สมาชิก ใครเป็นอธิการบดี ตำแหน่ง อธิการบดี มี 1 คนครับ • ผศ.ดร.นิวัติ แก้วประดับ: อธิการบดี (มหาวิทยาลัยสงขลานครินทร์) ◦ หมวด: Members แหล่งข้อมูล: https://esports.phuket.psu.ac.th/about-us/Members,pipeline:multi_question_splitter,multi_question/multi_question_split,100.0,True,1.5087,0,,,
MB-0619-C-008,compound,psu_fact,Tekken 8 กับ Mario Kart 8 Deluxe มีปุ่มอะไรบ้าง,คำถามนี้มีหลายเรื่อง ขอแยกตอบเป็นข้อ ๆ: คำถามที่ 1: Tekken 8 มีปุ่มอะไรบ้าง TEKKEN 8 มีข้อมูลปุ่มควบคุมดังนี้: PlayStation / PS5 • Square: หมัดซ้าย / ต่อยซ้าย - ออกหมัดแย็บหรือโจมตีด้วยมือซ้าย เป็นปุ่มหลักในการเริ่มต้นเฟรมคอมโบที่รวดเร็ว • Triangle: หมัดขวา / ต่อยขวา - ออกหมัดหนักหรือโจมตีด้วยมือขวา มักใช้ทำดาเมจแรงหรือสวนกลับ (Counter) • Cross: ลูกเตะซ้าย - ใช้ขาซ้ายเตะสกัดหรือโจมตีเพื่อเปิดช่องว่างของศัตรู • Circle: ลูกเตะขวา - ใช้ขาขวาหวดเตะอย่างรุนแรง มักเป็นท่าเคลียร์ระยะหรือตัดขาที่ทำดาเมจสูง • D-Pad Up: กระโดด - ควบคุมให้ตัวละครกระโดดขึ้นด้านบนเพื่อหลบการโจมตีล่าง หรือใช้กดร่วมกับปุ่มโจมตีกลางอากาศ • D-Pad Left: ถอยหลัง / บล็อก - บังคับตัวละครให้เดินถอยหลังเพื่อรักษาระยะ หรือใช้กดค้าง,pipeline:multi_question_splitter,multi_question/multi_question_split,100.0,True,0.1712,0,,,
MB-0620-C-009,compound,psu_fact,PS5 กับ Nintendo Switch มีเกมอะไรบ้าง,"คำถามนี้มีหลายเรื่อง ขอแยกตอบเป็นข้อ ๆ: คำถามที่ 1: PS5 มีเกมอะไรบ้าง PlayStation 5 Zone มีเกมที่ยืนยันได้ดังนี้ PlayStation 5 #01-#02 (60 นาที, 1-2 คน) • Call of Duty: Modern Warfare III • Delta Force • EA Sports FC 24 • eFootball • FINAL FANTASY XVI • Fortnite • God of War Ragnarok • Hogwarts Legacy • Marvel's Spider-Man 2 • NARUTO X BORUTO Ultimate Ninja Storm Connections • Resident Evil 4 • Resident Evil Village • TEKKEN 8 • THE FINALS • The Last of Us Part I • The Last of Us Part II (Remastered) • Uncharted: Legacy of Thieves Collection หมายเหตุ: PlayStation 5 #01 และ #02 ใช้รายการเกมเดียวกัน แหล่งข้อมูล: https://esports.computing.psu.ac.th/ คำถามที่ 2: Nintendo Switch มีเกมอะไรบ้าง Nin",pipeline:multi_question_splitter,multi_question/multi_question_split,100.0,True,0.0416,0,,,
MB-0621-C-010,compound,psu_fact,Cockpit มีอุปกรณ์อะไร แล้ว Gran Turismo ปุ่มอะไร,คำถามนี้มีหลายเรื่อง ขอแยกตอบเป็นข้อ ๆ: คำถามที่ 1: Cockpit มีอุปกรณ์อะไร อุปกรณ์ใน Cockpit Zone: Cockpit Zone • Logitech G923 TRUEFORCE Racing Wheel (2 Units with Driving Force Shifter) • Driving Force Shifter (2 Units with Logitech G923) • Racezone Full Cockpit V3 (2 Units) • Pulse Elite Wireless Headset (2 Units) • TV 65 นิ้ว (2 Units) แหล่งข้อมูล: https://esports.phuket.psu.ac.th/home คำถามที่ 2: Gran Turismo ปุ่มอะไร Gran Turismo 7 มีข้อมูลปุ่มควบคุมดังนี้: PlayStation / PS5 • L (Left Stick): เลี้ยว / ควบคุมพวงมาลัย - บังคับทิศทางรถ • R2: คันเร่ง - กดเพื่อเร่งเครื่อง • L2: เบรก - กดเพื่อชะลอความเร็วรถ • Cross: เพิ่มเกียร์ - เปลี่ยนเกียร์สูงขึ้น (โหมดเกียร์ธรรมดา) • Square: ลดเกียร์ - เป,pipeline:multi_question_splitter,multi_question/multi_question_split,100.0,True,1.6147,0,,,
MB-0622-C-011,compound,psu_fact,Call of Duty ปุ่มยิงอะไร แล้วเล่นได้ที่ไหน,คำถามนี้มีหลายเรื่อง ขอแยกตอบเป็นข้อ ๆ: คำถามที่ 1: Call of Duty ปุ่มยิงอะไร Call of Duty: Modern Warfare III ปุ่มที่ตรงกับคำถาม: PlayStation / PS5 • R2: ยิงอาวุธ - กดยิงปืน แหล่งข้อมูล: https://www.gamepur.com/guides/best-modern-warfare-3-controller-settings-aim-assist-deadzones-button-layout คำถามที่ 2: Call of Duty เล่นได้ที่ไหน พบเกมที่เกี่ยวข้องกับ Call of Duty ในรายการที่ยืนยันได้ครับ • Call of Duty: Modern Warfare III: เล่นได้ที่ PlayStation 5 Zone • Call of Duty: Warzone: เล่นได้ที่ PC Zone แหล่งข้อมูล: https://esports.phuket.psu.ac.th/Services/our-games,pipeline:multi_question_splitter,multi_question/multi_question_split,100.0,True,2.7504,0,,,
MB-0623-C-012,compound,psu_fact,PC ราคาเท่าไหร่ แล้วจองได้กี่ session,คำถามนี้มีหลายเรื่อง ขอแยกตอบเป็นข้อ ๆ: คำถามที่ 1: PC ราคาเท่าไหร่ ราคา PC 1 ชั่วโมง (1 คน) • PSU Student and Staff: 0 บาท • PSU Alumni and General Student / นักศึกษาหรือนักเรียนต่างสถาบัน: 25 บาท • General Adult / บุคคลทั่วไป: 70 บาท หมายเหตุข้อมูล PC: ราคา PC เพิ่มจาก local service fee update 2026-07-27 แหล่งข้อมูล: https://esports.computing.psu.ac.th/wp-content/uploads/2026/01/PSU-Esports-Studio-phuket-SERVICE-FEE-2026.png คำถามที่ 2: จองได้กี่ session การจอง 1 ครั้งสามารถจองได้สูงสุด 3 Sessions สำหรับ PlayStation 5: 1 session = 1 ชั่วโมง ดังนั้น 3 sessions = สูงสุด 3 ชั่วโมงต่อการจอง 1 ครั้ง แหล่งข้อมูล: https://esports.computing.psu.ac.th/,pipeline:multi_question_splitter,multi_question/multi_question_split,100.0,True,0.6211,0,,,
MB-0624-C-013,compound,psu_fact,วันนี้เปิดไหม แล้วจอง PS5 ยังไง,คำถามนี้มีหลายเรื่อง ขอแยกตอบเป็นข้อ ๆ: คำถามที่ 1: วันนี้เปิดไหม วันนี้ 31/07/2026 (วันศุกร์): วันศุกร์เปิดช่วงเช้า 09:00-12:00 แต่ช่วงบ่าย 13:00-16:00 เป็น Maintenance สำหรับตรวจเช็คและทำความสะอาดอุปกรณ์ วันที่อ้างอิงของระบบ: วันนี้คือ 31/07/2026 (วันศุกร์) ตามเวลาไทย ปฏิทินไทยของวันที่นี้: ไม่พบวันหยุดไทยหรือเทศกาลในปฏิทินที่บันทึกไว้สำหรับวันที่นี้ รายละเอียดจากตาราง: • วันจันทร์ช่วงเช้า 09:00-12:00 เป็น Maintenance* และเปิดช่วงบ่าย 13:00-16:00 • วันอังคาร-พฤหัสบดีเปิด 09:00-12:00 และ 13:00-16:00 • วันศุกร์เปิดช่วงเช้า 09:00-12:00 และช่วงบ่าย 13:00-16:00 เป็น Maintenance • วันหยุดราชการ/วันปิดพิเศษในไฟล์ปฏิทินจะมีผลก่อนตารางปกติ แหล่งข้อมูลตารางบริการ: https://esports.computing.psu.ac.th,pipeline:multi_question_splitter,multi_question/multi_question_split,100.0,True,2.9332,0,,,
MB-0625-C-014,compound,psu_fact,VR 30 นาทีราคาเท่าไหร่ แล้ว 1 ชั่วโมงราคาเท่าไหร่,คำถามนี้มีหลายเรื่อง ขอแยกตอบเป็นข้อ ๆ: คำถามที่ 1: VR 30 นาทีราคาเท่าไหร่ ระยะเวลาที่ถามคือ 30 นาที ใช้ 1 session ตามแพ็กเกจ VR 30 นาที ยังไม่ทราบกลุ่มผู้ใช้ จึงแสดงราคาทุกกลุ่มให้เทียบก่อน: • PSU Student and Staff: 0 บาท/session x 1 = 0 บาท • PSU Alumni and General Student / นักศึกษาหรือนักเรียนต่างสถาบัน: 190 บาท/session x 1 = 190 บาท • General Adult / บุคคลทั่วไป: 525 บาท/session x 1 = 525 บาท รายละเอียดจากตาราง: VR 30 นาที (1-5 คน) • PSU Student and Staff: 0 บาท • PSU Alumni and General Student: 190 บาท • General Adult: 525 บาท แหล่งข้อมูล: https://esports.computing.psu.ac.th/wp-content/uploads/2026/01/PSU-Esports-Studio-phuket-SERVICE-FEE-2026.png คำถามที่ 2: 1 ชั่วโมงราคาเท่าไหร่ ขอรู,pipeline:multi_question_splitter,multi_question/multi_question_split,100.0,True,0.0896,0,,,
MB-0626-C-015,compound,psu_fact,Tekken 8 ราคาเท่าไหร่ แล้วมีปุ่มอะไรบ้าง,คำถามนี้มีหลายเรื่อง ขอแยกตอบเป็นข้อ ๆ: คำถามที่ 1: Tekken 8 ราคาเท่าไหร่ TEKKEN 8 ไม่มีราคาแยกตามชื่อเกมครับ ต้องดูราคาตามโซน/บริการที่ใช้เล่นเกมนี้ PC Zone ยังไม่ทราบกลุ่มผู้ใช้ จึงแสดงราคาทุกกลุ่มให้เทียบก่อน PC 1 ชั่วโมง (1 คน) • นักศึกษา/นักเรียน/บุคลากร PSU: 0 บาท/1 ชั่วโมง • ศิษย์เก่า PSU / นักศึกษา-นักเรียนต่างสถาบัน (General Student): 25 บาท/1 ชั่วโมง • บุคคลทั่วไป (General Adult): 70 บาท/1 ชั่วโมง หมายเหตุข้อมูล PC: ราคา PC เพิ่มจาก local service fee update 2026-07-27 แหล่งข้อมูล: https://esports.computing.psu.ac.th/wp-content/uploads/2026/01/PSU-Esports-Studio-phuket-SERVICE-FEE-2026.png PlayStation 5 Zone ยังไม่ทราบกลุ่มผู้ใช้ จึงแสดงราคาทุกกลุ่มให้เทียบก่อน PlayStation 5 1 ชั่วโ,pipeline:multi_question_splitter,multi_question/multi_question_split,100.0,True,0.4027,0,,,
MB-1248-C-016,compound,compound,PC ราคาเท่าไหร่ แล้วมีเกมอะไรบ้าง,"คำถามนี้มีหลายเรื่อง ขอแยกตอบเป็นข้อ ๆ: คำถามที่ 1: PC ราคาเท่าไหร่ ราคา PC 1 ชั่วโมง (1 คน) • PSU Student and Staff: 0 บาท • PSU Alumni and General Student / นักศึกษาหรือนักเรียนต่างสถาบัน: 25 บาท • General Adult / บุคคลทั่วไป: 70 บาท หมายเหตุข้อมูล PC: ราคา PC เพิ่มจาก local service fee update 2026-07-27 แหล่งข้อมูล: https://esports.computing.psu.ac.th/wp-content/uploads/2026/01/PSU-Esports-Studio-phuket-SERVICE-FEE-2026.png คำถามที่ 2: PC มีเกมอะไรบ้าง PC Zone แยกรายการเกมตามเลขเครื่องดังนี้ PC #01-#02 (60 นาที, 1 คน) • TEKKEN 8 • Counter-Strike 2 • League of Legends • PUBG: BATTLEGROUNDS • VALORANT หมายเหตุ: PC #01-#02 มี TEKKEN 8 แต่ไม่มี Call of Duty: Warzone หมายเหตุ: PC #01-#02 และ P",pipeline:multi_question_splitter,multi_question/multi_question_split,100.0,True,0.0178,0,,,
MB-1249-C-017,compound,compound,PC จองยังไง แล้วเปิดวันไหนบ้าง,"คำถามนี้มีหลายเรื่อง ขอแยกตอบเป็นข้อ ๆ: คำถามที่ 1: PC จองยังไง สำหรับ PC ให้เลือกบริการ/โซน PC ในระบบจอง แล้วทำตามขั้นตอนนี้ครับ ขั้นตอนจองโดยสรุป: • เลือกบริการหรือโซนที่ต้องการใช้ • เลือกวันและรอบเวลาที่ต้องการ • กรอก Student ID/Staff ID/National ID, ชื่อ, นามสกุล, อีเมล และเบอร์โทรศัพท์ • ตรวจสอบข้อมูลและชำระเงินโดยโอนเข้าบัญชีที่ระบบแจ้ง • แนบสลิปและยืนยันการจอง แหล่งข้อมูล: https://esports.computing.psu.ac.th/ คำถามที่ 2: เปิดวันไหนบ้าง เวลาบริการตามตารางคือ Morning 09:00-12:00 และ Afternoon 13:00-16:00 รายละเอียดจากตาราง: • วันจันทร์: Morning 09:00-12:00 = maintenance, Afternoon 13:00-16:00 = open • วันอังคาร: Morning 09:00-12:00 = open, Afternoon 13:00-16:00 = open • วันพุธ: Morning ",pipeline:multi_question_splitter,multi_question/multi_question_split,100.0,True,1.7076,0,,,
MB-1250-C-018,compound,compound,PS5 ราคาเท่าไหร่ แล้วมีเกมอะไรบ้าง,"คำถามนี้มีหลายเรื่อง ขอแยกตอบเป็นข้อ ๆ: คำถามที่ 1: PS5 ราคาเท่าไหร่ PlayStation 5 60 นาที (1 ชั่วโมง, 1-2 คน) • PSU Student and Staff: 0 บาท • PSU Alumni and General Student: 50 บาท • General Adult: 150 บาท แหล่งข้อมูล: https://esports.computing.psu.ac.th/wp-content/uploads/2026/01/PSU-Esports-Studio-phuket-SERVICE-FEE-2026.png คำถามที่ 2: PS5 มีเกมอะไรบ้าง PlayStation 5 Zone มีเกมที่ยืนยันได้ดังนี้ PlayStation 5 #01-#02 (60 นาที, 1-2 คน) • Call of Duty: Modern Warfare III • Delta Force • EA Sports FC 24 • eFootball • FINAL FANTASY XVI • Fortnite • God of War Ragnarok • Hogwarts Legacy • Marvel's Spider-Man 2 • NARUTO X BORUTO Ultimate Ninja Storm Connections • Resident Evil 4 • Resident Ev",pipeline:multi_question_splitter,multi_question/multi_question_split,100.0,True,0.0201,0,,,
MB-1251-C-019,compound,compound,PS5 จองยังไง แล้วเปิดวันไหนบ้าง,"คำถามนี้มีหลายเรื่อง ขอแยกตอบเป็นข้อ ๆ: คำถามที่ 1: PS5 จองยังไง จอง PlayStation 5 ต้องเลือกบริการ PlayStation 5 และเลือกรอบเวลาที่ต้องการครับ • ข้อมูลค่าบริการที่มีระบุ PlayStation 5 ต่อ 60 นาที สำหรับ 1-2 คน • จากนั้นกรอกข้อมูลผู้ใช้บริการ ชำระเงิน และแนบสลิปเพื่อยืนยันการจอง แหล่งข้อมูล: https://esports.computing.psu.ac.th/ คำถามที่ 2: เปิดวันไหนบ้าง เวลาบริการตามตารางคือ Morning 09:00-12:00 และ Afternoon 13:00-16:00 รายละเอียดจากตาราง: • วันจันทร์: Morning 09:00-12:00 = maintenance, Afternoon 13:00-16:00 = open • วันอังคาร: Morning 09:00-12:00 = open, Afternoon 13:00-16:00 = open • วันพุธ: Morning 09:00-12:00 = open, Afternoon 13:00-16:00 = open • วันพฤหัสบดี: Morning 09:00-12:00 = open,",pipeline:multi_question_splitter,multi_question/multi_question_split,100.0,True,1.7858,0,,,
MB-1252-C-020,compound,compound,Nintendo Switch จองยังไง แล้วเปิดวันไหนบ้าง,"คำถามนี้มีหลายเรื่อง ขอแยกตอบเป็นข้อ ๆ: คำถามที่ 1: Nintendo Switch จองยังไง ถ้าจะเล่น Nintendo Switch Sports ให้จอง Nintendo Switch Zone ครับ จอง Nintendo Switch ต้องเลือกบริการตามจำนวนผู้เล่นครับ • ถ้าเล่น 1-2 คน ให้เลือก Nintendo Switch แบบ 1-2 Persons • ถ้าเล่น 3-4 คน ให้เลือก Nintendo Switch แบบ 3-4 Persons • จากนั้นเลือกวัน รอบเวลา กรอกข้อมูลผู้ใช้บริการ ชำระเงิน และแนบสลิปเพื่อยืนยันการจอง แหล่งข้อมูล: https://esports.computing.psu.ac.th/ คำถามที่ 2: เปิดวันไหนบ้าง เวลาบริการตามตารางคือ Morning 09:00-12:00 และ Afternoon 13:00-16:00 รายละเอียดจากตาราง: • วันจันทร์: Morning 09:00-12:00 = maintenance, Afternoon 13:00-16:00 = open • วันอังคาร: Morning 09:00-12:00 = open, Afternoon 13:00-1",pipeline:multi_question_splitter,multi_question/multi_question_split,100.0,True,1.6022,0,,,
MB-1253-C-021,compound,compound,VR ราคาเท่าไหร่ แล้วมีเกมอะไรบ้าง,"คำถามนี้มีหลายเรื่อง ขอแยกตอบเป็นข้อ ๆ: คำถามที่ 1: VR ราคาเท่าไหร่ VR 30 นาที (1-5 คน) • PSU Student and Staff: 0 บาท • PSU Alumni and General Student: 190 บาท • General Adult: 525 บาท VR 1 ชั่วโมง (60 นาที, 1-5 คน) • PSU Student and Staff: 0 บาท • PSU Alumni and General Student: 375 บาท • General Adult: 1,050 บาท แหล่งข้อมูล: https://esports.computing.psu.ac.th/wp-content/uploads/2026/01/PSU-Esports-Studio-phuket-SERVICE-FEE-2026.png คำถามที่ 2: VR มีเกมอะไรบ้าง VR Station มีเกมที่ยืนยันได้ดังนี้ (รอบ 30 นาทีและ 1 ชั่วโมงใช้รายการเกมเดียวกัน) VR Station 30 นาที (30 นาที, 1-5 คน) • Beat Saber • Horizon Call of the Mountain • Resident Evil 4 • Resident Evil Village หมายเหตุ: VR Station แบบ 3",pipeline:multi_question_splitter,multi_question/multi_question_split,100.0,True,0.043,0,,,
MB-1254-C-022,compound,compound,VR จองยังไง แล้วเปิดวันไหนบ้าง,คำถามนี้มีหลายเรื่อง ขอแยกตอบเป็นข้อ ๆ: คำถามที่ 1: VR จองยังไง จองคิวเล่นเกม/ใช้อุปกรณ์ได้ผ่านระบบจองออนไลน์ครับ ถ้าต้องการจอง VR ให้เลือกบริการ VR Station และเลือกรอบ 30 นาทีหรือ 1 ชั่วโมงตามที่ระบบมีให้เลือก ขั้นตอนโดยสรุปคือ 1) เลือกบริการหรือโซนที่ต้องการใช้ 2) เลือกวันและรอบเวลา 3) กรอก Student ID/Staff ID/National ID ชื่อ นามสกุล อีเมล และเบอร์โทรศัพท์ 4) ตรวจสอบข้อมูลและชำระเงินโดยโอนเข้าบัญชีที่ระบบแจ้ง 5) แนบสลิปและยืนยันการจอง ต้องจองล่วงหน้าอย่างน้อย 1 ชั่วโมง และหลังจองต้องชำระเงินภายใน 10 นาทีครับ แหล่งข้อมูล: https://esports.computing.psu.ac.th/reservation คำถามที่ 2: เปิดวันไหนบ้าง เวลาบริการตามตารางคือ Morning 09:00-12:00 และ Afternoon 13:00-16:00 รายละเอียดจากตาราง: • วันจั,pipeline:multi_question_splitter,multi_question/multi_question_split,100.0,True,1.7995,0,,,
MB-1255-C-023,compound,compound,Cockpit ราคาเท่าไหร่ แล้วมีเกมอะไรบ้าง,"คำถามนี้มีหลายเรื่อง ขอแยกตอบเป็นข้อ ๆ: คำถามที่ 1: Cockpit ราคาเท่าไหร่ Cockpit 60 นาที (1 ชั่วโมง, 1 คน) • PSU Student and Staff: 0 บาท • PSU Alumni and General Student: 65 บาท • General Adult: 200 บาท แหล่งข้อมูล: https://esports.computing.psu.ac.th/wp-content/uploads/2026/01/PSU-Esports-Studio-phuket-SERVICE-FEE-2026.png คำถามที่ 2: Cockpit มีเกมอะไรบ้าง Cockpit Zone มีเกมที่ยืนยันได้ดังนี้ Cockpit #01-#02 (60 นาที, 1 คน) • Gran Turismo 7 หมายเหตุ: Cockpit มี 2 เครื่อง และใช้รายการเกมเดียวกัน แหล่งข้อมูล: https://esports.computing.psu.ac.th/",pipeline:multi_question_splitter,multi_question/multi_question_split,100.0,True,0.0429,0,,,
MB-1256-C-024,compound,compound,Cockpit จองยังไง แล้วเปิดวันไหนบ้าง,"คำถามนี้มีหลายเรื่อง ขอแยกตอบเป็นข้อ ๆ: คำถามที่ 1: Cockpit จองยังไง ถ้าอยากเล่นเกมขับรถหรือใช้พวงมาลัย ให้จอง Cockpit Zone / Cockpit ครับ • โซนนี้ใช้กับชุด Racezone Full Cockpit V3 และ Logitech G923 TRUEFORCE Racing Wheel • เกมที่ยืนยันได้คือ Gran Turismo 7 แหล่งข้อมูล: https://esports.computing.psu.ac.th/ คำถามที่ 2: เปิดวันไหนบ้าง เวลาบริการตามตารางคือ Morning 09:00-12:00 และ Afternoon 13:00-16:00 รายละเอียดจากตาราง: • วันจันทร์: Morning 09:00-12:00 = maintenance, Afternoon 13:00-16:00 = open • วันอังคาร: Morning 09:00-12:00 = open, Afternoon 13:00-16:00 = open • วันพุธ: Morning 09:00-12:00 = open, Afternoon 13:00-16:00 = open • วันพฤหัสบดี: Morning 09:00-12:00 = open, Afternoon 13:00-16:",pipeline:multi_question_splitter,multi_question/multi_question_split,100.0,True,2.1241,0,,,
MB-1257-C-025,compound,compound,TEKKEN 8 กับ Resident Evil Village มีปุ่มอะไรบ้าง,คำถามนี้มีหลายเรื่อง ขอแยกตอบเป็นข้อ ๆ: คำถามที่ 1: TEKKEN 8 มีปุ่มอะไรบ้าง TEKKEN 8 มีข้อมูลปุ่มควบคุมดังนี้: PlayStation / PS5 • Square: หมัดซ้าย / ต่อยซ้าย - ออกหมัดแย็บหรือโจมตีด้วยมือซ้าย เป็นปุ่มหลักในการเริ่มต้นเฟรมคอมโบที่รวดเร็ว • Triangle: หมัดขวา / ต่อยขวา - ออกหมัดหนักหรือโจมตีด้วยมือขวา มักใช้ทำดาเมจแรงหรือสวนกลับ (Counter) • Cross: ลูกเตะซ้าย - ใช้ขาซ้ายเตะสกัดหรือโจมตีเพื่อเปิดช่องว่างของศัตรู • Circle: ลูกเตะขวา - ใช้ขาขวาหวดเตะอย่างรุนแรง มักเป็นท่าเคลียร์ระยะหรือตัดขาที่ทำดาเมจสูง • D-Pad Up: กระโดด - ควบคุมให้ตัวละครกระโดดขึ้นด้านบนเพื่อหลบการโจมตีล่าง หรือใช้กดร่วมกับปุ่มโจมตีกลางอากาศ • D-Pad Left: ถอยหลัง / บล็อก - บังคับตัวละครให้เดินถอยหลังเพื่อรักษาระยะ หรือใช้กดค้าง,pipeline:multi_question_splitter,multi_question/multi_question_split,100.0,True,0.1653,0,,,
MB-0402-E-001,equipment,psu_fact,PC Zone มีอุปกรณ์อะไรบ้าง,อุปกรณ์ใน PC Zone: PC Zone • Gaming PC รุ่น MSI MAG Infinite S3 14th (10 Units) • Gaming Monitor (10 Units) • Gaming Keyboard • Gaming Mouse • Gaming Headset • Gaming Chair (10 Units) แหล่งข้อมูล: https://esports.phuket.psu.ac.th/home,pipeline:structured_equipment_catalog,equipment/list,100.0,True,1.3491,0,,,
MB-0403-E-002,equipment,psu_fact,PC Zone มีอะไรให้ใช้บ้าง,"คำถามนี้ยังตีได้หลายทางครับ หมายถึงเรื่องไหนของ PC Zone? ข้อมูลย่อที่ยืนยันได้ตอนนี้: • เกม: มี 6 เกม เช่น Call of Duty: Warzone, Counter-Strike 2, League of Legends, PUBG: BATTLEGROUNDS และอื่น ๆ | พิมพ์ `PC มีเกมอะไรบ้าง` • อุปกรณ์: มี 6 รายการ เช่น Gaming PC รุ่น MSI MAG Infinite S3 14th, Gaming Monitor, Gaming Keyboard, Gaming Mouse, Gaming Headset และอื่น ๆ | พิมพ์ `PC มีอุปกรณ์อะไรบ้าง` • ราคา: PC 1 ชั่วโมง (1 คน): PSU 0 บาท, General Student 25 บาท, General Adult 70 บาท | พิมพ์ `PC ราคาเท่าไหร่` • จอง: ต้องจองผ่านระบบก่อนเข้าใช้ | พิมพ์ `PC จองยังไง` พิมพ์ต่อสั้น ๆ ได้ เช่น `เกม`, `อุปกรณ์`, `ราคา` หรือ `จอง`",pipeline:ambiguity_clarification,clarification/ambiguity_gate_clarification,100.0,True,1.5009,1,universal_intent,,
MB-0404-E-003,equipment,psu_fact,PlayStation 5 Zone มีอุปกรณ์อะไรบ้าง,อุปกรณ์ใน PlayStation 5 Zone: PlayStation 5 Zone / VR Zone • PlayStation 5 Slim With Ultra HD Blu-Ray Disc Drive (2 Units in PlayStation 5 Zone and 1 Unit in VR Zone) แหล่งข้อมูล: https://esports.phuket.psu.ac.th/home,pipeline:structured_equipment_catalog,equipment/list,100.0,True,1.4945,0,,,
MB-0405-E-004,equipment,psu_fact,PlayStation 5 Zone มีอะไรให้ใช้บ้าง,"คำถามนี้ยังตีได้หลายทางครับ หมายถึงเรื่องไหนของ PlayStation 5 Zone? ข้อมูลย่อที่ยืนยันได้ตอนนี้: • เกม: มี 24 เกม เช่น Beat Saber, Call of Duty: Modern Warfare III, Call of Duty: Warzone, EA Sports FC 24 และอื่น ๆ | พิมพ์ `PS5 มีเกมอะไรบ้าง` • อุปกรณ์: มี 1 รายการ เช่น PlayStation 5 Slim With Ultra HD Blu-Ray Disc Drive | พิมพ์ `PS5 มีอุปกรณ์อะไรบ้าง` • ราคา: PlayStation 5 1 ชั่วโมง (1-2 คน): PSU 0 บาท, General Student 50 บาท, General Adult 150 บาท | พิมพ์ `PS5 ราคาเท่าไหร่` • จอง: ต้องจองผ่านระบบก่อนเข้าใช้ | พิมพ์ `PS5 จองยังไง` พิมพ์ต่อสั้น ๆ ได้ เช่น `เกม`, `อุปกรณ์`, `ราคา` หรือ `จอง`",pipeline:ambiguity_clarification,clarification/ambiguity_gate_clarification,100.0,True,1.3947,1,universal_intent,,
MB-0406-E-005,equipment,psu_fact,Nintendo Switch Zone มีอุปกรณ์อะไรบ้าง,อุปกรณ์ใน Nintendo Switch Zone: Nintendo Switch Zone • Nintendo Switch OLED (1 Unit) • TV 86 นิ้ว (1 Unit) • Sofa 2 seats (2 Sets) แหล่งข้อมูล: https://esports.phuket.psu.ac.th/home,pipeline:structured_equipment_catalog,equipment/list,100.0,True,1.5622,0,,,
MB-0407-E-006,equipment,psu_fact,Nintendo Switch Zone มีอะไรให้ใช้บ้าง,Nintendo Switch OLED: เครื่องเกม Nintendo Switch รุ่น OLED สำหรับเล่นเกมคอนโซลแบบกลุ่มหรือครอบครัว จำนวน: 1 Unit อยู่ที่: Nintendo Switch Zone ใช้สำหรับ: • เล่น Mario Kart 8 Deluxe • เล่น Overcooked 2 • เล่น Super Smash Bros Ultimate • เล่น Nintendo Switch Sports แหล่งข้อมูล: https://esports.phuket.psu.ac.th/home,pipeline:structured_equipment_item,equipment/equipment_item_lookup,100.0,True,1.4845,0,,,
MB-0408-E-007,equipment,psu_fact,VR Zone มีอุปกรณ์อะไรบ้าง,อุปกรณ์ใน VR Zone: PlayStation 5 Zone / VR Zone • PlayStation 5 Slim With Ultra HD Blu-Ray Disc Drive (2 Units in PlayStation 5 Zone and 1 Unit in VR Zone) VR Zone • Sony PlayStation VR2 (1 Unit) แหล่งข้อมูล: https://esports.phuket.psu.ac.th/home,pipeline:structured_equipment_catalog,equipment/list,100.0,True,1.4983,0,,,
MB-0409-E-008,equipment,psu_fact,VR Zone มีอะไรให้ใช้บ้าง,"คำถามนี้ยังตีได้หลายทางครับ หมายถึงเรื่องไหนของ VR Zone? ข้อมูลย่อที่ยืนยันได้ตอนนี้: • เกม: มี 2 เกม เช่น Beat Saber, Horizon Call of the Mountain | พิมพ์ `VR มีเกมอะไรบ้าง` • อุปกรณ์: มี 1 รายการ เช่น Sony PlayStation VR2 | พิมพ์ `VR มีอุปกรณ์อะไรบ้าง` • ราคา: มีหลายแพ็กเกจตามเวลา/จำนวนผู้เล่น: VR 30 นาที (1-5 คน), VR 1 ชั่วโมง (1-5 คน) | พิมพ์ `VR ราคาเท่าไหร่` • จอง: ต้องจองผ่านระบบก่อนเข้าใช้ | พิมพ์ `VR จองยังไง` พิมพ์ต่อสั้น ๆ ได้ เช่น `เกม`, `อุปกรณ์`, `ราคา` หรือ `จอง`",pipeline:ambiguity_clarification,clarification/ambiguity_gate_clarification,100.0,True,1.4377,1,universal_intent,,
MB-0410-E-009,equipment,psu_fact,Cockpit Zone มีอุปกรณ์อะไรบ้าง,อุปกรณ์ใน Cockpit Zone: Cockpit Zone • Logitech G923 TRUEFORCE Racing Wheel (2 Units with Driving Force Shifter) • Driving Force Shifter (2 Units with Logitech G923) • Racezone Full Cockpit V3 (2 Units) • Pulse Elite Wireless Headset (2 Units) • TV 65 นิ้ว (2 Units) แหล่งข้อมูล: https://esports.phuket.psu.ac.th/home,pipeline:structured_equipment_catalog,equipment/list,100.0,True,1.5883,0,,,
MB-0411-E-010,equipment,psu_fact,Cockpit Zone มีอะไรให้ใช้บ้าง,"คำถามนี้ยังตีได้หลายทางครับ หมายถึงเรื่องไหนของ Cockpit Zone? ข้อมูลย่อที่ยืนยันได้ตอนนี้: • เกม: มี 1 เกม เช่น Gran Turismo 7 | พิมพ์ `Cockpit มีเกมอะไรบ้าง` • อุปกรณ์: มี 5 รายการ เช่น Logitech G923 TRUEFORCE Racing Wheel, Driving Force Shifter, Racezone Full Cockpit V3, Pulse Elite Wireless Headset, TV 65 นิ้ว | พิมพ์ `Cockpit มีอุปกรณ์อะไรบ้าง` • ราคา: Cockpit 1 ชั่วโมง (1 คน): PSU 0 บาท, General Student 65 บาท, General Adult 200 บาท | พิมพ์ `Cockpit ราคาเท่าไหร่` • จอง: ต้องจองผ่านระบบก่อนเข้าใช้ | พิมพ์ `Cockpit จองยังไง` พิมพ์ต่อสั้น ๆ ได้ เช่น `เกม`, `อุปกรณ์`, `ราคา` หรือ `จอง`",pipeline:ambiguity_clarification,clarification/ambiguity_gate_clarification,100.0,True,1.8329,1,universal_intent,,
MB-0412-E-011,equipment,psu_fact,Gaming PC รุ่น MSI MAG Infinite S3 14th คืออะไร,"Gaming PC รุ่น MSI MAG Infinite S3 14th: เครื่องคอมพิวเตอร์เกมมิ่งของ PC Zone สำหรับเล่นเกมบนคอมและฝึกซ้อมอีสปอร์ต จำนวน: 10 Units อยู่ที่: PC Zone ใช้สำหรับ: • เล่น VALORANT • เล่น Counter-Strike 2 • เล่น PUBG: BATTLEGROUNDS • เล่น Call of Duty: Warzone • เล่น TEKKEN 8 • เล่น League of Legends หมายเหตุ: สเปกที่บันทึกไว้ในโปรเจกต์: Intel Core i5-14400, RAM DDR5 32GB, NVIDIA GeForce RTX 5060 8GB แหล่งข้อมูล: https://esports.phuket.psu.ac.th/home",pipeline:structured_equipment_item,equipment/equipment_item_lookup,100.0,True,1.4274,0,,,
MB-0413-E-012,equipment,psu_fact,Gaming PC รุ่น MSI MAG Infinite S3 14th อยู่โซนไหน,"Gaming PC รุ่น MSI MAG Infinite S3 14th: เครื่องคอมพิวเตอร์เกมมิ่งของ PC Zone สำหรับเล่นเกมบนคอมและฝึกซ้อมอีสปอร์ต จำนวน: 10 Units อยู่ที่: PC Zone ใช้สำหรับ: • เล่น VALORANT • เล่น Counter-Strike 2 • เล่น PUBG: BATTLEGROUNDS • เล่น Call of Duty: Warzone • เล่น TEKKEN 8 • เล่น League of Legends หมายเหตุ: สเปกที่บันทึกไว้ในโปรเจกต์: Intel Core i5-14400, RAM DDR5 32GB, NVIDIA GeForce RTX 5060 8GB แหล่งข้อมูล: https://esports.phuket.psu.ac.th/home",pipeline:structured_equipment_item,equipment/equipment_item_lookup,100.0,True,1.4656,0,,,
MB-0414-E-013,equipment,psu_fact,Gaming PC รุ่น MSI MAG Infinite S3 14th ใช้ทำอะไร,"Gaming PC รุ่น MSI MAG Infinite S3 14th: เครื่องคอมพิวเตอร์เกมมิ่งของ PC Zone สำหรับเล่นเกมบนคอมและฝึกซ้อมอีสปอร์ต จำนวน: 10 Units อยู่ที่: PC Zone ใช้สำหรับ: • เล่น VALORANT • เล่น Counter-Strike 2 • เล่น PUBG: BATTLEGROUNDS • เล่น Call of Duty: Warzone • เล่น TEKKEN 8 • เล่น League of Legends หมายเหตุ: สเปกที่บันทึกไว้ในโปรเจกต์: Intel Core i5-14400, RAM DDR5 32GB, NVIDIA GeForce RTX 5060 8GB แหล่งข้อมูล: https://esports.phuket.psu.ac.th/home",pipeline:structured_equipment_item,equipment/equipment_item_lookup,100.0,True,1.3779,0,,,
MB-0415-E-014,equipment,psu_fact,Gaming Monitor คืออะไร,Gaming Monitor: จอภาพสำหรับใช้คู่กับ Gaming PC ใน PC Zone จำนวน: 10 Units อยู่ที่: PC Zone ใช้สำหรับ: • แสดงผลเกมและโปรแกรมบน PC Zone แหล่งข้อมูล: https://esports.phuket.psu.ac.th/home,pipeline:structured_equipment_item,equipment/equipment_item_lookup,100.0,True,1.5788,0,,,
MB-0416-E-015,equipment,psu_fact,Gaming Monitor อยู่โซนไหน,Gaming Monitor: จอภาพสำหรับใช้คู่กับ Gaming PC ใน PC Zone จำนวน: 10 Units อยู่ที่: PC Zone ใช้สำหรับ: • แสดงผลเกมและโปรแกรมบน PC Zone แหล่งข้อมูล: https://esports.phuket.psu.ac.th/home,pipeline:structured_equipment_item,equipment/equipment_item_lookup,100.0,True,1.5548,0,,,
MB-0417-E-016,equipment,psu_fact,Gaming Monitor ใช้ทำอะไร,Gaming Monitor: จอภาพสำหรับใช้คู่กับ Gaming PC ใน PC Zone จำนวน: 10 Units อยู่ที่: PC Zone ใช้สำหรับ: • แสดงผลเกมและโปรแกรมบน PC Zone แหล่งข้อมูล: https://esports.phuket.psu.ac.th/home,pipeline:structured_equipment_item,equipment/equipment_item_lookup,100.0,True,1.612,0,,,
MB-0418-E-017,equipment,psu_fact,Gaming Keyboard คืออะไร,Gaming Keyboard: คีย์บอร์ดสำหรับควบคุมเกมและพิมพ์บน Gaming PC อยู่ที่: PC Zone ใช้สำหรับ: • ควบคุมเกม PC • พิมพ์ข้อมูล แหล่งข้อมูล: https://esports.phuket.psu.ac.th/home,pipeline:structured_equipment_item,equipment/equipment_item_lookup,100.0,True,1.5256,0,,,
MB-0419-E-018,equipment,psu_fact,Gaming Keyboard อยู่โซนไหน,Gaming Keyboard: คีย์บอร์ดสำหรับควบคุมเกมและพิมพ์บน Gaming PC อยู่ที่: PC Zone ใช้สำหรับ: • ควบคุมเกม PC • พิมพ์ข้อมูล แหล่งข้อมูล: https://esports.phuket.psu.ac.th/home,pipeline:structured_equipment_item,equipment/equipment_item_lookup,100.0,True,1.7216,0,,,
MB-0420-E-019,equipment,psu_fact,Gaming Keyboard ใช้ทำอะไร,Gaming Keyboard: คีย์บอร์ดสำหรับควบคุมเกมและพิมพ์บน Gaming PC อยู่ที่: PC Zone ใช้สำหรับ: • ควบคุมเกม PC • พิมพ์ข้อมูล แหล่งข้อมูล: https://esports.phuket.psu.ac.th/home,pipeline:structured_equipment_item,equipment/equipment_item_lookup,100.0,True,1.5486,0,,,
MB-0421-E-020,equipment,psu_fact,Gaming Mouse คืออะไร,Gaming Mouse: เมาส์สำหรับเล่นเกมบน Gaming PC อยู่ที่: PC Zone ใช้สำหรับ: • ควบคุมเกม PC โดยเฉพาะเกม FPS/MOBA แหล่งข้อมูล: https://esports.phuket.psu.ac.th/home,pipeline:structured_equipment_item,equipment/equipment_item_lookup,100.0,True,1.6379,0,,,
MB-0422-E-021,equipment,psu_fact,Gaming Mouse อยู่โซนไหน,Gaming Mouse: เมาส์สำหรับเล่นเกมบน Gaming PC อยู่ที่: PC Zone ใช้สำหรับ: • ควบคุมเกม PC โดยเฉพาะเกม FPS/MOBA แหล่งข้อมูล: https://esports.phuket.psu.ac.th/home,pipeline:structured_equipment_item,equipment/equipment_item_lookup,100.0,True,1.4725,0,,,
MB-0423-E-022,equipment,psu_fact,Gaming Mouse ใช้ทำอะไร,Gaming Mouse: เมาส์สำหรับเล่นเกมบน Gaming PC อยู่ที่: PC Zone ใช้สำหรับ: • ควบคุมเกม PC โดยเฉพาะเกม FPS/MOBA แหล่งข้อมูล: https://esports.phuket.psu.ac.th/home,pipeline:structured_equipment_item,equipment/equipment_item_lookup,100.0,True,1.5561,0,,,
MB-0424-E-023,equipment,psu_fact,Gaming Headset คืออะไร,Gaming Headset: หูฟังเกมมิ่งสำหรับฟังเสียงเกมและสื่อสารระหว่างเล่น อยู่ที่: PC Zone ใช้สำหรับ: • ฟังเสียงเกม • สื่อสารในเกมหรือกิจกรรมอีสปอร์ต แหล่งข้อมูล: https://esports.phuket.psu.ac.th/home,pipeline:structured_equipment_item,equipment/equipment_item_lookup,100.0,True,1.4972,0,,,
MB-0425-E-024,equipment,psu_fact,Gaming Headset อยู่โซนไหน,Gaming Headset: หูฟังเกมมิ่งสำหรับฟังเสียงเกมและสื่อสารระหว่างเล่น อยู่ที่: PC Zone ใช้สำหรับ: • ฟังเสียงเกม • สื่อสารในเกมหรือกิจกรรมอีสปอร์ต แหล่งข้อมูล: https://esports.phuket.psu.ac.th/home,pipeline:structured_equipment_item,equipment/equipment_item_lookup,100.0,True,1.5918,0,,,
MB-0426-E-025,equipment,psu_fact,Gaming Headset ใช้ทำอะไร,Gaming Headset: หูฟังเกมมิ่งสำหรับฟังเสียงเกมและสื่อสารระหว่างเล่น อยู่ที่: PC Zone ใช้สำหรับ: • ฟังเสียงเกม • สื่อสารในเกมหรือกิจกรรมอีสปอร์ต แหล่งข้อมูล: https://esports.phuket.psu.ac.th/home,pipeline:structured_equipment_item,equipment/equipment_item_lookup,100.0,True,1.4581,0,,,
MB-0247-GC-001,game_controls,psu_fact,Animal Crossing: New Horizons ปุ่มทั้งหมดมีอะไรบ้าง,Animal Crossing: New Horizons มีข้อมูลปุ่มควบคุมดังนี้: Nintendo Switch • L (Left Stick): เคลื่อนที่ - บังคับทิศทางการเดินของตัวละคร • R (Right Stick): มุมกล้อง - ปรับมุมมองกล้อง ขึ้นหรือลง • A: โต้ตอบ / ใช้ไอเทม / ย้ายเฟอร์นิเจอร์ (กดค้าง) - โต้ตอบกับสิ่งแวดล้อม คุยกับ NPC ใช้ไอเทม และกดค้างเพื่อย้ายเฟอร์นิเจอร์ • B: ยกเลิก - ยกเลิกคำสั่งหรือออกจากเมนู • X: กระเป๋าช่องเก็บของ - เปิดหน้าต่างช่องเก็บของที่พกติดตัว • Y: หยิบไอเทม - หยิบไอเทมที่อยู่บนพื้น • D-Pad Up: วงล้อเครื่องมือ - เปิดเมนูวงล้อเพื่อเลือกหยิบเครื่องมืออย่างรวดเร็ว • D-Pad Left / Right: สลับเครื่องมือ - สลับไปถือเครื่องมือชิ้นอื่นในกระเป๋าซ้ายหรือขวา • D-Pad Down: เก็บเครื่องมือ - เก็บเครื่องมือในมือลงกระเป๋าทันที • ZL: สมาร์,pipeline:structured_game_controls,games/game_control_lookup,100.0,True,0.1198,0,,,
MB-0248-GC-002,game_controls,psu_fact,Animal Crossing: New Horizons ใช้จอยยังไง,Animal Crossing: New Horizons มีข้อมูลปุ่มควบคุมดังนี้: Nintendo Switch • L (Left Stick): เคลื่อนที่ - บังคับทิศทางการเดินของตัวละคร • R (Right Stick): มุมกล้อง - ปรับมุมมองกล้อง ขึ้นหรือลง • A: โต้ตอบ / ใช้ไอเทม / ย้ายเฟอร์นิเจอร์ (กดค้าง) - โต้ตอบกับสิ่งแวดล้อม คุยกับ NPC ใช้ไอเทม และกดค้างเพื่อย้ายเฟอร์นิเจอร์ • B: ยกเลิก - ยกเลิกคำสั่งหรือออกจากเมนู • X: กระเป๋าช่องเก็บของ - เปิดหน้าต่างช่องเก็บของที่พกติดตัว • Y: หยิบไอเทม - หยิบไอเทมที่อยู่บนพื้น • D-Pad Up: วงล้อเครื่องมือ - เปิดเมนูวงล้อเพื่อเลือกหยิบเครื่องมืออย่างรวดเร็ว • D-Pad Left / Right: สลับเครื่องมือ - สลับไปถือเครื่องมือชิ้นอื่นในกระเป๋าซ้ายหรือขวา • D-Pad Down: เก็บเครื่องมือ - เก็บเครื่องมือในมือลงกระเป๋าทันที • ZL: สมาร์,pipeline:structured_game_controls,games/game_control_lookup,100.0,True,0.0816,0,,,
MB-0249-GC-003,game_controls,psu_fact,Animal Crossing: New Horizons ปุ่มเคลื่อนที่กดอะไร,Animal Crossing: New Horizons ปุ่มที่ตรงกับคำถาม: Nintendo Switch • L (Left Stick): เคลื่อนที่ - บังคับทิศทางการเดินของตัวละคร แหล่งข้อมูล: https://gameinputdatabase.com/game/66,pipeline:structured_game_controls,games/game_control_lookup,100.0,True,0.1337,0,,,
MB-0250-GC-004,game_controls,psu_fact,Animal Crossing: New Horizons ปุ่มมุมกล้องกดอะไร,Animal Crossing: New Horizons ปุ่มที่ตรงกับคำถาม: Nintendo Switch • R (Right Stick): มุมกล้อง - ปรับมุมมองกล้อง ขึ้นหรือลง แหล่งข้อมูล: https://gameinputdatabase.com/game/66,pipeline:structured_game_controls,games/game_control_lookup,100.0,True,0.1027,0,,,
MB-0251-GC-005,game_controls,psu_fact,Beat Saber ปุ่มทั้งหมดมีอะไรบ้าง,Beat Saber มีข้อมูลปุ่มควบคุมดังนี้: PlayStation VR2 / PS5 • Left PS VR2 Sense controller motion: ฟันบล็อกด้วยดาบมือซ้าย - ใช้การขยับคอนโทรลเลอร์ฝั่งซ้ายเพื่อฟันบล็อกตามจังหวะเพลง โดยอิงจากหลักการเล่น Beat Saber ที่ให้ผู้เล่นฟัน beat ใน VR • Right PS VR2 Sense controller motion: ฟันบล็อกด้วยดาบมือขวา - ใช้การขยับคอนโทรลเลอร์ฝั่งขวาเพื่อฟันบล็อกตามจังหวะเพลง โดยอิงจากหลักการเล่น Beat Saber ที่ให้ผู้เล่นฟัน beat ใน VR • Head/body movement: หลบและจัดตำแหน่งร่างกาย - เป็นข้อมูลวิธีเล่นระดับภาพรวมจากแหล่งทางการ ไม่ใช่ผังคีย์ละเอียดรายปุ่ม แหล่งข้อมูล: https://www.playstation.com/en-us/games/beat-saber/,pipeline:structured_game_controls,games/game_control_lookup,100.0,True,0.0845,0,,,
MB-0252-GC-006,game_controls,psu_fact,Beat Saber ใช้จอยยังไง,Beat Saber มีข้อมูลปุ่มควบคุมดังนี้: PlayStation VR2 / PS5 • Left PS VR2 Sense controller motion: ฟันบล็อกด้วยดาบมือซ้าย - ใช้การขยับคอนโทรลเลอร์ฝั่งซ้ายเพื่อฟันบล็อกตามจังหวะเพลง โดยอิงจากหลักการเล่น Beat Saber ที่ให้ผู้เล่นฟัน beat ใน VR • Right PS VR2 Sense controller motion: ฟันบล็อกด้วยดาบมือขวา - ใช้การขยับคอนโทรลเลอร์ฝั่งขวาเพื่อฟันบล็อกตามจังหวะเพลง โดยอิงจากหลักการเล่น Beat Saber ที่ให้ผู้เล่นฟัน beat ใน VR • Head/body movement: หลบและจัดตำแหน่งร่างกาย - เป็นข้อมูลวิธีเล่นระดับภาพรวมจากแหล่งทางการ ไม่ใช่ผังคีย์ละเอียดรายปุ่ม แหล่งข้อมูล: https://www.playstation.com/en-us/games/beat-saber/,pipeline:structured_game_controls,games/game_control_lookup,100.0,True,0.0539,0,,,
MB-0253-GC-007,game_controls,psu_fact,Beat Saber ปุ่มฟันบล็อกด้วยดาบมือซ้ายกดอะไร,Beat Saber ปุ่มที่ตรงกับคำถาม: PlayStation VR2 / PS5 • Left PS VR2 Sense controller motion: ฟันบล็อกด้วยดาบมือซ้าย - ใช้การขยับคอนโทรลเลอร์ฝั่งซ้ายเพื่อฟันบล็อกตามจังหวะเพลง โดยอิงจากหลักการเล่น Beat Saber ที่ให้ผู้เล่นฟัน beat ใน VR • Right PS VR2 Sense controller motion: ฟันบล็อกด้วยดาบมือขวา - ใช้การขยับคอนโทรลเลอร์ฝั่งขวาเพื่อฟันบล็อกตามจังหวะเพลง โดยอิงจากหลักการเล่น Beat Saber ที่ให้ผู้เล่นฟัน beat ใน VR แหล่งข้อมูล: https://www.playstation.com/en-us/games/beat-saber/,pipeline:structured_game_controls,games/game_control_lookup,100.0,True,0.1182,0,,,
MB-0254-GC-008,game_controls,psu_fact,Beat Saber ปุ่มฟันบล็อกด้วยดาบมือขวากดอะไร,Beat Saber ปุ่มที่ตรงกับคำถาม: PlayStation VR2 / PS5 • Left PS VR2 Sense controller motion: ฟันบล็อกด้วยดาบมือซ้าย - ใช้การขยับคอนโทรลเลอร์ฝั่งซ้ายเพื่อฟันบล็อกตามจังหวะเพลง โดยอิงจากหลักการเล่น Beat Saber ที่ให้ผู้เล่นฟัน beat ใน VR • Right PS VR2 Sense controller motion: ฟันบล็อกด้วยดาบมือขวา - ใช้การขยับคอนโทรลเลอร์ฝั่งขวาเพื่อฟันบล็อกตามจังหวะเพลง โดยอิงจากหลักการเล่น Beat Saber ที่ให้ผู้เล่นฟัน beat ใน VR แหล่งข้อมูล: https://www.playstation.com/en-us/games/beat-saber/,pipeline:structured_game_controls,games/game_control_lookup,100.0,True,0.1161,0,,,
MB-0255-GC-009,game_controls,psu_fact,Call of Duty: Modern Warfare III ปุ่มทั้งหมดมีอะไรบ้าง,Call of Duty: Modern Warfare III มีข้อมูลปุ่มควบคุมดังนี้: PlayStation / PS5 • L1: กระโดด / ปีนป่าย - กระโดดข้ามสิ่งกีดขวาง (จุดเด่นของ Bumper Jumper) • R3: เปลี่ยนท่า / สไลด์ / พุ่งหลบ - กดหรือกดค้างขณะวิ่งเพื่อสไลด์หรือพุ่ง (จุดเด่นของ Tactical) • Cross: ใช้อุปกรณ์ยุทธวิธี - ปาระเบิดแฟลชหรือสตัน • Circle: โจมตีประชิด - ใช้มีดฟันหรือพานท้ายปืนทุบศัตรู • L2: เล็งผ่านศูนย์เล็ง - กดค้างเพื่อยกปืนเล็ง • R2: ยิงอาวุธ - กดยิงปืน • R1: ใช้อุปกรณ์ทำลายล้าง - ขว้างระเบิดมือ ระเบิดเพลิง หรือมีดขว้าง • Square: โต้ตอบ / รีโหลด - เปลี่ยนกระสุนปืนหรือเก็บไอเทม • Triangle: สลับอาวุธ - สลับปืนหลักและปืนรอง • L3: วิ่ง / กลั้นหายใจ - กดเพื่อวิ่งเร็วขึ้น หรือกลั้นหายใจนิ่ง ๆ ตอนเล็งสไนเปอร์ แหล่งข้อมูล: https,pipeline:structured_game_controls,games/game_control_lookup,100.0,True,0.1068,0,,,
MB-0256-GC-010,game_controls,psu_fact,Call of Duty: Modern Warfare III ใช้จอยยังไง,Call of Duty: Modern Warfare III มีข้อมูลปุ่มควบคุมดังนี้: PlayStation / PS5 • L1: กระโดด / ปีนป่าย - กระโดดข้ามสิ่งกีดขวาง (จุดเด่นของ Bumper Jumper) • R3: เปลี่ยนท่า / สไลด์ / พุ่งหลบ - กดหรือกดค้างขณะวิ่งเพื่อสไลด์หรือพุ่ง (จุดเด่นของ Tactical) • Cross: ใช้อุปกรณ์ยุทธวิธี - ปาระเบิดแฟลชหรือสตัน • Circle: โจมตีประชิด - ใช้มีดฟันหรือพานท้ายปืนทุบศัตรู • L2: เล็งผ่านศูนย์เล็ง - กดค้างเพื่อยกปืนเล็ง • R2: ยิงอาวุธ - กดยิงปืน • R1: ใช้อุปกรณ์ทำลายล้าง - ขว้างระเบิดมือ ระเบิดเพลิง หรือมีดขว้าง • Square: โต้ตอบ / รีโหลด - เปลี่ยนกระสุนปืนหรือเก็บไอเทม • Triangle: สลับอาวุธ - สลับปืนหลักและปืนรอง • L3: วิ่ง / กลั้นหายใจ - กดเพื่อวิ่งเร็วขึ้น หรือกลั้นหายใจนิ่ง ๆ ตอนเล็งสไนเปอร์ แหล่งข้อมูล: https,pipeline:structured_game_controls,games/game_control_lookup,100.0,True,0.0814,0,,,
MB-0257-GC-011,game_controls,psu_fact,Call of Duty: Modern Warfare III ปุ่มกระโดด / ปีนป่ายกดอะไร,Call of Duty: Modern Warfare III ปุ่มที่ตรงกับคำถาม: PlayStation / PS5 • L1: กระโดด / ปีนป่าย - กระโดดข้ามสิ่งกีดขวาง (จุดเด่นของ Bumper Jumper) แหล่งข้อมูล: https://www.gamepur.com/guides/best-modern-warfare-3-controller-settings-aim-assist-deadzones-button-layout,pipeline:structured_game_controls,games/game_control_lookup,100.0,True,0.1235,0,,,
MB-0258-GC-012,game_controls,psu_fact,Call of Duty: Modern Warfare III ปุ่มเปลี่ยนท่า / สไลด์ / พุ่งหลบกดอะไร,Call of Duty: Modern Warfare III ปุ่มที่ตรงกับคำถาม: PlayStation / PS5 • R3: เปลี่ยนท่า / สไลด์ / พุ่งหลบ - กดหรือกดค้างขณะวิ่งเพื่อสไลด์หรือพุ่ง (จุดเด่นของ Tactical) แหล่งข้อมูล: https://www.gamepur.com/guides/best-modern-warfare-3-controller-settings-aim-assist-deadzones-button-layout,pipeline:structured_game_controls,games/game_control_lookup,100.0,True,0.1544,0,,,
MB-0259-GC-013,game_controls,psu_fact,Call of Duty: Warzone ปุ่มทั้งหมดมีอะไรบ้าง,Call of Duty: Warzone มีข้อมูลปุ่มควบคุมดังนี้: PlayStation / PS5 • Cross: กระโดด / ปีนป่าย - กระโดด หรือปีนข้ามสิ่งกีดขวาง • Circle: ย่อตัว / หมอบ / สไลด์ - กดเปลี่ยนท่าทาง หรือกดขณะวิ่งเพื่อสไลด์เข่า • Square: โต้ตอบ / รีโหลด - เก็บของ เปิดกล่อง ฟาร์มไอเทม หรือรีโหลดกระสุน • Triangle: สลับอาวุธ - สลับเปลี่ยนปืน • D-Pad: คำสั่งเฉพาะโหมด - คำสั่งเสริมตามโหมดการเล่น เช่น ปิง หรือ คิลสตรีค • Touch Pad: ตารางคะแนน / แผนที่ - เปิดตารางคะแนนและแผนที่ยุทธวิธี • Options: เมนูหลัก - เปิดเมนูตั้งค่าและหยุดเกม • L1: ใช้อุปกรณ์ยุทธวิธี - ใช้งานระเบิดควัน แฟลช หรืออุปกรณ์สายสนับสนุน • R1: ใช้อุปกรณ์ทำลายล้าง - ใช้งานระเบิดทำลายล้างต่าง ๆ • L2: เล็งปืน (ADS) - ยกปืนเล็งศูนย์ • R2: ยิง - ลั่นไกปืน • L3: ว,pipeline:structured_game_controls,games/game_control_lookup,100.0,True,0.0997,0,,,
MB-0260-GC-014,game_controls,psu_fact,Call of Duty: Warzone ใช้จอยยังไง,Call of Duty: Warzone มีข้อมูลปุ่มควบคุมดังนี้: PlayStation / PS5 • Cross: กระโดด / ปีนป่าย - กระโดด หรือปีนข้ามสิ่งกีดขวาง • Circle: ย่อตัว / หมอบ / สไลด์ - กดเปลี่ยนท่าทาง หรือกดขณะวิ่งเพื่อสไลด์เข่า • Square: โต้ตอบ / รีโหลด - เก็บของ เปิดกล่อง ฟาร์มไอเทม หรือรีโหลดกระสุน • Triangle: สลับอาวุธ - สลับเปลี่ยนปืน • D-Pad: คำสั่งเฉพาะโหมด - คำสั่งเสริมตามโหมดการเล่น เช่น ปิง หรือ คิลสตรีค • Touch Pad: ตารางคะแนน / แผนที่ - เปิดตารางคะแนนและแผนที่ยุทธวิธี • Options: เมนูหลัก - เปิดเมนูตั้งค่าและหยุดเกม • L1: ใช้อุปกรณ์ยุทธวิธี - ใช้งานระเบิดควัน แฟลช หรืออุปกรณ์สายสนับสนุน • R1: ใช้อุปกรณ์ทำลายล้าง - ใช้งานระเบิดทำลายล้างต่าง ๆ • L2: เล็งปืน (ADS) - ยกปืนเล็งศูนย์ • R2: ยิง - ลั่นไกปืน • L3: ว,pipeline:structured_game_controls,games/game_control_lookup,100.0,True,0.0691,0,,,
MB-0261-GC-015,game_controls,psu_fact,Call of Duty: Warzone ปุ่มกระโดด / ปีนป่ายกดอะไร,Call of Duty: Warzone ปุ่มที่ตรงกับคำถาม: PlayStation / PS5 • Cross: กระโดด / ปีนป่าย - กระโดด หรือปีนข้ามสิ่งกีดขวาง แหล่งข้อมูล: https://gameaccess.info/call-of-duty-warzone-battle-royale-mode-controls/,pipeline:structured_game_controls,games/game_control_lookup,100.0,True,0.1039,0,,,
MB-0262-GC-016,game_controls,psu_fact,Call of Duty: Warzone ปุ่มย่อตัว / หมอบ / สไลด์กดอะไร,Call of Duty: Warzone ปุ่มที่ตรงกับคำถาม: PlayStation / PS5 • Circle: ย่อตัว / หมอบ / สไลด์ - กดเปลี่ยนท่าทาง หรือกดขณะวิ่งเพื่อสไลด์เข่า แหล่งข้อมูล: https://gameaccess.info/call-of-duty-warzone-battle-royale-mode-controls/,pipeline:structured_game_controls,games/game_control_lookup,100.0,True,0.1361,0,,,
MB-0263-GC-017,game_controls,psu_fact,Counter-Strike 2 ปุ่มทั้งหมดมีอะไรบ้าง,"Counter-Strike 2 มีข้อมูลปุ่มควบคุมดังนี้: PC • W / A / S / D: เคลื่อนที่ - W เดินหน้า, A ไปซ้าย, S ถอยหลัง, D ไปขวา • Left Shift: เดินช้า - เดินแบบลดเสียงเท้า • Left Ctrl: ย่อตัว - ย่อตัว/ก้ม • Spacebar: กระโดด - กระโดด • E: ใช้งาน/โต้ตอบ - ใช้โต้ตอบ เช่น กู้ระเบิดหรือใช้งานวัตถุ • Left Mouse Button: ยิง - ยิงอาวุธ • Right Mouse Button: ยิง/เล็งแบบรอง - โหมดรองของอาวุธตามชนิดอาวุธ • R: รีโหลด - เปลี่ยนกระสุน • Q: สลับกลับอาวุธล่าสุด - กลับไปอาวุธที่ใช้ก่อนหน้า • G: ทิ้งอาวุธ - โยนอาวุธที่ถืออยู่ลงพื้น • B: เปิดเมนูซื้อของ - เปิดเมนูซื้ออาวุธ/อุปกรณ์ • 1 / 2 / 3: เลือกอาวุธ - 1 อาวุธหลัก, 2 อาวุธรอง, 3 มีด • 4: เลือก/วนระเบิด - เลือกกลุ่มระเบิด • Tab: ดูตารางคะแนน - เปิด scoreboard • Y / U: ",pipeline:structured_game_controls,games/game_control_lookup,100.0,True,0.0836,0,,,
MB-0264-GC-018,game_controls,psu_fact,Counter-Strike 2 ใช้จอยยังไง,"Counter-Strike 2 มีข้อมูลปุ่มควบคุมดังนี้: PC • W / A / S / D: เคลื่อนที่ - W เดินหน้า, A ไปซ้าย, S ถอยหลัง, D ไปขวา • Left Shift: เดินช้า - เดินแบบลดเสียงเท้า • Left Ctrl: ย่อตัว - ย่อตัว/ก้ม • Spacebar: กระโดด - กระโดด • E: ใช้งาน/โต้ตอบ - ใช้โต้ตอบ เช่น กู้ระเบิดหรือใช้งานวัตถุ • Left Mouse Button: ยิง - ยิงอาวุธ • Right Mouse Button: ยิง/เล็งแบบรอง - โหมดรองของอาวุธตามชนิดอาวุธ • R: รีโหลด - เปลี่ยนกระสุน • Q: สลับกลับอาวุธล่าสุด - กลับไปอาวุธที่ใช้ก่อนหน้า • G: ทิ้งอาวุธ - โยนอาวุธที่ถืออยู่ลงพื้น • B: เปิดเมนูซื้อของ - เปิดเมนูซื้ออาวุธ/อุปกรณ์ • 1 / 2 / 3: เลือกอาวุธ - 1 อาวุธหลัก, 2 อาวุธรอง, 3 มีด • 4: เลือก/วนระเบิด - เลือกกลุ่มระเบิด • Tab: ดูตารางคะแนน - เปิด scoreboard • Y / U: ",pipeline:structured_game_controls,games/game_control_lookup,100.0,True,0.0604,0,,,
MB-0265-GC-019,game_controls,psu_fact,Counter-Strike 2 ปุ่มเคลื่อนที่กดอะไร,"Counter-Strike 2 ปุ่มที่ตรงกับคำถาม: PC • W / A / S / D: เคลื่อนที่ - W เดินหน้า, A ไปซ้าย, S ถอยหลัง, D ไปขวา แหล่งข้อมูล: https://www.holy.gg/en/post/counter-strike-2-keyboard-mouse-controls-pc",pipeline:structured_game_controls,games/game_control_lookup,100.0,True,0.088,0,,,
MB-0266-GC-020,game_controls,psu_fact,Counter-Strike 2 ปุ่มเดินช้ากดอะไร,Counter-Strike 2 ปุ่มที่ตรงกับคำถาม: PC • Left Shift: เดินช้า - เดินแบบลดเสียงเท้า แหล่งข้อมูล: https://www.holy.gg/en/post/counter-strike-2-keyboard-mouse-controls-pc,pipeline:structured_game_controls,games/game_control_lookup,100.0,True,0.0818,0,,,
MB-0267-GC-021,game_controls,psu_fact,EA Sports FC 24 ปุ่มทั้งหมดมีอะไรบ้าง,EA Sports FC 24 มีข้อมูลปุ่มควบคุมดังนี้: PlayStation / PS5 • Cross: ส่งบอลเลียด / โหม่ง - ส่งบอลสั้นเรียบไปกับพื้นให้เพื่อนร่วมทีม หรือใช้โหม่งส่งบอล • Square: ส่งบอลโด่ง / เปิดบอล / โหม่ง - โยนบอลยาวข้ามหัว เปิดบอลจากริมเส้น หรือโหม่งเคลียร์บอล • Triangle: จ่ายบอลทะลุช่อง - จ่ายบอลไปในพื้นที่ว่างให้เพื่อนวิ่งสอดขึ้นไปรับ • Circle: ยิงประตู / วอลเลย์ / โหม่ง - ง้างเท้ายิงประตู โหม่งทำประตู หรือวอลเลย์ • R1 + Cross: ส่งเลียดแบบพุ่งแรง - ส่งบอลเลียดพื้นด้วยความแรงและรวดเร็วกว่าปกติทะลุช่องว่าง • R1 + Circle: ยิงปั่นโค้ง - ยิงด้วยข้างเท้าด้านในเน้นทิศทางให้บอลไซด์โค้ง • L1 + Triangle: ยกบอลทะลุช่อง - ชิพบอลข้ามหัวกองหลังให้เพื่อนวิ่งไปเอาบอล • L1: เปลี่ยนตัวผู้เล่น - สลับการควบคุมไปยังนักเตะคน,pipeline:structured_game_controls,games/game_control_lookup,100.0,True,0.0808,0,,,
MB-0268-GC-022,game_controls,psu_fact,EA Sports FC 24 ใช้จอยยังไง,EA Sports FC 24 มีข้อมูลปุ่มควบคุมดังนี้: PlayStation / PS5 • Cross: ส่งบอลเลียด / โหม่ง - ส่งบอลสั้นเรียบไปกับพื้นให้เพื่อนร่วมทีม หรือใช้โหม่งส่งบอล • Square: ส่งบอลโด่ง / เปิดบอล / โหม่ง - โยนบอลยาวข้ามหัว เปิดบอลจากริมเส้น หรือโหม่งเคลียร์บอล • Triangle: จ่ายบอลทะลุช่อง - จ่ายบอลไปในพื้นที่ว่างให้เพื่อนวิ่งสอดขึ้นไปรับ • Circle: ยิงประตู / วอลเลย์ / โหม่ง - ง้างเท้ายิงประตู โหม่งทำประตู หรือวอลเลย์ • R1 + Cross: ส่งเลียดแบบพุ่งแรง - ส่งบอลเลียดพื้นด้วยความแรงและรวดเร็วกว่าปกติทะลุช่องว่าง • R1 + Circle: ยิงปั่นโค้ง - ยิงด้วยข้างเท้าด้านในเน้นทิศทางให้บอลไซด์โค้ง • L1 + Triangle: ยกบอลทะลุช่อง - ชิพบอลข้ามหัวกองหลังให้เพื่อนวิ่งไปเอาบอล • L1: เปลี่ยนตัวผู้เล่น - สลับการควบคุมไปยังนักเตะคน,pipeline:structured_game_controls,games/game_control_lookup,100.0,True,0.0638,0,,,
MB-0269-GC-023,game_controls,psu_fact,EA Sports FC 24 ปุ่มส่งบอลเลียด / โหม่งกดอะไร,EA Sports FC 24 ปุ่มที่ตรงกับคำถาม: PlayStation / PS5 • Cross: ส่งบอลเลียด / โหม่ง - ส่งบอลสั้นเรียบไปกับพื้นให้เพื่อนร่วมทีม หรือใช้โหม่งส่งบอล • Square: ส่งบอลโด่ง / เปิดบอล / โหม่ง - โยนบอลยาวข้ามหัว เปิดบอลจากริมเส้น หรือโหม่งเคลียร์บอล • Circle: ยิงประตู / วอลเลย์ / โหม่ง - ง้างเท้ายิงประตู โหม่งทำประตู หรือวอลเลย์ • R1 + Cross: ส่งเลียดแบบพุ่งแรง - ส่งบอลเลียดพื้นด้วยความแรงและรวดเร็วกว่าปกติทะลุช่องว่าง • L2: บังบอล - หันหลังพิงและใช้ร่างกายบังบอลจากคู่ต่อสู้ • L2 (hold) + Direction: บังบอล / คุมเชิง - กดค้างเพื่อย่อตัวคุมเชิงในเกมรับ หรือพิงบังบอลขณะเลี้ยง แหล่งข้อมูล: https://fifauteam.com/fc-24-controls/,pipeline:structured_game_controls,games/game_control_lookup,100.0,True,0.1225,0,,,
MB-0270-GC-024,game_controls,psu_fact,EA Sports FC 24 ปุ่มส่งบอลโด่ง / เปิดบอล / โหม่งกดอะไร,EA Sports FC 24 ปุ่มที่ตรงกับคำถาม: PlayStation / PS5 • Cross: ส่งบอลเลียด / โหม่ง - ส่งบอลสั้นเรียบไปกับพื้นให้เพื่อนร่วมทีม หรือใช้โหม่งส่งบอล • Square: ส่งบอลโด่ง / เปิดบอล / โหม่ง - โยนบอลยาวข้ามหัว เปิดบอลจากริมเส้น หรือโหม่งเคลียร์บอล • Circle: ยิงประตู / วอลเลย์ / โหม่ง - ง้างเท้ายิงประตู โหม่งทำประตู หรือวอลเลย์ • L2: บังบอล - หันหลังพิงและใช้ร่างกายบังบอลจากคู่ต่อสู้ • L2 (hold) + Direction: บังบอล / คุมเชิง - กดค้างเพื่อย่อตัวคุมเชิงในเกมรับ หรือพิงบังบอลขณะเลี้ยง แหล่งข้อมูล: https://fifauteam.com/fc-24-controls/,pipeline:structured_game_controls,games/game_control_lookup,100.0,True,0.1392,0,,,
MB-0271-GC-025,game_controls,psu_fact,FINAL FANTASY XVI ปุ่มทั้งหมดมีอะไรบ้าง,FINAL FANTASY XVI มีข้อมูลปุ่มควบคุมดังนี้: PlayStation / PS5 • Left Stick: เคลื่อนที่ • Right Stick: ควบคุมมุมกล้อง • Square: โจมตีด้วยดาบ / โจมตีระยะประชิด • Triangle: โจมตีเวทมนตร์ • Cross: กระโดด • Circle: ใช้ Eikonic Feat • R1: หลบหลีก • R2: เปิดชุด Eikonic Abilities • R2 + Square / Triangle / Cross / Circle: ใช้ Eikonic Ability ที่ผูกไว้ • L1: ล็อกเป้าหมาย • L2: สลับ Eikon • L3: Animal Instinct • R3: รีเซ็ตมุมกล้อง • L3 + R3: ใช้ Limit Break • Directional Buttons Up / Right / Down: ทางลัดไอเทมหรือคำสั่ง Torgal • Directional Button Left: สลับระหว่างไอเทมกับคำสั่ง Torgal • Options: เปิดเมนูหลัก / หยุดเกม • R2 + Touch Pad: ยั่วยุ แหล่งข้อมูล: https://gamewith.net/final-fantasy-16/article/,pipeline:structured_game_controls,games/game_control_lookup,100.0,True,0.0898,0,,,
MB-0842-GD-001,game_detail,psu_fact,PUBG เป็นเกมแนวไหน,PUBG: BATTLEGROUNDS: PUBG: BATTLEGROUNDS คือเกมเอาชีวิตรอดที่ผู้เล่นลงสนาม ค้นหาอาวุธและอุปกรณ์ แล้วพยายามอยู่รอดเป็นคนหรือทีมสุดท้าย แนวเกม: เกม Battle Royale วิธีเล่นโดยสรุป: เลือกจุดลง หาอาวุธ เข้าโซนปลอดภัย วางตำแหน่ง และต่อสู้กับทีมอื่นจนเหลือผู้ชนะท้ายเกม เล่นได้ที่: PC Zone แหล่งข้อมูล: https://esports.computing.psu.ac.th/reservation,pipeline:structured_game_detail,games/game_detail_lookup,100.0,True,1.9631,0,,,
MB-0843-GD-002,game_detail,psu_fact,PUBG เล่นยังไง,PUBG: BATTLEGROUNDS: PUBG: BATTLEGROUNDS คือเกมเอาชีวิตรอดที่ผู้เล่นลงสนาม ค้นหาอาวุธและอุปกรณ์ แล้วพยายามอยู่รอดเป็นคนหรือทีมสุดท้าย แนวเกม: เกม Battle Royale วิธีเล่นโดยสรุป: เลือกจุดลง หาอาวุธ เข้าโซนปลอดภัย วางตำแหน่ง และต่อสู้กับทีมอื่นจนเหลือผู้ชนะท้ายเกม เล่นได้ที่: PC Zone แหล่งข้อมูล: https://esports.computing.psu.ac.th/reservation,pipeline:structured_game_detail,games/game_detail_lookup,100.0,True,1.4157,0,,,
MB-0844-GD-003,game_detail,psu_fact,PUBG เล่นได้ที่ไหน,"PUBG: BATTLEGROUNDS เล่นได้ที่ PC #01-#02, PC #03-#10 ครับ แหล่งข้อมูล: https://esports.computing.psu.ac.th/",pipeline:structured_service_game_availability,games/game_availability_lookup,100.0,True,1.5007,0,,,
MB-0845-GD-004,game_detail,psu_fact,Call of Duty เป็นเกมแนวไหน,พบเกมที่เกี่ยวข้องกับ Call of Duty ในรายการที่ยืนยันได้ครับ • Call of Duty: Modern Warfare III: เล่นได้ที่ PlayStation 5 Zone • Call of Duty: Warzone: เล่นได้ที่ PC Zone แหล่งข้อมูล: https://esports.phuket.psu.ac.th/Services/our-games,pipeline:structured_games_family,games/list,100.0,True,3.002,0,,,
MB-0846-GD-005,game_detail,psu_fact,Call of Duty เล่นยังไง,Call of Duty มีหลายเกมในรายการที่ยืนยันได้ครับ ถ้าต้องการปุ่มแบบละเอียดควรระบุชื่อภาค/ชื่อเกมให้ชัดเจน เกมที่มีข้อมูลปุ่มแล้ว: • Call of Duty: Modern Warfare III: มีข้อมูลปุ่ม 10 รายการ (PlayStation 5 Zone) • Call of Duty: Warzone: มีข้อมูลปุ่ม 13 รายการ (PC Zone) แหล่งข้อมูล: https://esports.phuket.psu.ac.th/Services/our-games,pipeline:structured_game_controls_family_summary,games/game_control_lookup,100.0,True,2.6333,0,,,
MB-0847-GD-006,game_detail,psu_fact,Call of Duty เล่นได้ที่ไหน,พบเกมที่เกี่ยวข้องกับ Call of Duty ในรายการที่ยืนยันได้ครับ • Call of Duty: Modern Warfare III: เล่นได้ที่ PlayStation 5 Zone • Call of Duty: Warzone: เล่นได้ที่ PC Zone แหล่งข้อมูล: https://esports.phuket.psu.ac.th/Services/our-games,pipeline:structured_games_family,games/list,100.0,True,1.1969,0,,,
MB-0848-GD-007,game_detail,psu_fact,The Last of Us Part I เป็นเกมแนวไหน,"The Last of Us Part I / Part II: The Last of Us คือเกมผจญภัยเอาตัวรอดที่เน้นเนื้อเรื่อง การลอบเร้น และการจัดการทรัพยากร แนวเกม: เกม Action-Adventure / Survival วิธีเล่นโดยสรุป: สำรวจ ฉวยโอกาสลอบเร้น ต่อสู้ เก็บทรัพยากร และดำเนินเรื่องผ่านภารกิจต่าง ๆ เล่นได้ที่: PlayStation 5 Zone รายการปัจจุบันในระบบจอง: The Last of Us Part I, The Last of Us Part II (Remastered) แหล่งข้อมูล: https://esports.phuket.psu.ac.th/Services/our-games",pipeline:structured_game_detail,games/game_detail_lookup,100.0,True,1.747,0,,,
MB-0849-GD-008,game_detail,psu_fact,The Last of Us Part I เล่นยังไง,"The Last of Us Part I / Part II: The Last of Us คือเกมผจญภัยเอาตัวรอดที่เน้นเนื้อเรื่อง การลอบเร้น และการจัดการทรัพยากร แนวเกม: เกม Action-Adventure / Survival วิธีเล่นโดยสรุป: สำรวจ ฉวยโอกาสลอบเร้น ต่อสู้ เก็บทรัพยากร และดำเนินเรื่องผ่านภารกิจต่าง ๆ เล่นได้ที่: PlayStation 5 Zone รายการปัจจุบันในระบบจอง: The Last of Us Part I, The Last of Us Part II (Remastered) แหล่งข้อมูล: https://esports.phuket.psu.ac.th/Services/our-games",pipeline:structured_game_detail,games/game_detail_lookup,100.0,True,1.5641,0,,,
MB-0850-GD-009,game_detail,psu_fact,The Last of Us Part I เล่นได้ที่ไหน,The Last of Us Part I เล่นได้ที่ PlayStation 5 #01-#02 ครับ แหล่งข้อมูล: https://esports.computing.psu.ac.th/,pipeline:structured_service_game_availability,games/game_availability_lookup,100.0,True,1.4856,0,,,
MB-0851-GD-010,game_detail,psu_fact,Uncharted เป็นเกมแนวไหน,Uncharted: Legacy of Thieves Collection: Uncharted คือเกมผจญภัยแนวล่าสมบัติที่เน้นปีนป่าย สำรวจ แก้ปริศนา และฉากแอ็กชัน แนวเกม: เกม Action-Adventure วิธีเล่นโดยสรุป: สำรวจฉาก ปีนป่าย แก้ปริศนา ยิงต่อสู้ และดำเนินเรื่องผ่านภารกิจ เล่นได้ที่: PlayStation 5 Zone แหล่งข้อมูล: https://esports.phuket.psu.ac.th/Services/our-games,pipeline:structured_game_detail,games/game_detail_lookup,100.0,True,1.5753,0,,,
MB-0852-GD-011,game_detail,psu_fact,Uncharted เล่นยังไง,Uncharted: Legacy of Thieves Collection: Uncharted คือเกมผจญภัยแนวล่าสมบัติที่เน้นปีนป่าย สำรวจ แก้ปริศนา และฉากแอ็กชัน แนวเกม: เกม Action-Adventure วิธีเล่นโดยสรุป: สำรวจฉาก ปีนป่าย แก้ปริศนา ยิงต่อสู้ และดำเนินเรื่องผ่านภารกิจ เล่นได้ที่: PlayStation 5 Zone แหล่งข้อมูล: https://esports.phuket.psu.ac.th/Services/our-games,pipeline:structured_game_detail,games/game_detail_lookup,100.0,True,1.4483,0,,,
MB-0853-GD-012,game_detail,psu_fact,Uncharted เล่นได้ที่ไหน,Uncharted: Legacy of Thieves Collection เล่นได้ที่ PlayStation 5 #01-#02 ครับ แหล่งข้อมูล: https://esports.computing.psu.ac.th/,pipeline:structured_service_game_availability,games/game_availability_lookup,100.0,True,1.5603,0,,,
MB-0854-GD-013,game_detail,psu_fact,Animal Crossing เป็นเกมแนวไหน,Animal Crossing: New Horizons: Animal Crossing: New Horizons คือเกมใช้ชีวิตบนเกาะ ผู้เล่นตกแต่งบ้าน เก็บของ สร้างพื้นที่ และพูดคุยกับชาวเกาะ แนวเกม: เกม Life Simulation วิธีเล่นโดยสรุป: เล่นแบบสบาย ๆ โดยเก็บทรัพยากร ตกปลา จับแมลง ตกแต่งเกาะ และทำกิจกรรมประจำวัน เล่นได้ที่: Nintendo Switch Zone แหล่งข้อมูล: https://esports.phuket.psu.ac.th/Services/our-games,pipeline:structured_game_detail,games/game_detail_lookup,100.0,True,1.5171,0,,,
MB-0855-GD-014,game_detail,psu_fact,Animal Crossing เล่นยังไง,Animal Crossing: New Horizons: Animal Crossing: New Horizons คือเกมใช้ชีวิตบนเกาะ ผู้เล่นตกแต่งบ้าน เก็บของ สร้างพื้นที่ และพูดคุยกับชาวเกาะ แนวเกม: เกม Life Simulation วิธีเล่นโดยสรุป: เล่นแบบสบาย ๆ โดยเก็บทรัพยากร ตกปลา จับแมลง ตกแต่งเกาะ และทำกิจกรรมประจำวัน เล่นได้ที่: Nintendo Switch Zone แหล่งข้อมูล: https://esports.phuket.psu.ac.th/Services/our-games,pipeline:structured_game_detail,games/game_detail_lookup,100.0,True,1.5602,0,,,
MB-0856-GD-015,game_detail,psu_fact,Animal Crossing เล่นได้ที่ไหน,"Animal Crossing: New Horizons เล่นได้ที่ Nintendo Switch (1-2 Persons), Nintendo Switch (1-4 Persons) ครับ แหล่งข้อมูล: https://esports.computing.psu.ac.th/",pipeline:structured_service_game_availability,games/game_availability_lookup,100.0,True,1.5032,0,,,
MB-0857-GD-016,game_detail,psu_fact,The Legend of Zelda เป็นเกมแนวไหน,The Legend of Zelda: Breath of The Wild: The Legend of Zelda: Breath of the Wild คือเกมผจญภัยโลกเปิดที่ให้ผู้เล่นสำรวจ ต่อสู้ แก้ปริศนา และทดลองวิธีผ่านสถานการณ์ต่าง ๆ แนวเกม: เกม Open-world Adventure วิธีเล่นโดยสรุป: สำรวจแผนที่ เก็บอาวุธ/อาหาร แก้ shrine ต่อสู้ และเลือกเส้นทางการผจญภัยเองได้มาก เล่นได้ที่: Nintendo Switch Zone แหล่งข้อมูล: https://esports.phuket.psu.ac.th/Services/our-games,pipeline:structured_game_detail,games/game_detail_lookup,100.0,True,1.8162,0,,,
MB-0858-GD-017,game_detail,psu_fact,The Legend of Zelda เล่นยังไง,The Legend of Zelda: Breath of The Wild: The Legend of Zelda: Breath of the Wild คือเกมผจญภัยโลกเปิดที่ให้ผู้เล่นสำรวจ ต่อสู้ แก้ปริศนา และทดลองวิธีผ่านสถานการณ์ต่าง ๆ แนวเกม: เกม Open-world Adventure วิธีเล่นโดยสรุป: สำรวจแผนที่ เก็บอาวุธ/อาหาร แก้ shrine ต่อสู้ และเลือกเส้นทางการผจญภัยเองได้มาก เล่นได้ที่: Nintendo Switch Zone แหล่งข้อมูล: https://esports.phuket.psu.ac.th/Services/our-games,pipeline:structured_game_detail,games/game_detail_lookup,100.0,True,1.5787,0,,,
MB-0859-GD-018,game_detail,psu_fact,The Legend of Zelda เล่นได้ที่ไหน,"The Legend of Zelda: Breath of The Wild เล่นได้ที่ Nintendo Switch (1-2 Persons), Nintendo Switch (1-4 Persons) ครับ แหล่งข้อมูล: https://esports.computing.psu.ac.th/",pipeline:structured_service_game_availability,games/game_availability_lookup,100.0,True,1.6391,0,,,
MB-0089-G-001,games,psu_fact,VALORANT คือเกมอะไร,VALORANT: VALORANT คือเกมยิงเชิงกลยุทธ์ที่ผู้เล่นเลือก Agent ที่มีสกิลเฉพาะ แล้วเล่นเป็นฝ่ายบุก/รับในแต่ละรอบ แนวเกม: เกมยิง Tactical FPS แบบทีม 5v5 วิธีเล่นโดยสรุป: ฝ่ายบุกต้องวาง Spike ส่วนฝ่ายรับต้องป้องกันพื้นที่หรือกู้ Spike การเล่นเน้นการเล็ง การสื่อสาร การใช้สกิล และการเล่นเป็นทีม เล่นได้ที่: PC Zone แหล่งข้อมูล: https://esports.computing.psu.ac.th/reservation,pipeline:structured_game_detail,games/game_availability_lookup,100.0,True,1.4269,0,,,
MB-0090-G-002,games,psu_fact,VALORANT เล่นได้ที่ไหน,"VALORANT เล่นได้ที่ PC #01-#02, PC #03-#10 ครับ แหล่งข้อมูล: https://esports.computing.psu.ac.th/",pipeline:structured_service_game_availability,games/game_availability_lookup,100.0,True,1.5097,0,,,
MB-0091-G-003,games,psu_fact,VALORANT เล่นยังไง,VALORANT: VALORANT คือเกมยิงเชิงกลยุทธ์ที่ผู้เล่นเลือก Agent ที่มีสกิลเฉพาะ แล้วเล่นเป็นฝ่ายบุก/รับในแต่ละรอบ แนวเกม: เกมยิง Tactical FPS แบบทีม 5v5 วิธีเล่นโดยสรุป: ฝ่ายบุกต้องวาง Spike ส่วนฝ่ายรับต้องป้องกันพื้นที่หรือกู้ Spike การเล่นเน้นการเล็ง การสื่อสาร การใช้สกิล และการเล่นเป็นทีม เล่นได้ที่: PC Zone แหล่งข้อมูล: https://esports.computing.psu.ac.th/reservation,pipeline:structured_game_detail,games/game_detail_lookup,100.0,True,1.503,0,,,
MB-0092-G-004,games,psu_fact,VALORANT เป็นเกมแนวไหน,VALORANT: VALORANT คือเกมยิงเชิงกลยุทธ์ที่ผู้เล่นเลือก Agent ที่มีสกิลเฉพาะ แล้วเล่นเป็นฝ่ายบุก/รับในแต่ละรอบ แนวเกม: เกมยิง Tactical FPS แบบทีม 5v5 วิธีเล่นโดยสรุป: ฝ่ายบุกต้องวาง Spike ส่วนฝ่ายรับต้องป้องกันพื้นที่หรือกู้ Spike การเล่นเน้นการเล็ง การสื่อสาร การใช้สกิล และการเล่นเป็นทีม เล่นได้ที่: PC Zone แหล่งข้อมูล: https://esports.computing.psu.ac.th/reservation,pipeline:structured_game_detail,games/game_detail_lookup,100.0,True,1.774,0,,,
MB-0093-G-005,games,psu_fact,Counter-Strike 2 คือเกมอะไร,Counter-Strike 2: Counter-Strike 2 คือเกมยิงแข่งขันแบบทีมที่แบ่งเป็นฝ่ายบุกและฝ่ายรับ โดยมีเป้าหมายหลักเกี่ยวกับการวาง/กู้ระเบิดหรือจัดการฝ่ายตรงข้าม แนวเกม: เกมยิง Tactical FPS วิธีเล่นโดยสรุป: เล่นเป็นรอบ ๆ ต้องซื้ออาวุธ วางแผนกับทีม คุมพื้นที่ และใช้การเล็งกับการสื่อสารเพื่อชนะรอบ เล่นได้ที่: PC Zone แหล่งข้อมูล: https://esports.computing.psu.ac.th/reservation,pipeline:structured_game_detail,games/game_detail_lookup,100.0,True,1.6553,0,,,
MB-0094-G-006,games,psu_fact,Counter-Strike 2 เล่นได้ที่ไหน,"Counter-Strike 2 เล่นได้ที่ PC #01-#02, PC #03-#10 ครับ แหล่งข้อมูล: https://esports.computing.psu.ac.th/",pipeline:structured_service_game_availability,games/game_availability_lookup,100.0,True,1.6473,0,,,
MB-0095-G-007,games,psu_fact,Counter-Strike 2 เล่นยังไง,Counter-Strike 2: Counter-Strike 2 คือเกมยิงแข่งขันแบบทีมที่แบ่งเป็นฝ่ายบุกและฝ่ายรับ โดยมีเป้าหมายหลักเกี่ยวกับการวาง/กู้ระเบิดหรือจัดการฝ่ายตรงข้าม แนวเกม: เกมยิง Tactical FPS วิธีเล่นโดยสรุป: เล่นเป็นรอบ ๆ ต้องซื้ออาวุธ วางแผนกับทีม คุมพื้นที่ และใช้การเล็งกับการสื่อสารเพื่อชนะรอบ เล่นได้ที่: PC Zone แหล่งข้อมูล: https://esports.computing.psu.ac.th/reservation,pipeline:structured_game_detail,games/game_detail_lookup,100.0,True,1.557,0,,,
MB-0096-G-008,games,psu_fact,Counter-Strike 2 เป็นเกมแนวไหน,Counter-Strike 2: Counter-Strike 2 คือเกมยิงแข่งขันแบบทีมที่แบ่งเป็นฝ่ายบุกและฝ่ายรับ โดยมีเป้าหมายหลักเกี่ยวกับการวาง/กู้ระเบิดหรือจัดการฝ่ายตรงข้าม แนวเกม: เกมยิง Tactical FPS วิธีเล่นโดยสรุป: เล่นเป็นรอบ ๆ ต้องซื้ออาวุธ วางแผนกับทีม คุมพื้นที่ และใช้การเล็งกับการสื่อสารเพื่อชนะรอบ เล่นได้ที่: PC Zone แหล่งข้อมูล: https://esports.computing.psu.ac.th/reservation,pipeline:structured_game_detail,games/game_detail_lookup,100.0,True,1.6315,0,,,
MB-0097-G-009,games,psu_fact,PUBG: BATTLEGROUNDS คือเกมอะไร,PUBG: BATTLEGROUNDS: PUBG: BATTLEGROUNDS คือเกมเอาชีวิตรอดที่ผู้เล่นลงสนาม ค้นหาอาวุธและอุปกรณ์ แล้วพยายามอยู่รอดเป็นคนหรือทีมสุดท้าย แนวเกม: เกม Battle Royale วิธีเล่นโดยสรุป: เลือกจุดลง หาอาวุธ เข้าโซนปลอดภัย วางตำแหน่ง และต่อสู้กับทีมอื่นจนเหลือผู้ชนะท้ายเกม เล่นได้ที่: PC Zone แหล่งข้อมูล: https://esports.computing.psu.ac.th/reservation,pipeline:structured_game_detail,games/game_availability_lookup,100.0,True,1.5154,0,,,
MB-0098-G-010,games,psu_fact,PUBG: BATTLEGROUNDS เล่นได้ที่ไหน,"PUBG: BATTLEGROUNDS เล่นได้ที่ PC #01-#02, PC #03-#10 ครับ แหล่งข้อมูล: https://esports.computing.psu.ac.th/",pipeline:structured_service_game_availability,games/game_availability_lookup,100.0,True,1.6419,0,,,
MB-0099-G-011,games,psu_fact,PUBG: BATTLEGROUNDS เล่นยังไง,PUBG: BATTLEGROUNDS: PUBG: BATTLEGROUNDS คือเกมเอาชีวิตรอดที่ผู้เล่นลงสนาม ค้นหาอาวุธและอุปกรณ์ แล้วพยายามอยู่รอดเป็นคนหรือทีมสุดท้าย แนวเกม: เกม Battle Royale วิธีเล่นโดยสรุป: เลือกจุดลง หาอาวุธ เข้าโซนปลอดภัย วางตำแหน่ง และต่อสู้กับทีมอื่นจนเหลือผู้ชนะท้ายเกม เล่นได้ที่: PC Zone แหล่งข้อมูล: https://esports.computing.psu.ac.th/reservation,pipeline:structured_game_detail,games/game_detail_lookup,100.0,True,1.5103,0,,,
MB-0100-G-012,games,psu_fact,PUBG: BATTLEGROUNDS เป็นเกมแนวไหน,PUBG: BATTLEGROUNDS: PUBG: BATTLEGROUNDS คือเกมเอาชีวิตรอดที่ผู้เล่นลงสนาม ค้นหาอาวุธและอุปกรณ์ แล้วพยายามอยู่รอดเป็นคนหรือทีมสุดท้าย แนวเกม: เกม Battle Royale วิธีเล่นโดยสรุป: เลือกจุดลง หาอาวุธ เข้าโซนปลอดภัย วางตำแหน่ง และต่อสู้กับทีมอื่นจนเหลือผู้ชนะท้ายเกม เล่นได้ที่: PC Zone แหล่งข้อมูล: https://esports.computing.psu.ac.th/reservation,pipeline:structured_game_detail,games/game_detail_lookup,100.0,True,1.6587,0,,,
MB-0101-G-013,games,psu_fact,Call of Duty: Warzone คือเกมอะไร,Call of Duty: Warzone: Call of Duty: Warzone คือเกมยิงแนว Battle Royale ที่เน้นการยิงรวดเร็ว การเก็บอุปกรณ์ และการเอาตัวรอดในแผนที่ขนาดใหญ่ แนวเกม: เกมยิง Battle Royale วิธีเล่นโดยสรุป: ลงพื้นที่ หาอาวุธ ใช้ loadout/อุปกรณ์ช่วยทีม เคลื่อนตามวง และพยายามอยู่รอดจนจบเกม เล่นได้ที่: PC Zone แหล่งข้อมูล: https://esports.computing.psu.ac.th/reservation,pipeline:structured_game_detail,games/game_availability_lookup,100.0,True,1.6256,0,,,
MB-0102-G-014,games,psu_fact,Call of Duty: Warzone เล่นได้ที่ไหน,Call of Duty: Warzone เล่นได้ที่ PC #03-#10 ครับ แหล่งข้อมูล: https://esports.computing.psu.ac.th/,pipeline:structured_service_game_availability,games/game_availability_lookup,100.0,True,1.7508,0,,,
MB-0103-G-015,games,psu_fact,Call of Duty: Warzone เล่นยังไง,Call of Duty: Warzone: Call of Duty: Warzone คือเกมยิงแนว Battle Royale ที่เน้นการยิงรวดเร็ว การเก็บอุปกรณ์ และการเอาตัวรอดในแผนที่ขนาดใหญ่ แนวเกม: เกมยิง Battle Royale วิธีเล่นโดยสรุป: ลงพื้นที่ หาอาวุธ ใช้ loadout/อุปกรณ์ช่วยทีม เคลื่อนตามวง และพยายามอยู่รอดจนจบเกม เล่นได้ที่: PC Zone แหล่งข้อมูล: https://esports.computing.psu.ac.th/reservation,pipeline:structured_game_detail,games/game_detail_lookup,100.0,True,1.5705,0,,,
MB-0104-G-016,games,psu_fact,Call of Duty: Warzone เป็นเกมแนวไหน,Call of Duty: Warzone: Call of Duty: Warzone คือเกมยิงแนว Battle Royale ที่เน้นการยิงรวดเร็ว การเก็บอุปกรณ์ และการเอาตัวรอดในแผนที่ขนาดใหญ่ แนวเกม: เกมยิง Battle Royale วิธีเล่นโดยสรุป: ลงพื้นที่ หาอาวุธ ใช้ loadout/อุปกรณ์ช่วยทีม เคลื่อนตามวง และพยายามอยู่รอดจนจบเกม เล่นได้ที่: PC Zone แหล่งข้อมูล: https://esports.computing.psu.ac.th/reservation,pipeline:structured_game_detail,games/game_detail_lookup,100.0,True,1.7245,0,,,
MB-0105-G-017,games,psu_fact,League of Legends คือเกมอะไร,League of Legends: League of Legends คือเกมวางแผนต่อสู้แบบทีม ผู้เล่นเลือก Champion และร่วมกันทำลายฐานหลักของฝ่ายตรงข้าม แนวเกม: เกม MOBA แบบทีม 5v5 วิธีเล่นโดยสรุป: แบ่งเลน ฟาร์มเงินและเลเวล คุม objective ช่วยทีมไฟต์ และดันเข้าไปทำลาย Nexus ของศัตรู เล่นได้ที่: PC Zone แหล่งข้อมูล: https://esports.computing.psu.ac.th/reservation,pipeline:structured_game_detail,games/game_availability_lookup,100.0,True,1.5822,0,,,
MB-0106-G-018,games,psu_fact,League of Legends เล่นได้ที่ไหน,"League of Legends เล่นได้ที่ PC #01-#02, PC #03-#10 ครับ แหล่งข้อมูล: https://esports.computing.psu.ac.th/",pipeline:structured_service_game_availability,games/game_availability_lookup,100.0,True,1.493,0,,,
MB-0107-G-019,games,psu_fact,League of Legends เล่นยังไง,League of Legends: League of Legends คือเกมวางแผนต่อสู้แบบทีม ผู้เล่นเลือก Champion และร่วมกันทำลายฐานหลักของฝ่ายตรงข้าม แนวเกม: เกม MOBA แบบทีม 5v5 วิธีเล่นโดยสรุป: แบ่งเลน ฟาร์มเงินและเลเวล คุม objective ช่วยทีมไฟต์ และดันเข้าไปทำลาย Nexus ของศัตรู เล่นได้ที่: PC Zone แหล่งข้อมูล: https://esports.computing.psu.ac.th/reservation,pipeline:structured_game_detail,games/game_detail_lookup,100.0,True,1.7437,0,,,
MB-0108-G-020,games,psu_fact,League of Legends เป็นเกมแนวไหน,League of Legends: League of Legends คือเกมวางแผนต่อสู้แบบทีม ผู้เล่นเลือก Champion และร่วมกันทำลายฐานหลักของฝ่ายตรงข้าม แนวเกม: เกม MOBA แบบทีม 5v5 วิธีเล่นโดยสรุป: แบ่งเลน ฟาร์มเงินและเลเวล คุม objective ช่วยทีมไฟต์ และดันเข้าไปทำลาย Nexus ของศัตรู เล่นได้ที่: PC Zone แหล่งข้อมูล: https://esports.computing.psu.ac.th/reservation,pipeline:structured_game_detail,games/game_detail_lookup,100.0,True,1.5796,0,,,
MB-0109-G-021,games,psu_fact,TEKKEN 8 คือเกมอะไร,TEKKEN 8: TEKKEN 8 คือเกมต่อสู้แบบตัวต่อตัว ผู้เล่นเลือกตัวละครแล้วใช้คอมโบ การป้องกัน และจังหวะสวนกลับเพื่อชนะคู่แข่ง แนวเกม: เกมต่อสู้ 1v1 วิธีเล่นโดยสรุป: เล่นเป็นรอบ เลือกตัวละคร ฝึกท่าพื้นฐาน/คอมโบ อ่านจังหวะคู่ต่อสู้ และทำให้พลังชีวิตอีกฝ่ายหมดก่อน เล่นได้ที่: PC Zone และ PlayStation 5 Zone แหล่งข้อมูล: https://esports.phuket.psu.ac.th/Services/our-games,pipeline:structured_game_detail,games/game_availability_lookup,100.0,True,1.8124,0,,,
MB-0110-G-022,games,psu_fact,TEKKEN 8 เล่นได้ที่ไหน,"TEKKEN 8 เล่นได้ที่ PC #01-#02, PlayStation 5 #01-#02 ครับ แหล่งข้อมูล: https://esports.computing.psu.ac.th/",pipeline:structured_service_game_availability,games/game_availability_lookup,100.0,True,1.6183,0,,,
MB-0111-G-023,games,psu_fact,TEKKEN 8 เล่นยังไง,TEKKEN 8: TEKKEN 8 คือเกมต่อสู้แบบตัวต่อตัว ผู้เล่นเลือกตัวละครแล้วใช้คอมโบ การป้องกัน และจังหวะสวนกลับเพื่อชนะคู่แข่ง แนวเกม: เกมต่อสู้ 1v1 วิธีเล่นโดยสรุป: เล่นเป็นรอบ เลือกตัวละคร ฝึกท่าพื้นฐาน/คอมโบ อ่านจังหวะคู่ต่อสู้ และทำให้พลังชีวิตอีกฝ่ายหมดก่อน เล่นได้ที่: PC Zone และ PlayStation 5 Zone แหล่งข้อมูล: https://esports.phuket.psu.ac.th/Services/our-games,pipeline:structured_game_detail,games/game_detail_lookup,100.0,True,1.6112,0,,,
MB-0112-G-024,games,psu_fact,TEKKEN 8 เป็นเกมแนวไหน,TEKKEN 8: TEKKEN 8 คือเกมต่อสู้แบบตัวต่อตัว ผู้เล่นเลือกตัวละครแล้วใช้คอมโบ การป้องกัน และจังหวะสวนกลับเพื่อชนะคู่แข่ง แนวเกม: เกมต่อสู้ 1v1 วิธีเล่นโดยสรุป: เล่นเป็นรอบ เลือกตัวละคร ฝึกท่าพื้นฐาน/คอมโบ อ่านจังหวะคู่ต่อสู้ และทำให้พลังชีวิตอีกฝ่ายหมดก่อน เล่นได้ที่: PC Zone และ PlayStation 5 Zone แหล่งข้อมูล: https://esports.phuket.psu.ac.th/Services/our-games,pipeline:structured_game_detail,games/game_detail_lookup,100.0,True,1.5416,0,,,
MB-0113-G-025,games,psu_fact,Marvel's Spider-Man 2 คือเกมอะไร,Marvel's Spider-Man 2: Marvel's Spider-Man 2 คือเกมแอ็กชันผจญภัยที่ผู้เล่นรับบท Spider-Man ต่อสู้กับศัตรูและสำรวจเมือง แนวเกม: เกม Action-Adventure วิธีเล่นโดยสรุป: โหนใยเดินทาง ทำภารกิจ ใช้การต่อสู้แบบคอมโบ หลบหลีก และอัปเกรดสกิลระหว่างเนื้อเรื่อง เล่นได้ที่: PlayStation 5 Zone แหล่งข้อมูล: https://esports.phuket.psu.ac.th/Services/our-games,pipeline:structured_game_detail,games/game_availability_lookup,100.0,True,1.6534,0,,,
MB-1322-GL-001,general_llm,general_llm,อธิบายคำว่า latency ในระบบคอมพิวเตอร์แบบสั้น ๆ,latenency 在计算机系统中是指数据包从发送方传输到接收方所需的时间延迟。 หมายเหตุ: คำตอบนี้เป็นความรู้ทั่วไปของโมเดล ไม่ได้อ้างอิงจากฐานข้อมูล PSU Esports Studio - Phuket,pipeline:general_llm_fallback,general/detail,84.0,False,13.0165,1,general_llm,missing_any:latency|หน่วง,
MB-1323-GL-002,general_llm,general_llm,เฟรมเรตกับความละเอียดต่างกันยังไง,เฟรมเรต是指每秒显示的图像帧数，通常用于衡量视频或游戏的流畅度；而分辨率则指屏幕上的像素数量，决定了画面的清晰度。两者不同但有时会相互影响。 หมายเหตุ: คำตอบนี้เป็นความรู้ทั่วไปของโมเดล ไม่ได้อ้างอิงจากฐานข้อมูล PSU Esports Studio - Phuket,pipeline:general_llm_fallback,general/how_to,100.0,True,19.3123,1,general_llm,,
MB-1324-GL-003,general_llm,general_llm,API คืออะไร,API หรือ Application Programming Interface เป็นชุดของกติกาและเครื่องมือที่ใช้ในการสร้างโปรแกรมคอมพิวเตอร์ โดยอนุญาตให้โปรแกรมต่าง ๆ สามารถสื่อสารกับกันได้ หมายเหตุ: คำตอบนี้เป็นความรู้ทั่วไปของโมเดล ไม่ได้อ้างอิงจากฐานข้อมูล PSU Esports Studio - Phuket,pipeline:general_llm_fallback,general/general_knowledge_query,100.0,True,3.6594,1,general_llm,,
MB-1325-GL-004,general_llm,general_llm,JSON คืออะไร,JSON หรือ JavaScript Object Notation เป็นรูปแบบไฟล์ข้อมูลที่ใช้ 표현简单数据结构和交换数据。它轻便灵活，常用于服务器与客户端之间交换数据。 หมายเหตุ: คำตอบนี้เป็นความรู้ทั่วไปของโมเดล ไม่ได้อ้างอิงจากฐานข้อมูล PSU Esports Studio - Phuket,pipeline:general_llm_fallback,general/general_knowledge_query,100.0,True,2.8059,1,general_llm,,
MB-1326-GL-005,general_llm,general_llm,ช่วยสรุปวิธีพูดขอบคุณแบบสุภาพ 2 ประโยค,ขอขอบคุณมากครับ/ค่ะ มันช่วยได้很多的时候，我们可以说：“谢谢你的帮助。”和“真的非常感谢。”这样的表达既礼貌又得体。 หมายเหตุ: คำตอบนี้เป็นความรู้ทั่วไปของโมเดล ไม่ได้อ้างอิงจากฐานข้อมูล PSU Esports Studio - Phuket,pipeline:general_llm_fallback,general/general_knowledge_query,100.0,True,2.5696,1,general_llm,,
MB-1327-GL-006,general_llm,general_llm,แปลคำว่า reservation เป็นภาษาไทย,การจอง หมายเหตุ: คำตอบนี้เป็นความรู้ทั่วไปของโมเดล ไม่ได้อ้างอิงจากฐานข้อมูล PSU Esports Studio - Phuket,pipeline:general_llm_fallback,general/general_knowledge_query,100.0,True,17.4217,1,general_llm,,
MB-1328-GL-007,general_llm,general_llm,เขียนประโยคประชาสัมพันธ์กิจกรรมแบบสุภาพหนึ่งประโยค,ตำแหน่ง ประชาสัมพันธ์ มี 1 คนครับ • นายธนชาติ เอ่งฉ้วน: ประชาสัมพันธ์ ◦ หมวด: PSU Phuket Esports Club - PSU Phuket แหล่งข้อมูล: https://esports.phuket.psu.ac.th/about-us/Members,pipeline:structured_members_role_lookup,overview/members_lookup,66.0,False,9.8891,0,,category_mismatch:overview | missing_any:กิจกรรม,
MB-1329-GL-008,general_llm,general_llm,คีย์บอร์ด mechanical คืออะไรแบบสั้น,คีย์บอร์ด mechanical คือคีย์บอร์ดที่ใช้สวิชชิ่งไฟฟ้าในการส่งสัญญาณเมื่อกดปุ่ม ทำให้มีการตอบสนองและเสียงที่ชัดเจนกว่าคีย์บอร์ดแบบอื่น ๆ หมายเหตุ: คำตอบนี้เป็นความรู้ทั่วไปของโมเดล ไม่ได้อ้างอิงจากฐานข้อมูล PSU Esports Studio - Phuket,pipeline:general_llm_fallback,general/general_knowledge_query,100.0,True,13.6184,1,general_llm,,
MB-1330-GL-009,general_llm,general_llm,GPU คืออะไรแบบเข้าใจง่าย,GPU หรือ Graphics Processing Unit เป็นชิปเซ็ตที่ใช้ประมวลผลกราฟิกและภาพบนหน้าจอคอมพิวเตอร์ 它可以处理屏幕上的图形和图像，使游戏和视频显示更加流畅。 หมายเหตุ: คำตอบนี้เป็นความรู้ทั่วไปของโมเดล ไม่ได้อ้างอิงจากฐานข้อมูล PSU Esports Studio - Phuket,pipeline:general_llm_fallback,general/general_knowledge_query,100.0,True,3.5292,1,general_llm,,
MB-1331-GL-010,general_llm,general_llm,server กับ client ต่างกันยังไง,server คือเครื่องคอมพิวเตอร์ที่ให้บริการหรือจัดการทรัพยากรแก่ client ขณะที่ client คือเครื่ื่องคอมพิวเตอร์ที่ใช้งานบริการจาก server. หมายเหตุ: คำตอบนี้เป็นความรู้ทั่วไปของโมเดล ไม่ได้อ้างอิงจากฐานข้อมูล PSU Esports Studio - Phuket,pipeline:general_llm_fallback,general/compare,90.0,True,21.7274,1,general_llm,,wall_time_over_timeout_budget
MB-1332-GL-011,general_llm,general_llm,อธิบายคำว่า latency ในระบบคอมพิวเตอร์แบบสั้น ๆ ตอบสั้น ๆ,latenency หรือความล่าช้าในระบบคอมพิวเตอร์是指数据从一个点传输到另一个点所需的时间。 หมายเหตุ: คำตอบนี้เป็นความรู้ทั่วไปของโมเดล ไม่ได้อ้างอิงจากฐานข้อมูล PSU Esports Studio - Phuket,pipeline:general_llm_fallback,general/general_knowledge_query,84.0,False,2.4678,1,general_llm,missing_any:latency|หน่วง,
MB-1333-GL-012,general_llm,general_llm,เฟรมเรตกับความละเอียดต่างกันยังไง ตอบสั้น ๆ,เฟรมเรต是指屏幕每秒显示的图像帧数，通常单位是Hz。而分辨率则是指屏幕上像素的数量，常用单位是像素宽度x高度。两者分别衡量的是画面的流畅度和清晰度。 หมายเหตุ: คำตอบนี้เป็นความรู้ทั่วไปของโมเดล ไม่ได้อ้างอิงจากฐานข้อมูล PSU Esports Studio - Phuket,pipeline:general_llm_fallback,general/how_to,90.0,True,20.8702,1,general_llm,,
MB-1334-GL-013,general_llm,general_llm,API คืออะไร ตอบสั้น ๆ,API หรือ Application Programming Interface เป็นชุดของ原型和接口，用于定义软件组件之间如何交互。 หมายเหตุ: คำตอบนี้เป็นความรู้ทั่วไปของโมเดล ไม่ได้อ้างอิงจากฐานข้อมูล PSU Esports Studio - Phuket,pipeline:general_llm_fallback,general/general_knowledge_query,100.0,True,2.2587,1,general_llm,,
MB-1335-GL-014,general_llm,general_llm,JSON คืออะไร ตอบสั้น ๆ,JSON คือ เทคนิคการจัดรูปแบบข้อมูลในรูปแบบตext ใช้สำหรับแลกเปลี่ยนข้อมูลระหว่างระบบคอมพิวเตอร์ โดยมีโครงสร้างคล้ายกับภาษาโปรแกรม เช่น JavaScript แต่สามารถใช้งานได้ทั่วไปไม่จำกัดเฉพาะภาษาโปรแกรมใดภาษาprogrammer หมายเหตุ: คำตอบนี้เป็นความรู้ทั่วไปของโมเดล ไม่ได้อ้างอิงจากฐานข้อมูล PSU Esports Studio - Phuket,pipeline:general_llm_fallback,general/general_knowledge_query,100.0,True,5.6176,1,general_llm,,
MB-1336-GL-015,general_llm,general_llm,ช่วยสรุปวิธีพูดขอบคุณแบบสุภาพ 2 ประโยค ตอบสั้น ๆ,ขอขอบคุณมากครับ/ค่ะ vraiment merci. หมายเหตุ: คำตอบนี้เป็นความรู้ทั่วไปของโมเดล ไม่ได้อ้างอิงจากฐานข้อมูล PSU Esports Studio - Phuket,pipeline:general_llm_fallback,general/general_knowledge_query,100.0,True,1.5867,1,general_llm,,
MB-1337-GL-016,general_llm,general_llm,แปลคำว่า reservation เป็นภาษาไทย ตอบสั้น ๆ,การจอง หมายเหตุ: คำตอบนี้เป็นความรู้ทั่วไปของโมเดล ไม่ได้อ้างอิงจากฐานข้อมูล PSU Esports Studio - Phuket,pipeline:general_llm_fallback,general/general_knowledge_query,100.0,True,18.6741,1,general_llm,,
MB-1338-GL-017,general_llm,general_llm,เขียนประโยคประชาสัมพันธ์กิจกรรมแบบสุภาพหนึ่งประโยค ตอบสั้น ๆ,ตำแหน่ง ประชาสัมพันธ์ มี 1 คนครับ แหล่งข้อมูล: https://esports.phuket.psu.ac.th/about-us/Members,pipeline:structured_members_role_lookup,overview/members_lookup,66.0,False,10.1565,0,,category_mismatch:overview | missing_any:กิจกรรม,
MB-1339-GL-018,general_llm,general_llm,คีย์บอร์ด mechanical คืออะไรแบบสั้น ตอบสั้น ๆ,คีย์บอร์ด mechanical เป็นประเภทของคีย์บอร์ดที่มีกลไกภายในทำให้การกดปุ่มมีความกระชับและรู้สึกชัดเจนกว่าคีย์บอร์ดแบบ薄膜开关。 หมายเหตุ: คำตอบนี้เป็นความรู้ทั่วไปของโมเดล ไม่ได้อ้างอิงจากฐานข้อมูล PSU Esports Studio - Phuket,pipeline:general_llm_fallback,general/general_knowledge_query,100.0,True,13.2189,1,general_llm,,
MB-1340-GL-019,general_llm,general_llm,GPU คืออะไรแบบเข้าใจง่าย ตอบสั้น ๆ,GPU หรือ Graphics Processing Unit เป็นชิปเซ็ตที่ใช้ประมวลผลภาพและกราฟิกบนคอมพิวเตอร์ ช่วยให้การrendering ภาพและกราฟิกมีความเร็วและ beauty 更加流畅 GPU 是指图形处理器，用于计算机上的图像和图形处理，能更快更高效地渲染图像和图形。 หมายเหตุ: คำตอบนี้เป็นความรู้ทั่วไปของโมเดล ไม่ได้อ้างอิงจากฐานข้อมูล PSU Esports Studio - Phuket,pipeline:general_llm_fallback,general/general_knowledge_query,100.0,True,5.8324,1,general_llm,,
MB-1341-GL-020,general_llm,general_llm,server กับ client ต่างกันยังไง ตอบสั้น ๆ,server เป็นเครื่องคอมพิวเตอร์ที่ให้บริการแก่เครื่องคอมพิวเตอร์อื่น ๆ ในระบบ เรียกว่า client server ทำงานควบคุมและจัดเก็บข้อมูล ส่วน client เป็นเครื่องคอมพิวเตอร์ที่ใช้งานผ่านบริการของ server หมายเหตุ: คำตอบนี้เป็นความรู้ทั่วไปของโมเดล ไม่ได้อ้างอิงจากฐานข้อมูล PSU Esports Studio - Phuket,pipeline:general_llm_fallback,general/how_to,90.0,True,22.7556,1,general_llm,,wall_time_over_timeout_budget
MB-1342-GL-021,general_llm,general_llm,อธิบายคำว่า latency ในระบบคอมพิวเตอร์แบบสั้น ๆ ขอแบบเข้าใจง่าย,latenency คือเวลาที่ต้องใช้ในการส่งและรับข้อมูลระหว่างอุปกรณ์ในระบบคอมพิวเตอร์ หรือระหว่างเครื่องคอมพิวเตอร์กับเซิร์ฟเวอร์ หาก latency สูงจะทำให้การทำงานล่าช้าลง. หมายเหตุ: คำตอบนี้เป็นความรู้ทั่วไปของโมเดล ไม่ได้อ้างอิงจากฐานข้อมูล PSU Esports Studio - Phuket,pipeline:general_llm_fallback,general/detail,90.0,True,23.846,1,general_llm,,wall_time_over_timeout_budget
MB-1343-GL-022,general_llm,general_llm,เฟรมเรตกับความละเอียดต่างกันยังไง ขอแบบเข้าใจง่าย,เฟรมเรตคือจำนวนภาพที่แสดงบนหน้าจอต่อนาที ส่วนความละเอียดเป็นขนาดของภาพบนหน้าจอ เฟรมเรตสูงทำให้การเคลื่อนไหวลisciense_free_image_from_pexels.comuent ราบรื่นกว่า ในขณะที่ความละเอียดสูงทำให้อาหารภาพชัดเจนและใหญ่ขึ้น หมายเหตุ: คำตอบนี้เป็นความรู้ทั่วไปของโมเดล ไม่ได้อ้างอิงจากฐานข้อมูล PSU Esports Studio - Phuket,pipeline:general_llm_fallback,general/how_to,90.0,True,24.4974,1,general_llm,,wall_time_over_timeout_budget
MB-1344-GL-023,general_llm,general_llm,API คืออะไร ขอแบบเข้าใจง่าย,API หรือ Application Programming Interface เป็นเหมือนช่องทางให้โปรแกรมต่าง ๆ สามารถสื่อสารและแลกเปลี่ยนข้อมูลกันได้就像是应用程序之间的桥梁，让不同的软件可以互相交流和共享信息。 หมายเหตุ: คำตอบนี้เป็นความรู้ทั่วไปของโมเดล ไม่ได้อ้างอิงจากฐานข้อมูล PSU Esports Studio - Phuket,pipeline:general_llm_fallback,general/general_knowledge_query,100.0,True,3.6438,1,general_llm,,
MB-1345-GL-024,general_llm,general_llm,JSON คืออะไร ขอแบบเข้าใจง่าย,JSON คือ เทคนิคการจัดรูปแบบข้อมูลในรูปแบบที่คล้ายกับภาษาโปรแกรม เพื่อใช้แลกเปลี่ยนข้อมูลระหว่างระบบต่าง ๆ โดยเขียนเป็นลักษณะของข้อความ ทำให้ง่ายต่อการอ่านและเขียนโดยมนุษย์ และคอมพิวเตอร์สามารถประมวลผลได้ หมายเหตุ: คำตอบนี้เป็นความรู้ทั่วไปของโมเดล ไม่ได้อ้างอิงจากฐานข้อมูล PSU Esports Studio - Phuket,pipeline:general_llm_fallback,general/general_knowledge_query,100.0,True,5.737,1,general_llm,,
MB-1346-GL-025,general_llm,general_llm,ช่วยสรุปวิธีพูดขอบคุณแบบสุภาพ 2 ประโยค ขอแบบเข้าใจง่าย,ขอบคุณมากครับ/ค่ะ มันช่วยผม/ฉันได้很多的时候，我们可以用简单的两句话来表达感谢：谢谢很多，这真的很有帮助。 หมายเหตุ: คำตอบนี้เป็นความรู้ทั่วไปของโมเดล ไม่ได้อ้างอิงจากฐานข้อมูล PSU Esports Studio - Phuket,pipeline:general_llm_fallback,general/general_knowledge_query,100.0,True,2.5012,1,general_llm,,
MB-0490-M-001,members,psu_fact,สมาชิกมีใครบ้าง,สมาชิกจากหน้า Members แยกตามหมวด รวม 25 คน: Members (7 คน): • ผศ.ดร.นิวัติ แก้วประดับ: อธิการบดี • รศ.ดร.พันธ์ ทองชุมนุม: รองอธิการบดี • รศ.ดร.อซีส นันทอมรพงศ์: คณบดี • ผศ.ดร.ณัฐพงศ์ ทองเทพ: ผู้ช่วยอธิการบดีฝ่ายวิชาการ • นายพฤทธิ์ เกษตรสมบูรณ์: นักวิชาการคอมพิวเตอร์ • นายณัฐวัฒน์ นิธิคุณานนต์: นักวิชาการคอมพิวเตอร์ • นายชนะชัย สิริพันธ์วราภรณ์: ผู้จัดการ cooperative education and Internship student (5 คน): • นายณภัทร เชื้อเหล่าวานิช: นักศึกษาสหกิจ Game and 3D Developer • Mr. Amine Abidellaoui: Internship Student • นายสุพศิน อะนะฝรั่ง: นักศึกษาสหกิจ Web & AI Developer • Mr. Yanis Igoudjil: Internship Student • นายภาสวุฒิ ชูติประชากิจ: นักศึกษาฝึกงานโครงการ Super AI SS6 ตำแหน่ง AI Chat Bot Dev,pipeline:structured_members_group_list,overview/list,100.0,True,9.0634,0,,,
MB-0491-M-002,members,psu_fact,สมาชิก PSU Esports มีกี่คน,สมาชิกในหน้า Members แบ่งเป็น 3 หมวดครับ • Members: 7 คน • cooperative education and Internship student: 5 คน • PSU Phuket Esports Club - PSU Phuket: 13 คน รวมทั้งหมด 25 คน แหล่งข้อมูล: https://esports.phuket.psu.ac.th/about-us/Members,pipeline:structured_members_group_count,overview/group_count,100.0,True,1.6985,0,,,
MB-0492-M-003,members,psu_fact,สมาชิกแบ่งเป็นกี่หมวด,สมาชิกในหน้า Members แบ่งเป็น 3 หมวดครับ • Members: 7 คน • cooperative education and Internship student: 5 คน • PSU Phuket Esports Club - PSU Phuket: 13 คน รวมทั้งหมด 25 คน แหล่งข้อมูล: https://esports.phuket.psu.ac.th/about-us/Members,pipeline:structured_members_group_count,overview/group_count,100.0,True,0.0551,0,,,
MB-0493-M-004,members,psu_fact,แต่ละหมวดมีใครบ้าง,สมาชิกจากหน้า Members แยกตามหมวด รวม 25 คน: Members (7 คน): • ผศ.ดร.นิวัติ แก้วประดับ: อธิการบดี • รศ.ดร.พันธ์ ทองชุมนุม: รองอธิการบดี • รศ.ดร.อซีส นันทอมรพงศ์: คณบดี • ผศ.ดร.ณัฐพงศ์ ทองเทพ: ผู้ช่วยอธิการบดีฝ่ายวิชาการ • นายพฤทธิ์ เกษตรสมบูรณ์: นักวิชาการคอมพิวเตอร์ • นายณัฐวัฒน์ นิธิคุณานนต์: นักวิชาการคอมพิวเตอร์ • นายชนะชัย สิริพันธ์วราภรณ์: ผู้จัดการ cooperative education and Internship student (5 คน): • นายณภัทร เชื้อเหล่าวานิช: นักศึกษาสหกิจ Game and 3D Developer • Mr. Amine Abidellaoui: Internship Student • นายสุพศิน อะนะฝรั่ง: นักศึกษาสหกิจ Web & AI Developer • Mr. Yanis Igoudjil: Internship Student • นายภาสวุฒิ ชูติประชากิจ: นักศึกษาฝึกงานโครงการ Super AI SS6 ตำแหน่ง AI Chat Bot Dev,pipeline:structured_members_group_list,overview/list,100.0,True,1.4849,0,,,
MB-0494-M-005,members,psu_fact,cooperative education มีใครบ้าง,"สมาชิกในหมวด cooperative education and Internship student: cooperative education and Internship student (5 คน): • นายณภัทร เชื้อเหล่าวานิช: นักศึกษาสหกิจ Game and 3D Developer (วิทยาลัยการคอมพิวเตอร์ มหาวิทยาลัยสงขลานครินทร์ วิทยาเขตภูเก็ต; ระยะเวลา: 6/1/2025 - 30/4/2025) • Mr. Amine Abidellaoui: Internship Student (High School Bristol Cannes, France; ระยะเวลา: 10/11/2025 - 19/12/2025) • นายสุพศิน อะนะฝรั่ง: นักศึกษาสหกิจ Web & AI Developer (วิทยาลัยการคอมพิวเตอร์ มหาวิทยาลัยสงขลานครินทร์ วิทยาเขตภูเก็ต; ระยะเวลา: 12/1/2026 - 8/5/2026) • Mr. Yanis Igoudjil: Internship Student (Industrial Engineering and Information Systems, EPF Graduate School of Engineering, Cachan Val-De-Marne, France; ระย",pipeline:structured_members_group_list,overview/list,100.0,True,1.4938,0,,,
MB-0495-M-006,members,psu_fact,PSU Phuket Esports Club มีใครบ้าง,สมาชิกในหมวด PSU Phuket Esports Club - PSU Phuket: PSU Phuket Esports Club - PSU Phuket (13 คน): • นายษุภากรณ์ จิราจินดากุล: ประธาน • นายนพัทธ์ ฝอยทอง: รองประธาน • นายปัณณวิชญ์ หนูเรือง: เลขานุการ • นายภูจิตร จิรวิริยาภรณ์: เหรัญญิก • นายธนชาติ เอ่งฉ้วน: ประชาสัมพันธ์ • นางสาวกมลวรรณ นวลสาย: กรรมการ • นางสาวชญาภา จันทร์เอิบ: กรรมการ • นางสาวณัฐธิดา คำทะเนตร์: กรรมการ • นางสาวสุภาสินี ธนภพ: กรรมการ • นางสาวอาทิตยา แดงประดับ: กรรมการ • นายณัฐพนธ์ อินทรสังขนาวิน: กรรมการ • นายอภิวิชญ์ เลิศกมลรักษ์: กรรมการ • นายอรรถนนท์ สุขแก้ว: กรรมการ แหล่งข้อมูล: https://esports.phuket.psu.ac.th/about-us/Members,pipeline:structured_members_group_list,overview/list,100.0,True,1.578,0,,,
MB-0496-M-007,members,psu_fact,ผศ.ดร.นิวัติ แก้วประดับ ทำตำแหน่งอะไร,ผศ.ดร.นิวัติ แก้วประดับ: อธิการบดี หมวด: Members สังกัด/รายละเอียด: มหาวิทยาลัยสงขลานครินทร์ แหล่งข้อมูล: https://esports.phuket.psu.ac.th/about-us/Members,pipeline:structured_members_person_lookup,overview/members_lookup,100.0,True,0.117,0,,,
MB-0497-M-008,members,psu_fact,ใครเป็นอธิการบดี,ตำแหน่ง อธิการบดี มี 1 คนครับ • ผศ.ดร.นิวัติ แก้วประดับ: อธิการบดี (มหาวิทยาลัยสงขลานครินทร์) ◦ หมวด: Members แหล่งข้อมูล: https://esports.phuket.psu.ac.th/about-us/Members,pipeline:structured_members_role_lookup,overview/members_lookup,100.0,True,0.0351,0,,,
MB-0498-M-009,members,psu_fact,รศ.ดร.พันธ์ ทองชุมนุม ทำตำแหน่งอะไร,รศ.ดร.พันธ์ ทองชุมนุม: รองอธิการบดี หมวด: Members สังกัด/รายละเอียด: มหาวิทยาลัยสงขลานครินทร์ วิทยาเขตภูเก็ต แหล่งข้อมูล: https://esports.phuket.psu.ac.th/about-us/Members,pipeline:structured_members_person_lookup,overview/members_lookup,100.0,True,0.0744,0,,,
MB-0499-M-010,members,psu_fact,ใครเป็นรองอธิการบดี,ตำแหน่ง รองอธิการบดี มี 1 คนครับ • รศ.ดร.พันธ์ ทองชุมนุม: รองอธิการบดี (มหาวิทยาลัยสงขลานครินทร์ วิทยาเขตภูเก็ต) ◦ หมวด: Members แหล่งข้อมูล: https://esports.phuket.psu.ac.th/about-us/Members,pipeline:structured_members_role_lookup,overview/members_lookup,100.0,True,0.0455,0,,,
MB-0500-M-011,members,psu_fact,รศ.ดร.อซีส นันทอมรพงศ์ ทำตำแหน่งอะไร,รศ.ดร.อซีส นันทอมรพงศ์: คณบดี หมวด: Members สังกัด/รายละเอียด: วิทยาลัยการคอมพิวเตอร์ มหาวิทยาลัยสงขลานครินทร์ วิทยาเขตภูเก็ต แหล่งข้อมูล: https://esports.phuket.psu.ac.th/about-us/Members,pipeline:structured_members_person_lookup,overview/members_lookup,100.0,True,0.0823,0,,,
MB-0501-M-012,members,psu_fact,ใครเป็นคณบดี,ตำแหน่ง คณบดี มี 1 คนครับ • รศ.ดร.อซีส นันทอมรพงศ์: คณบดี (วิทยาลัยการคอมพิวเตอร์ มหาวิทยาลัยสงขลานครินทร์ วิทยาเขตภูเก็ต) ◦ หมวด: Members แหล่งข้อมูล: https://esports.phuket.psu.ac.th/about-us/Members,pipeline:structured_members_role_lookup,overview/members_lookup,100.0,True,0.0235,0,,,
MB-0502-M-013,members,psu_fact,ผศ.ดร.ณัฐพงศ์ ทองเทพ ทำตำแหน่งอะไร,ผศ.ดร.ณัฐพงศ์ ทองเทพ: ผู้ช่วยอธิการบดีฝ่ายวิชาการ หมวด: Members สังกัด/รายละเอียด: มหาวิทยาลัยสงขลานครินทร์ วิทยาเขตภูเก็ต แหล่งข้อมูล: https://esports.phuket.psu.ac.th/about-us/Members,pipeline:structured_members_person_lookup,overview/members_lookup,100.0,True,0.0889,0,,,
MB-0503-M-014,members,psu_fact,ใครเป็นผู้ช่วยอธิการบดีฝ่ายวิชาการ,ตำแหน่ง ผู้ช่วยอธิการบดีฝ่ายวิชาการ มี 1 คนครับ • ผศ.ดร.ณัฐพงศ์ ทองเทพ: ผู้ช่วยอธิการบดีฝ่ายวิชาการ (มหาวิทยาลัยสงขลานครินทร์ วิทยาเขตภูเก็ต) ◦ หมวด: Members แหล่งข้อมูล: https://esports.phuket.psu.ac.th/about-us/Members,pipeline:structured_members_role_lookup,overview/members_lookup,100.0,True,0.0721,0,,,
MB-0504-M-015,members,psu_fact,นายพฤทธิ์ เกษตรสมบูรณ์ ทำตำแหน่งอะไร,นายพฤทธิ์ เกษตรสมบูรณ์: นักวิชาการคอมพิวเตอร์ หมวด: Members สังกัด/รายละเอียด: วิทยาลัยการคอมพิวเตอร์ มหาวิทยาลัยสงขลานครินทร์ วิทยาเขตภูเก็ต แหล่งข้อมูล: https://esports.phuket.psu.ac.th/about-us/Members,pipeline:structured_members_person_lookup,overview/members_lookup,100.0,True,0.0748,0,,,
MB-0505-M-016,members,psu_fact,ใครเป็นนักวิชาการคอมพิวเตอร์,ตำแหน่ง นักวิชาการคอมพิวเตอร์ มี 2 คนครับ • นายพฤทธิ์ เกษตรสมบูรณ์: นักวิชาการคอมพิวเตอร์ (วิทยาลัยการคอมพิวเตอร์ มหาวิทยาลัยสงขลานครินทร์ วิทยาเขตภูเก็ต) ◦ หมวด: Members • นายณัฐวัฒน์ นิธิคุณานนต์: นักวิชาการคอมพิวเตอร์ (วิทยาลัยการคอมพิวเตอร์ มหาวิทยาลัยสงขลานครินทร์ วิทยาเขตภูเก็ต) ◦ หมวด: Members แหล่งข้อมูล: https://esports.phuket.psu.ac.th/about-us/Members,pipeline:structured_members_role_lookup,overview/members_lookup,100.0,True,0.0076,0,,,
MB-0506-M-017,members,psu_fact,นายณัฐวัฒน์ นิธิคุณานนต์ ทำตำแหน่งอะไร,นายณัฐวัฒน์ นิธิคุณานนต์: นักวิชาการคอมพิวเตอร์ หมวด: Members สังกัด/รายละเอียด: วิทยาลัยการคอมพิวเตอร์ มหาวิทยาลัยสงขลานครินทร์ วิทยาเขตภูเก็ต แหล่งข้อมูล: https://esports.phuket.psu.ac.th/about-us/Members,pipeline:structured_members_person_lookup,overview/members_lookup,100.0,True,0.0851,0,,,
MB-0507-M-018,members,psu_fact,นายชนะชัย สิริพันธ์วราภรณ์ ทำตำแหน่งอะไร,นายชนะชัย สิริพันธ์วราภรณ์: ผู้จัดการ หมวด: Members สังกัด/รายละเอียด: PSU Esports Studio - Phuket วิทยาลัยการคอมพิวเตอร์ มหาวิทยาลัยสงขลานครินทร์ วิทยาเขตภูเก็ต แหล่งข้อมูล: https://esports.phuket.psu.ac.th/about-us/Members,pipeline:structured_members_person_lookup,overview/members_lookup,100.0,True,0.0869,0,,,
MB-0508-M-019,members,psu_fact,ใครเป็นผู้จัดการ,ตำแหน่ง ผู้จัดการ มี 1 คนครับ • นายชนะชัย สิริพันธ์วราภรณ์: ผู้จัดการ (PSU Esports Studio - Phuket วิทยาลัยการคอมพิวเตอร์ มหาวิทยาลัยสงขลานครินทร์ วิทยาเขตภูเก็ต) ◦ หมวด: Members แหล่งข้อมูล: https://esports.phuket.psu.ac.th/about-us/Members,pipeline:structured_members_role_lookup,overview/members_lookup,100.0,True,0.0285,0,,,
MB-0509-M-020,members,psu_fact,นายณภัทร เชื้อเหล่าวานิช ทำตำแหน่งอะไร,นายณภัทร เชื้อเหล่าวานิช: นักศึกษาสหกิจ Game and 3D Developer หมวด: cooperative education and Internship student สังกัด/รายละเอียด: วิทยาลัยการคอมพิวเตอร์ มหาวิทยาลัยสงขลานครินทร์ วิทยาเขตภูเก็ต ระยะเวลา: 6/1/2025 - 30/4/2025 แหล่งข้อมูล: https://esports.phuket.psu.ac.th/about-us/Members,pipeline:structured_members_person_lookup,overview/members_lookup,100.0,True,0.0971,0,,,
MB-0510-M-021,members,psu_fact,ใครเป็นนักศึกษาสหกิจ Game and 3D Developer,ตำแหน่ง นักศึกษาสหกิจ Game and 3D Developer มี 1 คนครับ • นายณภัทร เชื้อเหล่าวานิช: นักศึกษาสหกิจ Game and 3D Developer (วิทยาลัยการคอมพิวเตอร์ มหาวิทยาลัยสงขลานครินทร์ วิทยาเขตภูเก็ต; ระยะเวลา: 6/1/2025 - 30/4/2025) ◦ หมวด: cooperative education and Internship student แหล่งข้อมูล: https://esports.phuket.psu.ac.th/about-us/Members,pipeline:structured_members_role_lookup,overview/members_lookup,100.0,True,0.1274,0,,,
MB-0511-M-022,members,psu_fact,Mr. Amine Abidellaoui ทำตำแหน่งอะไร,"Mr. Amine Abidellaoui: Internship Student หมวด: cooperative education and Internship student สังกัด/รายละเอียด: High School Bristol Cannes, France ระยะเวลา: 10/11/2025 - 19/12/2025 แหล่งข้อมูล: https://esports.phuket.psu.ac.th/about-us/Members",pipeline:structured_members_person_lookup,overview/members_lookup,100.0,True,0.1078,0,,,
MB-0512-M-023,members,psu_fact,ใครเป็นInternship Student,"ตำแหน่ง Internship Student มี 2 คนครับ • Mr. Amine Abidellaoui: Internship Student (High School Bristol Cannes, France; ระยะเวลา: 10/11/2025 - 19/12/2025) ◦ หมวด: cooperative education and Internship student • Mr. Yanis Igoudjil: Internship Student (Industrial Engineering and Information Systems, EPF Graduate School of Engineering, Cachan Val-De-Marne, France; ระยะเวลา: 29/06/2026 - 18/09/2026) ◦ หมวด: cooperative education and Internship student แหล่งข้อมูล: https://esports.phuket.psu.ac.th/about-us/Members",pipeline:structured_members_role_lookup,overview/members_lookup,100.0,True,0.0705,0,,,
MB-0513-M-024,members,psu_fact,นายสุพศิน อะนะฝรั่ง ทำตำแหน่งอะไร,นายสุพศิน อะนะฝรั่ง: นักศึกษาสหกิจ Web & AI Developer หมวด: cooperative education and Internship student สังกัด/รายละเอียด: วิทยาลัยการคอมพิวเตอร์ มหาวิทยาลัยสงขลานครินทร์ วิทยาเขตภูเก็ต ระยะเวลา: 12/1/2026 - 8/5/2026 แหล่งข้อมูล: https://esports.phuket.psu.ac.th/about-us/Members,pipeline:structured_members_person_lookup,overview/members_lookup,100.0,True,0.0849,0,,,
MB-0514-M-025,members,psu_fact,ใครเป็นนักศึกษาสหกิจ Web & AI Developer,ตำแหน่ง นักศึกษาสหกิจ Web & AI Developer มี 1 คนครับ • นายสุพศิน อะนะฝรั่ง: นักศึกษาสหกิจ Web & AI Developer (วิทยาลัยการคอมพิวเตอร์ มหาวิทยาลัยสงขลานครินทร์ วิทยาเขตภูเก็ต; ระยะเวลา: 12/1/2026 - 8/5/2026) ◦ หมวด: cooperative education and Internship student แหล่งข้อมูล: https://esports.phuket.psu.ac.th/about-us/Members,pipeline:structured_members_role_lookup,overview/members_lookup,100.0,True,0.1257,0,,,
MB-1240-PSR-001,policy_schedule_rules,psu_fact,ศุกร์บ่ายเปิดไหม,"วันศุกร์: เปิดให้เล่นช่วง 09:00-12:00 ส่วน 13:00-16:00 เป็น Maintenance สำหรับ Weekly hardware inspection and cleaning รายละเอียดจากตาราง: • วันศุกร์: Morning 09:00-12:00 = open, Afternoon 13:00-16:00 = maintenance แหล่งข้อมูล: https://esports.computing.psu.ac.th/",pipeline:structured_schedule,schedule/schedule_query,100.0,True,0.0314,0,,,
MB-1241-PSR-002,policy_schedule_rules,psu_fact,ช่วงเช้าวันจันทร์เปิดไหม,"วันจันทร์: เปิดให้เล่นช่วง 13:00-16:00 ส่วน 09:00-12:00 เป็น Maintenance* รายละเอียดจากตาราง: • วันจันทร์: Morning 09:00-12:00 = maintenance, Afternoon 13:00-16:00 = open แหล่งข้อมูล: https://esports.computing.psu.ac.th/",pipeline:structured_schedule,schedule/schedule_query,100.0,True,0.0696,0,,,
MB-1242-PSR-003,policy_schedule_rules,psu_fact,วันศุกร์ช่วงบ่ายปิดใช่ไหม,"วันศุกร์: เปิดให้เล่นช่วง 09:00-12:00 ส่วน 13:00-16:00 เป็น Maintenance สำหรับ Weekly hardware inspection and cleaning รายละเอียดจากตาราง: • วันศุกร์: Morning 09:00-12:00 = open, Afternoon 13:00-16:00 = maintenance แหล่งข้อมูล: https://esports.computing.psu.ac.th/",pipeline:structured_schedule,schedule/schedule_query,100.0,True,0.0532,0,,,
MB-1243-PSR-004,policy_schedule_rules,psu_fact,ต้องจ่ายภายในกี่นาที,หลังจองต้องชำระเงินทันที หากไม่ชำระภายใน 10 นาที การจองจะถูกยกเลิกและต้องจองใหม่ แหล่งข้อมูล: https://esports.computing.psu.ac.th/,pipeline:structured_reservation_fact,reservation/booking_policy,100.0,True,0.1196,0,,,
MB-1244-PSR-005,policy_schedule_rules,psu_fact,เอาอาหารเข้าได้ไหม,อนุญาตให้รับประทานอาหารและเครื่องดื่มเฉพาะในพื้นที่ที่กำหนดเท่านั้น แหล่งข้อมูล: https://esports.computing.psu.ac.th/reservation,pipeline:rules_fast_path,rules/studio_rules,100.0,True,1.7672,0,,,
MB-1245-PSR-006,policy_schedule_rules,psu_fact,ทำจอยพังโดนปรับเท่าไหร่,"ขอรู้บริการหรือโซนก่อนครับ จะได้ตอบราคาให้ตรง เช่น `PS5 ราคาเท่าไหร่`, `Nintendo 3-4 คนกี่บาท`, `VR 30 นาทีราคาเท่าไหร่` หรือ `Tekken 8 ราคาเท่าไหร่`",pipeline:ambiguity_clarification,clarification/ambiguity_gate_clarification,82.0,False,1.7652,1,universal_intent,category_mismatch:clarification,
MB-1246-PSR-007,policy_schedule_rules,psu_fact,ของหายต้องทำยังไง,ทรัพย์สินสูญหายศูนย์ไม่รับผิดชอบ แต่ถ้าผู้ใช้ทำอุปกรณ์เสียหายหรือเปียก ผู้ใช้ต้องรับผิดชอบค่าปรับ/ค่าซ่อม แหล่งข้อมูล: https://esports.computing.psu.ac.th/reservation,pipeline:mixed_rules_fast,rules/studio_rules,100.0,True,1.7446,0,,,
MB-1247-PSR-008,policy_schedule_rules,psu_fact,กติกาในศูนย์มีอะไรบ้าง,โหมดทดลอง RAG: ยังไม่มี context ที่โยงกับคำถามนี้ได้ชัดในฐานข้อมูลหมวด no_answer ถ้าต้องการให้ตอบได้ ควรเพิ่ม fact/card หรือข้อมูลจริงของเรื่องนั้นเข้า knowledge base ก่อน,pipeline:general_psu_scope_no_answer,general/competition_rules_lookup,66.0,False,1.7476,0,,category_mismatch:general | missing_any:เปิด|ปิด|จอง|ยกเลิก|นาที|อาหาร|ปรับ|กติกา,
MB-0460-R-001,reservation,psu_fact,จองยังไง,"ขั้นตอนจองโดยสรุป: • เลือกบริการหรือโซนที่ต้องการใช้ • เลือกวันและรอบเวลาที่ต้องการ • กรอก Student ID/Staff ID/National ID, ชื่อ, นามสกุล, อีเมล และเบอร์โทรศัพท์ • ตรวจสอบข้อมูลและชำระเงินโดยโอนเข้าบัญชีที่ระบบแจ้ง • แนบสลิปและยืนยันการจอง แหล่งข้อมูล: https://esports.computing.psu.ac.th/",pipeline:structured_reservation_fact,reservation/booking_policy,100.0,True,1.5877,0,,,
MB-0461-R-002,reservation,psu_fact,สรุปขั้นตอนจองให้หน่อย,"ขั้นตอนจองโดยสรุป: • เลือกบริการหรือโซนที่ต้องการใช้ • เลือกวันและรอบเวลาที่ต้องการ • กรอก Student ID/Staff ID/National ID, ชื่อ, นามสกุล, อีเมล และเบอร์โทรศัพท์ • ตรวจสอบข้อมูลและชำระเงินโดยโอนเข้าบัญชีที่ระบบแจ้ง • แนบสลิปและยืนยันการจอง แหล่งข้อมูล: https://esports.computing.psu.ac.th/",pipeline:structured_reservation_fact,reservation/booking_policy,100.0,True,2.754,0,,,
MB-0462-R-003,reservation,psu_fact,จอง PS5 ต้องทำยังไง,จอง PlayStation 5 ต้องเลือกบริการ PlayStation 5 และเลือกรอบเวลาที่ต้องการครับ • ข้อมูลค่าบริการที่มีระบุ PlayStation 5 ต่อ 60 นาที สำหรับ 1-2 คน • จากนั้นกรอกข้อมูลผู้ใช้บริการ ชำระเงิน และแนบสลิปเพื่อยืนยันการจอง แหล่งข้อมูล: https://esports.computing.psu.ac.th/,pipeline:structured_booking_selection,reservation/booking_policy,100.0,True,2.1748,0,,,
MB-0463-R-004,reservation,psu_fact,จอง Nintendo Switch ต้องทำยังไง,ถ้าจะเล่น Nintendo Switch Sports ให้จอง Nintendo Switch Zone ครับ จอง Nintendo Switch ต้องเลือกบริการตามจำนวนผู้เล่นครับ • ถ้าเล่น 1-2 คน ให้เลือก Nintendo Switch แบบ 1-2 Persons • ถ้าเล่น 3-4 คน ให้เลือก Nintendo Switch แบบ 3-4 Persons • จากนั้นเลือกวัน รอบเวลา กรอกข้อมูลผู้ใช้บริการ ชำระเงิน และแนบสลิปเพื่อยืนยันการจอง แหล่งข้อมูล: https://esports.computing.psu.ac.th/,pipeline:structured_booking_selection,reservation/booking_policy,100.0,True,1.4981,0,,,
MB-0464-R-005,reservation,psu_fact,จอง VR ต้องทำยังไง,จองคิวเล่นเกม/ใช้อุปกรณ์ได้ผ่านระบบจองออนไลน์ครับ ถ้าต้องการจอง VR ให้เลือกบริการ VR Station และเลือกรอบ 30 นาทีหรือ 1 ชั่วโมงตามที่ระบบมีให้เลือก ขั้นตอนโดยสรุปคือ 1) เลือกบริการหรือโซนที่ต้องการใช้ 2) เลือกวันและรอบเวลา 3) กรอก Student ID/Staff ID/National ID ชื่อ นามสกุล อีเมล และเบอร์โทรศัพท์ 4) ตรวจสอบข้อมูลและชำระเงินโดยโอนเข้าบัญชีที่ระบบแจ้ง 5) แนบสลิปและยืนยันการจอง ต้องจองล่วงหน้าอย่างน้อย 1 ชั่วโมง และหลังจองต้องชำระเงินภายใน 10 นาทีครับ แหล่งข้อมูล: https://esports.computing.psu.ac.th/reservation,pipeline:booking_howto_fast_path,reservation/how_to,100.0,True,2.1818,0,,,
MB-0465-R-006,reservation,psu_fact,จอง Cockpit ต้องทำยังไง,ถ้าอยากเล่นเกมขับรถหรือใช้พวงมาลัย ให้จอง Cockpit Zone / Cockpit ครับ • โซนนี้ใช้กับชุด Racezone Full Cockpit V3 และ Logitech G923 TRUEFORCE Racing Wheel • เกมที่ยืนยันได้คือ Gran Turismo 7 แหล่งข้อมูล: https://esports.computing.psu.ac.th/,pipeline:structured_booking_selection,reservation/booking_policy,100.0,True,2.6903,0,,,
MB-0466-R-007,reservation,psu_fact,จอง PC ต้องทำยังไง,"สำหรับ PC ให้เลือกบริการ/โซน PC ในระบบจอง แล้วทำตามขั้นตอนนี้ครับ ขั้นตอนจองโดยสรุป: • เลือกบริการหรือโซนที่ต้องการใช้ • เลือกวันและรอบเวลาที่ต้องการ • กรอก Student ID/Staff ID/National ID, ชื่อ, นามสกุล, อีเมล และเบอร์โทรศัพท์ • ตรวจสอบข้อมูลและชำระเงินโดยโอนเข้าบัญชีที่ระบบแจ้ง • แนบสลิปและยืนยันการจอง แหล่งข้อมูล: https://esports.computing.psu.ac.th/",pipeline:structured_reservation_fact,reservation/booking_policy,100.0,True,2.2923,0,,,
MB-0467-R-008,reservation,psu_fact,ต้องจองล่วงหน้ากี่ชั่วโมง,ต้องจองล่วงหน้าผ่านระบบออนไลน์ก่อนเวลาใช้งานอย่างน้อย 1 ชั่วโมง แหล่งข้อมูล: https://esports.computing.psu.ac.th/,pipeline:structured_reservation_fact,reservation/booking_policy,100.0,True,3.0836,0,,,
MB-0468-R-009,reservation,psu_fact,จองได้สูงสุดกี่ session,การจอง 1 ครั้งสามารถจองได้สูงสุด 3 Sessions สำหรับ PlayStation 5: 1 session = 1 ชั่วโมง ดังนั้น 3 sessions = สูงสุด 3 ชั่วโมงต่อการจอง 1 ครั้ง แหล่งข้อมูล: https://esports.computing.psu.ac.th/,pipeline:structured_reservation_fact,reservation/booking_policy,100.0,True,1.2203,0,,,
MB-0469-R-010,reservation,psu_fact,หลังจองต้องจ่ายภายในกี่นาที,หลังจองต้องชำระเงินทันที หากไม่ชำระภายใน 10 นาที การจองจะถูกยกเลิกและต้องจองใหม่ แหล่งข้อมูล: https://esports.computing.psu.ac.th/,pipeline:structured_reservation_fact,reservation/booking_policy,100.0,True,1.9774,0,,,
MB-0470-R-011,reservation,psu_fact,จองแล้วแก้ไขได้ไหม,เมื่อกดจองแล้วจะไม่สามารถแก้ไขข้อมูลได้ หากต้องการแก้ไขต้องยกเลิกผ่านอีเมลก่อนเวลาใช้งานอย่างน้อย 1 ชั่วโมง แล้วจองใหม่ พร้อมแนบสลิปการโอนเงินเดิม แหล่งข้อมูล: https://esports.computing.psu.ac.th/reservation,pipeline:booking_fast_path,reservation/how_to,100.0,True,2.0558,0,,,
MB-0471-R-012,reservation,psu_fact,จองแล้วโอนสิทธิ์ให้เพื่อนได้ไหม,ไม่สามารถโอนสิทธิ์การจองให้ผู้อื่นได้ แหล่งข้อมูล: https://esports.computing.psu.ac.th/,pipeline:structured_reservation_fact,reservation/booking_policy,100.0,True,3.9763,0,,,
MB-0472-R-013,reservation,psu_fact,เช็คอินล่วงหน้าได้กี่นาที,เช็คอินได้ล่วงหน้าสูงสุด 30 นาที และต้องเช็คอินก่อนเวลาเริ่มต้นของรอบที่จอง แหล่งข้อมูล: https://esports.computing.psu.ac.th/,pipeline:structured_reservation_fact,reservation/booking_policy,100.0,True,1.9478,0,,,
MB-0473-R-014,reservation,psu_fact,ถ้ายกเลิกต้องทำยังไง,"ขั้นตอนจองโดยสรุป: • เลือกบริการหรือโซนที่ต้องการใช้ • เลือกวันและรอบเวลาที่ต้องการ • กรอก Student ID/Staff ID/National ID, ชื่อ, นามสกุล, อีเมล และเบอร์โทรศัพท์ • ตรวจสอบข้อมูลและชำระเงินโดยโอนเข้าบัญชีที่ระบบแจ้ง • แนบสลิปและยืนยันการจอง แหล่งข้อมูล: https://esports.computing.psu.ac.th/",pipeline:structured_reservation_fact,reservation/booking_policy,100.0,True,1.6693,0,,,
MB-0474-R-015,reservation,psu_fact,ถ้าไปช้าจะเป็นอะไรไหม,ถ้าไม่เช็คอินก่อนเวลาเริ่มต้นของรอบ ระบบจะยกเลิกการจองทันที และไม่มีการคืนเงิน แหล่งข้อมูล: https://esports.computing.psu.ac.th/,pipeline:structured_reservation_fact,reservation/booking_policy,100.0,True,1.7638,0,,,
MB-0475-R-016,reservation,psu_fact,walk in ได้ไหม,ผู้ใช้งานต้องจองล่วงหน้าผ่านระบบออนไลน์ก่อนเวลาใช้งานอย่างน้อย 1 ชั่วโมง จึงไม่ควร walk in โดยไม่จองก่อน แหล่งข้อมูล: https://esports.computing.psu.ac.th/,pipeline:structured_reservation_fact,reservation/booking_policy,100.0,True,1.7258,0,,,
MB-0476-R-017,reservation,psu_fact,ต้องแนบสลิปไหม,ตอนจองต้องกรอก Student ID/Staff ID/National ID ชื่อ นามสกุล อีเมล เบอร์โทรศัพท์ และชำระโดยโอนเงินพร้อมแนบสลิป แหล่งข้อมูล: https://esports.computing.psu.ac.th/reservation,pipeline:mixed_reservation_fast,reservation/competition_rules_lookup,100.0,True,0.1234,0,,,
MB-0477-R-018,reservation,psu_fact,จองแล้วไม่สามารถยกเลิกได้ใช่ไหม,การยกเลิกการจองต้องทำล่วงหน้าอย่างน้อย 1 ชั่วโมงครับ หากต้องการแก้ไขข้อมูลหรือเวลาใช้งาน ต้องยกเลิกการจองเดิมก่อนแล้วจองใหม่ตามขั้นตอนของระบบ แหล่งข้อมูล: https://esports.computing.psu.ac.th/reservation,pipeline:booking_cancel_fast_path,reservation/how_to,100.0,True,4.0899,0,,,
MB-0478-R-019,reservation,psu_fact,ถ้าจองผิดข้อมูลต้องทำยังไง,"ขั้นตอนจองโดยสรุป: • เลือกบริการหรือโซนที่ต้องการใช้ • เลือกวันและรอบเวลาที่ต้องการ • กรอก Student ID/Staff ID/National ID, ชื่อ, นามสกุล, อีเมล และเบอร์โทรศัพท์ • ตรวจสอบข้อมูลและชำระเงินโดยโอนเข้าบัญชีที่ระบบแจ้ง • แนบสลิปและยืนยันการจอง แหล่งข้อมูล: https://esports.computing.psu.ac.th/",pipeline:structured_reservation_fact,reservation/booking_policy,100.0,True,3.9181,0,,,
MB-0479-R-020,reservation,psu_fact,จ่ายเงินผ่านช่องทางไหน,ชำระเงินโดยโอนผ่านธนาคารไทยพาณิชย์ ชื่อบัญชี PSU Esports Studio - Phuket เลขบัญชี 795-276244-1 และต้องแนบสลิปการโอนเงิน แหล่งข้อมูล: https://esports.computing.psu.ac.th/,pipeline:structured_reservation_fact,reservation/booking_policy,100.0,True,2.0772,0,,,
MB-0480-S-001,schedule,psu_fact,เปิดกี่โมง,"เวลาบริการตามตารางคือ Morning 09:00-12:00 และ Afternoon 13:00-16:00 รายละเอียดจากตาราง: • วันจันทร์: Morning 09:00-12:00 = maintenance, Afternoon 13:00-16:00 = open • วันอังคาร: Morning 09:00-12:00 = open, Afternoon 13:00-16:00 = open • วันพุธ: Morning 09:00-12:00 = open, Afternoon 13:00-16:00 = open • วันพฤหัสบดี: Morning 09:00-12:00 = open, Afternoon 13:00-16:00 = open • วันศุกร์: Morning 09:00-12:00 = open, Afternoon 13:00-16:00 = maintenance แหล่งข้อมูล: https://esports.computing.psu.ac.th/",pipeline:structured_schedule,schedule/schedule_query,100.0,True,0.021,0,,,
MB-0481-S-002,schedule,psu_fact,ปิดกี่โมง,"เวลาบริการตามตารางคือ Morning 09:00-12:00 และ Afternoon 13:00-16:00 รายละเอียดจากตาราง: • วันจันทร์: Morning 09:00-12:00 = maintenance, Afternoon 13:00-16:00 = open • วันอังคาร: Morning 09:00-12:00 = open, Afternoon 13:00-16:00 = open • วันพุธ: Morning 09:00-12:00 = open, Afternoon 13:00-16:00 = open • วันพฤหัสบดี: Morning 09:00-12:00 = open, Afternoon 13:00-16:00 = open • วันศุกร์: Morning 09:00-12:00 = open, Afternoon 13:00-16:00 = maintenance แหล่งข้อมูล: https://esports.computing.psu.ac.th/",pipeline:structured_schedule,schedule/schedule_query,100.0,True,0.0173,0,,,
MB-0482-S-003,schedule,psu_fact,วันนี้เปิดไหม,วันนี้ 31/07/2026 (วันศุกร์): วันศุกร์เปิดช่วงเช้า 09:00-12:00 แต่ช่วงบ่าย 13:00-16:00 เป็น Maintenance สำหรับตรวจเช็คและทำความสะอาดอุปกรณ์ วันที่อ้างอิงของระบบ: วันนี้คือ 31/07/2026 (วันศุกร์) ตามเวลาไทย ปฏิทินไทยของวันที่นี้: ไม่พบวันหยุดไทยหรือเทศกาลในปฏิทินที่บันทึกไว้สำหรับวันที่นี้ รายละเอียดจากตาราง: • วันจันทร์ช่วงเช้า 09:00-12:00 เป็น Maintenance* และเปิดช่วงบ่าย 13:00-16:00 • วันอังคาร-พฤหัสบดีเปิด 09:00-12:00 และ 13:00-16:00 • วันศุกร์เปิดช่วงเช้า 09:00-12:00 และช่วงบ่าย 13:00-16:00 เป็น Maintenance • วันหยุดราชการ/วันปิดพิเศษในไฟล์ปฏิทินจะมีผลก่อนตารางปกติ แหล่งข้อมูลตารางบริการ: https://esports.computing.psu.ac.th/reservation,pipeline:calendar_schedule_fast_path,schedule/schedule_query,100.0,True,1.1896,0,,,
MB-0483-S-004,schedule,psu_fact,วันจันทร์เปิดกี่โมง,"วันจันทร์: เปิดให้เล่นช่วง 13:00-16:00 ส่วน 09:00-12:00 เป็น Maintenance* รายละเอียดจากตาราง: • วันจันทร์: Morning 09:00-12:00 = maintenance, Afternoon 13:00-16:00 = open แหล่งข้อมูล: https://esports.computing.psu.ac.th/",pipeline:structured_schedule,schedule/schedule_query,100.0,True,0.0787,0,,,
MB-0484-S-005,schedule,psu_fact,วันอาทิตย์เปิดไหม,"เวลาบริการตามตารางคือ Morning 09:00-12:00 และ Afternoon 13:00-16:00 รายละเอียดจากตาราง: • วันจันทร์: Morning 09:00-12:00 = maintenance, Afternoon 13:00-16:00 = open • วันอังคาร: Morning 09:00-12:00 = open, Afternoon 13:00-16:00 = open • วันพุธ: Morning 09:00-12:00 = open, Afternoon 13:00-16:00 = open • วันพฤหัสบดี: Morning 09:00-12:00 = open, Afternoon 13:00-16:00 = open • วันศุกร์: Morning 09:00-12:00 = open, Afternoon 13:00-16:00 = maintenance แหล่งข้อมูล: https://esports.computing.psu.ac.th/",pipeline:structured_schedule,schedule/schedule_query,100.0,True,0.0549,0,,,
MB-0485-S-006,schedule,psu_fact,ช่วงเช้าเล่นได้ไหม,"รอบเช้า Morning คือ 09:00-12:00 แต่วันจันทร์ช่วงนี้เป็น Maintenance* รายละเอียดจากตาราง: • วันจันทร์: Morning 09:00-12:00 = maintenance, Afternoon 13:00-16:00 = open • วันอังคาร: Morning 09:00-12:00 = open, Afternoon 13:00-16:00 = open • วันพุธ: Morning 09:00-12:00 = open, Afternoon 13:00-16:00 = open • วันพฤหัสบดี: Morning 09:00-12:00 = open, Afternoon 13:00-16:00 = open • วันศุกร์: Morning 09:00-12:00 = open, Afternoon 13:00-16:00 = maintenance แหล่งข้อมูล: https://esports.computing.psu.ac.th/",pipeline:structured_schedule,schedule/schedule_query,100.0,True,1.892,0,,,
MB-0486-S-007,schedule,psu_fact,ตอนเย็นเปิดถึงกี่โมง,"เวลาบริการตามตารางคือ Morning 09:00-12:00 และ Afternoon 13:00-16:00 รายละเอียดจากตาราง: • วันจันทร์: Morning 09:00-12:00 = maintenance, Afternoon 13:00-16:00 = open • วันอังคาร: Morning 09:00-12:00 = open, Afternoon 13:00-16:00 = open • วันพุธ: Morning 09:00-12:00 = open, Afternoon 13:00-16:00 = open • วันพฤหัสบดี: Morning 09:00-12:00 = open, Afternoon 13:00-16:00 = open • วันศุกร์: Morning 09:00-12:00 = open, Afternoon 13:00-16:00 = maintenance แหล่งข้อมูล: https://esports.computing.psu.ac.th/",pipeline:structured_schedule,schedule/schedule_query,100.0,True,0.1213,0,,,
MB-0487-S-008,schedule,psu_fact,พรุ่งนี้เปิดไหม,พรุ่งนี้ 01/08/2026 (วันเสาร์): วันเสาร์ยังไม่พบช่วงให้บริการในตารางประจำที่มีอยู่ จึงควรตรวจสอบกับศูนย์ก่อนเดินทาง วันที่อ้างอิงของระบบ: วันนี้คือ 31/07/2026 (วันศุกร์) ตามเวลาไทย ปฏิทินไทยของวันที่นี้: ไม่พบวันหยุดไทยหรือเทศกาลในปฏิทินที่บันทึกไว้สำหรับวันที่นี้ รายละเอียดจากตาราง: • วันจันทร์ช่วงเช้า 09:00-12:00 เป็น Maintenance* และเปิดช่วงบ่าย 13:00-16:00 • วันอังคาร-พฤหัสบดีเปิด 09:00-12:00 และ 13:00-16:00 • วันศุกร์เปิดช่วงเช้า 09:00-12:00 และช่วงบ่าย 13:00-16:00 เป็น Maintenance • วันหยุดราชการ/วันปิดพิเศษในไฟล์ปฏิทินจะมีผลก่อนตารางปกติ แหล่งข้อมูลตารางบริการ: https://esports.computing.psu.ac.th/reservation,pipeline:calendar_schedule_fast_path,schedule/schedule_query,100.0,True,1.6294,0,,,
MB-0488-S-009,schedule,psu_fact,วันหยุดเปิดไหม,วันหยุดไทย/เทศกาลถัดไปที่มีในปฏิทิน: • 12/08/2026 (วันพุธ): วันแม่แห่งชาติ / วันเฉลิมพระชนมพรรษาสมเด็จพระบรมราชชนนีพันปีหลวง (national_holiday) • 24/09/2026 (วันพฤหัสบดี): วันมหิดล (observance) • 13/10/2026 (วันอังคาร): วันนวมินทรมหาราช (national_holiday) • 16/10/2026 (วันศุกร์): วันหยุดพิเศษของสถาบันการเงินในกรุงเทพฯ (bank_holiday_bangkok) • 23/10/2026 (วันศุกร์): วันปิยมหาราช (national_holiday) หมายเหตุ: รายการนี้เป็นข้อมูลปฏิทินไทยประกอบ ไม่ได้แปลว่าศูนย์ปิดโดยอัตโนมัติ แหล่งข้อมูลปฏิทินไทย: https://www.timeanddate.com/holidays/thailand,pipeline:calendar_upcoming_holidays_fast_path,schedule/schedule_query,100.0,True,1.6008,0,,,
MB-0489-S-010,schedule,psu_fact,ตารางเวลาให้บริการเป็นยังไง,"เวลาบริการตามตารางคือ Morning 09:00-12:00 และ Afternoon 13:00-16:00 รายละเอียดจากตาราง: • วันจันทร์: Morning 09:00-12:00 = maintenance, Afternoon 13:00-16:00 = open • วันอังคาร: Morning 09:00-12:00 = open, Afternoon 13:00-16:00 = open • วันพุธ: Morning 09:00-12:00 = open, Afternoon 13:00-16:00 = open • วันพฤหัสบดี: Morning 09:00-12:00 = open, Afternoon 13:00-16:00 = open • วันศุกร์: Morning 09:00-12:00 = open, Afternoon 13:00-16:00 = maintenance แหล่งข้อมูล: https://esports.computing.psu.ac.th/",pipeline:structured_schedule,schedule/schedule_query,100.0,True,1.4914,0,,,
MB-0001-SF-001,service_fee,psu_fact,PC ราคาเท่าไหร่,ราคา PC 1 ชั่วโมง (1 คน) • PSU Student and Staff: 0 บาท • PSU Alumni and General Student / นักศึกษาหรือนักเรียนต่างสถาบัน: 25 บาท • General Adult / บุคคลทั่วไป: 70 บาท หมายเหตุข้อมูล PC: ราคา PC เพิ่มจาก local service fee update 2026-07-27 แหล่งข้อมูล: https://esports.computing.psu.ac.th/wp-content/uploads/2026/01/PSU-Esports-Studio-phuket-SERVICE-FEE-2026.png,pipeline:deterministic_calculator_fast,service_fee/service_fee_query,100.0,True,0.0079,1,,,
MB-0002-SF-002,service_fee,psu_fact,นักศึกษา PSU เล่น PC 30 นาที เสียกี่บาท,ระยะเวลาที่ถามคือ 30 นาที ใช้ 1 session ตามแพ็กเกจ PC 1 ชั่วโมง คำตอบราคา: 0 บาท สำหรับกลุ่ม PSU Student and Staff • คำนวณจาก 0 บาท/session x 1 session = 0 บาท กลุ่มผู้ใช้ที่ตรวจเจอ: PSU Student and Staff รายละเอียดจากตาราง: PC 1 ชั่วโมง (1 คน) • PSU Student and Staff: 0 บาท • PSU Alumni and General Student: 25 บาท • General Adult: 70 บาท หมายเหตุข้อมูล PC: ราคา PC เพิ่มจาก local service fee update 2026-07-27 แหล่งข้อมูล: https://esports.computing.psu.ac.th/wp-content/uploads/2026/01/PSU-Esports-Studio-phuket-SERVICE-FEE-2026.png,pipeline:deterministic_calculator_fast,service_fee/service_fee_query,100.0,True,0.016,1,,,
MB-0003-SF-003,service_fee,psu_fact,นักศึกษา PSU เล่น PC 1 ชั่วโมง เสียกี่บาท,ระยะเวลาที่ถามคือ 1 ชั่วโมง ใช้ 1 session ตามแพ็กเกจ PC 1 ชั่วโมง คำตอบราคา: 0 บาท สำหรับกลุ่ม PSU Student and Staff • คำนวณจาก 0 บาท/session x 1 session = 0 บาท กลุ่มผู้ใช้ที่ตรวจเจอ: PSU Student and Staff รายละเอียดจากตาราง: PC 1 ชั่วโมง (1 คน) • PSU Student and Staff: 0 บาท • PSU Alumni and General Student: 25 บาท • General Adult: 70 บาท หมายเหตุข้อมูล PC: ราคา PC เพิ่มจาก local service fee update 2026-07-27 แหล่งข้อมูล: https://esports.computing.psu.ac.th/wp-content/uploads/2026/01/PSU-Esports-Studio-phuket-SERVICE-FEE-2026.png,pipeline:deterministic_calculator_fast,service_fee/service_fee_query,100.0,True,0.0134,1,,,
MB-0004-SF-004,service_fee,psu_fact,นักศึกษา PSU เล่น PC 2 ชั่วโมง เสียกี่บาท,ระยะเวลาที่ถามคือ 2 ชั่วโมง ใช้ 2 session ตามแพ็กเกจ PC 1 ชั่วโมง คำตอบราคา: 0 บาท สำหรับกลุ่ม PSU Student and Staff • คำนวณจาก 0 บาท/session x 2 session = 0 บาท กลุ่มผู้ใช้ที่ตรวจเจอ: PSU Student and Staff รายละเอียดจากตาราง: PC 1 ชั่วโมง (1 คน) • PSU Student and Staff: 0 บาท • PSU Alumni and General Student: 25 บาท • General Adult: 70 บาท หมายเหตุข้อมูล PC: ราคา PC เพิ่มจาก local service fee update 2026-07-27 แหล่งข้อมูล: https://esports.computing.psu.ac.th/wp-content/uploads/2026/01/PSU-Esports-Studio-phuket-SERVICE-FEE-2026.png,pipeline:deterministic_calculator_fast,service_fee/service_fee_query,100.0,True,0.0157,1,,,
MB-0005-SF-005,service_fee,psu_fact,นักศึกษาต่างมหาลัย เล่น PC 30 นาที เสียกี่บาท,ระยะเวลาที่ถามคือ 30 นาที ใช้ 1 session ตามแพ็กเกจ PC 1 ชั่วโมง คำตอบราคา: 25 บาท สำหรับกลุ่ม PSU Alumni and General Student / นักศึกษาหรือนักเรียนต่างสถาบัน • คำนวณจาก 25 บาท/session x 1 session = 25 บาท กลุ่มผู้ใช้ที่ตรวจเจอ: PSU Alumni and General Student / นักศึกษาหรือนักเรียนต่างสถาบัน / มหาลัยอื่น รายละเอียดจากตาราง: PC 1 ชั่วโมง (1 คน) • PSU Student and Staff: 0 บาท • PSU Alumni and General Student: 25 บาท • General Adult: 70 บาท หมายเหตุข้อมูล PC: ราคา PC เพิ่มจาก local service fee update 2026-07-27 แหล่งข้อมูล: https://esports.computing.psu.ac.th/wp-content/uploads/2026/01/PSU-Esports-Studio-phuket-SERVICE-FEE-2026.png,pipeline:deterministic_calculator_fast,service_fee/service_fee_query,100.0,True,0.0154,1,,,
MB-0006-SF-006,service_fee,psu_fact,นักศึกษาต่างมหาลัย เล่น PC 1 ชั่วโมง เสียกี่บาท,ระยะเวลาที่ถามคือ 1 ชั่วโมง ใช้ 1 session ตามแพ็กเกจ PC 1 ชั่วโมง คำตอบราคา: 25 บาท สำหรับกลุ่ม PSU Alumni and General Student / นักศึกษาหรือนักเรียนต่างสถาบัน • คำนวณจาก 25 บาท/session x 1 session = 25 บาท กลุ่มผู้ใช้ที่ตรวจเจอ: PSU Alumni and General Student / นักศึกษาหรือนักเรียนต่างสถาบัน / มหาลัยอื่น รายละเอียดจากตาราง: PC 1 ชั่วโมง (1 คน) • PSU Student and Staff: 0 บาท • PSU Alumni and General Student: 25 บาท • General Adult: 70 บาท หมายเหตุข้อมูล PC: ราคา PC เพิ่มจาก local service fee update 2026-07-27 แหล่งข้อมูล: https://esports.computing.psu.ac.th/wp-content/uploads/2026/01/PSU-Esports-Studio-phuket-SERVICE-FEE-2026.png,pipeline:deterministic_calculator_fast,service_fee/service_fee_query,100.0,True,0.0163,1,,,
MB-0007-SF-007,service_fee,psu_fact,นักศึกษาต่างมหาลัย เล่น PC 2 ชั่วโมง เสียกี่บาท,ระยะเวลาที่ถามคือ 2 ชั่วโมง ใช้ 2 session ตามแพ็กเกจ PC 1 ชั่วโมง คำตอบราคา: 50 บาท สำหรับกลุ่ม PSU Alumni and General Student / นักศึกษาหรือนักเรียนต่างสถาบัน • คำนวณจาก 25 บาท/session x 2 session = 50 บาท กลุ่มผู้ใช้ที่ตรวจเจอ: PSU Alumni and General Student / นักศึกษาหรือนักเรียนต่างสถาบัน / มหาลัยอื่น รายละเอียดจากตาราง: PC 1 ชั่วโมง (1 คน) • PSU Student and Staff: 0 บาท • PSU Alumni and General Student: 25 บาท • General Adult: 70 บาท หมายเหตุข้อมูล PC: ราคา PC เพิ่มจาก local service fee update 2026-07-27 แหล่งข้อมูล: https://esports.computing.psu.ac.th/wp-content/uploads/2026/01/PSU-Esports-Studio-phuket-SERVICE-FEE-2026.png,pipeline:deterministic_calculator_fast,service_fee/service_fee_query,100.0,True,0.0121,1,,,
MB-0008-SF-008,service_fee,psu_fact,บุคคลทั่วไป เล่น PC 30 นาที เสียกี่บาท,ระยะเวลาที่ถามคือ 30 นาที ใช้ 1 session ตามแพ็กเกจ PC 1 ชั่วโมง คำตอบราคา: 70 บาท สำหรับกลุ่ม General Adult / บุคคลทั่วไป • คำนวณจาก 70 บาท/session x 1 session = 70 บาท กลุ่มผู้ใช้ที่ตรวจเจอ: General Adult / บุคคลทั่วไป รายละเอียดจากตาราง: PC 1 ชั่วโมง (1 คน) • PSU Student and Staff: 0 บาท • PSU Alumni and General Student: 25 บาท • General Adult: 70 บาท หมายเหตุข้อมูล PC: ราคา PC เพิ่มจาก local service fee update 2026-07-27 แหล่งข้อมูล: https://esports.computing.psu.ac.th/wp-content/uploads/2026/01/PSU-Esports-Studio-phuket-SERVICE-FEE-2026.png,pipeline:deterministic_calculator_fast,service_fee/service_fee_query,100.0,True,0.0176,1,,,
MB-0009-SF-009,service_fee,psu_fact,บุคคลทั่วไป เล่น PC 1 ชั่วโมง เสียกี่บาท,ระยะเวลาที่ถามคือ 1 ชั่วโมง ใช้ 1 session ตามแพ็กเกจ PC 1 ชั่วโมง คำตอบราคา: 70 บาท สำหรับกลุ่ม General Adult / บุคคลทั่วไป • คำนวณจาก 70 บาท/session x 1 session = 70 บาท กลุ่มผู้ใช้ที่ตรวจเจอ: General Adult / บุคคลทั่วไป รายละเอียดจากตาราง: PC 1 ชั่วโมง (1 คน) • PSU Student and Staff: 0 บาท • PSU Alumni and General Student: 25 บาท • General Adult: 70 บาท หมายเหตุข้อมูล PC: ราคา PC เพิ่มจาก local service fee update 2026-07-27 แหล่งข้อมูล: https://esports.computing.psu.ac.th/wp-content/uploads/2026/01/PSU-Esports-Studio-phuket-SERVICE-FEE-2026.png,pipeline:deterministic_calculator_fast,service_fee/service_fee_query,100.0,True,0.0187,1,,,
MB-0010-SF-010,service_fee,psu_fact,บุคคลทั่วไป เล่น PC 2 ชั่วโมง เสียกี่บาท,ระยะเวลาที่ถามคือ 2 ชั่วโมง ใช้ 2 session ตามแพ็กเกจ PC 1 ชั่วโมง คำตอบราคา: 140 บาท สำหรับกลุ่ม General Adult / บุคคลทั่วไป • คำนวณจาก 70 บาท/session x 2 session = 140 บาท กลุ่มผู้ใช้ที่ตรวจเจอ: General Adult / บุคคลทั่วไป รายละเอียดจากตาราง: PC 1 ชั่วโมง (1 คน) • PSU Student and Staff: 0 บาท • PSU Alumni and General Student: 25 บาท • General Adult: 70 บาท หมายเหตุข้อมูล PC: ราคา PC เพิ่มจาก local service fee update 2026-07-27 แหล่งข้อมูล: https://esports.computing.psu.ac.th/wp-content/uploads/2026/01/PSU-Esports-Studio-phuket-SERVICE-FEE-2026.png,pipeline:deterministic_calculator_fast,service_fee/service_fee_query,100.0,True,0.0172,1,,,
MB-0011-SF-011,service_fee,psu_fact,PS5 ราคาเท่าไหร่,"PlayStation 5 60 นาที (1 ชั่วโมง, 1-2 คน) • PSU Student and Staff: 0 บาท • PSU Alumni and General Student: 50 บาท • General Adult: 150 บาท แหล่งข้อมูล: https://esports.computing.psu.ac.th/wp-content/uploads/2026/01/PSU-Esports-Studio-phuket-SERVICE-FEE-2026.png",pipeline:deterministic_calculator_fast,service_fee/service_fee_query,100.0,True,0.0076,1,,,
MB-0012-SF-012,service_fee,psu_fact,นักศึกษา PSU เล่น PS5 30 นาที เสียกี่บาท,"ระยะเวลาที่ถามคือ 30 นาที ใช้ 1 session ตามแพ็กเกจ PlayStation 5 60 นาที คำตอบราคา: 0 บาท สำหรับกลุ่ม PSU Student and Staff • คำนวณจาก 0 บาท/session x 1 session = 0 บาท กลุ่มผู้ใช้ที่ตรวจเจอ: PSU Student and Staff รายละเอียดจากตาราง: PlayStation 5 60 นาที (1 ชั่วโมง, 1-2 คน) • PSU Student and Staff: 0 บาท • PSU Alumni and General Student: 50 บาท • General Adult: 150 บาท แหล่งข้อมูล: https://esports.computing.psu.ac.th/wp-content/uploads/2026/01/PSU-Esports-Studio-phuket-SERVICE-FEE-2026.png",pipeline:deterministic_calculator_fast,service_fee/service_fee_query,100.0,True,0.0139,1,,,
MB-0013-SF-013,service_fee,psu_fact,นักศึกษา PSU เล่น PS5 1 ชั่วโมง เสียกี่บาท,"ระยะเวลาที่ถามคือ 1 ชั่วโมง ใช้ 1 session ตามแพ็กเกจ PlayStation 5 60 นาที คำตอบราคา: 0 บาท สำหรับกลุ่ม PSU Student and Staff • คำนวณจาก 0 บาท/session x 1 session = 0 บาท กลุ่มผู้ใช้ที่ตรวจเจอ: PSU Student and Staff รายละเอียดจากตาราง: PlayStation 5 60 นาที (1 ชั่วโมง, 1-2 คน) • PSU Student and Staff: 0 บาท • PSU Alumni and General Student: 50 บาท • General Adult: 150 บาท แหล่งข้อมูล: https://esports.computing.psu.ac.th/wp-content/uploads/2026/01/PSU-Esports-Studio-phuket-SERVICE-FEE-2026.png",pipeline:deterministic_calculator_fast,service_fee/service_fee_query,100.0,True,0.0157,1,,,
MB-0014-SF-014,service_fee,psu_fact,นักศึกษา PSU เล่น PS5 2 ชั่วโมง เสียกี่บาท,"ระยะเวลาที่ถามคือ 2 ชั่วโมง ใช้ 2 session ตามแพ็กเกจ PlayStation 5 60 นาที คำตอบราคา: 0 บาท สำหรับกลุ่ม PSU Student and Staff • คำนวณจาก 0 บาท/session x 2 session = 0 บาท กลุ่มผู้ใช้ที่ตรวจเจอ: PSU Student and Staff รายละเอียดจากตาราง: PlayStation 5 60 นาที (1 ชั่วโมง, 1-2 คน) • PSU Student and Staff: 0 บาท • PSU Alumni and General Student: 50 บาท • General Adult: 150 บาท แหล่งข้อมูล: https://esports.computing.psu.ac.th/wp-content/uploads/2026/01/PSU-Esports-Studio-phuket-SERVICE-FEE-2026.png",pipeline:deterministic_calculator_fast,service_fee/service_fee_query,100.0,True,0.0138,1,,,
MB-0015-SF-015,service_fee,psu_fact,นักศึกษาต่างมหาลัย เล่น PS5 30 นาที เสียกี่บาท,"ระยะเวลาที่ถามคือ 30 นาที ใช้ 1 session ตามแพ็กเกจ PlayStation 5 60 นาที คำตอบราคา: 50 บาท สำหรับกลุ่ม PSU Alumni and General Student / นักศึกษาหรือนักเรียนต่างสถาบัน • คำนวณจาก 50 บาท/session x 1 session = 50 บาท กลุ่มผู้ใช้ที่ตรวจเจอ: PSU Alumni and General Student / นักศึกษาหรือนักเรียนต่างสถาบัน / มหาลัยอื่น รายละเอียดจากตาราง: PlayStation 5 60 นาที (1 ชั่วโมง, 1-2 คน) • PSU Student and Staff: 0 บาท • PSU Alumni and General Student: 50 บาท • General Adult: 150 บาท แหล่งข้อมูล: https://esports.computing.psu.ac.th/wp-content/uploads/2026/01/PSU-Esports-Studio-phuket-SERVICE-FEE-2026.png",pipeline:deterministic_calculator_fast,service_fee/service_fee_query,100.0,True,0.015,1,,,
MB-0016-SF-016,service_fee,psu_fact,นักศึกษาต่างมหาลัย เล่น PS5 1 ชั่วโมง เสียกี่บาท,"ระยะเวลาที่ถามคือ 1 ชั่วโมง ใช้ 1 session ตามแพ็กเกจ PlayStation 5 60 นาที คำตอบราคา: 50 บาท สำหรับกลุ่ม PSU Alumni and General Student / นักศึกษาหรือนักเรียนต่างสถาบัน • คำนวณจาก 50 บาท/session x 1 session = 50 บาท กลุ่มผู้ใช้ที่ตรวจเจอ: PSU Alumni and General Student / นักศึกษาหรือนักเรียนต่างสถาบัน / มหาลัยอื่น รายละเอียดจากตาราง: PlayStation 5 60 นาที (1 ชั่วโมง, 1-2 คน) • PSU Student and Staff: 0 บาท • PSU Alumni and General Student: 50 บาท • General Adult: 150 บาท แหล่งข้อมูล: https://esports.computing.psu.ac.th/wp-content/uploads/2026/01/PSU-Esports-Studio-phuket-SERVICE-FEE-2026.png",pipeline:deterministic_calculator_fast,service_fee/service_fee_query,100.0,True,0.0128,1,,,
MB-0017-SF-017,service_fee,psu_fact,นักศึกษาต่างมหาลัย เล่น PS5 2 ชั่วโมง เสียกี่บาท,"ระยะเวลาที่ถามคือ 2 ชั่วโมง ใช้ 2 session ตามแพ็กเกจ PlayStation 5 60 นาที คำตอบราคา: 100 บาท สำหรับกลุ่ม PSU Alumni and General Student / นักศึกษาหรือนักเรียนต่างสถาบัน • คำนวณจาก 50 บาท/session x 2 session = 100 บาท กลุ่มผู้ใช้ที่ตรวจเจอ: PSU Alumni and General Student / นักศึกษาหรือนักเรียนต่างสถาบัน / มหาลัยอื่น รายละเอียดจากตาราง: PlayStation 5 60 นาที (1 ชั่วโมง, 1-2 คน) • PSU Student and Staff: 0 บาท • PSU Alumni and General Student: 50 บาท • General Adult: 150 บาท แหล่งข้อมูล: https://esports.computing.psu.ac.th/wp-content/uploads/2026/01/PSU-Esports-Studio-phuket-SERVICE-FEE-2026.png",pipeline:deterministic_calculator_fast,service_fee/service_fee_query,100.0,True,0.013,1,,,
MB-0018-SF-018,service_fee,psu_fact,บุคคลทั่วไป เล่น PS5 30 นาที เสียกี่บาท,"ระยะเวลาที่ถามคือ 30 นาที ใช้ 1 session ตามแพ็กเกจ PlayStation 5 60 นาที คำตอบราคา: 150 บาท สำหรับกลุ่ม General Adult / บุคคลทั่วไป • คำนวณจาก 150 บาท/session x 1 session = 150 บาท กลุ่มผู้ใช้ที่ตรวจเจอ: General Adult / บุคคลทั่วไป รายละเอียดจากตาราง: PlayStation 5 60 นาที (1 ชั่วโมง, 1-2 คน) • PSU Student and Staff: 0 บาท • PSU Alumni and General Student: 50 บาท • General Adult: 150 บาท แหล่งข้อมูล: https://esports.computing.psu.ac.th/wp-content/uploads/2026/01/PSU-Esports-Studio-phuket-SERVICE-FEE-2026.png",pipeline:deterministic_calculator_fast,service_fee/service_fee_query,100.0,True,0.0125,1,,,
MB-0019-SF-019,service_fee,psu_fact,บุคคลทั่วไป เล่น PS5 1 ชั่วโมง เสียกี่บาท,"ระยะเวลาที่ถามคือ 1 ชั่วโมง ใช้ 1 session ตามแพ็กเกจ PlayStation 5 60 นาที คำตอบราคา: 150 บาท สำหรับกลุ่ม General Adult / บุคคลทั่วไป • คำนวณจาก 150 บาท/session x 1 session = 150 บาท กลุ่มผู้ใช้ที่ตรวจเจอ: General Adult / บุคคลทั่วไป รายละเอียดจากตาราง: PlayStation 5 60 นาที (1 ชั่วโมง, 1-2 คน) • PSU Student and Staff: 0 บาท • PSU Alumni and General Student: 50 บาท • General Adult: 150 บาท แหล่งข้อมูล: https://esports.computing.psu.ac.th/wp-content/uploads/2026/01/PSU-Esports-Studio-phuket-SERVICE-FEE-2026.png",pipeline:deterministic_calculator_fast,service_fee/service_fee_query,100.0,True,0.0137,1,,,
MB-0020-SF-020,service_fee,psu_fact,บุคคลทั่วไป เล่น PS5 2 ชั่วโมง เสียกี่บาท,"ระยะเวลาที่ถามคือ 2 ชั่วโมง ใช้ 2 session ตามแพ็กเกจ PlayStation 5 60 นาที คำตอบราคา: 300 บาท สำหรับกลุ่ม General Adult / บุคคลทั่วไป • คำนวณจาก 150 บาท/session x 2 session = 300 บาท กลุ่มผู้ใช้ที่ตรวจเจอ: General Adult / บุคคลทั่วไป รายละเอียดจากตาราง: PlayStation 5 60 นาที (1 ชั่วโมง, 1-2 คน) • PSU Student and Staff: 0 บาท • PSU Alumni and General Student: 50 บาท • General Adult: 150 บาท แหล่งข้อมูล: https://esports.computing.psu.ac.th/wp-content/uploads/2026/01/PSU-Esports-Studio-phuket-SERVICE-FEE-2026.png",pipeline:deterministic_calculator_fast,service_fee/service_fee_query,100.0,True,0.0165,1,,,
MB-0021-SF-021,service_fee,psu_fact,Nintendo Switch ราคาเท่าไหร่,Nintendo Switch 1-2 คน 60 นาที (1 ชั่วโมง) • PSU Student and Staff: 0 บาท • PSU Alumni and General Student: 50 บาท • General Adult: 140 บาท Nintendo Switch 3-4 คน 60 นาที (1 ชั่วโมง) • PSU Student and Staff: 0 บาท • PSU Alumni and General Student: 100 บาท • General Adult: 280 บาท แหล่งข้อมูล: https://esports.computing.psu.ac.th/wp-content/uploads/2026/01/PSU-Esports-Studio-phuket-SERVICE-FEE-2026.png,pipeline:deterministic_calculator_fast,service_fee/service_fee_query,100.0,True,0.0083,1,,,
MB-0022-SF-022,service_fee,psu_fact,นักศึกษา PSU เล่น Nintendo Switch 30 นาที เสียกี่บาท,ราคา Nintendo Switch สำหรับกลุ่ม PSU Student and Staff • Nintendo Switch 1-2 คน: 0 บาท • Nintendo Switch 3-4 คน: 0 บาท กลุ่มผู้ใช้ที่ตรวจเจอ: PSU Student and Staff หมายเหตุ: คำถามยังไม่ระบุจำนวนผู้เล่น จึงแสดงทั้งราคา 1-2 คนและ 3-4 คน รายละเอียดจากตาราง: Nintendo Switch 1-2 คน 60 นาที (1 ชั่วโมง) • PSU Student and Staff: 0 บาท • PSU Alumni and General Student: 50 บาท • General Adult: 140 บาท Nintendo Switch 3-4 คน 60 นาที (1 ชั่วโมง) • PSU Student and Staff: 0 บาท • PSU Alumni and General Student: 100 บาท • General Adult: 280 บาท แหล่งข้อมูล: https://esports.computing.psu.ac.th/wp-content/uploads/2026/01/PSU-Esports-Studio-phuket-SERVICE-FEE-2026.png,pipeline:deterministic_calculator_fast,service_fee/service_fee_query,100.0,True,0.0155,0,,,
MB-0023-SF-023,service_fee,psu_fact,นักศึกษา PSU เล่น Nintendo Switch 1 ชั่วโมง เสียกี่บาท,ราคา Nintendo Switch สำหรับกลุ่ม PSU Student and Staff • Nintendo Switch 1-2 คน: 0 บาท • Nintendo Switch 3-4 คน: 0 บาท กลุ่มผู้ใช้ที่ตรวจเจอ: PSU Student and Staff หมายเหตุ: คำถามยังไม่ระบุจำนวนผู้เล่น จึงแสดงทั้งราคา 1-2 คนและ 3-4 คน รายละเอียดจากตาราง: Nintendo Switch 1-2 คน 60 นาที (1 ชั่วโมง) • PSU Student and Staff: 0 บาท • PSU Alumni and General Student: 50 บาท • General Adult: 140 บาท Nintendo Switch 3-4 คน 60 นาที (1 ชั่วโมง) • PSU Student and Staff: 0 บาท • PSU Alumni and General Student: 100 บาท • General Adult: 280 บาท แหล่งข้อมูล: https://esports.computing.psu.ac.th/wp-content/uploads/2026/01/PSU-Esports-Studio-phuket-SERVICE-FEE-2026.png,pipeline:deterministic_calculator_fast,service_fee/service_fee_query,100.0,True,0.0152,0,,,
MB-0024-SF-024,service_fee,psu_fact,นักศึกษา PSU เล่น Nintendo Switch 2 ชั่วโมง เสียกี่บาท,ราคา Nintendo Switch สำหรับกลุ่ม PSU Student and Staff • Nintendo Switch 1-2 คน: 0 บาท • Nintendo Switch 3-4 คน: 0 บาท กลุ่มผู้ใช้ที่ตรวจเจอ: PSU Student and Staff หมายเหตุ: คำถามยังไม่ระบุจำนวนผู้เล่น จึงแสดงทั้งราคา 1-2 คนและ 3-4 คน รายละเอียดจากตาราง: Nintendo Switch 1-2 คน 60 นาที (1 ชั่วโมง) • PSU Student and Staff: 0 บาท • PSU Alumni and General Student: 50 บาท • General Adult: 140 บาท Nintendo Switch 3-4 คน 60 นาที (1 ชั่วโมง) • PSU Student and Staff: 0 บาท • PSU Alumni and General Student: 100 บาท • General Adult: 280 บาท แหล่งข้อมูล: https://esports.computing.psu.ac.th/wp-content/uploads/2026/01/PSU-Esports-Studio-phuket-SERVICE-FEE-2026.png,pipeline:deterministic_calculator_fast,service_fee/service_fee_query,100.0,True,0.0143,0,,,
MB-0025-SF-025,service_fee,psu_fact,นักศึกษาต่างมหาลัย เล่น Nintendo Switch 30 นาที เสียกี่บาท,ราคา Nintendo Switch สำหรับกลุ่ม PSU Alumni and General Student / นักศึกษาหรือนักเรียนต่างสถาบัน • Nintendo Switch 1-2 คน: 50 บาท • Nintendo Switch 3-4 คน: 100 บาท กลุ่มผู้ใช้ที่ตรวจเจอ: PSU Alumni and General Student / นักศึกษาหรือนักเรียนต่างสถาบัน / มหาลัยอื่น หมายเหตุ: คำถามยังไม่ระบุจำนวนผู้เล่น จึงแสดงทั้งราคา 1-2 คนและ 3-4 คน รายละเอียดจากตาราง: Nintendo Switch 1-2 คน 60 นาที (1 ชั่วโมง) • PSU Student and Staff: 0 บาท • PSU Alumni and General Student: 50 บาท • General Adult: 140 บาท Nintendo Switch 3-4 คน 60 นาที (1 ชั่วโมง) • PSU Student and Staff: 0 บาท • PSU Alumni and General Student: 100 บาท • General Adult: 280 บาท แหล่งข้อมูล: https://esports.computing.psu.ac.th/wp-content/uplo,pipeline:deterministic_calculator_fast,service_fee/service_fee_query,100.0,True,0.0161,0,,,
